dataset,planning_seed,planning_mode,w,p_d,tau,P_detect,RMST,L,exposure_multiplicity,revisit_fraction,observed_cells,T,H,T_common,H_common,actual_distance_total,planner_wall_time,number_of_replans,initial_positions,initial_positions_hash,trajectory_hash,simulation_victim_model,evaluation_victim_model,victim_sampling_model,evaluation_num_victims,simulation_num_victims,condition_key,condition_key_hash,environment_type,environment_climate,prior_support,prior_entropy,implementation_version,git_commit,source_hash,experiment_id,config_hash,victim_seed,sensor_seed,distribution_seed,failure_seed,belief_model,fix_profile,behavior_profile,num_drones,budget,size,fov_deg,altitude,drone_speed,victim_speed,dt
1,45,online_static_3step,0.5,0.8,10000.0,0.15108230152419047,7560.183042027886,0.15121713552208552,48.3993851313583,0.9793385804946498,3578,8669,8670,8669,8670,200017.23400304257,380.4902595146559,3929,"[[520594.86011050467,5662879.965744384],[520667.7347539138,5662822.443784041],[520571.91917911393,5662906.536769972],[520682.0505419891,5662838.300736998],[520591.23509777116,5662956.723982938]]",ca931493022139a148c52ef6d877841359de94e3965a4155825ef527a006aee9,57f64cab67d95fb323797b6f99e5c2399ca70ce0ed5ce10f00973a0411795f94,none,stationary,matched_prior_exact,1,0,"{""p_d"":0.8,""stage"":""c5-generalization"",""tau"":10000.0,""w"":0.5}",eeba6ec6b36996a8c22ff4c80fa204cd0d918597f69b98666fd42b58b41ef8c4,flat,temperate,269479,11.611788128072533,revision_C_base@2ce3a901fecb,2ce3a901fecb5ddde502d0a5eeffb8f48d73c5fd,fab97b80b871eeeac68aa1d75a33173cb368895f3e96803690e3cbc0acb1147d,c5-generalization_20260827_181139_043334_662411fc,662411fc2c56d0c02ce05c695ea52935ceb8d74da8d3bb51759e41a06bd0b419,none,none,none,none,evidence,revision_B_base,revision_B_base,5,200000.0,xlarge,45.0,80.0,5.0,0.5,1.0
1,45,dynamic_3step,0.5,0.8,10000.0,0.36217056218730864,6779.484865222071,0.3624962066517237,12.180301941049605,0.9179002290058313,13910,8508,8509,8669,8670,200000.05829476897,423.65703835873865,3893,"[[520594.86011050467,5662879.965744384],[520667.7347539138,5662822.443784041],[520571.91917911393,5662906.536769972],[520682.0505419891,5662838.300736998],[520591.23509777116,5662956.723982938]]",ca931493022139a148c52ef6d877841359de94e3965a4155825ef527a006aee9,77fc062aad21d5c7b7e190751b19404242d07b25314255217fd149f4ba4563aa,none,stationary,matched_prior_exact,1,0,"{""p_d"":0.8,""stage"":""c5-generalization"",""tau"":10000.0,""w"":0.5}",eeba6ec6b36996a8c22ff4c80fa204cd0d918597f69b98666fd42b58b41ef8c4,flat,temperate,269479,11.611788128072533,revision_C_base@2ce3a901fecb,2ce3a901fecb5ddde502d0a5eeffb8f48d73c5fd,fab97b80b871eeeac68aa1d75a33173cb368895f3e96803690e3cbc0acb1147d,c5-generalization_20260827_181139_043334_662411fc,662411fc2c56d0c02ce05c695ea52935ceb8d74da8d3bb51759e41a06bd0b419,none,none,none,none,evidence,revision_B_base,revision_B_base,5,200000.0,xlarge,45.0,80.0,5.0,0.5,1.0
1,42,online_static_3step,0.5,0.8,10000.0,0.22922920578577377,7269.432917237908,0.22946107417453482,26.572261429886467,0.9623667709788797,6518,8676,8677,8676,8677,200022.46158781106,407.10811659973115,4219,"[[520669.9511760232,5662846.707767202],[520712.6785931303,5662847.395729886],[520741.99673526455,5662967.3026087405],[520666.2176493371,5662823.763432814],[520706.5342354978,5662960.580354788]]",e1541ec4c3203a188985ea123665c7c591f0a562c0e752375a546fd88a55f8b9,999baefbe15b45509ad10352e98af31e681a65799212995e70486c1165857a61,none,stationary,matched_prior_exact,1,0,"{""p_d"":0.8,""stage"":""c5-generalization"",""tau"":10000.0,""w"":0.5}",eeba6ec6b36996a8c22ff4c80fa204cd0d918597f69b98666fd42b58b41ef8c4,flat,temperate,269479,11.611788128072533,revision_C_base@2ce3a901fecb,2ce3a901fecb5ddde502d0a5eeffb8f48d73c5fd,fab97b80b871eeeac68aa1d75a33173cb368895f3e96803690e3cbc0acb1147d,c5-generalization_20260827_181139_043334_662411fc,662411fc2c56d0c02ce05c695ea52935ceb8d74da8d3bb51759e41a06bd0b419,none,none,none,none,evidence,revision_B_base,revision_B_base,5,200000.0,xlarge,45.0,80.0,5.0,0.5,1.0
1,42,dynamic_3step,0.5,0.8,10000.0,0.3688016337052081,6734.613978532757,0.3692315003426831,11.750780978826796,0.9148992733502688,14405,8501,8502,8676,8677,200005.17970534146,424.19235781393945,3967,"[[520669.9511760232,5662846.707767202],[520712.6785931303,5662847.395729886],[520741.99673526455,5662967.3026087405],[520666.2176493371,5662823.763432814],[520706.5342354978,5662960.580354788]]",e1541ec4c3203a188985ea123665c7c591f0a562c0e752375a546fd88a55f8b9,e0670cd592efa42f2c965d6a2b123d419255db52c175aaf2f6987ab78d7ef01c,none,stationary,matched_prior_exact,1,0,"{""p_d"":0.8,""stage"":""c5-generalization"",""tau"":10000.0,""w"":0.5}",eeba6ec6b36996a8c22ff4c80fa204cd0d918597f69b98666fd42b58b41ef8c4,flat,temperate,269479,11.611788128072533,revision_C_base@2ce3a901fecb,2ce3a901fecb5ddde502d0a5eeffb8f48d73c5fd,fab97b80b871eeeac68aa1d75a33173cb368895f3e96803690e3cbc0acb1147d,c5-generalization_20260827_181139_043334_662411fc,662411fc2c56d0c02ce05c695ea52935ceb8d74da8d3bb51759e41a06bd0b419,none,none,none,none,evidence,revision_B_base,revision_B_base,5,200000.0,xlarge,45.0,80.0,5.0,0.5,1.0
1,51,online_static_3step,0.5,0.8,10000.0,0.2205543018396447,7509.282894872386,0.22076569450236122,28.973152191492805,0.9654852881249966,6183,8975,8976,8975,8976,200013.3662323596,346.48162174387835,3549,"[[520711.8522611355,5662892.597864088],[520658.5627617937,5662959.366663233],[520670.5155692668,5662866.853961261],[520689.3788789926,5662831.804692118],[520598.1880891093,5662945.3050262295]]",6fd43b0bf15e2a3328db22762d4ed33f7ce69b03a8096df04e90603800be5e91,1863098a13672c53ba68ec8e812057202fb714411c72e8fd09b8b9bd43fa01c5,none,stationary,matched_prior_exact,1,0,"{""p_d"":0.8,""stage"":""c5-generalization"",""tau"":10000.0,""w"":0.5}",eeba6ec6b36996a8c22ff4c80fa204cd0d918597f69b98666fd42b58b41ef8c4,flat,temperate,269479,11.611788128072533,revision_C_base@2ce3a901fecb,2ce3a901fecb5ddde502d0a5eeffb8f48d73c5fd,fab97b80b871eeeac68aa1d75a33173cb368895f3e96803690e3cbc0acb1147d,c5-generalization_20260827_181139_043334_662411fc,662411fc2c56d0c02ce05c695ea52935ceb8d74da8d3bb51759e41a06bd0b419,none,none,none,none,evidence,revision_B_base,revision_B_base,5,200000.0,xlarge,45.0,80.0,5.0,0.5,1.0
1,51,dynamic_3step,0.5,0.8,10000.0,0.3646539491883437,6908.008516551337,0.3650127068700759,11.897232368642877,0.9159468379691679,14236,8509,8510,8975,8976,200008.2785282884,436.8547855189536,4061,"[[520711.8522611355,5662892.597864088],[520658.5627617937,5662959.366663233],[520670.5155692668,5662866.853961261],[520689.3788789926,5662831.804692118],[520598.1880891093,5662945.3050262295]]",6fd43b0bf15e2a3328db22762d4ed33f7ce69b03a8096df04e90603800be5e91,a87414458ca8493b96ff01464b4294ed426935680d2a37f2b90633a882474153,none,stationary,matched_prior_exact,1,0,"{""p_d"":0.8,""stage"":""c5-generalization"",""tau"":10000.0,""w"":0.5}",eeba6ec6b36996a8c22ff4c80fa204cd0d918597f69b98666fd42b58b41ef8c4,flat,temperate,269479,11.611788128072533,revision_C_base@2ce3a901fecb,2ce3a901fecb5ddde502d0a5eeffb8f48d73c5fd,fab97b80b871eeeac68aa1d75a33173cb368895f3e96803690e3cbc0acb1147d,c5-generalization_20260827_181139_043334_662411fc,662411fc2c56d0c02ce05c695ea52935ceb8d74da8d3bb51759e41a06bd0b419,none,none,none,none,evidence,revision_B_base,revision_B_base,5,200000.0,xlarge,45.0,80.0,5.0,0.5,1.0
1,46,online_static_3step,0.5,0.8,10000.0,0.25555156136819646,7172.242389132364,0.25581766724835997,22.55229357798165,0.9556586119925149,7630,8625,8626,8625,8626,200017.97112690134,403.1078805422876,4148,"[[520683.0606025209,5662896.673861332],[520648.8717985227,5662990.272526192],[520686.69451162766,5662900.4684148645],[520599.4214516467,5662848.301367384],[520573.724335097,5662905.991302054]]",c3a107a1fc646545ced1bed510f83f2557068c38968fadd0196b04e59ec82149,5f5e07af683d2d05ef33e0229b0385136fc24d439c7dafe91c23a0b4430c5669,none,stationary,matched_prior_exact,1,0,"{""p_d"":0.8,""stage"":""c5-generalization"",""tau"":10000.0,""w"":0.5}",eeba6ec6b36996a8c22ff4c80fa204cd0d918597f69b98666fd42b58b41ef8c4,flat,temperate,269479,11.611788128072533,revision_C_base@2ce3a901fecb,2ce3a901fecb5ddde502d0a5eeffb8f48d73c5fd,fab97b80b871eeeac68aa1d75a33173cb368895f3e96803690e3cbc0acb1147d,c5-generalization_20260827_181139_043334_662411fc,662411fc2c56d0c02ce05c695ea52935ceb8d74da8d3bb51759e41a06bd0b419,none,none,none,none,evidence,revision_B_base,revision_B_base,5,200000.0,xlarge,45.0,80.0,5.0,0.5,1.0
1,46,dynamic_3step,0.5,0.8,10000.0,0.3236052126431871,6971.6734117645055,0.32384958123177887,14.64469938756146,0.9317159080199793,11593,8522,8523,8625,8626,200018.8445497253,437.50289303297177,4081,"[[520683.0606025209,5662896.673861332],[520648.8717985227,5662990.272526192],[520686.69451162766,5662900.4684148645],[520599.4214516467,5662848.301367384],[520573.724335097,5662905.991302054]]",c3a107a1fc646545ced1bed510f83f2557068c38968fadd0196b04e59ec82149,b44436d8ebd0be21d4223f47e3a208c0bc8099ec1fa7d03293df3c9fd9777bb5,none,stationary,matched_prior_exact,1,0,"{""p_d"":0.8,""stage"":""c5-generalization"",""tau"":10000.0,""w"":0.5}",eeba6ec6b36996a8c22ff4c80fa204cd0d918597f69b98666fd42b58b41ef8c4,flat,temperate,269479,11.611788128072533,revision_C_base@2ce3a901fecb,2ce3a901fecb5ddde502d0a5eeffb8f48d73c5fd,fab97b80b871eeeac68aa1d75a33173cb368895f3e96803690e3cbc0acb1147d,c5-generalization_20260827_181139_043334_662411fc,662411fc2c56d0c02ce05c695ea52935ceb8d74da8d3bb51759e41a06bd0b419,none,none,none,none,evidence,revision_B_base,revision_B_base,5,200000.0,xlarge,45.0,80.0,5.0,0.5,1.0
1,44,online_static_3step,0.5,0.8,10000.0,0.23602856324517463,7209.027151718776,0.23623932739904632,25.704022561971204,0.9610955834796268,6737,8675,8676,8675,8676,200016.18080390524,412.6985668281559,4234,"[[520696.4868621241,5662947.577361604],[520578.32640263636,5662967.147165437],[520708.48603658227,5662991.097060128],[520690.22232444835,5662961.878196735],[520625.57199829567,5662841.645476752]]",2dab5376247a9528a31142c1fd9440d80012f57468cb93f8a65ac77b40067382,eaf2605b76980bd0aab2c64a463bf2d95aac80b8cb061aa192e21e56af7f46e7,none,stationary,matched_prior_exact,1,0,"{""p_d"":0.8,""stage"":""c5-generalization"",""tau"":10000.0,""w"":0.5}",eeba6ec6b36996a8c22ff4c80fa204cd0d918597f69b98666fd42b58b41ef8c4,flat,temperate,269479,11.611788128072533,revision_C_base@2ce3a901fecb,2ce3a901fecb5ddde502d0a5eeffb8f48d73c5fd,fab97b80b871eeeac68aa1d75a33173cb368895f3e96803690e3cbc0acb1147d,c5-generalization_20260827_181139_043334_662411fc,662411fc2c56d0c02ce05c695ea52935ceb8d74da8d3bb51759e41a06bd0b419,none,none,none,none,evidence,revision_B_base,revision_B_base,5,200000.0,xlarge,45.0,80.0,5.0,0.5,1.0
1,44,dynamic_3step,0.5,0.8,10000.0,0.35436695188503564,6966.150879575487,0.354700030125486,12.625307766917855,0.9207940100580911,13403,8502,8503,8675,8676,200008.03964414523,430.75324653903954,4035,"[[520696.4868621241,5662947.577361604],[520578.32640263636,5662967.147165437],[520708.48603658227,5662991.097060128],[520690.22232444835,5662961.878196735],[520625.57199829567,5662841.645476752]]",2dab5376247a9528a31142c1fd9440d80012f57468cb93f8a65ac77b40067382,b06f496e1139be53ba238524d9c743a507805e81a1caeb39959f91a2400bcabb,none,stationary,matched_prior_exact,1,0,"{""p_d"":0.8,""stage"":""c5-generalization"",""tau"":10000.0,""w"":0.5}",eeba6ec6b36996a8c22ff4c80fa204cd0d918597f69b98666fd42b58b41ef8c4,flat,temperate,269479,11.611788128072533,revision_C_base@2ce3a901fecb,2ce3a901fecb5ddde502d0a5eeffb8f48d73c5fd,fab97b80b871eeeac68aa1d75a33173cb368895f3e96803690e3cbc0acb1147d,c5-generalization_20260827_181139_043334_662411fc,662411fc2c56d0c02ce05c695ea52935ceb8d74da8d3bb51759e41a06bd0b419,none,none,none,none,evidence,revision_B_base,revision_B_base,5,200000.0,xlarge,45.0,80.0,5.0,0.5,1.0
1,50,online_static_3step,0.5,0.8,10000.0,0.26637741129962206,7011.539375879726,0.2666641613865976,20.74228675136116,0.9517893079009537,8265,8592,8593,8592,8593,200021.92650824538,403.8514762602281,4166,"[[520681.28884999023,5662823.413556474],[520565.7892566675,5662882.956006011],[520666.6634226377,5662992.363089708],[520728.41903202015,5662941.820064784],[520617.85019205464,5662941.898483964]]",0bcd08d9c5dd844ced37907c5e74335e22a8594076973ffb45d7b8eedb9ffc21,96b07802bb5dce5d01e5a7ee651a16d4b74df71e58cfbd3da20a5785c45e0bb2,none,stationary,matched_prior_exact,1,0,"{""p_d"":0.8,""stage"":""c5-generalization"",""tau"":10000.0,""w"":0.5}",eeba6ec6b36996a8c22ff4c80fa204cd0d918597f69b98666fd42b58b41ef8c4,flat,temperate,269479,11.611788128072533,revision_C_base@2ce3a901fecb,2ce3a901fecb5ddde502d0a5eeffb8f48d73c5fd,fab97b80b871eeeac68aa1d75a33173cb368895f3e96803690e3cbc0acb1147d,c5-generalization_20260827_181139_043334_662411fc,662411fc2c56d0c02ce05c695ea52935ceb8d74da8d3bb51759e41a06bd0b419,none,none,none,none,evidence,revision_B_base,revision_B_base,5,200000.0,xlarge,45.0,80.0,5.0,0.5,1.0
1,50,dynamic_3step,0.5,0.8,10000.0,0.34484019690761136,6759.250457517218,0.3450994466040363,13.794802867383513,0.9275089314712569,12276,8505,8506,8592,8593,200018.1961092048,448.03715978981927,4149,"[[520681.28884999023,5662823.413556474],[520565.7892566675,5662882.956006011],[520666.6634226377,5662992.363089708],[520728.41903202015,5662941.820064784],[520617.85019205464,5662941.898483964]]",0bcd08d9c5dd844ced37907c5e74335e22a8594076973ffb45d7b8eedb9ffc21,ea8f22f46cad0d0e780da0ae680824271ef53bb5968da8793923332bd3927f4a,none,stationary,matched_prior_exact,1,0,"{""p_d"":0.8,""stage"":""c5-generalization"",""tau"":10000.0,""w"":0.5}",eeba6ec6b36996a8c22ff4c80fa204cd0d918597f69b98666fd42b58b41ef8c4,flat,temperate,269479,11.611788128072533,revision_C_base@2ce3a901fecb,2ce3a901fecb5ddde502d0a5eeffb8f48d73c5fd,fab97b80b871eeeac68aa1d75a33173cb368895f3e96803690e3cbc0acb1147d,c5-generalization_20260827_181139_043334_662411fc,662411fc2c56d0c02ce05c695ea52935ceb8d74da8d3bb51759e41a06bd0b419,none,none,none,none,evidence,revision_B_base,revision_B_base,5,200000.0,xlarge,45.0,80.0,5.0,0.5,1.0
1,49,online_static_3step,0.5,0.8,10000.0,0.22304104132884917,7291.285452863959,0.22323438669900544,27.639562911778885,0.9638199777908268,6223,8618,8619,8618,8619,200008.59743877704,403.8801183346659,4174,"[[520609.86604198645,5662970.662074452],[520598.553868358,5662961.797541534],[520653.51501144096,5662902.532887409],[520676.4538689765,5662813.7821344],[520626.6578384796,5662910.2576500075]]",8542f702a4f00f38f331770accdb832ab7fd5821d0a61dc5c15feb3cec0e38d0,8b8b506f25276463adaefb0513aae2c6156dcb92c81c84bc243c3be40f166773,none,stationary,matched_prior_exact,1,0,"{""p_d"":0.8,""stage"":""c5-generalization"",""tau"":10000.0,""w"":0.5}",eeba6ec6b36996a8c22ff4c80fa204cd0d918597f69b98666fd42b58b41ef8c4,flat,temperate,269479,11.611788128072533,revision_C_base@2ce3a901fecb,2ce3a901fecb5ddde502d0a5eeffb8f48d73c5fd,fab97b80b871eeeac68aa1d75a33173cb368895f3e96803690e3cbc0acb1147d,c5-generalization_20260827_181139_043334_662411fc,662411fc2c56d0c02ce05c695ea52935ceb8d74da8d3bb51759e41a06bd0b419,none,none,none,none,evidence,revision_B_base,revision_B_base,5,200000.0,xlarge,45.0,80.0,5.0,0.5,1.0
1,49,dynamic_3step,0.5,0.8,10000.0,0.36825213088207714,6699.238781638727,0.36858245583078203,11.591065056272303,0.9137266510760487,14572,8491,8492,8618,8619,200005.7995939236,434.257009988185,4006,"[[520609.86604198645,5662970.662074452],[520598.553868358,5662961.797541534],[520653.51501144096,5662902.532887409],[520676.4538689765,5662813.7821344],[520626.6578384796,5662910.2576500075]]",8542f702a4f00f38f331770accdb832ab7fd5821d0a61dc5c15feb3cec0e38d0,ed2cefcc4d675ef28583e4d054ef920a799101a16c6cbb83014eb3c50e5b7f35,none,stationary,matched_prior_exact,1,0,"{""p_d"":0.8,""stage"":""c5-generalization"",""tau"":10000.0,""w"":0.5}",eeba6ec6b36996a8c22ff4c80fa204cd0d918597f69b98666fd42b58b41ef8c4,flat,temperate,269479,11.611788128072533,revision_C_base@2ce3a901fecb,2ce3a901fecb5ddde502d0a5eeffb8f48d73c5fd,fab97b80b871eeeac68aa1d75a33173cb368895f3e96803690e3cbc0acb1147d,c5-generalization_20260827_181139_043334_662411fc,662411fc2c56d0c02ce05c695ea52935ceb8d74da8d3bb51759e41a06bd0b419,none,none,none,none,evidence,revision_B_base,revision_B_base,5,200000.0,xlarge,45.0,80.0,5.0,0.5,1.0
1,47,online_static_3step,0.5,0.8,10000.0,0.23512107309662075,7532.933011982638,0.2354270145517172,26.513666072489602,0.9622836013222029,6732,8942,8943,8942,8943,200016.91726904368,396.4174379473552,4051,"[[520655.5473522094,5662825.507658554],[520628.5784474643,5662919.196559933],[520715.42801326327,5662900.496038994],[520688.45327700884,5663000.348420152],[520617.8247240626,5662908.713604079]]",2fe61a766d51c57514713696731290ae92df7697333ae2dbc77e0f14e0d3ee88,945e7e9fd67b41086dc68f14f07e8ef7a191677eea00a4ae9cf1208072bb30d5,none,stationary,matched_prior_exact,1,0,"{""p_d"":0.8,""stage"":""c5-generalization"",""tau"":10000.0,""w"":0.5}",eeba6ec6b36996a8c22ff4c80fa204cd0d918597f69b98666fd42b58b41ef8c4,flat,temperate,269479,11.611788128072533,revision_C_base@2ce3a901fecb,2ce3a901fecb5ddde502d0a5eeffb8f48d73c5fd,fab97b80b871eeeac68aa1d75a33173cb368895f3e96803690e3cbc0acb1147d,c5-generalization_20260827_181139_043334_662411fc,662411fc2c56d0c02ce05c695ea52935ceb8d74da8d3bb51759e41a06bd0b419,none,none,none,none,evidence,revision_B_base,revision_B_base,5,200000.0,xlarge,45.0,80.0,5.0,0.5,1.0
1,47,dynamic_3step,0.5,0.8,10000.0,0.3509255692111265,6995.113061721399,0.35125570884751,12.976128538638102,0.9229354119741978,13070,8512,8513,8942,8943,200017.13150016422,432.5721792182885,3984,"[[520655.5473522094,5662825.507658554],[520628.5784474643,5662919.196559933],[520715.42801326327,5662900.496038994],[520688.45327700884,5663000.348420152],[520617.8247240626,5662908.713604079]]",2fe61a766d51c57514713696731290ae92df7697333ae2dbc77e0f14e0d3ee88,d420e0cee27147ab60bf9cb53e566d93c9f557daac21255066aadca458fa9f09,none,stationary,matched_prior_exact,1,0,"{""p_d"":0.8,""stage"":""c5-generalization"",""tau"":10000.0,""w"":0.5}",eeba6ec6b36996a8c22ff4c80fa204cd0d918597f69b98666fd42b58b41ef8c4,flat,temperate,269479,11.611788128072533,revision_C_base@2ce3a901fecb,2ce3a901fecb5ddde502d0a5eeffb8f48d73c5fd,fab97b80b871eeeac68aa1d75a33173cb368895f3e96803690e3cbc0acb1147d,c5-generalization_20260827_181139_043334_662411fc,662411fc2c56d0c02ce05c695ea52935ceb8d74da8d3bb51759e41a06bd0b419,none,none,none,none,evidence,revision_B_base,revision_B_base,5,200000.0,xlarge,45.0,80.0,5.0,0.5,1.0
1,48,online_static_3step,0.5,0.8,10000.0,0.3086344090292843,6913.713752991634,0.3090139757042794,16.098961231682434,0.9378841910599784,10782,8709,8710,8709,8710,200002.88834325608,430.64105003513396,4320,"[[520601.26125446317,5662962.26140178],[520576.994053098,5662904.989472677],[520606.5952474223,5662836.198260312],[520598.62839204696,5662873.333030157],[520666.2597041656,5662866.748449267]]",4aae7d3fd5610a876fe9bbaab463a83d8aeb4baf283a46ff967cce3f9e26de26,a583f88973a6a9c49da4c4f06f4cf1b042b5937f67b1cfaae6e25633d7e10c9c,none,stationary,matched_prior_exact,1,0,"{""p_d"":0.8,""stage"":""c5-generalization"",""tau"":10000.0,""w"":0.5}",eeba6ec6b36996a8c22ff4c80fa204cd0d918597f69b98666fd42b58b41ef8c4,flat,temperate,269479,11.611788128072533,revision_C_base@2ce3a901fecb,2ce3a901fecb5ddde502d0a5eeffb8f48d73c5fd,fab97b80b871eeeac68aa1d75a33173cb368895f3e96803690e3cbc0acb1147d,c5-generalization_20260827_181139_043334_662411fc,662411fc2c56d0c02ce05c695ea52935ceb8d74da8d3bb51759e41a06bd0b419,none,none,none,none,evidence,revision_B_base,revision_B_base,5,200000.0,xlarge,45.0,80.0,5.0,0.5,1.0
1,48,dynamic_3step,0.5,0.8,10000.0,0.35317599898982943,6801.132621110324,0.353530363628511,12.232387264082986,0.9182498086096225,13882,8524,8525,8709,8710,200016.7465111143,430.4359934083186,4024,"[[520601.26125446317,5662962.26140178],[520576.994053098,5662904.989472677],[520606.5952474223,5662836.198260312],[520598.62839204696,5662873.333030157],[520666.2597041656,5662866.748449267]]",4aae7d3fd5610a876fe9bbaab463a83d8aeb4baf283a46ff967cce3f9e26de26,a49cbfe267a7c63142bcc29f344cecf4e4c25312512a602357b9331ea8649e3e,none,stationary,matched_prior_exact,1,0,"{""p_d"":0.8,""stage"":""c5-generalization"",""tau"":10000.0,""w"":0.5}",eeba6ec6b36996a8c22ff4c80fa204cd0d918597f69b98666fd42b58b41ef8c4,flat,temperate,269479,11.611788128072533,revision_C_base@2ce3a901fecb,2ce3a901fecb5ddde502d0a5eeffb8f48d73c5fd,fab97b80b871eeeac68aa1d75a33173cb368895f3e96803690e3cbc0acb1147d,c5-generalization_20260827_181139_043334_662411fc,662411fc2c56d0c02ce05c695ea52935ceb8d74da8d3bb51759e41a06bd0b419,none,none,none,none,evidence,revision_B_base,revision_B_base,5,200000.0,xlarge,45.0,80.0,5.0,0.5,1.0
1,43,online_static_3step,0.5,0.8,10000.0,0.20305374149847052,7501.372629451665,0.20323209086309207,32.17416144489495,0.9689191588811814,5426,8799,8800,8799,8800,200014.28154473013,471.88385146902874,4919,"[[520647.9649749217,5662895.104022372],[520750.9011834474,5662923.705106928],[520619.5439127976,5662887.529284183],[520660.59539358615,5662860.8589034155],[520601.16985800257,5662944.568816733]]",523844ed78a0f583e442b643c9217c5abbf3c0623bfd68739147060cf00e4cb4,ebdca9896e5432497830b02d1bfd0028ec8410ed44a5ddac541df79da4af96c1,none,stationary,matched_prior_exact,1,0,"{""p_d"":0.8,""stage"":""c5-generalization"",""tau"":10000.0,""w"":0.5}",eeba6ec6b36996a8c22ff4c80fa204cd0d918597f69b98666fd42b58b41ef8c4,flat,temperate,269479,11.611788128072533,revision_C_base@2ce3a901fecb,2ce3a901fecb5ddde502d0a5eeffb8f48d73c5fd,fab97b80b871eeeac68aa1d75a33173cb368895f3e96803690e3cbc0acb1147d,c5-generalization_20260827_181139_043334_662411fc,662411fc2c56d0c02ce05c695ea52935ceb8d74da8d3bb51759e41a06bd0b419,none,none,none,none,evidence,revision_B_base,revision_B_base,5,200000.0,xlarge,45.0,80.0,5.0,0.5,1.0
1,43,dynamic_3step,0.5,0.8,10000.0,0.3467262244684453,6988.2640362770235,0.3470015659156097,13.238550066546622,0.9244630269196197,12773,8496,8497,8799,8800,200018.27584712033,422.53694350621663,3905,"[[520647.9649749217,5662895.104022372],[520750.9011834474,5662923.705106928],[520619.5439127976,5662887.529284183],[520660.59539358615,5662860.8589034155],[520601.16985800257,5662944.568816733]]",523844ed78a0f583e442b643c9217c5abbf3c0623bfd68739147060cf00e4cb4,eba6a650fd702336e382e498553e90f9d6001a916e890d40cf5b04ceb4b63efd,none,stationary,matched_prior_exact,1,0,"{""p_d"":0.8,""stage"":""c5-generalization"",""tau"":10000.0,""w"":0.5}",eeba6ec6b36996a8c22ff4c80fa204cd0d918597f69b98666fd42b58b41ef8c4,flat,temperate,269479,11.611788128072533,revision_C_base@2ce3a901fecb,2ce3a901fecb5ddde502d0a5eeffb8f48d73c5fd,fab97b80b871eeeac68aa1d75a33173cb368895f3e96803690e3cbc0acb1147d,c5-generalization_20260827_181139_043334_662411fc,662411fc2c56d0c02ce05c695ea52935ceb8d74da8d3bb51759e41a06bd0b419,none,none,none,none,evidence,revision_B_base,revision_B_base,5,200000.0,xlarge,45.0,80.0,5.0,0.5,1.0
2,45,online_static_3step,0.5,0.8,10000.0,0.07995644410279468,7754.390711049543,0.08009879710439467,64.68677204658901,0.9845408888345862,2404,8064,8065,8363,8364,200009.61101054793,466.0630871851463,4890,"[[662091.6246627219,6137814.707983342],[662164.499306131,6137757.186023],[662068.6837313311,6137841.279008931],[662178.8150942064,6137773.042975957],[662087.9996499884,6137891.466221896]]",d3425e91c12782ca0d0e0fe9d88923d1b43baad26303f808c7533aaf5e56dc57,af8b2241f1c2bed7dde9459ab0277686d2f4dd65f69102a03e5538b0a7864194,none,stationary,matched_prior_exact,1,0,"{""p_d"":0.8,""stage"":""c5-generalization"",""tau"":10000.0,""w"":0.5}",eeba6ec6b36996a8c22ff4c80fa204cd0d918597f69b98666fd42b58b41ef8c4,flat,temperate,331915,12.186940439263669,revision_C_base@2ce3a901fecb,2ce3a901fecb5ddde502d0a5eeffb8f48d73c5fd,fab97b80b871eeeac68aa1d75a33173cb368895f3e96803690e3cbc0acb1147d,c5-generalization_20260827_181139_043334_662411fc,662411fc2c56d0c02ce05c695ea52935ceb8d74da8d3bb51759e41a06bd0b419,none,none,none,none,evidence,revision_B_base,revision_B_base,5,200000.0,xlarge,45.0,80.0,5.0,0.5,1.0
2,45,dynamic_3step,0.5,0.8,10000.0,0.23932135765174944,7084.63001774335,0.23965078022903205,12.860438024231128,0.9222421508415313,12876,8363,8364,8363,8364,200018.61734297042,412.21000654506497,3824,"[[662091.6246627219,6137814.707983342],[662164.499306131,6137757.186023],[662068.6837313311,6137841.279008931],[662178.8150942064,6137773.042975957],[662087.9996499884,6137891.466221896]]",d3425e91c12782ca0d0e0fe9d88923d1b43baad26303f808c7533aaf5e56dc57,101122b590dbcf1a1a5e80e21befe7c11ee8cd0a5797bd850b3d3a267a837d49,none,stationary,matched_prior_exact,1,0,"{""p_d"":0.8,""stage"":""c5-generalization"",""tau"":10000.0,""w"":0.5}",eeba6ec6b36996a8c22ff4c80fa204cd0d918597f69b98666fd42b58b41ef8c4,flat,temperate,331915,12.186940439263669,revision_C_base@2ce3a901fecb,2ce3a901fecb5ddde502d0a5eeffb8f48d73c5fd,fab97b80b871eeeac68aa1d75a33173cb368895f3e96803690e3cbc0acb1147d,c5-generalization_20260827_181139_043334_662411fc,662411fc2c56d0c02ce05c695ea52935ceb8d74da8d3bb51759e41a06bd0b419,none,none,none,none,evidence,revision_B_base,revision_B_base,5,200000.0,xlarge,45.0,80.0,5.0,0.5,1.0
2,43,online_static_3step,0.5,0.8,10000.0,0.1400755494480312,7436.050509514099,0.14032325520160457,26.349201065246337,0.9620481851603856,6008,8147,8148,8357,8358,200010.34367479995,480.11767541314475,4996,"[[662144.7295271389,6137829.84626133],[662247.6657356647,6137858.447345886],[662116.3084650148,6137822.271523141],[662157.3599458034,6137795.601142374],[662097.9344102198,6137879.311055691]]",0e62c4ad1d0e7742f7978514de246c25478a67dddee6715440c3ab32561d520e,32512f6da1727302accec0ef2a2f0843f50dacdc8ce80b100ac6daaa6595d89a,none,stationary,matched_prior_exact,1,0,"{""p_d"":0.8,""stage"":""c5-generalization"",""tau"":10000.0,""w"":0.5}",eeba6ec6b36996a8c22ff4c80fa204cd0d918597f69b98666fd42b58b41ef8c4,flat,temperate,331915,12.186940439263669,revision_C_base@2ce3a901fecb,2ce3a901fecb5ddde502d0a5eeffb8f48d73c5fd,fab97b80b871eeeac68aa1d75a33173cb368895f3e96803690e3cbc0acb1147d,c5-generalization_20260827_181139_043334_662411fc,662411fc2c56d0c02ce05c695ea52935ceb8d74da8d3bb51759e41a06bd0b419,none,none,none,none,evidence,revision_B_base,revision_B_base,5,200000.0,xlarge,45.0,80.0,5.0,0.5,1.0
2,43,dynamic_3step,0.5,0.8,10000.0,0.2566348837881738,7094.36904451401,0.257063792317052,11.402895553257498,0.9123029764387934,14505,8357,8358,8357,8358,200002.49291200849,441.8916499936022,4177,"[[662144.7295271389,6137829.84626133],[662247.6657356647,6137858.447345886],[662116.3084650148,6137822.271523141],[662157.3599458034,6137795.601142374],[662097.9344102198,6137879.311055691]]",0e62c4ad1d0e7742f7978514de246c25478a67dddee6715440c3ab32561d520e,f58221d0b44cdb260f6c84b124a3131769b7ada7ad46fa9bd9defb49e731b823,none,stationary,matched_prior_exact,1,0,"{""p_d"":0.8,""stage"":""c5-generalization"",""tau"":10000.0,""w"":0.5}",eeba6ec6b36996a8c22ff4c80fa204cd0d918597f69b98666fd42b58b41ef8c4,flat,temperate,331915,12.186940439263669,revision_C_base@2ce3a901fecb,2ce3a901fecb5ddde502d0a5eeffb8f48d73c5fd,fab97b80b871eeeac68aa1d75a33173cb368895f3e96803690e3cbc0acb1147d,c5-generalization_20260827_181139_043334_662411fc,662411fc2c56d0c02ce05c695ea52935ceb8d74da8d3bb51759e41a06bd0b419,none,none,none,none,evidence,revision_B_base,revision_B_base,5,200000.0,xlarge,45.0,80.0,5.0,0.5,1.0
2,44,online_static_3step,0.5,0.8,10000.0,0.11338433426721072,7557.298172460334,0.11355278358296939,29.85798273011207,0.966508119150612,5443,8272,8273,8352,8353,200018.08827226574,454.8247925757896,4672,"[[662193.2514143413,6137882.319600563],[662075.0909548536,6137901.889404396],[662205.2505887995,6137925.8392990865],[662186.9868766655,6137896.620435693],[662122.3365505128,6137776.38771571]]",0d70ca331d92c748ebc27f4e7e5d1e311ed527bdd2afd7634f04394859659ace,4b42fc71f595d90c9cad16b48dfbee068c9095781a55e56c03dab4ff5db489cc,none,stationary,matched_prior_exact,1,0,"{""p_d"":0.8,""stage"":""c5-generalization"",""tau"":10000.0,""w"":0.5}",eeba6ec6b36996a8c22ff4c80fa204cd0d918597f69b98666fd42b58b41ef8c4,flat,temperate,331915,12.186940439263669,revision_C_base@2ce3a901fecb,2ce3a901fecb5ddde502d0a5eeffb8f48d73c5fd,fab97b80b871eeeac68aa1d75a33173cb368895f3e96803690e3cbc0acb1147d,c5-generalization_20260827_181139_043334_662411fc,662411fc2c56d0c02ce05c695ea52935ceb8d74da8d3bb51759e41a06bd0b419,none,none,none,none,evidence,revision_B_base,revision_B_base,5,200000.0,xlarge,45.0,80.0,5.0,0.5,1.0
2,44,dynamic_3step,0.5,0.8,10000.0,0.25348464433035106,7050.1205490158745,0.25393098241980394,10.971644863536756,0.9088559634915447,15059,8352,8353,8352,8353,200008.60441456892,491.1606976359617,4472,"[[662193.2514143413,6137882.319600563],[662075.0909548536,6137901.889404396],[662205.2505887995,6137925.8392990865],[662186.9868766655,6137896.620435693],[662122.3365505128,6137776.38771571]]",0d70ca331d92c748ebc27f4e7e5d1e311ed527bdd2afd7634f04394859659ace,748c979dae97bd793b7b93d070763704ff8ffa5feaa4c2f6efc78bac5e8c8631,none,stationary,matched_prior_exact,1,0,"{""p_d"":0.8,""stage"":""c5-generalization"",""tau"":10000.0,""w"":0.5}",eeba6ec6b36996a8c22ff4c80fa204cd0d918597f69b98666fd42b58b41ef8c4,flat,temperate,331915,12.186940439263669,revision_C_base@2ce3a901fecb,2ce3a901fecb5ddde502d0a5eeffb8f48d73c5fd,fab97b80b871eeeac68aa1d75a33173cb368895f3e96803690e3cbc0acb1147d,c5-generalization_20260827_181139_043334_662411fc,662411fc2c56d0c02ce05c695ea52935ceb8d74da8d3bb51759e41a06bd0b419,none,none,none,none,evidence,revision_B_base,revision_B_base,5,200000.0,xlarge,45.0,80.0,5.0,0.5,1.0
2,49,online_static_3step,0.5,0.8,10000.0,0.0802231031568205,7769.289420858838,0.0803731306604631,67.47014297729184,0.9851786293036823,2378,8210,8211,8366,8367,200003.3729191303,488.970471998211,5179,"[[662106.6305942037,6137905.404313411],[662095.3184205752,6137896.539780492],[662150.2795636582,6137837.275126368],[662173.2184211937,6137748.524373358],[662123.4223906968,6137844.999888966]]",09f72ed3d5d6cacb4e058c3689636ec44d588e9249e5745b6f94c551a290cf51,d7ee54dce460dea65a1cbe8faba2ffe01d1d080cb3c05bdad57e228eda8f5426,none,stationary,matched_prior_exact,1,0,"{""p_d"":0.8,""stage"":""c5-generalization"",""tau"":10000.0,""w"":0.5}",eeba6ec6b36996a8c22ff4c80fa204cd0d918597f69b98666fd42b58b41ef8c4,flat,temperate,331915,12.186940439263669,revision_C_base@2ce3a901fecb,2ce3a901fecb5ddde502d0a5eeffb8f48d73c5fd,fab97b80b871eeeac68aa1d75a33173cb368895f3e96803690e3cbc0acb1147d,c5-generalization_20260827_181139_043334_662411fc,662411fc2c56d0c02ce05c695ea52935ceb8d74da8d3bb51759e41a06bd0b419,none,none,none,none,evidence,revision_B_base,revision_B_base,5,200000.0,xlarge,45.0,80.0,5.0,0.5,1.0
2,49,dynamic_3step,0.5,0.8,10000.0,0.22867393387273138,7119.4505817920235,0.22892963588741078,14.229712322885359,0.9297245104251531,11645,8366,8367,8366,8367,200006.9529216427,468.64410601346754,4412,"[[662106.6305942037,6137905.404313411],[662095.3184205752,6137896.539780492],[662150.2795636582,6137837.275126368],[662173.2184211937,6137748.524373358],[662123.4223906968,6137844.999888966]]",09f72ed3d5d6cacb4e058c3689636ec44d588e9249e5745b6f94c551a290cf51,b4c57a3efbfe257600aa09e80bb3598ad25873a7daaca328f4a6ed55d4ee6cef,none,stationary,matched_prior_exact,1,0,"{""p_d"":0.8,""stage"":""c5-generalization"",""tau"":10000.0,""w"":0.5}",eeba6ec6b36996a8c22ff4c80fa204cd0d918597f69b98666fd42b58b41ef8c4,flat,temperate,331915,12.186940439263669,revision_C_base@2ce3a901fecb,2ce3a901fecb5ddde502d0a5eeffb8f48d73c5fd,fab97b80b871eeeac68aa1d75a33173cb368895f3e96803690e3cbc0acb1147d,c5-generalization_20260827_181139_043334_662411fc,662411fc2c56d0c02ce05c695ea52935ceb8d74da8d3bb51759e41a06bd0b419,none,none,none,none,evidence,revision_B_base,revision_B_base,5,200000.0,xlarge,45.0,80.0,5.0,0.5,1.0
2,42,online_static_3step,0.5,0.8,10000.0,0.08800446322699867,7707.453847020348,0.08821119704217466,56.400428265524624,0.982269638179126,2802,8139,8140,8350,8351,200011.50728712796,524.5087883931119,5453,"[[662166.7157282404,6137781.45000616],[662209.4431453475,6137782.137968845],[662238.7612874818,6137902.044847699],[662162.9822015543,6137758.505671772],[662203.298787715,6137895.322593747]]",c360e77cbf9208eb59f877768a341b1ee56109539a0141aec1c11cf00737f360,07f0232289fbbbf8c79461771ce8cdc2bf9a6a370aba37b2ef6c559ca16f6eb9,none,stationary,matched_prior_exact,1,0,"{""p_d"":0.8,""stage"":""c5-generalization"",""tau"":10000.0,""w"":0.5}",eeba6ec6b36996a8c22ff4c80fa204cd0d918597f69b98666fd42b58b41ef8c4,flat,temperate,331915,12.186940439263669,revision_C_base@2ce3a901fecb,2ce3a901fecb5ddde502d0a5eeffb8f48d73c5fd,fab97b80b871eeeac68aa1d75a33173cb368895f3e96803690e3cbc0acb1147d,c5-generalization_20260827_181139_043334_662411fc,662411fc2c56d0c02ce05c695ea52935ceb8d74da8d3bb51759e41a06bd0b419,none,none,none,none,evidence,revision_B_base,revision_B_base,5,200000.0,xlarge,45.0,80.0,5.0,0.5,1.0
2,42,dynamic_3step,0.5,0.8,10000.0,0.24206557004678864,7066.454048588795,0.242418640103621,11.696600566572238,0.9145050739906513,14120,8350,8351,8350,8351,200005.49418617386,483.00794449611567,4453,"[[662166.7157282404,6137781.45000616],[662209.4431453475,6137782.137968845],[662238.7612874818,6137902.044847699],[662162.9822015543,6137758.505671772],[662203.298787715,6137895.322593747]]",c360e77cbf9208eb59f877768a341b1ee56109539a0141aec1c11cf00737f360,93172407de734967482fe6badd6849f6b10dccf51ebb0dfa2dd2aa3d86565da3,none,stationary,matched_prior_exact,1,0,"{""p_d"":0.8,""stage"":""c5-generalization"",""tau"":10000.0,""w"":0.5}",eeba6ec6b36996a8c22ff4c80fa204cd0d918597f69b98666fd42b58b41ef8c4,flat,temperate,331915,12.186940439263669,revision_C_base@2ce3a901fecb,2ce3a901fecb5ddde502d0a5eeffb8f48d73c5fd,fab97b80b871eeeac68aa1d75a33173cb368895f3e96803690e3cbc0acb1147d,c5-generalization_20260827_181139_043334_662411fc,662411fc2c56d0c02ce05c695ea52935ceb8d74da8d3bb51759e41a06bd0b419,none,none,none,none,evidence,revision_B_base,revision_B_base,5,200000.0,xlarge,45.0,80.0,5.0,0.5,1.0
2,51,online_static_3step,0.5,0.8,10000.0,0.09050573434017209,7694.360684339596,0.09067464358716273,56.767250625670364,0.9823842093992871,2797,8161,8162,8365,8366,200009.10886237054,478.4262650385499,4959,"[[662208.6168133527,6137827.340103046],[662155.3273140109,6137894.108902192],[662167.280121484,6137801.596200219],[662186.1434312097,6137766.546931077],[662094.9526413266,6137880.047265188]]",001beb6e33cb37583676d8d112256ff90d3d3140f42e48beadce4b812ef2864d,d2a0b1ca9df81cd3df217d8cfae6dae3959c2e6e2316292a5fa258bf4089408b,none,stationary,matched_prior_exact,1,0,"{""p_d"":0.8,""stage"":""c5-generalization"",""tau"":10000.0,""w"":0.5}",eeba6ec6b36996a8c22ff4c80fa204cd0d918597f69b98666fd42b58b41ef8c4,flat,temperate,331915,12.186940439263669,revision_C_base@2ce3a901fecb,2ce3a901fecb5ddde502d0a5eeffb8f48d73c5fd,fab97b80b871eeeac68aa1d75a33173cb368895f3e96803690e3cbc0acb1147d,c5-generalization_20260827_181139_043334_662411fc,662411fc2c56d0c02ce05c695ea52935ceb8d74da8d3bb51759e41a06bd0b419,none,none,none,none,evidence,revision_B_base,revision_B_base,5,200000.0,xlarge,45.0,80.0,5.0,0.5,1.0
2,51,dynamic_3step,0.5,0.8,10000.0,0.2529163237093277,7043.579605997847,0.25332268621562276,11.60186287555151,0.9138069454253515,14279,8365,8366,8365,8366,200003.10009419732,406.8494615771342,3766,"[[662208.6168133527,6137827.340103046],[662155.3273140109,6137894.108902192],[662167.280121484,6137801.596200219],[662186.1434312097,6137766.546931077],[662094.9526413266,6137880.047265188]]",001beb6e33cb37583676d8d112256ff90d3d3140f42e48beadce4b812ef2864d,4117af89ad037aad68a960dc2dbf912be417dec3fcb144c4af62928b9de5c589,none,stationary,matched_prior_exact,1,0,"{""p_d"":0.8,""stage"":""c5-generalization"",""tau"":10000.0,""w"":0.5}",eeba6ec6b36996a8c22ff4c80fa204cd0d918597f69b98666fd42b58b41ef8c4,flat,temperate,331915,12.186940439263669,revision_C_base@2ce3a901fecb,2ce3a901fecb5ddde502d0a5eeffb8f48d73c5fd,fab97b80b871eeeac68aa1d75a33173cb368895f3e96803690e3cbc0acb1147d,c5-generalization_20260827_181139_043334_662411fc,662411fc2c56d0c02ce05c695ea52935ceb8d74da8d3bb51759e41a06bd0b419,none,none,none,none,evidence,revision_B_base,revision_B_base,5,200000.0,xlarge,45.0,80.0,5.0,0.5,1.0
2,48,online_static_3step,0.5,0.8,10000.0,0.14459841784913915,7377.67988909842,0.1448788004863848,27.10402172068556,0.963105106308382,5893,8189,8190,8350,8351,200007.87964225785,484.0591182592325,4918,"[[662098.0258066804,6137897.003640738],[662073.7586053152,6137839.731711635],[662103.3597996394,6137770.94049927],[662095.3929442641,6137808.075269115],[662163.0242563828,6137801.490688225]]",19b73fb426414f211462ff0536025acdb560a71b5a028919bca41bf59c86e5dd,230801ad0543b8c3128bfb0d25337ec48e7648e951bad82b9bd77b3babbf7016,none,stationary,matched_prior_exact,1,0,"{""p_d"":0.8,""stage"":""c5-generalization"",""tau"":10000.0,""w"":0.5}",eeba6ec6b36996a8c22ff4c80fa204cd0d918597f69b98666fd42b58b41ef8c4,flat,temperate,331915,12.186940439263669,revision_C_base@2ce3a901fecb,2ce3a901fecb5ddde502d0a5eeffb8f48d73c5fd,fab97b80b871eeeac68aa1d75a33173cb368895f3e96803690e3cbc0acb1147d,c5-generalization_20260827_181139_043334_662411fc,662411fc2c56d0c02ce05c695ea52935ceb8d74da8d3bb51759e41a06bd0b419,none,none,none,none,evidence,revision_B_base,revision_B_base,5,200000.0,xlarge,45.0,80.0,5.0,0.5,1.0
2,48,dynamic_3step,0.5,0.8,10000.0,0.2471087158025419,7064.663809250637,0.2475044070910162,11.70994044242768,0.914602469165703,14104,8350,8351,8350,8351,200007.7799883146,458.7021124344319,4193,"[[662098.0258066804,6137897.003640738],[662073.7586053152,6137839.731711635],[662103.3597996394,6137770.94049927],[662095.3929442641,6137808.075269115],[662163.0242563828,6137801.490688225]]",19b73fb426414f211462ff0536025acdb560a71b5a028919bca41bf59c86e5dd,c7b9b24377cf9b9b44f2297d161007b09aa5a16489899f29eeb4c45c262be2e6,none,stationary,matched_prior_exact,1,0,"{""p_d"":0.8,""stage"":""c5-generalization"",""tau"":10000.0,""w"":0.5}",eeba6ec6b36996a8c22ff4c80fa204cd0d918597f69b98666fd42b58b41ef8c4,flat,temperate,331915,12.186940439263669,revision_C_base@2ce3a901fecb,2ce3a901fecb5ddde502d0a5eeffb8f48d73c5fd,fab97b80b871eeeac68aa1d75a33173cb368895f3e96803690e3cbc0acb1147d,c5-generalization_20260827_181139_043334_662411fc,662411fc2c56d0c02ce05c695ea52935ceb8d74da8d3bb51759e41a06bd0b419,none,none,none,none,evidence,revision_B_base,revision_B_base,5,200000.0,xlarge,45.0,80.0,5.0,0.5,1.0
2,50,online_static_3step,0.5,0.8,10000.0,0.0766672022110865,7767.632686512375,0.07682903478644891,71.47397512666974,0.9860088934716762,2171,8054,8055,8355,8356,200004.3654850846,505.019051367417,5202,"[[662178.0534022074,6137758.155795433],[662062.5538088847,6137817.698244969],[662163.4279748548,6137927.105328666],[662225.1835842374,6137876.562303742],[662114.6147442719,6137876.640722922]]",183fe4afcb85edee069d5b151e37e11888df8765dd48e3eecba569d08da25f47,5263fc65dd8a9d3d59ad66241ef6d0b45d725a246767649a1e5a325111c242a3,none,stationary,matched_prior_exact,1,0,"{""p_d"":0.8,""stage"":""c5-generalization"",""tau"":10000.0,""w"":0.5}",eeba6ec6b36996a8c22ff4c80fa204cd0d918597f69b98666fd42b58b41ef8c4,flat,temperate,331915,12.186940439263669,revision_C_base@2ce3a901fecb,2ce3a901fecb5ddde502d0a5eeffb8f48d73c5fd,fab97b80b871eeeac68aa1d75a33173cb368895f3e96803690e3cbc0acb1147d,c5-generalization_20260827_181139_043334_662411fc,662411fc2c56d0c02ce05c695ea52935ceb8d74da8d3bb51759e41a06bd0b419,none,none,none,none,evidence,revision_B_base,revision_B_base,5,200000.0,xlarge,45.0,80.0,5.0,0.5,1.0
2,50,dynamic_3step,0.5,0.8,10000.0,0.24216318363013617,7118.201843548196,0.2426064563558381,10.733606025191534,0.9068346651020149,15402,8355,8356,8355,8356,200016.0829504886,412.4957339547109,3787,"[[662178.0534022074,6137758.155795433],[662062.5538088847,6137817.698244969],[662163.4279748548,6137927.105328666],[662225.1835842374,6137876.562303742],[662114.6147442719,6137876.640722922]]",183fe4afcb85edee069d5b151e37e11888df8765dd48e3eecba569d08da25f47,2cf9f6dc6c5df502bf49a59fd5fb1eea40a5204246f9a72795de16d359caa069,none,stationary,matched_prior_exact,1,0,"{""p_d"":0.8,""stage"":""c5-generalization"",""tau"":10000.0,""w"":0.5}",eeba6ec6b36996a8c22ff4c80fa204cd0d918597f69b98666fd42b58b41ef8c4,flat,temperate,331915,12.186940439263669,revision_C_base@2ce3a901fecb,2ce3a901fecb5ddde502d0a5eeffb8f48d73c5fd,fab97b80b871eeeac68aa1d75a33173cb368895f3e96803690e3cbc0acb1147d,c5-generalization_20260827_181139_043334_662411fc,662411fc2c56d0c02ce05c695ea52935ceb8d74da8d3bb51759e41a06bd0b419,none,none,none,none,evidence,revision_B_base,revision_B_base,5,200000.0,xlarge,45.0,80.0,5.0,0.5,1.0
2,46,online_static_3step,0.5,0.8,10000.0,0.10626802385538392,7628.802083294629,0.10648047639324552,31.035636936404803,0.9677789760832329,5079,8127,8128,8346,8347,200008.74657897276,569.4709375947714,5894,"[[662179.8251547382,6137831.416100291],[662145.6363507399,6137925.01476515],[662183.4590638449,6137835.210653823],[662096.1860038639,6137783.043606343],[662070.4888873142,6137840.733541013]]",43df327920651f8d8a2868d63fa20f885db7a645919e512e13e92d1dd7209fd1,f6c1a16c08435961b87bbe9fdeffd800149f9bafb2d8768470bc6620b60da504,none,stationary,matched_prior_exact,1,0,"{""p_d"":0.8,""stage"":""c5-generalization"",""tau"":10000.0,""w"":0.5}",eeba6ec6b36996a8c22ff4c80fa204cd0d918597f69b98666fd42b58b41ef8c4,flat,temperate,331915,12.186940439263669,revision_C_base@2ce3a901fecb,2ce3a901fecb5ddde502d0a5eeffb8f48d73c5fd,fab97b80b871eeeac68aa1d75a33173cb368895f3e96803690e3cbc0acb1147d,c5-generalization_20260827_181139_043334_662411fc,662411fc2c56d0c02ce05c695ea52935ceb8d74da8d3bb51759e41a06bd0b419,none,none,none,none,evidence,revision_B_base,revision_B_base,5,200000.0,xlarge,45.0,80.0,5.0,0.5,1.0
2,46,dynamic_3step,0.5,0.8,10000.0,0.2478966446528541,7045.585322391023,0.24835907277720032,10.788558352402745,0.907309209689051,15295,8346,8347,8346,8347,200022.58195897995,481.0639714926947,4495,"[[662179.8251547382,6137831.416100291],[662145.6363507399,6137925.01476515],[662183.4590638449,6137835.210653823],[662096.1860038639,6137783.043606343],[662070.4888873142,6137840.733541013]]",43df327920651f8d8a2868d63fa20f885db7a645919e512e13e92d1dd7209fd1,5503ddb8e6f083dd1454529c8a6509a2d472cf7be789d19c3885534834b6b237,none,stationary,matched_prior_exact,1,0,"{""p_d"":0.8,""stage"":""c5-generalization"",""tau"":10000.0,""w"":0.5}",eeba6ec6b36996a8c22ff4c80fa204cd0d918597f69b98666fd42b58b41ef8c4,flat,temperate,331915,12.186940439263669,revision_C_base@2ce3a901fecb,2ce3a901fecb5ddde502d0a5eeffb8f48d73c5fd,fab97b80b871eeeac68aa1d75a33173cb368895f3e96803690e3cbc0acb1147d,c5-generalization_20260827_181139_043334_662411fc,662411fc2c56d0c02ce05c695ea52935ceb8d74da8d3bb51759e41a06bd0b419,none,none,none,none,evidence,revision_B_base,revision_B_base,5,200000.0,xlarge,45.0,80.0,5.0,0.5,1.0
2,47,online_static_3step,0.5,0.8,10000.0,0.08684580349593728,7710.606751650354,0.08700288032516745,58.313266443701224,0.9828512436194008,2691,8106,8107,8354,8355,200020.49121747375,578.6644838263746,5964,"[[662152.3119044267,6137760.249897513],[662125.3429996815,6137853.938798891],[662212.1925654805,6137835.238277952],[662185.217829226,6137935.090659111],[662114.5892762798,6137843.455843037]]",275881b972784a9f8e6b86ab40792a272b8569d6f6dc28fe2693be4b2c7c573e,8ad3578865b1901e0d5851a1b42eb92496ec864b872d55a8740a1b3be2052221,none,stationary,matched_prior_exact,1,0,"{""p_d"":0.8,""stage"":""c5-generalization"",""tau"":10000.0,""w"":0.5}",eeba6ec6b36996a8c22ff4c80fa204cd0d918597f69b98666fd42b58b41ef8c4,flat,temperate,331915,12.186940439263669,revision_C_base@2ce3a901fecb,2ce3a901fecb5ddde502d0a5eeffb8f48d73c5fd,fab97b80b871eeeac68aa1d75a33173cb368895f3e96803690e3cbc0acb1147d,c5-generalization_20260827_181139_043334_662411fc,662411fc2c56d0c02ce05c695ea52935ceb8d74da8d3bb51759e41a06bd0b419,none,none,none,none,evidence,revision_B_base,revision_B_base,5,200000.0,xlarge,45.0,80.0,5.0,0.5,1.0
2,47,dynamic_3step,0.5,0.8,10000.0,0.2546430164461289,7030.220045606039,0.25512236398557786,11.154811715481172,0.9103525881470368,14818,8354,8355,8354,8355,200015.55818316602,485.29484655335546,4471,"[[662152.3119044267,6137760.249897513],[662125.3429996815,6137853.938798891],[662212.1925654805,6137835.238277952],[662185.217829226,6137935.090659111],[662114.5892762798,6137843.455843037]]",275881b972784a9f8e6b86ab40792a272b8569d6f6dc28fe2693be4b2c7c573e,11b354c948e82e3dda36f1430a0b4b259f08d56c07689c563c7f648175a84835,none,stationary,matched_prior_exact,1,0,"{""p_d"":0.8,""stage"":""c5-generalization"",""tau"":10000.0,""w"":0.5}",eeba6ec6b36996a8c22ff4c80fa204cd0d918597f69b98666fd42b58b41ef8c4,flat,temperate,331915,12.186940439263669,revision_C_base@2ce3a901fecb,2ce3a901fecb5ddde502d0a5eeffb8f48d73c5fd,fab97b80b871eeeac68aa1d75a33173cb368895f3e96803690e3cbc0acb1147d,c5-generalization_20260827_181139_043334_662411fc,662411fc2c56d0c02ce05c695ea52935ceb8d74da8d3bb51759e41a06bd0b419,none,none,none,none,evidence,revision_B_base,revision_B_base,5,200000.0,xlarge,45.0,80.0,5.0,0.5,1.0
3,43,online_static_3step,0.5,0.8,10000.0,0.11953552841178364,7525.315327701224,0.11977708498640932,33.43792662116041,0.9700938395095594,4688,8101,8102,8342,8343,200004.086848052,431.57875520177186,4535,"[[325340.6874760158,5667684.809905818],[325443.6236845415,5667713.410990374],[325312.2664138917,5667677.235167629],[325353.31789468025,5667650.564786862],[325293.8923590967,5667734.274700179]]",b9d2ab5419352c1afc371a6279089c81c3dfdc4fe2474fec5333de4544414dd3,ad70d558091c2003dea46988f97070cd694e51a6ac7f6eb473e9599d13cccc31,none,stationary,matched_prior_exact,1,0,"{""p_d"":0.8,""stage"":""c5-generalization"",""tau"":10000.0,""w"":0.5}",eeba6ec6b36996a8c22ff4c80fa204cd0d918597f69b98666fd42b58b41ef8c4,flat,temperate,301630,12.020319810341498,revision_C_base@2ce3a901fecb,2ce3a901fecb5ddde502d0a5eeffb8f48d73c5fd,fab97b80b871eeeac68aa1d75a33173cb368895f3e96803690e3cbc0acb1147d,c5-generalization_20260827_181139_043334_662411fc,662411fc2c56d0c02ce05c695ea52935ceb8d74da8d3bb51759e41a06bd0b419,none,none,none,none,evidence,revision_B_base,revision_B_base,5,200000.0,xlarge,45.0,80.0,5.0,0.5,1.0
3,43,dynamic_3step,0.5,0.8,10000.0,0.2590769028919844,7024.149232948412,0.2595527443418989,11.012288786482335,0.9091923559771238,14973,8342,8343,8342,8343,200004.30533278268,472.05811194493435,4499,"[[325340.6874760158,5667684.809905818],[325443.6236845415,5667713.410990374],[325312.2664138917,5667677.235167629],[325353.31789468025,5667650.564786862],[325293.8923590967,5667734.274700179]]",b9d2ab5419352c1afc371a6279089c81c3dfdc4fe2474fec5333de4544414dd3,6481ade1ffe427ad3476847a25de54ad3629586240f19affbe98ad95eb57f568,none,stationary,matched_prior_exact,1,0,"{""p_d"":0.8,""stage"":""c5-generalization"",""tau"":10000.0,""w"":0.5}",eeba6ec6b36996a8c22ff4c80fa204cd0d918597f69b98666fd42b58b41ef8c4,flat,temperate,301630,12.020319810341498,revision_C_base@2ce3a901fecb,2ce3a901fecb5ddde502d0a5eeffb8f48d73c5fd,fab97b80b871eeeac68aa1d75a33173cb368895f3e96803690e3cbc0acb1147d,c5-generalization_20260827_181139_043334_662411fc,662411fc2c56d0c02ce05c695ea52935ceb8d74da8d3bb51759e41a06bd0b419,none,none,none,none,evidence,revision_B_base,revision_B_base,5,200000.0,xlarge,45.0,80.0,5.0,0.5,1.0
3,42,online_static_3step,0.5,0.8,10000.0,0.09856351848138914,7619.252228019467,0.09877289988591344,53.58998646820027,0.9813397974900891,2956,8150,8151,8350,8351,200001.52649229683,425.1681076728273,4488,"[[325362.67367711733,5667636.413650648],[325405.4010942244,5667637.1016133325],[325434.71923635865,5667757.008492187],[325358.9401504312,5667613.46931626],[325399.2567365919,5667750.2862382345]]",78b6301a32ee11bae9bf04eef594a95993c53cd686772fc110d159875c7841a7,3c752162e6f594c73665e781d07f15301daa196320f90d15df810ca8d210bfeb,none,stationary,matched_prior_exact,1,0,"{""p_d"":0.8,""stage"":""c5-generalization"",""tau"":10000.0,""w"":0.5}",eeba6ec6b36996a8c22ff4c80fa204cd0d918597f69b98666fd42b58b41ef8c4,flat,temperate,301630,12.020319810341498,revision_C_base@2ce3a901fecb,2ce3a901fecb5ddde502d0a5eeffb8f48d73c5fd,fab97b80b871eeeac68aa1d75a33173cb368895f3e96803690e3cbc0acb1147d,c5-generalization_20260827_181139_043334_662411fc,662411fc2c56d0c02ce05c695ea52935ceb8d74da8d3bb51759e41a06bd0b419,none,none,none,none,evidence,revision_B_base,revision_B_base,5,200000.0,xlarge,45.0,80.0,5.0,0.5,1.0
3,42,dynamic_3step,0.5,0.8,10000.0,0.23414706946645425,7121.047777785286,0.23463803624274568,11.120328597400848,0.9100745997529489,14851,8350,8351,8350,8351,200021.62378744996,481.4182476636488,4468,"[[325362.67367711733,5667636.413650648],[325405.4010942244,5667637.1016133325],[325434.71923635865,5667757.008492187],[325358.9401504312,5667613.46931626],[325399.2567365919,5667750.2862382345]]",78b6301a32ee11bae9bf04eef594a95993c53cd686772fc110d159875c7841a7,1686c8ec3a6fcf4e7edc7606eebc5186ca27239f462f35e2a0b84f62783d1fe9,none,stationary,matched_prior_exact,1,0,"{""p_d"":0.8,""stage"":""c5-generalization"",""tau"":10000.0,""w"":0.5}",eeba6ec6b36996a8c22ff4c80fa204cd0d918597f69b98666fd42b58b41ef8c4,flat,temperate,301630,12.020319810341498,revision_C_base@2ce3a901fecb,2ce3a901fecb5ddde502d0a5eeffb8f48d73c5fd,fab97b80b871eeeac68aa1d75a33173cb368895f3e96803690e3cbc0acb1147d,c5-generalization_20260827_181139_043334_662411fc,662411fc2c56d0c02ce05c695ea52935ceb8d74da8d3bb51759e41a06bd0b419,none,none,none,none,evidence,revision_B_base,revision_B_base,5,200000.0,xlarge,45.0,80.0,5.0,0.5,1.0
3,48,online_static_3step,0.5,0.8,10000.0,0.09849637751768303,7614.919809923804,0.0987259588786488,48.82037617554859,0.9795167493916025,3190,8071,8072,8337,8338,200016.9304205558,379.14519764017314,3947,"[[325293.9837555573,5667751.967285226],[325269.7165541921,5667694.695356123],[325299.3177485164,5667625.904143758],[325291.35089314106,5667663.038913603],[325358.98220525973,5667656.454332713]]",aaec7a1c34c54a1bd039a1b8c18a5480353cfb7128f567430addb23f51f49801,83c11ae0518cd15f9578c08e6b3c40d207d0f536e5ebc45a2d746b1545e3dbdd,none,stationary,matched_prior_exact,1,0,"{""p_d"":0.8,""stage"":""c5-generalization"",""tau"":10000.0,""w"":0.5}",eeba6ec6b36996a8c22ff4c80fa204cd0d918597f69b98666fd42b58b41ef8c4,flat,temperate,301630,12.020319810341498,revision_C_base@2ce3a901fecb,2ce3a901fecb5ddde502d0a5eeffb8f48d73c5fd,fab97b80b871eeeac68aa1d75a33173cb368895f3e96803690e3cbc0acb1147d,c5-generalization_20260827_181139_043334_662411fc,662411fc2c56d0c02ce05c695ea52935ceb8d74da8d3bb51759e41a06bd0b419,none,none,none,none,evidence,revision_B_base,revision_B_base,5,200000.0,xlarge,45.0,80.0,5.0,0.5,1.0
3,48,dynamic_3step,0.5,0.8,10000.0,0.2670934608159433,6986.387612106688,0.2675666997791172,11.507824507475199,0.9131026025509492,14314,8337,8338,8337,8338,200001.3242161346,413.78215452632867,3854,"[[325293.9837555573,5667751.967285226],[325269.7165541921,5667694.695356123],[325299.3177485164,5667625.904143758],[325291.35089314106,5667663.038913603],[325358.98220525973,5667656.454332713]]",aaec7a1c34c54a1bd039a1b8c18a5480353cfb7128f567430addb23f51f49801,f69a781237d1c6dd401ad7864e390dd8aa8ab3c4f20a187cfb5280aab6566c1d,none,stationary,matched_prior_exact,1,0,"{""p_d"":0.8,""stage"":""c5-generalization"",""tau"":10000.0,""w"":0.5}",eeba6ec6b36996a8c22ff4c80fa204cd0d918597f69b98666fd42b58b41ef8c4,flat,temperate,301630,12.020319810341498,revision_C_base@2ce3a901fecb,2ce3a901fecb5ddde502d0a5eeffb8f48d73c5fd,fab97b80b871eeeac68aa1d75a33173cb368895f3e96803690e3cbc0acb1147d,c5-generalization_20260827_181139_043334_662411fc,662411fc2c56d0c02ce05c695ea52935ceb8d74da8d3bb51759e41a06bd0b419,none,none,none,none,evidence,revision_B_base,revision_B_base,5,200000.0,xlarge,45.0,80.0,5.0,0.5,1.0
3,45,online_static_3step,0.5,0.8,10000.0,0.09989246854169473,7604.729216009824,0.10009948243671525,50.50633322507308,0.980200502864786,3079,8064,8065,8341,8342,200010.14916587883,480.0388728152029,5018,"[[325287.5826115988,5667669.67162783],[325360.45725500793,5667612.1496674875],[325264.64168020803,5667696.242653418],[325374.7730430832,5667628.006620444],[325283.95759886527,5667746.429866384]]",910e0ca2c86a2a47bedd9112f87bcc58f08489b378793c46b82c663831053eb5,31fe83d9b3069299e29fe9dfbc28359b083ffba7693605075657ad25d7927900,none,stationary,matched_prior_exact,1,0,"{""p_d"":0.8,""stage"":""c5-generalization"",""tau"":10000.0,""w"":0.5}",eeba6ec6b36996a8c22ff4c80fa204cd0d918597f69b98666fd42b58b41ef8c4,flat,temperate,301630,12.020319810341498,revision_C_base@2ce3a901fecb,2ce3a901fecb5ddde502d0a5eeffb8f48d73c5fd,fab97b80b871eeeac68aa1d75a33173cb368895f3e96803690e3cbc0acb1147d,c5-generalization_20260827_181139_043334_662411fc,662411fc2c56d0c02ce05c695ea52935ceb8d74da8d3bb51759e41a06bd0b419,none,none,none,none,evidence,revision_B_base,revision_B_base,5,200000.0,xlarge,45.0,80.0,5.0,0.5,1.0
3,45,dynamic_3step,0.5,0.8,10000.0,0.25392776457702776,6996.885395913128,0.25438265343034183,11.26368295182781,0.9112190919900026,14635,8341,8342,8341,8342,200021.93986573175,421.5469995746389,3885,"[[325287.5826115988,5667669.67162783],[325360.45725500793,5667612.1496674875],[325264.64168020803,5667696.242653418],[325374.7730430832,5667628.006620444],[325283.95759886527,5667746.429866384]]",910e0ca2c86a2a47bedd9112f87bcc58f08489b378793c46b82c663831053eb5,ebb408a30268a758ed7bf3fc477cda8d00b6dd64213a32b14a2b399065f50431,none,stationary,matched_prior_exact,1,0,"{""p_d"":0.8,""stage"":""c5-generalization"",""tau"":10000.0,""w"":0.5}",eeba6ec6b36996a8c22ff4c80fa204cd0d918597f69b98666fd42b58b41ef8c4,flat,temperate,301630,12.020319810341498,revision_C_base@2ce3a901fecb,2ce3a901fecb5ddde502d0a5eeffb8f48d73c5fd,fab97b80b871eeeac68aa1d75a33173cb368895f3e96803690e3cbc0acb1147d,c5-generalization_20260827_181139_043334_662411fc,662411fc2c56d0c02ce05c695ea52935ceb8d74da8d3bb51759e41a06bd0b419,none,none,none,none,evidence,revision_B_base,revision_B_base,5,200000.0,xlarge,45.0,80.0,5.0,0.5,1.0
3,44,online_static_3step,0.5,0.8,10000.0,0.06868872592157002,7811.36827336977,0.06883903883900938,76.65466926070039,0.986954480273093,2056,8126,8127,8331,8332,200002.38045197912,518.4244606201537,5612,"[[325389.2093632182,5667737.28324505],[325271.04890373047,5667756.853048883],[325401.2085376764,5667780.802943574],[325382.94482554245,5667751.584080181],[325318.29449938977,5667631.351360198]]",351cb2554f5e89c3f1a6b1a3b921b60e1688240503236848ab0bc5c9ea628dae,a4824c62a61a76d40108666f7649b332bb3186d5d621870964027b80687b35e6,none,stationary,matched_prior_exact,1,0,"{""p_d"":0.8,""stage"":""c5-generalization"",""tau"":10000.0,""w"":0.5}",eeba6ec6b36996a8c22ff4c80fa204cd0d918597f69b98666fd42b58b41ef8c4,flat,temperate,301630,12.020319810341498,revision_C_base@2ce3a901fecb,2ce3a901fecb5ddde502d0a5eeffb8f48d73c5fd,fab97b80b871eeeac68aa1d75a33173cb368895f3e96803690e3cbc0acb1147d,c5-generalization_20260827_181139_043334_662411fc,662411fc2c56d0c02ce05c695ea52935ceb8d74da8d3bb51759e41a06bd0b419,none,none,none,none,evidence,revision_B_base,revision_B_base,5,200000.0,xlarge,45.0,80.0,5.0,0.5,1.0
3,44,dynamic_3step,0.5,0.8,10000.0,0.24382576247785304,7002.716181514545,0.24429449770452888,10.591064185926736,0.9055807818322179,15533,8331,8332,8331,8332,200015.43183607346,452.74825287773274,4259,"[[325389.2093632182,5667737.28324505],[325271.04890373047,5667756.853048883],[325401.2085376764,5667780.802943574],[325382.94482554245,5667751.584080181],[325318.29449938977,5667631.351360198]]",351cb2554f5e89c3f1a6b1a3b921b60e1688240503236848ab0bc5c9ea628dae,e1cf2df88c40fab922fa436734194a622b8966c75c4db5ae74377439c97951ad,none,stationary,matched_prior_exact,1,0,"{""p_d"":0.8,""stage"":""c5-generalization"",""tau"":10000.0,""w"":0.5}",eeba6ec6b36996a8c22ff4c80fa204cd0d918597f69b98666fd42b58b41ef8c4,flat,temperate,301630,12.020319810341498,revision_C_base@2ce3a901fecb,2ce3a901fecb5ddde502d0a5eeffb8f48d73c5fd,fab97b80b871eeeac68aa1d75a33173cb368895f3e96803690e3cbc0acb1147d,c5-generalization_20260827_181139_043334_662411fc,662411fc2c56d0c02ce05c695ea52935ceb8d74da8d3bb51759e41a06bd0b419,none,none,none,none,evidence,revision_B_base,revision_B_base,5,200000.0,xlarge,45.0,80.0,5.0,0.5,1.0
3,46,online_static_3step,0.5,0.8,10000.0,0.09398428886048348,7658.874589712219,0.09414706631327258,54.119777158774376,0.981522466416182,2872,8062,8063,8338,8339,200020.55180909374,496.2212015672121,5206,"[[325375.783103615,5667686.379744778],[325341.5942996168,5667779.978409638],[325379.41701272177,5667690.174298311],[325292.1439527408,5667638.0072508305],[325266.4468361911,5667695.6971855005]]",e6b98d203c415f1a8c34b2b75a7e204e2d3e4b39022e095555c1486ea3c1d277,e5537df1f220f0e1455c3f8d680e9d8ce942afc3a8bb8c70e201783ea4e7b24a,none,stationary,matched_prior_exact,1,0,"{""p_d"":0.8,""stage"":""c5-generalization"",""tau"":10000.0,""w"":0.5}",eeba6ec6b36996a8c22ff4c80fa204cd0d918597f69b98666fd42b58b41ef8c4,flat,temperate,301630,12.020319810341498,revision_C_base@2ce3a901fecb,2ce3a901fecb5ddde502d0a5eeffb8f48d73c5fd,fab97b80b871eeeac68aa1d75a33173cb368895f3e96803690e3cbc0acb1147d,c5-generalization_20260827_181139_043334_662411fc,662411fc2c56d0c02ce05c695ea52935ceb8d74da8d3bb51759e41a06bd0b419,none,none,none,none,evidence,revision_B_base,revision_B_base,5,200000.0,xlarge,45.0,80.0,5.0,0.5,1.0
3,46,dynamic_3step,0.5,0.8,10000.0,0.23895207514967598,7057.4564787151685,0.2394549616822671,11.021743493677661,0.9092702528802613,14947,8338,8339,8338,8339,200023.3222230508,481.5042345938273,4478,"[[325375.783103615,5667686.379744778],[325341.5942996168,5667779.978409638],[325379.41701272177,5667690.174298311],[325292.1439527408,5667638.0072508305],[325266.4468361911,5667695.6971855005]]",e6b98d203c415f1a8c34b2b75a7e204e2d3e4b39022e095555c1486ea3c1d277,68033e4601fbdfa530ecbfdda3f9fb4e46e8ecd3ae86e0c921e8448e0178d985,none,stationary,matched_prior_exact,1,0,"{""p_d"":0.8,""stage"":""c5-generalization"",""tau"":10000.0,""w"":0.5}",eeba6ec6b36996a8c22ff4c80fa204cd0d918597f69b98666fd42b58b41ef8c4,flat,temperate,301630,12.020319810341498,revision_C_base@2ce3a901fecb,2ce3a901fecb5ddde502d0a5eeffb8f48d73c5fd,fab97b80b871eeeac68aa1d75a33173cb368895f3e96803690e3cbc0acb1147d,c5-generalization_20260827_181139_043334_662411fc,662411fc2c56d0c02ce05c695ea52935ceb8d74da8d3bb51759e41a06bd0b419,none,none,none,none,evidence,revision_B_base,revision_B_base,5,200000.0,xlarge,45.0,80.0,5.0,0.5,1.0
3,51,online_static_3step,0.5,0.8,10000.0,0.11051234220592215,7613.246944364911,0.1107343025490729,30.926525775232076,0.9676652978330704,5063,8096,8097,8328,8329,200014.72615188445,444.0480830036104,4584,"[[325404.5747622296,5667682.303747534],[325351.28526288783,5667749.0725466795],[325363.2380703609,5667656.559844707],[325382.1013800867,5667621.510575565],[325290.9105902034,5667735.010909676]]",66afefe803e1184e4b350ee305372fb8b28c8ad5acae401c4045a26a80212f03,9c066855cd176eff5a98713bf360edc573ab697d1222cdd0d7637bd87808e019,none,stationary,matched_prior_exact,1,0,"{""p_d"":0.8,""stage"":""c5-generalization"",""tau"":10000.0,""w"":0.5}",eeba6ec6b36996a8c22ff4c80fa204cd0d918597f69b98666fd42b58b41ef8c4,flat,temperate,301630,12.020319810341498,revision_C_base@2ce3a901fecb,2ce3a901fecb5ddde502d0a5eeffb8f48d73c5fd,fab97b80b871eeeac68aa1d75a33173cb368895f3e96803690e3cbc0acb1147d,c5-generalization_20260827_181139_043334_662411fc,662411fc2c56d0c02ce05c695ea52935ceb8d74da8d3bb51759e41a06bd0b419,none,none,none,none,evidence,revision_B_base,revision_B_base,5,200000.0,xlarge,45.0,80.0,5.0,0.5,1.0
3,51,dynamic_3step,0.5,0.8,10000.0,0.21529056080915285,7164.581810232292,0.21575296514785527,10.588292117465224,0.9055560624030654,15528,8328,8329,8328,8329,200006.12645945983,422.8241267062258,3853,"[[325404.5747622296,5667682.303747534],[325351.28526288783,5667749.0725466795],[325363.2380703609,5667656.559844707],[325382.1013800867,5667621.510575565],[325290.9105902034,5667735.010909676]]",66afefe803e1184e4b350ee305372fb8b28c8ad5acae401c4045a26a80212f03,e53b79706f598728c68f0de18c2167cf687acda9dedb37b43cd625bf9854204e,none,stationary,matched_prior_exact,1,0,"{""p_d"":0.8,""stage"":""c5-generalization"",""tau"":10000.0,""w"":0.5}",eeba6ec6b36996a8c22ff4c80fa204cd0d918597f69b98666fd42b58b41ef8c4,flat,temperate,301630,12.020319810341498,revision_C_base@2ce3a901fecb,2ce3a901fecb5ddde502d0a5eeffb8f48d73c5fd,fab97b80b871eeeac68aa1d75a33173cb368895f3e96803690e3cbc0acb1147d,c5-generalization_20260827_181139_043334_662411fc,662411fc2c56d0c02ce05c695ea52935ceb8d74da8d3bb51759e41a06bd0b419,none,none,none,none,evidence,revision_B_base,revision_B_base,5,200000.0,xlarge,45.0,80.0,5.0,0.5,1.0
3,47,online_static_3step,0.5,0.8,10000.0,0.17044979344275082,7291.9392570437985,0.1707724270194382,21.289017341040463,0.9530274232962259,7439,8149,8150,8344,8345,200018.63425107498,535.8942626772914,5500,"[[325348.2698533035,5667615.213542],[325321.3009485584,5667708.902443379],[325408.1505143574,5667690.20192244],[325381.17577810294,5667790.054303599],[325310.5472251567,5667698.419487525]]",dd3015a867cfc996eabb6fc00f5a1173d0286567e2c9082ab2bd0f83d5aa65a3,b2116dc4b04fa75a6652c45cbd8272d7f7ed311fd96344a942b9f94b671bdaf2,none,stationary,matched_prior_exact,1,0,"{""p_d"":0.8,""stage"":""c5-generalization"",""tau"":10000.0,""w"":0.5}",eeba6ec6b36996a8c22ff4c80fa204cd0d918597f69b98666fd42b58b41ef8c4,flat,temperate,301630,12.020319810341498,revision_C_base@2ce3a901fecb,2ce3a901fecb5ddde502d0a5eeffb8f48d73c5fd,fab97b80b871eeeac68aa1d75a33173cb368895f3e96803690e3cbc0acb1147d,c5-generalization_20260827_181139_043334_662411fc,662411fc2c56d0c02ce05c695ea52935ceb8d74da8d3bb51759e41a06bd0b419,none,none,none,none,evidence,revision_B_base,revision_B_base,5,200000.0,xlarge,45.0,80.0,5.0,0.5,1.0
3,47,dynamic_3step,0.5,0.8,10000.0,0.25398179334876086,7039.564361825999,0.2544498548915724,10.79651809673408,0.907377546071775,15279,8344,8345,8344,8345,200004.90234417515,479.58866276871413,4490,"[[325348.2698533035,5667615.213542],[325321.3009485584,5667708.902443379],[325408.1505143574,5667690.20192244],[325381.17577810294,5667790.054303599],[325310.5472251567,5667698.419487525]]",dd3015a867cfc996eabb6fc00f5a1173d0286567e2c9082ab2bd0f83d5aa65a3,1fbd82d4fd4dbe5a29088968e38a950d83bff952d7531e91d29c0bb6f274e4a7,none,stationary,matched_prior_exact,1,0,"{""p_d"":0.8,""stage"":""c5-generalization"",""tau"":10000.0,""w"":0.5}",eeba6ec6b36996a8c22ff4c80fa204cd0d918597f69b98666fd42b58b41ef8c4,flat,temperate,301630,12.020319810341498,revision_C_base@2ce3a901fecb,2ce3a901fecb5ddde502d0a5eeffb8f48d73c5fd,fab97b80b871eeeac68aa1d75a33173cb368895f3e96803690e3cbc0acb1147d,c5-generalization_20260827_181139_043334_662411fc,662411fc2c56d0c02ce05c695ea52935ceb8d74da8d3bb51759e41a06bd0b419,none,none,none,none,evidence,revision_B_base,revision_B_base,5,200000.0,xlarge,45.0,80.0,5.0,0.5,1.0
3,50,online_static_3step,0.5,0.8,10000.0,0.07076677911201762,7797.650379154999,0.0709329500192961,72.55529522024368,0.9862174084336026,2134,8044,8045,8334,8335,200011.33748401867,484.00492344168015,5115,"[[325374.01135108434,5667613.11943992],[325258.5117577616,5667672.661889457],[325359.3859237318,5667782.068973154],[325421.14153311425,5667731.52594823],[325310.57269314874,5667731.60436741]]",d620740098c790fc78b4cb8f00f8ec0164078ac4feaddb4fe434d42b87e1dc1b,90101e060712eb4e6694b367f8a1ac473b1f906adb99b0f31d853fec08872614,none,stationary,matched_prior_exact,1,0,"{""p_d"":0.8,""stage"":""c5-generalization"",""tau"":10000.0,""w"":0.5}",eeba6ec6b36996a8c22ff4c80fa204cd0d918597f69b98666fd42b58b41ef8c4,flat,temperate,301630,12.020319810341498,revision_C_base@2ce3a901fecb,2ce3a901fecb5ddde502d0a5eeffb8f48d73c5fd,fab97b80b871eeeac68aa1d75a33173cb368895f3e96803690e3cbc0acb1147d,c5-generalization_20260827_181139_043334_662411fc,662411fc2c56d0c02ce05c695ea52935ceb8d74da8d3bb51759e41a06bd0b419,none,none,none,none,evidence,revision_B_base,revision_B_base,5,200000.0,xlarge,45.0,80.0,5.0,0.5,1.0
3,50,dynamic_3step,0.5,0.8,10000.0,0.25336881302855857,6986.105534402282,0.25388684149231,10.568631227529533,0.9053803677627462,15576,8334,8335,8334,8335,200006.37845302868,482.6984308005776,4478,"[[325374.01135108434,5667613.11943992],[325258.5117577616,5667672.661889457],[325359.3859237318,5667782.068973154],[325421.14153311425,5667731.52594823],[325310.57269314874,5667731.60436741]]",d620740098c790fc78b4cb8f00f8ec0164078ac4feaddb4fe434d42b87e1dc1b,6dc22ba8404c405cb16ea6fb3890d3a1c08f7d042a2935ece0f51874704bf75a,none,stationary,matched_prior_exact,1,0,"{""p_d"":0.8,""stage"":""c5-generalization"",""tau"":10000.0,""w"":0.5}",eeba6ec6b36996a8c22ff4c80fa204cd0d918597f69b98666fd42b58b41ef8c4,flat,temperate,301630,12.020319810341498,revision_C_base@2ce3a901fecb,2ce3a901fecb5ddde502d0a5eeffb8f48d73c5fd,fab97b80b871eeeac68aa1d75a33173cb368895f3e96803690e3cbc0acb1147d,c5-generalization_20260827_181139_043334_662411fc,662411fc2c56d0c02ce05c695ea52935ceb8d74da8d3bb51759e41a06bd0b419,none,none,none,none,evidence,revision_B_base,revision_B_base,5,200000.0,xlarge,45.0,80.0,5.0,0.5,1.0
3,49,online_static_3step,0.5,0.8,10000.0,0.1391751712027082,7469.599848808096,0.13937733810951894,25.37805652588123,0.9605958793976137,6298,8192,8193,8341,8342,200014.04608924175,473.95526649430394,4837,"[[325302.58854308055,5667760.367957898],[325291.2763694521,5667751.50342498],[325346.23751253507,5667692.238770856],[325369.1763700706,5667603.488017846],[325319.3803395737,5667699.963533454]]",650bb640d69c5e47dcd172790ed6271ade9dfaec816e703b4a3b9ca43387318b,a311b29946ff8b978f4ee20a925fee18d7d28df0c6c4338e1c3ee9d961a819f5,none,stationary,matched_prior_exact,1,0,"{""p_d"":0.8,""stage"":""c5-generalization"",""tau"":10000.0,""w"":0.5}",eeba6ec6b36996a8c22ff4c80fa204cd0d918597f69b98666fd42b58b41ef8c4,flat,temperate,301630,12.020319810341498,revision_C_base@2ce3a901fecb,2ce3a901fecb5ddde502d0a5eeffb8f48d73c5fd,fab97b80b871eeeac68aa1d75a33173cb368895f3e96803690e3cbc0acb1147d,c5-generalization_20260827_181139_043334_662411fc,662411fc2c56d0c02ce05c695ea52935ceb8d74da8d3bb51759e41a06bd0b419,none,none,none,none,evidence,revision_B_base,revision_B_base,5,200000.0,xlarge,45.0,80.0,5.0,0.5,1.0
3,49,dynamic_3step,0.5,0.8,10000.0,0.2522838570192679,7093.662698590906,0.2526884768591903,11.932826637712632,0.9161975590226384,13815,8341,8342,8341,8342,200020.20401766393,496.79679168760777,4513,"[[325302.58854308055,5667760.367957898],[325291.2763694521,5667751.50342498],[325346.23751253507,5667692.238770856],[325369.1763700706,5667603.488017846],[325319.3803395737,5667699.963533454]]",650bb640d69c5e47dcd172790ed6271ade9dfaec816e703b4a3b9ca43387318b,74724ae40a93b1c332b76b1182a197410a68d9ec1cc04625b75091b0cce8be38,none,stationary,matched_prior_exact,1,0,"{""p_d"":0.8,""stage"":""c5-generalization"",""tau"":10000.0,""w"":0.5}",eeba6ec6b36996a8c22ff4c80fa204cd0d918597f69b98666fd42b58b41ef8c4,flat,temperate,301630,12.020319810341498,revision_C_base@2ce3a901fecb,2ce3a901fecb5ddde502d0a5eeffb8f48d73c5fd,fab97b80b871eeeac68aa1d75a33173cb368895f3e96803690e3cbc0acb1147d,c5-generalization_20260827_181139_043334_662411fc,662411fc2c56d0c02ce05c695ea52935ceb8d74da8d3bb51759e41a06bd0b419,none,none,none,none,evidence,revision_B_base,revision_B_base,5,200000.0,xlarge,45.0,80.0,5.0,0.5,1.0
4,43,online_static_3step,0.5,0.8,10000.0,0.19921549376971392,7459.82219498934,0.19938671504977792,21.17952853598015,0.9527845958279391,8060,8558,8559,8558,8559,200000.8014427977,389.65404263767414,4034,"[[689344.6506740247,5946052.659146172],[689447.5868825505,5946081.260230728],[689316.2296119006,5946045.084407983],[689357.2810926893,5946018.414027216],[689297.8555571056,5946102.123940533]]",06e33eab45f5ec3553180be796337fcdf0dd1f787782f856cebb6255f584c18d,8375d5320c70d50828e7dc6f418aac8a2e140fa81796d08a94fec3aa7f393b17,none,stationary,matched_prior_exact,1,0,"{""p_d"":0.8,""stage"":""c5-generalization"",""tau"":10000.0,""w"":0.5}",eeba6ec6b36996a8c22ff4c80fa204cd0d918597f69b98666fd42b58b41ef8c4,flat,temperate,338823,12.124309196086287,revision_C_base@2ce3a901fecb,2ce3a901fecb5ddde502d0a5eeffb8f48d73c5fd,fab97b80b871eeeac68aa1d75a33173cb368895f3e96803690e3cbc0acb1147d,c5-generalization_20260827_181139_043334_662411fc,662411fc2c56d0c02ce05c695ea52935ceb8d74da8d3bb51759e41a06bd0b419,none,none,none,none,evidence,revision_B_base,revision_B_base,5,200000.0,xlarge,45.0,80.0,5.0,0.5,1.0
4,43,dynamic_3step,0.5,0.8,10000.0,0.2656166271071553,7117.106499856131,0.26580149826716276,13.12644301541799,0.9238178995767989,12907,8504,8505,8558,8559,200012.95162084152,437.7645768437069,4065,"[[689344.6506740247,5946052.659146172],[689447.5868825505,5946081.260230728],[689316.2296119006,5946045.084407983],[689357.2810926893,5946018.414027216],[689297.8555571056,5946102.123940533]]",06e33eab45f5ec3553180be796337fcdf0dd1f787782f856cebb6255f584c18d,9f2d936fb41f6e1ff6488bf0cf044dd1ac15e3bd157e9ab0f490f17910c2b04b,none,stationary,matched_prior_exact,1,0,"{""p_d"":0.8,""stage"":""c5-generalization"",""tau"":10000.0,""w"":0.5}",eeba6ec6b36996a8c22ff4c80fa204cd0d918597f69b98666fd42b58b41ef8c4,flat,temperate,338823,12.124309196086287,revision_C_base@2ce3a901fecb,2ce3a901fecb5ddde502d0a5eeffb8f48d73c5fd,fab97b80b871eeeac68aa1d75a33173cb368895f3e96803690e3cbc0acb1147d,c5-generalization_20260827_181139_043334_662411fc,662411fc2c56d0c02ce05c695ea52935ceb8d74da8d3bb51759e41a06bd0b419,none,none,none,none,evidence,revision_B_base,revision_B_base,5,200000.0,xlarge,45.0,80.0,5.0,0.5,1.0
4,42,online_static_3step,0.5,0.8,10000.0,0.2570069743582097,7081.370135711885,0.25724947462719866,13.30215374941047,0.9248242037463806,12722,8492,8493,8498,8499,200017.4263014759,405.7055661061313,4056,"[[689366.6368751263,5946004.262891002],[689409.3642922334,5946004.950853687],[689438.6824343676,5946124.857732541],[689362.9033484402,5945981.318556614],[689403.2199346009,5946118.135478589]]",e498e96b657afb256b2918c44380f7421f2918a14b059ff7d8591b56c2a7d59e,ea53f902f0122fbb6521b0020c5f34fe38240275baa280ea5ac5b1a47e62cf82,none,stationary,matched_prior_exact,1,0,"{""p_d"":0.8,""stage"":""c5-generalization"",""tau"":10000.0,""w"":0.5}",eeba6ec6b36996a8c22ff4c80fa204cd0d918597f69b98666fd42b58b41ef8c4,flat,temperate,338823,12.124309196086287,revision_C_base@2ce3a901fecb,2ce3a901fecb5ddde502d0a5eeffb8f48d73c5fd,fab97b80b871eeeac68aa1d75a33173cb368895f3e96803690e3cbc0acb1147d,c5-generalization_20260827_181139_043334_662411fc,662411fc2c56d0c02ce05c695ea52935ceb8d74da8d3bb51759e41a06bd0b419,none,none,none,none,evidence,revision_B_base,revision_B_base,5,200000.0,xlarge,45.0,80.0,5.0,0.5,1.0
4,42,dynamic_3step,0.5,0.8,10000.0,0.28435684608348427,7057.0839779305925,0.2846118409543136,11.483851268828877,0.9129211989435684,14738,8498,8499,8498,8499,200005.42818488737,449.97795557253994,4090,"[[689366.6368751263,5946004.262891002],[689409.3642922334,5946004.950853687],[689438.6824343676,5946124.857732541],[689362.9033484402,5945981.318556614],[689403.2199346009,5946118.135478589]]",e498e96b657afb256b2918c44380f7421f2918a14b059ff7d8591b56c2a7d59e,8c5803235cfe6623c4bcf1f6acb5a02f5b4ca03b00f9849cd63db3ca26cc0d86,none,stationary,matched_prior_exact,1,0,"{""p_d"":0.8,""stage"":""c5-generalization"",""tau"":10000.0,""w"":0.5}",eeba6ec6b36996a8c22ff4c80fa204cd0d918597f69b98666fd42b58b41ef8c4,flat,temperate,338823,12.124309196086287,revision_C_base@2ce3a901fecb,2ce3a901fecb5ddde502d0a5eeffb8f48d73c5fd,fab97b80b871eeeac68aa1d75a33173cb368895f3e96803690e3cbc0acb1147d,c5-generalization_20260827_181139_043334_662411fc,662411fc2c56d0c02ce05c695ea52935ceb8d74da8d3bb51759e41a06bd0b419,none,none,none,none,evidence,revision_B_base,revision_B_base,5,200000.0,xlarge,45.0,80.0,5.0,0.5,1.0
4,44,online_static_3step,0.5,0.8,10000.0,0.17707940835129704,7513.548424589153,0.17717989642694126,24.984190307328607,0.9599746884850349,6768,8484,8485,8491,8492,200009.8955472947,403.0779402924236,4092,"[[689393.1725612271,5946105.132485405],[689275.0121017394,5946124.702289238],[689405.1717356853,5946148.6521839285],[689386.9080235513,5946119.433320535],[689322.2576973987,5945999.200600552]]",12446b23479058cee913864dc4421ab4fa14764cf1988ed1c3a55e0d83d9031c,56c848b5bae767b0b07c9835609dd2cce65d19274976be87db4d185d9e41e699,none,stationary,matched_prior_exact,1,0,"{""p_d"":0.8,""stage"":""c5-generalization"",""tau"":10000.0,""w"":0.5}",eeba6ec6b36996a8c22ff4c80fa204cd0d918597f69b98666fd42b58b41ef8c4,flat,temperate,338823,12.124309196086287,revision_C_base@2ce3a901fecb,2ce3a901fecb5ddde502d0a5eeffb8f48d73c5fd,fab97b80b871eeeac68aa1d75a33173cb368895f3e96803690e3cbc0acb1147d,c5-generalization_20260827_181139_043334_662411fc,662411fc2c56d0c02ce05c695ea52935ceb8d74da8d3bb51759e41a06bd0b419,none,none,none,none,evidence,revision_B_base,revision_B_base,5,200000.0,xlarge,45.0,80.0,5.0,0.5,1.0
4,44,dynamic_3step,0.5,0.8,10000.0,0.26542385815738034,7218.950800762554,0.26564013448310575,12.691296838627318,0.9212058458079404,13317,8491,8492,8491,8492,200000.43045214866,441.79712907318026,4057,"[[689393.1725612271,5946105.132485405],[689275.0121017394,5946124.702289238],[689405.1717356853,5946148.6521839285],[689386.9080235513,5946119.433320535],[689322.2576973987,5945999.200600552]]",12446b23479058cee913864dc4421ab4fa14764cf1988ed1c3a55e0d83d9031c,3779aa0a744146ce2e182bbba379758a641898055bddd5bbef1d3bf3c84a5aee,none,stationary,matched_prior_exact,1,0,"{""p_d"":0.8,""stage"":""c5-generalization"",""tau"":10000.0,""w"":0.5}",eeba6ec6b36996a8c22ff4c80fa204cd0d918597f69b98666fd42b58b41ef8c4,flat,temperate,338823,12.124309196086287,revision_C_base@2ce3a901fecb,2ce3a901fecb5ddde502d0a5eeffb8f48d73c5fd,fab97b80b871eeeac68aa1d75a33173cb368895f3e96803690e3cbc0acb1147d,c5-generalization_20260827_181139_043334_662411fc,662411fc2c56d0c02ce05c695ea52935ceb8d74da8d3bb51759e41a06bd0b419,none,none,none,none,evidence,revision_B_base,revision_B_base,5,200000.0,xlarge,45.0,80.0,5.0,0.5,1.0
4,46,online_static_3step,0.5,0.8,10000.0,0.2627610650007406,7090.0125727830855,0.2629968960513721,13.28031545248692,0.9247005838394647,12807,8533,8534,8533,8534,200017.96854032823,407.2058432751801,4073,"[[689379.746301624,5946054.228985133],[689345.5574976257,5946147.827649992],[689383.3802107307,5946058.023538665],[689296.1071507498,5946005.856491185],[689270.4100342001,5946063.546425855]]",8a9b527e4b246b75a30334ce72e2bdbdfdf449c2051505e1daa58cd0aae3005e,cb7acef42e668f2b0e07b5da3931dafe039d41eef216c5931dc6ccc4709ba7da,none,stationary,matched_prior_exact,1,0,"{""p_d"":0.8,""stage"":""c5-generalization"",""tau"":10000.0,""w"":0.5}",eeba6ec6b36996a8c22ff4c80fa204cd0d918597f69b98666fd42b58b41ef8c4,flat,temperate,338823,12.124309196086287,revision_C_base@2ce3a901fecb,2ce3a901fecb5ddde502d0a5eeffb8f48d73c5fd,fab97b80b871eeeac68aa1d75a33173cb368895f3e96803690e3cbc0acb1147d,c5-generalization_20260827_181139_043334_662411fc,662411fc2c56d0c02ce05c695ea52935ceb8d74da8d3bb51759e41a06bd0b419,none,none,none,none,evidence,revision_B_base,revision_B_base,5,200000.0,xlarge,45.0,80.0,5.0,0.5,1.0
4,46,dynamic_3step,0.5,0.8,10000.0,0.2798430285396559,7111.3397755183805,0.28011244299185667,11.695877714759995,0.9144997900638088,14458,8492,8493,8533,8534,200013.97916644692,429.31653918884695,4002,"[[689379.746301624,5946054.228985133],[689345.5574976257,5946147.827649992],[689383.3802107307,5946058.023538665],[689296.1071507498,5946005.856491185],[689270.4100342001,5946063.546425855]]",8a9b527e4b246b75a30334ce72e2bdbdfdf449c2051505e1daa58cd0aae3005e,1e563b9e030086a764db5d7d6523352daf0b20583edde38e32dab3f499676ed7,none,stationary,matched_prior_exact,1,0,"{""p_d"":0.8,""stage"":""c5-generalization"",""tau"":10000.0,""w"":0.5}",eeba6ec6b36996a8c22ff4c80fa204cd0d918597f69b98666fd42b58b41ef8c4,flat,temperate,338823,12.124309196086287,revision_C_base@2ce3a901fecb,2ce3a901fecb5ddde502d0a5eeffb8f48d73c5fd,fab97b80b871eeeac68aa1d75a33173cb368895f3e96803690e3cbc0acb1147d,c5-generalization_20260827_181139_043334_662411fc,662411fc2c56d0c02ce05c695ea52935ceb8d74da8d3bb51759e41a06bd0b419,none,none,none,none,evidence,revision_B_base,revision_B_base,5,200000.0,xlarge,45.0,80.0,5.0,0.5,1.0
4,45,online_static_3step,0.5,0.8,10000.0,0.2517836634425802,7080.395049783631,0.2520243023563809,14.274606132475013,0.9299455276930563,11806,8469,8470,8505,8506,200006.7215616762,412.7596623690333,4109,"[[689291.5458096077,5946037.520868184],[689364.4204530169,5945979.998907842],[689268.604878217,5946064.091893773],[689378.7362410922,5945995.855860799],[689287.9207968742,5946114.279106738]]",1c0559b8be6391e094d7b2c47bd536b82d581afc126f163e1a71db87212b3092,3c43194d75f881faa8553caac55626787171bbf61eb117b8e3e1621109af3d10,none,stationary,matched_prior_exact,1,0,"{""p_d"":0.8,""stage"":""c5-generalization"",""tau"":10000.0,""w"":0.5}",eeba6ec6b36996a8c22ff4c80fa204cd0d918597f69b98666fd42b58b41ef8c4,flat,temperate,338823,12.124309196086287,revision_C_base@2ce3a901fecb,2ce3a901fecb5ddde502d0a5eeffb8f48d73c5fd,fab97b80b871eeeac68aa1d75a33173cb368895f3e96803690e3cbc0acb1147d,c5-generalization_20260827_181139_043334_662411fc,662411fc2c56d0c02ce05c695ea52935ceb8d74da8d3bb51759e41a06bd0b419,none,none,none,none,evidence,revision_B_base,revision_B_base,5,200000.0,xlarge,45.0,80.0,5.0,0.5,1.0
4,45,dynamic_3step,0.5,0.8,10000.0,0.27539773383930843,7068.640218791425,0.2756652071620697,11.378699416146567,0.9121164938603631,14901,8505,8506,8505,8506,200015.84337073818,441.5616143613588,4014,"[[689291.5458096077,5946037.520868184],[689364.4204530169,5945979.998907842],[689268.604878217,5946064.091893773],[689378.7362410922,5945995.855860799],[689287.9207968742,5946114.279106738]]",1c0559b8be6391e094d7b2c47bd536b82d581afc126f163e1a71db87212b3092,19bdaed77c380557e90b9799e4c2b7c250434899147a719c78a64d925e1e6397,none,stationary,matched_prior_exact,1,0,"{""p_d"":0.8,""stage"":""c5-generalization"",""tau"":10000.0,""w"":0.5}",eeba6ec6b36996a8c22ff4c80fa204cd0d918597f69b98666fd42b58b41ef8c4,flat,temperate,338823,12.124309196086287,revision_C_base@2ce3a901fecb,2ce3a901fecb5ddde502d0a5eeffb8f48d73c5fd,fab97b80b871eeeac68aa1d75a33173cb368895f3e96803690e3cbc0acb1147d,c5-generalization_20260827_181139_043334_662411fc,662411fc2c56d0c02ce05c695ea52935ceb8d74da8d3bb51759e41a06bd0b419,none,none,none,none,evidence,revision_B_base,revision_B_base,5,200000.0,xlarge,45.0,80.0,5.0,0.5,1.0
4,47,online_static_3step,0.5,0.8,10000.0,0.24737951427847407,7111.406007616296,0.24766347327766353,14.779406631762653,0.9323382849585528,11460,8497,8498,8497,8498,200003.8464998338,392.34215286234394,3906,"[[689352.2330513125,5945983.062782355],[689325.2641465673,5946076.751683733],[689412.1137123663,5946058.051162794],[689385.1389761119,5946157.903543953],[689314.5104231656,5946066.268727879]]",2debedf1b10eb820ab15a9015a7e2e5dd7866ce1f7af039aa5580e53d638af84,6df614510941a5de65f935758559a975ec209c903d016c3a80a964da7470c175,none,stationary,matched_prior_exact,1,0,"{""p_d"":0.8,""stage"":""c5-generalization"",""tau"":10000.0,""w"":0.5}",eeba6ec6b36996a8c22ff4c80fa204cd0d918597f69b98666fd42b58b41ef8c4,flat,temperate,338823,12.124309196086287,revision_C_base@2ce3a901fecb,2ce3a901fecb5ddde502d0a5eeffb8f48d73c5fd,fab97b80b871eeeac68aa1d75a33173cb368895f3e96803690e3cbc0acb1147d,c5-generalization_20260827_181139_043334_662411fc,662411fc2c56d0c02ce05c695ea52935ceb8d74da8d3bb51759e41a06bd0b419,none,none,none,none,evidence,revision_B_base,revision_B_base,5,200000.0,xlarge,45.0,80.0,5.0,0.5,1.0
4,47,dynamic_3step,0.5,0.8,10000.0,0.28291504101405673,7054.836475860387,0.2832013054484757,11.268805014670578,0.911259445992887,14996,8487,8488,8497,8498,200018.4324850471,429.40069748694077,3980,"[[689352.2330513125,5945983.062782355],[689325.2641465673,5946076.751683733],[689412.1137123663,5946058.051162794],[689385.1389761119,5946157.903543953],[689314.5104231656,5946066.268727879]]",2debedf1b10eb820ab15a9015a7e2e5dd7866ce1f7af039aa5580e53d638af84,02d46019a8f3c54f7d3edb3cca3819c2435f03404c30b196401a8ff4216e2d87,none,stationary,matched_prior_exact,1,0,"{""p_d"":0.8,""stage"":""c5-generalization"",""tau"":10000.0,""w"":0.5}",eeba6ec6b36996a8c22ff4c80fa204cd0d918597f69b98666fd42b58b41ef8c4,flat,temperate,338823,12.124309196086287,revision_C_base@2ce3a901fecb,2ce3a901fecb5ddde502d0a5eeffb8f48d73c5fd,fab97b80b871eeeac68aa1d75a33173cb368895f3e96803690e3cbc0acb1147d,c5-generalization_20260827_181139_043334_662411fc,662411fc2c56d0c02ce05c695ea52935ceb8d74da8d3bb51759e41a06bd0b419,none,none,none,none,evidence,revision_B_base,revision_B_base,5,200000.0,xlarge,45.0,80.0,5.0,0.5,1.0
4,50,online_static_3step,0.5,0.8,10000.0,0.23201911513730097,7246.116745861048,0.23221320069854628,16.36435758513932,0.9388915822208559,10336,8483,8484,8510,8511,200015.8504096812,382.67854093643837,3848,"[[689377.9745490933,5945980.968680275],[689262.4749557705,5946040.511129811],[689363.3491217407,5946149.918213508],[689425.1047311232,5946099.375188584],[689314.5358911577,5946099.453607764]]",384ea614ac4baa72a0a943592629cbbca19f3e54d3ab80827b4269ac1938bcc5,f3e960a5907510d8101d254c104641ddbc8826b9ddff30e5cd2d502aa6682e6f,none,stationary,matched_prior_exact,1,0,"{""p_d"":0.8,""stage"":""c5-generalization"",""tau"":10000.0,""w"":0.5}",eeba6ec6b36996a8c22ff4c80fa204cd0d918597f69b98666fd42b58b41ef8c4,flat,temperate,338823,12.124309196086287,revision_C_base@2ce3a901fecb,2ce3a901fecb5ddde502d0a5eeffb8f48d73c5fd,fab97b80b871eeeac68aa1d75a33173cb368895f3e96803690e3cbc0acb1147d,c5-generalization_20260827_181139_043334_662411fc,662411fc2c56d0c02ce05c695ea52935ceb8d74da8d3bb51759e41a06bd0b419,none,none,none,none,evidence,revision_B_base,revision_B_base,5,200000.0,xlarge,45.0,80.0,5.0,0.5,1.0
4,50,dynamic_3step,0.5,0.8,10000.0,0.27941827354914506,7062.2941484754565,0.279724786762755,11.47173001487894,0.9128291897819256,14786,8510,8511,8510,8511,200014.56361200643,432.91519192117266,4055,"[[689377.9745490933,5945980.968680275],[689262.4749557705,5946040.511129811],[689363.3491217407,5946149.918213508],[689425.1047311232,5946099.375188584],[689314.5358911577,5946099.453607764]]",384ea614ac4baa72a0a943592629cbbca19f3e54d3ab80827b4269ac1938bcc5,bdc10f7a9216458c93a7eb70fafd6fa684076caa0bdfa001247bb30a938d56c9,none,stationary,matched_prior_exact,1,0,"{""p_d"":0.8,""stage"":""c5-generalization"",""tau"":10000.0,""w"":0.5}",eeba6ec6b36996a8c22ff4c80fa204cd0d918597f69b98666fd42b58b41ef8c4,flat,temperate,338823,12.124309196086287,revision_C_base@2ce3a901fecb,2ce3a901fecb5ddde502d0a5eeffb8f48d73c5fd,fab97b80b871eeeac68aa1d75a33173cb368895f3e96803690e3cbc0acb1147d,c5-generalization_20260827_181139_043334_662411fc,662411fc2c56d0c02ce05c695ea52935ceb8d74da8d3bb51759e41a06bd0b419,none,none,none,none,evidence,revision_B_base,revision_B_base,5,200000.0,xlarge,45.0,80.0,5.0,0.5,1.0
4,49,online_static_3step,0.5,0.8,10000.0,0.2510904255296679,7189.643750221715,0.2512809578452759,13.839509202453987,0.9277431023476842,12225,8487,8488,8499,8500,200013.11211427068,394.922385631362,3914,"[[689306.5517410896,5946128.217198253],[689295.2395674611,5946119.352665334],[689350.200710544,5946060.08801121],[689373.1395680795,5945971.3372582],[689323.3435375827,5946067.812773808]]",3f6d8ab46fee186a9e0d7bec1db491193cfeb0d4d2eb1323ebdeaf0dce514342,6129f1655ce662396d720c40607d70cda228d6af86ab77db4d1a4f525bdc2b0a,none,stationary,matched_prior_exact,1,0,"{""p_d"":0.8,""stage"":""c5-generalization"",""tau"":10000.0,""w"":0.5}",eeba6ec6b36996a8c22ff4c80fa204cd0d918597f69b98666fd42b58b41ef8c4,flat,temperate,338823,12.124309196086287,revision_C_base@2ce3a901fecb,2ce3a901fecb5ddde502d0a5eeffb8f48d73c5fd,fab97b80b871eeeac68aa1d75a33173cb368895f3e96803690e3cbc0acb1147d,c5-generalization_20260827_181139_043334_662411fc,662411fc2c56d0c02ce05c695ea52935ceb8d74da8d3bb51759e41a06bd0b419,none,none,none,none,evidence,revision_B_base,revision_B_base,5,200000.0,xlarge,45.0,80.0,5.0,0.5,1.0
4,49,dynamic_3step,0.5,0.8,10000.0,0.27732771298363557,7102.39069752083,0.2775243165996814,11.841604921012163,0.9155519875329091,14306,8499,8500,8499,8500,200009.29522977045,428.6008646504488,3951,"[[689306.5517410896,5946128.217198253],[689295.2395674611,5946119.352665334],[689350.200710544,5946060.08801121],[689373.1395680795,5945971.3372582],[689323.3435375827,5946067.812773808]]",3f6d8ab46fee186a9e0d7bec1db491193cfeb0d4d2eb1323ebdeaf0dce514342,6c2c62ca1914d67220b374bf50b08557a262896b4cd9a8c7415538c81cdb860b,none,stationary,matched_prior_exact,1,0,"{""p_d"":0.8,""stage"":""c5-generalization"",""tau"":10000.0,""w"":0.5}",eeba6ec6b36996a8c22ff4c80fa204cd0d918597f69b98666fd42b58b41ef8c4,flat,temperate,338823,12.124309196086287,revision_C_base@2ce3a901fecb,2ce3a901fecb5ddde502d0a5eeffb8f48d73c5fd,fab97b80b871eeeac68aa1d75a33173cb368895f3e96803690e3cbc0acb1147d,c5-generalization_20260827_181139_043334_662411fc,662411fc2c56d0c02ce05c695ea52935ceb8d74da8d3bb51759e41a06bd0b419,none,none,none,none,evidence,revision_B_base,revision_B_base,5,200000.0,xlarge,45.0,80.0,5.0,0.5,1.0
4,48,online_static_3step,0.5,0.8,10000.0,0.2497260764951572,7124.611913707817,0.24998370691631414,14.529633759327558,0.9311751406426172,11659,8502,8503,8526,8527,200017.28467139186,383.8719407506287,3803,"[[689297.9469535663,5946119.81652558],[689273.6797522011,5946062.544596477],[689303.2809465253,5945993.753384112],[689295.31409115,5946030.888153957],[689362.9454032687,5946024.303573067]]",ba002e38c24f199a8f6e5434dbfdf2107bd0f19251c779322e86fa423167fc88,16825d4f1ad4e8b3ea5ef6413748d2504319747df6105be6a0ea99e3ca9a7953,none,stationary,matched_prior_exact,1,0,"{""p_d"":0.8,""stage"":""c5-generalization"",""tau"":10000.0,""w"":0.5}",eeba6ec6b36996a8c22ff4c80fa204cd0d918597f69b98666fd42b58b41ef8c4,flat,temperate,338823,12.124309196086287,revision_C_base@2ce3a901fecb,2ce3a901fecb5ddde502d0a5eeffb8f48d73c5fd,fab97b80b871eeeac68aa1d75a33173cb368895f3e96803690e3cbc0acb1147d,c5-generalization_20260827_181139_043334_662411fc,662411fc2c56d0c02ce05c695ea52935ceb8d74da8d3bb51759e41a06bd0b419,none,none,none,none,evidence,revision_B_base,revision_B_base,5,200000.0,xlarge,45.0,80.0,5.0,0.5,1.0
4,48,dynamic_3step,0.5,0.8,10000.0,0.26868624922316764,7097.852200444922,0.2689169718738759,12.17230262215217,0.9178462751837835,13958,8526,8527,8526,8527,200003.00373881662,436.1227018642239,3977,"[[689297.9469535663,5946119.81652558],[689273.6797522011,5946062.544596477],[689303.2809465253,5945993.753384112],[689295.31409115,5946030.888153957],[689362.9454032687,5946024.303573067]]",ba002e38c24f199a8f6e5434dbfdf2107bd0f19251c779322e86fa423167fc88,9b17883ed971a9effa8bbb6ba7ae0abda678b43a25edd0e2d2296c7d1ac30742,none,stationary,matched_prior_exact,1,0,"{""p_d"":0.8,""stage"":""c5-generalization"",""tau"":10000.0,""w"":0.5}",eeba6ec6b36996a8c22ff4c80fa204cd0d918597f69b98666fd42b58b41ef8c4,flat,temperate,338823,12.124309196086287,revision_C_base@2ce3a901fecb,2ce3a901fecb5ddde502d0a5eeffb8f48d73c5fd,fab97b80b871eeeac68aa1d75a33173cb368895f3e96803690e3cbc0acb1147d,c5-generalization_20260827_181139_043334_662411fc,662411fc2c56d0c02ce05c695ea52935ceb8d74da8d3bb51759e41a06bd0b419,none,none,none,none,evidence,revision_B_base,revision_B_base,5,200000.0,xlarge,45.0,80.0,5.0,0.5,1.0
4,51,online_static_3step,0.5,0.8,10000.0,0.21284212677227501,7289.902401340782,0.21303536238022902,18.96884455900482,0.9472819761430706,8923,8486,8487,8487,8488,200009.27908487295,384.78454497805797,3803,"[[689408.5379602385,5946050.152987888],[689355.2484608968,5946116.921787034],[689367.2012683698,5946024.409085061],[689386.0645780956,5945989.359815919],[689294.8737882124,5946102.86015003]]",19677be8e58aae74569733e531a5da24d6cf6522eb51938616c433c21a4bc20f,ad201b730b724b184789cda4af221ec95a95203e29e9a4bbbdc97c25cf6db70b,none,stationary,matched_prior_exact,1,0,"{""p_d"":0.8,""stage"":""c5-generalization"",""tau"":10000.0,""w"":0.5}",eeba6ec6b36996a8c22ff4c80fa204cd0d918597f69b98666fd42b58b41ef8c4,flat,temperate,338823,12.124309196086287,revision_C_base@2ce3a901fecb,2ce3a901fecb5ddde502d0a5eeffb8f48d73c5fd,fab97b80b871eeeac68aa1d75a33173cb368895f3e96803690e3cbc0acb1147d,c5-generalization_20260827_181139_043334_662411fc,662411fc2c56d0c02ce05c695ea52935ceb8d74da8d3bb51759e41a06bd0b419,none,none,none,none,evidence,revision_B_base,revision_B_base,5,200000.0,xlarge,45.0,80.0,5.0,0.5,1.0
4,51,dynamic_3step,0.5,0.8,10000.0,0.2789413634798331,7042.239223157044,0.27919703155922526,11.335880420939741,0.9117845316934721,14919,8487,8488,8487,8488,200018.76940788064,428.0795043709222,3879,"[[689408.5379602385,5946050.152987888],[689355.2484608968,5946116.921787034],[689367.2012683698,5946024.409085061],[689386.0645780956,5945989.359815919],[689294.8737882124,5946102.86015003]]",19677be8e58aae74569733e531a5da24d6cf6522eb51938616c433c21a4bc20f,57a59d0b030ddfca2ebe4ed800194acdc9ec34432c6431290b2bb20d89c3bf24,none,stationary,matched_prior_exact,1,0,"{""p_d"":0.8,""stage"":""c5-generalization"",""tau"":10000.0,""w"":0.5}",eeba6ec6b36996a8c22ff4c80fa204cd0d918597f69b98666fd42b58b41ef8c4,flat,temperate,338823,12.124309196086287,revision_C_base@2ce3a901fecb,2ce3a901fecb5ddde502d0a5eeffb8f48d73c5fd,fab97b80b871eeeac68aa1d75a33173cb368895f3e96803690e3cbc0acb1147d,c5-generalization_20260827_181139_043334_662411fc,662411fc2c56d0c02ce05c695ea52935ceb8d74da8d3bb51759e41a06bd0b419,none,none,none,none,evidence,revision_B_base,revision_B_base,5,200000.0,xlarge,45.0,80.0,5.0,0.5,1.0
5,42,online_static_3step,0.5,0.8,10000.0,0.11407482018875052,8055.80799802159,0.11420543253051382,48.31594594594595,0.9793028992722452,3700,8950,8951,8950,8951,200000.6209521104,417.08337106416,4379,"[[488953.99584582483,5514312.611985302],[488996.7232629319,5514313.299947986],[489026.04140506615,5514433.2068268405],[488950.2623191387,5514289.667650914],[488990.5789052994,5514426.484572888]]",63820a06c24988cd5b14cbccaf1cbb0f000c4927355b2b7a32db181cb86fa4f5,affb6b16df1fdc6ff4e793b4d764a7dd5f9ed3086f3ce7f8d7f57c3f9ee79607,none,stationary,matched_prior_exact,1,0,"{""p_d"":0.8,""stage"":""c5-generalization"",""tau"":10000.0,""w"":0.5}",eeba6ec6b36996a8c22ff4c80fa204cd0d918597f69b98666fd42b58b41ef8c4,flat,temperate,332327,12.09582121216583,revision_C_base@2ce3a901fecb,2ce3a901fecb5ddde502d0a5eeffb8f48d73c5fd,fab97b80b871eeeac68aa1d75a33173cb368895f3e96803690e3cbc0acb1147d,c5-generalization_20260827_181139_043334_662411fc,662411fc2c56d0c02ce05c695ea52935ceb8d74da8d3bb51759e41a06bd0b419,none,none,none,none,evidence,revision_B_base,revision_B_base,5,200000.0,xlarge,45.0,80.0,5.0,0.5,1.0
5,42,dynamic_3step,0.5,0.8,10000.0,0.2712285867409362,7416.950669608972,0.2716013451366148,12.975432420021429,0.9229312775382364,13066,8518,8519,8950,8951,200002.88958215644,437.66808085516095,4116,"[[488953.99584582483,5514312.611985302],[488996.7232629319,5514313.299947986],[489026.04140506615,5514433.2068268405],[488950.2623191387,5514289.667650914],[488990.5789052994,5514426.484572888]]",63820a06c24988cd5b14cbccaf1cbb0f000c4927355b2b7a32db181cb86fa4f5,76423aac58ce84ec71ae0e52849f8380156d0e1011120bdbe6cd11e815a486d7,none,stationary,matched_prior_exact,1,0,"{""p_d"":0.8,""stage"":""c5-generalization"",""tau"":10000.0,""w"":0.5}",eeba6ec6b36996a8c22ff4c80fa204cd0d918597f69b98666fd42b58b41ef8c4,flat,temperate,332327,12.09582121216583,revision_C_base@2ce3a901fecb,2ce3a901fecb5ddde502d0a5eeffb8f48d73c5fd,fab97b80b871eeeac68aa1d75a33173cb368895f3e96803690e3cbc0acb1147d,c5-generalization_20260827_181139_043334_662411fc,662411fc2c56d0c02ce05c695ea52935ceb8d74da8d3bb51759e41a06bd0b419,none,none,none,none,evidence,revision_B_base,revision_B_base,5,200000.0,xlarge,45.0,80.0,5.0,0.5,1.0
5,43,online_static_3step,0.5,0.8,10000.0,0.20104257234844417,7260.9532259159605,0.2013331597365634,20.11317143198947,0.9502813366165852,8359,8498,8499,8524,8525,200014.197942455,425.6294547819998,4362,"[[488932.0096447233,5514361.008240472],[489034.945853249,5514389.609325028],[488903.5885825992,5514353.433502283],[488944.64006338775,5514326.7631215155],[488885.2145278042,5514410.473034833]]",15302fde53c7fee4048af64173d8a7965beeae9b802b541137bfbc6b42210ff6,d6a07f9b2015d4a038d3d49cf4fb936be93d278c34e31b122b64916baaf8e37f,none,stationary,matched_prior_exact,1,0,"{""p_d"":0.8,""stage"":""c5-generalization"",""tau"":10000.0,""w"":0.5}",eeba6ec6b36996a8c22ff4c80fa204cd0d918597f69b98666fd42b58b41ef8c4,flat,temperate,332327,12.09582121216583,revision_C_base@2ce3a901fecb,2ce3a901fecb5ddde502d0a5eeffb8f48d73c5fd,fab97b80b871eeeac68aa1d75a33173cb368895f3e96803690e3cbc0acb1147d,c5-generalization_20260827_181139_043334_662411fc,662411fc2c56d0c02ce05c695ea52935ceb8d74da8d3bb51759e41a06bd0b419,none,none,none,none,evidence,revision_B_base,revision_B_base,5,200000.0,xlarge,45.0,80.0,5.0,0.5,1.0
5,43,dynamic_3step,0.5,0.8,10000.0,0.2717603256076233,7064.760551833743,0.2720911306083839,13.025885244642446,0.9232297858288517,13019,8524,8525,8524,8525,200007.20066260375,445.0782717689872,4120,"[[488932.0096447233,5514361.008240472],[489034.945853249,5514389.609325028],[488903.5885825992,5514353.433502283],[488944.64006338775,5514326.7631215155],[488885.2145278042,5514410.473034833]]",15302fde53c7fee4048af64173d8a7965beeae9b802b541137bfbc6b42210ff6,5b926ccf9c7a18b64c49ccfa3b0e8815cce794770a190ea4258febd23ea440ad,none,stationary,matched_prior_exact,1,0,"{""p_d"":0.8,""stage"":""c5-generalization"",""tau"":10000.0,""w"":0.5}",eeba6ec6b36996a8c22ff4c80fa204cd0d918597f69b98666fd42b58b41ef8c4,flat,temperate,332327,12.09582121216583,revision_C_base@2ce3a901fecb,2ce3a901fecb5ddde502d0a5eeffb8f48d73c5fd,fab97b80b871eeeac68aa1d75a33173cb368895f3e96803690e3cbc0acb1147d,c5-generalization_20260827_181139_043334_662411fc,662411fc2c56d0c02ce05c695ea52935ceb8d74da8d3bb51759e41a06bd0b419,none,none,none,none,evidence,revision_B_base,revision_B_base,5,200000.0,xlarge,45.0,80.0,5.0,0.5,1.0
5,44,online_static_3step,0.5,0.8,10000.0,0.1555175643924459,7804.529201125193,0.15572925076441466,29.121356825292278,0.9656609406629197,6073,8860,8861,8860,8861,200015.46997503302,397.45195149839856,4094,"[[488980.5315319257,5514413.481579704],[488862.37107243796,5514433.051383537],[488992.53070638387,5514457.001278228],[488974.26699424995,5514427.782414835],[488909.61666809727,5514307.549694852]]",e6265b5a69412f436535d76f517c6ae7f5215604635f74720122e9b3df094cf3,26177b0d12c22497bf3a3a9f3cce4686a952e4079bc162498f1df148d8feb604,none,stationary,matched_prior_exact,1,0,"{""p_d"":0.8,""stage"":""c5-generalization"",""tau"":10000.0,""w"":0.5}",eeba6ec6b36996a8c22ff4c80fa204cd0d918597f69b98666fd42b58b41ef8c4,flat,temperate,332327,12.09582121216583,revision_C_base@2ce3a901fecb,2ce3a901fecb5ddde502d0a5eeffb8f48d73c5fd,fab97b80b871eeeac68aa1d75a33173cb368895f3e96803690e3cbc0acb1147d,c5-generalization_20260827_181139_043334_662411fc,662411fc2c56d0c02ce05c695ea52935ceb8d74da8d3bb51759e41a06bd0b419,none,none,none,none,evidence,revision_B_base,revision_B_base,5,200000.0,xlarge,45.0,80.0,5.0,0.5,1.0
5,44,dynamic_3step,0.5,0.8,10000.0,0.2777177630051032,7356.3916180907745,0.27810007908858675,12.198823698178167,0.9180248829934853,13942,8542,8543,8860,8861,200021.7112884951,447.4756849829573,4107,"[[488980.5315319257,5514413.481579704],[488862.37107243796,5514433.051383537],[488992.53070638387,5514457.001278228],[488974.26699424995,5514427.782414835],[488909.61666809727,5514307.549694852]]",e6265b5a69412f436535d76f517c6ae7f5215604635f74720122e9b3df094cf3,327e79b830ba3cd4b16f58c451c04dc3ac213ea45cdc3d2ea62acf2cd820952f,none,stationary,matched_prior_exact,1,0,"{""p_d"":0.8,""stage"":""c5-generalization"",""tau"":10000.0,""w"":0.5}",eeba6ec6b36996a8c22ff4c80fa204cd0d918597f69b98666fd42b58b41ef8c4,flat,temperate,332327,12.09582121216583,revision_C_base@2ce3a901fecb,2ce3a901fecb5ddde502d0a5eeffb8f48d73c5fd,fab97b80b871eeeac68aa1d75a33173cb368895f3e96803690e3cbc0acb1147d,c5-generalization_20260827_181139_043334_662411fc,662411fc2c56d0c02ce05c695ea52935ceb8d74da8d3bb51759e41a06bd0b419,none,none,none,none,evidence,revision_B_base,revision_B_base,5,200000.0,xlarge,45.0,80.0,5.0,0.5,1.0
5,45,online_static_3step,0.5,0.8,10000.0,0.145321968313094,7792.435470510797,0.14553517976010538,33.044456949915585,0.9697377384196185,5331,8823,8824,8823,8824,200023.62678670674,446.90728522255085,4566,"[[488878.9047803063,5514345.869962484],[488951.77942371543,5514288.348002141],[488855.96384891553,5514372.440988072],[488966.0952117907,5514304.204955098],[488875.27976757276,5514422.628201038]]",6a9590a55b7d3d64a1c0a95cfe759aa6fe59dfd2c1c23c28d656c95d4c988917,5a8dfe64b31a2ec102f50d169580e244ecc2241532418a45381a97facf640593,none,stationary,matched_prior_exact,1,0,"{""p_d"":0.8,""stage"":""c5-generalization"",""tau"":10000.0,""w"":0.5}",eeba6ec6b36996a8c22ff4c80fa204cd0d918597f69b98666fd42b58b41ef8c4,flat,temperate,332327,12.09582121216583,revision_C_base@2ce3a901fecb,2ce3a901fecb5ddde502d0a5eeffb8f48d73c5fd,fab97b80b871eeeac68aa1d75a33173cb368895f3e96803690e3cbc0acb1147d,c5-generalization_20260827_181139_043334_662411fc,662411fc2c56d0c02ce05c695ea52935ceb8d74da8d3bb51759e41a06bd0b419,none,none,none,none,evidence,revision_B_base,revision_B_base,5,200000.0,xlarge,45.0,80.0,5.0,0.5,1.0
5,45,dynamic_3step,0.5,0.8,10000.0,0.2785831415138017,7292.885260441312,0.2790573251111069,11.180151166611896,0.9105557711074271,15215,8545,8546,8823,8824,200014.71891540068,446.78968014614657,4079,"[[488878.9047803063,5514345.869962484],[488951.77942371543,5514288.348002141],[488855.96384891553,5514372.440988072],[488966.0952117907,5514304.204955098],[488875.27976757276,5514422.628201038]]",6a9590a55b7d3d64a1c0a95cfe759aa6fe59dfd2c1c23c28d656c95d4c988917,eca46fbc56700d5a1196d00c5ac5a101f5e350c5e2383f56b9ad54e2a6a03014,none,stationary,matched_prior_exact,1,0,"{""p_d"":0.8,""stage"":""c5-generalization"",""tau"":10000.0,""w"":0.5}",eeba6ec6b36996a8c22ff4c80fa204cd0d918597f69b98666fd42b58b41ef8c4,flat,temperate,332327,12.09582121216583,revision_C_base@2ce3a901fecb,2ce3a901fecb5ddde502d0a5eeffb8f48d73c5fd,fab97b80b871eeeac68aa1d75a33173cb368895f3e96803690e3cbc0acb1147d,c5-generalization_20260827_181139_043334_662411fc,662411fc2c56d0c02ce05c695ea52935ceb8d74da8d3bb51759e41a06bd0b419,none,none,none,none,evidence,revision_B_base,revision_B_base,5,200000.0,xlarge,45.0,80.0,5.0,0.5,1.0
5,48,online_static_3step,0.5,0.8,10000.0,0.20025537561361434,7580.613469298761,0.2005432318632663,21.743403205918618,0.9540090394070512,8110,8840,8841,8840,8841,200015.1372054983,391.2171831007581,3998,"[[488885.3059242648,5514428.16561988],[488861.0387228996,5514370.893690777],[488890.6399172239,5514302.102478412],[488882.67306184856,5514339.237248257],[488950.3043739672,5514332.652667367]]",096d75f1a2a4ad7097adefed71cdbf20124d138d7ae6e149970f4c9c1a6e5cd3,3e0d2faa58c069513be90477767239d82bcff9764c6764dd6829f6501c254352,none,stationary,matched_prior_exact,1,0,"{""p_d"":0.8,""stage"":""c5-generalization"",""tau"":10000.0,""w"":0.5}",eeba6ec6b36996a8c22ff4c80fa204cd0d918597f69b98666fd42b58b41ef8c4,flat,temperate,332327,12.09582121216583,revision_C_base@2ce3a901fecb,2ce3a901fecb5ddde502d0a5eeffb8f48d73c5fd,fab97b80b871eeeac68aa1d75a33173cb368895f3e96803690e3cbc0acb1147d,c5-generalization_20260827_181139_043334_662411fc,662411fc2c56d0c02ce05c695ea52935ceb8d74da8d3bb51759e41a06bd0b419,none,none,none,none,evidence,revision_B_base,revision_B_base,5,200000.0,xlarge,45.0,80.0,5.0,0.5,1.0
5,48,dynamic_3step,0.5,0.8,10000.0,0.2753234314273366,7340.661860401296,0.2757585539599972,11.228116535641144,0.9109378677335844,15137,8536,8537,8840,8841,200008.8430284361,437.70380883989856,4025,"[[488885.3059242648,5514428.16561988],[488861.0387228996,5514370.893690777],[488890.6399172239,5514302.102478412],[488882.67306184856,5514339.237248257],[488950.3043739672,5514332.652667367]]",096d75f1a2a4ad7097adefed71cdbf20124d138d7ae6e149970f4c9c1a6e5cd3,8b34273eae36343499a0f191047c028f623c889f2720d28df9daa84724832aeb,none,stationary,matched_prior_exact,1,0,"{""p_d"":0.8,""stage"":""c5-generalization"",""tau"":10000.0,""w"":0.5}",eeba6ec6b36996a8c22ff4c80fa204cd0d918597f69b98666fd42b58b41ef8c4,flat,temperate,332327,12.09582121216583,revision_C_base@2ce3a901fecb,2ce3a901fecb5ddde502d0a5eeffb8f48d73c5fd,fab97b80b871eeeac68aa1d75a33173cb368895f3e96803690e3cbc0acb1147d,c5-generalization_20260827_181139_043334_662411fc,662411fc2c56d0c02ce05c695ea52935ceb8d74da8d3bb51759e41a06bd0b419,none,none,none,none,evidence,revision_B_base,revision_B_base,5,200000.0,xlarge,45.0,80.0,5.0,0.5,1.0
5,46,online_static_3step,0.5,0.8,10000.0,0.19616435645590052,7341.632767131133,0.19646710679586565,20.705932306199198,0.9517046619677875,8243,8594,8595,8594,8595,200016.50239387926,437.5969752408564,4423,"[[488967.1052723225,5514362.578079432],[488932.9164683243,5514456.176744292],[488970.73918142926,5514366.3726329645],[488883.4661214483,5514314.205585484],[488857.7690048986,5514371.895520154]]",36d82214567af5aa5284a473cb0f40d353b96ec9aceecea67bf3d36f4990047c,72425033d79f95996c75ddb721dee31602a860fede68c4dd91f859f45de0cb5f,none,stationary,matched_prior_exact,1,0,"{""p_d"":0.8,""stage"":""c5-generalization"",""tau"":10000.0,""w"":0.5}",eeba6ec6b36996a8c22ff4c80fa204cd0d918597f69b98666fd42b58b41ef8c4,flat,temperate,332327,12.09582121216583,revision_C_base@2ce3a901fecb,2ce3a901fecb5ddde502d0a5eeffb8f48d73c5fd,fab97b80b871eeeac68aa1d75a33173cb368895f3e96803690e3cbc0acb1147d,c5-generalization_20260827_181139_043334_662411fc,662411fc2c56d0c02ce05c695ea52935ceb8d74da8d3bb51759e41a06bd0b419,none,none,none,none,evidence,revision_B_base,revision_B_base,5,200000.0,xlarge,45.0,80.0,5.0,0.5,1.0
5,46,dynamic_3step,0.5,0.8,10000.0,0.26735776081665985,7148.399912374596,0.26773506312321027,12.578729689807977,0.9205007163155546,13540,8554,8555,8594,8595,200001.48508665577,457.4930216821376,4192,"[[488967.1052723225,5514362.578079432],[488932.9164683243,5514456.176744292],[488970.73918142926,5514366.3726329645],[488883.4661214483,5514314.205585484],[488857.7690048986,5514371.895520154]]",36d82214567af5aa5284a473cb0f40d353b96ec9aceecea67bf3d36f4990047c,07fbc202614f66713c1ff394492099d3a1fce3e0670f88537cd2225e774da720,none,stationary,matched_prior_exact,1,0,"{""p_d"":0.8,""stage"":""c5-generalization"",""tau"":10000.0,""w"":0.5}",eeba6ec6b36996a8c22ff4c80fa204cd0d918597f69b98666fd42b58b41ef8c4,flat,temperate,332327,12.09582121216583,revision_C_base@2ce3a901fecb,2ce3a901fecb5ddde502d0a5eeffb8f48d73c5fd,fab97b80b871eeeac68aa1d75a33173cb368895f3e96803690e3cbc0acb1147d,c5-generalization_20260827_181139_043334_662411fc,662411fc2c56d0c02ce05c695ea52935ceb8d74da8d3bb51759e41a06bd0b419,none,none,none,none,evidence,revision_B_base,revision_B_base,5,200000.0,xlarge,45.0,80.0,5.0,0.5,1.0
5,47,online_static_3step,0.5,0.8,10000.0,0.11919477054413585,8033.184972323436,0.11936996352119793,42.71271510516252,0.9765877678921158,4184,8946,8947,8946,8947,200014.0162979443,418.15525208809413,4313,"[[488939.592022011,5514291.411876654],[488912.6231172659,5514385.100778033],[488999.4726830649,5514366.400257094],[488972.49794681044,5514466.252638252],[488901.8693938642,5514374.617822179]]",67f83638cfd623cd3b9779585e573e058ccacbe460f81f880259dd5c54027f56,380675cb12dca777749c076213403a7503dedb6f95f7edd19626d96d4cdaf2f8,none,stationary,matched_prior_exact,1,0,"{""p_d"":0.8,""stage"":""c5-generalization"",""tau"":10000.0,""w"":0.5}",eeba6ec6b36996a8c22ff4c80fa204cd0d918597f69b98666fd42b58b41ef8c4,flat,temperate,332327,12.09582121216583,revision_C_base@2ce3a901fecb,2ce3a901fecb5ddde502d0a5eeffb8f48d73c5fd,fab97b80b871eeeac68aa1d75a33173cb368895f3e96803690e3cbc0acb1147d,c5-generalization_20260827_181139_043334_662411fc,662411fc2c56d0c02ce05c695ea52935ceb8d74da8d3bb51759e41a06bd0b419,none,none,none,none,evidence,revision_B_base,revision_B_base,5,200000.0,xlarge,45.0,80.0,5.0,0.5,1.0
5,47,dynamic_3step,0.5,0.8,10000.0,0.2623253230873526,7425.86823993695,0.2626630516853769,13.198323371885431,0.9242328004987238,12883,8539,8540,8946,8947,200006.56737453383,440.548914660234,4017,"[[488939.592022011,5514291.411876654],[488912.6231172659,5514385.100778033],[488999.4726830649,5514366.400257094],[488972.49794681044,5514466.252638252],[488901.8693938642,5514374.617822179]]",67f83638cfd623cd3b9779585e573e058ccacbe460f81f880259dd5c54027f56,9a21cfe62f34dc6d73a86f59c8d439383d8559350e7cd476e650798a001dc768,none,stationary,matched_prior_exact,1,0,"{""p_d"":0.8,""stage"":""c5-generalization"",""tau"":10000.0,""w"":0.5}",eeba6ec6b36996a8c22ff4c80fa204cd0d918597f69b98666fd42b58b41ef8c4,flat,temperate,332327,12.09582121216583,revision_C_base@2ce3a901fecb,2ce3a901fecb5ddde502d0a5eeffb8f48d73c5fd,fab97b80b871eeeac68aa1d75a33173cb368895f3e96803690e3cbc0acb1147d,c5-generalization_20260827_181139_043334_662411fc,662411fc2c56d0c02ce05c695ea52935ceb8d74da8d3bb51759e41a06bd0b419,none,none,none,none,evidence,revision_B_base,revision_B_base,5,200000.0,xlarge,45.0,80.0,5.0,0.5,1.0
5,49,online_static_3step,0.5,0.8,10000.0,0.15214220211457086,7870.097697467432,0.15237090606480075,31.294261294261293,0.9680452594615685,5733,8987,8988,8987,8988,200015.98591754524,414.5504486935679,4236,"[[488893.91071178805,5514436.566292552],[488882.5985381596,5514427.701759634],[488937.55968124256,5514368.437105509],[488960.4985387781,5514279.6863525],[488910.7025082812,5514376.1618681075]]",6e26f93fd2805cf3cc1744ab108d70ccb3eee9161153ee8e1978b8fcc8a5f3c6,a035d6c23c0499d1aadf15dbbf0a744276ba096379488c18c80ab37c6fa60328,none,stationary,matched_prior_exact,1,0,"{""p_d"":0.8,""stage"":""c5-generalization"",""tau"":10000.0,""w"":0.5}",eeba6ec6b36996a8c22ff4c80fa204cd0d918597f69b98666fd42b58b41ef8c4,flat,temperate,332327,12.09582121216583,revision_C_base@2ce3a901fecb,2ce3a901fecb5ddde502d0a5eeffb8f48d73c5fd,fab97b80b871eeeac68aa1d75a33173cb368895f3e96803690e3cbc0acb1147d,c5-generalization_20260827_181139_043334_662411fc,662411fc2c56d0c02ce05c695ea52935ceb8d74da8d3bb51759e41a06bd0b419,none,none,none,none,evidence,revision_B_base,revision_B_base,5,200000.0,xlarge,45.0,80.0,5.0,0.5,1.0
5,49,dynamic_3step,0.5,0.8,10000.0,0.2727619216855335,7476.663622544254,0.2731534592124138,12.016011850179869,0.9167777119007227,14177,8551,8552,8987,8988,200004.6152213437,437.0634126726072,4075,"[[488893.91071178805,5514436.566292552],[488882.5985381596,5514427.701759634],[488937.55968124256,5514368.437105509],[488960.4985387781,5514279.6863525],[488910.7025082812,5514376.1618681075]]",6e26f93fd2805cf3cc1744ab108d70ccb3eee9161153ee8e1978b8fcc8a5f3c6,53dccd1917056b798b4a8dbde08529dd2adedfe0cca183a04d06fc683beb8d21,none,stationary,matched_prior_exact,1,0,"{""p_d"":0.8,""stage"":""c5-generalization"",""tau"":10000.0,""w"":0.5}",eeba6ec6b36996a8c22ff4c80fa204cd0d918597f69b98666fd42b58b41ef8c4,flat,temperate,332327,12.09582121216583,revision_C_base@2ce3a901fecb,2ce3a901fecb5ddde502d0a5eeffb8f48d73c5fd,fab97b80b871eeeac68aa1d75a33173cb368895f3e96803690e3cbc0acb1147d,c5-generalization_20260827_181139_043334_662411fc,662411fc2c56d0c02ce05c695ea52935ceb8d74da8d3bb51759e41a06bd0b419,none,none,none,none,evidence,revision_B_base,revision_B_base,5,200000.0,xlarge,45.0,80.0,5.0,0.5,1.0
5,50,online_static_3step,0.5,0.8,10000.0,0.14753002620164968,7759.639126235594,0.14773416248719728,31.270260621206713,0.9680207334338037,5602,8791,8792,8791,8792,200021.7665787135,449.4463568904903,4622,"[[488965.33351979183,5514289.317774574],[488849.8339264691,5514348.860224111],[488950.7080924393,5514458.267307808],[489012.46370182175,5514407.724282884],[488901.89486185624,5514407.802702064]]",28a17723e483e361e906553b02d9b7735f2e72540a6ab861c38f893f918280ba,90f8d70f151f63bbddadc36763aa370ece2e772bdbea87294eebd5db3c274352,none,stationary,matched_prior_exact,1,0,"{""p_d"":0.8,""stage"":""c5-generalization"",""tau"":10000.0,""w"":0.5}",eeba6ec6b36996a8c22ff4c80fa204cd0d918597f69b98666fd42b58b41ef8c4,flat,temperate,332327,12.09582121216583,revision_C_base@2ce3a901fecb,2ce3a901fecb5ddde502d0a5eeffb8f48d73c5fd,fab97b80b871eeeac68aa1d75a33173cb368895f3e96803690e3cbc0acb1147d,c5-generalization_20260827_181139_043334_662411fc,662411fc2c56d0c02ce05c695ea52935ceb8d74da8d3bb51759e41a06bd0b419,none,none,none,none,evidence,revision_B_base,revision_B_base,5,200000.0,xlarge,45.0,80.0,5.0,0.5,1.0
5,50,dynamic_3step,0.5,0.8,10000.0,0.2701856596031121,7290.0977908329805,0.27054993933904364,12.278038903752982,0.9185537684121253,13829,8529,8530,8791,8792,200002.8941815495,446.71629428490996,4063,"[[488965.33351979183,5514289.317774574],[488849.8339264691,5514348.860224111],[488950.7080924393,5514458.267307808],[489012.46370182175,5514407.724282884],[488901.89486185624,5514407.802702064]]",28a17723e483e361e906553b02d9b7735f2e72540a6ab861c38f893f918280ba,912c2fe1c1947eb057f693a2e40466505f909084eec254ca7224e946c94974f3,none,stationary,matched_prior_exact,1,0,"{""p_d"":0.8,""stage"":""c5-generalization"",""tau"":10000.0,""w"":0.5}",eeba6ec6b36996a8c22ff4c80fa204cd0d918597f69b98666fd42b58b41ef8c4,flat,temperate,332327,12.09582121216583,revision_C_base@2ce3a901fecb,2ce3a901fecb5ddde502d0a5eeffb8f48d73c5fd,fab97b80b871eeeac68aa1d75a33173cb368895f3e96803690e3cbc0acb1147d,c5-generalization_20260827_181139_043334_662411fc,662411fc2c56d0c02ce05c695ea52935ceb8d74da8d3bb51759e41a06bd0b419,none,none,none,none,evidence,revision_B_base,revision_B_base,5,200000.0,xlarge,45.0,80.0,5.0,0.5,1.0
5,51,online_static_3step,0.5,0.8,10000.0,0.2103185186851928,7306.99470442657,0.21061113600078551,18.59617947578854,0.946225513616818,9004,8447,8448,8509,8510,200017.88680419093,405.64167301380076,4045,"[[488995.8969309371,5514358.502082188],[488942.60743159533,5514425.270881333],[488954.5602390684,5514332.758179361],[488973.4235487942,5514297.708910218],[488882.2327589109,5514411.2092443295]]",085478ade9679704a3f3853de68fe8e1c6a3b2b9328ccb65101897cc1e0d46f2,5757d40bc44b90be2bc669680a384a9b6769225efddd565e9ff44f978f6bb8c5,none,stationary,matched_prior_exact,1,0,"{""p_d"":0.8,""stage"":""c5-generalization"",""tau"":10000.0,""w"":0.5}",eeba6ec6b36996a8c22ff4c80fa204cd0d918597f69b98666fd42b58b41ef8c4,flat,temperate,332327,12.09582121216583,revision_C_base@2ce3a901fecb,2ce3a901fecb5ddde502d0a5eeffb8f48d73c5fd,fab97b80b871eeeac68aa1d75a33173cb368895f3e96803690e3cbc0acb1147d,c5-generalization_20260827_181139_043334_662411fc,662411fc2c56d0c02ce05c695ea52935ceb8d74da8d3bb51759e41a06bd0b419,none,none,none,none,evidence,revision_B_base,revision_B_base,5,200000.0,xlarge,45.0,80.0,5.0,0.5,1.0
5,51,dynamic_3step,0.5,0.8,10000.0,0.2684829973786669,7123.701410511514,0.26887384588526964,11.84828117342295,0.9155995721773454,14283,8509,8510,8509,8510,200013.03461412142,460.54235260467976,4152,"[[488995.8969309371,5514358.502082188],[488942.60743159533,5514425.270881333],[488954.5602390684,5514332.758179361],[488973.4235487942,5514297.708910218],[488882.2327589109,5514411.2092443295]]",085478ade9679704a3f3853de68fe8e1c6a3b2b9328ccb65101897cc1e0d46f2,6deddd24a810fb8a2136c7908f3f7fcc842ab2cf257bb57c645369b80bcc5e09,none,stationary,matched_prior_exact,1,0,"{""p_d"":0.8,""stage"":""c5-generalization"",""tau"":10000.0,""w"":0.5}",eeba6ec6b36996a8c22ff4c80fa204cd0d918597f69b98666fd42b58b41ef8c4,flat,temperate,332327,12.09582121216583,revision_C_base@2ce3a901fecb,2ce3a901fecb5ddde502d0a5eeffb8f48d73c5fd,fab97b80b871eeeac68aa1d75a33173cb368895f3e96803690e3cbc0acb1147d,c5-generalization_20260827_181139_043334_662411fc,662411fc2c56d0c02ce05c695ea52935ceb8d74da8d3bb51759e41a06bd0b419,none,none,none,none,evidence,revision_B_base,revision_B_base,5,200000.0,xlarge,45.0,80.0,5.0,0.5,1.0
6,42,online_static_3step,0.5,0.8,10000.0,0.24395760406035638,7260.480265390114,0.24413530349780807,13.998433893834488,0.9285634373399125,12132,8517,8518,8517,8518,200024.45956940268,405.6163976539392,4114,"[[615358.5488379605,5466570.416620756],[615401.2762550676,5466571.10458344],[615430.5943972018,5466691.0114622945],[615354.8153112744,5466547.472286368],[615395.131897435,5466684.289208342]]",18b2f0f369843e76e9c50d96b6e34fd31bf7bda2e8a89b0bec71629b106e9456,933a6260bc7d749dc023dc3d3a5aa8530c5e4371e4d914deefcd3c50184998d9,none,stationary,matched_prior_exact,1,0,"{""p_d"":0.8,""stage"":""c5-generalization"",""tau"":10000.0,""w"":0.5}",eeba6ec6b36996a8c22ff4c80fa204cd0d918597f69b98666fd42b58b41ef8c4,flat,temperate,337615,12.179117521137893,revision_C_base@2ce3a901fecb,2ce3a901fecb5ddde502d0a5eeffb8f48d73c5fd,fab97b80b871eeeac68aa1d75a33173cb368895f3e96803690e3cbc0acb1147d,c5-generalization_20260827_181139_043334_662411fc,662411fc2c56d0c02ce05c695ea52935ceb8d74da8d3bb51759e41a06bd0b419,none,none,none,none,evidence,revision_B_base,revision_B_base,5,200000.0,xlarge,45.0,80.0,5.0,0.5,1.0
6,42,dynamic_3step,0.5,0.8,10000.0,0.23975575806847071,7272.0124223954235,0.23984704952312447,14.405841399218883,0.9305837144608421,11778,8508,8509,8517,8518,200000.64380712045,442.962254636921,4061,"[[615358.5488379605,5466570.416620756],[615401.2762550676,5466571.10458344],[615430.5943972018,5466691.0114622945],[615354.8153112744,5466547.472286368],[615395.131897435,5466684.289208342]]",18b2f0f369843e76e9c50d96b6e34fd31bf7bda2e8a89b0bec71629b106e9456,490a6a64c74b6d0b379ce7f719910a954e69e6b8f484838085f1783472978bf5,none,stationary,matched_prior_exact,1,0,"{""p_d"":0.8,""stage"":""c5-generalization"",""tau"":10000.0,""w"":0.5}",eeba6ec6b36996a8c22ff4c80fa204cd0d918597f69b98666fd42b58b41ef8c4,flat,temperate,337615,12.179117521137893,revision_C_base@2ce3a901fecb,2ce3a901fecb5ddde502d0a5eeffb8f48d73c5fd,fab97b80b871eeeac68aa1d75a33173cb368895f3e96803690e3cbc0acb1147d,c5-generalization_20260827_181139_043334_662411fc,662411fc2c56d0c02ce05c695ea52935ceb8d74da8d3bb51759e41a06bd0b419,none,none,none,none,evidence,revision_B_base,revision_B_base,5,200000.0,xlarge,45.0,80.0,5.0,0.5,1.0
6,43,online_static_3step,0.5,0.8,10000.0,0.2742917213525132,7127.542804928525,0.2744626737443854,11.30243869936034,0.9115235192510627,15008,8508,8509,8508,8509,200019.5759026175,392.8215494926553,3927,"[[615336.5626368589,5466618.812875926],[615439.4988453847,5466647.413960482],[615308.1415747348,5466611.238137737],[615349.1930555234,5466584.5677569695],[615289.7675199398,5466668.277670287]]",bc38415fe8b1b692a07e76893173e91311c7cc58998e875fd881d7e9caf4f565,cf34272f38761d8a1ab65e54ea716bbade969cd7909ea6b352a880929aa8879b,none,stationary,matched_prior_exact,1,0,"{""p_d"":0.8,""stage"":""c5-generalization"",""tau"":10000.0,""w"":0.5}",eeba6ec6b36996a8c22ff4c80fa204cd0d918597f69b98666fd42b58b41ef8c4,flat,temperate,337615,12.179117521137893,revision_C_base@2ce3a901fecb,2ce3a901fecb5ddde502d0a5eeffb8f48d73c5fd,fab97b80b871eeeac68aa1d75a33173cb368895f3e96803690e3cbc0acb1147d,c5-generalization_20260827_181139_043334_662411fc,662411fc2c56d0c02ce05c695ea52935ceb8d74da8d3bb51759e41a06bd0b419,none,none,none,none,evidence,revision_B_base,revision_B_base,5,200000.0,xlarge,45.0,80.0,5.0,0.5,1.0
6,43,dynamic_3step,0.5,0.8,10000.0,0.2677058000671737,7140.596649221834,0.26787602019839507,12.03548112404201,0.9169123369731846,14092,8505,8506,8508,8509,200015.17219339838,434.26219942909665,4007,"[[615336.5626368589,5466618.812875926],[615439.4988453847,5466647.413960482],[615308.1415747348,5466611.238137737],[615349.1930555234,5466584.5677569695],[615289.7675199398,5466668.277670287]]",bc38415fe8b1b692a07e76893173e91311c7cc58998e875fd881d7e9caf4f565,97813bcc438e8a7f793925977000a00efcc5cdf271b27aef282830a016367443,none,stationary,matched_prior_exact,1,0,"{""p_d"":0.8,""stage"":""c5-generalization"",""tau"":10000.0,""w"":0.5}",eeba6ec6b36996a8c22ff4c80fa204cd0d918597f69b98666fd42b58b41ef8c4,flat,temperate,337615,12.179117521137893,revision_C_base@2ce3a901fecb,2ce3a901fecb5ddde502d0a5eeffb8f48d73c5fd,fab97b80b871eeeac68aa1d75a33173cb368895f3e96803690e3cbc0acb1147d,c5-generalization_20260827_181139_043334_662411fc,662411fc2c56d0c02ce05c695ea52935ceb8d74da8d3bb51759e41a06bd0b419,none,none,none,none,evidence,revision_B_base,revision_B_base,5,200000.0,xlarge,45.0,80.0,5.0,0.5,1.0
6,44,online_static_3step,0.5,0.8,10000.0,0.26343033245073405,7154.940227450642,0.2636110877252544,12.031416211616197,0.9168842651262857,14101,8511,8512,8511,8512,200018.0671405869,415.7466882786248,4107,"[[615385.0845240613,5466671.286215158],[615266.9240645736,5466690.856018991],[615397.0836985195,5466714.805913682],[615378.8199863855,5466685.587050289],[615314.1696602328,5466565.354330306]]",11931ba3b2606720673fab484cd387b8c38bd1122400df06ded2cf949a538117,60aa2d3693e27f8b27e779303aaa0b9ca37e13d127c4d9cc11f62e933195bdfb,none,stationary,matched_prior_exact,1,0,"{""p_d"":0.8,""stage"":""c5-generalization"",""tau"":10000.0,""w"":0.5}",eeba6ec6b36996a8c22ff4c80fa204cd0d918597f69b98666fd42b58b41ef8c4,flat,temperate,337615,12.179117521137893,revision_C_base@2ce3a901fecb,2ce3a901fecb5ddde502d0a5eeffb8f48d73c5fd,fab97b80b871eeeac68aa1d75a33173cb368895f3e96803690e3cbc0acb1147d,c5-generalization_20260827_181139_043334_662411fc,662411fc2c56d0c02ce05c695ea52935ceb8d74da8d3bb51759e41a06bd0b419,none,none,none,none,evidence,revision_B_base,revision_B_base,5,200000.0,xlarge,45.0,80.0,5.0,0.5,1.0
6,44,dynamic_3step,0.5,0.8,10000.0,0.2723434120382708,7135.246295784166,0.27252451975646,11.575204918032787,0.9136084408802025,14640,8503,8504,8511,8512,200005.32095822942,455.55058179749176,4077,"[[615385.0845240613,5466671.286215158],[615266.9240645736,5466690.856018991],[615397.0836985195,5466714.805913682],[615378.8199863855,5466685.587050289],[615314.1696602328,5466565.354330306]]",11931ba3b2606720673fab484cd387b8c38bd1122400df06ded2cf949a538117,8c92028aae968c9e0f988c1df5811f5eca5238cdec7f7bd6f217abadc8221ada,none,stationary,matched_prior_exact,1,0,"{""p_d"":0.8,""stage"":""c5-generalization"",""tau"":10000.0,""w"":0.5}",eeba6ec6b36996a8c22ff4c80fa204cd0d918597f69b98666fd42b58b41ef8c4,flat,temperate,337615,12.179117521137893,revision_C_base@2ce3a901fecb,2ce3a901fecb5ddde502d0a5eeffb8f48d73c5fd,fab97b80b871eeeac68aa1d75a33173cb368895f3e96803690e3cbc0acb1147d,c5-generalization_20260827_181139_043334_662411fc,662411fc2c56d0c02ce05c695ea52935ceb8d74da8d3bb51759e41a06bd0b419,none,none,none,none,evidence,revision_B_base,revision_B_base,5,200000.0,xlarge,45.0,80.0,5.0,0.5,1.0
6,45,online_static_3step,0.5,0.8,10000.0,0.24686023268367666,7240.63904366397,0.24700671010921116,13.678083851684304,0.9268903443754761,12379,8493,8494,8493,8494,200012.1006958722,407.3811656336766,4032,"[[615283.4577724419,5466603.674597938],[615356.3324158511,5466546.152637595],[615260.5168410512,5466630.245623526],[615370.6482039264,5466562.009590552],[615279.8327597084,5466680.432836492]]",12552005c3b7dcefe6e0faf61ca7b7f591652f85e619dc40510fcf51611ff1a7,44ef782296ac512cc3343ee73882bb0ce4a0ddf94db083f81e3f29a5e1b0c20b,none,stationary,matched_prior_exact,1,0,"{""p_d"":0.8,""stage"":""c5-generalization"",""tau"":10000.0,""w"":0.5}",eeba6ec6b36996a8c22ff4c80fa204cd0d918597f69b98666fd42b58b41ef8c4,flat,temperate,337615,12.179117521137893,revision_C_base@2ce3a901fecb,2ce3a901fecb5ddde502d0a5eeffb8f48d73c5fd,fab97b80b871eeeac68aa1d75a33173cb368895f3e96803690e3cbc0acb1147d,c5-generalization_20260827_181139_043334_662411fc,662411fc2c56d0c02ce05c695ea52935ceb8d74da8d3bb51759e41a06bd0b419,none,none,none,none,evidence,revision_B_base,revision_B_base,5,200000.0,xlarge,45.0,80.0,5.0,0.5,1.0
6,45,dynamic_3step,0.5,0.8,10000.0,0.24709215600737597,7235.782624145315,0.24720781538395842,13.586464955339181,0.9263973371081325,12427,8480,8481,8493,8494,200017.48509557062,435.7809102474712,4029,"[[615283.4577724419,5466603.674597938],[615356.3324158511,5466546.152637595],[615260.5168410512,5466630.245623526],[615370.6482039264,5466562.009590552],[615279.8327597084,5466680.432836492]]",12552005c3b7dcefe6e0faf61ca7b7f591652f85e619dc40510fcf51611ff1a7,6defea3b94c2a160dae98e87c10227b9c81518278289d8e285d661996dbcd1a1,none,stationary,matched_prior_exact,1,0,"{""p_d"":0.8,""stage"":""c5-generalization"",""tau"":10000.0,""w"":0.5}",eeba6ec6b36996a8c22ff4c80fa204cd0d918597f69b98666fd42b58b41ef8c4,flat,temperate,337615,12.179117521137893,revision_C_base@2ce3a901fecb,2ce3a901fecb5ddde502d0a5eeffb8f48d73c5fd,fab97b80b871eeeac68aa1d75a33173cb368895f3e96803690e3cbc0acb1147d,c5-generalization_20260827_181139_043334_662411fc,662411fc2c56d0c02ce05c695ea52935ceb8d74da8d3bb51759e41a06bd0b419,none,none,none,none,evidence,revision_B_base,revision_B_base,5,200000.0,xlarge,45.0,80.0,5.0,0.5,1.0
6,48,online_static_3step,0.5,0.8,10000.0,0.24138783817267062,7277.563387123449,0.24157873445603895,13.90489464622448,0.9280828783358295,12197,8502,8503,8505,8506,200018.31287443277,379.9702919225674,3827,"[[615289.8589164005,5466685.970255334],[615265.5917150353,5466628.698326231],[615295.1929093595,5466559.907113866],[615287.2260539841,5466597.041883711],[615354.8573661029,5466590.457302821]]",0c5ebd0726da0e28847294133027a59d77d46fefc0ba8c7ad9525095d8a96825,4c329be480e74ba2186412e5a8d48b54e91637738faa40d3b28b97cceb5ad61b,none,stationary,matched_prior_exact,1,0,"{""p_d"":0.8,""stage"":""c5-generalization"",""tau"":10000.0,""w"":0.5}",eeba6ec6b36996a8c22ff4c80fa204cd0d918597f69b98666fd42b58b41ef8c4,flat,temperate,337615,12.179117521137893,revision_C_base@2ce3a901fecb,2ce3a901fecb5ddde502d0a5eeffb8f48d73c5fd,fab97b80b871eeeac68aa1d75a33173cb368895f3e96803690e3cbc0acb1147d,c5-generalization_20260827_181139_043334_662411fc,662411fc2c56d0c02ce05c695ea52935ceb8d74da8d3bb51759e41a06bd0b419,none,none,none,none,evidence,revision_B_base,revision_B_base,5,200000.0,xlarge,45.0,80.0,5.0,0.5,1.0
6,48,dynamic_3step,0.5,0.8,10000.0,0.2724414412446425,7138.317378012717,0.272661620965783,11.400537634408602,0.9122848384814902,14880,8505,8506,8505,8506,200008.14298532653,437.2660311695654,4018,"[[615289.8589164005,5466685.970255334],[615265.5917150353,5466628.698326231],[615295.1929093595,5466559.907113866],[615287.2260539841,5466597.041883711],[615354.8573661029,5466590.457302821]]",0c5ebd0726da0e28847294133027a59d77d46fefc0ba8c7ad9525095d8a96825,9a0dd76c4dfa540ba7e306dbadd910da47b682d661761e1742a2d80c3fbf2e22,none,stationary,matched_prior_exact,1,0,"{""p_d"":0.8,""stage"":""c5-generalization"",""tau"":10000.0,""w"":0.5}",eeba6ec6b36996a8c22ff4c80fa204cd0d918597f69b98666fd42b58b41ef8c4,flat,temperate,337615,12.179117521137893,revision_C_base@2ce3a901fecb,2ce3a901fecb5ddde502d0a5eeffb8f48d73c5fd,fab97b80b871eeeac68aa1d75a33173cb368895f3e96803690e3cbc0acb1147d,c5-generalization_20260827_181139_043334_662411fc,662411fc2c56d0c02ce05c695ea52935ceb8d74da8d3bb51759e41a06bd0b419,none,none,none,none,evidence,revision_B_base,revision_B_base,5,200000.0,xlarge,45.0,80.0,5.0,0.5,1.0
6,47,online_static_3step,0.5,0.8,10000.0,0.2065802212279304,7461.272024057058,0.20675009537123476,17.930119462945342,0.9442279231844152,9459,8498,8499,8501,8502,200004.8651050591,399.3502298016101,3973,"[[615344.1450141467,5466549.216512108],[615317.1761094015,5466642.905413487],[615404.0256752005,5466624.204892548],[615377.0509389461,5466724.057273706],[615306.4223859998,5466632.422457633]]",6069ba6c504dc099683bda0ad8071d3118351515ee682d0db0c79422570e4068,74300431a452a25b33e93b944b616a9499916ef63d20bfc777596e96d2fc89fc,none,stationary,matched_prior_exact,1,0,"{""p_d"":0.8,""stage"":""c5-generalization"",""tau"":10000.0,""w"":0.5}",eeba6ec6b36996a8c22ff4c80fa204cd0d918597f69b98666fd42b58b41ef8c4,flat,temperate,337615,12.179117521137893,revision_C_base@2ce3a901fecb,2ce3a901fecb5ddde502d0a5eeffb8f48d73c5fd,fab97b80b871eeeac68aa1d75a33173cb368895f3e96803690e3cbc0acb1147d,c5-generalization_20260827_181139_043334_662411fc,662411fc2c56d0c02ce05c695ea52935ceb8d74da8d3bb51759e41a06bd0b419,none,none,none,none,evidence,revision_B_base,revision_B_base,5,200000.0,xlarge,45.0,80.0,5.0,0.5,1.0
6,47,dynamic_3step,0.5,0.8,10000.0,0.27232265585427173,7143.006086706618,0.27260811029600207,11.454674412320994,0.9126993955476927,14804,8501,8502,8501,8502,200016.48285714432,429.8256642501801,3900,"[[615344.1450141467,5466549.216512108],[615317.1761094015,5466642.905413487],[615404.0256752005,5466624.204892548],[615377.0509389461,5466724.057273706],[615306.4223859998,5466632.422457633]]",6069ba6c504dc099683bda0ad8071d3118351515ee682d0db0c79422570e4068,983288c10ab9caa31a25da4e73553919780fd870da132749f22dd165ba42d8b5,none,stationary,matched_prior_exact,1,0,"{""p_d"":0.8,""stage"":""c5-generalization"",""tau"":10000.0,""w"":0.5}",eeba6ec6b36996a8c22ff4c80fa204cd0d918597f69b98666fd42b58b41ef8c4,flat,temperate,337615,12.179117521137893,revision_C_base@2ce3a901fecb,2ce3a901fecb5ddde502d0a5eeffb8f48d73c5fd,fab97b80b871eeeac68aa1d75a33173cb368895f3e96803690e3cbc0acb1147d,c5-generalization_20260827_181139_043334_662411fc,662411fc2c56d0c02ce05c695ea52935ceb8d74da8d3bb51759e41a06bd0b419,none,none,none,none,evidence,revision_B_base,revision_B_base,5,200000.0,xlarge,45.0,80.0,5.0,0.5,1.0
6,46,online_static_3step,0.5,0.8,10000.0,0.24642207681996664,7301.881859904513,0.24657141792581036,13.21492117995942,0.92432796333916,12814,8500,8501,8500,8501,200001.31246760927,420.9542664263863,4219,"[[615371.6582644582,5466620.382714886],[615337.4694604599,5466713.9813797455],[615375.2921735649,5466624.1772684185],[615288.019113584,5466572.010220938],[615262.3219970342,5466629.700155608]]",d149dc67b56dcaf541d65edc8d6897fe37b1f06d852ebca5858e5266f5dbac25,b9e1beef28d34c1b57ce4be84ef739288f54015f9a2d957a71bf6e633febe415,none,stationary,matched_prior_exact,1,0,"{""p_d"":0.8,""stage"":""c5-generalization"",""tau"":10000.0,""w"":0.5}",eeba6ec6b36996a8c22ff4c80fa204cd0d918597f69b98666fd42b58b41ef8c4,flat,temperate,337615,12.179117521137893,revision_C_base@2ce3a901fecb,2ce3a901fecb5ddde502d0a5eeffb8f48d73c5fd,fab97b80b871eeeac68aa1d75a33173cb368895f3e96803690e3cbc0acb1147d,c5-generalization_20260827_181139_043334_662411fc,662411fc2c56d0c02ce05c695ea52935ceb8d74da8d3bb51759e41a06bd0b419,none,none,none,none,evidence,revision_B_base,revision_B_base,5,200000.0,xlarge,45.0,80.0,5.0,0.5,1.0
6,46,dynamic_3step,0.5,0.8,10000.0,0.27355090603048104,7122.571367547628,0.27375877856769815,11.304580050741087,0.9115402787621073,14978,8495,8496,8500,8501,200014.45043662525,434.0199580315966,3998,"[[615371.6582644582,5466620.382714886],[615337.4694604599,5466713.9813797455],[615375.2921735649,5466624.1772684185],[615288.019113584,5466572.010220938],[615262.3219970342,5466629.700155608]]",d149dc67b56dcaf541d65edc8d6897fe37b1f06d852ebca5858e5266f5dbac25,25d8045cb779d49a2bccbb8f23d4d822b81afa0f6ac0cd09f4406fef5754fc1e,none,stationary,matched_prior_exact,1,0,"{""p_d"":0.8,""stage"":""c5-generalization"",""tau"":10000.0,""w"":0.5}",eeba6ec6b36996a8c22ff4c80fa204cd0d918597f69b98666fd42b58b41ef8c4,flat,temperate,337615,12.179117521137893,revision_C_base@2ce3a901fecb,2ce3a901fecb5ddde502d0a5eeffb8f48d73c5fd,fab97b80b871eeeac68aa1d75a33173cb368895f3e96803690e3cbc0acb1147d,c5-generalization_20260827_181139_043334_662411fc,662411fc2c56d0c02ce05c695ea52935ceb8d74da8d3bb51759e41a06bd0b419,none,none,none,none,evidence,revision_B_base,revision_B_base,5,200000.0,xlarge,45.0,80.0,5.0,0.5,1.0
6,49,online_static_3step,0.5,0.8,10000.0,0.24675465311033307,7242.607611810183,0.24693426415619918,13.657518766647833,0.92678025803325,12389,8489,8490,8489,8490,200000.52762894504,403.2955556605011,4006,"[[615298.4637039237,5466694.370928006],[615287.1515302953,5466685.506395088],[615342.1126733782,5466626.241740963],[615365.0515309137,5466537.490987954],[615315.2555004169,5466633.9665035615]]",bd2fe3251942199c9fb0a19883f0e4a31bbd2de8f045df6a2fafccc8ea790d4f,a9d280808bb1f5ab78b3d04a5380ec9de666cb62a03c7a09f507a1a182b0561c,none,stationary,matched_prior_exact,1,0,"{""p_d"":0.8,""stage"":""c5-generalization"",""tau"":10000.0,""w"":0.5}",eeba6ec6b36996a8c22ff4c80fa204cd0d918597f69b98666fd42b58b41ef8c4,flat,temperate,337615,12.179117521137893,revision_C_base@2ce3a901fecb,2ce3a901fecb5ddde502d0a5eeffb8f48d73c5fd,fab97b80b871eeeac68aa1d75a33173cb368895f3e96803690e3cbc0acb1147d,c5-generalization_20260827_181139_043334_662411fc,662411fc2c56d0c02ce05c695ea52935ceb8d74da8d3bb51759e41a06bd0b419,none,none,none,none,evidence,revision_B_base,revision_B_base,5,200000.0,xlarge,45.0,80.0,5.0,0.5,1.0
6,49,dynamic_3step,0.5,0.8,10000.0,0.2753100387962959,7127.290438384263,0.275503784054277,11.47516960651289,0.912855318545145,14740,8488,8489,8489,8490,200012.51846131094,425.73864639992826,3869,"[[615298.4637039237,5466694.370928006],[615287.1515302953,5466685.506395088],[615342.1126733782,5466626.241740963],[615365.0515309137,5466537.490987954],[615315.2555004169,5466633.9665035615]]",bd2fe3251942199c9fb0a19883f0e4a31bbd2de8f045df6a2fafccc8ea790d4f,ecd41b434a8cfdfb3beb96e8b6c35cca839b8c13d87714d519a3b85b562c1794,none,stationary,matched_prior_exact,1,0,"{""p_d"":0.8,""stage"":""c5-generalization"",""tau"":10000.0,""w"":0.5}",eeba6ec6b36996a8c22ff4c80fa204cd0d918597f69b98666fd42b58b41ef8c4,flat,temperate,337615,12.179117521137893,revision_C_base@2ce3a901fecb,2ce3a901fecb5ddde502d0a5eeffb8f48d73c5fd,fab97b80b871eeeac68aa1d75a33173cb368895f3e96803690e3cbc0acb1147d,c5-generalization_20260827_181139_043334_662411fc,662411fc2c56d0c02ce05c695ea52935ceb8d74da8d3bb51759e41a06bd0b419,none,none,none,none,evidence,revision_B_base,revision_B_base,5,200000.0,xlarge,45.0,80.0,5.0,0.5,1.0
6,50,online_static_3step,0.5,0.8,10000.0,0.24024998214560228,7271.040006776157,0.24039606093004273,14.01347028119212,0.9286400884339029,11878,8411,8412,8506,8507,200020.17163237953,425.9153158876579,4242,"[[615369.8865119275,5466547.122410028],[615254.3869186047,5466606.664859565],[615355.2610845749,5466716.071943262],[615417.0166939574,5466665.528918338],[615306.4478539919,5466665.607337518]]",53e8cf0d809f72f1d5e1250df324464f606775b46f1e1ed50186dea0e66da9fb,d32294b0cb1fe98b761072b5480f3671a3af0b5a5c28ea566867823b50e69948,none,stationary,matched_prior_exact,1,0,"{""p_d"":0.8,""stage"":""c5-generalization"",""tau"":10000.0,""w"":0.5}",eeba6ec6b36996a8c22ff4c80fa204cd0d918597f69b98666fd42b58b41ef8c4,flat,temperate,337615,12.179117521137893,revision_C_base@2ce3a901fecb,2ce3a901fecb5ddde502d0a5eeffb8f48d73c5fd,fab97b80b871eeeac68aa1d75a33173cb368895f3e96803690e3cbc0acb1147d,c5-generalization_20260827_181139_043334_662411fc,662411fc2c56d0c02ce05c695ea52935ceb8d74da8d3bb51759e41a06bd0b419,none,none,none,none,evidence,revision_B_base,revision_B_base,5,200000.0,xlarge,45.0,80.0,5.0,0.5,1.0
6,50,dynamic_3step,0.5,0.8,10000.0,0.23417419186952243,7367.181414239078,0.2342894302895878,14.833231253827982,0.9325838057205552,11429,8506,8507,8506,8507,200024.40936696535,442.69274059217423,4140,"[[615369.8865119275,5466547.122410028],[615254.3869186047,5466606.664859565],[615355.2610845749,5466716.071943262],[615417.0166939574,5466665.528918338],[615306.4478539919,5466665.607337518]]",53e8cf0d809f72f1d5e1250df324464f606775b46f1e1ed50186dea0e66da9fb,cd0fa7212865cfa698acc17fd8e4da222ae2ea95a52318523e6688b1c0dd5e5f,none,stationary,matched_prior_exact,1,0,"{""p_d"":0.8,""stage"":""c5-generalization"",""tau"":10000.0,""w"":0.5}",eeba6ec6b36996a8c22ff4c80fa204cd0d918597f69b98666fd42b58b41ef8c4,flat,temperate,337615,12.179117521137893,revision_C_base@2ce3a901fecb,2ce3a901fecb5ddde502d0a5eeffb8f48d73c5fd,fab97b80b871eeeac68aa1d75a33173cb368895f3e96803690e3cbc0acb1147d,c5-generalization_20260827_181139_043334_662411fc,662411fc2c56d0c02ce05c695ea52935ceb8d74da8d3bb51759e41a06bd0b419,none,none,none,none,evidence,revision_B_base,revision_B_base,5,200000.0,xlarge,45.0,80.0,5.0,0.5,1.0
6,51,online_static_3step,0.5,0.8,10000.0,0.2641996105301506,7189.283998644615,0.2643773038405083,12.016222725984699,0.9167791723902111,14116,8508,8509,8508,8509,200004.754196262,417.48097836901434,4104,"[[615400.4499230727,5466616.306717642],[615347.160423731,5466683.075516787],[615359.113231204,5466590.562814815],[615377.9765409298,5466555.513545672],[615286.7857510466,5466669.013879783]]",b8ac6e56ffbb7f6f6d9b3e28a5e3ad271ca635c021faf58db48ad9ffc3929906,038c95fe25bc7a98df84e2ed7904a4b89a201ea406ee1e934c46d7247dd2640d,none,stationary,matched_prior_exact,1,0,"{""p_d"":0.8,""stage"":""c5-generalization"",""tau"":10000.0,""w"":0.5}",eeba6ec6b36996a8c22ff4c80fa204cd0d918597f69b98666fd42b58b41ef8c4,flat,temperate,337615,12.179117521137893,revision_C_base@2ce3a901fecb,2ce3a901fecb5ddde502d0a5eeffb8f48d73c5fd,fab97b80b871eeeac68aa1d75a33173cb368895f3e96803690e3cbc0acb1147d,c5-generalization_20260827_181139_043334_662411fc,662411fc2c56d0c02ce05c695ea52935ceb8d74da8d3bb51759e41a06bd0b419,none,none,none,none,evidence,revision_B_base,revision_B_base,5,200000.0,xlarge,45.0,80.0,5.0,0.5,1.0
6,51,dynamic_3step,0.5,0.8,10000.0,0.20707538327786038,7464.601727344466,0.20712121550508344,17.955527318932656,0.944306843110891,9444,8504,8505,8508,8509,200018.21358300798,432.25577165326104,3995,"[[615400.4499230727,5466616.306717642],[615347.160423731,5466683.075516787],[615359.113231204,5466590.562814815],[615377.9765409298,5466555.513545672],[615286.7857510466,5466669.013879783]]",b8ac6e56ffbb7f6f6d9b3e28a5e3ad271ca635c021faf58db48ad9ffc3929906,91c4e81fe0ea2d6350b369f5a4b4f6e54ac4664d94ad927d1b7abb3ff7081732,none,stationary,matched_prior_exact,1,0,"{""p_d"":0.8,""stage"":""c5-generalization"",""tau"":10000.0,""w"":0.5}",eeba6ec6b36996a8c22ff4c80fa204cd0d918597f69b98666fd42b58b41ef8c4,flat,temperate,337615,12.179117521137893,revision_C_base@2ce3a901fecb,2ce3a901fecb5ddde502d0a5eeffb8f48d73c5fd,fab97b80b871eeeac68aa1d75a33173cb368895f3e96803690e3cbc0acb1147d,c5-generalization_20260827_181139_043334_662411fc,662411fc2c56d0c02ce05c695ea52935ceb8d74da8d3bb51759e41a06bd0b419,none,none,none,none,evidence,revision_B_base,revision_B_base,5,200000.0,xlarge,45.0,80.0,5.0,0.5,1.0
7,43,online_static_3step,0.5,0.8,10000.0,0.04716963371783856,7904.146121492292,0.04720527649273838,57.58216654384672,0.9826335120746362,2714,8087,8088,8245,8246,200021.04284159545,428.94858551118523,4503,"[[686501.850052101,5838975.471476613],[686604.7862606267,5839004.072561169],[686473.4289899769,5838967.896738424],[686514.4804707655,5838941.2263576565],[686455.0549351819,5839024.936270974]]",70146d654c8d3e205eae3a8c1c32c196b80ae26034bb8660a9cf58293ef56344,aec5e025c52359aee661809d7450170115adaa0459272e540b4769370d85e9e5,none,stationary,matched_prior_exact,1,0,"{""p_d"":0.8,""stage"":""c5-generalization"",""tau"":10000.0,""w"":0.5}",eeba6ec6b36996a8c22ff4c80fa204cd0d918597f69b98666fd42b58b41ef8c4,flat,temperate,340140,12.167687839123431,revision_C_base@2ce3a901fecb,2ce3a901fecb5ddde502d0a5eeffb8f48d73c5fd,fab97b80b871eeeac68aa1d75a33173cb368895f3e96803690e3cbc0acb1147d,c5-generalization_20260827_181139_043334_662411fc,662411fc2c56d0c02ce05c695ea52935ceb8d74da8d3bb51759e41a06bd0b419,none,none,none,none,evidence,revision_B_base,revision_B_base,5,200000.0,xlarge,45.0,80.0,5.0,0.5,1.0
7,43,dynamic_3step,0.5,0.8,10000.0,0.1662902550348909,7303.5003796782985,0.16647385640224252,9.524163130598774,0.8950038983701101,16968,8245,8246,8245,8246,200020.57738839602,478.8860767930746,4436,"[[686501.850052101,5838975.471476613],[686604.7862606267,5839004.072561169],[686473.4289899769,5838967.896738424],[686514.4804707655,5838941.2263576565],[686455.0549351819,5839024.936270974]]",70146d654c8d3e205eae3a8c1c32c196b80ae26034bb8660a9cf58293ef56344,55dff513ef381d0ef509f93b9fa94e86cb13f21130b37983e7ef8c0a9e51c2bd,none,stationary,matched_prior_exact,1,0,"{""p_d"":0.8,""stage"":""c5-generalization"",""tau"":10000.0,""w"":0.5}",eeba6ec6b36996a8c22ff4c80fa204cd0d918597f69b98666fd42b58b41ef8c4,flat,temperate,340140,12.167687839123431,revision_C_base@2ce3a901fecb,2ce3a901fecb5ddde502d0a5eeffb8f48d73c5fd,fab97b80b871eeeac68aa1d75a33173cb368895f3e96803690e3cbc0acb1147d,c5-generalization_20260827_181139_043334_662411fc,662411fc2c56d0c02ce05c695ea52935ceb8d74da8d3bb51759e41a06bd0b419,none,none,none,none,evidence,revision_B_base,revision_B_base,5,200000.0,xlarge,45.0,80.0,5.0,0.5,1.0
7,42,online_static_3step,0.5,0.8,10000.0,0.09431636074764663,7675.489790993591,0.0944195892142644,24.62956629877196,0.9593983918405473,6433,8151,8152,8232,8233,200010.39689102108,541.4616831110325,5622,"[[686523.8362532025,5838927.075221443],[686566.5636703096,5838927.763184127],[686595.8818124438,5839047.670062982],[686520.1027265164,5838904.130887055],[686560.4193126771,5839040.947809029]]",006da335f256203469592a62a852eccffab880f7309f6633631136cbb4337c3b,f41e9a54a63718366b89b2216f3ebdd7969ce8409943bee0795a7e0805076ea7,none,stationary,matched_prior_exact,1,0,"{""p_d"":0.8,""stage"":""c5-generalization"",""tau"":10000.0,""w"":0.5}",eeba6ec6b36996a8c22ff4c80fa204cd0d918597f69b98666fd42b58b41ef8c4,flat,temperate,340140,12.167687839123431,revision_C_base@2ce3a901fecb,2ce3a901fecb5ddde502d0a5eeffb8f48d73c5fd,fab97b80b871eeeac68aa1d75a33173cb368895f3e96803690e3cbc0acb1147d,c5-generalization_20260827_181139_043334_662411fc,662411fc2c56d0c02ce05c695ea52935ceb8d74da8d3bb51759e41a06bd0b419,none,none,none,none,evidence,revision_B_base,revision_B_base,5,200000.0,xlarge,45.0,80.0,5.0,0.5,1.0
7,42,dynamic_3step,0.5,0.8,10000.0,0.16810052591560243,7444.081764847958,0.16830760477252937,10.141508840369974,0.901395343065784,15893,8232,8233,8232,8233,200004.8319121477,513.5622899844311,4811,"[[686523.8362532025,5838927.075221443],[686566.5636703096,5838927.763184127],[686595.8818124438,5839047.670062982],[686520.1027265164,5838904.130887055],[686560.4193126771,5839040.947809029]]",006da335f256203469592a62a852eccffab880f7309f6633631136cbb4337c3b,eead37c088456bdaf7b6d32cfbc41ce1e2f875fd8c6893d0faf4c4009feb6d6e,none,stationary,matched_prior_exact,1,0,"{""p_d"":0.8,""stage"":""c5-generalization"",""tau"":10000.0,""w"":0.5}",eeba6ec6b36996a8c22ff4c80fa204cd0d918597f69b98666fd42b58b41ef8c4,flat,temperate,340140,12.167687839123431,revision_C_base@2ce3a901fecb,2ce3a901fecb5ddde502d0a5eeffb8f48d73c5fd,fab97b80b871eeeac68aa1d75a33173cb368895f3e96803690e3cbc0acb1147d,c5-generalization_20260827_181139_043334_662411fc,662411fc2c56d0c02ce05c695ea52935ceb8d74da8d3bb51759e41a06bd0b419,none,none,none,none,evidence,revision_B_base,revision_B_base,5,200000.0,xlarge,45.0,80.0,5.0,0.5,1.0
7,45,online_static_3step,0.5,0.8,10000.0,0.06822825658231588,7787.800900840991,0.0682931648579073,31.14429729195493,0.9678913930654548,5059,8125,8126,8262,8263,200023.9118437539,436.69600822078064,4465,"[[686448.745187684,5838960.333198625],[686521.6198310931,5838902.811238282],[686425.8042562932,5838986.904224213],[686535.9356191684,5838918.668191239],[686445.1201749505,5839037.091437179]]",b98c42be92a0d05dad7817d60024cbaa2a663d58f33ed7d93a3770ce5fd54421,1607ab903eaf53f6fcd425b25f71d8fab49463cbfc9feebdaa6c92b2690eabee,none,stationary,matched_prior_exact,1,0,"{""p_d"":0.8,""stage"":""c5-generalization"",""tau"":10000.0,""w"":0.5}",eeba6ec6b36996a8c22ff4c80fa204cd0d918597f69b98666fd42b58b41ef8c4,flat,temperate,340140,12.167687839123431,revision_C_base@2ce3a901fecb,2ce3a901fecb5ddde502d0a5eeffb8f48d73c5fd,fab97b80b871eeeac68aa1d75a33173cb368895f3e96803690e3cbc0acb1147d,c5-generalization_20260827_181139_043334_662411fc,662411fc2c56d0c02ce05c695ea52935ceb8d74da8d3bb51759e41a06bd0b419,none,none,none,none,evidence,revision_B_base,revision_B_base,5,200000.0,xlarge,45.0,80.0,5.0,0.5,1.0
7,45,dynamic_3step,0.5,0.8,10000.0,0.19214557964534976,7350.2681786883995,0.19237160298423836,9.774770973963356,0.8976958127547277,16592,8262,8263,8262,8263,200020.8857957677,427.31357449432835,3920,"[[686448.745187684,5838960.333198625],[686521.6198310931,5838902.811238282],[686425.8042562932,5838986.904224213],[686535.9356191684,5838918.668191239],[686445.1201749505,5839037.091437179]]",b98c42be92a0d05dad7817d60024cbaa2a663d58f33ed7d93a3770ce5fd54421,31ff0a70535ff7c82d617eb6b1c19f174b95a288a9f15033305d0e9de4c09a0c,none,stationary,matched_prior_exact,1,0,"{""p_d"":0.8,""stage"":""c5-generalization"",""tau"":10000.0,""w"":0.5}",eeba6ec6b36996a8c22ff4c80fa204cd0d918597f69b98666fd42b58b41ef8c4,flat,temperate,340140,12.167687839123431,revision_C_base@2ce3a901fecb,2ce3a901fecb5ddde502d0a5eeffb8f48d73c5fd,fab97b80b871eeeac68aa1d75a33173cb368895f3e96803690e3cbc0acb1147d,c5-generalization_20260827_181139_043334_662411fc,662411fc2c56d0c02ce05c695ea52935ceb8d74da8d3bb51759e41a06bd0b419,none,none,none,none,evidence,revision_B_base,revision_B_base,5,200000.0,xlarge,45.0,80.0,5.0,0.5,1.0
7,48,online_static_3step,0.5,0.8,10000.0,0.04253479959841166,7950.201015202796,0.04256303301400875,61.69616752271829,0.983791537786658,2531,8083,8084,8271,8272,200000.95978586638,496.5655325029511,5270,"[[686455.1463316425,5839042.628856021],[686430.8791302773,5838985.356926918],[686460.4803246015,5838916.565714553],[686452.5134692262,5838953.700484398],[686520.1447813449,5838947.115903508]]",b85f9723792ce7b18415898fc551ccbb69b3a52f396789496392181de2ff1369,8310baf8f52555d74b2b59f3b1bc43a5ce7c1ba4cc45936d39a1583f43723c24,none,stationary,matched_prior_exact,1,0,"{""p_d"":0.8,""stage"":""c5-generalization"",""tau"":10000.0,""w"":0.5}",eeba6ec6b36996a8c22ff4c80fa204cd0d918597f69b98666fd42b58b41ef8c4,flat,temperate,340140,12.167687839123431,revision_C_base@2ce3a901fecb,2ce3a901fecb5ddde502d0a5eeffb8f48d73c5fd,fab97b80b871eeeac68aa1d75a33173cb368895f3e96803690e3cbc0acb1147d,c5-generalization_20260827_181139_043334_662411fc,662411fc2c56d0c02ce05c695ea52935ceb8d74da8d3bb51759e41a06bd0b419,none,none,none,none,evidence,revision_B_base,revision_B_base,5,200000.0,xlarge,45.0,80.0,5.0,0.5,1.0
7,48,dynamic_3step,0.5,0.8,10000.0,0.18548786751461108,7371.046878946197,0.1857192288599377,9.964736906660125,0.8996461211804166,16306,8271,8272,8271,8272,200014.44669773878,473.36909230286255,4456,"[[686455.1463316425,5839042.628856021],[686430.8791302773,5838985.356926918],[686460.4803246015,5838916.565714553],[686452.5134692262,5838953.700484398],[686520.1447813449,5838947.115903508]]",b85f9723792ce7b18415898fc551ccbb69b3a52f396789496392181de2ff1369,3b4c4b9c95ec3a0f770c375a2ee3f844caffccaedfe5170585da0629163fab82,none,stationary,matched_prior_exact,1,0,"{""p_d"":0.8,""stage"":""c5-generalization"",""tau"":10000.0,""w"":0.5}",eeba6ec6b36996a8c22ff4c80fa204cd0d918597f69b98666fd42b58b41ef8c4,flat,temperate,340140,12.167687839123431,revision_C_base@2ce3a901fecb,2ce3a901fecb5ddde502d0a5eeffb8f48d73c5fd,fab97b80b871eeeac68aa1d75a33173cb368895f3e96803690e3cbc0acb1147d,c5-generalization_20260827_181139_043334_662411fc,662411fc2c56d0c02ce05c695ea52935ceb8d74da8d3bb51759e41a06bd0b419,none,none,none,none,evidence,revision_B_base,revision_B_base,5,200000.0,xlarge,45.0,80.0,5.0,0.5,1.0
7,44,online_static_3step,0.5,0.8,10000.0,0.0434620322779693,7931.519996773128,0.04350111611457751,40.003819709702064,0.9750023870906139,3927,8111,8112,8254,8255,200000.17277430842,550.3577397151385,5735,"[[686550.3719393034,5839027.944815845],[686432.2114798157,5839047.514619678],[686562.3711137616,5839071.464514369],[686544.1074016276,5839042.245650976],[686479.4570754749,5838922.012930993]]",11105a2cc12ea269694f1fa8b45ff83d4588344c41b1c28dbb5cea328ef765c7,df559f706ece68394817e3194509442ba210687e035fee47d891fb0c894f44b2,none,stationary,matched_prior_exact,1,0,"{""p_d"":0.8,""stage"":""c5-generalization"",""tau"":10000.0,""w"":0.5}",eeba6ec6b36996a8c22ff4c80fa204cd0d918597f69b98666fd42b58b41ef8c4,flat,temperate,340140,12.167687839123431,revision_C_base@2ce3a901fecb,2ce3a901fecb5ddde502d0a5eeffb8f48d73c5fd,fab97b80b871eeeac68aa1d75a33173cb368895f3e96803690e3cbc0acb1147d,c5-generalization_20260827_181139_043334_662411fc,662411fc2c56d0c02ce05c695ea52935ceb8d74da8d3bb51759e41a06bd0b419,none,none,none,none,evidence,revision_B_base,revision_B_base,5,200000.0,xlarge,45.0,80.0,5.0,0.5,1.0
7,44,dynamic_3step,0.5,0.8,10000.0,0.20790906644872081,7276.721371426612,0.20815701645128756,9.661137299361537,0.8964925174941789,16759,8254,8255,8254,8255,200020.56702993307,507.8665237056557,4676,"[[686550.3719393034,5839027.944815845],[686432.2114798157,5839047.514619678],[686562.3711137616,5839071.464514369],[686544.1074016276,5839042.245650976],[686479.4570754749,5838922.012930993]]",11105a2cc12ea269694f1fa8b45ff83d4588344c41b1c28dbb5cea328ef765c7,a1f807c262de14dd184d111a2c29529dcf67c05b57046b2420729cf404e67a24,none,stationary,matched_prior_exact,1,0,"{""p_d"":0.8,""stage"":""c5-generalization"",""tau"":10000.0,""w"":0.5}",eeba6ec6b36996a8c22ff4c80fa204cd0d918597f69b98666fd42b58b41ef8c4,flat,temperate,340140,12.167687839123431,revision_C_base@2ce3a901fecb,2ce3a901fecb5ddde502d0a5eeffb8f48d73c5fd,fab97b80b871eeeac68aa1d75a33173cb368895f3e96803690e3cbc0acb1147d,c5-generalization_20260827_181139_043334_662411fc,662411fc2c56d0c02ce05c695ea52935ceb8d74da8d3bb51759e41a06bd0b419,none,none,none,none,evidence,revision_B_base,revision_B_base,5,200000.0,xlarge,45.0,80.0,5.0,0.5,1.0
7,51,online_static_3step,0.5,0.8,10000.0,0.06659897797305352,7807.7044195170565,0.06666198774160682,31.455670926517573,0.9682092299879388,5008,8124,8125,8274,8275,200010.60238885437,406.9891863402445,4162,"[[686565.7373383148,5838972.965318329],[686512.447838973,5839039.734117474],[686524.400646446,5838947.221415502],[686543.2639561718,5838912.172146359],[686452.0731662887,5839025.6724804705]]",a8f19df2d616560c37b26732016a8ecb989b028f1788c364e916ef8c4d117ae0,cabb2b0b37d643b46bab1c54442254627d297e2aaba8a9df5e3caae5d17ce885,none,stationary,matched_prior_exact,1,0,"{""p_d"":0.8,""stage"":""c5-generalization"",""tau"":10000.0,""w"":0.5}",eeba6ec6b36996a8c22ff4c80fa204cd0d918597f69b98666fd42b58b41ef8c4,flat,temperate,340140,12.167687839123431,revision_C_base@2ce3a901fecb,2ce3a901fecb5ddde502d0a5eeffb8f48d73c5fd,fab97b80b871eeeac68aa1d75a33173cb368895f3e96803690e3cbc0acb1147d,c5-generalization_20260827_181139_043334_662411fc,662411fc2c56d0c02ce05c695ea52935ceb8d74da8d3bb51759e41a06bd0b419,none,none,none,none,evidence,revision_B_base,revision_B_base,5,200000.0,xlarge,45.0,80.0,5.0,0.5,1.0
7,51,dynamic_3step,0.5,0.8,10000.0,0.20246940520901785,7344.298640218669,0.20270127960255468,9.891288477917021,0.8989009366946916,16438,8274,8275,8274,8275,200003.15642034006,429.302284588106,3990,"[[686565.7373383148,5838972.965318329],[686512.447838973,5839039.734117474],[686524.400646446,5838947.221415502],[686543.2639561718,5838912.172146359],[686452.0731662887,5839025.6724804705]]",a8f19df2d616560c37b26732016a8ecb989b028f1788c364e916ef8c4d117ae0,24f66cff75a64911d9763fdd20c66cddd54b1cb8d0fbf9709a6d3f4588a0af5c,none,stationary,matched_prior_exact,1,0,"{""p_d"":0.8,""stage"":""c5-generalization"",""tau"":10000.0,""w"":0.5}",eeba6ec6b36996a8c22ff4c80fa204cd0d918597f69b98666fd42b58b41ef8c4,flat,temperate,340140,12.167687839123431,revision_C_base@2ce3a901fecb,2ce3a901fecb5ddde502d0a5eeffb8f48d73c5fd,fab97b80b871eeeac68aa1d75a33173cb368895f3e96803690e3cbc0acb1147d,c5-generalization_20260827_181139_043334_662411fc,662411fc2c56d0c02ce05c695ea52935ceb8d74da8d3bb51759e41a06bd0b419,none,none,none,none,evidence,revision_B_base,revision_B_base,5,200000.0,xlarge,45.0,80.0,5.0,0.5,1.0
7,49,online_static_3step,0.5,0.8,10000.0,0.07038280641320202,7765.463988264254,0.07045411400792333,30.668936004668353,0.9673937172177156,5141,8128,8129,8260,8261,200017.39460868406,449.3642921349965,4641,"[[686463.7511191658,5839051.029528693],[686452.4389455373,5839042.164995775],[686507.4000886203,5838982.9003416505],[686530.3389461557,5838894.149588641],[686480.5429156589,5838990.6251042485]]",7137273470d24672442ea78e63e70285e5d060f4e2f115c218a2de9cd51b6c0a,b9f1d9533e84d87db78c5343f4d068e6d42938aa38eaaaf956e8a91d8820d5f5,none,stationary,matched_prior_exact,1,0,"{""p_d"":0.8,""stage"":""c5-generalization"",""tau"":10000.0,""w"":0.5}",eeba6ec6b36996a8c22ff4c80fa204cd0d918597f69b98666fd42b58b41ef8c4,flat,temperate,340140,12.167687839123431,revision_C_base@2ce3a901fecb,2ce3a901fecb5ddde502d0a5eeffb8f48d73c5fd,fab97b80b871eeeac68aa1d75a33173cb368895f3e96803690e3cbc0acb1147d,c5-generalization_20260827_181139_043334_662411fc,662411fc2c56d0c02ce05c695ea52935ceb8d74da8d3bb51759e41a06bd0b419,none,none,none,none,evidence,revision_B_base,revision_B_base,5,200000.0,xlarge,45.0,80.0,5.0,0.5,1.0
7,49,dynamic_3step,0.5,0.8,10000.0,0.21290597829513966,7315.502625795257,0.21317026311613996,9.78512795750845,0.8978040957315568,16568,8260,8261,8260,8261,200020.62181028203,509.3774918206036,4781,"[[686463.7511191658,5839051.029528693],[686452.4389455373,5839042.164995775],[686507.4000886203,5838982.9003416505],[686530.3389461557,5838894.149588641],[686480.5429156589,5838990.6251042485]]",7137273470d24672442ea78e63e70285e5d060f4e2f115c218a2de9cd51b6c0a,50c27d4616b8397af19ea429a8c5a6403b23a9ccb3cb3ed2f2165a59316b45a1,none,stationary,matched_prior_exact,1,0,"{""p_d"":0.8,""stage"":""c5-generalization"",""tau"":10000.0,""w"":0.5}",eeba6ec6b36996a8c22ff4c80fa204cd0d918597f69b98666fd42b58b41ef8c4,flat,temperate,340140,12.167687839123431,revision_C_base@2ce3a901fecb,2ce3a901fecb5ddde502d0a5eeffb8f48d73c5fd,fab97b80b871eeeac68aa1d75a33173cb368895f3e96803690e3cbc0acb1147d,c5-generalization_20260827_181139_043334_662411fc,662411fc2c56d0c02ce05c695ea52935ceb8d74da8d3bb51759e41a06bd0b419,none,none,none,none,evidence,revision_B_base,revision_B_base,5,200000.0,xlarge,45.0,80.0,5.0,0.5,1.0
7,46,online_static_3step,0.5,0.8,10000.0,0.09724596650470911,7632.791893557962,0.09735164891239181,24.00946420393833,0.9583497577661076,6551,8117,8118,8252,8253,200018.67948501406,512.502536212327,5282,"[[686536.9456797002,5838977.041315573],[686502.756875702,5839070.639980433],[686540.579588807,5838980.8358691055],[686453.306528826,5838928.668821625],[686427.6094122763,5838986.358756295]]",72b2a4b6cfa190859e858989a9c94ff8592eebd82cfee1e5bcbe8e4fddf368a3,8f60d7c409155f73f1e85e01bf10b5b3c00e034f16db3234902ffd5091a2c82c,none,stationary,matched_prior_exact,1,0,"{""p_d"":0.8,""stage"":""c5-generalization"",""tau"":10000.0,""w"":0.5}",eeba6ec6b36996a8c22ff4c80fa204cd0d918597f69b98666fd42b58b41ef8c4,flat,temperate,340140,12.167687839123431,revision_C_base@2ce3a901fecb,2ce3a901fecb5ddde502d0a5eeffb8f48d73c5fd,fab97b80b871eeeac68aa1d75a33173cb368895f3e96803690e3cbc0acb1147d,c5-generalization_20260827_181139_043334_662411fc,662411fc2c56d0c02ce05c695ea52935ceb8d74da8d3bb51759e41a06bd0b419,none,none,none,none,evidence,revision_B_base,revision_B_base,5,200000.0,xlarge,45.0,80.0,5.0,0.5,1.0
7,46,dynamic_3step,0.5,0.8,10000.0,0.2030827688167457,7321.75709318287,0.20334832217976231,9.629105188005711,0.8961481902549338,16808,8252,8253,8252,8253,200006.83092709296,512.3317362868693,4696,"[[686536.9456797002,5838977.041315573],[686502.756875702,5839070.639980433],[686540.579588807,5838980.8358691055],[686453.306528826,5838928.668821625],[686427.6094122763,5838986.358756295]]",72b2a4b6cfa190859e858989a9c94ff8592eebd82cfee1e5bcbe8e4fddf368a3,60c92f1107b702a17a7865e19fbad87bf4f6bb3691b247ee6f4cd0821232c42e,none,stationary,matched_prior_exact,1,0,"{""p_d"":0.8,""stage"":""c5-generalization"",""tau"":10000.0,""w"":0.5}",eeba6ec6b36996a8c22ff4c80fa204cd0d918597f69b98666fd42b58b41ef8c4,flat,temperate,340140,12.167687839123431,revision_C_base@2ce3a901fecb,2ce3a901fecb5ddde502d0a5eeffb8f48d73c5fd,fab97b80b871eeeac68aa1d75a33173cb368895f3e96803690e3cbc0acb1147d,c5-generalization_20260827_181139_043334_662411fc,662411fc2c56d0c02ce05c695ea52935ceb8d74da8d3bb51759e41a06bd0b419,none,none,none,none,evidence,revision_B_base,revision_B_base,5,200000.0,xlarge,45.0,80.0,5.0,0.5,1.0
7,47,online_static_3step,0.5,0.8,10000.0,0.09674057957315174,7624.913642423873,0.09683152463299786,24.276194852941178,0.9588073828679603,6528,8152,8153,8266,8267,200014.94790249877,528.6974501479417,5411,"[[686509.4324293887,5838905.875112795],[686482.4635246436,5838999.564014174],[686569.3130904426,5838980.863493235],[686542.3383541881,5839080.7158743935],[686471.7098012419,5838989.08105832]]",b7d406c52d39becdb0bc74a2cb1a4d4b67e866429a333098a2a57fcb23220f96,c9747b7f3277fa4d93cac1016b181620c406a0ba605fdf076d9bc98bd5c59cd6,none,stationary,matched_prior_exact,1,0,"{""p_d"":0.8,""stage"":""c5-generalization"",""tau"":10000.0,""w"":0.5}",eeba6ec6b36996a8c22ff4c80fa204cd0d918597f69b98666fd42b58b41ef8c4,flat,temperate,340140,12.167687839123431,revision_C_base@2ce3a901fecb,2ce3a901fecb5ddde502d0a5eeffb8f48d73c5fd,fab97b80b871eeeac68aa1d75a33173cb368895f3e96803690e3cbc0acb1147d,c5-generalization_20260827_181139_043334_662411fc,662411fc2c56d0c02ce05c695ea52935ceb8d74da8d3bb51759e41a06bd0b419,none,none,none,none,evidence,revision_B_base,revision_B_base,5,200000.0,xlarge,45.0,80.0,5.0,0.5,1.0
7,47,dynamic_3step,0.5,0.8,10000.0,0.1796733708666589,7331.14984637921,0.17990210503099183,9.84533268635895,0.8984290290783638,16487,8266,8267,8266,8267,200021.12749482383,508.99023408070207,4692,"[[686509.4324293887,5838905.875112795],[686482.4635246436,5838999.564014174],[686569.3130904426,5838980.863493235],[686542.3383541881,5839080.7158743935],[686471.7098012419,5838989.08105832]]",b7d406c52d39becdb0bc74a2cb1a4d4b67e866429a333098a2a57fcb23220f96,1346380240556d3d327505d2f1f4497844f4c69c8eddc00029a509af3b8f84fe,none,stationary,matched_prior_exact,1,0,"{""p_d"":0.8,""stage"":""c5-generalization"",""tau"":10000.0,""w"":0.5}",eeba6ec6b36996a8c22ff4c80fa204cd0d918597f69b98666fd42b58b41ef8c4,flat,temperate,340140,12.167687839123431,revision_C_base@2ce3a901fecb,2ce3a901fecb5ddde502d0a5eeffb8f48d73c5fd,fab97b80b871eeeac68aa1d75a33173cb368895f3e96803690e3cbc0acb1147d,c5-generalization_20260827_181139_043334_662411fc,662411fc2c56d0c02ce05c695ea52935ceb8d74da8d3bb51759e41a06bd0b419,none,none,none,none,evidence,revision_B_base,revision_B_base,5,200000.0,xlarge,45.0,80.0,5.0,0.5,1.0
7,50,online_static_3step,0.5,0.8,10000.0,0.08347640827605958,7662.789398887167,0.08355425801058537,27.15844646846537,0.9631790426171418,5819,8139,8140,8263,8264,200006.72803027715,478.4625314264558,4893,"[[686535.1739271695,5838903.781010715],[686419.6743338468,5838963.323460252],[686520.5484998169,5839072.730543949],[686582.3041091994,5839022.187519025],[686471.7352692339,5839022.265938205]]",fdf9951f218e61b913618a579bd13a77417b8831a28d26d86ea79bbbe03fffcf,1671e1daa2a4c5a921ec14c52b25810b41c7b08c5164af0bf5d94e6346ba83ce,none,stationary,matched_prior_exact,1,0,"{""p_d"":0.8,""stage"":""c5-generalization"",""tau"":10000.0,""w"":0.5}",eeba6ec6b36996a8c22ff4c80fa204cd0d918597f69b98666fd42b58b41ef8c4,flat,temperate,340140,12.167687839123431,revision_C_base@2ce3a901fecb,2ce3a901fecb5ddde502d0a5eeffb8f48d73c5fd,fab97b80b871eeeac68aa1d75a33173cb368895f3e96803690e3cbc0acb1147d,c5-generalization_20260827_181139_043334_662411fc,662411fc2c56d0c02ce05c695ea52935ceb8d74da8d3bb51759e41a06bd0b419,none,none,none,none,evidence,revision_B_base,revision_B_base,5,200000.0,xlarge,45.0,80.0,5.0,0.5,1.0
7,50,dynamic_3step,0.5,0.8,10000.0,0.16592839640970045,7475.296822186651,0.1660861370627199,11.763451776649747,0.9149909381203073,13790,8263,8264,8263,8264,200012.30489838196,499.34463364700787,4760,"[[686535.1739271695,5838903.781010715],[686419.6743338468,5838963.323460252],[686520.5484998169,5839072.730543949],[686582.3041091994,5839022.187519025],[686471.7352692339,5839022.265938205]]",fdf9951f218e61b913618a579bd13a77417b8831a28d26d86ea79bbbe03fffcf,02676ac2d58507de50fc2260b1d3c9da3ba01073da62da7a84949b36619fde04,none,stationary,matched_prior_exact,1,0,"{""p_d"":0.8,""stage"":""c5-generalization"",""tau"":10000.0,""w"":0.5}",eeba6ec6b36996a8c22ff4c80fa204cd0d918597f69b98666fd42b58b41ef8c4,flat,temperate,340140,12.167687839123431,revision_C_base@2ce3a901fecb,2ce3a901fecb5ddde502d0a5eeffb8f48d73c5fd,fab97b80b871eeeac68aa1d75a33173cb368895f3e96803690e3cbc0acb1147d,c5-generalization_20260827_181139_043334_662411fc,662411fc2c56d0c02ce05c695ea52935ceb8d74da8d3bb51759e41a06bd0b419,none,none,none,none,evidence,revision_B_base,revision_B_base,5,200000.0,xlarge,45.0,80.0,5.0,0.5,1.0
8,42,online_static_3step,0.5,0.8,10000.0,0.06263899795954599,7878.300891582223,0.06273442139681482,64.36855036855037,0.984464462936102,2442,8114,8115,8309,8310,200022.18479002098,490.00173641741276,5210,"[[625595.0988750979,5854828.644456698],[625637.826292205,5854829.332419382],[625667.1444343393,5854949.239298237],[625591.3653484118,5854805.70012231],[625631.6819345725,5854942.517044284]]",32b2471b3d12212837087f0a422add5ae2f1e62927eb0f87dea0b211a06ace91,2cd6ddc20b26c13cfc5ff0b3d989f34acf76d8eee289287339748cf49a18df31,none,stationary,matched_prior_exact,1,0,"{""p_d"":0.8,""stage"":""c5-generalization"",""tau"":10000.0,""w"":0.5}",eeba6ec6b36996a8c22ff4c80fa204cd0d918597f69b98666fd42b58b41ef8c4,flat,temperate,337972,12.109577664673195,revision_C_base@2ce3a901fecb,2ce3a901fecb5ddde502d0a5eeffb8f48d73c5fd,fab97b80b871eeeac68aa1d75a33173cb368895f3e96803690e3cbc0acb1147d,c5-generalization_20260827_181139_043334_662411fc,662411fc2c56d0c02ce05c695ea52935ceb8d74da8d3bb51759e41a06bd0b419,none,none,none,none,evidence,revision_B_base,revision_B_base,5,200000.0,xlarge,45.0,80.0,5.0,0.5,1.0
8,42,dynamic_3step,0.5,0.8,10000.0,0.24745123705224004,7049.975780815978,0.24782626458858342,11.258696548879417,0.9111797715074281,14546,8309,8310,8309,8310,200015.0786240808,491.59433937375434,4565,"[[625595.0988750979,5854828.644456698],[625637.826292205,5854829.332419382],[625667.1444343393,5854949.239298237],[625591.3653484118,5854805.70012231],[625631.6819345725,5854942.517044284]]",32b2471b3d12212837087f0a422add5ae2f1e62927eb0f87dea0b211a06ace91,9bfa82a674c4cb1f77ef853e28c85f40cd920a3a5761c0d0a9a00ee738f7451b,none,stationary,matched_prior_exact,1,0,"{""p_d"":0.8,""stage"":""c5-generalization"",""tau"":10000.0,""w"":0.5}",eeba6ec6b36996a8c22ff4c80fa204cd0d918597f69b98666fd42b58b41ef8c4,flat,temperate,337972,12.109577664673195,revision_C_base@2ce3a901fecb,2ce3a901fecb5ddde502d0a5eeffb8f48d73c5fd,fab97b80b871eeeac68aa1d75a33173cb368895f3e96803690e3cbc0acb1147d,c5-generalization_20260827_181139_043334_662411fc,662411fc2c56d0c02ce05c695ea52935ceb8d74da8d3bb51759e41a06bd0b419,none,none,none,none,evidence,revision_B_base,revision_B_base,5,200000.0,xlarge,45.0,80.0,5.0,0.5,1.0
8,45,online_static_3step,0.5,0.8,10000.0,0.0819181171616491,7820.243605144149,0.0819929254968951,35.13803680981595,0.9715408118725447,4564,8208,8209,8329,8330,200004.0070366495,370.7962358316872,3896,"[[625520.0078095794,5854861.90243388],[625592.8824529885,5854804.380473537],[625497.0668781886,5854888.473459468],[625607.1982410639,5854820.237426494],[625516.3827968459,5854938.660672434]]",3817024ade47e07a7028ead4058f033bc30b91d440465fe8d5fe88b072985209,90d8f2429fcaa585f9f7a6d5ee59ed1af2fdcb9d77dcd33f784e8c306e561574,none,stationary,matched_prior_exact,1,0,"{""p_d"":0.8,""stage"":""c5-generalization"",""tau"":10000.0,""w"":0.5}",eeba6ec6b36996a8c22ff4c80fa204cd0d918597f69b98666fd42b58b41ef8c4,flat,temperate,337972,12.109577664673195,revision_C_base@2ce3a901fecb,2ce3a901fecb5ddde502d0a5eeffb8f48d73c5fd,fab97b80b871eeeac68aa1d75a33173cb368895f3e96803690e3cbc0acb1147d,c5-generalization_20260827_181139_043334_662411fc,662411fc2c56d0c02ce05c695ea52935ceb8d74da8d3bb51759e41a06bd0b419,none,none,none,none,evidence,revision_B_base,revision_B_base,5,200000.0,xlarge,45.0,80.0,5.0,0.5,1.0
8,45,dynamic_3step,0.5,0.8,10000.0,0.24870877333509644,7145.133609546101,0.2491215772779263,10.676102058040641,0.906332854953662,15403,8329,8330,8329,8330,200015.32948245166,421.0030046214815,3873,"[[625520.0078095794,5854861.90243388],[625592.8824529885,5854804.380473537],[625497.0668781886,5854888.473459468],[625607.1982410639,5854820.237426494],[625516.3827968459,5854938.660672434]]",3817024ade47e07a7028ead4058f033bc30b91d440465fe8d5fe88b072985209,05e726b9ede7c83b3231a1fdddd9c6f6c8ad6e5ba19fb5651ed6bf185456da72,none,stationary,matched_prior_exact,1,0,"{""p_d"":0.8,""stage"":""c5-generalization"",""tau"":10000.0,""w"":0.5}",eeba6ec6b36996a8c22ff4c80fa204cd0d918597f69b98666fd42b58b41ef8c4,flat,temperate,337972,12.109577664673195,revision_C_base@2ce3a901fecb,2ce3a901fecb5ddde502d0a5eeffb8f48d73c5fd,fab97b80b871eeeac68aa1d75a33173cb368895f3e96803690e3cbc0acb1147d,c5-generalization_20260827_181139_043334_662411fc,662411fc2c56d0c02ce05c695ea52935ceb8d74da8d3bb51759e41a06bd0b419,none,none,none,none,evidence,revision_B_base,revision_B_base,5,200000.0,xlarge,45.0,80.0,5.0,0.5,1.0
8,43,online_static_3step,0.5,0.8,10000.0,0.08437754346772414,7797.662133300137,0.08451350059896093,36.669601482854496,0.9727294554736962,4316,8146,8147,8326,8327,200018.80038547868,448.5950508257374,4724,"[[625573.1126739964,5854877.040711868],[625676.0488825222,5854905.641796424],[625544.6916118723,5854869.465973679],[625585.7430926609,5854842.795592912],[625526.3175570773,5854926.505506229]]",c99ca94f24e1b26a7d442de52a2afe0f64b92812fe32e0c1bd920b2f3dc22673,040fb6494660b9f91d76ac38c2856e26345dc58b0ffca9683d0722cd8a91469b,none,stationary,matched_prior_exact,1,0,"{""p_d"":0.8,""stage"":""c5-generalization"",""tau"":10000.0,""w"":0.5}",eeba6ec6b36996a8c22ff4c80fa204cd0d918597f69b98666fd42b58b41ef8c4,flat,temperate,337972,12.109577664673195,revision_C_base@2ce3a901fecb,2ce3a901fecb5ddde502d0a5eeffb8f48d73c5fd,fab97b80b871eeeac68aa1d75a33173cb368895f3e96803690e3cbc0acb1147d,c5-generalization_20260827_181139_043334_662411fc,662411fc2c56d0c02ce05c695ea52935ceb8d74da8d3bb51759e41a06bd0b419,none,none,none,none,evidence,revision_B_base,revision_B_base,5,200000.0,xlarge,45.0,80.0,5.0,0.5,1.0
8,43,dynamic_3step,0.5,0.8,10000.0,0.24936507620155318,7080.527352334614,0.2497291874573666,11.653548890307027,0.9141892303011865,14103,8326,8327,8326,8327,200004.7180370034,460.68135549593717,4268,"[[625573.1126739964,5854877.040711868],[625676.0488825222,5854905.641796424],[625544.6916118723,5854869.465973679],[625585.7430926609,5854842.795592912],[625526.3175570773,5854926.505506229]]",c99ca94f24e1b26a7d442de52a2afe0f64b92812fe32e0c1bd920b2f3dc22673,3adaf6df841b33ced277c5a8e57e7285704e329d4d24be3abe5e8fdc4e51e514,none,stationary,matched_prior_exact,1,0,"{""p_d"":0.8,""stage"":""c5-generalization"",""tau"":10000.0,""w"":0.5}",eeba6ec6b36996a8c22ff4c80fa204cd0d918597f69b98666fd42b58b41ef8c4,flat,temperate,337972,12.109577664673195,revision_C_base@2ce3a901fecb,2ce3a901fecb5ddde502d0a5eeffb8f48d73c5fd,fab97b80b871eeeac68aa1d75a33173cb368895f3e96803690e3cbc0acb1147d,c5-generalization_20260827_181139_043334_662411fc,662411fc2c56d0c02ce05c695ea52935ceb8d74da8d3bb51759e41a06bd0b419,none,none,none,none,evidence,revision_B_base,revision_B_base,5,200000.0,xlarge,45.0,80.0,5.0,0.5,1.0
8,44,online_static_3step,0.5,0.8,10000.0,0.14536149060451475,7449.03834973346,0.14558964805647845,22.416596814752726,0.9553901955651947,7158,8211,8212,8316,8317,200019.2289978359,470.1128616339993,4840,"[[625621.6345611988,5854929.5140511],[625503.4741017111,5854949.083854933],[625633.633735657,5854973.033749624],[625615.370023523,5854943.814886231],[625550.7196973703,5854823.582166248]]",bf7607d2a46399450a0d8b28872bd4c19dccec9466d594d05291e33f5dcba1a3,389b06825a4918fb90c9c098bb8db44683c197c1774bcd270547e47be25c06a3,none,stationary,matched_prior_exact,1,0,"{""p_d"":0.8,""stage"":""c5-generalization"",""tau"":10000.0,""w"":0.5}",eeba6ec6b36996a8c22ff4c80fa204cd0d918597f69b98666fd42b58b41ef8c4,flat,temperate,337972,12.109577664673195,revision_C_base@2ce3a901fecb,2ce3a901fecb5ddde502d0a5eeffb8f48d73c5fd,fab97b80b871eeeac68aa1d75a33173cb368895f3e96803690e3cbc0acb1147d,c5-generalization_20260827_181139_043334_662411fc,662411fc2c56d0c02ce05c695ea52935ceb8d74da8d3bb51759e41a06bd0b419,none,none,none,none,evidence,revision_B_base,revision_B_base,5,200000.0,xlarge,45.0,80.0,5.0,0.5,1.0
8,44,dynamic_3step,0.5,0.8,10000.0,0.2554216541038758,7045.676733768575,0.25581523015101537,11.153145188711322,0.9103391928393301,14705,8316,8317,8316,8317,200008.86963361758,494.1647332049906,4555,"[[625621.6345611988,5854929.5140511],[625503.4741017111,5854949.083854933],[625633.633735657,5854973.033749624],[625615.370023523,5854943.814886231],[625550.7196973703,5854823.582166248]]",bf7607d2a46399450a0d8b28872bd4c19dccec9466d594d05291e33f5dcba1a3,0a3a4246049998b78685d0e6fa2e8d9965284d14e32514eb4884c44187fb7d61,none,stationary,matched_prior_exact,1,0,"{""p_d"":0.8,""stage"":""c5-generalization"",""tau"":10000.0,""w"":0.5}",eeba6ec6b36996a8c22ff4c80fa204cd0d918597f69b98666fd42b58b41ef8c4,flat,temperate,337972,12.109577664673195,revision_C_base@2ce3a901fecb,2ce3a901fecb5ddde502d0a5eeffb8f48d73c5fd,fab97b80b871eeeac68aa1d75a33173cb368895f3e96803690e3cbc0acb1147d,c5-generalization_20260827_181139_043334_662411fc,662411fc2c56d0c02ce05c695ea52935ceb8d74da8d3bb51759e41a06bd0b419,none,none,none,none,evidence,revision_B_base,revision_B_base,5,200000.0,xlarge,45.0,80.0,5.0,0.5,1.0
8,49,online_static_3step,0.5,0.8,10000.0,0.05815797408944699,7886.961828408663,0.05823820089211799,53.493662441627755,0.9813061967650617,2998,8208,8209,8313,8314,200009.99196797077,410.08929367316887,4344,"[[625535.0137410612,5854952.598763948],[625523.7015674327,5854943.73423103],[625578.6627105157,5854884.4695769055],[625601.6015680511,5854795.718823896],[625551.8055375543,5854892.1943395035]]",0824f1280a294646d9378cd3d74b51dd9480122935da854e9a838cb61501e619,e3d36035eae95d80e1b6526fcb0d270fd5fff2a0ba0548fe46c4c9d29b67cfa2,none,stationary,matched_prior_exact,1,0,"{""p_d"":0.8,""stage"":""c5-generalization"",""tau"":10000.0,""w"":0.5}",eeba6ec6b36996a8c22ff4c80fa204cd0d918597f69b98666fd42b58b41ef8c4,flat,temperate,337972,12.109577664673195,revision_C_base@2ce3a901fecb,2ce3a901fecb5ddde502d0a5eeffb8f48d73c5fd,fab97b80b871eeeac68aa1d75a33173cb368895f3e96803690e3cbc0acb1147d,c5-generalization_20260827_181139_043334_662411fc,662411fc2c56d0c02ce05c695ea52935ceb8d74da8d3bb51759e41a06bd0b419,none,none,none,none,evidence,revision_B_base,revision_B_base,5,200000.0,xlarge,45.0,80.0,5.0,0.5,1.0
8,49,dynamic_3step,0.5,0.8,10000.0,0.25975476067664294,7036.457905571267,0.2601896483677795,10.630455930994227,0.9059306574909555,15419,8313,8314,8313,8314,200017.64775565578,490.7343368935399,4543,"[[625535.0137410612,5854952.598763948],[625523.7015674327,5854943.73423103],[625578.6627105157,5854884.4695769055],[625601.6015680511,5854795.718823896],[625551.8055375543,5854892.1943395035]]",0824f1280a294646d9378cd3d74b51dd9480122935da854e9a838cb61501e619,5b580c3c6735497b361bae875d60765134f30d7d815060fd49a9e66569fe1309,none,stationary,matched_prior_exact,1,0,"{""p_d"":0.8,""stage"":""c5-generalization"",""tau"":10000.0,""w"":0.5}",eeba6ec6b36996a8c22ff4c80fa204cd0d918597f69b98666fd42b58b41ef8c4,flat,temperate,337972,12.109577664673195,revision_C_base@2ce3a901fecb,2ce3a901fecb5ddde502d0a5eeffb8f48d73c5fd,fab97b80b871eeeac68aa1d75a33173cb368895f3e96803690e3cbc0acb1147d,c5-generalization_20260827_181139_043334_662411fc,662411fc2c56d0c02ce05c695ea52935ceb8d74da8d3bb51759e41a06bd0b419,none,none,none,none,evidence,revision_B_base,revision_B_base,5,200000.0,xlarge,45.0,80.0,5.0,0.5,1.0
8,50,online_static_3step,0.5,0.8,10000.0,0.11733191379383931,7605.45175479932,0.11746355649370423,29.927034611786716,0.9665853963490872,5345,8196,8197,8336,8337,200002.8069668972,397.7566745148506,4079,"[[625606.4365490649,5854805.35024597],[625490.9369557422,5854864.892695507],[625591.8111217123,5854974.299779204],[625653.5667310948,5854923.75675428],[625542.9978911293,5854923.83517346]]",5a03652e5dd3ba14a53b5cce1320cfeead6ca949bf967b214e4616f1abb129c9,54aa09ff933627f87e259cf134a3d42b32ac14e4c02acdecca842d5b4ad605d6,none,stationary,matched_prior_exact,1,0,"{""p_d"":0.8,""stage"":""c5-generalization"",""tau"":10000.0,""w"":0.5}",eeba6ec6b36996a8c22ff4c80fa204cd0d918597f69b98666fd42b58b41ef8c4,flat,temperate,337972,12.109577664673195,revision_C_base@2ce3a901fecb,2ce3a901fecb5ddde502d0a5eeffb8f48d73c5fd,fab97b80b871eeeac68aa1d75a33173cb368895f3e96803690e3cbc0acb1147d,c5-generalization_20260827_181139_043334_662411fc,662411fc2c56d0c02ce05c695ea52935ceb8d74da8d3bb51759e41a06bd0b419,none,none,none,none,evidence,revision_B_base,revision_B_base,5,200000.0,xlarge,45.0,80.0,5.0,0.5,1.0
8,50,dynamic_3step,0.5,0.8,10000.0,0.2524651470630349,7076.362277580834,0.25285203942614837,10.838488877188365,0.9077362156910371,15194,8336,8337,8336,8337,200015.5882769421,463.8764319133479,4292,"[[625606.4365490649,5854805.35024597],[625490.9369557422,5854864.892695507],[625591.8111217123,5854974.299779204],[625653.5667310948,5854923.75675428],[625542.9978911293,5854923.83517346]]",5a03652e5dd3ba14a53b5cce1320cfeead6ca949bf967b214e4616f1abb129c9,d2664b9f805b8ea0eaa277cf9e8a7d7f8e91de720115fdcdd864f428ca48cb04,none,stationary,matched_prior_exact,1,0,"{""p_d"":0.8,""stage"":""c5-generalization"",""tau"":10000.0,""w"":0.5}",eeba6ec6b36996a8c22ff4c80fa204cd0d918597f69b98666fd42b58b41ef8c4,flat,temperate,337972,12.109577664673195,revision_C_base@2ce3a901fecb,2ce3a901fecb5ddde502d0a5eeffb8f48d73c5fd,fab97b80b871eeeac68aa1d75a33173cb368895f3e96803690e3cbc0acb1147d,c5-generalization_20260827_181139_043334_662411fc,662411fc2c56d0c02ce05c695ea52935ceb8d74da8d3bb51759e41a06bd0b419,none,none,none,none,evidence,revision_B_base,revision_B_base,5,200000.0,xlarge,45.0,80.0,5.0,0.5,1.0
8,51,online_static_3step,0.5,0.8,10000.0,0.09779463817458564,7680.058353948467,0.09793946077921471,40.58399589638369,0.975359745192338,3899,8145,8146,8318,8319,200013.16298364234,453.9528783480637,4681,"[[625636.9999602102,5854874.534553584],[625583.7104608684,5854941.303352729],[625595.6632683415,5854848.790650757],[625614.5265780672,5854813.7413816145],[625523.3357881841,5854927.2417157255]]",069d846a2f710ce798a3af54daf42587519189c532fccffe470dc20848f63c76,54a90fe8d371bffee491abb2fb2b98a9f37163b5952d303fa19ab46c7f42a474,none,stationary,matched_prior_exact,1,0,"{""p_d"":0.8,""stage"":""c5-generalization"",""tau"":10000.0,""w"":0.5}",eeba6ec6b36996a8c22ff4c80fa204cd0d918597f69b98666fd42b58b41ef8c4,flat,temperate,337972,12.109577664673195,revision_C_base@2ce3a901fecb,2ce3a901fecb5ddde502d0a5eeffb8f48d73c5fd,fab97b80b871eeeac68aa1d75a33173cb368895f3e96803690e3cbc0acb1147d,c5-generalization_20260827_181139_043334_662411fc,662411fc2c56d0c02ce05c695ea52935ceb8d74da8d3bb51759e41a06bd0b419,none,none,none,none,evidence,revision_B_base,revision_B_base,5,200000.0,xlarge,45.0,80.0,5.0,0.5,1.0
8,51,dynamic_3step,0.5,0.8,10000.0,0.25653717283788147,7060.409401218297,0.256913423116386,11.345688403291613,0.911860791125739,14461,8318,8319,8318,8319,200017.10011985063,418.45071340398863,3863,"[[625636.9999602102,5854874.534553584],[625583.7104608684,5854941.303352729],[625595.6632683415,5854848.790650757],[625614.5265780672,5854813.7413816145],[625523.3357881841,5854927.2417157255]]",069d846a2f710ce798a3af54daf42587519189c532fccffe470dc20848f63c76,574338a5a26a44f1f1fbab582c068b8547b5d7ccd33a28f026f1bf47968e6f05,none,stationary,matched_prior_exact,1,0,"{""p_d"":0.8,""stage"":""c5-generalization"",""tau"":10000.0,""w"":0.5}",eeba6ec6b36996a8c22ff4c80fa204cd0d918597f69b98666fd42b58b41ef8c4,flat,temperate,337972,12.109577664673195,revision_C_base@2ce3a901fecb,2ce3a901fecb5ddde502d0a5eeffb8f48d73c5fd,fab97b80b871eeeac68aa1d75a33173cb368895f3e96803690e3cbc0acb1147d,c5-generalization_20260827_181139_043334_662411fc,662411fc2c56d0c02ce05c695ea52935ceb8d74da8d3bb51759e41a06bd0b419,none,none,none,none,evidence,revision_B_base,revision_B_base,5,200000.0,xlarge,45.0,80.0,5.0,0.5,1.0
8,46,online_static_3step,0.5,0.8,10000.0,0.0497643481389486,7942.716695808287,0.04984176569843574,78.9773413897281,0.9873381405045617,1986,8104,8105,8328,8329,200015.37862615503,465.0088299473282,4861,"[[625608.2083015956,5854878.610550828],[625574.0194975974,5854972.209215688],[625611.8422107024,5854882.405104361],[625524.5691507214,5854830.23805688],[625498.8720341717,5854887.92799155]]",47ea3bba2b374311d16d10262081da457e91f256359e5d49dd192c45e22de269,35268574ec9032684e7294adecb0e73ded17aff17ef8f0451d310883023d8f50,none,stationary,matched_prior_exact,1,0,"{""p_d"":0.8,""stage"":""c5-generalization"",""tau"":10000.0,""w"":0.5}",eeba6ec6b36996a8c22ff4c80fa204cd0d918597f69b98666fd42b58b41ef8c4,flat,temperate,337972,12.109577664673195,revision_C_base@2ce3a901fecb,2ce3a901fecb5ddde502d0a5eeffb8f48d73c5fd,fab97b80b871eeeac68aa1d75a33173cb368895f3e96803690e3cbc0acb1147d,c5-generalization_20260827_181139_043334_662411fc,662411fc2c56d0c02ce05c695ea52935ceb8d74da8d3bb51759e41a06bd0b419,none,none,none,none,evidence,revision_B_base,revision_B_base,5,200000.0,xlarge,45.0,80.0,5.0,0.5,1.0
8,46,dynamic_3step,0.5,0.8,10000.0,0.2575267499717355,7088.385453054858,0.2579441177453308,10.73847158719791,0.9068768779728233,15310,8328,8329,8328,8329,200020.38716344873,481.6776088513434,4484,"[[625608.2083015956,5854878.610550828],[625574.0194975974,5854972.209215688],[625611.8422107024,5854882.405104361],[625524.5691507214,5854830.23805688],[625498.8720341717,5854887.92799155]]",47ea3bba2b374311d16d10262081da457e91f256359e5d49dd192c45e22de269,dac974056b863753cf8b73bb91c6ead8c22a4c686f97fe7ca468e082348352d3,none,stationary,matched_prior_exact,1,0,"{""p_d"":0.8,""stage"":""c5-generalization"",""tau"":10000.0,""w"":0.5}",eeba6ec6b36996a8c22ff4c80fa204cd0d918597f69b98666fd42b58b41ef8c4,flat,temperate,337972,12.109577664673195,revision_C_base@2ce3a901fecb,2ce3a901fecb5ddde502d0a5eeffb8f48d73c5fd,fab97b80b871eeeac68aa1d75a33173cb368895f3e96803690e3cbc0acb1147d,c5-generalization_20260827_181139_043334_662411fc,662411fc2c56d0c02ce05c695ea52935ceb8d74da8d3bb51759e41a06bd0b419,none,none,none,none,evidence,revision_B_base,revision_B_base,5,200000.0,xlarge,45.0,80.0,5.0,0.5,1.0
8,48,online_static_3step,0.5,0.8,10000.0,0.0580947173929866,7904.765940021977,0.05818759524075208,61.224251846094056,0.9836666031866946,2573,8124,8125,8335,8336,200009.39049986302,473.28363594715483,4920,"[[625526.4089535379,5854944.198091276],[625502.1417521727,5854886.926162173],[625531.7429464969,5854818.134949808],[625523.7760911216,5854855.269719653],[625591.4074032403,5854848.685138763]]",2e2e98e8cdf30eef13a50b84c06a861b953f35bf1793101dafa6be23247bccc1,89cc63ccd6620ec06f1b6ab3f3203f277110da510aa96ec390a2110be28a224d,none,stationary,matched_prior_exact,1,0,"{""p_d"":0.8,""stage"":""c5-generalization"",""tau"":10000.0,""w"":0.5}",eeba6ec6b36996a8c22ff4c80fa204cd0d918597f69b98666fd42b58b41ef8c4,flat,temperate,337972,12.109577664673195,revision_C_base@2ce3a901fecb,2ce3a901fecb5ddde502d0a5eeffb8f48d73c5fd,fab97b80b871eeeac68aa1d75a33173cb368895f3e96803690e3cbc0acb1147d,c5-generalization_20260827_181139_043334_662411fc,662411fc2c56d0c02ce05c695ea52935ceb8d74da8d3bb51759e41a06bd0b419,none,none,none,none,evidence,revision_B_base,revision_B_base,5,200000.0,xlarge,45.0,80.0,5.0,0.5,1.0
8,48,dynamic_3step,0.5,0.8,10000.0,0.26130123740676137,7058.007469635505,0.26170456057833597,11.107805437495784,0.9099732160752136,14823,8335,8336,8335,8336,200005.95099203882,461.498331383802,4225,"[[625526.4089535379,5854944.198091276],[625502.1417521727,5854886.926162173],[625531.7429464969,5854818.134949808],[625523.7760911216,5854855.269719653],[625591.4074032403,5854848.685138763]]",2e2e98e8cdf30eef13a50b84c06a861b953f35bf1793101dafa6be23247bccc1,2f7f385a2e4acc1ec5ebe6634bdb194e28e50c10973c6bce986456b17ad83326,none,stationary,matched_prior_exact,1,0,"{""p_d"":0.8,""stage"":""c5-generalization"",""tau"":10000.0,""w"":0.5}",eeba6ec6b36996a8c22ff4c80fa204cd0d918597f69b98666fd42b58b41ef8c4,flat,temperate,337972,12.109577664673195,revision_C_base@2ce3a901fecb,2ce3a901fecb5ddde502d0a5eeffb8f48d73c5fd,fab97b80b871eeeac68aa1d75a33173cb368895f3e96803690e3cbc0acb1147d,c5-generalization_20260827_181139_043334_662411fc,662411fc2c56d0c02ce05c695ea52935ceb8d74da8d3bb51759e41a06bd0b419,none,none,none,none,evidence,revision_B_base,revision_B_base,5,200000.0,xlarge,45.0,80.0,5.0,0.5,1.0
8,47,online_static_3step,0.5,0.8,10000.0,0.04731190456275536,7965.717694153862,0.047382329274704066,81.71167883211679,0.9877618473357452,1918,8100,8101,8331,8332,200014.61243270693,547.5383636434563,5718,"[[625580.6950512842,5854807.44434805],[625553.726146539,5854901.133249429],[625640.575712338,5854882.43272849],[625613.6009760835,5854982.2851096485],[625542.9724231373,5854890.650293575]]",88d79954925bc69736435b2bc74a414fad492fcb95589cc19fe5a6c73f7f738c,28b5e6f74704d121f39213b24bb10458b44521f678f3d86d435cb58a7dcd7e4c,none,stationary,matched_prior_exact,1,0,"{""p_d"":0.8,""stage"":""c5-generalization"",""tau"":10000.0,""w"":0.5}",eeba6ec6b36996a8c22ff4c80fa204cd0d918597f69b98666fd42b58b41ef8c4,flat,temperate,337972,12.109577664673195,revision_C_base@2ce3a901fecb,2ce3a901fecb5ddde502d0a5eeffb8f48d73c5fd,fab97b80b871eeeac68aa1d75a33173cb368895f3e96803690e3cbc0acb1147d,c5-generalization_20260827_181139_043334_662411fc,662411fc2c56d0c02ce05c695ea52935ceb8d74da8d3bb51759e41a06bd0b419,none,none,none,none,evidence,revision_B_base,revision_B_base,5,200000.0,xlarge,45.0,80.0,5.0,0.5,1.0
8,47,dynamic_3step,0.5,0.8,10000.0,0.2515576648589609,7129.557742048566,0.25191899932678447,10.96221763177184,0.9087775819099143,15007,8331,8332,8331,8332,200022.1902303488,495.07329328660853,4554,"[[625580.6950512842,5854807.44434805],[625553.726146539,5854901.133249429],[625640.575712338,5854882.43272849],[625613.6009760835,5854982.2851096485],[625542.9724231373,5854890.650293575]]",88d79954925bc69736435b2bc74a414fad492fcb95589cc19fe5a6c73f7f738c,c44197e00f9014395bed190ea99d85ce5dcd39fa7f18d7214ef513cc052f2a76,none,stationary,matched_prior_exact,1,0,"{""p_d"":0.8,""stage"":""c5-generalization"",""tau"":10000.0,""w"":0.5}",eeba6ec6b36996a8c22ff4c80fa204cd0d918597f69b98666fd42b58b41ef8c4,flat,temperate,337972,12.109577664673195,revision_C_base@2ce3a901fecb,2ce3a901fecb5ddde502d0a5eeffb8f48d73c5fd,fab97b80b871eeeac68aa1d75a33173cb368895f3e96803690e3cbc0acb1147d,c5-generalization_20260827_181139_043334_662411fc,662411fc2c56d0c02ce05c695ea52935ceb8d74da8d3bb51759e41a06bd0b419,none,none,none,none,evidence,revision_B_base,revision_B_base,5,200000.0,xlarge,45.0,80.0,5.0,0.5,1.0
9,44,online_static_3step,0.5,0.8,10000.0,0.1045726178456868,7870.349512145109,0.10475384172052929,32.63100351425224,0.9693542982959985,5122,8442,8443,8597,8598,200023.87795349653,354.22635243530385,3707,"[[423846.848322359,5257007.317370716],[423728.6878628712,5257026.887174549],[423858.8474968171,5257050.8370692395],[423840.5837846832,5257021.618205846],[423775.9334585305,5256901.385485863]]",bca89301fb405b616816165e673b9542c4d562b7afff0ba26ef7b6a5c862f66c,a25ba7f01cb25641187f1b9505ee0feb8cf572df716dc1e8fa4d81c818f095cd,none,stationary,matched_prior_exact,1,0,"{""p_d"":0.8,""stage"":""c5-generalization"",""tau"":10000.0,""w"":0.5}",eeba6ec6b36996a8c22ff4c80fa204cd0d918597f69b98666fd42b58b41ef8c4,flat,temperate,316873,12.077412910290256,revision_C_base@2ce3a901fecb,2ce3a901fecb5ddde502d0a5eeffb8f48d73c5fd,fab97b80b871eeeac68aa1d75a33173cb368895f3e96803690e3cbc0acb1147d,c5-generalization_20260827_181139_043334_662411fc,662411fc2c56d0c02ce05c695ea52935ceb8d74da8d3bb51759e41a06bd0b419,none,none,none,none,evidence,revision_B_base,revision_B_base,5,200000.0,xlarge,45.0,80.0,5.0,0.5,1.0
9,44,dynamic_3step,0.5,0.8,10000.0,0.24100336526395488,7287.512103292325,0.24142560817032024,11.178021404333073,0.9105387291875862,15324,8597,8598,8597,8598,200011.83942150613,447.1632426606957,4189,"[[423846.848322359,5257007.317370716],[423728.6878628712,5257026.887174549],[423858.8474968171,5257050.8370692395],[423840.5837846832,5257021.618205846],[423775.9334585305,5256901.385485863]]",bca89301fb405b616816165e673b9542c4d562b7afff0ba26ef7b6a5c862f66c,2006cce626aef641a26bef1fc53f5fab5b4a4381c8fc44adec5bb340bf5bd6a3,none,stationary,matched_prior_exact,1,0,"{""p_d"":0.8,""stage"":""c5-generalization"",""tau"":10000.0,""w"":0.5}",eeba6ec6b36996a8c22ff4c80fa204cd0d918597f69b98666fd42b58b41ef8c4,flat,temperate,316873,12.077412910290256,revision_C_base@2ce3a901fecb,2ce3a901fecb5ddde502d0a5eeffb8f48d73c5fd,fab97b80b871eeeac68aa1d75a33173cb368895f3e96803690e3cbc0acb1147d,c5-generalization_20260827_181139_043334_662411fc,662411fc2c56d0c02ce05c695ea52935ceb8d74da8d3bb51759e41a06bd0b419,none,none,none,none,evidence,revision_B_base,revision_B_base,5,200000.0,xlarge,45.0,80.0,5.0,0.5,1.0
9,42,online_static_3step,0.5,0.8,10000.0,0.11151614717325654,7868.265324875465,0.11170315597070991,31.08543182242119,0.9678305900425445,5361,8470,8471,8644,8645,200000.43528384736,448.374221455073,4740,"[[423820.3126362581,5256906.447776313],[423863.04005336517,5256907.135738998],[423892.3581954994,5257027.042617852],[423816.57910957193,5256883.503441925],[423856.8956957327,5257020.3203639]]",c21ac681a28d524ba2c2aba7c53608418f2920fa576b622294c38a0627a85b61,919bed1bd256a65e3a95b40bf8893468c34871cda4208bcaec61f0bccc3d4cc5,none,stationary,matched_prior_exact,1,0,"{""p_d"":0.8,""stage"":""c5-generalization"",""tau"":10000.0,""w"":0.5}",eeba6ec6b36996a8c22ff4c80fa204cd0d918597f69b98666fd42b58b41ef8c4,flat,temperate,316873,12.077412910290256,revision_C_base@2ce3a901fecb,2ce3a901fecb5ddde502d0a5eeffb8f48d73c5fd,fab97b80b871eeeac68aa1d75a33173cb368895f3e96803690e3cbc0acb1147d,c5-generalization_20260827_181139_043334_662411fc,662411fc2c56d0c02ce05c695ea52935ceb8d74da8d3bb51759e41a06bd0b419,none,none,none,none,evidence,revision_B_base,revision_B_base,5,200000.0,xlarge,45.0,80.0,5.0,0.5,1.0
9,42,dynamic_3step,0.5,0.8,10000.0,0.2298709621157397,7376.114586789767,0.2302540604713772,10.937484133028688,0.9085712959363086,15756,8644,8645,8644,8645,200002.79549730854,452.9532073349692,4234,"[[423820.3126362581,5256906.447776313],[423863.04005336517,5256907.135738998],[423892.3581954994,5257027.042617852],[423816.57910957193,5256883.503441925],[423856.8956957327,5257020.3203639]]",c21ac681a28d524ba2c2aba7c53608418f2920fa576b622294c38a0627a85b61,701046c088fea2336d9849469052f2dbeac43427c38277c3a3cbc5a108ef29f5,none,stationary,matched_prior_exact,1,0,"{""p_d"":0.8,""stage"":""c5-generalization"",""tau"":10000.0,""w"":0.5}",eeba6ec6b36996a8c22ff4c80fa204cd0d918597f69b98666fd42b58b41ef8c4,flat,temperate,316873,12.077412910290256,revision_C_base@2ce3a901fecb,2ce3a901fecb5ddde502d0a5eeffb8f48d73c5fd,fab97b80b871eeeac68aa1d75a33173cb368895f3e96803690e3cbc0acb1147d,c5-generalization_20260827_181139_043334_662411fc,662411fc2c56d0c02ce05c695ea52935ceb8d74da8d3bb51759e41a06bd0b419,none,none,none,none,evidence,revision_B_base,revision_B_base,5,200000.0,xlarge,45.0,80.0,5.0,0.5,1.0
9,43,online_static_3step,0.5,0.8,10000.0,0.11234722811967802,7807.418527036719,0.11253410067910742,30.523704924034412,0.9672385772798964,5463,8472,8473,8583,8584,200020.3899906817,434.88484069518745,4558,"[[423798.3264351566,5256954.844031483],[423901.26264368225,5256983.445116039],[423769.90537303244,5256947.269293294],[423810.956853821,5256920.598912527],[423751.5313182374,5257004.308825844]]",deb2b2f84e199f043bbc4476ed39e16bebe91e248ae393526fbae280c6b20c9a,58027515bb4341da164afabee505c7aabd807de9506aa00294dec0259280ddf0,none,stationary,matched_prior_exact,1,0,"{""p_d"":0.8,""stage"":""c5-generalization"",""tau"":10000.0,""w"":0.5}",eeba6ec6b36996a8c22ff4c80fa204cd0d918597f69b98666fd42b58b41ef8c4,flat,temperate,316873,12.077412910290256,revision_C_base@2ce3a901fecb,2ce3a901fecb5ddde502d0a5eeffb8f48d73c5fd,fab97b80b871eeeac68aa1d75a33173cb368895f3e96803690e3cbc0acb1147d,c5-generalization_20260827_181139_043334_662411fc,662411fc2c56d0c02ce05c695ea52935ceb8d74da8d3bb51759e41a06bd0b419,none,none,none,none,evidence,revision_B_base,revision_B_base,5,200000.0,xlarge,45.0,80.0,5.0,0.5,1.0
9,43,dynamic_3step,0.5,0.8,10000.0,0.1929203051807125,7485.890888719137,0.19322588364930482,10.83415778792491,0.9076993320962577,15768,8583,8584,8583,8584,200015.01415874658,446.40003247675486,4157,"[[423798.3264351566,5256954.844031483],[423901.26264368225,5256983.445116039],[423769.90537303244,5256947.269293294],[423810.956853821,5256920.598912527],[423751.5313182374,5257004.308825844]]",deb2b2f84e199f043bbc4476ed39e16bebe91e248ae393526fbae280c6b20c9a,fa053702b4f35443d2c58b52d1c762d785e232c2f335b7fbab389030eb4744f7,none,stationary,matched_prior_exact,1,0,"{""p_d"":0.8,""stage"":""c5-generalization"",""tau"":10000.0,""w"":0.5}",eeba6ec6b36996a8c22ff4c80fa204cd0d918597f69b98666fd42b58b41ef8c4,flat,temperate,316873,12.077412910290256,revision_C_base@2ce3a901fecb,2ce3a901fecb5ddde502d0a5eeffb8f48d73c5fd,fab97b80b871eeeac68aa1d75a33173cb368895f3e96803690e3cbc0acb1147d,c5-generalization_20260827_181139_043334_662411fc,662411fc2c56d0c02ce05c695ea52935ceb8d74da8d3bb51759e41a06bd0b419,none,none,none,none,evidence,revision_B_base,revision_B_base,5,200000.0,xlarge,45.0,80.0,5.0,0.5,1.0
9,45,online_static_3step,0.5,0.8,10000.0,0.09450049307435206,8018.459190253006,0.09464685463621673,40.81128307538692,0.9754969722918833,4006,8321,8322,8592,8593,200023.7935335519,416.70284146349877,4330,"[[423745.2215707395,5256939.705753495],[423818.0962141487,5256882.183793153],[423722.2806393488,5256966.276779084],[423832.41200222395,5256898.04074611],[423741.596558006,5257016.463992049]]",d8efc804e9914d11df73f75b4e7c46661a9e8cc1237021cc70dfa8b1258c9129,c5fd04b31e2d58b4b8eabb90f4e2038dada1ceca617ee1219ef3f1faba5107ba,none,stationary,matched_prior_exact,1,0,"{""p_d"":0.8,""stage"":""c5-generalization"",""tau"":10000.0,""w"":0.5}",eeba6ec6b36996a8c22ff4c80fa204cd0d918597f69b98666fd42b58b41ef8c4,flat,temperate,316873,12.077412910290256,revision_C_base@2ce3a901fecb,2ce3a901fecb5ddde502d0a5eeffb8f48d73c5fd,fab97b80b871eeeac68aa1d75a33173cb368895f3e96803690e3cbc0acb1147d,c5-generalization_20260827_181139_043334_662411fc,662411fc2c56d0c02ce05c695ea52935ceb8d74da8d3bb51759e41a06bd0b419,none,none,none,none,evidence,revision_B_base,revision_B_base,5,200000.0,xlarge,45.0,80.0,5.0,0.5,1.0
9,45,dynamic_3step,0.5,0.8,10000.0,0.22645674783547387,7345.780846890039,0.2268356174990646,11.291842661034847,0.9114404946988205,15152,8592,8593,8592,8593,200022.65769458353,451.9701489119325,4188,"[[423745.2215707395,5256939.705753495],[423818.0962141487,5256882.183793153],[423722.2806393488,5256966.276779084],[423832.41200222395,5256898.04074611],[423741.596558006,5257016.463992049]]",d8efc804e9914d11df73f75b4e7c46661a9e8cc1237021cc70dfa8b1258c9129,90a59e1e3420dc8fec191b5395e64eae546b5d70918ed6049e00d1b2df83697e,none,stationary,matched_prior_exact,1,0,"{""p_d"":0.8,""stage"":""c5-generalization"",""tau"":10000.0,""w"":0.5}",eeba6ec6b36996a8c22ff4c80fa204cd0d918597f69b98666fd42b58b41ef8c4,flat,temperate,316873,12.077412910290256,revision_C_base@2ce3a901fecb,2ce3a901fecb5ddde502d0a5eeffb8f48d73c5fd,fab97b80b871eeeac68aa1d75a33173cb368895f3e96803690e3cbc0acb1147d,c5-generalization_20260827_181139_043334_662411fc,662411fc2c56d0c02ce05c695ea52935ceb8d74da8d3bb51759e41a06bd0b419,none,none,none,none,evidence,revision_B_base,revision_B_base,5,200000.0,xlarge,45.0,80.0,5.0,0.5,1.0
9,46,online_static_3step,0.5,0.8,10000.0,0.09043063040520369,7966.177343424033,0.09055378739558244,35.57223183391003,0.9718881850127062,4624,8413,8414,8610,8611,200015.27155752858,399.9376244144514,4128,"[[423833.42206275574,5256956.413870444],[423799.23325875757,5257050.012535303],[423837.0559718625,5256960.208423976],[423749.7829118816,5256908.041376496],[423724.08579533186,5256965.731311166]]",c17c9bbfbc9a8141f5edff55ab05d52e0b32f93a580fbc682603072e46e362fb,9cd29ed57cf23fb7f2484e5dd1d338c3ecfd7df0bebf7ed8a53caa31cdc5481b,none,stationary,matched_prior_exact,1,0,"{""p_d"":0.8,""stage"":""c5-generalization"",""tau"":10000.0,""w"":0.5}",eeba6ec6b36996a8c22ff4c80fa204cd0d918597f69b98666fd42b58b41ef8c4,flat,temperate,316873,12.077412910290256,revision_C_base@2ce3a901fecb,2ce3a901fecb5ddde502d0a5eeffb8f48d73c5fd,fab97b80b871eeeac68aa1d75a33173cb368895f3e96803690e3cbc0acb1147d,c5-generalization_20260827_181139_043334_662411fc,662411fc2c56d0c02ce05c695ea52935ceb8d74da8d3bb51759e41a06bd0b419,none,none,none,none,evidence,revision_B_base,revision_B_base,5,200000.0,xlarge,45.0,80.0,5.0,0.5,1.0
9,46,dynamic_3step,0.5,0.8,10000.0,0.20079116275985565,7462.015133554234,0.20112491026881293,11.1050928622274,0.9099512257658487,15453,8610,8611,8610,8611,200011.19148476876,454.4927981724031,4210,"[[423833.42206275574,5256956.413870444],[423799.23325875757,5257050.012535303],[423837.0559718625,5256960.208423976],[423749.7829118816,5256908.041376496],[423724.08579533186,5256965.731311166]]",c17c9bbfbc9a8141f5edff55ab05d52e0b32f93a580fbc682603072e46e362fb,699baf40248aea09fda5cd56ca7a4879d0a1f688b0f8b160304932e5a5276293,none,stationary,matched_prior_exact,1,0,"{""p_d"":0.8,""stage"":""c5-generalization"",""tau"":10000.0,""w"":0.5}",eeba6ec6b36996a8c22ff4c80fa204cd0d918597f69b98666fd42b58b41ef8c4,flat,temperate,316873,12.077412910290256,revision_C_base@2ce3a901fecb,2ce3a901fecb5ddde502d0a5eeffb8f48d73c5fd,fab97b80b871eeeac68aa1d75a33173cb368895f3e96803690e3cbc0acb1147d,c5-generalization_20260827_181139_043334_662411fc,662411fc2c56d0c02ce05c695ea52935ceb8d74da8d3bb51759e41a06bd0b419,none,none,none,none,evidence,revision_B_base,revision_B_base,5,200000.0,xlarge,45.0,80.0,5.0,0.5,1.0
9,47,online_static_3step,0.5,0.8,10000.0,0.09438790439398007,7911.9651093093935,0.09454632393891158,34.23783326280152,0.9707925442499753,4726,8282,8283,8599,8600,200005.2073190763,430.0471902191639,4422,"[[423805.90881244425,5256885.247667666],[423778.9399076991,5256978.936569044],[423865.7894734981,5256960.236048105],[423838.8147372437,5257060.088429264],[423768.18618429743,5256968.45361319]]",6e417477935c001be575a76c54e46d2036a5823438e67c44937423041e547599,8a22613598e6738d2426fb5070981a47410f44954adac2da8d6801eac170f987,none,stationary,matched_prior_exact,1,0,"{""p_d"":0.8,""stage"":""c5-generalization"",""tau"":10000.0,""w"":0.5}",eeba6ec6b36996a8c22ff4c80fa204cd0d918597f69b98666fd42b58b41ef8c4,flat,temperate,316873,12.077412910290256,revision_C_base@2ce3a901fecb,2ce3a901fecb5ddde502d0a5eeffb8f48d73c5fd,fab97b80b871eeeac68aa1d75a33173cb368895f3e96803690e3cbc0acb1147d,c5-generalization_20260827_181139_043334_662411fc,662411fc2c56d0c02ce05c695ea52935ceb8d74da8d3bb51759e41a06bd0b419,none,none,none,none,evidence,revision_B_base,revision_B_base,5,200000.0,xlarge,45.0,80.0,5.0,0.5,1.0
9,47,dynamic_3step,0.5,0.8,10000.0,0.23392135533243685,7330.559054188387,0.2343432656561013,10.945349952061362,0.9086370007007708,15645,8599,8600,8599,8600,200008.47626455908,450.15745976404287,4145,"[[423805.90881244425,5256885.247667666],[423778.9399076991,5256978.936569044],[423865.7894734981,5256960.236048105],[423838.8147372437,5257060.088429264],[423768.18618429743,5256968.45361319]]",6e417477935c001be575a76c54e46d2036a5823438e67c44937423041e547599,926a805ed4cff8318ed729c85e969e90493a44d448d79f2f95d662351ffbafec,none,stationary,matched_prior_exact,1,0,"{""p_d"":0.8,""stage"":""c5-generalization"",""tau"":10000.0,""w"":0.5}",eeba6ec6b36996a8c22ff4c80fa204cd0d918597f69b98666fd42b58b41ef8c4,flat,temperate,316873,12.077412910290256,revision_C_base@2ce3a901fecb,2ce3a901fecb5ddde502d0a5eeffb8f48d73c5fd,fab97b80b871eeeac68aa1d75a33173cb368895f3e96803690e3cbc0acb1147d,c5-generalization_20260827_181139_043334_662411fc,662411fc2c56d0c02ce05c695ea52935ceb8d74da8d3bb51759e41a06bd0b419,none,none,none,none,evidence,revision_B_base,revision_B_base,5,200000.0,xlarge,45.0,80.0,5.0,0.5,1.0
9,50,online_static_3step,0.5,0.8,10000.0,0.08516958769142133,7975.698267736706,0.08534324912424819,58.83990233693756,0.9830047304587004,2867,8511,8512,8629,8630,200017.20399758982,397.31096912617795,4156,"[[423831.6503102251,5256883.153565586],[423716.15071690234,5256942.696015122],[423817.02488287253,5257052.103098819],[423878.780492255,5257001.560073895],[423768.2116522895,5257001.638493075]]",553f945b9e00083d9b72c2fbcfaf42e0edc9d812554e84e6aa7e7767cbe762f1,8040d268b2d57fcdb89d3bc85886351f2ded7a173900ca3672fc9f1d94dff2aa,none,stationary,matched_prior_exact,1,0,"{""p_d"":0.8,""stage"":""c5-generalization"",""tau"":10000.0,""w"":0.5}",eeba6ec6b36996a8c22ff4c80fa204cd0d918597f69b98666fd42b58b41ef8c4,flat,temperate,316873,12.077412910290256,revision_C_base@2ce3a901fecb,2ce3a901fecb5ddde502d0a5eeffb8f48d73c5fd,fab97b80b871eeeac68aa1d75a33173cb368895f3e96803690e3cbc0acb1147d,c5-generalization_20260827_181139_043334_662411fc,662411fc2c56d0c02ce05c695ea52935ceb8d74da8d3bb51759e41a06bd0b419,none,none,none,none,evidence,revision_B_base,revision_B_base,5,200000.0,xlarge,45.0,80.0,5.0,0.5,1.0
9,50,dynamic_3step,0.5,0.8,10000.0,0.20701692560416607,7430.914737021005,0.2073562742713417,11.194820406038522,0.9106729752037294,15368,8629,8630,8629,8630,200006.4399563719,448.2532453192398,4154,"[[423831.6503102251,5256883.153565586],[423716.15071690234,5256942.696015122],[423817.02488287253,5257052.103098819],[423878.780492255,5257001.560073895],[423768.2116522895,5257001.638493075]]",553f945b9e00083d9b72c2fbcfaf42e0edc9d812554e84e6aa7e7767cbe762f1,815a2d02abb2d74d5e1160e7212381a25a30d96c0876ebc0ed8551fcfd1368b6,none,stationary,matched_prior_exact,1,0,"{""p_d"":0.8,""stage"":""c5-generalization"",""tau"":10000.0,""w"":0.5}",eeba6ec6b36996a8c22ff4c80fa204cd0d918597f69b98666fd42b58b41ef8c4,flat,temperate,316873,12.077412910290256,revision_C_base@2ce3a901fecb,2ce3a901fecb5ddde502d0a5eeffb8f48d73c5fd,fab97b80b871eeeac68aa1d75a33173cb368895f3e96803690e3cbc0acb1147d,c5-generalization_20260827_181139_043334_662411fc,662411fc2c56d0c02ce05c695ea52935ceb8d74da8d3bb51759e41a06bd0b419,none,none,none,none,evidence,revision_B_base,revision_B_base,5,200000.0,xlarge,45.0,80.0,5.0,0.5,1.0
9,48,online_static_3step,0.5,0.8,10000.0,0.12015841001204329,7832.743709613857,0.1203848828370701,29.30349991293749,0.9658743835046646,5743,8529,8530,8606,8607,200023.35924499328,420.1576863026712,4329,"[[423751.622714698,5257022.001410891],[423727.3555133329,5256964.729481788],[423756.95670765714,5256895.938269423],[423748.9898522818,5256933.073039268],[423816.6211644005,5256926.488458378]]",9938e58799aed3b0b1b694cddd15fcff3f77f1b9394ca8278c1969e01368f0c7,f029da52a27bf260460a11a03b1a80403fff059fffb37bf48d1d37c90b900105,none,stationary,matched_prior_exact,1,0,"{""p_d"":0.8,""stage"":""c5-generalization"",""tau"":10000.0,""w"":0.5}",eeba6ec6b36996a8c22ff4c80fa204cd0d918597f69b98666fd42b58b41ef8c4,flat,temperate,316873,12.077412910290256,revision_C_base@2ce3a901fecb,2ce3a901fecb5ddde502d0a5eeffb8f48d73c5fd,fab97b80b871eeeac68aa1d75a33173cb368895f3e96803690e3cbc0acb1147d,c5-generalization_20260827_181139_043334_662411fc,662411fc2c56d0c02ce05c695ea52935ceb8d74da8d3bb51759e41a06bd0b419,none,none,none,none,evidence,revision_B_base,revision_B_base,5,200000.0,xlarge,45.0,80.0,5.0,0.5,1.0
9,48,dynamic_3step,0.5,0.8,10000.0,0.2361347441201652,7388.610982359932,0.2365533334377838,10.943181818181818,0.9086188992731049,15664,8606,8607,8606,8607,200005.62069968318,445.11060292692855,4133,"[[423751.622714698,5257022.001410891],[423727.3555133329,5256964.729481788],[423756.95670765714,5256895.938269423],[423748.9898522818,5256933.073039268],[423816.6211644005,5256926.488458378]]",9938e58799aed3b0b1b694cddd15fcff3f77f1b9394ca8278c1969e01368f0c7,af73fac8764da69cd84824648fcd00d94824aebe09153e692894298ec0bae16f,none,stationary,matched_prior_exact,1,0,"{""p_d"":0.8,""stage"":""c5-generalization"",""tau"":10000.0,""w"":0.5}",eeba6ec6b36996a8c22ff4c80fa204cd0d918597f69b98666fd42b58b41ef8c4,flat,temperate,316873,12.077412910290256,revision_C_base@2ce3a901fecb,2ce3a901fecb5ddde502d0a5eeffb8f48d73c5fd,fab97b80b871eeeac68aa1d75a33173cb368895f3e96803690e3cbc0acb1147d,c5-generalization_20260827_181139_043334_662411fc,662411fc2c56d0c02ce05c695ea52935ceb8d74da8d3bb51759e41a06bd0b419,none,none,none,none,evidence,revision_B_base,revision_B_base,5,200000.0,xlarge,45.0,80.0,5.0,0.5,1.0
9,49,online_static_3step,0.5,0.8,10000.0,0.06100411539281625,8172.684053590162,0.06110409966805546,84.38457502623295,0.9881494929649273,1906,8230,8231,8640,8641,200005.64960901634,533.8650613736827,5578,"[[423760.2275022213,5257030.402083564],[423748.9153285929,5257021.537550645],[423803.8764716758,5256962.272896521],[423826.81532921136,5256873.522143511],[423777.01929871447,5256969.997659119]]",c879d5179f0a05a4f4e607632d787b5803512f67a1687f23e98ab1ab883128cd,9cbdc3c6e406f936c3e63e76e58c3fd4d834371307d605c9668d184b23c2301f,none,stationary,matched_prior_exact,1,0,"{""p_d"":0.8,""stage"":""c5-generalization"",""tau"":10000.0,""w"":0.5}",eeba6ec6b36996a8c22ff4c80fa204cd0d918597f69b98666fd42b58b41ef8c4,flat,temperate,316873,12.077412910290256,revision_C_base@2ce3a901fecb,2ce3a901fecb5ddde502d0a5eeffb8f48d73c5fd,fab97b80b871eeeac68aa1d75a33173cb368895f3e96803690e3cbc0acb1147d,c5-generalization_20260827_181139_043334_662411fc,662411fc2c56d0c02ce05c695ea52935ceb8d74da8d3bb51759e41a06bd0b419,none,none,none,none,evidence,revision_B_base,revision_B_base,5,200000.0,xlarge,45.0,80.0,5.0,0.5,1.0
9,49,dynamic_3step,0.5,0.8,10000.0,0.19296325785433352,7585.67102837344,0.19324410080040444,13.614301534567316,0.9265478293204426,12642,8640,8641,8640,8641,200002.99094989744,465.1092572461348,4351,"[[423760.2275022213,5257030.402083564],[423748.9153285929,5257021.537550645],[423803.8764716758,5256962.272896521],[423826.81532921136,5256873.522143511],[423777.01929871447,5256969.997659119]]",c879d5179f0a05a4f4e607632d787b5803512f67a1687f23e98ab1ab883128cd,aa3f3a5ed101d311f48b9d1748d3b64f00f4a7be3c5ab48e9669f15bd74ca798,none,stationary,matched_prior_exact,1,0,"{""p_d"":0.8,""stage"":""c5-generalization"",""tau"":10000.0,""w"":0.5}",eeba6ec6b36996a8c22ff4c80fa204cd0d918597f69b98666fd42b58b41ef8c4,flat,temperate,316873,12.077412910290256,revision_C_base@2ce3a901fecb,2ce3a901fecb5ddde502d0a5eeffb8f48d73c5fd,fab97b80b871eeeac68aa1d75a33173cb368895f3e96803690e3cbc0acb1147d,c5-generalization_20260827_181139_043334_662411fc,662411fc2c56d0c02ce05c695ea52935ceb8d74da8d3bb51759e41a06bd0b419,none,none,none,none,evidence,revision_B_base,revision_B_base,5,200000.0,xlarge,45.0,80.0,5.0,0.5,1.0
9,51,online_static_3step,0.5,0.8,10000.0,0.055238895667940185,8185.160042768997,0.05533472376102297,57.67568493150685,0.9826616710111452,2920,8528,8529,8611,8612,200016.60218684672,427.28908310830593,4412,"[[423862.2137213703,5256952.337873199],[423808.9242220286,5257019.106672345],[423820.87702950166,5256926.593970372],[423839.7403392274,5256891.54470123],[423748.54954934417,5257005.045035341]]",20bec67710b9f0d1b4d257eb5c0df7fbad75f9099c94fe6b78b3f589517c4c63,142d88cf9cede27919493bf9d4d68233868d91c6593611250abf09509eb95c6e,none,stationary,matched_prior_exact,1,0,"{""p_d"":0.8,""stage"":""c5-generalization"",""tau"":10000.0,""w"":0.5}",eeba6ec6b36996a8c22ff4c80fa204cd0d918597f69b98666fd42b58b41ef8c4,flat,temperate,316873,12.077412910290256,revision_C_base@2ce3a901fecb,2ce3a901fecb5ddde502d0a5eeffb8f48d73c5fd,fab97b80b871eeeac68aa1d75a33173cb368895f3e96803690e3cbc0acb1147d,c5-generalization_20260827_181139_043334_662411fc,662411fc2c56d0c02ce05c695ea52935ceb8d74da8d3bb51759e41a06bd0b419,none,none,none,none,evidence,revision_B_base,revision_B_base,5,200000.0,xlarge,45.0,80.0,5.0,0.5,1.0
9,51,dynamic_3step,0.5,0.8,10000.0,0.23692982414720007,7369.380065864342,0.23732375199237202,11.266285789335434,0.9112396029446909,15228,8611,8612,8611,8612,200001.84316262667,447.6354213471059,4161,"[[423862.2137213703,5256952.337873199],[423808.9242220286,5257019.106672345],[423820.87702950166,5256926.593970372],[423839.7403392274,5256891.54470123],[423748.54954934417,5257005.045035341]]",20bec67710b9f0d1b4d257eb5c0df7fbad75f9099c94fe6b78b3f589517c4c63,712f4a432a6336ef0b6d7aedc761cbdeb88c2934eceefaf01fcd7e6ba21ebb5c,none,stationary,matched_prior_exact,1,0,"{""p_d"":0.8,""stage"":""c5-generalization"",""tau"":10000.0,""w"":0.5}",eeba6ec6b36996a8c22ff4c80fa204cd0d918597f69b98666fd42b58b41ef8c4,flat,temperate,316873,12.077412910290256,revision_C_base@2ce3a901fecb,2ce3a901fecb5ddde502d0a5eeffb8f48d73c5fd,fab97b80b871eeeac68aa1d75a33173cb368895f3e96803690e3cbc0acb1147d,c5-generalization_20260827_181139_043334_662411fc,662411fc2c56d0c02ce05c695ea52935ceb8d74da8d3bb51759e41a06bd0b419,none,none,none,none,evidence,revision_B_base,revision_B_base,5,200000.0,xlarge,45.0,80.0,5.0,0.5,1.0
10,43,online_static_3step,0.5,0.8,10000.0,0.12256789769021881,7779.381705488333,0.12263950868522121,84.52169673330083,0.9881687183451204,2051,8667,8668,8740,8741,200014.56862358726,313.42848435021006,3307,"[[334267.462172355,5724996.610766233],[334370.39838088065,5725025.211850789],[334239.04111023084,5724989.036028044],[334280.0925910194,5724962.365647277],[334220.6670554358,5725046.075560594]]",5aae0438e1e54d69e9da0ba68887ca5e3f1f7a67ff645ed335b0fcf02051ca64,0e188867ee646ea526a93387555e13f90bf1d9fc1b12027463e20214f2b9d8b4,none,stationary,matched_prior_exact,1,0,"{""p_d"":0.8,""stage"":""c5-generalization"",""tau"":10000.0,""w"":0.5}",eeba6ec6b36996a8c22ff4c80fa204cd0d918597f69b98666fd42b58b41ef8c4,flat,temperate,159830,11.433950297577853,revision_C_base@2ce3a901fecb,2ce3a901fecb5ddde502d0a5eeffb8f48d73c5fd,fab97b80b871eeeac68aa1d75a33173cb368895f3e96803690e3cbc0acb1147d,c5-generalization_20260827_181139_043334_662411fc,662411fc2c56d0c02ce05c695ea52935ceb8d74da8d3bb51759e41a06bd0b419,none,none,none,none,evidence,revision_B_base,revision_B_base,5,200000.0,xlarge,45.0,80.0,5.0,0.5,1.0
10,43,dynamic_3step,0.5,0.8,10000.0,0.24981510689727904,7185.833709378328,0.24994062357686242,19.967561393489433,0.9499187717371408,8755,8740,8741,8740,8741,200024.22071581153,455.0629176571965,4241,"[[334267.462172355,5724996.610766233],[334370.39838088065,5725025.211850789],[334239.04111023084,5724989.036028044],[334280.0925910194,5724962.365647277],[334220.6670554358,5725046.075560594]]",5aae0438e1e54d69e9da0ba68887ca5e3f1f7a67ff645ed335b0fcf02051ca64,8d85d0e7e4973513eb3c8146c35770b6be12cf4ad59224a612166fb6a80126f0,none,stationary,matched_prior_exact,1,0,"{""p_d"":0.8,""stage"":""c5-generalization"",""tau"":10000.0,""w"":0.5}",eeba6ec6b36996a8c22ff4c80fa204cd0d918597f69b98666fd42b58b41ef8c4,flat,temperate,159830,11.433950297577853,revision_C_base@2ce3a901fecb,2ce3a901fecb5ddde502d0a5eeffb8f48d73c5fd,fab97b80b871eeeac68aa1d75a33173cb368895f3e96803690e3cbc0acb1147d,c5-generalization_20260827_181139_043334_662411fc,662411fc2c56d0c02ce05c695ea52935ceb8d74da8d3bb51759e41a06bd0b419,none,none,none,none,evidence,revision_B_base,revision_B_base,5,200000.0,xlarge,45.0,80.0,5.0,0.5,1.0
10,42,online_static_3step,0.5,0.8,10000.0,0.12051429235195033,8039.689173295479,0.12057727496240961,91.83993902439025,0.989111491028599,1968,9036,9037,9036,9037,200005.19026440257,417.4849241722841,4426,"[[334289.4483734565,5724948.214511063],[334332.1757905636,5724948.902473748],[334361.4939326978,5725068.809352602],[334285.71484677034,5724925.270176675],[334326.0314329311,5725062.08709865]]",3c195b87f1445e5f24bb317d5a82c31328f4e3a706c1cec8193eed5382ff055c,2019451c93ce18c11f35a2c919930eedba687636f8f2ff43887e7f2beda88734,none,stationary,matched_prior_exact,1,0,"{""p_d"":0.8,""stage"":""c5-generalization"",""tau"":10000.0,""w"":0.5}",eeba6ec6b36996a8c22ff4c80fa204cd0d918597f69b98666fd42b58b41ef8c4,flat,temperate,159830,11.433950297577853,revision_C_base@2ce3a901fecb,2ce3a901fecb5ddde502d0a5eeffb8f48d73c5fd,fab97b80b871eeeac68aa1d75a33173cb368895f3e96803690e3cbc0acb1147d,c5-generalization_20260827_181139_043334_662411fc,662411fc2c56d0c02ce05c695ea52935ceb8d74da8d3bb51759e41a06bd0b419,none,none,none,none,evidence,revision_B_base,revision_B_base,5,200000.0,xlarge,45.0,80.0,5.0,0.5,1.0
10,42,dynamic_3step,0.5,0.8,10000.0,0.2820990329961003,7342.861269800105,0.28227522985947534,15.473851309639297,0.9353748475418618,11339,8772,8773,9036,9037,200009.66774586606,455.79755382984877,4227,"[[334289.4483734565,5724948.214511063],[334332.1757905636,5724948.902473748],[334361.4939326978,5725068.809352602],[334285.71484677034,5724925.270176675],[334326.0314329311,5725062.08709865]]",3c195b87f1445e5f24bb317d5a82c31328f4e3a706c1cec8193eed5382ff055c,966d6dd359b0c2e97fdceb3efcaa6b67c5b952db3f30e76506076e86aee2deac,none,stationary,matched_prior_exact,1,0,"{""p_d"":0.8,""stage"":""c5-generalization"",""tau"":10000.0,""w"":0.5}",eeba6ec6b36996a8c22ff4c80fa204cd0d918597f69b98666fd42b58b41ef8c4,flat,temperate,159830,11.433950297577853,revision_C_base@2ce3a901fecb,2ce3a901fecb5ddde502d0a5eeffb8f48d73c5fd,fab97b80b871eeeac68aa1d75a33173cb368895f3e96803690e3cbc0acb1147d,c5-generalization_20260827_181139_043334_662411fc,662411fc2c56d0c02ce05c695ea52935ceb8d74da8d3bb51759e41a06bd0b419,none,none,none,none,evidence,revision_B_base,revision_B_base,5,200000.0,xlarge,45.0,80.0,5.0,0.5,1.0
10,44,online_static_3step,0.5,0.8,10000.0,0.12674251787261992,7896.983489790072,0.1268409909936899,83.92625645843118,0.9880847777298956,2129,8933,8934,8933,8934,200013.25957482753,389.54548727860674,4049,"[[334315.9840595574,5725049.084105466],[334197.8236000696,5725068.653909299],[334327.9832340155,5725092.6038039895],[334309.7195218816,5725063.384940596],[334245.0691957289,5724943.152220613]]",c7b98fa8a6fd7a67d10513d55076aade048023f35a0553cb06267d4f6ef018b5,83ecc71da33fbea1bf1a0ca5a84575720ebd4a5875630843872eb6a2bc2837e5,none,stationary,matched_prior_exact,1,0,"{""p_d"":0.8,""stage"":""c5-generalization"",""tau"":10000.0,""w"":0.5}",eeba6ec6b36996a8c22ff4c80fa204cd0d918597f69b98666fd42b58b41ef8c4,flat,temperate,159830,11.433950297577853,revision_C_base@2ce3a901fecb,2ce3a901fecb5ddde502d0a5eeffb8f48d73c5fd,fab97b80b871eeeac68aa1d75a33173cb368895f3e96803690e3cbc0acb1147d,c5-generalization_20260827_181139_043334_662411fc,662411fc2c56d0c02ce05c695ea52935ceb8d74da8d3bb51759e41a06bd0b419,none,none,none,none,evidence,revision_B_base,revision_B_base,5,200000.0,xlarge,45.0,80.0,5.0,0.5,1.0
10,44,dynamic_3step,0.5,0.8,10000.0,0.29417340695842653,7191.405879094817,0.29439622731991105,14.761262021258647,0.9322551148702709,11854,8748,8749,8933,8934,200012.5972585254,453.54393836995587,4162,"[[334315.9840595574,5725049.084105466],[334197.8236000696,5725068.653909299],[334327.9832340155,5725092.6038039895],[334309.7195218816,5725063.384940596],[334245.0691957289,5724943.152220613]]",c7b98fa8a6fd7a67d10513d55076aade048023f35a0553cb06267d4f6ef018b5,4401ecc6be2ae525894c192b6f4cb189c33a98afe9b21efad626a1692ea19ba1,none,stationary,matched_prior_exact,1,0,"{""p_d"":0.8,""stage"":""c5-generalization"",""tau"":10000.0,""w"":0.5}",eeba6ec6b36996a8c22ff4c80fa204cd0d918597f69b98666fd42b58b41ef8c4,flat,temperate,159830,11.433950297577853,revision_C_base@2ce3a901fecb,2ce3a901fecb5ddde502d0a5eeffb8f48d73c5fd,fab97b80b871eeeac68aa1d75a33173cb368895f3e96803690e3cbc0acb1147d,c5-generalization_20260827_181139_043334_662411fc,662411fc2c56d0c02ce05c695ea52935ceb8d74da8d3bb51759e41a06bd0b419,none,none,none,none,evidence,revision_B_base,revision_B_base,5,200000.0,xlarge,45.0,80.0,5.0,0.5,1.0
10,47,online_static_3step,0.5,0.8,10000.0,0.12134072340780724,8064.848392617824,0.1214580573223378,89.52738036507154,0.988830232763181,2027,9073,9074,9073,9074,200019.95504515502,340.9408912844956,3485,"[[334275.04454964265,5724927.014402416],[334248.07564489753,5725020.703303794],[334334.9252106965,5725002.002782855],[334307.9504744421,5725101.855164014],[334237.32192149584,5725010.22034794]]",534d6bf750939fd4a2adea1cb6e5bf6962100438a5d1f081e7ea7ace1d556989,946b493e1f1e572803efcba787f342a46ba471a96980b41f698f23111e50b8c0,none,stationary,matched_prior_exact,1,0,"{""p_d"":0.8,""stage"":""c5-generalization"",""tau"":10000.0,""w"":0.5}",eeba6ec6b36996a8c22ff4c80fa204cd0d918597f69b98666fd42b58b41ef8c4,flat,temperate,159830,11.433950297577853,revision_C_base@2ce3a901fecb,2ce3a901fecb5ddde502d0a5eeffb8f48d73c5fd,fab97b80b871eeeac68aa1d75a33173cb368895f3e96803690e3cbc0acb1147d,c5-generalization_20260827_181139_043334_662411fc,662411fc2c56d0c02ce05c695ea52935ceb8d74da8d3bb51759e41a06bd0b419,none,none,none,none,evidence,revision_B_base,revision_B_base,5,200000.0,xlarge,45.0,80.0,5.0,0.5,1.0
10,47,dynamic_3step,0.5,0.8,10000.0,0.2955028669868479,7337.795285580804,0.29572676692145916,14.462989000082706,0.9308579989935496,12091,8743,8744,9073,9074,200005.23458756466,428.23669823561795,4069,"[[334275.04454964265,5724927.014402416],[334248.07564489753,5725020.703303794],[334334.9252106965,5725002.002782855],[334307.9504744421,5725101.855164014],[334237.32192149584,5725010.22034794]]",534d6bf750939fd4a2adea1cb6e5bf6962100438a5d1f081e7ea7ace1d556989,fa2440f110fadd31d93880a44faf61f887df39715679a5bce97011daa497b749,none,stationary,matched_prior_exact,1,0,"{""p_d"":0.8,""stage"":""c5-generalization"",""tau"":10000.0,""w"":0.5}",eeba6ec6b36996a8c22ff4c80fa204cd0d918597f69b98666fd42b58b41ef8c4,flat,temperate,159830,11.433950297577853,revision_C_base@2ce3a901fecb,2ce3a901fecb5ddde502d0a5eeffb8f48d73c5fd,fab97b80b871eeeac68aa1d75a33173cb368895f3e96803690e3cbc0acb1147d,c5-generalization_20260827_181139_043334_662411fc,662411fc2c56d0c02ce05c695ea52935ceb8d74da8d3bb51759e41a06bd0b419,none,none,none,none,evidence,revision_B_base,revision_B_base,5,200000.0,xlarge,45.0,80.0,5.0,0.5,1.0
10,45,online_static_3step,0.5,0.8,10000.0,0.13252531382396676,7990.134586144176,0.1326643383064388,69.58665644171779,0.9856294288138768,2608,9073,9074,9073,9074,200016.8998527769,512.5694920052774,5376,"[[334214.3573079379,5724981.472488245],[334287.2319513471,5724923.950527903],[334191.4163765472,5725008.043513834],[334301.54773942236,5724939.80748086],[334210.7322952044,5725058.230726799]]",8a7e98c8245c80a6f01e0226d2d2656885f2cb7610bee2dc775b06c99ab4ad79,9caddb731debdf4d73f89b18839ba97c8cdfca4d2137f1a2564e70b47c76641b,none,stationary,matched_prior_exact,1,0,"{""p_d"":0.8,""stage"":""c5-generalization"",""tau"":10000.0,""w"":0.5}",eeba6ec6b36996a8c22ff4c80fa204cd0d918597f69b98666fd42b58b41ef8c4,flat,temperate,159830,11.433950297577853,revision_C_base@2ce3a901fecb,2ce3a901fecb5ddde502d0a5eeffb8f48d73c5fd,fab97b80b871eeeac68aa1d75a33173cb368895f3e96803690e3cbc0acb1147d,c5-generalization_20260827_181139_043334_662411fc,662411fc2c56d0c02ce05c695ea52935ceb8d74da8d3bb51759e41a06bd0b419,none,none,none,none,evidence,revision_B_base,revision_B_base,5,200000.0,xlarge,45.0,80.0,5.0,0.5,1.0
10,45,dynamic_3step,0.5,0.8,10000.0,0.2891278550543886,7350.955224546353,0.28933971504100564,15.403235733755386,0.9350785758729543,11373,8758,8759,9073,9074,200000.87981180876,447.6189332429785,4231,"[[334214.3573079379,5724981.472488245],[334287.2319513471,5724923.950527903],[334191.4163765472,5725008.043513834],[334301.54773942236,5724939.80748086],[334210.7322952044,5725058.230726799]]",8a7e98c8245c80a6f01e0226d2d2656885f2cb7610bee2dc775b06c99ab4ad79,dadf3fbe3e238333721d139f8e7009d55fb4c007acb2907451b5b1f72be8f8de,none,stationary,matched_prior_exact,1,0,"{""p_d"":0.8,""stage"":""c5-generalization"",""tau"":10000.0,""w"":0.5}",eeba6ec6b36996a8c22ff4c80fa204cd0d918597f69b98666fd42b58b41ef8c4,flat,temperate,159830,11.433950297577853,revision_C_base@2ce3a901fecb,2ce3a901fecb5ddde502d0a5eeffb8f48d73c5fd,fab97b80b871eeeac68aa1d75a33173cb368895f3e96803690e3cbc0acb1147d,c5-generalization_20260827_181139_043334_662411fc,662411fc2c56d0c02ce05c695ea52935ceb8d74da8d3bb51759e41a06bd0b419,none,none,none,none,evidence,revision_B_base,revision_B_base,5,200000.0,xlarge,45.0,80.0,5.0,0.5,1.0
10,46,online_static_3step,0.5,0.8,10000.0,0.14293529816712947,7684.491043820089,0.14304686988030732,62.30304101838755,0.9839494191029156,2828,8809,8810,8809,8810,200010.1904282522,392.20516418805346,4051,"[[334302.55779995414,5724998.180605194],[334268.36899595597,5725091.779270053],[334306.1917090609,5725001.975158726],[334218.91864908,5724949.808111246],[334193.22153253027,5725007.498045916]]",9ee63faabcca9d7ea56158b9a7b93c43e3bd66789637b328ac894e71f26729ce,fa4519f950dd49990ec24fd22f83a8dfbf45b7a8bd0c8595d0458a7aa24600db,none,stationary,matched_prior_exact,1,0,"{""p_d"":0.8,""stage"":""c5-generalization"",""tau"":10000.0,""w"":0.5}",eeba6ec6b36996a8c22ff4c80fa204cd0d918597f69b98666fd42b58b41ef8c4,flat,temperate,159830,11.433950297577853,revision_C_base@2ce3a901fecb,2ce3a901fecb5ddde502d0a5eeffb8f48d73c5fd,fab97b80b871eeeac68aa1d75a33173cb368895f3e96803690e3cbc0acb1147d,c5-generalization_20260827_181139_043334_662411fc,662411fc2c56d0c02ce05c695ea52935ceb8d74da8d3bb51759e41a06bd0b419,none,none,none,none,evidence,revision_B_base,revision_B_base,5,200000.0,xlarge,45.0,80.0,5.0,0.5,1.0
10,46,dynamic_3step,0.5,0.8,10000.0,0.26929278380356575,7129.846280964748,0.2694729909991335,15.637760114316334,0.936052222780646,11197,8754,8755,8809,8810,200015.10478324493,448.1943822556641,4139,"[[334302.55779995414,5724998.180605194],[334268.36899595597,5725091.779270053],[334306.1917090609,5725001.975158726],[334218.91864908,5724949.808111246],[334193.22153253027,5725007.498045916]]",9ee63faabcca9d7ea56158b9a7b93c43e3bd66789637b328ac894e71f26729ce,5dc8eded9dfffc4c3f593e6729bdbba047bb11d4b306beb7fdffbf85f154a57b,none,stationary,matched_prior_exact,1,0,"{""p_d"":0.8,""stage"":""c5-generalization"",""tau"":10000.0,""w"":0.5}",eeba6ec6b36996a8c22ff4c80fa204cd0d918597f69b98666fd42b58b41ef8c4,flat,temperate,159830,11.433950297577853,revision_C_base@2ce3a901fecb,2ce3a901fecb5ddde502d0a5eeffb8f48d73c5fd,fab97b80b871eeeac68aa1d75a33173cb368895f3e96803690e3cbc0acb1147d,c5-generalization_20260827_181139_043334_662411fc,662411fc2c56d0c02ce05c695ea52935ceb8d74da8d3bb51759e41a06bd0b419,none,none,none,none,evidence,revision_B_base,revision_B_base,5,200000.0,xlarge,45.0,80.0,5.0,0.5,1.0
10,49,online_static_3step,0.5,0.8,10000.0,0.13278507036035875,7971.124664399914,0.13290371205966817,69.32070417145044,0.985574295415022,2613,9056,9057,9056,9057,200023.7988923466,428.5519454665482,4450,"[[334229.3632394197,5725072.168818314],[334218.0510657913,5725063.304285395],[334273.0122088742,5725004.039631271],[334295.95106640976,5724915.288878261],[334246.1550359129,5725011.764393869]]",60433548930247880d436336dc0c24b5722e1f405496f3395bc41214162a99f6,d62825b9c8e2bdc488022e22080bdfc43ca524470927f880c1e4e344e10306f8,none,stationary,matched_prior_exact,1,0,"{""p_d"":0.8,""stage"":""c5-generalization"",""tau"":10000.0,""w"":0.5}",eeba6ec6b36996a8c22ff4c80fa204cd0d918597f69b98666fd42b58b41ef8c4,flat,temperate,159830,11.433950297577853,revision_C_base@2ce3a901fecb,2ce3a901fecb5ddde502d0a5eeffb8f48d73c5fd,fab97b80b871eeeac68aa1d75a33173cb368895f3e96803690e3cbc0acb1147d,c5-generalization_20260827_181139_043334_662411fc,662411fc2c56d0c02ce05c695ea52935ceb8d74da8d3bb51759e41a06bd0b419,none,none,none,none,evidence,revision_B_base,revision_B_base,5,200000.0,xlarge,45.0,80.0,5.0,0.5,1.0
10,49,dynamic_3step,0.5,0.8,10000.0,0.2751072026371461,7299.273201711035,0.2753375521415366,13.520589142504626,0.9260387258676248,12968,8766,8767,9056,9057,200017.81787904268,450.0028072630521,4236,"[[334229.3632394197,5725072.168818314],[334218.0510657913,5725063.304285395],[334273.0122088742,5725004.039631271],[334295.95106640976,5724915.288878261],[334246.1550359129,5725011.764393869]]",60433548930247880d436336dc0c24b5722e1f405496f3395bc41214162a99f6,0b4004020b83776137dede3344f42fa40b8beb1e81891c8ad3b30f895704e285,none,stationary,matched_prior_exact,1,0,"{""p_d"":0.8,""stage"":""c5-generalization"",""tau"":10000.0,""w"":0.5}",eeba6ec6b36996a8c22ff4c80fa204cd0d918597f69b98666fd42b58b41ef8c4,flat,temperate,159830,11.433950297577853,revision_C_base@2ce3a901fecb,2ce3a901fecb5ddde502d0a5eeffb8f48d73c5fd,fab97b80b871eeeac68aa1d75a33173cb368895f3e96803690e3cbc0acb1147d,c5-generalization_20260827_181139_043334_662411fc,662411fc2c56d0c02ce05c695ea52935ceb8d74da8d3bb51759e41a06bd0b419,none,none,none,none,evidence,revision_B_base,revision_B_base,5,200000.0,xlarge,45.0,80.0,5.0,0.5,1.0
10,48,online_static_3step,0.5,0.8,10000.0,0.14249745884673357,7810.489348510417,0.14261757463393704,63.46983676366217,0.9842444844513525,2818,8942,8943,8942,8943,200007.78085988906,474.4423299613409,4869,"[[334220.7584518964,5725063.768145641],[334196.4912505313,5725006.496216538],[334226.09244485555,5724937.705004173],[334218.1255894802,5724974.839774018],[334285.7569015989,5724968.255193128]]",f1d4268a7fc06b15f7692db6342f402bb3f8002b9b7058c5a0ea51e1aecefd26,f2a634c7f1ccc88349fc3302f5632b62885ddb4e86d683925383f5521b868f95,none,stationary,matched_prior_exact,1,0,"{""p_d"":0.8,""stage"":""c5-generalization"",""tau"":10000.0,""w"":0.5}",eeba6ec6b36996a8c22ff4c80fa204cd0d918597f69b98666fd42b58b41ef8c4,flat,temperate,159830,11.433950297577853,revision_C_base@2ce3a901fecb,2ce3a901fecb5ddde502d0a5eeffb8f48d73c5fd,fab97b80b871eeeac68aa1d75a33173cb368895f3e96803690e3cbc0acb1147d,c5-generalization_20260827_181139_043334_662411fc,662411fc2c56d0c02ce05c695ea52935ceb8d74da8d3bb51759e41a06bd0b419,none,none,none,none,evidence,revision_B_base,revision_B_base,5,200000.0,xlarge,45.0,80.0,5.0,0.5,1.0
10,48,dynamic_3step,0.5,0.8,10000.0,0.26760742447880603,7307.244102042825,0.2678009631784501,15.057484103797904,0.9335878428888547,11638,8761,8762,8942,8943,200003.7779855348,460.59748771670274,4266,"[[334220.7584518964,5725063.768145641],[334196.4912505313,5725006.496216538],[334226.09244485555,5724937.705004173],[334218.1255894802,5724974.839774018],[334285.7569015989,5724968.255193128]]",f1d4268a7fc06b15f7692db6342f402bb3f8002b9b7058c5a0ea51e1aecefd26,d9f2fcb4822a606f56bcc94cca720a552e8088b109a9967f067434c3361b9589,none,stationary,matched_prior_exact,1,0,"{""p_d"":0.8,""stage"":""c5-generalization"",""tau"":10000.0,""w"":0.5}",eeba6ec6b36996a8c22ff4c80fa204cd0d918597f69b98666fd42b58b41ef8c4,flat,temperate,159830,11.433950297577853,revision_C_base@2ce3a901fecb,2ce3a901fecb5ddde502d0a5eeffb8f48d73c5fd,fab97b80b871eeeac68aa1d75a33173cb368895f3e96803690e3cbc0acb1147d,c5-generalization_20260827_181139_043334_662411fc,662411fc2c56d0c02ce05c695ea52935ceb8d74da8d3bb51759e41a06bd0b419,none,none,none,none,evidence,revision_B_base,revision_B_base,5,200000.0,xlarge,45.0,80.0,5.0,0.5,1.0
10,50,online_static_3step,0.5,0.8,10000.0,0.14088505313024674,7819.094856748731,0.14102774937491974,64.27935368043087,0.984442905182719,2785,8950,8951,8950,8951,200018.19959903994,470.91380193270743,4818,"[[334300.7860474235,5724924.920300336],[334185.28645410074,5724984.462749872],[334286.16062007094,5725093.869833569],[334347.9162294534,5725043.326808645],[334237.3473894879,5725043.405227825]]",8283a2834388f9c63cfd0cea6a48fcee18a5ba4c6e6ba3aa66a9c3f28824aa66,e43f10c22302c36631e529e0704728e72139fe6afcf35f10c2016a7589453376,none,stationary,matched_prior_exact,1,0,"{""p_d"":0.8,""stage"":""c5-generalization"",""tau"":10000.0,""w"":0.5}",eeba6ec6b36996a8c22ff4c80fa204cd0d918597f69b98666fd42b58b41ef8c4,flat,temperate,159830,11.433950297577853,revision_C_base@2ce3a901fecb,2ce3a901fecb5ddde502d0a5eeffb8f48d73c5fd,fab97b80b871eeeac68aa1d75a33173cb368895f3e96803690e3cbc0acb1147d,c5-generalization_20260827_181139_043334_662411fc,662411fc2c56d0c02ce05c695ea52935ceb8d74da8d3bb51759e41a06bd0b419,none,none,none,none,evidence,revision_B_base,revision_B_base,5,200000.0,xlarge,45.0,80.0,5.0,0.5,1.0
10,50,dynamic_3step,0.5,0.8,10000.0,0.2973271562448613,7166.416845097077,0.2975339559386371,14.543472834678425,0.9312406320438449,12019,8739,8740,8950,8951,200004.56957476086,441.8652663715184,4138,"[[334300.7860474235,5724924.920300336],[334185.28645410074,5724984.462749872],[334286.16062007094,5725093.869833569],[334347.9162294534,5725043.326808645],[334237.3473894879,5725043.405227825]]",8283a2834388f9c63cfd0cea6a48fcee18a5ba4c6e6ba3aa66a9c3f28824aa66,2c0b7cdc7e0797a05a86d5b6745e3d571cfca1a54162ffa72effc368050c5fca,none,stationary,matched_prior_exact,1,0,"{""p_d"":0.8,""stage"":""c5-generalization"",""tau"":10000.0,""w"":0.5}",eeba6ec6b36996a8c22ff4c80fa204cd0d918597f69b98666fd42b58b41ef8c4,flat,temperate,159830,11.433950297577853,revision_C_base@2ce3a901fecb,2ce3a901fecb5ddde502d0a5eeffb8f48d73c5fd,fab97b80b871eeeac68aa1d75a33173cb368895f3e96803690e3cbc0acb1147d,c5-generalization_20260827_181139_043334_662411fc,662411fc2c56d0c02ce05c695ea52935ceb8d74da8d3bb51759e41a06bd0b419,none,none,none,none,evidence,revision_B_base,revision_B_base,5,200000.0,xlarge,45.0,80.0,5.0,0.5,1.0
10,51,online_static_3step,0.5,0.8,10000.0,0.11637620420299638,7858.671129184629,0.11646817441622583,92.41080797481636,0.9891787549322962,1906,8806,8807,8806,8807,200011.23219624688,445.7298083463684,4564,"[[334331.34945856873,5724994.104607949],[334278.059959227,5725060.873407095],[334290.01276670006,5724968.360705122],[334308.87607642583,5724933.31143598],[334217.6852865426,5725046.811770091]]",511218dd01b3f07057afc14325022c4e82154b26ec43f956302ef375f1badadf,0bd4adbfb34266d10733604754d60f97dd5426eac65eb4243359e3feb3907099,none,stationary,matched_prior_exact,1,0,"{""p_d"":0.8,""stage"":""c5-generalization"",""tau"":10000.0,""w"":0.5}",eeba6ec6b36996a8c22ff4c80fa204cd0d918597f69b98666fd42b58b41ef8c4,flat,temperate,159830,11.433950297577853,revision_C_base@2ce3a901fecb,2ce3a901fecb5ddde502d0a5eeffb8f48d73c5fd,fab97b80b871eeeac68aa1d75a33173cb368895f3e96803690e3cbc0acb1147d,c5-generalization_20260827_181139_043334_662411fc,662411fc2c56d0c02ce05c695ea52935ceb8d74da8d3bb51759e41a06bd0b419,none,none,none,none,evidence,revision_B_base,revision_B_base,5,200000.0,xlarge,45.0,80.0,5.0,0.5,1.0
10,51,dynamic_3step,0.5,0.8,10000.0,0.30938512862459366,7019.977877431286,0.30962435828522733,13.965022707353995,0.9283925260305235,12551,8763,8764,8806,8807,200024.4199576846,457.14513816242106,4222,"[[334331.34945856873,5724994.104607949],[334278.059959227,5725060.873407095],[334290.01276670006,5724968.360705122],[334308.87607642583,5724933.31143598],[334217.6852865426,5725046.811770091]]",511218dd01b3f07057afc14325022c4e82154b26ec43f956302ef375f1badadf,e89ae50b4da76a12f247465573e5a4a3b11231a46744bd39034bff380ff078f2,none,stationary,matched_prior_exact,1,0,"{""p_d"":0.8,""stage"":""c5-generalization"",""tau"":10000.0,""w"":0.5}",eeba6ec6b36996a8c22ff4c80fa204cd0d918597f69b98666fd42b58b41ef8c4,flat,temperate,159830,11.433950297577853,revision_C_base@2ce3a901fecb,2ce3a901fecb5ddde502d0a5eeffb8f48d73c5fd,fab97b80b871eeeac68aa1d75a33173cb368895f3e96803690e3cbc0acb1147d,c5-generalization_20260827_181139_043334_662411fc,662411fc2c56d0c02ce05c695ea52935ceb8d74da8d3bb51759e41a06bd0b419,none,none,none,none,evidence,revision_B_base,revision_B_base,5,200000.0,xlarge,45.0,80.0,5.0,0.5,1.0
11,42,online_static_3step,0.5,0.8,10000.0,0.2710537800952187,6914.677084404547,0.271418758372482,14.065887172484425,0.928906012984649,11717,8340,8341,8369,8370,200020.93198845917,375.03477027779445,3797,"[[407099.5354039874,6044269.654278247],[407142.2628210945,6044270.3422409315],[407171.5809632287,6044390.249119786],[407095.80187730124,6044246.709943859],[407136.118463462,6044383.526865833]]",1cb1e79d07c1a001fd4c5b9ce4fe3d27ab95c671552b93dc4f89281a9b88aa3d,1130768cd949372d3f1152162598a66f8f0014c68265ac52304a8c821c17482b,none,stationary,matched_prior_exact,1,0,"{""p_d"":0.8,""stage"":""c5-generalization"",""tau"":10000.0,""w"":0.5}",eeba6ec6b36996a8c22ff4c80fa204cd0d918597f69b98666fd42b58b41ef8c4,flat,temperate,200570,11.55402629706672,revision_C_base@2ce3a901fecb,2ce3a901fecb5ddde502d0a5eeffb8f48d73c5fd,fab97b80b871eeeac68aa1d75a33173cb368895f3e96803690e3cbc0acb1147d,c5-generalization_20260827_181139_043334_662411fc,662411fc2c56d0c02ce05c695ea52935ceb8d74da8d3bb51759e41a06bd0b419,none,none,none,none,evidence,revision_B_base,revision_B_base,5,200000.0,xlarge,45.0,80.0,5.0,0.5,1.0
11,42,dynamic_3step,0.5,0.8,10000.0,0.3234973166391756,6834.245242508436,0.32400131994702525,11.799089032809052,0.9152476943584918,14051,8369,8370,8369,8370,200023.08265169163,477.81707987515256,4405,"[[407099.5354039874,6044269.654278247],[407142.2628210945,6044270.3422409315],[407171.5809632287,6044390.249119786],[407095.80187730124,6044246.709943859],[407136.118463462,6044383.526865833]]",1cb1e79d07c1a001fd4c5b9ce4fe3d27ab95c671552b93dc4f89281a9b88aa3d,50bae3d349f1e4ace9e81e7839279c35943108fdeb80c89a904c204637d9b70a,none,stationary,matched_prior_exact,1,0,"{""p_d"":0.8,""stage"":""c5-generalization"",""tau"":10000.0,""w"":0.5}",eeba6ec6b36996a8c22ff4c80fa204cd0d918597f69b98666fd42b58b41ef8c4,flat,temperate,200570,11.55402629706672,revision_C_base@2ce3a901fecb,2ce3a901fecb5ddde502d0a5eeffb8f48d73c5fd,fab97b80b871eeeac68aa1d75a33173cb368895f3e96803690e3cbc0acb1147d,c5-generalization_20260827_181139_043334_662411fc,662411fc2c56d0c02ce05c695ea52935ceb8d74da8d3bb51759e41a06bd0b419,none,none,none,none,evidence,revision_B_base,revision_B_base,5,200000.0,xlarge,45.0,80.0,5.0,0.5,1.0
11,43,online_static_3step,0.5,0.8,10000.0,0.20232937168884696,7144.521326355947,0.20261324138548503,20.35608491730437,0.9508746399878732,8102,8343,8344,8363,8364,200003.99125285755,415.9419459858909,4265,"[[407077.5492028859,6044318.050533417],[407180.48541141156,6044346.651617973],[407049.12814076175,6044310.475795228],[407090.1796215503,6044283.805414461],[407030.75408596674,6044367.515327778]]",34a093634a379cccc3f19c065026cb0f022e187ed8a6685ddd38a12cadcab079,cfcddaf0ca4263207bf6d67b68d1c7aa5e71c8893f9d907dfb5747db4a15cc25,none,stationary,matched_prior_exact,1,0,"{""p_d"":0.8,""stage"":""c5-generalization"",""tau"":10000.0,""w"":0.5}",eeba6ec6b36996a8c22ff4c80fa204cd0d918597f69b98666fd42b58b41ef8c4,flat,temperate,200570,11.55402629706672,revision_C_base@2ce3a901fecb,2ce3a901fecb5ddde502d0a5eeffb8f48d73c5fd,fab97b80b871eeeac68aa1d75a33173cb368895f3e96803690e3cbc0acb1147d,c5-generalization_20260827_181139_043334_662411fc,662411fc2c56d0c02ce05c695ea52935ceb8d74da8d3bb51759e41a06bd0b419,none,none,none,none,evidence,revision_B_base,revision_B_base,5,200000.0,xlarge,45.0,80.0,5.0,0.5,1.0
11,43,dynamic_3step,0.5,0.8,10000.0,0.32295024010668155,6744.027676199803,0.32348901570949656,10.997144375083012,0.9090673027567258,15058,8363,8364,8363,8364,200007.28777893982,453.83189804502763,4217,"[[407077.5492028859,6044318.050533417],[407180.48541141156,6044346.651617973],[407049.12814076175,6044310.475795228],[407090.1796215503,6044283.805414461],[407030.75408596674,6044367.515327778]]",34a093634a379cccc3f19c065026cb0f022e187ed8a6685ddd38a12cadcab079,33a0784c7274c71c814deb679ad192724b2d041f23e73547fd93c0fb594ff4b5,none,stationary,matched_prior_exact,1,0,"{""p_d"":0.8,""stage"":""c5-generalization"",""tau"":10000.0,""w"":0.5}",eeba6ec6b36996a8c22ff4c80fa204cd0d918597f69b98666fd42b58b41ef8c4,flat,temperate,200570,11.55402629706672,revision_C_base@2ce3a901fecb,2ce3a901fecb5ddde502d0a5eeffb8f48d73c5fd,fab97b80b871eeeac68aa1d75a33173cb368895f3e96803690e3cbc0acb1147d,c5-generalization_20260827_181139_043334_662411fc,662411fc2c56d0c02ce05c695ea52935ceb8d74da8d3bb51759e41a06bd0b419,none,none,none,none,evidence,revision_B_base,revision_B_base,5,200000.0,xlarge,45.0,80.0,5.0,0.5,1.0
11,44,online_static_3step,0.5,0.8,10000.0,0.22781999693574387,6986.6526578158,0.22816572922584952,17.766344086021505,0.9437137998026957,9300,8352,8353,8368,8369,200000.4696551021,422.88199698133394,4267,"[[407126.0710900883,6044370.523872649],[407007.9106306005,6044390.093676482],[407138.07026454643,6044414.043571173],[407119.8065524125,6044384.82470778],[407055.15622625983,6044264.591987797]]",53530657e9075a9c22d32ae92ddfae87139fe25651b2690a9ce00c2e03351761,3df0638e658d76ce4af98e08d5e836077f2c9f44211ffbcb36a1bd395a3c6112,none,stationary,matched_prior_exact,1,0,"{""p_d"":0.8,""stage"":""c5-generalization"",""tau"":10000.0,""w"":0.5}",eeba6ec6b36996a8c22ff4c80fa204cd0d918597f69b98666fd42b58b41ef8c4,flat,temperate,200570,11.55402629706672,revision_C_base@2ce3a901fecb,2ce3a901fecb5ddde502d0a5eeffb8f48d73c5fd,fab97b80b871eeeac68aa1d75a33173cb368895f3e96803690e3cbc0acb1147d,c5-generalization_20260827_181139_043334_662411fc,662411fc2c56d0c02ce05c695ea52935ceb8d74da8d3bb51759e41a06bd0b419,none,none,none,none,evidence,revision_B_base,revision_B_base,5,200000.0,xlarge,45.0,80.0,5.0,0.5,1.0
11,44,dynamic_3step,0.5,0.8,10000.0,0.3228046251635245,6748.061727784006,0.3233271549842916,11.620863712843523,0.9139478764478765,14264,8368,8369,8368,8369,200009.28349947563,444.9369169254787,4120,"[[407126.0710900883,6044370.523872649],[407007.9106306005,6044390.093676482],[407138.07026454643,6044414.043571173],[407119.8065524125,6044384.82470778],[407055.15622625983,6044264.591987797]]",53530657e9075a9c22d32ae92ddfae87139fe25651b2690a9ce00c2e03351761,0c09355ef101dd16da74c43bf676a98fb732ab54458abb5d06ce5613b524636f,none,stationary,matched_prior_exact,1,0,"{""p_d"":0.8,""stage"":""c5-generalization"",""tau"":10000.0,""w"":0.5}",eeba6ec6b36996a8c22ff4c80fa204cd0d918597f69b98666fd42b58b41ef8c4,flat,temperate,200570,11.55402629706672,revision_C_base@2ce3a901fecb,2ce3a901fecb5ddde502d0a5eeffb8f48d73c5fd,fab97b80b871eeeac68aa1d75a33173cb368895f3e96803690e3cbc0acb1147d,c5-generalization_20260827_181139_043334_662411fc,662411fc2c56d0c02ce05c695ea52935ceb8d74da8d3bb51759e41a06bd0b419,none,none,none,none,evidence,revision_B_base,revision_B_base,5,200000.0,xlarge,45.0,80.0,5.0,0.5,1.0
11,45,online_static_3step,0.5,0.8,10000.0,0.25593941101672957,6908.605473895526,0.2562681303829713,15.568735719725819,0.935768708647743,10504,8302,8303,8366,8367,200019.56309232654,448.00006472389214,4455,"[[407024.44433846883,6044302.912255429],[407097.318981878,6044245.390295086],[407001.5034070781,6044329.483281017],[407111.63476995326,6044261.247248043],[407020.8193257353,6044379.670493983]]",78629cfa8aed03ddf734cf5143bee3141caa6f77ea5469d53b714c177795bef9,273b6d21abbddbf5f0925f81729879f17615b178bd076b336718bd58144335a6,none,stationary,matched_prior_exact,1,0,"{""p_d"":0.8,""stage"":""c5-generalization"",""tau"":10000.0,""w"":0.5}",eeba6ec6b36996a8c22ff4c80fa204cd0d918597f69b98666fd42b58b41ef8c4,flat,temperate,200570,11.55402629706672,revision_C_base@2ce3a901fecb,2ce3a901fecb5ddde502d0a5eeffb8f48d73c5fd,fab97b80b871eeeac68aa1d75a33173cb368895f3e96803690e3cbc0acb1147d,c5-generalization_20260827_181139_043334_662411fc,662411fc2c56d0c02ce05c695ea52935ceb8d74da8d3bb51759e41a06bd0b419,none,none,none,none,evidence,revision_B_base,revision_B_base,5,200000.0,xlarge,45.0,80.0,5.0,0.5,1.0
11,45,dynamic_3step,0.5,0.8,10000.0,0.3110776035589403,6838.700497479522,0.31164678289725334,11.253599565335506,0.9111395430240559,14724,8366,8367,8366,8367,200011.26236283864,409.5823174691759,3727,"[[407024.44433846883,6044302.912255429],[407097.318981878,6044245.390295086],[407001.5034070781,6044329.483281017],[407111.63476995326,6044261.247248043],[407020.8193257353,6044379.670493983]]",78629cfa8aed03ddf734cf5143bee3141caa6f77ea5469d53b714c177795bef9,1dd38eda020ca4b04f5a8e22856f4f901ce05daa99913d327baee685f23c9617,none,stationary,matched_prior_exact,1,0,"{""p_d"":0.8,""stage"":""c5-generalization"",""tau"":10000.0,""w"":0.5}",eeba6ec6b36996a8c22ff4c80fa204cd0d918597f69b98666fd42b58b41ef8c4,flat,temperate,200570,11.55402629706672,revision_C_base@2ce3a901fecb,2ce3a901fecb5ddde502d0a5eeffb8f48d73c5fd,fab97b80b871eeeac68aa1d75a33173cb368895f3e96803690e3cbc0acb1147d,c5-generalization_20260827_181139_043334_662411fc,662411fc2c56d0c02ce05c695ea52935ceb8d74da8d3bb51759e41a06bd0b419,none,none,none,none,evidence,revision_B_base,revision_B_base,5,200000.0,xlarge,45.0,80.0,5.0,0.5,1.0
11,46,online_static_3step,0.5,0.8,10000.0,0.19302036395245808,7213.641125235616,0.19332866456264913,19.566509604929323,0.9488922643746295,8277,8255,8256,8371,8372,200005.12055265644,471.3394758987706,4751,"[[407112.64483048505,6044319.620372377],[407078.4560264869,6044413.219037237],[407116.2787395918,6044323.41492591],[407029.0056796109,6044271.2478784295],[407003.3085630612,6044328.9378130995]]",9cddbfb99279cd5eee03d82086dbbdfb37f31abd1b94d5722a8b423fcbd08769,ea6e5b4c43af65ee3e4df90c0f90cb3fb05980986ef8772604746bdab2712b29,none,stationary,matched_prior_exact,1,0,"{""p_d"":0.8,""stage"":""c5-generalization"",""tau"":10000.0,""w"":0.5}",eeba6ec6b36996a8c22ff4c80fa204cd0d918597f69b98666fd42b58b41ef8c4,flat,temperate,200570,11.55402629706672,revision_C_base@2ce3a901fecb,2ce3a901fecb5ddde502d0a5eeffb8f48d73c5fd,fab97b80b871eeeac68aa1d75a33173cb368895f3e96803690e3cbc0acb1147d,c5-generalization_20260827_181139_043334_662411fc,662411fc2c56d0c02ce05c695ea52935ceb8d74da8d3bb51759e41a06bd0b419,none,none,none,none,evidence,revision_B_base,revision_B_base,5,200000.0,xlarge,45.0,80.0,5.0,0.5,1.0
11,46,dynamic_3step,0.5,0.8,10000.0,0.3375810775640364,6718.610687897208,0.338187781415276,11.507076453448036,0.9130969535098243,14414,8371,8372,8371,8372,200010.11589067476,474.6021226407029,4383,"[[407112.64483048505,6044319.620372377],[407078.4560264869,6044413.219037237],[407116.2787395918,6044323.41492591],[407029.0056796109,6044271.2478784295],[407003.3085630612,6044328.9378130995]]",9cddbfb99279cd5eee03d82086dbbdfb37f31abd1b94d5722a8b423fcbd08769,129f24fc70f4089fe7fcdc4c50544c28237b5f4dab68800b1e7078058ad12001,none,stationary,matched_prior_exact,1,0,"{""p_d"":0.8,""stage"":""c5-generalization"",""tau"":10000.0,""w"":0.5}",eeba6ec6b36996a8c22ff4c80fa204cd0d918597f69b98666fd42b58b41ef8c4,flat,temperate,200570,11.55402629706672,revision_C_base@2ce3a901fecb,2ce3a901fecb5ddde502d0a5eeffb8f48d73c5fd,fab97b80b871eeeac68aa1d75a33173cb368895f3e96803690e3cbc0acb1147d,c5-generalization_20260827_181139_043334_662411fc,662411fc2c56d0c02ce05c695ea52935ceb8d74da8d3bb51759e41a06bd0b419,none,none,none,none,evidence,revision_B_base,revision_B_base,5,200000.0,xlarge,45.0,80.0,5.0,0.5,1.0
11,47,online_static_3step,0.5,0.8,10000.0,0.18301604215589912,7203.003900211796,0.18328568823582855,21.3648439515089,0.9531941350814606,7754,8365,8366,8367,8368,200008.73480047088,462.1189282378182,4688,"[[407085.13158017356,6044248.454169599],[407058.16267542844,6044342.143070978],[407145.01224122744,6044323.442550039],[407118.037504973,6044423.294931198],[407047.40895202674,6044331.660115124]]",7dfb5c16d5299f4f2e7d16a845b7ee594f2c60af63bdb532d93b3c97fcb66b17,f9850d839a33bdcdc6fe72ad71f155b622e8b9959ff881c4ce4d787a37eba06f,none,stationary,matched_prior_exact,1,0,"{""p_d"":0.8,""stage"":""c5-generalization"",""tau"":10000.0,""w"":0.5}",eeba6ec6b36996a8c22ff4c80fa204cd0d918597f69b98666fd42b58b41ef8c4,flat,temperate,200570,11.55402629706672,revision_C_base@2ce3a901fecb,2ce3a901fecb5ddde502d0a5eeffb8f48d73c5fd,fab97b80b871eeeac68aa1d75a33173cb368895f3e96803690e3cbc0acb1147d,c5-generalization_20260827_181139_043334_662411fc,662411fc2c56d0c02ce05c695ea52935ceb8d74da8d3bb51759e41a06bd0b419,none,none,none,none,evidence,revision_B_base,revision_B_base,5,200000.0,xlarge,45.0,80.0,5.0,0.5,1.0
11,47,dynamic_3step,0.5,0.8,10000.0,0.32639652107465855,6712.487159363427,0.3270098604359929,10.880186449579831,0.9080898103507575,15232,8367,8368,8367,8368,200014.98371727625,483.7645430169068,4459,"[[407085.13158017356,6044248.454169599],[407058.16267542844,6044342.143070978],[407145.01224122744,6044323.442550039],[407118.037504973,6044423.294931198],[407047.40895202674,6044331.660115124]]",7dfb5c16d5299f4f2e7d16a845b7ee594f2c60af63bdb532d93b3c97fcb66b17,70ebd957de511863c889700bb1344015eba0574df08ac893ecdd07cddc401465,none,stationary,matched_prior_exact,1,0,"{""p_d"":0.8,""stage"":""c5-generalization"",""tau"":10000.0,""w"":0.5}",eeba6ec6b36996a8c22ff4c80fa204cd0d918597f69b98666fd42b58b41ef8c4,flat,temperate,200570,11.55402629706672,revision_C_base@2ce3a901fecb,2ce3a901fecb5ddde502d0a5eeffb8f48d73c5fd,fab97b80b871eeeac68aa1d75a33173cb368895f3e96803690e3cbc0acb1147d,c5-generalization_20260827_181139_043334_662411fc,662411fc2c56d0c02ce05c695ea52935ceb8d74da8d3bb51759e41a06bd0b419,none,none,none,none,evidence,revision_B_base,revision_B_base,5,200000.0,xlarge,45.0,80.0,5.0,0.5,1.0
11,48,online_static_3step,0.5,0.8,10000.0,0.1944950922040771,7257.575885517482,0.1947626001569129,18.911985018726593,0.9471234775720369,8544,8244,8245,8369,8370,200000.86013191944,457.3754261219874,4590,"[[407030.84548242734,6044385.207912825],[407006.5782810622,6044327.935983722],[407036.17947538645,6044259.144771357],[407028.2126200111,6044296.279541202],[407095.8439321298,6044289.694960312]]",eddf1fdc23cb0d0f7d0b5404a81fac5fb89d735cb21ef86307be72d6b98e7a2f,8a2a032cafef11d3d739d9d2db79d8de6025c53406fa4a3bceff6c32b5fece38,none,stationary,matched_prior_exact,1,0,"{""p_d"":0.8,""stage"":""c5-generalization"",""tau"":10000.0,""w"":0.5}",eeba6ec6b36996a8c22ff4c80fa204cd0d918597f69b98666fd42b58b41ef8c4,flat,temperate,200570,11.55402629706672,revision_C_base@2ce3a901fecb,2ce3a901fecb5ddde502d0a5eeffb8f48d73c5fd,fab97b80b871eeeac68aa1d75a33173cb368895f3e96803690e3cbc0acb1147d,c5-generalization_20260827_181139_043334_662411fc,662411fc2c56d0c02ce05c695ea52935ceb8d74da8d3bb51759e41a06bd0b419,none,none,none,none,evidence,revision_B_base,revision_B_base,5,200000.0,xlarge,45.0,80.0,5.0,0.5,1.0
11,48,dynamic_3step,0.5,0.8,10000.0,0.3288366324297598,6754.45643368526,0.3294698528866797,11.164164029358293,0.910427686536107,14851,8369,8370,8369,8370,200009.23885255732,455.4089834669139,4213,"[[407030.84548242734,6044385.207912825],[407006.5782810622,6044327.935983722],[407036.17947538645,6044259.144771357],[407028.2126200111,6044296.279541202],[407095.8439321298,6044289.694960312]]",eddf1fdc23cb0d0f7d0b5404a81fac5fb89d735cb21ef86307be72d6b98e7a2f,a657337707c870b4801eef801211e422cde796d096eb8ba64cbe45eb2a926fbf,none,stationary,matched_prior_exact,1,0,"{""p_d"":0.8,""stage"":""c5-generalization"",""tau"":10000.0,""w"":0.5}",eeba6ec6b36996a8c22ff4c80fa204cd0d918597f69b98666fd42b58b41ef8c4,flat,temperate,200570,11.55402629706672,revision_C_base@2ce3a901fecb,2ce3a901fecb5ddde502d0a5eeffb8f48d73c5fd,fab97b80b871eeeac68aa1d75a33173cb368895f3e96803690e3cbc0acb1147d,c5-generalization_20260827_181139_043334_662411fc,662411fc2c56d0c02ce05c695ea52935ceb8d74da8d3bb51759e41a06bd0b419,none,none,none,none,evidence,revision_B_base,revision_B_base,5,200000.0,xlarge,45.0,80.0,5.0,0.5,1.0
11,51,online_static_3step,0.5,0.8,10000.0,0.16716753172940108,7394.140027722644,0.16740270562591297,25.719808257306326,0.9611194613118499,6467,8385,8386,8385,8386,200019.26458592116,394.9565801813733,3968,"[[407141.43648909964,6044315.544375133],[407088.1469897579,6044382.3131742785],[407100.09979723097,6044289.800472306],[407118.96310695674,6044254.7512031635],[407027.7723170735,6044368.251537275]]",61c8419046bfe151beda93afc059c785c9ca6fa5dfa17d9d9d9f2df57ac44ef7,19b57b5b02ce6ac45fd66fd02cff831c21423b423469fa49f798e2933b073f06,none,stationary,matched_prior_exact,1,0,"{""p_d"":0.8,""stage"":""c5-generalization"",""tau"":10000.0,""w"":0.5}",eeba6ec6b36996a8c22ff4c80fa204cd0d918597f69b98666fd42b58b41ef8c4,flat,temperate,200570,11.55402629706672,revision_C_base@2ce3a901fecb,2ce3a901fecb5ddde502d0a5eeffb8f48d73c5fd,fab97b80b871eeeac68aa1d75a33173cb368895f3e96803690e3cbc0acb1147d,c5-generalization_20260827_181139_043334_662411fc,662411fc2c56d0c02ce05c695ea52935ceb8d74da8d3bb51759e41a06bd0b419,none,none,none,none,evidence,revision_B_base,revision_B_base,5,200000.0,xlarge,45.0,80.0,5.0,0.5,1.0
11,51,dynamic_3step,0.5,0.8,10000.0,0.3076394749741125,6798.726187928434,0.3081690394637726,10.829163127980662,0.9076567608981552,15307,8368,8369,8385,8386,200010.43512677704,369.62080764304847,3426,"[[407141.43648909964,6044315.544375133],[407088.1469897579,6044382.3131742785],[407100.09979723097,6044289.800472306],[407118.96310695674,6044254.7512031635],[407027.7723170735,6044368.251537275]]",61c8419046bfe151beda93afc059c785c9ca6fa5dfa17d9d9d9f2df57ac44ef7,86565b0b4130d431db4a419cf30d923a8b9b860f612da670e45ae221cea8023c,none,stationary,matched_prior_exact,1,0,"{""p_d"":0.8,""stage"":""c5-generalization"",""tau"":10000.0,""w"":0.5}",eeba6ec6b36996a8c22ff4c80fa204cd0d918597f69b98666fd42b58b41ef8c4,flat,temperate,200570,11.55402629706672,revision_C_base@2ce3a901fecb,2ce3a901fecb5ddde502d0a5eeffb8f48d73c5fd,fab97b80b871eeeac68aa1d75a33173cb368895f3e96803690e3cbc0acb1147d,c5-generalization_20260827_181139_043334_662411fc,662411fc2c56d0c02ce05c695ea52935ceb8d74da8d3bb51759e41a06bd0b419,none,none,none,none,evidence,revision_B_base,revision_B_base,5,200000.0,xlarge,45.0,80.0,5.0,0.5,1.0
11,49,online_static_3step,0.5,0.8,10000.0,0.19370321232208204,7221.368635284284,0.1939605195526662,22.324095250908112,0.9552053514930545,7433,8373,8374,8373,8374,200014.66936824823,458.9401721097529,4658,"[[407039.4502699506,6044393.608585497],[407028.1380963222,6044384.744052579],[407083.0992394051,6044325.479398455],[407106.03809694067,6044236.728645445],[407056.2420664438,6044333.204161053]]",6380ff17fae2c5dce548cb122f24b97936c86bc6bd9dfc0abfbb7641ad272364,b8f2b433f192e0d64154a15cd4e1cff7e6f005e0b50514d8b5a8863c58e6a2f0,none,stationary,matched_prior_exact,1,0,"{""p_d"":0.8,""stage"":""c5-generalization"",""tau"":10000.0,""w"":0.5}",eeba6ec6b36996a8c22ff4c80fa204cd0d918597f69b98666fd42b58b41ef8c4,flat,temperate,200570,11.55402629706672,revision_C_base@2ce3a901fecb,2ce3a901fecb5ddde502d0a5eeffb8f48d73c5fd,fab97b80b871eeeac68aa1d75a33173cb368895f3e96803690e3cbc0acb1147d,c5-generalization_20260827_181139_043334_662411fc,662411fc2c56d0c02ce05c695ea52935ceb8d74da8d3bb51759e41a06bd0b419,none,none,none,none,evidence,revision_B_base,revision_B_base,5,200000.0,xlarge,45.0,80.0,5.0,0.5,1.0
11,49,dynamic_3step,0.5,0.8,10000.0,0.30732080482489876,6747.452948088693,0.3078632114098735,10.821543092729533,0.9075917370165212,15281,8356,8357,8373,8374,200009.16504829534,478.9908077712171,4412,"[[407039.4502699506,6044393.608585497],[407028.1380963222,6044384.744052579],[407083.0992394051,6044325.479398455],[407106.03809694067,6044236.728645445],[407056.2420664438,6044333.204161053]]",6380ff17fae2c5dce548cb122f24b97936c86bc6bd9dfc0abfbb7641ad272364,494c9656bb88de132e0d18df0cbe851d19c8a2bc4620c1bab9c1013794be53dd,none,stationary,matched_prior_exact,1,0,"{""p_d"":0.8,""stage"":""c5-generalization"",""tau"":10000.0,""w"":0.5}",eeba6ec6b36996a8c22ff4c80fa204cd0d918597f69b98666fd42b58b41ef8c4,flat,temperate,200570,11.55402629706672,revision_C_base@2ce3a901fecb,2ce3a901fecb5ddde502d0a5eeffb8f48d73c5fd,fab97b80b871eeeac68aa1d75a33173cb368895f3e96803690e3cbc0acb1147d,c5-generalization_20260827_181139_043334_662411fc,662411fc2c56d0c02ce05c695ea52935ceb8d74da8d3bb51759e41a06bd0b419,none,none,none,none,evidence,revision_B_base,revision_B_base,5,200000.0,xlarge,45.0,80.0,5.0,0.5,1.0
11,50,online_static_3step,0.5,0.8,10000.0,0.13407206585840165,7532.394466420651,0.13424816946740756,28.3843367258927,0.9647693018280824,5797,8332,8333,8368,8369,200007.12208967394,416.78182457224466,4293,"[[407110.8730779544,6044246.360067519],[406995.37348463165,6044305.902517056],[407096.24765060184,6044415.309600753],[407158.0032599843,6044364.766575829],[407047.4344200188,6044364.844995009]]",9cae9e36224ee0c7d837b747e56e56000fc8156e89997c5413d8629d86db3879,42eef4f7c7379829e2575bca248e892047b6edb24f8e46367e658edc3c48fcd0,none,stationary,matched_prior_exact,1,0,"{""p_d"":0.8,""stage"":""c5-generalization"",""tau"":10000.0,""w"":0.5}",eeba6ec6b36996a8c22ff4c80fa204cd0d918597f69b98666fd42b58b41ef8c4,flat,temperate,200570,11.55402629706672,revision_C_base@2ce3a901fecb,2ce3a901fecb5ddde502d0a5eeffb8f48d73c5fd,fab97b80b871eeeac68aa1d75a33173cb368895f3e96803690e3cbc0acb1147d,c5-generalization_20260827_181139_043334_662411fc,662411fc2c56d0c02ce05c695ea52935ceb8d74da8d3bb51759e41a06bd0b419,none,none,none,none,evidence,revision_B_base,revision_B_base,5,200000.0,xlarge,45.0,80.0,5.0,0.5,1.0
11,50,dynamic_3step,0.5,0.8,10000.0,0.33226123826289844,6683.603193297614,0.33281190593828075,11.187082405345212,0.9106111885327494,14817,8368,8369,8368,8369,200014.85558292354,476.58915264252573,4450,"[[407110.8730779544,6044246.360067519],[406995.37348463165,6044305.902517056],[407096.24765060184,6044415.309600753],[407158.0032599843,6044364.766575829],[407047.4344200188,6044364.844995009]]",9cae9e36224ee0c7d837b747e56e56000fc8156e89997c5413d8629d86db3879,8626f827178dd9144883042b175af19f93be6ad60c3e3136aca05cb0908be053,none,stationary,matched_prior_exact,1,0,"{""p_d"":0.8,""stage"":""c5-generalization"",""tau"":10000.0,""w"":0.5}",eeba6ec6b36996a8c22ff4c80fa204cd0d918597f69b98666fd42b58b41ef8c4,flat,temperate,200570,11.55402629706672,revision_C_base@2ce3a901fecb,2ce3a901fecb5ddde502d0a5eeffb8f48d73c5fd,fab97b80b871eeeac68aa1d75a33173cb368895f3e96803690e3cbc0acb1147d,c5-generalization_20260827_181139_043334_662411fc,662411fc2c56d0c02ce05c695ea52935ceb8d74da8d3bb51759e41a06bd0b419,none,none,none,none,evidence,revision_B_base,revision_B_base,5,200000.0,xlarge,45.0,80.0,5.0,0.5,1.0
12,42,online_static_3step,0.5,0.8,10000.0,0.3066212295595037,7014.722464561806,0.3070429431366831,15.42974913571492,0.9351901323084171,11281,8729,8730,8729,8730,200008.55931003223,382.5289197084494,3906,"[[487752.97810354084,5669363.621609047],[487795.7055206479,5669364.309571732],[487825.02366278216,5669484.216450586],[487749.2445768547,5669340.677274659],[487789.56116301543,5669477.494196634]]",82db6a1c9a9ed13f8f79da86e48b7fd3f71bd5159343271bdca145178b0f5a30,aab904088e9edbf2d0bab672ba5d8a10ca39a2635601904b9e4274e1fac05039,none,stationary,matched_prior_exact,1,0,"{""p_d"":0.8,""stage"":""c5-generalization"",""tau"":10000.0,""w"":0.5}",eeba6ec6b36996a8c22ff4c80fa204cd0d918597f69b98666fd42b58b41ef8c4,flat,temperate,209514,11.630184288869916,revision_C_base@2ce3a901fecb,2ce3a901fecb5ddde502d0a5eeffb8f48d73c5fd,fab97b80b871eeeac68aa1d75a33173cb368895f3e96803690e3cbc0acb1147d,c5-generalization_20260827_181139_043334_662411fc,662411fc2c56d0c02ce05c695ea52935ceb8d74da8d3bb51759e41a06bd0b419,none,none,none,none,evidence,revision_B_base,revision_B_base,5,200000.0,xlarge,45.0,80.0,5.0,0.5,1.0
12,42,dynamic_3step,0.5,0.8,10000.0,0.3284327261661324,6926.674630512333,0.32877937195427537,13.17361649356689,0.9240907004930398,12902,8530,8531,8729,8730,200001.63976898935,434.4251917034853,4047,"[[487752.97810354084,5669363.621609047],[487795.7055206479,5669364.309571732],[487825.02366278216,5669484.216450586],[487749.2445768547,5669340.677274659],[487789.56116301543,5669477.494196634]]",82db6a1c9a9ed13f8f79da86e48b7fd3f71bd5159343271bdca145178b0f5a30,833829b77cad23226fe7863f05f1f1cd0db719af54021f203df2ae06a5e7d134,none,stationary,matched_prior_exact,1,0,"{""p_d"":0.8,""stage"":""c5-generalization"",""tau"":10000.0,""w"":0.5}",eeba6ec6b36996a8c22ff4c80fa204cd0d918597f69b98666fd42b58b41ef8c4,flat,temperate,209514,11.630184288869916,revision_C_base@2ce3a901fecb,2ce3a901fecb5ddde502d0a5eeffb8f48d73c5fd,fab97b80b871eeeac68aa1d75a33173cb368895f3e96803690e3cbc0acb1147d,c5-generalization_20260827_181139_043334_662411fc,662411fc2c56d0c02ce05c695ea52935ceb8d74da8d3bb51759e41a06bd0b419,none,none,none,none,evidence,revision_B_base,revision_B_base,5,200000.0,xlarge,45.0,80.0,5.0,0.5,1.0
12,43,online_static_3step,0.5,0.8,10000.0,0.26703492081909336,7189.21996559288,0.26733779215807874,18.18545760218556,0.9450110070433522,9517,8708,8709,8708,8709,200013.33894519572,434.84380924422294,4468,"[[487730.99190243933,5669412.017864217],[487833.928110965,5669440.6189487735],[487702.5708403152,5669404.443126028],[487743.62232110376,5669377.772745261],[487684.1967855202,5669461.482658578]]",df7c40000b9e2514790e87b9c5c450a338dfac30d97e741c6387877c23fbcb9a,3fcfa1526e88285d1c020b80c8cd92b4d3137449a297044241871e688ada2a3f,none,stationary,matched_prior_exact,1,0,"{""p_d"":0.8,""stage"":""c5-generalization"",""tau"":10000.0,""w"":0.5}",eeba6ec6b36996a8c22ff4c80fa204cd0d918597f69b98666fd42b58b41ef8c4,flat,temperate,209514,11.630184288869916,revision_C_base@2ce3a901fecb,2ce3a901fecb5ddde502d0a5eeffb8f48d73c5fd,fab97b80b871eeeac68aa1d75a33173cb368895f3e96803690e3cbc0acb1147d,c5-generalization_20260827_181139_043334_662411fc,662411fc2c56d0c02ce05c695ea52935ceb8d74da8d3bb51759e41a06bd0b419,none,none,none,none,evidence,revision_B_base,revision_B_base,5,200000.0,xlarge,45.0,80.0,5.0,0.5,1.0
12,43,dynamic_3step,0.5,0.8,10000.0,0.32689773191563753,6933.954490386113,0.327189869365521,14.287240306165362,0.9300074767015383,11889,8526,8527,8708,8709,200023.02849771734,428.5337227799464,4020,"[[487730.99190243933,5669412.017864217],[487833.928110965,5669440.6189487735],[487702.5708403152,5669404.443126028],[487743.62232110376,5669377.772745261],[487684.1967855202,5669461.482658578]]",df7c40000b9e2514790e87b9c5c450a338dfac30d97e741c6387877c23fbcb9a,6ad9522df732cd2b9bbef0a6f069fff8dfb28109e16fbb71c222182cdfc82841,none,stationary,matched_prior_exact,1,0,"{""p_d"":0.8,""stage"":""c5-generalization"",""tau"":10000.0,""w"":0.5}",eeba6ec6b36996a8c22ff4c80fa204cd0d918597f69b98666fd42b58b41ef8c4,flat,temperate,209514,11.630184288869916,revision_C_base@2ce3a901fecb,2ce3a901fecb5ddde502d0a5eeffb8f48d73c5fd,fab97b80b871eeeac68aa1d75a33173cb368895f3e96803690e3cbc0acb1147d,c5-generalization_20260827_181139_043334_662411fc,662411fc2c56d0c02ce05c695ea52935ceb8d74da8d3bb51759e41a06bd0b419,none,none,none,none,evidence,revision_B_base,revision_B_base,5,200000.0,xlarge,45.0,80.0,5.0,0.5,1.0
12,44,online_static_3step,0.5,0.8,10000.0,0.30767457989136054,6915.089241106437,0.30805703292038145,15.778061457098568,0.9366208578462534,10967,8681,8682,8681,8682,200017.6159395422,424.0127650464419,4281,"[[487779.5137896417,5669464.49120345],[487661.353330154,5669484.061007283],[487791.5129640999,5669508.010901974],[487773.24925196596,5669478.79203858],[487708.5989258133,5669358.559318597]]",3f3925747fbdba406133e07145fc3885a3bba5237adea2ea92ccfe9b51e184d0,3759cb55adf34127dd4755a116f37f6d600f658113c99796cf166d7eea5e9ed2,none,stationary,matched_prior_exact,1,0,"{""p_d"":0.8,""stage"":""c5-generalization"",""tau"":10000.0,""w"":0.5}",eeba6ec6b36996a8c22ff4c80fa204cd0d918597f69b98666fd42b58b41ef8c4,flat,temperate,209514,11.630184288869916,revision_C_base@2ce3a901fecb,2ce3a901fecb5ddde502d0a5eeffb8f48d73c5fd,fab97b80b871eeeac68aa1d75a33173cb368895f3e96803690e3cbc0acb1147d,c5-generalization_20260827_181139_043334_662411fc,662411fc2c56d0c02ce05c695ea52935ceb8d74da8d3bb51759e41a06bd0b419,none,none,none,none,evidence,revision_B_base,revision_B_base,5,200000.0,xlarge,45.0,80.0,5.0,0.5,1.0
12,44,dynamic_3step,0.5,0.8,10000.0,0.33064396983537775,6815.242998479601,0.3310129874425197,12.312640837391873,0.9187826548986038,13757,8507,8508,8681,8682,200007.83986635113,433.23527522711083,3998,"[[487779.5137896417,5669464.49120345],[487661.353330154,5669484.061007283],[487791.5129640999,5669508.010901974],[487773.24925196596,5669478.79203858],[487708.5989258133,5669358.559318597]]",3f3925747fbdba406133e07145fc3885a3bba5237adea2ea92ccfe9b51e184d0,521e38c9bc8e1e346026ec352e16f24e7194032335e7e93db1e4ec658eb0c9d6,none,stationary,matched_prior_exact,1,0,"{""p_d"":0.8,""stage"":""c5-generalization"",""tau"":10000.0,""w"":0.5}",eeba6ec6b36996a8c22ff4c80fa204cd0d918597f69b98666fd42b58b41ef8c4,flat,temperate,209514,11.630184288869916,revision_C_base@2ce3a901fecb,2ce3a901fecb5ddde502d0a5eeffb8f48d73c5fd,fab97b80b871eeeac68aa1d75a33173cb368895f3e96803690e3cbc0acb1147d,c5-generalization_20260827_181139_043334_662411fc,662411fc2c56d0c02ce05c695ea52935ceb8d74da8d3bb51759e41a06bd0b419,none,none,none,none,evidence,revision_B_base,revision_B_base,5,200000.0,xlarge,45.0,80.0,5.0,0.5,1.0
12,45,online_static_3step,0.5,0.8,10000.0,0.28525759264580336,6957.371031659622,0.28556846613944425,16.696669931439764,0.9401078176602746,10210,8587,8588,8587,8588,200014.90413690842,431.0237622288987,4308,"[[487677.8870380223,5669396.879586229],[487750.76168143144,5669339.357625887],[487654.94610663154,5669423.450611818],[487765.0774695067,5669355.214578844],[487674.2620252888,5669473.637824783]]",06968ba1e3ca84ed6771d74ce719107af57f1b47cf067d90211c88be539aa365,d5b57bf3ec514bd395af8ac412d367ea85e9a99ff836d9845acf8a4828b68542,none,stationary,matched_prior_exact,1,0,"{""p_d"":0.8,""stage"":""c5-generalization"",""tau"":10000.0,""w"":0.5}",eeba6ec6b36996a8c22ff4c80fa204cd0d918597f69b98666fd42b58b41ef8c4,flat,temperate,209514,11.630184288869916,revision_C_base@2ce3a901fecb,2ce3a901fecb5ddde502d0a5eeffb8f48d73c5fd,fab97b80b871eeeac68aa1d75a33173cb368895f3e96803690e3cbc0acb1147d,c5-generalization_20260827_181139_043334_662411fc,662411fc2c56d0c02ce05c695ea52935ceb8d74da8d3bb51759e41a06bd0b419,none,none,none,none,evidence,revision_B_base,revision_B_base,5,200000.0,xlarge,45.0,80.0,5.0,0.5,1.0
12,45,dynamic_3step,0.5,0.8,10000.0,0.31865767777867204,6889.28306161489,0.3189559723533338,13.052441090405052,0.9233859786783403,12986,8512,8513,8587,8588,200010.41035244957,449.852941329591,4078,"[[487677.8870380223,5669396.879586229],[487750.76168143144,5669339.357625887],[487654.94610663154,5669423.450611818],[487765.0774695067,5669355.214578844],[487674.2620252888,5669473.637824783]]",06968ba1e3ca84ed6771d74ce719107af57f1b47cf067d90211c88be539aa365,d082460d883ae564c3da661ee2dbf6820ec8620a08ad73991e072623e5bddb72,none,stationary,matched_prior_exact,1,0,"{""p_d"":0.8,""stage"":""c5-generalization"",""tau"":10000.0,""w"":0.5}",eeba6ec6b36996a8c22ff4c80fa204cd0d918597f69b98666fd42b58b41ef8c4,flat,temperate,209514,11.630184288869916,revision_C_base@2ce3a901fecb,2ce3a901fecb5ddde502d0a5eeffb8f48d73c5fd,fab97b80b871eeeac68aa1d75a33173cb368895f3e96803690e3cbc0acb1147d,c5-generalization_20260827_181139_043334_662411fc,662411fc2c56d0c02ce05c695ea52935ceb8d74da8d3bb51759e41a06bd0b419,none,none,none,none,evidence,revision_B_base,revision_B_base,5,200000.0,xlarge,45.0,80.0,5.0,0.5,1.0
12,47,online_static_3step,0.5,0.8,10000.0,0.30657317177035825,6933.358860394467,0.30693755201759426,15.987340593875082,0.9374505100377288,10743,8623,8624,8623,8624,200011.26516622724,419.056245861575,4231,"[[487738.574279727,5669342.4215004],[487711.6053749819,5669436.1104017785],[487798.4549407809,5669417.409880839],[487771.48020452645,5669517.262261998],[487700.8516515802,5669425.627445924]]",1554c6d50630550bd52e0298fc5d660fbe9e1ea8244747742244420802cb7294,188294add934074c94832d6e1ffbf2a63ecaee3c2d97f9b4b395f4f745d3b925,none,stationary,matched_prior_exact,1,0,"{""p_d"":0.8,""stage"":""c5-generalization"",""tau"":10000.0,""w"":0.5}",eeba6ec6b36996a8c22ff4c80fa204cd0d918597f69b98666fd42b58b41ef8c4,flat,temperate,209514,11.630184288869916,revision_C_base@2ce3a901fecb,2ce3a901fecb5ddde502d0a5eeffb8f48d73c5fd,fab97b80b871eeeac68aa1d75a33173cb368895f3e96803690e3cbc0acb1147d,c5-generalization_20260827_181139_043334_662411fc,662411fc2c56d0c02ce05c695ea52935ceb8d74da8d3bb51759e41a06bd0b419,none,none,none,none,evidence,revision_B_base,revision_B_base,5,200000.0,xlarge,45.0,80.0,5.0,0.5,1.0
12,47,dynamic_3step,0.5,0.8,10000.0,0.3357607186137831,6866.392784031298,0.33612793351102854,12.498417372101583,0.9199898698988757,13585,8523,8524,8623,8624,200016.4481518554,436.57964509539306,4064,"[[487738.574279727,5669342.4215004],[487711.6053749819,5669436.1104017785],[487798.4549407809,5669417.409880839],[487771.48020452645,5669517.262261998],[487700.8516515802,5669425.627445924]]",1554c6d50630550bd52e0298fc5d660fbe9e1ea8244747742244420802cb7294,e4fc913e46455b5eba916b6ab462a14cf3e45debb50eecdf4f8c7ebd9c6fe314,none,stationary,matched_prior_exact,1,0,"{""p_d"":0.8,""stage"":""c5-generalization"",""tau"":10000.0,""w"":0.5}",eeba6ec6b36996a8c22ff4c80fa204cd0d918597f69b98666fd42b58b41ef8c4,flat,temperate,209514,11.630184288869916,revision_C_base@2ce3a901fecb,2ce3a901fecb5ddde502d0a5eeffb8f48d73c5fd,fab97b80b871eeeac68aa1d75a33173cb368895f3e96803690e3cbc0acb1147d,c5-generalization_20260827_181139_043334_662411fc,662411fc2c56d0c02ce05c695ea52935ceb8d74da8d3bb51759e41a06bd0b419,none,none,none,none,evidence,revision_B_base,revision_B_base,5,200000.0,xlarge,45.0,80.0,5.0,0.5,1.0
12,46,online_static_3step,0.5,0.8,10000.0,0.26470742951454423,7193.8858444678335,0.26506339919629224,19.206060606060607,0.9479331019248974,9075,8739,8740,8739,8740,200014.13137006434,442.31933917617425,4450,"[[487766.0875300385,5669413.587703178],[487731.8987260403,5669507.186368037],[487769.7214391453,5669417.38225671],[487682.4483791643,5669365.21520923],[487656.7512626146,5669422.9051439]]",3fa69cb7819eac24f15029b8d71fcde2a8e24f467fbaf89692eae804d1763799,c7c30f340c4e615532c3f530e69ba4f73d7084e4a8ebdd3d04ab29672fc2e50e,none,stationary,matched_prior_exact,1,0,"{""p_d"":0.8,""stage"":""c5-generalization"",""tau"":10000.0,""w"":0.5}",eeba6ec6b36996a8c22ff4c80fa204cd0d918597f69b98666fd42b58b41ef8c4,flat,temperate,209514,11.630184288869916,revision_C_base@2ce3a901fecb,2ce3a901fecb5ddde502d0a5eeffb8f48d73c5fd,fab97b80b871eeeac68aa1d75a33173cb368895f3e96803690e3cbc0acb1147d,c5-generalization_20260827_181139_043334_662411fc,662411fc2c56d0c02ce05c695ea52935ceb8d74da8d3bb51759e41a06bd0b419,none,none,none,none,evidence,revision_B_base,revision_B_base,5,200000.0,xlarge,45.0,80.0,5.0,0.5,1.0
12,46,dynamic_3step,0.5,0.8,10000.0,0.31149004594672064,6995.697670711051,0.3117928833043796,13.521233367859134,0.926042249786394,12551,8520,8521,8739,8740,200015.10280815978,432.13721549347974,4016,"[[487766.0875300385,5669413.587703178],[487731.8987260403,5669507.186368037],[487769.7214391453,5669417.38225671],[487682.4483791643,5669365.21520923],[487656.7512626146,5669422.9051439]]",3fa69cb7819eac24f15029b8d71fcde2a8e24f467fbaf89692eae804d1763799,21d1e9d8171147c43fa0eda2ecf9f2c0ce35e4bdce9c92b9a34466555585c275,none,stationary,matched_prior_exact,1,0,"{""p_d"":0.8,""stage"":""c5-generalization"",""tau"":10000.0,""w"":0.5}",eeba6ec6b36996a8c22ff4c80fa204cd0d918597f69b98666fd42b58b41ef8c4,flat,temperate,209514,11.630184288869916,revision_C_base@2ce3a901fecb,2ce3a901fecb5ddde502d0a5eeffb8f48d73c5fd,fab97b80b871eeeac68aa1d75a33173cb368895f3e96803690e3cbc0acb1147d,c5-generalization_20260827_181139_043334_662411fc,662411fc2c56d0c02ce05c695ea52935ceb8d74da8d3bb51759e41a06bd0b419,none,none,none,none,evidence,revision_B_base,revision_B_base,5,200000.0,xlarge,45.0,80.0,5.0,0.5,1.0
12,48,online_static_3step,0.5,0.8,10000.0,0.280536893891837,7097.944327584908,0.2808916704181507,16.727043292564552,0.9402165713025615,10302,8662,8663,8662,8663,200019.68182793446,428.5599902928807,4421,"[[487684.2881819808,5669479.175243625],[487660.02098061563,5669421.9033145225],[487689.6221749399,5669353.112102157],[487681.65531956457,5669390.246872002],[487749.28663168324,5669383.662291112]]",fad9f0d3eda622c7749e70194b5cd25978ce3bcb9a77d02c9d66871074ac0911,8fae2712f276f6e0b1d32620cecd1c92158d00ef74fe2d8d5f96bf5173885a57,none,stationary,matched_prior_exact,1,0,"{""p_d"":0.8,""stage"":""c5-generalization"",""tau"":10000.0,""w"":0.5}",eeba6ec6b36996a8c22ff4c80fa204cd0d918597f69b98666fd42b58b41ef8c4,flat,temperate,209514,11.630184288869916,revision_C_base@2ce3a901fecb,2ce3a901fecb5ddde502d0a5eeffb8f48d73c5fd,fab97b80b871eeeac68aa1d75a33173cb368895f3e96803690e3cbc0acb1147d,c5-generalization_20260827_181139_043334_662411fc,662411fc2c56d0c02ce05c695ea52935ceb8d74da8d3bb51759e41a06bd0b419,none,none,none,none,evidence,revision_B_base,revision_B_base,5,200000.0,xlarge,45.0,80.0,5.0,0.5,1.0
12,48,dynamic_3step,0.5,0.8,10000.0,0.32619361763219284,6829.8709180060705,0.32651924956064426,13.001376252007034,0.9230850657178982,13079,8535,8536,8662,8663,200013.26088165588,434.3228643850889,4035,"[[487684.2881819808,5669479.175243625],[487660.02098061563,5669421.9033145225],[487689.6221749399,5669353.112102157],[487681.65531956457,5669390.246872002],[487749.28663168324,5669383.662291112]]",fad9f0d3eda622c7749e70194b5cd25978ce3bcb9a77d02c9d66871074ac0911,12ee4d1f8a266c2b888823857bb588b4bf725d2ae13f7e1f92d37521d9ab1f79,none,stationary,matched_prior_exact,1,0,"{""p_d"":0.8,""stage"":""c5-generalization"",""tau"":10000.0,""w"":0.5}",eeba6ec6b36996a8c22ff4c80fa204cd0d918597f69b98666fd42b58b41ef8c4,flat,temperate,209514,11.630184288869916,revision_C_base@2ce3a901fecb,2ce3a901fecb5ddde502d0a5eeffb8f48d73c5fd,fab97b80b871eeeac68aa1d75a33173cb368895f3e96803690e3cbc0acb1147d,c5-generalization_20260827_181139_043334_662411fc,662411fc2c56d0c02ce05c695ea52935ceb8d74da8d3bb51759e41a06bd0b419,none,none,none,none,evidence,revision_B_base,revision_B_base,5,200000.0,xlarge,45.0,80.0,5.0,0.5,1.0
12,50,online_static_3step,0.5,0.8,10000.0,0.28972576284303997,6918.064423077275,0.2901068225001254,16.8733214849921,0.9407348457806932,10128,8572,8573,8572,8573,200020.3939952156,412.81692622369155,4117,"[[487764.31577750784,5669340.32739832],[487648.8161841851,5669399.869847856],[487749.6903501553,5669509.276931553],[487811.44595953776,5669458.7339066295],[487700.87711957225,5669458.812325809]]",a8338cc1cbf94848600b55a31a187ca8ae849b554d364f4e27af219197e2e699,319c315a824a3e0e374c6d6d06cd8fc58a79f40754143bcb16df1b56d92cb683,none,stationary,matched_prior_exact,1,0,"{""p_d"":0.8,""stage"":""c5-generalization"",""tau"":10000.0,""w"":0.5}",eeba6ec6b36996a8c22ff4c80fa204cd0d918597f69b98666fd42b58b41ef8c4,flat,temperate,209514,11.630184288869916,revision_C_base@2ce3a901fecb,2ce3a901fecb5ddde502d0a5eeffb8f48d73c5fd,fab97b80b871eeeac68aa1d75a33173cb368895f3e96803690e3cbc0acb1147d,c5-generalization_20260827_181139_043334_662411fc,662411fc2c56d0c02ce05c695ea52935ceb8d74da8d3bb51759e41a06bd0b419,none,none,none,none,evidence,revision_B_base,revision_B_base,5,200000.0,xlarge,45.0,80.0,5.0,0.5,1.0
12,50,dynamic_3step,0.5,0.8,10000.0,0.3454461851131625,6723.44967991077,0.3458862688706916,11.451484211238082,0.9126750749899619,14789,8505,8506,8572,8573,200017.29797145416,451.6204492498655,4092,"[[487764.31577750784,5669340.32739832],[487648.8161841851,5669399.869847856],[487749.6903501553,5669509.276931553],[487811.44595953776,5669458.7339066295],[487700.87711957225,5669458.812325809]]",a8338cc1cbf94848600b55a31a187ca8ae849b554d364f4e27af219197e2e699,903ea29a964e3bbc933905e57822385fe04f07544f5bfca778dc0034dafc0397,none,stationary,matched_prior_exact,1,0,"{""p_d"":0.8,""stage"":""c5-generalization"",""tau"":10000.0,""w"":0.5}",eeba6ec6b36996a8c22ff4c80fa204cd0d918597f69b98666fd42b58b41ef8c4,flat,temperate,209514,11.630184288869916,revision_C_base@2ce3a901fecb,2ce3a901fecb5ddde502d0a5eeffb8f48d73c5fd,fab97b80b871eeeac68aa1d75a33173cb368895f3e96803690e3cbc0acb1147d,c5-generalization_20260827_181139_043334_662411fc,662411fc2c56d0c02ce05c695ea52935ceb8d74da8d3bb51759e41a06bd0b419,none,none,none,none,evidence,revision_B_base,revision_B_base,5,200000.0,xlarge,45.0,80.0,5.0,0.5,1.0
12,49,online_static_3step,0.5,0.8,10000.0,0.24620739113735896,7142.075580164249,0.24649784638845004,21.982864450127877,0.9545100229195025,7820,8624,8625,8624,8625,200010.13616291404,427.75749444635585,4290,"[[487692.89296950406,5669487.575916298],[487681.58079587563,5669478.711383379],[487736.5419389586,5669419.446729255],[487759.4807964941,5669330.695976245],[487709.6847659972,5669427.171491853]]",4edd7bce3419b6a5b41a81acb0a1ca08e47a104b81757baa54e26b327bd29be0,e8bd51e312dba55f0daa442ecdcc3b38427d76a2702f9496f6cbdad5dc6ab2b9,none,stationary,matched_prior_exact,1,0,"{""p_d"":0.8,""stage"":""c5-generalization"",""tau"":10000.0,""w"":0.5}",eeba6ec6b36996a8c22ff4c80fa204cd0d918597f69b98666fd42b58b41ef8c4,flat,temperate,209514,11.630184288869916,revision_C_base@2ce3a901fecb,2ce3a901fecb5ddde502d0a5eeffb8f48d73c5fd,fab97b80b871eeeac68aa1d75a33173cb368895f3e96803690e3cbc0acb1147d,c5-generalization_20260827_181139_043334_662411fc,662411fc2c56d0c02ce05c695ea52935ceb8d74da8d3bb51759e41a06bd0b419,none,none,none,none,evidence,revision_B_base,revision_B_base,5,200000.0,xlarge,45.0,80.0,5.0,0.5,1.0
12,49,dynamic_3step,0.5,0.8,10000.0,0.3305331307561725,6892.369375561934,0.33087969407973156,12.17173023055376,0.917842411796987,13923,8512,8513,8624,8625,200003.1872846117,442.6697503279429,4067,"[[487692.89296950406,5669487.575916298],[487681.58079587563,5669478.711383379],[487736.5419389586,5669419.446729255],[487759.4807964941,5669330.695976245],[487709.6847659972,5669427.171491853]]",4edd7bce3419b6a5b41a81acb0a1ca08e47a104b81757baa54e26b327bd29be0,840045029ece7c8b08081695eef61056ba29a9fba0960aac63a886d8aa898802,none,stationary,matched_prior_exact,1,0,"{""p_d"":0.8,""stage"":""c5-generalization"",""tau"":10000.0,""w"":0.5}",eeba6ec6b36996a8c22ff4c80fa204cd0d918597f69b98666fd42b58b41ef8c4,flat,temperate,209514,11.630184288869916,revision_C_base@2ce3a901fecb,2ce3a901fecb5ddde502d0a5eeffb8f48d73c5fd,fab97b80b871eeeac68aa1d75a33173cb368895f3e96803690e3cbc0acb1147d,c5-generalization_20260827_181139_043334_662411fc,662411fc2c56d0c02ce05c695ea52935ceb8d74da8d3bb51759e41a06bd0b419,none,none,none,none,evidence,revision_B_base,revision_B_base,5,200000.0,xlarge,45.0,80.0,5.0,0.5,1.0
12,51,online_static_3step,0.5,0.8,10000.0,0.24658901571727218,7040.798728205004,0.24688210580559358,19.602039633793023,0.9489849006184007,8629,8523,8524,8523,8524,200014.91525841795,425.132437818218,4261,"[[487794.8791886531,5669409.511705933],[487741.58968931134,5669476.280505079],[487753.5424967844,5669383.767803106],[487772.4058065102,5669348.718533964],[487681.2150166269,5669462.218868075]]",9d9ce74bb5b0c3b575d70d077d35a080c6cbbecc9d9e050c0c1e562bdea05b31,b06e09896120b23ac2293908c4c024fcf4cd3e9d387e74bb3546e612a5049701,none,stationary,matched_prior_exact,1,0,"{""p_d"":0.8,""stage"":""c5-generalization"",""tau"":10000.0,""w"":0.5}",eeba6ec6b36996a8c22ff4c80fa204cd0d918597f69b98666fd42b58b41ef8c4,flat,temperate,209514,11.630184288869916,revision_C_base@2ce3a901fecb,2ce3a901fecb5ddde502d0a5eeffb8f48d73c5fd,fab97b80b871eeeac68aa1d75a33173cb368895f3e96803690e3cbc0acb1147d,c5-generalization_20260827_181139_043334_662411fc,662411fc2c56d0c02ce05c695ea52935ceb8d74da8d3bb51759e41a06bd0b419,none,none,none,none,evidence,revision_B_base,revision_B_base,5,200000.0,xlarge,45.0,80.0,5.0,0.5,1.0
12,51,dynamic_3step,0.5,0.8,10000.0,0.3484174299742294,6727.939155955569,0.3488771487193207,11.173417638147928,0.9105018685969607,15183,8518,8519,8523,8524,200009.14762123954,426.7407596500125,3984,"[[487794.8791886531,5669409.511705933],[487741.58968931134,5669476.280505079],[487753.5424967844,5669383.767803106],[487772.4058065102,5669348.718533964],[487681.2150166269,5669462.218868075]]",9d9ce74bb5b0c3b575d70d077d35a080c6cbbecc9d9e050c0c1e562bdea05b31,e2858bad9b0c01713ded7833974268f511e8a9ea7e0322ed7dd9a35fa4a778a9,none,stationary,matched_prior_exact,1,0,"{""p_d"":0.8,""stage"":""c5-generalization"",""tau"":10000.0,""w"":0.5}",eeba6ec6b36996a8c22ff4c80fa204cd0d918597f69b98666fd42b58b41ef8c4,flat,temperate,209514,11.630184288869916,revision_C_base@2ce3a901fecb,2ce3a901fecb5ddde502d0a5eeffb8f48d73c5fd,fab97b80b871eeeac68aa1d75a33173cb368895f3e96803690e3cbc0acb1147d,c5-generalization_20260827_181139_043334_662411fc,662411fc2c56d0c02ce05c695ea52935ceb8d74da8d3bb51759e41a06bd0b419,none,none,none,none,evidence,revision_B_base,revision_B_base,5,200000.0,xlarge,45.0,80.0,5.0,0.5,1.0
13,42,online_static_3step,0.5,0.8,10000.0,0.323592113495924,6791.946214907945,0.3240779854839748,15.422027377650533,0.9351576822221707,11177,8652,8653,8652,8653,200011.0625586586,421.2063531812746,4236,"[[678652.1644619401,6089037.758051638],[678694.8918790472,6089038.446014322],[678724.2100211814,6089158.3528931765],[678648.430935254,6089014.81371725],[678688.7475214147,6089151.630639224]]",0f8fcacafaebdfd0b786747e508c9f689e31407599633e6017f5b5efe763c5b6,dcddb198ca15a448beb3253d49d3bdda77374d5e645b4987979bd26dd9ada707,none,stationary,matched_prior_exact,1,0,"{""p_d"":0.8,""stage"":""c5-generalization"",""tau"":10000.0,""w"":0.5}",eeba6ec6b36996a8c22ff4c80fa204cd0d918597f69b98666fd42b58b41ef8c4,flat,temperate,173546,11.47650529646062,revision_C_base@2ce3a901fecb,2ce3a901fecb5ddde502d0a5eeffb8f48d73c5fd,fab97b80b871eeeac68aa1d75a33173cb368895f3e96803690e3cbc0acb1147d,c5-generalization_20260827_181139_043334_662411fc,662411fc2c56d0c02ce05c695ea52935ceb8d74da8d3bb51759e41a06bd0b419,none,none,none,none,evidence,revision_B_base,revision_B_base,5,200000.0,xlarge,45.0,80.0,5.0,0.5,1.0
13,42,dynamic_3step,0.5,0.8,10000.0,0.3547011999909529,6785.611786252292,0.3550899390889333,13.19736434108527,0.9242272946207253,12900,8547,8548,8652,8653,200005.8647466658,431.64093098184094,3970,"[[678652.1644619401,6089037.758051638],[678694.8918790472,6089038.446014322],[678724.2100211814,6089158.3528931765],[678648.430935254,6089014.81371725],[678688.7475214147,6089151.630639224]]",0f8fcacafaebdfd0b786747e508c9f689e31407599633e6017f5b5efe763c5b6,b9b0a88b981dedb4e40f20be2a23a88c4f6af18aa721ebb2e50ac893ebe45c07,none,stationary,matched_prior_exact,1,0,"{""p_d"":0.8,""stage"":""c5-generalization"",""tau"":10000.0,""w"":0.5}",eeba6ec6b36996a8c22ff4c80fa204cd0d918597f69b98666fd42b58b41ef8c4,flat,temperate,173546,11.47650529646062,revision_C_base@2ce3a901fecb,2ce3a901fecb5ddde502d0a5eeffb8f48d73c5fd,fab97b80b871eeeac68aa1d75a33173cb368895f3e96803690e3cbc0acb1147d,c5-generalization_20260827_181139_043334_662411fc,662411fc2c56d0c02ce05c695ea52935ceb8d74da8d3bb51759e41a06bd0b419,none,none,none,none,evidence,revision_B_base,revision_B_base,5,200000.0,xlarge,45.0,80.0,5.0,0.5,1.0
13,43,online_static_3step,0.5,0.8,10000.0,0.3536992519983244,6675.043297587989,0.3540866964289514,13.070556621880998,0.9234921641878715,13025,8552,8553,8552,8553,200000.0819500651,421.50757628912106,4244,"[[678630.1782608385,6089086.154306808],[678733.1144693643,6089114.755391364],[678601.7571987144,6089078.579568619],[678642.808679503,6089051.9091878515],[678583.3831439194,6089135.619101169]]",4248db5853daf0a7bc9a971e6b2ed214105d3c3f73655ac447b196df9901907e,4eaae26d53065a9b23c8534f5d6b0da82da5b50632949b057f050a624c1513a3,none,stationary,matched_prior_exact,1,0,"{""p_d"":0.8,""stage"":""c5-generalization"",""tau"":10000.0,""w"":0.5}",eeba6ec6b36996a8c22ff4c80fa204cd0d918597f69b98666fd42b58b41ef8c4,flat,temperate,173546,11.47650529646062,revision_C_base@2ce3a901fecb,2ce3a901fecb5ddde502d0a5eeffb8f48d73c5fd,fab97b80b871eeeac68aa1d75a33173cb368895f3e96803690e3cbc0acb1147d,c5-generalization_20260827_181139_043334_662411fc,662411fc2c56d0c02ce05c695ea52935ceb8d74da8d3bb51759e41a06bd0b419,none,none,none,none,evidence,revision_B_base,revision_B_base,5,200000.0,xlarge,45.0,80.0,5.0,0.5,1.0
13,43,dynamic_3step,0.5,0.8,10000.0,0.38528799335212804,6644.378342989167,0.38575977391510385,11.402846783939841,0.9123026013636846,14894,8530,8531,8552,8553,200002.21475165547,432.6578905824572,4033,"[[678630.1782608385,6089086.154306808],[678733.1144693643,6089114.755391364],[678601.7571987144,6089078.579568619],[678642.808679503,6089051.9091878515],[678583.3831439194,6089135.619101169]]",4248db5853daf0a7bc9a971e6b2ed214105d3c3f73655ac447b196df9901907e,d745d7c40a26d1316415815b6295c2e02bf7cf8ea091f388afc9843aef9049af,none,stationary,matched_prior_exact,1,0,"{""p_d"":0.8,""stage"":""c5-generalization"",""tau"":10000.0,""w"":0.5}",eeba6ec6b36996a8c22ff4c80fa204cd0d918597f69b98666fd42b58b41ef8c4,flat,temperate,173546,11.47650529646062,revision_C_base@2ce3a901fecb,2ce3a901fecb5ddde502d0a5eeffb8f48d73c5fd,fab97b80b871eeeac68aa1d75a33173cb368895f3e96803690e3cbc0acb1147d,c5-generalization_20260827_181139_043334_662411fc,662411fc2c56d0c02ce05c695ea52935ceb8d74da8d3bb51759e41a06bd0b419,none,none,none,none,evidence,revision_B_base,revision_B_base,5,200000.0,xlarge,45.0,80.0,5.0,0.5,1.0
13,44,online_static_3step,0.5,0.8,10000.0,0.25449870308814504,7222.2052235268975,0.25483280746520054,21.981973919713628,0.9545081800364074,7822,8619,8620,8619,8620,200003.31063328494,411.90040088794194,4230,"[[678678.7001480409,6089138.62764604],[678560.5396885532,6089158.197449873],[678690.6993224991,6089182.147344564],[678672.4356103651,6089152.928481171],[678607.7852842124,6089032.695761188]]",9cdbc560543608ae4cc31718d26a48d4661653b8c2be83a5dfea5fd540c84647,f92c90450c7361b00e568f9faad0ae938c921761f1be02cbde74f88c6d497de2,none,stationary,matched_prior_exact,1,0,"{""p_d"":0.8,""stage"":""c5-generalization"",""tau"":10000.0,""w"":0.5}",eeba6ec6b36996a8c22ff4c80fa204cd0d918597f69b98666fd42b58b41ef8c4,flat,temperate,173546,11.47650529646062,revision_C_base@2ce3a901fecb,2ce3a901fecb5ddde502d0a5eeffb8f48d73c5fd,fab97b80b871eeeac68aa1d75a33173cb368895f3e96803690e3cbc0acb1147d,c5-generalization_20260827_181139_043334_662411fc,662411fc2c56d0c02ce05c695ea52935ceb8d74da8d3bb51759e41a06bd0b419,none,none,none,none,evidence,revision_B_base,revision_B_base,5,200000.0,xlarge,45.0,80.0,5.0,0.5,1.0
13,44,dynamic_3step,0.5,0.8,10000.0,0.38438649347068177,6657.814119427371,0.3848491767285316,11.448375987575123,0.9126513663522847,14809,8520,8521,8619,8620,200013.207259881,440.5286140581593,4064,"[[678678.7001480409,6089138.62764604],[678560.5396885532,6089158.197449873],[678690.6993224991,6089182.147344564],[678672.4356103651,6089152.928481171],[678607.7852842124,6089032.695761188]]",9cdbc560543608ae4cc31718d26a48d4661653b8c2be83a5dfea5fd540c84647,c4dd0660b4ceba1949668c4205472492e57c9d9074379ac6dfe0636b91fac919,none,stationary,matched_prior_exact,1,0,"{""p_d"":0.8,""stage"":""c5-generalization"",""tau"":10000.0,""w"":0.5}",eeba6ec6b36996a8c22ff4c80fa204cd0d918597f69b98666fd42b58b41ef8c4,flat,temperate,173546,11.47650529646062,revision_C_base@2ce3a901fecb,2ce3a901fecb5ddde502d0a5eeffb8f48d73c5fd,fab97b80b871eeeac68aa1d75a33173cb368895f3e96803690e3cbc0acb1147d,c5-generalization_20260827_181139_043334_662411fc,662411fc2c56d0c02ce05c695ea52935ceb8d74da8d3bb51759e41a06bd0b419,none,none,none,none,evidence,revision_B_base,revision_B_base,5,200000.0,xlarge,45.0,80.0,5.0,0.5,1.0
13,45,online_static_3step,0.5,0.8,10000.0,0.34868622368950364,6755.614417196834,0.34910284471753555,13.578497884907016,0.9263541513592947,12529,8540,8541,8544,8545,200007.4373477627,404.6958629898727,4019,"[[678577.0733964215,6089071.01602882],[678649.9480398307,6089013.494068477],[678554.1324650308,6089097.587054408],[678664.263827906,6089029.351021434],[678573.448383688,6089147.774267374]]",85e0ab3595e2e2ce269ce58bf3cc62d231aedcb8fcd24191fc1f49bd21d9a5d6,e91088d8bb31418e4952e23090a77904b7445bc6ea8e9c640b753ebc3dfeafba,none,stationary,matched_prior_exact,1,0,"{""p_d"":0.8,""stage"":""c5-generalization"",""tau"":10000.0,""w"":0.5}",eeba6ec6b36996a8c22ff4c80fa204cd0d918597f69b98666fd42b58b41ef8c4,flat,temperate,173546,11.47650529646062,revision_C_base@2ce3a901fecb,2ce3a901fecb5ddde502d0a5eeffb8f48d73c5fd,fab97b80b871eeeac68aa1d75a33173cb368895f3e96803690e3cbc0acb1147d,c5-generalization_20260827_181139_043334_662411fc,662411fc2c56d0c02ce05c695ea52935ceb8d74da8d3bb51759e41a06bd0b419,none,none,none,none,evidence,revision_B_base,revision_B_base,5,200000.0,xlarge,45.0,80.0,5.0,0.5,1.0
13,45,dynamic_3step,0.5,0.8,10000.0,0.37999891587706125,6608.268723509929,0.3805066596876171,11.574355135098346,0.9136020980583552,14693,8544,8545,8544,8545,200012.2499917769,455.23232795950025,4101,"[[678577.0733964215,6089071.01602882],[678649.9480398307,6089013.494068477],[678554.1324650308,6089097.587054408],[678664.263827906,6089029.351021434],[678573.448383688,6089147.774267374]]",85e0ab3595e2e2ce269ce58bf3cc62d231aedcb8fcd24191fc1f49bd21d9a5d6,491cb5699a6d77f908f9b9e2946d278803a55eed672da397a7607a53c2c0c92e,none,stationary,matched_prior_exact,1,0,"{""p_d"":0.8,""stage"":""c5-generalization"",""tau"":10000.0,""w"":0.5}",eeba6ec6b36996a8c22ff4c80fa204cd0d918597f69b98666fd42b58b41ef8c4,flat,temperate,173546,11.47650529646062,revision_C_base@2ce3a901fecb,2ce3a901fecb5ddde502d0a5eeffb8f48d73c5fd,fab97b80b871eeeac68aa1d75a33173cb368895f3e96803690e3cbc0acb1147d,c5-generalization_20260827_181139_043334_662411fc,662411fc2c56d0c02ce05c695ea52935ceb8d74da8d3bb51759e41a06bd0b419,none,none,none,none,evidence,revision_B_base,revision_B_base,5,200000.0,xlarge,45.0,80.0,5.0,0.5,1.0
13,47,online_static_3step,0.5,0.8,10000.0,0.34093345983903367,6815.091001087449,0.3414307115441031,13.921578258022265,0.9281690637752402,12216,8536,8537,8536,8537,200008.52121841523,410.1191581271123,4120,"[[678637.7606381263,6089016.55794299],[678610.7917333811,6089110.246844369],[678697.6412991801,6089091.54632343],[678670.6665629257,6089191.398704588],[678600.0380099794,6089099.763888515]]",f105f9036b07cce736ba58e1ce42c4fce9ebc3827ce5ab00f7ca0dae52128cf4,b8cc3a3d3bf860bb4dfdcaef48837713cfe3dbc9d03b0d4ac53b22cc578c595f,none,stationary,matched_prior_exact,1,0,"{""p_d"":0.8,""stage"":""c5-generalization"",""tau"":10000.0,""w"":0.5}",eeba6ec6b36996a8c22ff4c80fa204cd0d918597f69b98666fd42b58b41ef8c4,flat,temperate,173546,11.47650529646062,revision_C_base@2ce3a901fecb,2ce3a901fecb5ddde502d0a5eeffb8f48d73c5fd,fab97b80b871eeeac68aa1d75a33173cb368895f3e96803690e3cbc0acb1147d,c5-generalization_20260827_181139_043334_662411fc,662411fc2c56d0c02ce05c695ea52935ceb8d74da8d3bb51759e41a06bd0b419,none,none,none,none,evidence,revision_B_base,revision_B_base,5,200000.0,xlarge,45.0,80.0,5.0,0.5,1.0
13,47,dynamic_3step,0.5,0.8,10000.0,0.3811512482376323,6640.940871588723,0.38168910150358937,11.484401434661974,0.9129253704958604,14777,8524,8525,8536,8537,200001.57994937536,440.0841987263411,4119,"[[678637.7606381263,6089016.55794299],[678610.7917333811,6089110.246844369],[678697.6412991801,6089091.54632343],[678670.6665629257,6089191.398704588],[678600.0380099794,6089099.763888515]]",f105f9036b07cce736ba58e1ce42c4fce9ebc3827ce5ab00f7ca0dae52128cf4,762006b4279658cd43ed707aaae35a5565c3c1564073d95efce0576491286bf0,none,stationary,matched_prior_exact,1,0,"{""p_d"":0.8,""stage"":""c5-generalization"",""tau"":10000.0,""w"":0.5}",eeba6ec6b36996a8c22ff4c80fa204cd0d918597f69b98666fd42b58b41ef8c4,flat,temperate,173546,11.47650529646062,revision_C_base@2ce3a901fecb,2ce3a901fecb5ddde502d0a5eeffb8f48d73c5fd,fab97b80b871eeeac68aa1d75a33173cb368895f3e96803690e3cbc0acb1147d,c5-generalization_20260827_181139_043334_662411fc,662411fc2c56d0c02ce05c695ea52935ceb8d74da8d3bb51759e41a06bd0b419,none,none,none,none,evidence,revision_B_base,revision_B_base,5,200000.0,xlarge,45.0,80.0,5.0,0.5,1.0
13,46,online_static_3step,0.5,0.8,10000.0,0.3700445731785452,6627.843764741349,0.3705561529940979,12.136934762547028,0.9176068735999251,14087,8589,8590,8589,8590,200006.74227665208,424.6824085013941,4200,"[[678665.2738884378,6089087.724145768],[678631.0850844395,6089181.3228106275],[678668.9077975445,6089091.5186993005],[678581.6347375636,6089039.35165182],[678555.9376210138,6089097.04158649]]",5ee37c7f74597464633a166603c6419833c3ea4a4242b6499bc3005d6b431ce9,b80e3fb3e29ff94711a5bf58608c16f789efce29e35f1827a20d35296e24585e,none,stationary,matched_prior_exact,1,0,"{""p_d"":0.8,""stage"":""c5-generalization"",""tau"":10000.0,""w"":0.5}",eeba6ec6b36996a8c22ff4c80fa204cd0d918597f69b98666fd42b58b41ef8c4,flat,temperate,173546,11.47650529646062,revision_C_base@2ce3a901fecb,2ce3a901fecb5ddde502d0a5eeffb8f48d73c5fd,fab97b80b871eeeac68aa1d75a33173cb368895f3e96803690e3cbc0acb1147d,c5-generalization_20260827_181139_043334_662411fc,662411fc2c56d0c02ce05c695ea52935ceb8d74da8d3bb51759e41a06bd0b419,none,none,none,none,evidence,revision_B_base,revision_B_base,5,200000.0,xlarge,45.0,80.0,5.0,0.5,1.0
13,46,dynamic_3step,0.5,0.8,10000.0,0.357847262648462,6667.875776001488,0.3582314929494192,13.121772639691715,0.9237907844116179,12975,8548,8549,8589,8590,200022.2164956237,446.9801839152351,4135,"[[678665.2738884378,6089087.724145768],[678631.0850844395,6089181.3228106275],[678668.9077975445,6089091.5186993005],[678581.6347375636,6089039.35165182],[678555.9376210138,6089097.04158649]]",5ee37c7f74597464633a166603c6419833c3ea4a4242b6499bc3005d6b431ce9,752941665c852b4a0b5a14b3874a76d222cf1fbbcbfea6205caef2306c5bafaa,none,stationary,matched_prior_exact,1,0,"{""p_d"":0.8,""stage"":""c5-generalization"",""tau"":10000.0,""w"":0.5}",eeba6ec6b36996a8c22ff4c80fa204cd0d918597f69b98666fd42b58b41ef8c4,flat,temperate,173546,11.47650529646062,revision_C_base@2ce3a901fecb,2ce3a901fecb5ddde502d0a5eeffb8f48d73c5fd,fab97b80b871eeeac68aa1d75a33173cb368895f3e96803690e3cbc0acb1147d,c5-generalization_20260827_181139_043334_662411fc,662411fc2c56d0c02ce05c695ea52935ceb8d74da8d3bb51759e41a06bd0b419,none,none,none,none,evidence,revision_B_base,revision_B_base,5,200000.0,xlarge,45.0,80.0,5.0,0.5,1.0
13,48,online_static_3step,0.5,0.8,10000.0,0.34307882552690977,6760.736943711831,0.34354328611558616,13.61755511022044,0.9265653788873257,12475,8531,8532,8533,8534,200009.6018433387,400.1104662960861,4031,"[[678583.4745403801,6089153.311686216],[678559.2073390149,6089096.039757113],[678588.8085333391,6089027.248544748],[678580.8416779637,6089064.383314593],[678648.4729900825,6089057.798733703]]",c01b3844cc93ff29612ae466571ad67e3799e3f69e24da7c016f06ef13149cd9,c157ae386bd41259518f2f000eb4c239f82a2a1b55736ae04baed3975fe20be1,none,stationary,matched_prior_exact,1,0,"{""p_d"":0.8,""stage"":""c5-generalization"",""tau"":10000.0,""w"":0.5}",eeba6ec6b36996a8c22ff4c80fa204cd0d918597f69b98666fd42b58b41ef8c4,flat,temperate,173546,11.47650529646062,revision_C_base@2ce3a901fecb,2ce3a901fecb5ddde502d0a5eeffb8f48d73c5fd,fab97b80b871eeeac68aa1d75a33173cb368895f3e96803690e3cbc0acb1147d,c5-generalization_20260827_181139_043334_662411fc,662411fc2c56d0c02ce05c695ea52935ceb8d74da8d3bb51759e41a06bd0b419,none,none,none,none,evidence,revision_B_base,revision_B_base,5,200000.0,xlarge,45.0,80.0,5.0,0.5,1.0
13,48,dynamic_3step,0.5,0.8,10000.0,0.3832135308770577,6581.820449375295,0.3836742248397771,11.598033189920098,0.9137784843667197,14643,8533,8534,8533,8534,200003.95163621398,438.0823259870522,4068,"[[678583.4745403801,6089153.311686216],[678559.2073390149,6089096.039757113],[678588.8085333391,6089027.248544748],[678580.8416779637,6089064.383314593],[678648.4729900825,6089057.798733703]]",c01b3844cc93ff29612ae466571ad67e3799e3f69e24da7c016f06ef13149cd9,2f301544a20398133d03a1c8edea3d82aa65cbfdb00d16418a663ecf76f5e133,none,stationary,matched_prior_exact,1,0,"{""p_d"":0.8,""stage"":""c5-generalization"",""tau"":10000.0,""w"":0.5}",eeba6ec6b36996a8c22ff4c80fa204cd0d918597f69b98666fd42b58b41ef8c4,flat,temperate,173546,11.47650529646062,revision_C_base@2ce3a901fecb,2ce3a901fecb5ddde502d0a5eeffb8f48d73c5fd,fab97b80b871eeeac68aa1d75a33173cb368895f3e96803690e3cbc0acb1147d,c5-generalization_20260827_181139_043334_662411fc,662411fc2c56d0c02ce05c695ea52935ceb8d74da8d3bb51759e41a06bd0b419,none,none,none,none,evidence,revision_B_base,revision_B_base,5,200000.0,xlarge,45.0,80.0,5.0,0.5,1.0
13,51,online_static_3step,0.5,0.8,10000.0,0.3126632368887209,6866.373415353704,0.31310230378405063,15.80617272473738,0.9367335776082623,10757,8527,8528,8527,8528,200001.7608027,400.7931637172587,4017,"[[678694.0655470523,6089083.648148524],[678640.7760477106,6089150.416947669],[678652.7288551836,6089057.904245697],[678671.5921649094,6089022.854976554],[678580.4013750262,6089136.355310665]]",e3ebb4ca7cb9b621fd1aa6a6c6b9711d26f06e8bc11b140cbd1f5a28e68f4d73,890678c1c357c37f802d8f87703265c6ea064072f54cad735870a7e867f6ef2c,none,stationary,matched_prior_exact,1,0,"{""p_d"":0.8,""stage"":""c5-generalization"",""tau"":10000.0,""w"":0.5}",eeba6ec6b36996a8c22ff4c80fa204cd0d918597f69b98666fd42b58b41ef8c4,flat,temperate,173546,11.47650529646062,revision_C_base@2ce3a901fecb,2ce3a901fecb5ddde502d0a5eeffb8f48d73c5fd,fab97b80b871eeeac68aa1d75a33173cb368895f3e96803690e3cbc0acb1147d,c5-generalization_20260827_181139_043334_662411fc,662411fc2c56d0c02ce05c695ea52935ceb8d74da8d3bb51759e41a06bd0b419,none,none,none,none,evidence,revision_B_base,revision_B_base,5,200000.0,xlarge,45.0,80.0,5.0,0.5,1.0
13,51,dynamic_3step,0.5,0.8,10000.0,0.3904758774229439,6599.316852365417,0.3909794619918539,11.276345514950165,0.911318786864574,15050,8525,8526,8527,8528,200018.5675733463,440.3135871968698,4031,"[[678694.0655470523,6089083.648148524],[678640.7760477106,6089150.416947669],[678652.7288551836,6089057.904245697],[678671.5921649094,6089022.854976554],[678580.4013750262,6089136.355310665]]",e3ebb4ca7cb9b621fd1aa6a6c6b9711d26f06e8bc11b140cbd1f5a28e68f4d73,2d61da46df95bb0d05dbe2243e5b2df4ae416c8b51127d9053b6f222adf5e5c7,none,stationary,matched_prior_exact,1,0,"{""p_d"":0.8,""stage"":""c5-generalization"",""tau"":10000.0,""w"":0.5}",eeba6ec6b36996a8c22ff4c80fa204cd0d918597f69b98666fd42b58b41ef8c4,flat,temperate,173546,11.47650529646062,revision_C_base@2ce3a901fecb,2ce3a901fecb5ddde502d0a5eeffb8f48d73c5fd,fab97b80b871eeeac68aa1d75a33173cb368895f3e96803690e3cbc0acb1147d,c5-generalization_20260827_181139_043334_662411fc,662411fc2c56d0c02ce05c695ea52935ceb8d74da8d3bb51759e41a06bd0b419,none,none,none,none,evidence,revision_B_base,revision_B_base,5,200000.0,xlarge,45.0,80.0,5.0,0.5,1.0
13,49,online_static_3step,0.5,0.8,10000.0,0.3145346047338309,6932.5041059586165,0.31499347947230183,15.880656160722515,0.9370303097126874,10851,8646,8647,8646,8647,200000.25088291388,422.9537014279049,4201,"[[678592.0793279033,6089161.712358888],[678580.7671542749,6089152.84782597],[678635.7282973578,6089093.583171845],[678658.6671548933,6089004.832418836],[678608.8711243964,6089101.3079344435]]",2d7f9754d80d3bb60b250b074b0507f7cc0d1afe1e12b4f15b14acf710412ed5,e1a3902afbd926fb61b3d9922ee108a79f5eff0c027f141419ba16ab3a00c1de,none,stationary,matched_prior_exact,1,0,"{""p_d"":0.8,""stage"":""c5-generalization"",""tau"":10000.0,""w"":0.5}",eeba6ec6b36996a8c22ff4c80fa204cd0d918597f69b98666fd42b58b41ef8c4,flat,temperate,173546,11.47650529646062,revision_C_base@2ce3a901fecb,2ce3a901fecb5ddde502d0a5eeffb8f48d73c5fd,fab97b80b871eeeac68aa1d75a33173cb368895f3e96803690e3cbc0acb1147d,c5-generalization_20260827_181139_043334_662411fc,662411fc2c56d0c02ce05c695ea52935ceb8d74da8d3bb51759e41a06bd0b419,none,none,none,none,evidence,revision_B_base,revision_B_base,5,200000.0,xlarge,45.0,80.0,5.0,0.5,1.0
13,49,dynamic_3step,0.5,0.8,10000.0,0.3859896475874815,6685.025596624372,0.3864977748324753,11.340915172598342,0.9118236945801185,14948,8518,8519,8646,8647,200013.38134531642,445.8400334655307,4085,"[[678592.0793279033,6089161.712358888],[678580.7671542749,6089152.84782597],[678635.7282973578,6089093.583171845],[678658.6671548933,6089004.832418836],[678608.8711243964,6089101.3079344435]]",2d7f9754d80d3bb60b250b074b0507f7cc0d1afe1e12b4f15b14acf710412ed5,cac26b7c4a6b3bc61f3e572dfc0913bd65ab8500bdf18f494d94283684083fae,none,stationary,matched_prior_exact,1,0,"{""p_d"":0.8,""stage"":""c5-generalization"",""tau"":10000.0,""w"":0.5}",eeba6ec6b36996a8c22ff4c80fa204cd0d918597f69b98666fd42b58b41ef8c4,flat,temperate,173546,11.47650529646062,revision_C_base@2ce3a901fecb,2ce3a901fecb5ddde502d0a5eeffb8f48d73c5fd,fab97b80b871eeeac68aa1d75a33173cb368895f3e96803690e3cbc0acb1147d,c5-generalization_20260827_181139_043334_662411fc,662411fc2c56d0c02ce05c695ea52935ceb8d74da8d3bb51759e41a06bd0b419,none,none,none,none,evidence,revision_B_base,revision_B_base,5,200000.0,xlarge,45.0,80.0,5.0,0.5,1.0
13,50,online_static_3step,0.5,0.8,10000.0,0.3549519464516307,6699.796652652862,0.3553972315514834,12.95091697739898,0.9227853902742849,13141,8544,8545,8544,8545,200007.03805629205,403.3998843689915,4008,"[[678663.5021359071,6089014.46384091],[678548.0025425843,6089074.006290447],[678648.8767085545,6089183.413374144],[678710.632317937,6089132.87034922],[678600.0634779715,6089132.9487684]]",7f0e9f7ad3b2124f4204bb38a6fe0ae8bf2d0067044ec88a227dcee8ae3ebb81,5a96a2ecbe4c49fda632d0f84d198afad56351bad1a6a5bdc999dffca5025def,none,stationary,matched_prior_exact,1,0,"{""p_d"":0.8,""stage"":""c5-generalization"",""tau"":10000.0,""w"":0.5}",eeba6ec6b36996a8c22ff4c80fa204cd0d918597f69b98666fd42b58b41ef8c4,flat,temperate,173546,11.47650529646062,revision_C_base@2ce3a901fecb,2ce3a901fecb5ddde502d0a5eeffb8f48d73c5fd,fab97b80b871eeeac68aa1d75a33173cb368895f3e96803690e3cbc0acb1147d,c5-generalization_20260827_181139_043334_662411fc,662411fc2c56d0c02ce05c695ea52935ceb8d74da8d3bb51759e41a06bd0b419,none,none,none,none,evidence,revision_B_base,revision_B_base,5,200000.0,xlarge,45.0,80.0,5.0,0.5,1.0
13,50,dynamic_3step,0.5,0.8,10000.0,0.3880174589513399,6583.294038599943,0.38856451899782296,11.15997375328084,0.9103940544926445,15240,8539,8540,8544,8545,200009.82800153058,444.7232884345576,4060,"[[678663.5021359071,6089014.46384091],[678548.0025425843,6089074.006290447],[678648.8767085545,6089183.413374144],[678710.632317937,6089132.87034922],[678600.0634779715,6089132.9487684]]",7f0e9f7ad3b2124f4204bb38a6fe0ae8bf2d0067044ec88a227dcee8ae3ebb81,b67a94ab13b5d0a9066ab78f8df558ab57ccd96ba5be83bae40e3f6b0a3a8b5f,none,stationary,matched_prior_exact,1,0,"{""p_d"":0.8,""stage"":""c5-generalization"",""tau"":10000.0,""w"":0.5}",eeba6ec6b36996a8c22ff4c80fa204cd0d918597f69b98666fd42b58b41ef8c4,flat,temperate,173546,11.47650529646062,revision_C_base@2ce3a901fecb,2ce3a901fecb5ddde502d0a5eeffb8f48d73c5fd,fab97b80b871eeeac68aa1d75a33173cb368895f3e96803690e3cbc0acb1147d,c5-generalization_20260827_181139_043334_662411fc,662411fc2c56d0c02ce05c695ea52935ceb8d74da8d3bb51759e41a06bd0b419,none,none,none,none,evidence,revision_B_base,revision_B_base,5,200000.0,xlarge,45.0,80.0,5.0,0.5,1.0
14,42,online_static_3step,0.5,0.8,10000.0,0.19631799636232872,7235.9135316307975,0.19671123180928518,33.42804503582395,0.9700849990201842,4885,8295,8296,8339,8340,200013.85447171662,440.44957253546454,4601,"[[543827.0652288762,5610125.319851507],[543869.7926459833,5610126.007814192],[543899.1107881175,5610245.914693046],[543823.3317021901,5610102.37551712],[543863.6482883508,5610239.192439094]]",0413fd01a68a9486527e6b75662a7c393833213e9d35e01fff07e7b95f2d6ea8,5b818b6766731f8fe4f60bb076d548b188924bb176f5cd962d129e817b473adc,none,stationary,matched_prior_exact,1,0,"{""p_d"":0.8,""stage"":""c5-generalization"",""tau"":10000.0,""w"":0.5}",eeba6ec6b36996a8c22ff4c80fa204cd0d918597f69b98666fd42b58b41ef8c4,flat,temperate,199967,11.471581042823669,revision_C_base@2ce3a901fecb,2ce3a901fecb5ddde502d0a5eeffb8f48d73c5fd,fab97b80b871eeeac68aa1d75a33173cb368895f3e96803690e3cbc0acb1147d,c5-generalization_20260827_181139_043334_662411fc,662411fc2c56d0c02ce05c695ea52935ceb8d74da8d3bb51759e41a06bd0b419,none,none,none,none,evidence,revision_B_base,revision_B_base,5,200000.0,xlarge,45.0,80.0,5.0,0.5,1.0
14,42,dynamic_3step,0.5,0.8,10000.0,0.3810638011329711,6323.577097697095,0.3815688085324779,12.666769159812437,0.9210532703814737,13009,8339,8340,8339,8340,200014.43765934336,477.97889840160497,4476,"[[543827.0652288762,5610125.319851507],[543869.7926459833,5610126.007814192],[543899.1107881175,5610245.914693046],[543823.3317021901,5610102.37551712],[543863.6482883508,5610239.192439094]]",0413fd01a68a9486527e6b75662a7c393833213e9d35e01fff07e7b95f2d6ea8,5e82d93e3f8fd524a2ccf0a44aa61c0b00ed0e0b18eedf9477167395ca5c716c,none,stationary,matched_prior_exact,1,0,"{""p_d"":0.8,""stage"":""c5-generalization"",""tau"":10000.0,""w"":0.5}",eeba6ec6b36996a8c22ff4c80fa204cd0d918597f69b98666fd42b58b41ef8c4,flat,temperate,199967,11.471581042823669,revision_C_base@2ce3a901fecb,2ce3a901fecb5ddde502d0a5eeffb8f48d73c5fd,fab97b80b871eeeac68aa1d75a33173cb368895f3e96803690e3cbc0acb1147d,c5-generalization_20260827_181139_043334_662411fc,662411fc2c56d0c02ce05c695ea52935ceb8d74da8d3bb51759e41a06bd0b419,none,none,none,none,evidence,revision_B_base,revision_B_base,5,200000.0,xlarge,45.0,80.0,5.0,0.5,1.0
14,43,online_static_3step,0.5,0.8,10000.0,0.22275303449732115,7004.024899566601,0.22318429436018292,29.132976827094474,0.9656746371668421,5610,8299,8300,8345,8346,200009.56847445932,331.5594006096944,3420,"[[543805.0790277746,5610173.716106677],[543908.0152363004,5610202.317191234],[543776.6579656505,5610166.141368489],[543817.7094464392,5610139.470987721],[543758.2839108555,5610223.180901038]]",402afea20fb6b9dd75e46a4df34493c51212c04f5bf2feaa4b7cfd587111fa37,ae69f65684bd1196bda89220678aa46c3edd6e523181e45e526b52508cbd798d,none,stationary,matched_prior_exact,1,0,"{""p_d"":0.8,""stage"":""c5-generalization"",""tau"":10000.0,""w"":0.5}",eeba6ec6b36996a8c22ff4c80fa204cd0d918597f69b98666fd42b58b41ef8c4,flat,temperate,199967,11.471581042823669,revision_C_base@2ce3a901fecb,2ce3a901fecb5ddde502d0a5eeffb8f48d73c5fd,fab97b80b871eeeac68aa1d75a33173cb368895f3e96803690e3cbc0acb1147d,c5-generalization_20260827_181139_043334_662411fc,662411fc2c56d0c02ce05c695ea52935ceb8d74da8d3bb51759e41a06bd0b419,none,none,none,none,evidence,revision_B_base,revision_B_base,5,200000.0,xlarge,45.0,80.0,5.0,0.5,1.0
14,43,dynamic_3step,0.5,0.8,10000.0,0.3789707713136561,6332.36517027548,0.3796721901390346,11.691064975554454,0.9144645930810444,14113,8345,8346,8345,8346,200001.45156635589,373.3578997764271,3431,"[[543805.0790277746,5610173.716106677],[543908.0152363004,5610202.317191234],[543776.6579656505,5610166.141368489],[543817.7094464392,5610139.470987721],[543758.2839108555,5610223.180901038]]",402afea20fb6b9dd75e46a4df34493c51212c04f5bf2feaa4b7cfd587111fa37,44b052fe4ae00778e73770da3dec8c554a0dc704e153935071f895de87fadebc,none,stationary,matched_prior_exact,1,0,"{""p_d"":0.8,""stage"":""c5-generalization"",""tau"":10000.0,""w"":0.5}",eeba6ec6b36996a8c22ff4c80fa204cd0d918597f69b98666fd42b58b41ef8c4,flat,temperate,199967,11.471581042823669,revision_C_base@2ce3a901fecb,2ce3a901fecb5ddde502d0a5eeffb8f48d73c5fd,fab97b80b871eeeac68aa1d75a33173cb368895f3e96803690e3cbc0acb1147d,c5-generalization_20260827_181139_043334_662411fc,662411fc2c56d0c02ce05c695ea52935ceb8d74da8d3bb51759e41a06bd0b419,none,none,none,none,evidence,revision_B_base,revision_B_base,5,200000.0,xlarge,45.0,80.0,5.0,0.5,1.0
14,44,online_static_3step,0.5,0.8,10000.0,0.15077469771934512,7287.940538736895,0.15107628232839973,48.66421568627451,0.9794510198942332,3264,8163,8164,8344,8345,200021.09698913468,452.33381263678893,4698,"[[543853.600914977,5610226.18944591],[543735.4404554893,5610245.759249743],[543865.6000894352,5610269.709144434],[543847.3363773013,5610240.490281041],[543782.6860511486,5610120.257561058]]",85c8e887588fa9df41f7118188129995f257d7fb88da6fca6d7eac449ae51742,0a7d95051e0f04a437fd17bbe4e44a16f74f72eb9f9f3063c31a92b4d682cd05,none,stationary,matched_prior_exact,1,0,"{""p_d"":0.8,""stage"":""c5-generalization"",""tau"":10000.0,""w"":0.5}",eeba6ec6b36996a8c22ff4c80fa204cd0d918597f69b98666fd42b58b41ef8c4,flat,temperate,199967,11.471581042823669,revision_C_base@2ce3a901fecb,2ce3a901fecb5ddde502d0a5eeffb8f48d73c5fd,fab97b80b871eeeac68aa1d75a33173cb368895f3e96803690e3cbc0acb1147d,c5-generalization_20260827_181139_043334_662411fc,662411fc2c56d0c02ce05c695ea52935ceb8d74da8d3bb51759e41a06bd0b419,none,none,none,none,evidence,revision_B_base,revision_B_base,5,200000.0,xlarge,45.0,80.0,5.0,0.5,1.0
14,44,dynamic_3step,0.5,0.8,10000.0,0.3813728156731741,6336.81277801477,0.38201646588798654,11.369012337170032,0.9120416118530733,14509,8344,8345,8344,8345,200008.37866943533,485.8113784727175,4480,"[[543853.600914977,5610226.18944591],[543735.4404554893,5610245.759249743],[543865.6000894352,5610269.709144434],[543847.3363773013,5610240.490281041],[543782.6860511486,5610120.257561058]]",85c8e887588fa9df41f7118188129995f257d7fb88da6fca6d7eac449ae51742,363d57a423d32af2abd4c89ed4a33c2ff0afc0861a2128900883f214438cec76,none,stationary,matched_prior_exact,1,0,"{""p_d"":0.8,""stage"":""c5-generalization"",""tau"":10000.0,""w"":0.5}",eeba6ec6b36996a8c22ff4c80fa204cd0d918597f69b98666fd42b58b41ef8c4,flat,temperate,199967,11.471581042823669,revision_C_base@2ce3a901fecb,2ce3a901fecb5ddde502d0a5eeffb8f48d73c5fd,fab97b80b871eeeac68aa1d75a33173cb368895f3e96803690e3cbc0acb1147d,c5-generalization_20260827_181139_043334_662411fc,662411fc2c56d0c02ce05c695ea52935ceb8d74da8d3bb51759e41a06bd0b419,none,none,none,none,evidence,revision_B_base,revision_B_base,5,200000.0,xlarge,45.0,80.0,5.0,0.5,1.0
14,45,online_static_3step,0.5,0.8,10000.0,0.14313642627997292,7327.1918256024865,0.14347366062281403,53.47140495867769,0.9812984154657467,3025,8249,8250,8342,8343,200010.4661527613,367.054023551289,3829,"[[543751.9741633576,5610158.5778286895],[543824.8488067668,5610101.055868347],[543729.0332319669,5610185.148854278],[543839.1645948421,5610116.912821304],[543748.3491506241,5610235.3360672435]]",08325c001fd6b85518feb38dce9d8734add652ce60c284657541b49ed7f37d77,cb5bed2005ed7f671e826a914a542d19dcb6e4985f1d2058f7529e0d5a601b85,none,stationary,matched_prior_exact,1,0,"{""p_d"":0.8,""stage"":""c5-generalization"",""tau"":10000.0,""w"":0.5}",eeba6ec6b36996a8c22ff4c80fa204cd0d918597f69b98666fd42b58b41ef8c4,flat,temperate,199967,11.471581042823669,revision_C_base@2ce3a901fecb,2ce3a901fecb5ddde502d0a5eeffb8f48d73c5fd,fab97b80b871eeeac68aa1d75a33173cb368895f3e96803690e3cbc0acb1147d,c5-generalization_20260827_181139_043334_662411fc,662411fc2c56d0c02ce05c695ea52935ceb8d74da8d3bb51759e41a06bd0b419,none,none,none,none,evidence,revision_B_base,revision_B_base,5,200000.0,xlarge,45.0,80.0,5.0,0.5,1.0
14,45,dynamic_3step,0.5,0.8,10000.0,0.3769596102992747,6296.026340451483,0.3776764489670323,10.750048894973597,0.9069771672882744,15339,8342,8343,8342,8343,200001.21718465042,406.98672584281303,3783,"[[543751.9741633576,5610158.5778286895],[543824.8488067668,5610101.055868347],[543729.0332319669,5610185.148854278],[543839.1645948421,5610116.912821304],[543748.3491506241,5610235.3360672435]]",08325c001fd6b85518feb38dce9d8734add652ce60c284657541b49ed7f37d77,f6a24ad8ff09d536ae97317cf84419ba68ac0a9eb21adfb39aefd4f5d8473dcb,none,stationary,matched_prior_exact,1,0,"{""p_d"":0.8,""stage"":""c5-generalization"",""tau"":10000.0,""w"":0.5}",eeba6ec6b36996a8c22ff4c80fa204cd0d918597f69b98666fd42b58b41ef8c4,flat,temperate,199967,11.471581042823669,revision_C_base@2ce3a901fecb,2ce3a901fecb5ddde502d0a5eeffb8f48d73c5fd,fab97b80b871eeeac68aa1d75a33173cb368895f3e96803690e3cbc0acb1147d,c5-generalization_20260827_181139_043334_662411fc,662411fc2c56d0c02ce05c695ea52935ceb8d74da8d3bb51759e41a06bd0b419,none,none,none,none,evidence,revision_B_base,revision_B_base,5,200000.0,xlarge,45.0,80.0,5.0,0.5,1.0
14,48,online_static_3step,0.5,0.8,10000.0,0.20627877104918102,7092.288809823942,0.2066470362811462,29.694323144104803,0.9663235294117647,5496,8292,8293,8344,8345,200006.9403493288,404.384186366573,4141,"[[543758.3753073162,5610240.873486086],[543734.108105951,5610183.601556983],[543763.7093002752,5610114.810344618],[543755.7424448999,5610151.945114463],[543823.3737570186,5610145.360533573]]",c8e5d721f287828bab73de7bd1b8a42ff2fb22adeeb65915ef12d880ebf71acf,bbe16516b48ba587cfa4e484ebcdae2222ca1622d742bda25787f611a7f6cb11,none,stationary,matched_prior_exact,1,0,"{""p_d"":0.8,""stage"":""c5-generalization"",""tau"":10000.0,""w"":0.5}",eeba6ec6b36996a8c22ff4c80fa204cd0d918597f69b98666fd42b58b41ef8c4,flat,temperate,199967,11.471581042823669,revision_C_base@2ce3a901fecb,2ce3a901fecb5ddde502d0a5eeffb8f48d73c5fd,fab97b80b871eeeac68aa1d75a33173cb368895f3e96803690e3cbc0acb1147d,c5-generalization_20260827_181139_043334_662411fc,662411fc2c56d0c02ce05c695ea52935ceb8d74da8d3bb51759e41a06bd0b419,none,none,none,none,evidence,revision_B_base,revision_B_base,5,200000.0,xlarge,45.0,80.0,5.0,0.5,1.0
14,48,dynamic_3step,0.5,0.8,10000.0,0.3668870594163186,6415.887620312702,0.36744711710619476,12.01967499817824,0.9168030749457399,13723,8344,8345,8344,8345,200020.14378476964,416.6832469715737,3825,"[[543758.3753073162,5610240.873486086],[543734.108105951,5610183.601556983],[543763.7093002752,5610114.810344618],[543755.7424448999,5610151.945114463],[543823.3737570186,5610145.360533573]]",c8e5d721f287828bab73de7bd1b8a42ff2fb22adeeb65915ef12d880ebf71acf,9b9f3f9dfee46867209c0c5129cb159c1e5c418899da4b36edab50b71e9604f7,none,stationary,matched_prior_exact,1,0,"{""p_d"":0.8,""stage"":""c5-generalization"",""tau"":10000.0,""w"":0.5}",eeba6ec6b36996a8c22ff4c80fa204cd0d918597f69b98666fd42b58b41ef8c4,flat,temperate,199967,11.471581042823669,revision_C_base@2ce3a901fecb,2ce3a901fecb5ddde502d0a5eeffb8f48d73c5fd,fab97b80b871eeeac68aa1d75a33173cb368895f3e96803690e3cbc0acb1147d,c5-generalization_20260827_181139_043334_662411fc,662411fc2c56d0c02ce05c695ea52935ceb8d74da8d3bb51759e41a06bd0b419,none,none,none,none,evidence,revision_B_base,revision_B_base,5,200000.0,xlarge,45.0,80.0,5.0,0.5,1.0
14,46,online_static_3step,0.5,0.8,10000.0,0.20999448777061186,7124.72966585453,0.21033389889071938,30.204028830160784,0.9668918340125066,5411,8299,8300,8341,8342,200007.07190374238,442.88462074892595,4514,"[[543840.1746553739,5610175.285945638],[543805.9858513756,5610268.884610497],[543843.8085644806,5610179.08049917],[543756.5355044997,5610126.91345169],[543730.83838795,5610184.60338636]]",faceb7de243f60955a85fe4f1d1321538dfbb4d660ae40e82f6115f3b46a88ea,7fbf41257b5d3ad8512b28010f8ee7f01589b20840a0c365aba6b6a51221ffc3,none,stationary,matched_prior_exact,1,0,"{""p_d"":0.8,""stage"":""c5-generalization"",""tau"":10000.0,""w"":0.5}",eeba6ec6b36996a8c22ff4c80fa204cd0d918597f69b98666fd42b58b41ef8c4,flat,temperate,199967,11.471581042823669,revision_C_base@2ce3a901fecb,2ce3a901fecb5ddde502d0a5eeffb8f48d73c5fd,fab97b80b871eeeac68aa1d75a33173cb368895f3e96803690e3cbc0acb1147d,c5-generalization_20260827_181139_043334_662411fc,662411fc2c56d0c02ce05c695ea52935ceb8d74da8d3bb51759e41a06bd0b419,none,none,none,none,evidence,revision_B_base,revision_B_base,5,200000.0,xlarge,45.0,80.0,5.0,0.5,1.0
14,46,dynamic_3step,0.5,0.8,10000.0,0.3839060176183969,6305.407053083038,0.3844393559386334,11.786786786786786,0.9151592356687898,13986,8341,8342,8341,8342,200009.61950019194,491.9378365869634,4489,"[[543840.1746553739,5610175.285945638],[543805.9858513756,5610268.884610497],[543843.8085644806,5610179.08049917],[543756.5355044997,5610126.91345169],[543730.83838795,5610184.60338636]]",faceb7de243f60955a85fe4f1d1321538dfbb4d660ae40e82f6115f3b46a88ea,272b7ef48e4435d67bf330cce94742e6a937e7ce3feee2c6d4d3d0976d951030,none,stationary,matched_prior_exact,1,0,"{""p_d"":0.8,""stage"":""c5-generalization"",""tau"":10000.0,""w"":0.5}",eeba6ec6b36996a8c22ff4c80fa204cd0d918597f69b98666fd42b58b41ef8c4,flat,temperate,199967,11.471581042823669,revision_C_base@2ce3a901fecb,2ce3a901fecb5ddde502d0a5eeffb8f48d73c5fd,fab97b80b871eeeac68aa1d75a33173cb368895f3e96803690e3cbc0acb1147d,c5-generalization_20260827_181139_043334_662411fc,662411fc2c56d0c02ce05c695ea52935ceb8d74da8d3bb51759e41a06bd0b419,none,none,none,none,evidence,revision_B_base,revision_B_base,5,200000.0,xlarge,45.0,80.0,5.0,0.5,1.0
14,47,online_static_3step,0.5,0.8,10000.0,0.1878115986431634,7134.647097756533,0.18812112356481175,28.195763580457808,0.9645336790703873,5854,8347,8348,8347,8348,200010.4153296891,461.2989952347707,4703,"[[543812.6614050624,5610104.11974286],[543785.6925003172,5610197.808644239],[543872.5420661162,5610179.1081233],[543845.5673298618,5610278.960504458],[543774.9387769155,5610187.3256883845]]",42c86ec7e3b2d82e7647e432d1a4c7d4d0002af7ad485a3e80ea885420de1988,07183506f3fbc0f05254176ed5ddab9acd6b72e7766222e99227449c7aa6a2fb,none,stationary,matched_prior_exact,1,0,"{""p_d"":0.8,""stage"":""c5-generalization"",""tau"":10000.0,""w"":0.5}",eeba6ec6b36996a8c22ff4c80fa204cd0d918597f69b98666fd42b58b41ef8c4,flat,temperate,199967,11.471581042823669,revision_C_base@2ce3a901fecb,2ce3a901fecb5ddde502d0a5eeffb8f48d73c5fd,fab97b80b871eeeac68aa1d75a33173cb368895f3e96803690e3cbc0acb1147d,c5-generalization_20260827_181139_043334_662411fc,662411fc2c56d0c02ce05c695ea52935ceb8d74da8d3bb51759e41a06bd0b419,none,none,none,none,evidence,revision_B_base,revision_B_base,5,200000.0,xlarge,45.0,80.0,5.0,0.5,1.0
14,47,dynamic_3step,0.5,0.8,10000.0,0.3794485032779404,6285.097705820366,0.38010031241127645,11.166632798211745,0.9104474895816272,14763,8341,8342,8347,8348,200012.25732430723,480.330495883245,4409,"[[543812.6614050624,5610104.11974286],[543785.6925003172,5610197.808644239],[543872.5420661162,5610179.1081233],[543845.5673298618,5610278.960504458],[543774.9387769155,5610187.3256883845]]",42c86ec7e3b2d82e7647e432d1a4c7d4d0002af7ad485a3e80ea885420de1988,49f2c210ea8f9df00b5f8999082a8ee24308824f6b3a59075db284b9c6f19feb,none,stationary,matched_prior_exact,1,0,"{""p_d"":0.8,""stage"":""c5-generalization"",""tau"":10000.0,""w"":0.5}",eeba6ec6b36996a8c22ff4c80fa204cd0d918597f69b98666fd42b58b41ef8c4,flat,temperate,199967,11.471581042823669,revision_C_base@2ce3a901fecb,2ce3a901fecb5ddde502d0a5eeffb8f48d73c5fd,fab97b80b871eeeac68aa1d75a33173cb368895f3e96803690e3cbc0acb1147d,c5-generalization_20260827_181139_043334_662411fc,662411fc2c56d0c02ce05c695ea52935ceb8d74da8d3bb51759e41a06bd0b419,none,none,none,none,evidence,revision_B_base,revision_B_base,5,200000.0,xlarge,45.0,80.0,5.0,0.5,1.0
14,51,online_static_3step,0.5,0.8,10000.0,0.1560663231373377,7239.399959441336,0.15636760594365,47.28780345130155,0.9788528980621857,3419,8247,8248,8338,8339,200009.40705349256,382.32313966052607,3880,"[[543868.9663139884,5610171.2099483935],[543815.6768146467,5610237.978747539],[543827.6296221197,5610145.466045567],[543846.4929318455,5610110.416776424],[543755.3021419623,5610223.917110535]]",de65ae70a7bd8ed205f7ce13a883c9352c282af51785eff7b55d5ae0612423f3,cfa36be211b0b93e3034f8c28a4b80f4b4ce2961906e69b440ecc63b227d3a9c,none,stationary,matched_prior_exact,1,0,"{""p_d"":0.8,""stage"":""c5-generalization"",""tau"":10000.0,""w"":0.5}",eeba6ec6b36996a8c22ff4c80fa204cd0d918597f69b98666fd42b58b41ef8c4,flat,temperate,199967,11.471581042823669,revision_C_base@2ce3a901fecb,2ce3a901fecb5ddde502d0a5eeffb8f48d73c5fd,fab97b80b871eeeac68aa1d75a33173cb368895f3e96803690e3cbc0acb1147d,c5-generalization_20260827_181139_043334_662411fc,662411fc2c56d0c02ce05c695ea52935ceb8d74da8d3bb51759e41a06bd0b419,none,none,none,none,evidence,revision_B_base,revision_B_base,5,200000.0,xlarge,45.0,80.0,5.0,0.5,1.0
14,51,dynamic_3step,0.5,0.8,10000.0,0.3506759363767382,6398.983953030731,0.35104932584751397,14.02059574468085,0.928676354542254,11750,8338,8339,8338,8339,200024.79228612664,374.39391013863496,3430,"[[543868.9663139884,5610171.2099483935],[543815.6768146467,5610237.978747539],[543827.6296221197,5610145.466045567],[543846.4929318455,5610110.416776424],[543755.3021419623,5610223.917110535]]",de65ae70a7bd8ed205f7ce13a883c9352c282af51785eff7b55d5ae0612423f3,e58fc26b78ba5c87fb9eebe4bca095f59d4c1837908d3b831a53ebdda7c809f3,none,stationary,matched_prior_exact,1,0,"{""p_d"":0.8,""stage"":""c5-generalization"",""tau"":10000.0,""w"":0.5}",eeba6ec6b36996a8c22ff4c80fa204cd0d918597f69b98666fd42b58b41ef8c4,flat,temperate,199967,11.471581042823669,revision_C_base@2ce3a901fecb,2ce3a901fecb5ddde502d0a5eeffb8f48d73c5fd,fab97b80b871eeeac68aa1d75a33173cb368895f3e96803690e3cbc0acb1147d,c5-generalization_20260827_181139_043334_662411fc,662411fc2c56d0c02ce05c695ea52935ceb8d74da8d3bb51759e41a06bd0b419,none,none,none,none,evidence,revision_B_base,revision_B_base,5,200000.0,xlarge,45.0,80.0,5.0,0.5,1.0
14,49,online_static_3step,0.5,0.8,10000.0,0.21098884769813472,7063.9659783832685,0.21138816626339993,30.11037037037037,0.9667888508942409,5400,8274,8275,8341,8342,200015.46595846314,452.4730189717375,4609,"[[543766.9800948395,5610249.274158758],[543755.667921211,5610240.409625839],[543810.6290642939,5610181.144971715],[543833.5679218294,5610092.394218706],[543783.7718913326,5610188.869734313]]",29b71c976a0e2dfe1c91afa74cecacc9128585608ae29168b9071393abf126ed,65b1612731d06566487f61917e2b7a64fe3f75a50f53a86d9bbaf5e210933371,none,stationary,matched_prior_exact,1,0,"{""p_d"":0.8,""stage"":""c5-generalization"",""tau"":10000.0,""w"":0.5}",eeba6ec6b36996a8c22ff4c80fa204cd0d918597f69b98666fd42b58b41ef8c4,flat,temperate,199967,11.471581042823669,revision_C_base@2ce3a901fecb,2ce3a901fecb5ddde502d0a5eeffb8f48d73c5fd,fab97b80b871eeeac68aa1d75a33173cb368895f3e96803690e3cbc0acb1147d,c5-generalization_20260827_181139_043334_662411fc,662411fc2c56d0c02ce05c695ea52935ceb8d74da8d3bb51759e41a06bd0b419,none,none,none,none,evidence,revision_B_base,revision_B_base,5,200000.0,xlarge,45.0,80.0,5.0,0.5,1.0
14,49,dynamic_3step,0.5,0.8,10000.0,0.38829597792230436,6396.588334367508,0.3889191586749276,11.357423355149844,0.911951860142066,14515,8341,8342,8341,8342,200020.2040176639,483.26815320691094,4506,"[[543766.9800948395,5610249.274158758],[543755.667921211,5610240.409625839],[543810.6290642939,5610181.144971715],[543833.5679218294,5610092.394218706],[543783.7718913326,5610188.869734313]]",29b71c976a0e2dfe1c91afa74cecacc9128585608ae29168b9071393abf126ed,faf41b3d0cad06e04388213150b5b6fdd32e7a0606a1a54156ae0bcb29abee05,none,stationary,matched_prior_exact,1,0,"{""p_d"":0.8,""stage"":""c5-generalization"",""tau"":10000.0,""w"":0.5}",eeba6ec6b36996a8c22ff4c80fa204cd0d918597f69b98666fd42b58b41ef8c4,flat,temperate,199967,11.471581042823669,revision_C_base@2ce3a901fecb,2ce3a901fecb5ddde502d0a5eeffb8f48d73c5fd,fab97b80b871eeeac68aa1d75a33173cb368895f3e96803690e3cbc0acb1147d,c5-generalization_20260827_181139_043334_662411fc,662411fc2c56d0c02ce05c695ea52935ceb8d74da8d3bb51759e41a06bd0b419,none,none,none,none,evidence,revision_B_base,revision_B_base,5,200000.0,xlarge,45.0,80.0,5.0,0.5,1.0
14,50,online_static_3step,0.5,0.8,10000.0,0.22909481857110348,6928.6718315685,0.2295199469160724,24.835527311242245,0.9597351009516383,6609,8320,8321,8342,8343,200017.6456817987,456.4248953612987,4612,"[[543838.4029028432,5610102.02564078],[543722.9033095205,5610161.568090317],[543823.7774754906,5610270.9751740135],[543885.5330848731,5610220.43214909],[543774.9642449076,5610220.5105682695]]",e26e00475562478023bb8ed6b053d3653f8b7de6b7ab5f4cee035b8da37839eb,90d4ed21a26f8099a3d3a8225bfc9317deb5944e57ee68d5cf6d4f80f5566314,none,stationary,matched_prior_exact,1,0,"{""p_d"":0.8,""stage"":""c5-generalization"",""tau"":10000.0,""w"":0.5}",eeba6ec6b36996a8c22ff4c80fa204cd0d918597f69b98666fd42b58b41ef8c4,flat,temperate,199967,11.471581042823669,revision_C_base@2ce3a901fecb,2ce3a901fecb5ddde502d0a5eeffb8f48d73c5fd,fab97b80b871eeeac68aa1d75a33173cb368895f3e96803690e3cbc0acb1147d,c5-generalization_20260827_181139_043334_662411fc,662411fc2c56d0c02ce05c695ea52935ceb8d74da8d3bb51759e41a06bd0b419,none,none,none,none,evidence,revision_B_base,revision_B_base,5,200000.0,xlarge,45.0,80.0,5.0,0.5,1.0
14,50,dynamic_3step,0.5,0.8,10000.0,0.37886503047445863,6326.619682614553,0.37954834825835476,10.806212726915263,0.9074606409043495,15259,8342,8343,8342,8343,200003.06459582908,481.83649553800933,4497,"[[543838.4029028432,5610102.02564078],[543722.9033095205,5610161.568090317],[543823.7774754906,5610270.9751740135],[543885.5330848731,5610220.43214909],[543774.9642449076,5610220.5105682695]]",e26e00475562478023bb8ed6b053d3653f8b7de6b7ab5f4cee035b8da37839eb,5a30c5c0192d9a442208f56ce1a5658ebcdab3d5c8275ca8cac44745f3c39379,none,stationary,matched_prior_exact,1,0,"{""p_d"":0.8,""stage"":""c5-generalization"",""tau"":10000.0,""w"":0.5}",eeba6ec6b36996a8c22ff4c80fa204cd0d918597f69b98666fd42b58b41ef8c4,flat,temperate,199967,11.471581042823669,revision_C_base@2ce3a901fecb,2ce3a901fecb5ddde502d0a5eeffb8f48d73c5fd,fab97b80b871eeeac68aa1d75a33173cb368895f3e96803690e3cbc0acb1147d,c5-generalization_20260827_181139_043334_662411fc,662411fc2c56d0c02ce05c695ea52935ceb8d74da8d3bb51759e41a06bd0b419,none,none,none,none,evidence,revision_B_base,revision_B_base,5,200000.0,xlarge,45.0,80.0,5.0,0.5,1.0
15,42,online_static_3step,0.5,0.8,10000.0,0.0889796877277283,7651.025637083649,0.08928884815492587,156.45210727969348,0.9936082676201204,1044,8296,8297,8359,8360,200002.22596944298,344.73725876188837,3648,"[[630118.3310344622,4856640.944718049],[630161.0584515693,4856641.632680734],[630190.3765937035,4856761.539559588],[630114.5975077761,4856618.000383661],[630154.9140939368,4856754.817305636]]",0950860b4cb66025e4cf1bbb78c57c0a8ad375cba90872b1c964b7f1335b5157,9d7706059b4e9a4ccae7c9b4211c80dfaecf4ea469386264a45d8cb64d14a37f,none,stationary,matched_prior_exact,1,0,"{""p_d"":0.8,""stage"":""c5-generalization"",""tau"":10000.0,""w"":0.5}",eeba6ec6b36996a8c22ff4c80fa204cd0d918597f69b98666fd42b58b41ef8c4,flat,temperate,184533,11.320356480961077,revision_C_base@2ce3a901fecb,2ce3a901fecb5ddde502d0a5eeffb8f48d73c5fd,fab97b80b871eeeac68aa1d75a33173cb368895f3e96803690e3cbc0acb1147d,c5-generalization_20260827_181139_043334_662411fc,662411fc2c56d0c02ce05c695ea52935ceb8d74da8d3bb51759e41a06bd0b419,none,none,none,none,evidence,revision_B_base,revision_B_base,5,200000.0,xlarge,45.0,80.0,5.0,0.5,1.0
15,42,dynamic_3step,0.5,0.8,10000.0,0.40204292201688874,6186.334058195227,0.40278704455050496,13.722093216122076,0.9271248209547869,12058,8359,8360,8359,8360,200004.64615417793,374.25554691650905,3442,"[[630118.3310344622,4856640.944718049],[630161.0584515693,4856641.632680734],[630190.3765937035,4856761.539559588],[630114.5975077761,4856618.000383661],[630154.9140939368,4856754.817305636]]",0950860b4cb66025e4cf1bbb78c57c0a8ad375cba90872b1c964b7f1335b5157,e903810039a6ef0e47db70938ccac38add9d868afb89e2f7e0072f590844d05f,none,stationary,matched_prior_exact,1,0,"{""p_d"":0.8,""stage"":""c5-generalization"",""tau"":10000.0,""w"":0.5}",eeba6ec6b36996a8c22ff4c80fa204cd0d918597f69b98666fd42b58b41ef8c4,flat,temperate,184533,11.320356480961077,revision_C_base@2ce3a901fecb,2ce3a901fecb5ddde502d0a5eeffb8f48d73c5fd,fab97b80b871eeeac68aa1d75a33173cb368895f3e96803690e3cbc0acb1147d,c5-generalization_20260827_181139_043334_662411fc,662411fc2c56d0c02ce05c695ea52935ceb8d74da8d3bb51759e41a06bd0b419,none,none,none,none,evidence,revision_B_base,revision_B_base,5,200000.0,xlarge,45.0,80.0,5.0,0.5,1.0
15,43,online_static_3step,0.5,0.8,10000.0,0.05524906172849569,7901.4349245969515,0.055407474778991654,274.3385689354276,0.9963548690806382,573,8114,8115,8347,8348,200012.95674454054,341.8265918032266,3639,"[[630096.3448333606,4856689.340973219],[630199.2810418864,4856717.942057775],[630067.9237712366,4856681.76623503],[630108.9752520252,4856655.095854263],[630049.5497164415,4856738.80576758]]",37ffc23b96bbdbb178ca972d64dafe1344a7a2697c8d55c6d7c2f1d5732c880c,df911b4ecbcb2a08b5434306ca139484effe426ddb8303f532b18cec7210585f,none,stationary,matched_prior_exact,1,0,"{""p_d"":0.8,""stage"":""c5-generalization"",""tau"":10000.0,""w"":0.5}",eeba6ec6b36996a8c22ff4c80fa204cd0d918597f69b98666fd42b58b41ef8c4,flat,temperate,184533,11.320356480961077,revision_C_base@2ce3a901fecb,2ce3a901fecb5ddde502d0a5eeffb8f48d73c5fd,fab97b80b871eeeac68aa1d75a33173cb368895f3e96803690e3cbc0acb1147d,c5-generalization_20260827_181139_043334_662411fc,662411fc2c56d0c02ce05c695ea52935ceb8d74da8d3bb51759e41a06bd0b419,none,none,none,none,evidence,revision_B_base,revision_B_base,5,200000.0,xlarge,45.0,80.0,5.0,0.5,1.0
15,43,dynamic_3step,0.5,0.8,10000.0,0.41315805673595923,6117.106445734258,0.41397186351745513,12.134465519776503,0.9175901074200409,13602,8347,8348,8347,8348,200011.34190021193,457.49225873616524,4278,"[[630096.3448333606,4856689.340973219],[630199.2810418864,4856717.942057775],[630067.9237712366,4856681.76623503],[630108.9752520252,4856655.095854263],[630049.5497164415,4856738.80576758]]",37ffc23b96bbdbb178ca972d64dafe1344a7a2697c8d55c6d7c2f1d5732c880c,ee47aec8a4524b8d44b095844b115526b77b99d7488efec1e92ef9cbbc49a6bf,none,stationary,matched_prior_exact,1,0,"{""p_d"":0.8,""stage"":""c5-generalization"",""tau"":10000.0,""w"":0.5}",eeba6ec6b36996a8c22ff4c80fa204cd0d918597f69b98666fd42b58b41ef8c4,flat,temperate,184533,11.320356480961077,revision_C_base@2ce3a901fecb,2ce3a901fecb5ddde502d0a5eeffb8f48d73c5fd,fab97b80b871eeeac68aa1d75a33173cb368895f3e96803690e3cbc0acb1147d,c5-generalization_20260827_181139_043334_662411fc,662411fc2c56d0c02ce05c695ea52935ceb8d74da8d3bb51759e41a06bd0b419,none,none,none,none,evidence,revision_B_base,revision_B_base,5,200000.0,xlarge,45.0,80.0,5.0,0.5,1.0
15,44,online_static_3step,0.5,0.8,10000.0,0.10611300454853641,7514.890488073427,0.10656437226279593,121.41263940520446,0.9917636252296387,1345,8295,8296,8355,8356,200007.91662275326,473.53189219906926,5005,"[[630144.866720563,4856741.8143124515],[630026.7062610753,4856761.384116285],[630156.8658950212,4856785.334010975],[630138.6021828873,4856756.115147582],[630073.9518567346,4856635.882427599]]",74faaaefe1e35cb7680fa7d8f5d4803a5e7537cde223c3675a97a449c5a5217a,f2bbcec06e0f0454b981bb658a8bd5c352dd348fb60f4585e4afeb583e597f26,none,stationary,matched_prior_exact,1,0,"{""p_d"":0.8,""stage"":""c5-generalization"",""tau"":10000.0,""w"":0.5}",eeba6ec6b36996a8c22ff4c80fa204cd0d918597f69b98666fd42b58b41ef8c4,flat,temperate,184533,11.320356480961077,revision_C_base@2ce3a901fecb,2ce3a901fecb5ddde502d0a5eeffb8f48d73c5fd,fab97b80b871eeeac68aa1d75a33173cb368895f3e96803690e3cbc0acb1147d,c5-generalization_20260827_181139_043334_662411fc,662411fc2c56d0c02ce05c695ea52935ceb8d74da8d3bb51759e41a06bd0b419,none,none,none,none,evidence,revision_B_base,revision_B_base,5,200000.0,xlarge,45.0,80.0,5.0,0.5,1.0
15,44,dynamic_3step,0.5,0.8,10000.0,0.4098524123338433,6217.524809122685,0.4108772577624648,12.001016260162602,0.9166737234312812,13776,8355,8356,8355,8356,200004.93823534733,484.42448284942657,4462,"[[630144.866720563,4856741.8143124515],[630026.7062610753,4856761.384116285],[630156.8658950212,4856785.334010975],[630138.6021828873,4856756.115147582],[630073.9518567346,4856635.882427599]]",74faaaefe1e35cb7680fa7d8f5d4803a5e7537cde223c3675a97a449c5a5217a,62fd63402d4d7e3c05c743ec33e319c9a7fc7ec14108fd43b0fa16f9d34d1ae3,none,stationary,matched_prior_exact,1,0,"{""p_d"":0.8,""stage"":""c5-generalization"",""tau"":10000.0,""w"":0.5}",eeba6ec6b36996a8c22ff4c80fa204cd0d918597f69b98666fd42b58b41ef8c4,flat,temperate,184533,11.320356480961077,revision_C_base@2ce3a901fecb,2ce3a901fecb5ddde502d0a5eeffb8f48d73c5fd,fab97b80b871eeeac68aa1d75a33173cb368895f3e96803690e3cbc0acb1147d,c5-generalization_20260827_181139_043334_662411fc,662411fc2c56d0c02ce05c695ea52935ceb8d74da8d3bb51759e41a06bd0b419,none,none,none,none,evidence,revision_B_base,revision_B_base,5,200000.0,xlarge,45.0,80.0,5.0,0.5,1.0
15,45,online_static_3step,0.5,0.8,10000.0,0.053118303311495585,7920.98373193792,0.053242680453507205,269.23539518900344,0.9962857781039599,582,8099,8100,8346,8347,200002.4705625036,509.13716065790504,5337,"[[630043.2399689436,4856674.202695231],[630116.1146123528,4856616.680734889],[630020.2990375529,4856700.7737208195],[630130.4304004281,4856632.5376878455],[630039.6149562101,4856750.960933785]]",37c2b191131534ff0a94f6afaa1c896b7ebb0dcb5a71dd2b93b6b3370ef43760,484b1cf646c1ad8bcf0fb0da368012703e8edd6f4b3b3d2775aa3544ced8b0ac,none,stationary,matched_prior_exact,1,0,"{""p_d"":0.8,""stage"":""c5-generalization"",""tau"":10000.0,""w"":0.5}",eeba6ec6b36996a8c22ff4c80fa204cd0d918597f69b98666fd42b58b41ef8c4,flat,temperate,184533,11.320356480961077,revision_C_base@2ce3a901fecb,2ce3a901fecb5ddde502d0a5eeffb8f48d73c5fd,fab97b80b871eeeac68aa1d75a33173cb368895f3e96803690e3cbc0acb1147d,c5-generalization_20260827_181139_043334_662411fc,662411fc2c56d0c02ce05c695ea52935ceb8d74da8d3bb51759e41a06bd0b419,none,none,none,none,evidence,revision_B_base,revision_B_base,5,200000.0,xlarge,45.0,80.0,5.0,0.5,1.0
15,45,dynamic_3step,0.5,0.8,10000.0,0.4184918219505363,6131.118506419031,0.41944293396251,12.03712618526623,0.9169236921995528,13710,8346,8347,8346,8347,200003.42064574297,418.15946259186603,3823,"[[630043.2399689436,4856674.202695231],[630116.1146123528,4856616.680734889],[630020.2990375529,4856700.7737208195],[630130.4304004281,4856632.5376878455],[630039.6149562101,4856750.960933785]]",37c2b191131534ff0a94f6afaa1c896b7ebb0dcb5a71dd2b93b6b3370ef43760,83d456df3b6f7d4004104fea4bad64209e98953fd77834d2b83567a62e9b84d0,none,stationary,matched_prior_exact,1,0,"{""p_d"":0.8,""stage"":""c5-generalization"",""tau"":10000.0,""w"":0.5}",eeba6ec6b36996a8c22ff4c80fa204cd0d918597f69b98666fd42b58b41ef8c4,flat,temperate,184533,11.320356480961077,revision_C_base@2ce3a901fecb,2ce3a901fecb5ddde502d0a5eeffb8f48d73c5fd,fab97b80b871eeeac68aa1d75a33173cb368895f3e96803690e3cbc0acb1147d,c5-generalization_20260827_181139_043334_662411fc,662411fc2c56d0c02ce05c695ea52935ceb8d74da8d3bb51759e41a06bd0b419,none,none,none,none,evidence,revision_B_base,revision_B_base,5,200000.0,xlarge,45.0,80.0,5.0,0.5,1.0
15,47,online_static_3step,0.5,0.8,10000.0,0.0923849116788781,7620.904800955759,0.09267100121417274,149.81559633027524,0.9933251275268067,1090,8295,8296,8350,8351,200011.02580853686,394.7280713727232,4097,"[[630103.9272106484,4856619.744609402],[630076.9583059032,4856713.43351078],[630163.8078717022,4856694.732989841],[630136.8331354478,4856794.585371],[630066.2045825016,4856702.950554926]]",1b47c21762f465594a7a28f9f1099af367323019d8a974ca3d55a90966532b2c,e76a15b3275a6a34c7218042ccbf43864ad23901c67ad1a9da0a7584d10235c2,none,stationary,matched_prior_exact,1,0,"{""p_d"":0.8,""stage"":""c5-generalization"",""tau"":10000.0,""w"":0.5}",eeba6ec6b36996a8c22ff4c80fa204cd0d918597f69b98666fd42b58b41ef8c4,flat,temperate,184533,11.320356480961077,revision_C_base@2ce3a901fecb,2ce3a901fecb5ddde502d0a5eeffb8f48d73c5fd,fab97b80b871eeeac68aa1d75a33173cb368895f3e96803690e3cbc0acb1147d,c5-generalization_20260827_181139_043334_662411fc,662411fc2c56d0c02ce05c695ea52935ceb8d74da8d3bb51759e41a06bd0b419,none,none,none,none,evidence,revision_B_base,revision_B_base,5,200000.0,xlarge,45.0,80.0,5.0,0.5,1.0
15,47,dynamic_3step,0.5,0.8,10000.0,0.41668700652283397,6094.0995574137705,0.4175708605306163,11.867418798505318,0.9157356779111943,13916,8350,8351,8350,8351,200024.59504323208,409.33924181130715,3791,"[[630103.9272106484,4856619.744609402],[630076.9583059032,4856713.43351078],[630163.8078717022,4856694.732989841],[630136.8331354478,4856794.585371],[630066.2045825016,4856702.950554926]]",1b47c21762f465594a7a28f9f1099af367323019d8a974ca3d55a90966532b2c,46cb97067bf101ca92a78d136665bdb719ad0e7efca97755d0eda8185e9c9d05,none,stationary,matched_prior_exact,1,0,"{""p_d"":0.8,""stage"":""c5-generalization"",""tau"":10000.0,""w"":0.5}",eeba6ec6b36996a8c22ff4c80fa204cd0d918597f69b98666fd42b58b41ef8c4,flat,temperate,184533,11.320356480961077,revision_C_base@2ce3a901fecb,2ce3a901fecb5ddde502d0a5eeffb8f48d73c5fd,fab97b80b871eeeac68aa1d75a33173cb368895f3e96803690e3cbc0acb1147d,c5-generalization_20260827_181139_043334_662411fc,662411fc2c56d0c02ce05c695ea52935ceb8d74da8d3bb51759e41a06bd0b419,none,none,none,none,evidence,revision_B_base,revision_B_base,5,200000.0,xlarge,45.0,80.0,5.0,0.5,1.0
15,48,online_static_3step,0.5,0.8,10000.0,0.05062871126557392,7939.802241238255,0.05078282542116295,282.956678700361,0.996465890098113,554,8101,8102,8347,8348,200000.80841758937,384.5031588820275,4037,"[[630049.6411129022,4856756.498352627],[630025.373911537,4856699.226423524],[630054.9751058612,4856630.435211159],[630047.0082504859,4856667.569981004],[630114.6395626046,4856660.985400114]]",c012fa47d7c55485885993a4cff6e6e45b9006603d5ea1d8591b9fb90cdd5c37,10adbda692276a92f4bf50db06dec8b95ea978f3d220e32e07dcf3839821039c,none,stationary,matched_prior_exact,1,0,"{""p_d"":0.8,""stage"":""c5-generalization"",""tau"":10000.0,""w"":0.5}",eeba6ec6b36996a8c22ff4c80fa204cd0d918597f69b98666fd42b58b41ef8c4,flat,temperate,184533,11.320356480961077,revision_C_base@2ce3a901fecb,2ce3a901fecb5ddde502d0a5eeffb8f48d73c5fd,fab97b80b871eeeac68aa1d75a33173cb368895f3e96803690e3cbc0acb1147d,c5-generalization_20260827_181139_043334_662411fc,662411fc2c56d0c02ce05c695ea52935ceb8d74da8d3bb51759e41a06bd0b419,none,none,none,none,evidence,revision_B_base,revision_B_base,5,200000.0,xlarge,45.0,80.0,5.0,0.5,1.0
15,48,dynamic_3step,0.5,0.8,10000.0,0.3797118583140544,6248.037035305379,0.3807099663536925,11.237557023217812,0.9110126873720054,14687,8347,8348,8347,8348,200020.28215470535,465.7945821583271,4248,"[[630049.6411129022,4856756.498352627],[630025.373911537,4856699.226423524],[630054.9751058612,4856630.435211159],[630047.0082504859,4856667.569981004],[630114.6395626046,4856660.985400114]]",c012fa47d7c55485885993a4cff6e6e45b9006603d5ea1d8591b9fb90cdd5c37,d3ed18456e1d1550ddd6d54daad7a2379932ea4f1059b3bf342e9df4cf68d44a,none,stationary,matched_prior_exact,1,0,"{""p_d"":0.8,""stage"":""c5-generalization"",""tau"":10000.0,""w"":0.5}",eeba6ec6b36996a8c22ff4c80fa204cd0d918597f69b98666fd42b58b41ef8c4,flat,temperate,184533,11.320356480961077,revision_C_base@2ce3a901fecb,2ce3a901fecb5ddde502d0a5eeffb8f48d73c5fd,fab97b80b871eeeac68aa1d75a33173cb368895f3e96803690e3cbc0acb1147d,c5-generalization_20260827_181139_043334_662411fc,662411fc2c56d0c02ce05c695ea52935ceb8d74da8d3bb51759e41a06bd0b419,none,none,none,none,evidence,revision_B_base,revision_B_base,5,200000.0,xlarge,45.0,80.0,5.0,0.5,1.0
15,46,online_static_3step,0.5,0.8,10000.0,0.09372632806084344,7605.83717837849,0.09410388588330751,143.89407540394973,0.9930504435488902,1114,8206,8207,8349,8350,200002.8769465878,469.91024858434685,4947,"[[630131.4404609599,4856690.91081218],[630097.2516569616,4856784.509477039],[630135.0743700666,4856694.705365712],[630047.8013100857,4856642.538318232],[630022.104193536,4856700.228252902]]",93b79526ab2342a47ccb12376afddce47c631a86cc65c868bb4fca7934a32976,dbc2c8106e31d92bb96baca17ee24827089f649843a1783d7cc79b9a1bfc6cf2,none,stationary,matched_prior_exact,1,0,"{""p_d"":0.8,""stage"":""c5-generalization"",""tau"":10000.0,""w"":0.5}",eeba6ec6b36996a8c22ff4c80fa204cd0d918597f69b98666fd42b58b41ef8c4,flat,temperate,184533,11.320356480961077,revision_C_base@2ce3a901fecb,2ce3a901fecb5ddde502d0a5eeffb8f48d73c5fd,fab97b80b871eeeac68aa1d75a33173cb368895f3e96803690e3cbc0acb1147d,c5-generalization_20260827_181139_043334_662411fc,662411fc2c56d0c02ce05c695ea52935ceb8d74da8d3bb51759e41a06bd0b419,none,none,none,none,evidence,revision_B_base,revision_B_base,5,200000.0,xlarge,45.0,80.0,5.0,0.5,1.0
15,46,dynamic_3step,0.5,0.8,10000.0,0.4169072217244738,6149.318627602441,0.41790324837015524,11.506759581881534,0.9130945603856543,14350,8349,8350,8349,8350,200008.30327649837,479.2540012476966,4419,"[[630131.4404609599,4856690.91081218],[630097.2516569616,4856784.509477039],[630135.0743700666,4856694.705365712],[630047.8013100857,4856642.538318232],[630022.104193536,4856700.228252902]]",93b79526ab2342a47ccb12376afddce47c631a86cc65c868bb4fca7934a32976,e15cb33a8a0a30d01be8d7859df5211dab8106d141bb4ecdc2f86e8406ef3ec5,none,stationary,matched_prior_exact,1,0,"{""p_d"":0.8,""stage"":""c5-generalization"",""tau"":10000.0,""w"":0.5}",eeba6ec6b36996a8c22ff4c80fa204cd0d918597f69b98666fd42b58b41ef8c4,flat,temperate,184533,11.320356480961077,revision_C_base@2ce3a901fecb,2ce3a901fecb5ddde502d0a5eeffb8f48d73c5fd,fab97b80b871eeeac68aa1d75a33173cb368895f3e96803690e3cbc0acb1147d,c5-generalization_20260827_181139_043334_662411fc,662411fc2c56d0c02ce05c695ea52935ceb8d74da8d3bb51759e41a06bd0b419,none,none,none,none,evidence,revision_B_base,revision_B_base,5,200000.0,xlarge,45.0,80.0,5.0,0.5,1.0
15,51,online_static_3step,0.5,0.8,10000.0,0.09210487852514333,7620.016767454287,0.09252561439664696,149.3716894977169,0.993305290960003,1095,8303,8304,8352,8353,200023.64640555496,358.42514767847024,3739,"[[630160.2321195744,4856686.834814935],[630106.9426202327,4856753.603614081],[630118.8954277057,4856661.090912108],[630137.7587374315,4856626.041642966],[630046.5679475483,4856739.541977077]]",91accd1f1f3cff0851b68f250b934103d3da159bf8e91e81729ea782fd95aa4b,08519dc6d36be91371665f44e2e709c3abcff9e6a6ea4f6e32259c7c0181d2c8,none,stationary,matched_prior_exact,1,0,"{""p_d"":0.8,""stage"":""c5-generalization"",""tau"":10000.0,""w"":0.5}",eeba6ec6b36996a8c22ff4c80fa204cd0d918597f69b98666fd42b58b41ef8c4,flat,temperate,184533,11.320356480961077,revision_C_base@2ce3a901fecb,2ce3a901fecb5ddde502d0a5eeffb8f48d73c5fd,fab97b80b871eeeac68aa1d75a33173cb368895f3e96803690e3cbc0acb1147d,c5-generalization_20260827_181139_043334_662411fc,662411fc2c56d0c02ce05c695ea52935ceb8d74da8d3bb51759e41a06bd0b419,none,none,none,none,evidence,revision_B_base,revision_B_base,5,200000.0,xlarge,45.0,80.0,5.0,0.5,1.0
15,51,dynamic_3step,0.5,0.8,10000.0,0.4011083619866801,6175.889616815468,0.4019666208086245,12.593216463414635,0.9205921693710925,13120,8352,8353,8352,8353,200010.74811044833,424.60510296584107,3797,"[[630160.2321195744,4856686.834814935],[630106.9426202327,4856753.603614081],[630118.8954277057,4856661.090912108],[630137.7587374315,4856626.041642966],[630046.5679475483,4856739.541977077]]",91accd1f1f3cff0851b68f250b934103d3da159bf8e91e81729ea782fd95aa4b,4f82ea56c4ea4569af47bb4ff6c135c748e7745156f1d4c987207570fe86069b,none,stationary,matched_prior_exact,1,0,"{""p_d"":0.8,""stage"":""c5-generalization"",""tau"":10000.0,""w"":0.5}",eeba6ec6b36996a8c22ff4c80fa204cd0d918597f69b98666fd42b58b41ef8c4,flat,temperate,184533,11.320356480961077,revision_C_base@2ce3a901fecb,2ce3a901fecb5ddde502d0a5eeffb8f48d73c5fd,fab97b80b871eeeac68aa1d75a33173cb368895f3e96803690e3cbc0acb1147d,c5-generalization_20260827_181139_043334_662411fc,662411fc2c56d0c02ce05c695ea52935ceb8d74da8d3bb51759e41a06bd0b419,none,none,none,none,evidence,revision_B_base,revision_B_base,5,200000.0,xlarge,45.0,80.0,5.0,0.5,1.0
15,49,online_static_3step,0.5,0.8,10000.0,0.049761817942437093,7945.119361106117,0.04987138699000348,284.7097966728281,0.9964876515958138,541,8020,8021,8350,8351,200011.946614874,503.3805876853876,5263,"[[630058.2459004255,4856764.8990253],[630046.933726797,4856756.034492381],[630101.8948698799,4856696.769838257],[630124.8337274154,4856608.019085247],[630075.0376969186,4856704.494600855]]",8bffc58b0ffebb7273eaef1498ea17c2b3c1871c5deb17dac00eac72d8ad1ef3,e6a94235585a6889c7d5a62e17179e2bfebcfe7d8e6d1be647debd0fc86417b7,none,stationary,matched_prior_exact,1,0,"{""p_d"":0.8,""stage"":""c5-generalization"",""tau"":10000.0,""w"":0.5}",eeba6ec6b36996a8c22ff4c80fa204cd0d918597f69b98666fd42b58b41ef8c4,flat,temperate,184533,11.320356480961077,revision_C_base@2ce3a901fecb,2ce3a901fecb5ddde502d0a5eeffb8f48d73c5fd,fab97b80b871eeeac68aa1d75a33173cb368895f3e96803690e3cbc0acb1147d,c5-generalization_20260827_181139_043334_662411fc,662411fc2c56d0c02ce05c695ea52935ceb8d74da8d3bb51759e41a06bd0b419,none,none,none,none,evidence,revision_B_base,revision_B_base,5,200000.0,xlarge,45.0,80.0,5.0,0.5,1.0
15,49,dynamic_3step,0.5,0.8,10000.0,0.41369001687002305,6149.437760257646,0.4146599454157806,11.9405002891845,0.916251415285691,13832,8350,8351,8350,8351,200013.58063604328,492.8859875060152,4404,"[[630058.2459004255,4856764.8990253],[630046.933726797,4856756.034492381],[630101.8948698799,4856696.769838257],[630124.8337274154,4856608.019085247],[630075.0376969186,4856704.494600855]]",8bffc58b0ffebb7273eaef1498ea17c2b3c1871c5deb17dac00eac72d8ad1ef3,3f16632c176be23ee0685a971f693a03af5b4ca2bf17afacab7164d246766cfd,none,stationary,matched_prior_exact,1,0,"{""p_d"":0.8,""stage"":""c5-generalization"",""tau"":10000.0,""w"":0.5}",eeba6ec6b36996a8c22ff4c80fa204cd0d918597f69b98666fd42b58b41ef8c4,flat,temperate,184533,11.320356480961077,revision_C_base@2ce3a901fecb,2ce3a901fecb5ddde502d0a5eeffb8f48d73c5fd,fab97b80b871eeeac68aa1d75a33173cb368895f3e96803690e3cbc0acb1147d,c5-generalization_20260827_181139_043334_662411fc,662411fc2c56d0c02ce05c695ea52935ceb8d74da8d3bb51759e41a06bd0b419,none,none,none,none,evidence,revision_B_base,revision_B_base,5,200000.0,xlarge,45.0,80.0,5.0,0.5,1.0
15,50,online_static_3step,0.5,0.8,10000.0,0.08802070226157266,7653.030366491823,0.08834832867854261,155.05029013539652,0.9935504796596849,1034,8207,8208,8354,8355,200024.951448885,404.2713124754373,4179,"[[630129.6687084292,4856617.650507322],[630014.1691151065,4856677.192956858],[630115.0432810766,4856786.600040555],[630176.7988904591,4856736.057015631],[630066.2300504936,4856736.135434811]]",6704fde7839051e72a9f3213e4780a81a3a2f1e25642cbbf98807db544e27862,c54af201354da33f56f4b67ab4d55e0051e2323045e69effcb4cba757812483a,none,stationary,matched_prior_exact,1,0,"{""p_d"":0.8,""stage"":""c5-generalization"",""tau"":10000.0,""w"":0.5}",eeba6ec6b36996a8c22ff4c80fa204cd0d918597f69b98666fd42b58b41ef8c4,flat,temperate,184533,11.320356480961077,revision_C_base@2ce3a901fecb,2ce3a901fecb5ddde502d0a5eeffb8f48d73c5fd,fab97b80b871eeeac68aa1d75a33173cb368895f3e96803690e3cbc0acb1147d,c5-generalization_20260827_181139_043334_662411fc,662411fc2c56d0c02ce05c695ea52935ceb8d74da8d3bb51759e41a06bd0b419,none,none,none,none,evidence,revision_B_base,revision_B_base,5,200000.0,xlarge,45.0,80.0,5.0,0.5,1.0
15,50,dynamic_3step,0.5,0.8,10000.0,0.3999767441849286,6158.584893865223,0.4008385439602159,12.24868469803631,0.9183585809698964,13495,8354,8355,8354,8355,200001.69812233915,503.87578173400834,4439,"[[630129.6687084292,4856617.650507322],[630014.1691151065,4856677.192956858],[630115.0432810766,4856786.600040555],[630176.7988904591,4856736.057015631],[630066.2300504936,4856736.135434811]]",6704fde7839051e72a9f3213e4780a81a3a2f1e25642cbbf98807db544e27862,b2be8cd42f12195376da148ad8bad5f605ea1f5f18a6da50dc1b7459405b61e5,none,stationary,matched_prior_exact,1,0,"{""p_d"":0.8,""stage"":""c5-generalization"",""tau"":10000.0,""w"":0.5}",eeba6ec6b36996a8c22ff4c80fa204cd0d918597f69b98666fd42b58b41ef8c4,flat,temperate,184533,11.320356480961077,revision_C_base@2ce3a901fecb,2ce3a901fecb5ddde502d0a5eeffb8f48d73c5fd,fab97b80b871eeeac68aa1d75a33173cb368895f3e96803690e3cbc0acb1147d,c5-generalization_20260827_181139_043334_662411fc,662411fc2c56d0c02ce05c695ea52935ceb8d74da8d3bb51759e41a06bd0b419,none,none,none,none,evidence,revision_B_base,revision_B_base,5,200000.0,xlarge,45.0,80.0,5.0,0.5,1.0
20,43,online_static_3step,0.5,0.8,10000.0,0.07563282857674497,7995.624431571701,0.07575381041276061,34.621386655074986,0.9711161193523884,4601,8187,8188,8499,8500,200004.66172349697,1374.1659337056335,3703,"[[335034.09154672344,5232960.1201033145],[335137.0277552491,5232988.721187871],[335005.6704845993,5232952.545365126],[335046.7219653879,5232925.874984358],[334987.2964298043,5233009.584897676]]",65a9702c31d3f4df9f8d359b567bee7dc75bea8ccb4d86cb6cf466eeb71c5e5e,db41530400ae693ebc7eeed111a4391cd1339dc8bc27208377c4bbaba4090705,none,stationary,matched_prior_exact,1,0,"{""p_d"":0.8,""stage"":""c5-generalization"",""tau"":10000.0,""w"":0.5}",eeba6ec6b36996a8c22ff4c80fa204cd0d918597f69b98666fd42b58b41ef8c4,mountainous,temperate,888284,12.997191887867373,revision_C_base@2ce3a901fecb,2ce3a901fecb5ddde502d0a5eeffb8f48d73c5fd,fab97b80b871eeeac68aa1d75a33173cb368895f3e96803690e3cbc0acb1147d,c5-generalization_20260827_181139_043334_662411fc,662411fc2c56d0c02ce05c695ea52935ceb8d74da8d3bb51759e41a06bd0b419,none,none,none,none,evidence,revision_B_base,revision_B_base,5,200000.0,xlarge,45.0,80.0,5.0,0.5,1.0
20,43,dynamic_3step,0.5,0.8,10000.0,0.15175542775097403,7740.721922719693,0.15200394161056235,11.582853618421053,0.9136654892703101,14592,8499,8500,8499,8500,200021.4123812943,1710.279744433472,4102,"[[335034.09154672344,5232960.1201033145],[335137.0277552491,5232988.721187871],[335005.6704845993,5232952.545365126],[335046.7219653879,5232925.874984358],[334987.2964298043,5233009.584897676]]",65a9702c31d3f4df9f8d359b567bee7dc75bea8ccb4d86cb6cf466eeb71c5e5e,71b836568350985f3e6707828a2f00327f78644d0d86262b91012b6ae3abec8b,none,stationary,matched_prior_exact,1,0,"{""p_d"":0.8,""stage"":""c5-generalization"",""tau"":10000.0,""w"":0.5}",eeba6ec6b36996a8c22ff4c80fa204cd0d918597f69b98666fd42b58b41ef8c4,mountainous,temperate,888284,12.997191887867373,revision_C_base@2ce3a901fecb,2ce3a901fecb5ddde502d0a5eeffb8f48d73c5fd,fab97b80b871eeeac68aa1d75a33173cb368895f3e96803690e3cbc0acb1147d,c5-generalization_20260827_181139_043334_662411fc,662411fc2c56d0c02ce05c695ea52935ceb8d74da8d3bb51759e41a06bd0b419,none,none,none,none,evidence,revision_B_base,revision_B_base,5,200000.0,xlarge,45.0,80.0,5.0,0.5,1.0
20,42,online_static_3step,0.5,0.8,10000.0,0.11511150202579884,7793.33107744886,0.11528066839665685,17.58122475015947,0.9431211412054255,9406,8401,8402,8484,8485,200006.64305603073,1677.5839074021205,4457,"[[335056.07774782495,5232911.7238481445],[335098.80516493204,5232912.411810829],[335128.1233070663,5233032.318689683],[335052.3442211388,5232888.779513757],[335092.66080729954,5233025.596435731]]",9fabf0d8f759353d2f98bc1262445f494c2efd8fc6d2cdd1ebd19f7ce0bdd79c,fde58965cf724ba3305f988e8036d3f0a161619c78a225e5a4ed0742a14b1fdf,none,stationary,matched_prior_exact,1,0,"{""p_d"":0.8,""stage"":""c5-generalization"",""tau"":10000.0,""w"":0.5}",eeba6ec6b36996a8c22ff4c80fa204cd0d918597f69b98666fd42b58b41ef8c4,mountainous,temperate,888284,12.997191887867373,revision_C_base@2ce3a901fecb,2ce3a901fecb5ddde502d0a5eeffb8f48d73c5fd,fab97b80b871eeeac68aa1d75a33173cb368895f3e96803690e3cbc0acb1147d,c5-generalization_20260827_181139_043334_662411fc,662411fc2c56d0c02ce05c695ea52935ceb8d74da8d3bb51759e41a06bd0b419,none,none,none,none,evidence,revision_B_base,revision_B_base,5,200000.0,xlarge,45.0,80.0,5.0,0.5,1.0
20,42,dynamic_3step,0.5,0.8,10000.0,0.15348662359638354,7700.790153215291,0.1537319748051982,11.33799690589897,0.9118009990389293,14867,8484,8485,8484,8485,200011.66875010292,1687.2014741527382,4043,"[[335056.07774782495,5232911.7238481445],[335098.80516493204,5232912.411810829],[335128.1233070663,5233032.318689683],[335052.3442211388,5232888.779513757],[335092.66080729954,5233025.596435731]]",9fabf0d8f759353d2f98bc1262445f494c2efd8fc6d2cdd1ebd19f7ce0bdd79c,bfb0917194e14e78beaffadac9ebbcab9eb82ebd313c57a16143321bae125e93,none,stationary,matched_prior_exact,1,0,"{""p_d"":0.8,""stage"":""c5-generalization"",""tau"":10000.0,""w"":0.5}",eeba6ec6b36996a8c22ff4c80fa204cd0d918597f69b98666fd42b58b41ef8c4,mountainous,temperate,888284,12.997191887867373,revision_C_base@2ce3a901fecb,2ce3a901fecb5ddde502d0a5eeffb8f48d73c5fd,fab97b80b871eeeac68aa1d75a33173cb368895f3e96803690e3cbc0acb1147d,c5-generalization_20260827_181139_043334_662411fc,662411fc2c56d0c02ce05c695ea52935ceb8d74da8d3bb51759e41a06bd0b419,none,none,none,none,evidence,revision_B_base,revision_B_base,5,200000.0,xlarge,45.0,80.0,5.0,0.5,1.0
20,44,online_static_3step,0.5,0.8,10000.0,0.09565752214175594,7940.435473204556,0.09573458137860913,22.403975288745634,0.9553650641409903,7446,8428,8429,8470,8471,200009.42512320378,1626.681991073303,4280,"[[335082.61343392584,5233012.593442547],[334964.4529744381,5233032.16324638],[335094.612608384,5233056.113141071],[335076.34889625007,5233026.894277678],[335011.6985700974,5232906.661557695]]",1ce2fdf5e82b5c4c5020d1639f778e4b473c82f2d83bc703d509c013e3610109,7dd37bb8bdbaecf4dd312cc47bdc50a556b34e49bbaefb64579d393efe0dd4ec,none,stationary,matched_prior_exact,1,0,"{""p_d"":0.8,""stage"":""c5-generalization"",""tau"":10000.0,""w"":0.5}",eeba6ec6b36996a8c22ff4c80fa204cd0d918597f69b98666fd42b58b41ef8c4,mountainous,temperate,888284,12.997191887867373,revision_C_base@2ce3a901fecb,2ce3a901fecb5ddde502d0a5eeffb8f48d73c5fd,fab97b80b871eeeac68aa1d75a33173cb368895f3e96803690e3cbc0acb1147d,c5-generalization_20260827_181139_043334_662411fc,662411fc2c56d0c02ce05c695ea52935ceb8d74da8d3bb51759e41a06bd0b419,none,none,none,none,evidence,revision_B_base,revision_B_base,5,200000.0,xlarge,45.0,80.0,5.0,0.5,1.0
20,44,dynamic_3step,0.5,0.8,10000.0,0.1633584425725147,7645.426894189439,0.16363929255500018,11.039965874786718,0.9094200098676194,15238,8470,8471,8470,8471,200022.02398468048,1735.8495740732178,4085,"[[335082.61343392584,5233012.593442547],[334964.4529744381,5233032.16324638],[335094.612608384,5233056.113141071],[335076.34889625007,5233026.894277678],[335011.6985700974,5232906.661557695]]",1ce2fdf5e82b5c4c5020d1639f778e4b473c82f2d83bc703d509c013e3610109,1a04d00b778f9e919483fe49e52eff2d91e560ab4cfdb1d77b9e52450cb1e7ba,none,stationary,matched_prior_exact,1,0,"{""p_d"":0.8,""stage"":""c5-generalization"",""tau"":10000.0,""w"":0.5}",eeba6ec6b36996a8c22ff4c80fa204cd0d918597f69b98666fd42b58b41ef8c4,mountainous,temperate,888284,12.997191887867373,revision_C_base@2ce3a901fecb,2ce3a901fecb5ddde502d0a5eeffb8f48d73c5fd,fab97b80b871eeeac68aa1d75a33173cb368895f3e96803690e3cbc0acb1147d,c5-generalization_20260827_181139_043334_662411fc,662411fc2c56d0c02ce05c695ea52935ceb8d74da8d3bb51759e41a06bd0b419,none,none,none,none,evidence,revision_B_base,revision_B_base,5,200000.0,xlarge,45.0,80.0,5.0,0.5,1.0
20,45,online_static_3step,0.5,0.8,10000.0,0.07440753197514724,8222.996841889282,0.07452195640041308,35.113493829658104,0.9715209199958518,4943,8754,8755,8754,8755,200023.7755498392,1555.4470020534936,4017,"[[334980.9866823064,5232944.981825327],[335053.86132571555,5232887.459864984],[334958.04575091565,5232971.552850915],[335068.1771137908,5232903.316817941],[334977.3616695729,5233021.740063881]]",7d4026ef9a393d3eb64993861a1cfe26eab61eae2aa3d3d3b0dc51ade46b5f30,eb893f353965e84fbd38239a35b09c3b7e8a6538383173da1f0146900014dd9b,none,stationary,matched_prior_exact,1,0,"{""p_d"":0.8,""stage"":""c5-generalization"",""tau"":10000.0,""w"":0.5}",eeba6ec6b36996a8c22ff4c80fa204cd0d918597f69b98666fd42b58b41ef8c4,mountainous,temperate,888284,12.997191887867373,revision_C_base@2ce3a901fecb,2ce3a901fecb5ddde502d0a5eeffb8f48d73c5fd,fab97b80b871eeeac68aa1d75a33173cb368895f3e96803690e3cbc0acb1147d,c5-generalization_20260827_181139_043334_662411fc,662411fc2c56d0c02ce05c695ea52935ceb8d74da8d3bb51759e41a06bd0b419,none,none,none,none,evidence,revision_B_base,revision_B_base,5,200000.0,xlarge,45.0,80.0,5.0,0.5,1.0
20,45,dynamic_3step,0.5,0.8,10000.0,0.15296411455862405,7916.991841029208,0.15322345442512675,11.206095212801275,0.9107628499481558,15061,8490,8491,8754,8755,200012.52954820165,1675.7580587957054,4021,"[[334980.9866823064,5232944.981825327],[335053.86132571555,5232887.459864984],[334958.04575091565,5232971.552850915],[335068.1771137908,5232903.316817941],[334977.3616695729,5233021.740063881]]",7d4026ef9a393d3eb64993861a1cfe26eab61eae2aa3d3d3b0dc51ade46b5f30,3dc74bedcb3683ee6d599b0619282af0fb2be204df430ee6bd0031a52f47bee3,none,stationary,matched_prior_exact,1,0,"{""p_d"":0.8,""stage"":""c5-generalization"",""tau"":10000.0,""w"":0.5}",eeba6ec6b36996a8c22ff4c80fa204cd0d918597f69b98666fd42b58b41ef8c4,mountainous,temperate,888284,12.997191887867373,revision_C_base@2ce3a901fecb,2ce3a901fecb5ddde502d0a5eeffb8f48d73c5fd,fab97b80b871eeeac68aa1d75a33173cb368895f3e96803690e3cbc0acb1147d,c5-generalization_20260827_181139_043334_662411fc,662411fc2c56d0c02ce05c695ea52935ceb8d74da8d3bb51759e41a06bd0b419,none,none,none,none,evidence,revision_B_base,revision_B_base,5,200000.0,xlarge,45.0,80.0,5.0,0.5,1.0
20,46,online_static_3step,0.5,0.8,10000.0,0.1229733067830934,7767.271716807116,0.12315963922259461,16.81998190772942,0.940546903945214,9949,8469,8470,8493,8494,200020.14159648743,1731.544597106753,4497,"[[335069.1871743226,5232961.689942275],[335034.99837032444,5233055.2886071345],[335072.8210834294,5232965.484495807],[334985.54802344844,5232913.317448327],[334959.85090689873,5232971.007382997]]",1476a5a610b640fb782c76e31d9cfbd4cc1234ceb6ea7cd44ce9d0448243044a,dcf1ebe19eb1e8ecb00293e093aae5c96d18f9b09da786e6efbe3a512f9b6e68,none,stationary,matched_prior_exact,1,0,"{""p_d"":0.8,""stage"":""c5-generalization"",""tau"":10000.0,""w"":0.5}",eeba6ec6b36996a8c22ff4c80fa204cd0d918597f69b98666fd42b58b41ef8c4,mountainous,temperate,888284,12.997191887867373,revision_C_base@2ce3a901fecb,2ce3a901fecb5ddde502d0a5eeffb8f48d73c5fd,fab97b80b871eeeac68aa1d75a33173cb368895f3e96803690e3cbc0acb1147d,c5-generalization_20260827_181139_043334_662411fc,662411fc2c56d0c02ce05c695ea52935ceb8d74da8d3bb51759e41a06bd0b419,none,none,none,none,evidence,revision_B_base,revision_B_base,5,200000.0,xlarge,45.0,80.0,5.0,0.5,1.0
20,46,dynamic_3step,0.5,0.8,10000.0,0.14971427913472057,7718.2042382338295,0.14995119975638543,12.126391382405744,0.9175352362904181,13925,8493,8494,8493,8494,200015.63024084893,1709.088561884826,4088,"[[335069.1871743226,5232961.689942275],[335034.99837032444,5233055.2886071345],[335072.8210834294,5232965.484495807],[334985.54802344844,5232913.317448327],[334959.85090689873,5232971.007382997]]",1476a5a610b640fb782c76e31d9cfbd4cc1234ceb6ea7cd44ce9d0448243044a,0f15e474ccc5474e5bcb7d60c1dd2feecaa58614753a87b39f7431bda7619463,none,stationary,matched_prior_exact,1,0,"{""p_d"":0.8,""stage"":""c5-generalization"",""tau"":10000.0,""w"":0.5}",eeba6ec6b36996a8c22ff4c80fa204cd0d918597f69b98666fd42b58b41ef8c4,mountainous,temperate,888284,12.997191887867373,revision_C_base@2ce3a901fecb,2ce3a901fecb5ddde502d0a5eeffb8f48d73c5fd,fab97b80b871eeeac68aa1d75a33173cb368895f3e96803690e3cbc0acb1147d,c5-generalization_20260827_181139_043334_662411fc,662411fc2c56d0c02ce05c695ea52935ceb8d74da8d3bb51759e41a06bd0b419,none,none,none,none,evidence,revision_B_base,revision_B_base,5,200000.0,xlarge,45.0,80.0,5.0,0.5,1.0
20,48,online_static_3step,0.5,0.8,10000.0,0.10544436722241937,7869.785161699297,0.10559907392919939,19.872021703231894,0.9496779937676213,8478,8536,8537,8536,8537,200013.7749269741,1716.2888630463276,4473,"[[334987.3878262649,5233027.277482723],[334963.12062489975,5232970.00555362],[334992.721819224,5232901.214341255],[334984.7549638487,5232938.3491111],[335052.38627596735,5232931.76453021]]",9cdbba31fd5cf8166f02b89d28a81355b955f86d5a9cb99bedaecb598f6fde40,3e1d51e4a466041baef0cf5d8f204c9411fee9dcabac083c60e75646b50e604c,none,stationary,matched_prior_exact,1,0,"{""p_d"":0.8,""stage"":""c5-generalization"",""tau"":10000.0,""w"":0.5}",eeba6ec6b36996a8c22ff4c80fa204cd0d918597f69b98666fd42b58b41ef8c4,mountainous,temperate,888284,12.997191887867373,revision_C_base@2ce3a901fecb,2ce3a901fecb5ddde502d0a5eeffb8f48d73c5fd,fab97b80b871eeeac68aa1d75a33173cb368895f3e96803690e3cbc0acb1147d,c5-generalization_20260827_181139_043334_662411fc,662411fc2c56d0c02ce05c695ea52935ceb8d74da8d3bb51759e41a06bd0b419,none,none,none,none,evidence,revision_B_base,revision_B_base,5,200000.0,xlarge,45.0,80.0,5.0,0.5,1.0
20,48,dynamic_3step,0.5,0.8,10000.0,0.1558585547776417,7797.644020436078,0.15612281196615557,11.239669971388649,0.9110294161175935,15029,8500,8501,8536,8537,200011.50031568867,1723.3859412202146,4139,"[[334987.3878262649,5233027.277482723],[334963.12062489975,5232970.00555362],[334992.721819224,5232901.214341255],[334984.7549638487,5232938.3491111],[335052.38627596735,5232931.76453021]]",9cdbba31fd5cf8166f02b89d28a81355b955f86d5a9cb99bedaecb598f6fde40,79356426cff27dc99ed3ba5d0341003255686148b1afe85f73f777a98afac64f,none,stationary,matched_prior_exact,1,0,"{""p_d"":0.8,""stage"":""c5-generalization"",""tau"":10000.0,""w"":0.5}",eeba6ec6b36996a8c22ff4c80fa204cd0d918597f69b98666fd42b58b41ef8c4,mountainous,temperate,888284,12.997191887867373,revision_C_base@2ce3a901fecb,2ce3a901fecb5ddde502d0a5eeffb8f48d73c5fd,fab97b80b871eeeac68aa1d75a33173cb368895f3e96803690e3cbc0acb1147d,c5-generalization_20260827_181139_043334_662411fc,662411fc2c56d0c02ce05c695ea52935ceb8d74da8d3bb51759e41a06bd0b419,none,none,none,none,evidence,revision_B_base,revision_B_base,5,200000.0,xlarge,45.0,80.0,5.0,0.5,1.0
20,49,online_static_3step,0.5,0.8,10000.0,0.08767939568725722,8015.965130632385,0.08784027418970791,26.167919030823494,0.9617852684876437,6521,8609,8610,8609,8610,200022.47195612296,1774.6360576921143,4599,"[[334995.99261378817,5233035.678155395],[334984.68044015975,5233026.8136224765],[335039.6415832427,5232967.548968352],[335062.5804407782,5232878.798215343],[335012.78441028134,5232975.27373095]]",41c195056434d3b3ab8ef271ad0dc4437e14033e513a1ddfb30f2b7c13b8ee67,92de589c2e3ea90b79429087b21cc83bc57985bd4f0132696ff66c2800d123ca,none,stationary,matched_prior_exact,1,0,"{""p_d"":0.8,""stage"":""c5-generalization"",""tau"":10000.0,""w"":0.5}",eeba6ec6b36996a8c22ff4c80fa204cd0d918597f69b98666fd42b58b41ef8c4,mountainous,temperate,888284,12.997191887867373,revision_C_base@2ce3a901fecb,2ce3a901fecb5ddde502d0a5eeffb8f48d73c5fd,fab97b80b871eeeac68aa1d75a33173cb368895f3e96803690e3cbc0acb1147d,c5-generalization_20260827_181139_043334_662411fc,662411fc2c56d0c02ce05c695ea52935ceb8d74da8d3bb51759e41a06bd0b419,none,none,none,none,evidence,revision_B_base,revision_B_base,5,200000.0,xlarge,45.0,80.0,5.0,0.5,1.0
20,49,dynamic_3step,0.5,0.8,10000.0,0.15652985737388003,7778.4737158542075,0.1567862788021171,11.611756617394294,0.9138803858063982,14545,8495,8496,8609,8610,200006.68094334207,1679.575341633521,3969,"[[334995.99261378817,5233035.678155395],[334984.68044015975,5233026.8136224765],[335039.6415832427,5232967.548968352],[335062.5804407782,5232878.798215343],[335012.78441028134,5232975.27373095]]",41c195056434d3b3ab8ef271ad0dc4437e14033e513a1ddfb30f2b7c13b8ee67,fd87fd07deca8af2e637cba6d9337cb3bb9ebc77cdffb7aae6298ae47512249d,none,stationary,matched_prior_exact,1,0,"{""p_d"":0.8,""stage"":""c5-generalization"",""tau"":10000.0,""w"":0.5}",eeba6ec6b36996a8c22ff4c80fa204cd0d918597f69b98666fd42b58b41ef8c4,mountainous,temperate,888284,12.997191887867373,revision_C_base@2ce3a901fecb,2ce3a901fecb5ddde502d0a5eeffb8f48d73c5fd,fab97b80b871eeeac68aa1d75a33173cb368895f3e96803690e3cbc0acb1147d,c5-generalization_20260827_181139_043334_662411fc,662411fc2c56d0c02ce05c695ea52935ceb8d74da8d3bb51759e41a06bd0b419,none,none,none,none,evidence,revision_B_base,revision_B_base,5,200000.0,xlarge,45.0,80.0,5.0,0.5,1.0
20,47,online_static_3step,0.5,0.8,10000.0,0.08908845072099798,8327.365018825514,0.0892287518463392,29.149844083374365,0.9656944991836045,6093,8908,8909,8908,8909,200000.64972351296,1910.8626548389439,4948,"[[335041.6739240111,5232890.523739497],[335014.705019266,5232984.212640876],[335101.554585065,5232965.512119937],[335074.57984881056,5233065.364501095],[335003.9512958643,5232973.729685022]]",7b500b9dd2fa6f6e08cf39ee80f3b122ad093607f27df7ff457cbf21d12be22d,176c036df8d6480b2f32cbd0b41e0534717b535662e5832491951b7f1885b426,none,stationary,matched_prior_exact,1,0,"{""p_d"":0.8,""stage"":""c5-generalization"",""tau"":10000.0,""w"":0.5}",eeba6ec6b36996a8c22ff4c80fa204cd0d918597f69b98666fd42b58b41ef8c4,mountainous,temperate,888284,12.997191887867373,revision_C_base@2ce3a901fecb,2ce3a901fecb5ddde502d0a5eeffb8f48d73c5fd,fab97b80b871eeeac68aa1d75a33173cb368895f3e96803690e3cbc0acb1147d,c5-generalization_20260827_181139_043334_662411fc,662411fc2c56d0c02ce05c695ea52935ceb8d74da8d3bb51759e41a06bd0b419,none,none,none,none,evidence,revision_B_base,revision_B_base,5,200000.0,xlarge,45.0,80.0,5.0,0.5,1.0
20,47,dynamic_3step,0.5,0.8,10000.0,0.15246420386290832,8087.494433554642,0.15274572705210604,11.333355745310294,0.9117648803697178,14873,8482,8483,8908,8909,200024.09561270464,1697.2488959804177,4068,"[[335041.6739240111,5232890.523739497],[335014.705019266,5232984.212640876],[335101.554585065,5232965.512119937],[335074.57984881056,5233065.364501095],[335003.9512958643,5232973.729685022]]",7b500b9dd2fa6f6e08cf39ee80f3b122ad093607f27df7ff457cbf21d12be22d,cbdbc5863f081c301ad7136c3dc0ef3f10ef9b0260260903ab5f71e49749537c,none,stationary,matched_prior_exact,1,0,"{""p_d"":0.8,""stage"":""c5-generalization"",""tau"":10000.0,""w"":0.5}",eeba6ec6b36996a8c22ff4c80fa204cd0d918597f69b98666fd42b58b41ef8c4,mountainous,temperate,888284,12.997191887867373,revision_C_base@2ce3a901fecb,2ce3a901fecb5ddde502d0a5eeffb8f48d73c5fd,fab97b80b871eeeac68aa1d75a33173cb368895f3e96803690e3cbc0acb1147d,c5-generalization_20260827_181139_043334_662411fc,662411fc2c56d0c02ce05c695ea52935ceb8d74da8d3bb51759e41a06bd0b419,none,none,none,none,evidence,revision_B_base,revision_B_base,5,200000.0,xlarge,45.0,80.0,5.0,0.5,1.0
20,51,online_static_3step,0.5,0.8,10000.0,0.09289145517854314,7860.312208361656,0.09305899782813493,24.355512744516894,0.9589415336687942,6748,8383,8384,8466,8467,200013.93436003444,1871.686476664152,4807,"[[335097.9788329372,5232957.613945031],[335044.68933359545,5233024.382744176],[335056.6421410685,5232931.870042204],[335075.5054507943,5232896.820773061],[334984.31466091104,5233010.321107172]]",8b713aaa034513400fe86e1346db770eb27bee05f94a6ce20a068e8933693dc6,e097fdf7afc71026d634b1946b10ae79d8889ed9098b62642b7140f094c763b4,none,stationary,matched_prior_exact,1,0,"{""p_d"":0.8,""stage"":""c5-generalization"",""tau"":10000.0,""w"":0.5}",eeba6ec6b36996a8c22ff4c80fa204cd0d918597f69b98666fd42b58b41ef8c4,mountainous,temperate,888284,12.997191887867373,revision_C_base@2ce3a901fecb,2ce3a901fecb5ddde502d0a5eeffb8f48d73c5fd,fab97b80b871eeeac68aa1d75a33173cb368895f3e96803690e3cbc0acb1147d,c5-generalization_20260827_181139_043334_662411fc,662411fc2c56d0c02ce05c695ea52935ceb8d74da8d3bb51759e41a06bd0b419,none,none,none,none,evidence,revision_B_base,revision_B_base,5,200000.0,xlarge,45.0,80.0,5.0,0.5,1.0
20,51,dynamic_3step,0.5,0.8,10000.0,0.15162184581831234,7681.729820635546,0.15185393933308736,12.327248735429954,0.9188788981659888,13641,8466,8467,8466,8467,200017.0266126553,1705.6933250350412,4097,"[[335097.9788329372,5232957.613945031],[335044.68933359545,5233024.382744176],[335056.6421410685,5232931.870042204],[335075.5054507943,5232896.820773061],[334984.31466091104,5233010.321107172]]",8b713aaa034513400fe86e1346db770eb27bee05f94a6ce20a068e8933693dc6,7b94edee72e45d285399fe32d0e4fd5f7ca5a8d5906d57251c4ba154c736dbac,none,stationary,matched_prior_exact,1,0,"{""p_d"":0.8,""stage"":""c5-generalization"",""tau"":10000.0,""w"":0.5}",eeba6ec6b36996a8c22ff4c80fa204cd0d918597f69b98666fd42b58b41ef8c4,mountainous,temperate,888284,12.997191887867373,revision_C_base@2ce3a901fecb,2ce3a901fecb5ddde502d0a5eeffb8f48d73c5fd,fab97b80b871eeeac68aa1d75a33173cb368895f3e96803690e3cbc0acb1147d,c5-generalization_20260827_181139_043334_662411fc,662411fc2c56d0c02ce05c695ea52935ceb8d74da8d3bb51759e41a06bd0b419,none,none,none,none,evidence,revision_B_base,revision_B_base,5,200000.0,xlarge,45.0,80.0,5.0,0.5,1.0
20,50,online_static_3step,0.5,0.8,10000.0,0.10221518138714239,8123.028970865009,0.10237098660039304,21.60117411941044,0.9537062201122939,8006,8719,8720,8719,8720,200011.91434020989,1774.0217769378796,4573,"[[335067.41542179196,5232888.429637417],[334951.9158284692,5232947.972086954],[335052.7899944394,5233057.379170651],[335114.54560382187,5233006.836145727],[335003.97676385636,5233006.914564907]]",47c09c977021b9577c043399d1e95b28b11186cde317dea7c73309d8b36b7534,b470b8185303053d31dc59c0a572e67d78dc54879961b539d30c501e0a59e2e8,none,stationary,matched_prior_exact,1,0,"{""p_d"":0.8,""stage"":""c5-generalization"",""tau"":10000.0,""w"":0.5}",eeba6ec6b36996a8c22ff4c80fa204cd0d918597f69b98666fd42b58b41ef8c4,mountainous,temperate,888284,12.997191887867373,revision_C_base@2ce3a901fecb,2ce3a901fecb5ddde502d0a5eeffb8f48d73c5fd,fab97b80b871eeeac68aa1d75a33173cb368895f3e96803690e3cbc0acb1147d,c5-generalization_20260827_181139_043334_662411fc,662411fc2c56d0c02ce05c695ea52935ceb8d74da8d3bb51759e41a06bd0b419,none,none,none,none,evidence,revision_B_base,revision_B_base,5,200000.0,xlarge,45.0,80.0,5.0,0.5,1.0
20,50,dynamic_3step,0.5,0.8,10000.0,0.15035491023049913,7903.187217527113,0.15058139185070166,11.763372052583989,0.9149903619872045,14377,8505,8506,8719,8720,200003.06843821722,1718.5177838183008,4073,"[[335067.41542179196,5232888.429637417],[334951.9158284692,5232947.972086954],[335052.7899944394,5233057.379170651],[335114.54560382187,5233006.836145727],[335003.97676385636,5233006.914564907]]",47c09c977021b9577c043399d1e95b28b11186cde317dea7c73309d8b36b7534,036b86cf878b8d1c6f248b3f1842b2b708c46a36096d67ceab030603c8905f5d,none,stationary,matched_prior_exact,1,0,"{""p_d"":0.8,""stage"":""c5-generalization"",""tau"":10000.0,""w"":0.5}",eeba6ec6b36996a8c22ff4c80fa204cd0d918597f69b98666fd42b58b41ef8c4,mountainous,temperate,888284,12.997191887867373,revision_C_base@2ce3a901fecb,2ce3a901fecb5ddde502d0a5eeffb8f48d73c5fd,fab97b80b871eeeac68aa1d75a33173cb368895f3e96803690e3cbc0acb1147d,c5-generalization_20260827_181139_043334_662411fc,662411fc2c56d0c02ce05c695ea52935ceb8d74da8d3bb51759e41a06bd0b419,none,none,none,none,evidence,revision_B_base,revision_B_base,5,200000.0,xlarge,45.0,80.0,5.0,0.5,1.0
25,42,online_static_3step,0.5,0.8,10000.0,0.10004650301638482,8276.352418739367,0.10009466056100412,12.87079022672243,0.9223046928444384,13629,8770,8771,8770,8771,200023.75289972476,1587.9146990443114,4185,"[[462660.1322540819,5106303.950132672],[462702.859671189,5106304.6380953565],[462732.1778133232,5106424.544974211],[462656.39872739575,5106281.005798284],[462696.7153135565,5106417.8227202585]]",38dbf86c15b720a45adbd2918968b107edcb649e273b5018f579e30c557f7d80,b1e420dc66f58ca25dbdbad7a3cdc9090845a4c73f5ea5692353467e9ffd4661,none,stationary,matched_prior_exact,1,0,"{""p_d"":0.8,""stage"":""c5-generalization"",""tau"":10000.0,""w"":0.5}",eeba6ec6b36996a8c22ff4c80fa204cd0d918597f69b98666fd42b58b41ef8c4,mountainous,temperate,1153125,13.457811011015592,revision_C_base@2ce3a901fecb,2ce3a901fecb5ddde502d0a5eeffb8f48d73c5fd,fab97b80b871eeeac68aa1d75a33173cb368895f3e96803690e3cbc0acb1147d,c5-generalization_20260827_181139_043334_662411fc,662411fc2c56d0c02ce05c695ea52935ceb8d74da8d3bb51759e41a06bd0b419,none,none,none,none,evidence,revision_B_base,revision_B_base,5,200000.0,xlarge,45.0,80.0,5.0,0.5,1.0
25,42,dynamic_3step,0.5,0.8,10000.0,0.09895256169256036,8296.129587488062,0.09905908279542859,11.85858170606372,0.9156728835887125,14595,8653,8654,8770,8771,200018.48664237463,1678.172622273676,3957,"[[462660.1322540819,5106303.950132672],[462702.859671189,5106304.6380953565],[462732.1778133232,5106424.544974211],[462656.39872739575,5106281.005798284],[462696.7153135565,5106417.8227202585]]",38dbf86c15b720a45adbd2918968b107edcb649e273b5018f579e30c557f7d80,3cf25f25ed3a73fa97e8ff710927d2aa896c60261864535ab1f097afa36084f3,none,stationary,matched_prior_exact,1,0,"{""p_d"":0.8,""stage"":""c5-generalization"",""tau"":10000.0,""w"":0.5}",eeba6ec6b36996a8c22ff4c80fa204cd0d918597f69b98666fd42b58b41ef8c4,mountainous,temperate,1153125,13.457811011015592,revision_C_base@2ce3a901fecb,2ce3a901fecb5ddde502d0a5eeffb8f48d73c5fd,fab97b80b871eeeac68aa1d75a33173cb368895f3e96803690e3cbc0acb1147d,c5-generalization_20260827_181139_043334_662411fc,662411fc2c56d0c02ce05c695ea52935ceb8d74da8d3bb51759e41a06bd0b419,none,none,none,none,evidence,revision_B_base,revision_B_base,5,200000.0,xlarge,45.0,80.0,5.0,0.5,1.0
25,43,online_static_3step,0.5,0.8,10000.0,0.07027124475235641,8357.254710452926,0.07030838077422441,19.88156996587031,0.949702161262081,8790,8737,8738,8737,8738,200014.47898460002,1616.5690024525393,4197,"[[462638.1460529804,5106352.346387842],[462741.08226150606,5106380.947472398],[462609.72499085625,5106344.771649653],[462650.7764716448,5106318.101268886],[462591.35093606124,5106401.811182203]]",0432ffe7320af620cb3b947549360b8a3cdeccf9fdc76843b295db0a0c1822da,1b489a8e372a0c0ae22982668749c4316100e312dfb717efbbaff963f7f3a041,none,stationary,matched_prior_exact,1,0,"{""p_d"":0.8,""stage"":""c5-generalization"",""tau"":10000.0,""w"":0.5}",eeba6ec6b36996a8c22ff4c80fa204cd0d918597f69b98666fd42b58b41ef8c4,mountainous,temperate,1153125,13.457811011015592,revision_C_base@2ce3a901fecb,2ce3a901fecb5ddde502d0a5eeffb8f48d73c5fd,fab97b80b871eeeac68aa1d75a33173cb368895f3e96803690e3cbc0acb1147d,c5-generalization_20260827_181139_043334_662411fc,662411fc2c56d0c02ce05c695ea52935ceb8d74da8d3bb51759e41a06bd0b419,none,none,none,none,evidence,revision_B_base,revision_B_base,5,200000.0,xlarge,45.0,80.0,5.0,0.5,1.0
25,43,dynamic_3step,0.5,0.8,10000.0,0.10126251841224071,8260.131289610901,0.10135309591052388,11.651009863785815,0.9141705301350534,14903,8681,8682,8737,8738,200019.16467956564,1718.3649814729579,4145,"[[462638.1460529804,5106352.346387842],[462741.08226150606,5106380.947472398],[462609.72499085625,5106344.771649653],[462650.7764716448,5106318.101268886],[462591.35093606124,5106401.811182203]]",0432ffe7320af620cb3b947549360b8a3cdeccf9fdc76843b295db0a0c1822da,86e4edea64b044bdbfb143c9fd285e7abac573b2fc6595a634f11a349170cde6,none,stationary,matched_prior_exact,1,0,"{""p_d"":0.8,""stage"":""c5-generalization"",""tau"":10000.0,""w"":0.5}",eeba6ec6b36996a8c22ff4c80fa204cd0d918597f69b98666fd42b58b41ef8c4,mountainous,temperate,1153125,13.457811011015592,revision_C_base@2ce3a901fecb,2ce3a901fecb5ddde502d0a5eeffb8f48d73c5fd,fab97b80b871eeeac68aa1d75a33173cb368895f3e96803690e3cbc0acb1147d,c5-generalization_20260827_181139_043334_662411fc,662411fc2c56d0c02ce05c695ea52935ceb8d74da8d3bb51759e41a06bd0b419,none,none,none,none,evidence,revision_B_base,revision_B_base,5,200000.0,xlarge,45.0,80.0,5.0,0.5,1.0
25,44,online_static_3step,0.5,0.8,10000.0,0.08792473099161391,8297.154806999248,0.08796638744943498,15.2455574912892,0.9344071215125215,11480,8750,8751,8750,8751,200003.3797361712,1595.3622307230253,4122,"[[462686.6679401828,5106404.819727074],[462568.507480695,5106424.389530907],[462698.66711464094,5106448.339425598],[462680.403402507,5106419.120562205],[462615.75307635433,5106298.887842222]]",cd1849d366802ebfd35b45f7e3edc95c9611a56337da7d3e4677edb54a6d0939,f40e30d25875988c489dbb64eddd0672a633bedd9490896cf31e33eb3ef7d3fd,none,stationary,matched_prior_exact,1,0,"{""p_d"":0.8,""stage"":""c5-generalization"",""tau"":10000.0,""w"":0.5}",eeba6ec6b36996a8c22ff4c80fa204cd0d918597f69b98666fd42b58b41ef8c4,mountainous,temperate,1153125,13.457811011015592,revision_C_base@2ce3a901fecb,2ce3a901fecb5ddde502d0a5eeffb8f48d73c5fd,fab97b80b871eeeac68aa1d75a33173cb368895f3e96803690e3cbc0acb1147d,c5-generalization_20260827_181139_043334_662411fc,662411fc2c56d0c02ce05c695ea52935ceb8d74da8d3bb51759e41a06bd0b419,none,none,none,none,evidence,revision_B_base,revision_B_base,5,200000.0,xlarge,45.0,80.0,5.0,0.5,1.0
25,44,dynamic_3step,0.5,0.8,10000.0,0.0998018406117407,8263.147620487884,0.099904782423533,11.490133545943792,0.9129688096311973,15051,8646,8647,8750,8751,200003.3919208877,1694.3747810218483,4004,"[[462686.6679401828,5106404.819727074],[462568.507480695,5106424.389530907],[462698.66711464094,5106448.339425598],[462680.403402507,5106419.120562205],[462615.75307635433,5106298.887842222]]",cd1849d366802ebfd35b45f7e3edc95c9611a56337da7d3e4677edb54a6d0939,57935dfd297fe3e9d0fe5f1e0dd2d38b72a7da4f1f66a34c5492fae77e0a54de,none,stationary,matched_prior_exact,1,0,"{""p_d"":0.8,""stage"":""c5-generalization"",""tau"":10000.0,""w"":0.5}",eeba6ec6b36996a8c22ff4c80fa204cd0d918597f69b98666fd42b58b41ef8c4,mountainous,temperate,1153125,13.457811011015592,revision_C_base@2ce3a901fecb,2ce3a901fecb5ddde502d0a5eeffb8f48d73c5fd,fab97b80b871eeeac68aa1d75a33173cb368895f3e96803690e3cbc0acb1147d,c5-generalization_20260827_181139_043334_662411fc,662411fc2c56d0c02ce05c695ea52935ceb8d74da8d3bb51759e41a06bd0b419,none,none,none,none,evidence,revision_B_base,revision_B_base,5,200000.0,xlarge,45.0,80.0,5.0,0.5,1.0
25,45,online_static_3step,0.5,0.8,10000.0,0.09130402636153542,8290.577999003754,0.09134681740199391,14.745607398066415,0.9321831937468287,11895,8769,8770,8769,8770,200017.25390801864,1627.0527365878224,4174,"[[462585.04118856334,5106337.208109854],[462657.9158319725,5106279.6861495115],[462562.1002571726,5106363.779135442],[462672.23162004777,5106295.543102468],[462581.4161758298,5106413.966348408]]",9e80dfa7c9568a0bbf5bdf015ea65cdad60e085bd19c5df25a4d9eb657ef3182,2345404e5e07b52324d56e0681fe343c30a0d70fb9b98cc4e7f46c3c0babc163,none,stationary,matched_prior_exact,1,0,"{""p_d"":0.8,""stage"":""c5-generalization"",""tau"":10000.0,""w"":0.5}",eeba6ec6b36996a8c22ff4c80fa204cd0d918597f69b98666fd42b58b41ef8c4,mountainous,temperate,1153125,13.457811011015592,revision_C_base@2ce3a901fecb,2ce3a901fecb5ddde502d0a5eeffb8f48d73c5fd,fab97b80b871eeeac68aa1d75a33173cb368895f3e96803690e3cbc0acb1147d,c5-generalization_20260827_181139_043334_662411fc,662411fc2c56d0c02ce05c695ea52935ceb8d74da8d3bb51759e41a06bd0b419,none,none,none,none,evidence,revision_B_base,revision_B_base,5,200000.0,xlarge,45.0,80.0,5.0,0.5,1.0
25,45,dynamic_3step,0.5,0.8,10000.0,0.10024287658339637,8285.469695817777,0.10034455364033495,11.730526743949563,0.9147523362055514,14751,8651,8652,8769,8770,200011.66022316317,1672.688805929618,3984,"[[462585.04118856334,5106337.208109854],[462657.9158319725,5106279.6861495115],[462562.1002571726,5106363.779135442],[462672.23162004777,5106295.543102468],[462581.4161758298,5106413.966348408]]",9e80dfa7c9568a0bbf5bdf015ea65cdad60e085bd19c5df25a4d9eb657ef3182,f5abb847ff0ce2536f463c011edb73b16a14f670a74af5937e2b05cded705590,none,stationary,matched_prior_exact,1,0,"{""p_d"":0.8,""stage"":""c5-generalization"",""tau"":10000.0,""w"":0.5}",eeba6ec6b36996a8c22ff4c80fa204cd0d918597f69b98666fd42b58b41ef8c4,mountainous,temperate,1153125,13.457811011015592,revision_C_base@2ce3a901fecb,2ce3a901fecb5ddde502d0a5eeffb8f48d73c5fd,fab97b80b871eeeac68aa1d75a33173cb368895f3e96803690e3cbc0acb1147d,c5-generalization_20260827_181139_043334_662411fc,662411fc2c56d0c02ce05c695ea52935ceb8d74da8d3bb51759e41a06bd0b419,none,none,none,none,evidence,revision_B_base,revision_B_base,5,200000.0,xlarge,45.0,80.0,5.0,0.5,1.0
25,46,online_static_3step,0.5,0.8,10000.0,0.09019142704852193,8290.609235570299,0.09022825625027722,14.922762496806609,0.9329882787979776,11743,8761,8762,8761,8762,200015.8326981637,1673.8725971688982,4278,"[[462673.24168057955,5106353.916226802],[462639.0528765814,5106447.514891662],[462676.87558968633,5106357.710780335],[462589.6025297054,5106305.543732855],[462563.9054131557,5106363.2336675245]]",66d62b1ec8064d170fef11e55b8f973ba9d46fa2bac40f6fd552383bed081de8,7f302ed3fb1c31a0757c923f2e55325ff293b025b958d97a29c80167bd46788a,none,stationary,matched_prior_exact,1,0,"{""p_d"":0.8,""stage"":""c5-generalization"",""tau"":10000.0,""w"":0.5}",eeba6ec6b36996a8c22ff4c80fa204cd0d918597f69b98666fd42b58b41ef8c4,mountainous,temperate,1153125,13.457811011015592,revision_C_base@2ce3a901fecb,2ce3a901fecb5ddde502d0a5eeffb8f48d73c5fd,fab97b80b871eeeac68aa1d75a33173cb368895f3e96803690e3cbc0acb1147d,c5-generalization_20260827_181139_043334_662411fc,662411fc2c56d0c02ce05c695ea52935ceb8d74da8d3bb51759e41a06bd0b419,none,none,none,none,evidence,revision_B_base,revision_B_base,5,200000.0,xlarge,45.0,80.0,5.0,0.5,1.0
25,46,dynamic_3step,0.5,0.8,10000.0,0.08919432854072398,8315.385866961655,0.0892633156181967,13.406472592133788,0.9254091638850067,12916,8657,8658,8761,8762,200005.9962908763,1693.6863466114737,3984,"[[462673.24168057955,5106353.916226802],[462639.0528765814,5106447.514891662],[462676.87558968633,5106357.710780335],[462589.6025297054,5106305.543732855],[462563.9054131557,5106363.2336675245]]",66d62b1ec8064d170fef11e55b8f973ba9d46fa2bac40f6fd552383bed081de8,e08a91661507814b0c589d70500535eed630f08b90c47a141c6a37bc10b155d7,none,stationary,matched_prior_exact,1,0,"{""p_d"":0.8,""stage"":""c5-generalization"",""tau"":10000.0,""w"":0.5}",eeba6ec6b36996a8c22ff4c80fa204cd0d918597f69b98666fd42b58b41ef8c4,mountainous,temperate,1153125,13.457811011015592,revision_C_base@2ce3a901fecb,2ce3a901fecb5ddde502d0a5eeffb8f48d73c5fd,fab97b80b871eeeac68aa1d75a33173cb368895f3e96803690e3cbc0acb1147d,c5-generalization_20260827_181139_043334_662411fc,662411fc2c56d0c02ce05c695ea52935ceb8d74da8d3bb51759e41a06bd0b419,none,none,none,none,evidence,revision_B_base,revision_B_base,5,200000.0,xlarge,45.0,80.0,5.0,0.5,1.0
25,47,online_static_3step,0.5,0.8,10000.0,0.0904889141704579,8279.14464033521,0.0905409940411157,14.805785823041786,0.9324588365688952,11822,8751,8752,8751,8752,200005.17763682312,1627.4773091322277,4196,"[[462645.72843026806,5106282.750024024],[462618.75952552294,5106376.438925403],[462705.60909132194,5106357.738404464],[462678.6343550675,5106457.590785623],[462608.00580212125,5106365.955969549]]",a2472723e5286105986d42a2c47e1e484a4e7fbe54513a9e8d4e4b30141c90fb,f8fc8fd01156c31404182b04deebe04e18e5e57d240b596659ac6a31d7a71ff5,none,stationary,matched_prior_exact,1,0,"{""p_d"":0.8,""stage"":""c5-generalization"",""tau"":10000.0,""w"":0.5}",eeba6ec6b36996a8c22ff4c80fa204cd0d918597f69b98666fd42b58b41ef8c4,mountainous,temperate,1153125,13.457811011015592,revision_C_base@2ce3a901fecb,2ce3a901fecb5ddde502d0a5eeffb8f48d73c5fd,fab97b80b871eeeac68aa1d75a33173cb368895f3e96803690e3cbc0acb1147d,c5-generalization_20260827_181139_043334_662411fc,662411fc2c56d0c02ce05c695ea52935ceb8d74da8d3bb51759e41a06bd0b419,none,none,none,none,evidence,revision_B_base,revision_B_base,5,200000.0,xlarge,45.0,80.0,5.0,0.5,1.0
25,47,dynamic_3step,0.5,0.8,10000.0,0.08889822029988062,8312.71595140011,0.08897002318351406,13.357269571924412,0.9251344000646737,12965,8658,8659,8751,8752,200014.38004439956,1703.3631172322202,4088,"[[462645.72843026806,5106282.750024024],[462618.75952552294,5106376.438925403],[462705.60909132194,5106357.738404464],[462678.6343550675,5106457.590785623],[462608.00580212125,5106365.955969549]]",a2472723e5286105986d42a2c47e1e484a4e7fbe54513a9e8d4e4b30141c90fb,ace8c5a313ef482268cbbe8fcdf9455a7955c45d2ad5d094333884455a59d3a8,none,stationary,matched_prior_exact,1,0,"{""p_d"":0.8,""stage"":""c5-generalization"",""tau"":10000.0,""w"":0.5}",eeba6ec6b36996a8c22ff4c80fa204cd0d918597f69b98666fd42b58b41ef8c4,mountainous,temperate,1153125,13.457811011015592,revision_C_base@2ce3a901fecb,2ce3a901fecb5ddde502d0a5eeffb8f48d73c5fd,fab97b80b871eeeac68aa1d75a33173cb368895f3e96803690e3cbc0acb1147d,c5-generalization_20260827_181139_043334_662411fc,662411fc2c56d0c02ce05c695ea52935ceb8d74da8d3bb51759e41a06bd0b419,none,none,none,none,evidence,revision_B_base,revision_B_base,5,200000.0,xlarge,45.0,80.0,5.0,0.5,1.0
25,48,online_static_3step,0.5,0.8,10000.0,0.08414925255485568,8469.68243288459,0.08419369392690906,16.104886877828054,0.9379070460049787,11050,8897,8898,8897,8898,200001.72365458534,1739.7907976373099,4518,"[[462591.44233252184,5106419.50376725],[462567.1751311567,5106362.231838147],[462596.77632548095,5106293.440625782],[462588.8094701056,5106330.575395627],[462656.4407822243,5106323.990814737]]",d12df8f575dc98a8bfe338e7e3bbeabcfb283482ec4ebaa3b9e51fd6bd217fed,9a064285043bd0c688c3ec2bd5262fd08b20e702a14be4a54ab29b45c18e98a3,none,stationary,matched_prior_exact,1,0,"{""p_d"":0.8,""stage"":""c5-generalization"",""tau"":10000.0,""w"":0.5}",eeba6ec6b36996a8c22ff4c80fa204cd0d918597f69b98666fd42b58b41ef8c4,mountainous,temperate,1153125,13.457811011015592,revision_C_base@2ce3a901fecb,2ce3a901fecb5ddde502d0a5eeffb8f48d73c5fd,fab97b80b871eeeac68aa1d75a33173cb368895f3e96803690e3cbc0acb1147d,c5-generalization_20260827_181139_043334_662411fc,662411fc2c56d0c02ce05c695ea52935ceb8d74da8d3bb51759e41a06bd0b419,none,none,none,none,evidence,revision_B_base,revision_B_base,5,200000.0,xlarge,45.0,80.0,5.0,0.5,1.0
25,48,dynamic_3step,0.5,0.8,10000.0,0.09134845378189221,8452.481295371923,0.09143056405032954,12.935946248600224,0.922696030055922,13395,8663,8664,8897,8898,200015.76152401083,1676.8180935571436,4038,"[[462591.44233252184,5106419.50376725],[462567.1751311567,5106362.231838147],[462596.77632548095,5106293.440625782],[462588.8094701056,5106330.575395627],[462656.4407822243,5106323.990814737]]",d12df8f575dc98a8bfe338e7e3bbeabcfb283482ec4ebaa3b9e51fd6bd217fed,177ebb1ad43f41a6b2526d8cab7a4075242ae4f42188d86aa26fd00d487594bd,none,stationary,matched_prior_exact,1,0,"{""p_d"":0.8,""stage"":""c5-generalization"",""tau"":10000.0,""w"":0.5}",eeba6ec6b36996a8c22ff4c80fa204cd0d918597f69b98666fd42b58b41ef8c4,mountainous,temperate,1153125,13.457811011015592,revision_C_base@2ce3a901fecb,2ce3a901fecb5ddde502d0a5eeffb8f48d73c5fd,fab97b80b871eeeac68aa1d75a33173cb368895f3e96803690e3cbc0acb1147d,c5-generalization_20260827_181139_043334_662411fc,662411fc2c56d0c02ce05c695ea52935ceb8d74da8d3bb51759e41a06bd0b419,none,none,none,none,evidence,revision_B_base,revision_B_base,5,200000.0,xlarge,45.0,80.0,5.0,0.5,1.0
25,49,online_static_3step,0.5,0.8,10000.0,0.08525582792469541,8311.656893693536,0.08529569779962162,15.604960299759123,0.935917811978321,11209,8745,8746,8745,8746,200018.79797577273,1661.1716270213947,4243,"[[462600.0471200451,5106427.904439922],[462588.7349464167,5106419.039907004],[462643.69608949963,5106359.77525288],[462666.63494703517,5106271.02449987],[462616.8389165383,5106367.500015478]]",ce01880f5755f8567e0eb08957fa0fa119787dad8aaa25e96efc59b829c1485a,1fe61004ffa58546e82e6d263d1305168dd93deda8bc8647cfd0918351caa9b4,none,stationary,matched_prior_exact,1,0,"{""p_d"":0.8,""stage"":""c5-generalization"",""tau"":10000.0,""w"":0.5}",eeba6ec6b36996a8c22ff4c80fa204cd0d918597f69b98666fd42b58b41ef8c4,mountainous,temperate,1153125,13.457811011015592,revision_C_base@2ce3a901fecb,2ce3a901fecb5ddde502d0a5eeffb8f48d73c5fd,fab97b80b871eeeac68aa1d75a33173cb368895f3e96803690e3cbc0acb1147d,c5-generalization_20260827_181139_043334_662411fc,662411fc2c56d0c02ce05c695ea52935ceb8d74da8d3bb51759e41a06bd0b419,none,none,none,none,evidence,revision_B_base,revision_B_base,5,200000.0,xlarge,45.0,80.0,5.0,0.5,1.0
25,49,dynamic_3step,0.5,0.8,10000.0,0.1010732279835937,8257.099902618114,0.10116589413883509,11.587483266398928,0.9136999832483234,14940,8655,8656,8745,8746,200017.00403955675,1742.5672973801848,4081,"[[462600.0471200451,5106427.904439922],[462588.7349464167,5106419.039907004],[462643.69608949963,5106359.77525288],[462666.63494703517,5106271.02449987],[462616.8389165383,5106367.500015478]]",ce01880f5755f8567e0eb08957fa0fa119787dad8aaa25e96efc59b829c1485a,6de156f17501c03d819829cd2231f9783642b23679aa4476a24d824d7d585eb8,none,stationary,matched_prior_exact,1,0,"{""p_d"":0.8,""stage"":""c5-generalization"",""tau"":10000.0,""w"":0.5}",eeba6ec6b36996a8c22ff4c80fa204cd0d918597f69b98666fd42b58b41ef8c4,mountainous,temperate,1153125,13.457811011015592,revision_C_base@2ce3a901fecb,2ce3a901fecb5ddde502d0a5eeffb8f48d73c5fd,fab97b80b871eeeac68aa1d75a33173cb368895f3e96803690e3cbc0acb1147d,c5-generalization_20260827_181139_043334_662411fc,662411fc2c56d0c02ce05c695ea52935ceb8d74da8d3bb51759e41a06bd0b419,none,none,none,none,evidence,revision_B_base,revision_B_base,5,200000.0,xlarge,45.0,80.0,5.0,0.5,1.0
25,50,online_static_3step,0.5,0.8,10000.0,0.07486775982926702,8413.987982293476,0.07490441057341024,18.764431239388795,0.9467076839557557,9424,8841,8842,8841,8842,200007.85529619787,1528.4701314189006,3891,"[[462671.4699280489,5106280.655921944],[462555.97033472615,5106340.198371481],[462656.84450069634,5106449.605455178],[462718.6001100788,5106399.062430254],[462608.0312701133,5106399.140849434]]",1ab1e47a1ddd7297ac7dcc39f4d4a6f91dbd4d6b97a86efbd81da27d44c3790f,26e9aaebe501ac49a9872e44780e4412af8c7c71e2d82e698efcbba66d9299b8,none,stationary,matched_prior_exact,1,0,"{""p_d"":0.8,""stage"":""c5-generalization"",""tau"":10000.0,""w"":0.5}",eeba6ec6b36996a8c22ff4c80fa204cd0d918597f69b98666fd42b58b41ef8c4,mountainous,temperate,1153125,13.457811011015592,revision_C_base@2ce3a901fecb,2ce3a901fecb5ddde502d0a5eeffb8f48d73c5fd,fab97b80b871eeeac68aa1d75a33173cb368895f3e96803690e3cbc0acb1147d,c5-generalization_20260827_181139_043334_662411fc,662411fc2c56d0c02ce05c695ea52935ceb8d74da8d3bb51759e41a06bd0b419,none,none,none,none,evidence,revision_B_base,revision_B_base,5,200000.0,xlarge,45.0,80.0,5.0,0.5,1.0
25,50,dynamic_3step,0.5,0.8,10000.0,0.07637286835548404,8405.826386933913,0.0764251915558947,15.476169225276687,0.9353845266587849,11204,8669,8670,8841,8842,200005.0633724884,1747.0208685104735,4109,"[[462671.4699280489,5106280.655921944],[462555.97033472615,5106340.198371481],[462656.84450069634,5106449.605455178],[462718.6001100788,5106399.062430254],[462608.0312701133,5106399.140849434]]",1ab1e47a1ddd7297ac7dcc39f4d4a6f91dbd4d6b97a86efbd81da27d44c3790f,1ec1803b8981a60cc964b988f0348becb524aaa1746e990deafc72c9beac9756,none,stationary,matched_prior_exact,1,0,"{""p_d"":0.8,""stage"":""c5-generalization"",""tau"":10000.0,""w"":0.5}",eeba6ec6b36996a8c22ff4c80fa204cd0d918597f69b98666fd42b58b41ef8c4,mountainous,temperate,1153125,13.457811011015592,revision_C_base@2ce3a901fecb,2ce3a901fecb5ddde502d0a5eeffb8f48d73c5fd,fab97b80b871eeeac68aa1d75a33173cb368895f3e96803690e3cbc0acb1147d,c5-generalization_20260827_181139_043334_662411fc,662411fc2c56d0c02ce05c695ea52935ceb8d74da8d3bb51759e41a06bd0b419,none,none,none,none,evidence,revision_B_base,revision_B_base,5,200000.0,xlarge,45.0,80.0,5.0,0.5,1.0
25,51,online_static_3step,0.5,0.8,10000.0,0.07226032982359928,8344.540021966148,0.07229197685805339,19.24609116934596,0.948041397538803,9082,8739,8740,8739,8740,200023.21908265917,1676.1535966023803,4268,"[[462702.03333919414,5106349.840229558],[462648.7438398524,5106416.6090287035],[462660.6966473255,5106324.096326731],[462679.55995705124,5106289.047057589],[462588.369167168,5106402.5473917]]",4b9d454e0d099d9dd6dfcd1275d97827edca2e7e5a046a1b0bae4018bd09b18d,4513e8d4405865aa1f5a5e92f7cfeaf74bd503e75876c181213019826f6e885c,none,stationary,matched_prior_exact,1,0,"{""p_d"":0.8,""stage"":""c5-generalization"",""tau"":10000.0,""w"":0.5}",eeba6ec6b36996a8c22ff4c80fa204cd0d918597f69b98666fd42b58b41ef8c4,mountainous,temperate,1153125,13.457811011015592,revision_C_base@2ce3a901fecb,2ce3a901fecb5ddde502d0a5eeffb8f48d73c5fd,fab97b80b871eeeac68aa1d75a33173cb368895f3e96803690e3cbc0acb1147d,c5-generalization_20260827_181139_043334_662411fc,662411fc2c56d0c02ce05c695ea52935ceb8d74da8d3bb51759e41a06bd0b419,none,none,none,none,evidence,revision_B_base,revision_B_base,5,200000.0,xlarge,45.0,80.0,5.0,0.5,1.0
25,51,dynamic_3step,0.5,0.8,10000.0,0.10172996879618262,8249.387517066718,0.10184828415008017,11.53340438286818,0.9132953318202032,15013,8657,8658,8739,8740,200004.9605141413,1707.4598293125164,4027,"[[462702.03333919414,5106349.840229558],[462648.7438398524,5106416.6090287035],[462660.6966473255,5106324.096326731],[462679.55995705124,5106289.047057589],[462588.369167168,5106402.5473917]]",4b9d454e0d099d9dd6dfcd1275d97827edca2e7e5a046a1b0bae4018bd09b18d,2d95ffbe90533d1eb825e2027cb2539113c8209d9c580fbf7c7c67b21568b7a1,none,stationary,matched_prior_exact,1,0,"{""p_d"":0.8,""stage"":""c5-generalization"",""tau"":10000.0,""w"":0.5}",eeba6ec6b36996a8c22ff4c80fa204cd0d918597f69b98666fd42b58b41ef8c4,mountainous,temperate,1153125,13.457811011015592,revision_C_base@2ce3a901fecb,2ce3a901fecb5ddde502d0a5eeffb8f48d73c5fd,fab97b80b871eeeac68aa1d75a33173cb368895f3e96803690e3cbc0acb1147d,c5-generalization_20260827_181139_043334_662411fc,662411fc2c56d0c02ce05c695ea52935ceb8d74da8d3bb51759e41a06bd0b419,none,none,none,none,evidence,revision_B_base,revision_B_base,5,200000.0,xlarge,45.0,80.0,5.0,0.5,1.0
30,42,online_static_3step,0.5,0.8,10000.0,0.09962081282285595,7799.529998035468,0.09980257122658429,41.88018085908063,0.9761223571749887,3981,8457,8458,8506,8507,200015.29682658697,1821.078354581492,4802,"[[449285.6968717934,6082472.791465461],[449328.4242889005,6082473.479428146],[449357.74243103474,6082593.386307],[449281.9633451073,6082449.8471310735],[449322.279931268,6082586.664053048]]",5e988184f791cad29207e8f104d071ccae8829107b6b838f95cce54c7c04d684,d8019e72c248bd9ab1af6b969ae2405af12bf8da6ca2c35c54041fe95cf76425,none,stationary,matched_prior_exact,1,0,"{""p_d"":0.8,""stage"":""c5-generalization"",""tau"":10000.0,""w"":0.5}",eeba6ec6b36996a8c22ff4c80fa204cd0d918597f69b98666fd42b58b41ef8c4,mountainous,temperate,291223,11.915398298154251,revision_C_base@2ce3a901fecb,2ce3a901fecb5ddde502d0a5eeffb8f48d73c5fd,fab97b80b871eeeac68aa1d75a33173cb368895f3e96803690e3cbc0acb1147d,c5-generalization_20260827_181139_043334_662411fc,662411fc2c56d0c02ce05c695ea52935ceb8d74da8d3bb51759e41a06bd0b419,none,none,none,none,evidence,revision_B_base,revision_B_base,5,200000.0,xlarge,45.0,80.0,5.0,0.5,1.0
30,42,dynamic_3step,0.5,0.8,10000.0,0.22148363791046927,7414.671143894493,0.22190433323872902,11.989222151315323,0.9165917532114215,14103,8506,8507,8506,8507,200014.11264313982,1715.7848735789303,4120,"[[449285.6968717934,6082472.791465461],[449328.4242889005,6082473.479428146],[449357.74243103474,6082593.386307],[449281.9633451073,6082449.8471310735],[449322.279931268,6082586.664053048]]",5e988184f791cad29207e8f104d071ccae8829107b6b838f95cce54c7c04d684,52ff9796f33c6635057bc5a8f6f27af11390c7d5f98a37a2d5114b2b0680bbc2,none,stationary,matched_prior_exact,1,0,"{""p_d"":0.8,""stage"":""c5-generalization"",""tau"":10000.0,""w"":0.5}",eeba6ec6b36996a8c22ff4c80fa204cd0d918597f69b98666fd42b58b41ef8c4,mountainous,temperate,291223,11.915398298154251,revision_C_base@2ce3a901fecb,2ce3a901fecb5ddde502d0a5eeffb8f48d73c5fd,fab97b80b871eeeac68aa1d75a33173cb368895f3e96803690e3cbc0acb1147d,c5-generalization_20260827_181139_043334_662411fc,662411fc2c56d0c02ce05c695ea52935ceb8d74da8d3bb51759e41a06bd0b419,none,none,none,none,evidence,revision_B_base,revision_B_base,5,200000.0,xlarge,45.0,80.0,5.0,0.5,1.0
30,43,online_static_3step,0.5,0.8,10000.0,0.05364319517200093,8089.103971836207,0.05374606859074806,76.87194841087057,0.9869913535343852,2171,8460,8461,8497,8498,200009.50178300976,1654.962857567938,4352,"[[449263.7106706919,6082521.187720631],[449366.6468792176,6082549.788805188],[449235.2896085678,6082513.612982443],[449276.34108935634,6082486.942601675],[449216.91555377276,6082570.652514992]]",2eb42da720f59580582ddd282ff51f701610ae2096317f290f49864d77876a49,57f987a1a6946cea5fc7e4677c1eae9726a340326e771aa03b7af5a9cfe1d6a2,none,stationary,matched_prior_exact,1,0,"{""p_d"":0.8,""stage"":""c5-generalization"",""tau"":10000.0,""w"":0.5}",eeba6ec6b36996a8c22ff4c80fa204cd0d918597f69b98666fd42b58b41ef8c4,mountainous,temperate,291223,11.915398298154251,revision_C_base@2ce3a901fecb,2ce3a901fecb5ddde502d0a5eeffb8f48d73c5fd,fab97b80b871eeeac68aa1d75a33173cb368895f3e96803690e3cbc0acb1147d,c5-generalization_20260827_181139_043334_662411fc,662411fc2c56d0c02ce05c695ea52935ceb8d74da8d3bb51759e41a06bd0b419,none,none,none,none,evidence,revision_B_base,revision_B_base,5,200000.0,xlarge,45.0,80.0,5.0,0.5,1.0
30,43,dynamic_3step,0.5,0.8,10000.0,0.21733206059746452,7403.177492482954,0.21774023562650957,12.48421675168182,0.9198988595047195,13527,8497,8498,8497,8498,200010.69443555333,1745.13004633761,4112,"[[449263.7106706919,6082521.187720631],[449366.6468792176,6082549.788805188],[449235.2896085678,6082513.612982443],[449276.34108935634,6082486.942601675],[449216.91555377276,6082570.652514992]]",2eb42da720f59580582ddd282ff51f701610ae2096317f290f49864d77876a49,861685d2c9aaa25348773443a7deaa914303463740db3487ca7ff4672f344227,none,stationary,matched_prior_exact,1,0,"{""p_d"":0.8,""stage"":""c5-generalization"",""tau"":10000.0,""w"":0.5}",eeba6ec6b36996a8c22ff4c80fa204cd0d918597f69b98666fd42b58b41ef8c4,mountainous,temperate,291223,11.915398298154251,revision_C_base@2ce3a901fecb,2ce3a901fecb5ddde502d0a5eeffb8f48d73c5fd,fab97b80b871eeeac68aa1d75a33173cb368895f3e96803690e3cbc0acb1147d,c5-generalization_20260827_181139_043334_662411fc,662411fc2c56d0c02ce05c695ea52935ceb8d74da8d3bb51759e41a06bd0b419,none,none,none,none,evidence,revision_B_base,revision_B_base,5,200000.0,xlarge,45.0,80.0,5.0,0.5,1.0
30,44,online_static_3step,0.5,0.8,10000.0,0.11962698341707945,7778.373509428807,0.11982839127386329,32.94374259771023,0.9696452217888107,5066,8415,8416,8482,8483,200013.03893459414,1299.5003912465181,3379,"[[449312.2325578943,6082573.661059864],[449194.07209840656,6082593.230863697],[449324.23173235246,6082617.180758388],[449305.96802021854,6082587.961894995],[449241.31769406586,6082467.729175012]]",22b2e015cd312b912e0b6c1cdda0cdf9db757f97f92ad3d4762461ee8cf92498,10bb19f66e6827ce1192f129f0d16038103149e03de84152e58f13524c812207,none,stationary,matched_prior_exact,1,0,"{""p_d"":0.8,""stage"":""c5-generalization"",""tau"":10000.0,""w"":0.5}",eeba6ec6b36996a8c22ff4c80fa204cd0d918597f69b98666fd42b58b41ef8c4,mountainous,temperate,291223,11.915398298154251,revision_C_base@2ce3a901fecb,2ce3a901fecb5ddde502d0a5eeffb8f48d73c5fd,fab97b80b871eeeac68aa1d75a33173cb368895f3e96803690e3cbc0acb1147d,c5-generalization_20260827_181139_043334_662411fc,662411fc2c56d0c02ce05c695ea52935ceb8d74da8d3bb51759e41a06bd0b419,none,none,none,none,evidence,revision_B_base,revision_B_base,5,200000.0,xlarge,45.0,80.0,5.0,0.5,1.0
30,44,dynamic_3step,0.5,0.8,10000.0,0.23816903923794744,7272.096508420059,0.238622342417814,12.432755440796754,0.9195673071217497,13555,8482,8483,8482,8483,200014.89423289607,1702.6503996665124,4120,"[[449312.2325578943,6082573.661059864],[449194.07209840656,6082593.230863697],[449324.23173235246,6082617.180758388],[449305.96802021854,6082587.961894995],[449241.31769406586,6082467.729175012]]",22b2e015cd312b912e0b6c1cdda0cdf9db757f97f92ad3d4762461ee8cf92498,563e7761002d26c29c6176aae1a0cc899f667bc2b130869311e97313e25600ac,none,stationary,matched_prior_exact,1,0,"{""p_d"":0.8,""stage"":""c5-generalization"",""tau"":10000.0,""w"":0.5}",eeba6ec6b36996a8c22ff4c80fa204cd0d918597f69b98666fd42b58b41ef8c4,mountainous,temperate,291223,11.915398298154251,revision_C_base@2ce3a901fecb,2ce3a901fecb5ddde502d0a5eeffb8f48d73c5fd,fab97b80b871eeeac68aa1d75a33173cb368895f3e96803690e3cbc0acb1147d,c5-generalization_20260827_181139_043334_662411fc,662411fc2c56d0c02ce05c695ea52935ceb8d74da8d3bb51759e41a06bd0b419,none,none,none,none,evidence,revision_B_base,revision_B_base,5,200000.0,xlarge,45.0,80.0,5.0,0.5,1.0
30,45,online_static_3step,0.5,0.8,10000.0,0.01981806054214702,8330.865822377238,0.019830857006805102,185.02727272727273,0.9945953913427996,880,8285,8286,8481,8482,200006.61005358843,1411.2443321598694,3681,"[[449210.60580627486,6082506.049442643],[449283.480449684,6082448.527482301],[449187.6648748841,6082532.620468232],[449297.7962377593,6082464.384435258],[449206.98079354136,6082582.807681197]]",f6150b42ec826a4058505b813d170dc23d3d33c34d435fa12903e890ac4a5d9b,7861f297aba9fe655cd949e4ea61273a7084bd1cba556c0802596583ba6b8120,none,stationary,matched_prior_exact,1,0,"{""p_d"":0.8,""stage"":""c5-generalization"",""tau"":10000.0,""w"":0.5}",eeba6ec6b36996a8c22ff4c80fa204cd0d918597f69b98666fd42b58b41ef8c4,mountainous,temperate,291223,11.915398298154251,revision_C_base@2ce3a901fecb,2ce3a901fecb5ddde502d0a5eeffb8f48d73c5fd,fab97b80b871eeeac68aa1d75a33173cb368895f3e96803690e3cbc0acb1147d,c5-generalization_20260827_181139_043334_662411fc,662411fc2c56d0c02ce05c695ea52935ceb8d74da8d3bb51759e41a06bd0b419,none,none,none,none,evidence,revision_B_base,revision_B_base,5,200000.0,xlarge,45.0,80.0,5.0,0.5,1.0
30,45,dynamic_3step,0.5,0.8,10000.0,0.2383684360302416,7388.337055878607,0.2388259667726429,12.672709493004362,0.9210902766648266,13294,8481,8482,8481,8482,200019.06879166,1708.4326789916959,4171,"[[449210.60580627486,6082506.049442643],[449283.480449684,6082448.527482301],[449187.6648748841,6082532.620468232],[449297.7962377593,6082464.384435258],[449206.98079354136,6082582.807681197]]",f6150b42ec826a4058505b813d170dc23d3d33c34d435fa12903e890ac4a5d9b,5866390a46939867363fd50e85b6ceff1a171dec64e236207d4054225354c21f,none,stationary,matched_prior_exact,1,0,"{""p_d"":0.8,""stage"":""c5-generalization"",""tau"":10000.0,""w"":0.5}",eeba6ec6b36996a8c22ff4c80fa204cd0d918597f69b98666fd42b58b41ef8c4,mountainous,temperate,291223,11.915398298154251,revision_C_base@2ce3a901fecb,2ce3a901fecb5ddde502d0a5eeffb8f48d73c5fd,fab97b80b871eeeac68aa1d75a33173cb368895f3e96803690e3cbc0acb1147d,c5-generalization_20260827_181139_043334_662411fc,662411fc2c56d0c02ce05c695ea52935ceb8d74da8d3bb51759e41a06bd0b419,none,none,none,none,evidence,revision_B_base,revision_B_base,5,200000.0,xlarge,45.0,80.0,5.0,0.5,1.0
30,48,online_static_3step,0.5,0.8,10000.0,0.03821541531435252,8210.017948102513,0.038286395098464994,101.30720606826802,0.9901290338682707,1582,8209,8210,8499,8500,200015.41874154838,976.8430842855014,2547,"[[449217.00695023336,6082588.34510004],[449192.7397488682,6082531.073170937],[449222.3409431925,6082462.281958572],[449214.37408781715,6082499.416728416],[449282.0053999358,6082492.832147527]]",9eca73b0f7dd59c64dcfcbd09867e92dcaa5c375e437278a8ade507292b08f77,1206474d18094b0ec1f5df4ac29aabbda28b75831e683ced1652aef302b89728,none,stationary,matched_prior_exact,1,0,"{""p_d"":0.8,""stage"":""c5-generalization"",""tau"":10000.0,""w"":0.5}",eeba6ec6b36996a8c22ff4c80fa204cd0d918597f69b98666fd42b58b41ef8c4,mountainous,temperate,291223,11.915398298154251,revision_C_base@2ce3a901fecb,2ce3a901fecb5ddde502d0a5eeffb8f48d73c5fd,fab97b80b871eeeac68aa1d75a33173cb368895f3e96803690e3cbc0acb1147d,c5-generalization_20260827_181139_043334_662411fc,662411fc2c56d0c02ce05c695ea52935ceb8d74da8d3bb51759e41a06bd0b419,none,none,none,none,evidence,revision_B_base,revision_B_base,5,200000.0,xlarge,45.0,80.0,5.0,0.5,1.0
30,48,dynamic_3step,0.5,0.8,10000.0,0.2380624159126665,7282.857447274906,0.2385125616625793,12.264392014519057,0.918463141196387,13775,8499,8500,8499,8500,200005.96820322593,1632.1762732563075,4045,"[[449217.00695023336,6082588.34510004],[449192.7397488682,6082531.073170937],[449222.3409431925,6082462.281958572],[449214.37408781715,6082499.416728416],[449282.0053999358,6082492.832147527]]",9eca73b0f7dd59c64dcfcbd09867e92dcaa5c375e437278a8ade507292b08f77,68f3f096d573768cca08064a47e9580b543ccc0078823161d25f1bf16995942c,none,stationary,matched_prior_exact,1,0,"{""p_d"":0.8,""stage"":""c5-generalization"",""tau"":10000.0,""w"":0.5}",eeba6ec6b36996a8c22ff4c80fa204cd0d918597f69b98666fd42b58b41ef8c4,mountainous,temperate,291223,11.915398298154251,revision_C_base@2ce3a901fecb,2ce3a901fecb5ddde502d0a5eeffb8f48d73c5fd,fab97b80b871eeeac68aa1d75a33173cb368895f3e96803690e3cbc0acb1147d,c5-generalization_20260827_181139_043334_662411fc,662411fc2c56d0c02ce05c695ea52935ceb8d74da8d3bb51759e41a06bd0b419,none,none,none,none,evidence,revision_B_base,revision_B_base,5,200000.0,xlarge,45.0,80.0,5.0,0.5,1.0
30,49,online_static_3step,0.5,0.8,10000.0,0.06072268152918994,8045.0381083886305,0.06084587430360815,69.26862582781457,0.9855634497140774,2416,8421,8422,8485,8486,200010.40142541335,1057.4198045558296,2744,"[[449225.61173775664,6082596.745772712],[449214.2995641282,6082587.881239793],[449269.26070721116,6082528.616585669],[449292.1995647467,6082439.865832659],[449242.4035342498,6082536.341348267]]",da30d6b573da945a3a6089d72f8d2363a22a77cbec12abdad2839810c0e54864,d5a5e2448bef404b817ae25ee807f18fa7db2e9a0bca5af6409b7acd600b6404,none,stationary,matched_prior_exact,1,0,"{""p_d"":0.8,""stage"":""c5-generalization"",""tau"":10000.0,""w"":0.5}",eeba6ec6b36996a8c22ff4c80fa204cd0d918597f69b98666fd42b58b41ef8c4,mountainous,temperate,291223,11.915398298154251,revision_C_base@2ce3a901fecb,2ce3a901fecb5ddde502d0a5eeffb8f48d73c5fd,fab97b80b871eeeac68aa1d75a33173cb368895f3e96803690e3cbc0acb1147d,c5-generalization_20260827_181139_043334_662411fc,662411fc2c56d0c02ce05c695ea52935ceb8d74da8d3bb51759e41a06bd0b419,none,none,none,none,evidence,revision_B_base,revision_B_base,5,200000.0,xlarge,45.0,80.0,5.0,0.5,1.0
30,49,dynamic_3step,0.5,0.8,10000.0,0.23104723442092664,7294.920505524287,0.2314787611436769,12.340825889588519,0.9189681461397441,13658,8485,8486,8485,8486,200004.18290875768,1640.8814770223107,4172,"[[449225.61173775664,6082596.745772712],[449214.2995641282,6082587.881239793],[449269.26070721116,6082528.616585669],[449292.1995647467,6082439.865832659],[449242.4035342498,6082536.341348267]]",da30d6b573da945a3a6089d72f8d2363a22a77cbec12abdad2839810c0e54864,a0de2e060bebebd799e043fc148b76cf8ecf40dda9cde8767b89361f7b333d8b,none,stationary,matched_prior_exact,1,0,"{""p_d"":0.8,""stage"":""c5-generalization"",""tau"":10000.0,""w"":0.5}",eeba6ec6b36996a8c22ff4c80fa204cd0d918597f69b98666fd42b58b41ef8c4,mountainous,temperate,291223,11.915398298154251,revision_C_base@2ce3a901fecb,2ce3a901fecb5ddde502d0a5eeffb8f48d73c5fd,fab97b80b871eeeac68aa1d75a33173cb368895f3e96803690e3cbc0acb1147d,c5-generalization_20260827_181139_043334_662411fc,662411fc2c56d0c02ce05c695ea52935ceb8d74da8d3bb51759e41a06bd0b419,none,none,none,none,evidence,revision_B_base,revision_B_base,5,200000.0,xlarge,45.0,80.0,5.0,0.5,1.0
30,47,online_static_3step,0.5,0.8,10000.0,0.0863252690455502,7903.4913865179105,0.08646432026136562,45.52295353982301,0.9780330597590684,3616,8394,8395,8500,8501,200008.26391647707,1741.1711041321978,4536,"[[449271.2930479796,6082451.591356814],[449244.32414323447,6082545.280258193],[449331.17370903346,6082526.5797372535],[449304.19897277904,6082626.432118412],[449233.5704198328,6082534.797302338]]",f37a78c45eea9b5fca1cf6577c3355577948612c6865c06f445652e9fb7a071d,74ee43edd99c79907b997a8f1649d0537ae08ad95e0de47db7a51a7902d1f288,none,stationary,matched_prior_exact,1,0,"{""p_d"":0.8,""stage"":""c5-generalization"",""tau"":10000.0,""w"":0.5}",eeba6ec6b36996a8c22ff4c80fa204cd0d918597f69b98666fd42b58b41ef8c4,mountainous,temperate,291223,11.915398298154251,revision_C_base@2ce3a901fecb,2ce3a901fecb5ddde502d0a5eeffb8f48d73c5fd,fab97b80b871eeeac68aa1d75a33173cb368895f3e96803690e3cbc0acb1147d,c5-generalization_20260827_181139_043334_662411fc,662411fc2c56d0c02ce05c695ea52935ceb8d74da8d3bb51759e41a06bd0b419,none,none,none,none,evidence,revision_B_base,revision_B_base,5,200000.0,xlarge,45.0,80.0,5.0,0.5,1.0
30,47,dynamic_3step,0.5,0.8,10000.0,0.22059765391836944,7371.892029376293,0.22097975554478588,13.484802552852015,0.9258424440342657,12535,8500,8501,8500,8501,200013.59188142125,1482.0091289703269,4058,"[[449271.2930479796,6082451.591356814],[449244.32414323447,6082545.280258193],[449331.17370903346,6082526.5797372535],[449304.19897277904,6082626.432118412],[449233.5704198328,6082534.797302338]]",f37a78c45eea9b5fca1cf6577c3355577948612c6865c06f445652e9fb7a071d,ead2a021c7bb5404fb245e38aa7789fededf1fd09d00ae3d9e3d7a63a83d57fa,none,stationary,matched_prior_exact,1,0,"{""p_d"":0.8,""stage"":""c5-generalization"",""tau"":10000.0,""w"":0.5}",eeba6ec6b36996a8c22ff4c80fa204cd0d918597f69b98666fd42b58b41ef8c4,mountainous,temperate,291223,11.915398298154251,revision_C_base@2ce3a901fecb,2ce3a901fecb5ddde502d0a5eeffb8f48d73c5fd,fab97b80b871eeeac68aa1d75a33173cb368895f3e96803690e3cbc0acb1147d,c5-generalization_20260827_181139_043334_662411fc,662411fc2c56d0c02ce05c695ea52935ceb8d74da8d3bb51759e41a06bd0b419,none,none,none,none,evidence,revision_B_base,revision_B_base,5,200000.0,xlarge,45.0,80.0,5.0,0.5,1.0
30,46,online_static_3step,0.5,0.8,10000.0,0.05468542383238815,8083.0497962531135,0.05477034754969653,71.56014203284509,0.9860257404248721,2253,8240,8241,8495,8496,200018.5841505606,1849.65956752887,4782,"[[449298.8062982911,6082522.757559592],[449264.6174942929,6082616.356224451],[449302.44020739786,6082526.552113124],[449215.1671474169,6082474.385065644],[449189.4700308672,6082532.075000314]]",f38435657d671b9c9ebfdb5cccb25840575a73e2041670cd6983310a65a3fcbf,49745684eb1c99c3c56c6b503f3f32ab6078fd90efa4fd7f147ac6ad6156656f,none,stationary,matched_prior_exact,1,0,"{""p_d"":0.8,""stage"":""c5-generalization"",""tau"":10000.0,""w"":0.5}",eeba6ec6b36996a8c22ff4c80fa204cd0d918597f69b98666fd42b58b41ef8c4,mountainous,temperate,291223,11.915398298154251,revision_C_base@2ce3a901fecb,2ce3a901fecb5ddde502d0a5eeffb8f48d73c5fd,fab97b80b871eeeac68aa1d75a33173cb368895f3e96803690e3cbc0acb1147d,c5-generalization_20260827_181139_043334_662411fc,662411fc2c56d0c02ce05c695ea52935ceb8d74da8d3bb51759e41a06bd0b419,none,none,none,none,evidence,revision_B_base,revision_B_base,5,200000.0,xlarge,45.0,80.0,5.0,0.5,1.0
30,46,dynamic_3step,0.5,0.8,10000.0,0.24936949706711356,7248.574891977365,0.24988176074564572,11.843434343434344,0.9155650319829425,14256,8495,8496,8495,8496,200015.96913500884,1480.766942948103,4042,"[[449298.8062982911,6082522.757559592],[449264.6174942929,6082616.356224451],[449302.44020739786,6082526.552113124],[449215.1671474169,6082474.385065644],[449189.4700308672,6082532.075000314]]",f38435657d671b9c9ebfdb5cccb25840575a73e2041670cd6983310a65a3fcbf,81c1990505c0740e0aa32cea57a5ed4cb1a561e66ba5189bd2ce8890f1e9fcc3,none,stationary,matched_prior_exact,1,0,"{""p_d"":0.8,""stage"":""c5-generalization"",""tau"":10000.0,""w"":0.5}",eeba6ec6b36996a8c22ff4c80fa204cd0d918597f69b98666fd42b58b41ef8c4,mountainous,temperate,291223,11.915398298154251,revision_C_base@2ce3a901fecb,2ce3a901fecb5ddde502d0a5eeffb8f48d73c5fd,fab97b80b871eeeac68aa1d75a33173cb368895f3e96803690e3cbc0acb1147d,c5-generalization_20260827_181139_043334_662411fc,662411fc2c56d0c02ce05c695ea52935ceb8d74da8d3bb51759e41a06bd0b419,none,none,none,none,evidence,revision_B_base,revision_B_base,5,200000.0,xlarge,45.0,80.0,5.0,0.5,1.0
30,51,online_static_3step,0.5,0.8,10000.0,0.055034008521744254,8092.8009496399745,0.055122030259369306,72.42770299609205,0.9861931283385591,2303,8454,8455,8500,8501,200016.54447411047,1788.6913454837631,4625,"[[449327.59795690567,6082518.681562347],[449274.3084575639,6082585.450361493],[449286.261265037,6082492.937659521],[449305.12457476277,6082457.888390378],[449213.9337848795,6082571.388724489]]",cd757de61f8e58f45a514a9223575275ab1433ea3f9a574d8616433d4ae94948,081dc67b1768b1a6297a2beb6594b0512140cb3290e84fab470bf1d1d8730cdf,none,stationary,matched_prior_exact,1,0,"{""p_d"":0.8,""stage"":""c5-generalization"",""tau"":10000.0,""w"":0.5}",eeba6ec6b36996a8c22ff4c80fa204cd0d918597f69b98666fd42b58b41ef8c4,mountainous,temperate,291223,11.915398298154251,revision_C_base@2ce3a901fecb,2ce3a901fecb5ddde502d0a5eeffb8f48d73c5fd,fab97b80b871eeeac68aa1d75a33173cb368895f3e96803690e3cbc0acb1147d,c5-generalization_20260827_181139_043334_662411fc,662411fc2c56d0c02ce05c695ea52935ceb8d74da8d3bb51759e41a06bd0b419,none,none,none,none,evidence,revision_B_base,revision_B_base,5,200000.0,xlarge,45.0,80.0,5.0,0.5,1.0
30,51,dynamic_3step,0.5,0.8,10000.0,0.21434033344751863,7448.245578869456,0.21471197952183416,13.808321072421121,0.9275798994855888,12234,8500,8501,8500,8501,200024.73495498512,1338.4837495123502,4229,"[[449327.59795690567,6082518.681562347],[449274.3084575639,6082585.450361493],[449286.261265037,6082492.937659521],[449305.12457476277,6082457.888390378],[449213.9337848795,6082571.388724489]]",cd757de61f8e58f45a514a9223575275ab1433ea3f9a574d8616433d4ae94948,55a12dce6dc1f76ac12738e3b33fda81281c3ccc083e97f6ba70cb6baee0504d,none,stationary,matched_prior_exact,1,0,"{""p_d"":0.8,""stage"":""c5-generalization"",""tau"":10000.0,""w"":0.5}",eeba6ec6b36996a8c22ff4c80fa204cd0d918597f69b98666fd42b58b41ef8c4,mountainous,temperate,291223,11.915398298154251,revision_C_base@2ce3a901fecb,2ce3a901fecb5ddde502d0a5eeffb8f48d73c5fd,fab97b80b871eeeac68aa1d75a33173cb368895f3e96803690e3cbc0acb1147d,c5-generalization_20260827_181139_043334_662411fc,662411fc2c56d0c02ce05c695ea52935ceb8d74da8d3bb51759e41a06bd0b419,none,none,none,none,evidence,revision_B_base,revision_B_base,5,200000.0,xlarge,45.0,80.0,5.0,0.5,1.0
30,50,online_static_3step,0.5,0.8,10000.0,0.05472618376445853,8086.29195046066,0.05481352326118157,71.45744680851064,0.9860056572874796,2256,8239,8240,8499,8500,200007.54972916323,2158.4883003600407,5485,"[[449297.0345457604,6082449.497254734],[449181.5349524377,6082509.039704271],[449282.4091184079,6082618.446787967],[449344.16472779034,6082567.903763044],[449233.59588782483,6082567.982182223]]",ae7d02ae14c4e0b1c8ff3ee3bd30cb8444c8da01794411da1a23022162abcbe3,7de68d46944ce3581d9217a329fb65afac10e1570e34eec1aaf0e5cbe86bb2f5,none,stationary,matched_prior_exact,1,0,"{""p_d"":0.8,""stage"":""c5-generalization"",""tau"":10000.0,""w"":0.5}",eeba6ec6b36996a8c22ff4c80fa204cd0d918597f69b98666fd42b58b41ef8c4,mountainous,temperate,291223,11.915398298154251,revision_C_base@2ce3a901fecb,2ce3a901fecb5ddde502d0a5eeffb8f48d73c5fd,fab97b80b871eeeac68aa1d75a33173cb368895f3e96803690e3cbc0acb1147d,c5-generalization_20260827_181139_043334_662411fc,662411fc2c56d0c02ce05c695ea52935ceb8d74da8d3bb51759e41a06bd0b419,none,none,none,none,evidence,revision_B_base,revision_B_base,5,200000.0,xlarge,45.0,80.0,5.0,0.5,1.0
30,50,dynamic_3step,0.5,0.8,10000.0,0.24311189522440407,7313.666586635482,0.2436183372525092,12.021985058697972,0.916819061484651,14055,8499,8500,8499,8500,200004.04313492312,1242.696444769157,4128,"[[449297.0345457604,6082449.497254734],[449181.5349524377,6082509.039704271],[449282.4091184079,6082618.446787967],[449344.16472779034,6082567.903763044],[449233.59588782483,6082567.982182223]]",ae7d02ae14c4e0b1c8ff3ee3bd30cb8444c8da01794411da1a23022162abcbe3,d7b5f71709c5f165a49796489fd5945700ab50df5773106ec7ebbf5be3a47d92,none,stationary,matched_prior_exact,1,0,"{""p_d"":0.8,""stage"":""c5-generalization"",""tau"":10000.0,""w"":0.5}",eeba6ec6b36996a8c22ff4c80fa204cd0d918597f69b98666fd42b58b41ef8c4,mountainous,temperate,291223,11.915398298154251,revision_C_base@2ce3a901fecb,2ce3a901fecb5ddde502d0a5eeffb8f48d73c5fd,fab97b80b871eeeac68aa1d75a33173cb368895f3e96803690e3cbc0acb1147d,c5-generalization_20260827_181139_043334_662411fc,662411fc2c56d0c02ce05c695ea52935ceb8d74da8d3bb51759e41a06bd0b419,none,none,none,none,evidence,revision_B_base,revision_B_base,5,200000.0,xlarge,45.0,80.0,5.0,0.5,1.0
