dataset,planning_seed,planning_mode,w,p_d,tau,P_detect,RMST,L,exposure_multiplicity,revisit_fraction,observed_cells,T,H,T_common,H_common,actual_distance_total,planner_wall_time,number_of_replans,initial_positions,initial_positions_hash,trajectory_hash,simulation_victim_model,evaluation_victim_model,victim_sampling_model,evaluation_num_victims,simulation_num_victims,condition_key,condition_key_hash,mobility_model,P_detect_realized,T_detect_realized,victim_seed,sensor_seed,victim_trajectory_hash,sensor_uniforms_hash,victim_start_cell,effective_victim_speed,effective_dt,effective_p_d,condition_id,implementation_version,git_commit,source_hash,experiment_id,config_hash,distribution_seed,failure_seed,belief_model,fix_profile,behavior_profile,num_drones,budget,size,fov_deg,altitude,drone_speed,victim_speed,dt
1,45,online_static_3step,0.5,0.8,10000.0,0.0,8670.0,0.15121713552208552,0.0,0.9793385804946498,3578,8669,8670,8669,8670,200017.23400304257,377.24769028881565,3929,"[[520594.86011050467,5662879.965744384],[520667.7347539138,5662822.443784041],[520571.91917911393,5662906.536769972],[520682.0505419891,5662838.300736998],[520591.23509777116,5662956.723982938]]",ca931493022139a148c52ef6d877841359de94e3965a4155825ef527a006aee9,57f64cab67d95fb323797b6f99e5c2399ca70ce0ed5ce10f00973a0411795f94,none,random_walk,"stationary_victim_cell(P,victim_seed)",1,0,"{""p_d"":0.8,""stage"":""c3-mobility"",""tau"":10000.0,""w"":0.5}",c59ed08e2275f6d0d65001dcf837c9c881169637068f1659448d079a2119a4b2,random_walk,0.0,8670,504870641,1880228283,7e903cb148d10b0ecf35d882d7f7e4365e868a8989926e8d9a65d6d01e2f689c,22993a906811c6c74b390d21c9da32c4a1fa640f624d02917081c94f00a8e24f,197771,0.5,1.0,0.8,random_walk,revision_C_base@7b52d9149fd5,7b52d9149fd569229bcf4dbdfab434edfabc2e03,7821c330697bd81d6d7c78669e14fc4e785ea7c98d4305a8f8d4a52af044ffbd,c3-mobility_20260827_043124_280564_ae41202c,ae41202c062c1192bd5014d07cc3e7ddd086315bbffcca5260a97b6938aacfd9,none,none,evidence,revision_B_base,revision_B_base,5,200000.0,xlarge,45.0,80.0,5.0,0.5,1.0
1,45,dynamic_3step,0.5,0.8,10000.0,0.0,8670.0,0.3624962066517237,0.0,0.9179002290058313,13910,8508,8509,8669,8670,200000.05829476897,425.14403006457724,3893,"[[520594.86011050467,5662879.965744384],[520667.7347539138,5662822.443784041],[520571.91917911393,5662906.536769972],[520682.0505419891,5662838.300736998],[520591.23509777116,5662956.723982938]]",ca931493022139a148c52ef6d877841359de94e3965a4155825ef527a006aee9,77fc062aad21d5c7b7e190751b19404242d07b25314255217fd149f4ba4563aa,none,random_walk,"stationary_victim_cell(P,victim_seed)",1,0,"{""p_d"":0.8,""stage"":""c3-mobility"",""tau"":10000.0,""w"":0.5}",c59ed08e2275f6d0d65001dcf837c9c881169637068f1659448d079a2119a4b2,random_walk,0.0,8670,504870641,1880228283,7e903cb148d10b0ecf35d882d7f7e4365e868a8989926e8d9a65d6d01e2f689c,22993a906811c6c74b390d21c9da32c4a1fa640f624d02917081c94f00a8e24f,197771,0.5,1.0,0.8,random_walk,revision_C_base@7b52d9149fd5,7b52d9149fd569229bcf4dbdfab434edfabc2e03,7821c330697bd81d6d7c78669e14fc4e785ea7c98d4305a8f8d4a52af044ffbd,c3-mobility_20260827_043124_280564_ae41202c,ae41202c062c1192bd5014d07cc3e7ddd086315bbffcca5260a97b6938aacfd9,none,none,evidence,revision_B_base,revision_B_base,5,200000.0,xlarge,45.0,80.0,5.0,0.5,1.0
1,45,online_static_3step,0.5,0.8,10000.0,0.0,8670.0,0.15121713552208552,0.0,0.9793385804946498,3578,8669,8670,8669,8670,200017.23400304257,377.24769028881565,3929,"[[520594.86011050467,5662879.965744384],[520667.7347539138,5662822.443784041],[520571.91917911393,5662906.536769972],[520682.0505419891,5662838.300736998],[520591.23509777116,5662956.723982938]]",ca931493022139a148c52ef6d877841359de94e3965a4155825ef527a006aee9,57f64cab67d95fb323797b6f99e5c2399ca70ce0ed5ce10f00973a0411795f94,none,route_following,"stationary_victim_cell(P,victim_seed)",1,0,"{""p_d"":0.8,""stage"":""c3-mobility"",""tau"":10000.0,""w"":0.5}",c59ed08e2275f6d0d65001dcf837c9c881169637068f1659448d079a2119a4b2,route_following,0.0,8670,504870641,1880228283,ca44817b138764e52fc2d4947797d7a674ca493d9db3b296ca4e08ded7ab4919,22993a906811c6c74b390d21c9da32c4a1fa640f624d02917081c94f00a8e24f,197771,0.5,1.0,0.8,route_following,revision_C_base@7b52d9149fd5,7b52d9149fd569229bcf4dbdfab434edfabc2e03,7821c330697bd81d6d7c78669e14fc4e785ea7c98d4305a8f8d4a52af044ffbd,c3-mobility_20260827_043124_280564_ae41202c,ae41202c062c1192bd5014d07cc3e7ddd086315bbffcca5260a97b6938aacfd9,none,none,evidence,revision_B_base,revision_B_base,5,200000.0,xlarge,45.0,80.0,5.0,0.5,1.0
1,45,dynamic_3step,0.5,0.8,10000.0,0.0,8670.0,0.3624962066517237,0.0,0.9179002290058313,13910,8508,8509,8669,8670,200000.05829476897,425.14403006457724,3893,"[[520594.86011050467,5662879.965744384],[520667.7347539138,5662822.443784041],[520571.91917911393,5662906.536769972],[520682.0505419891,5662838.300736998],[520591.23509777116,5662956.723982938]]",ca931493022139a148c52ef6d877841359de94e3965a4155825ef527a006aee9,77fc062aad21d5c7b7e190751b19404242d07b25314255217fd149f4ba4563aa,none,route_following,"stationary_victim_cell(P,victim_seed)",1,0,"{""p_d"":0.8,""stage"":""c3-mobility"",""tau"":10000.0,""w"":0.5}",c59ed08e2275f6d0d65001dcf837c9c881169637068f1659448d079a2119a4b2,route_following,0.0,8670,504870641,1880228283,ca44817b138764e52fc2d4947797d7a674ca493d9db3b296ca4e08ded7ab4919,22993a906811c6c74b390d21c9da32c4a1fa640f624d02917081c94f00a8e24f,197771,0.5,1.0,0.8,route_following,revision_C_base@7b52d9149fd5,7b52d9149fd569229bcf4dbdfab434edfabc2e03,7821c330697bd81d6d7c78669e14fc4e785ea7c98d4305a8f8d4a52af044ffbd,c3-mobility_20260827_043124_280564_ae41202c,ae41202c062c1192bd5014d07cc3e7ddd086315bbffcca5260a97b6938aacfd9,none,none,evidence,revision_B_base,revision_B_base,5,200000.0,xlarge,45.0,80.0,5.0,0.5,1.0
1,45,online_static_3step,0.5,0.8,10000.0,0.0,8670.0,0.15121713552208552,0.0,0.9793385804946498,3578,8669,8670,8669,8670,200017.23400304257,377.24769028881565,3929,"[[520594.86011050467,5662879.965744384],[520667.7347539138,5662822.443784041],[520571.91917911393,5662906.536769972],[520682.0505419891,5662838.300736998],[520591.23509777116,5662956.723982938]]",ca931493022139a148c52ef6d877841359de94e3965a4155825ef527a006aee9,57f64cab67d95fb323797b6f99e5c2399ca70ce0ed5ce10f00973a0411795f94,none,lost_person,"stationary_victim_cell(P,victim_seed)",1,0,"{""p_d"":0.8,""stage"":""c3-mobility"",""tau"":10000.0,""w"":0.5}",c59ed08e2275f6d0d65001dcf837c9c881169637068f1659448d079a2119a4b2,lost_person,0.0,8670,504870641,1880228283,2e9963fb0c7e2e74aa22a63af2673c9949406bf7bbb33b9d897d866e0ce868c6,22993a906811c6c74b390d21c9da32c4a1fa640f624d02917081c94f00a8e24f,197771,0.5,1.0,0.8,lost_person,revision_C_base@7b52d9149fd5,7b52d9149fd569229bcf4dbdfab434edfabc2e03,7821c330697bd81d6d7c78669e14fc4e785ea7c98d4305a8f8d4a52af044ffbd,c3-mobility_20260827_043124_280564_ae41202c,ae41202c062c1192bd5014d07cc3e7ddd086315bbffcca5260a97b6938aacfd9,none,none,evidence,revision_B_base,revision_B_base,5,200000.0,xlarge,45.0,80.0,5.0,0.5,1.0
1,45,dynamic_3step,0.5,0.8,10000.0,0.0,8670.0,0.3624962066517237,0.0,0.9179002290058313,13910,8508,8509,8669,8670,200000.05829476897,425.14403006457724,3893,"[[520594.86011050467,5662879.965744384],[520667.7347539138,5662822.443784041],[520571.91917911393,5662906.536769972],[520682.0505419891,5662838.300736998],[520591.23509777116,5662956.723982938]]",ca931493022139a148c52ef6d877841359de94e3965a4155825ef527a006aee9,77fc062aad21d5c7b7e190751b19404242d07b25314255217fd149f4ba4563aa,none,lost_person,"stationary_victim_cell(P,victim_seed)",1,0,"{""p_d"":0.8,""stage"":""c3-mobility"",""tau"":10000.0,""w"":0.5}",c59ed08e2275f6d0d65001dcf837c9c881169637068f1659448d079a2119a4b2,lost_person,0.0,8670,504870641,1880228283,2e9963fb0c7e2e74aa22a63af2673c9949406bf7bbb33b9d897d866e0ce868c6,22993a906811c6c74b390d21c9da32c4a1fa640f624d02917081c94f00a8e24f,197771,0.5,1.0,0.8,lost_person,revision_C_base@7b52d9149fd5,7b52d9149fd569229bcf4dbdfab434edfabc2e03,7821c330697bd81d6d7c78669e14fc4e785ea7c98d4305a8f8d4a52af044ffbd,c3-mobility_20260827_043124_280564_ae41202c,ae41202c062c1192bd5014d07cc3e7ddd086315bbffcca5260a97b6938aacfd9,none,none,evidence,revision_B_base,revision_B_base,5,200000.0,xlarge,45.0,80.0,5.0,0.5,1.0
1,46,online_static_3step,0.5,0.8,10000.0,0.0,8626.0,0.25581766724835997,0.0,0.9556586119925149,7630,8625,8626,8625,8626,200017.97112690134,405.60362080391496,4148,"[[520683.0606025209,5662896.673861332],[520648.8717985227,5662990.272526192],[520686.69451162766,5662900.4684148645],[520599.4214516467,5662848.301367384],[520573.724335097,5662905.991302054]]",c3a107a1fc646545ced1bed510f83f2557068c38968fadd0196b04e59ec82149,5f5e07af683d2d05ef33e0229b0385136fc24d439c7dafe91c23a0b4430c5669,none,random_walk,"stationary_victim_cell(P,victim_seed)",1,0,"{""p_d"":0.8,""stage"":""c3-mobility"",""tau"":10000.0,""w"":0.5}",c59ed08e2275f6d0d65001dcf837c9c881169637068f1659448d079a2119a4b2,random_walk,0.0,8626,3178750084,2632101943,2acb41d6b02e9b2eb152d1fc8b237cb74be2526a79067e1ce706e7b5886d66fd,f3a65979d74c2a24834e66d30b83362f0c8e2021b1c694db88c19d8405ed2768,221995,0.5,1.0,0.8,random_walk,revision_C_base@7b52d9149fd5,7b52d9149fd569229bcf4dbdfab434edfabc2e03,7821c330697bd81d6d7c78669e14fc4e785ea7c98d4305a8f8d4a52af044ffbd,c3-mobility_20260827_043124_280564_ae41202c,ae41202c062c1192bd5014d07cc3e7ddd086315bbffcca5260a97b6938aacfd9,none,none,evidence,revision_B_base,revision_B_base,5,200000.0,xlarge,45.0,80.0,5.0,0.5,1.0
1,46,dynamic_3step,0.5,0.8,10000.0,0.0,8626.0,0.32384958123177887,0.0,0.9317159080199793,11593,8522,8523,8625,8626,200018.8445497253,426.6779467004817,4081,"[[520683.0606025209,5662896.673861332],[520648.8717985227,5662990.272526192],[520686.69451162766,5662900.4684148645],[520599.4214516467,5662848.301367384],[520573.724335097,5662905.991302054]]",c3a107a1fc646545ced1bed510f83f2557068c38968fadd0196b04e59ec82149,b44436d8ebd0be21d4223f47e3a208c0bc8099ec1fa7d03293df3c9fd9777bb5,none,random_walk,"stationary_victim_cell(P,victim_seed)",1,0,"{""p_d"":0.8,""stage"":""c3-mobility"",""tau"":10000.0,""w"":0.5}",c59ed08e2275f6d0d65001dcf837c9c881169637068f1659448d079a2119a4b2,random_walk,0.0,8626,3178750084,2632101943,2acb41d6b02e9b2eb152d1fc8b237cb74be2526a79067e1ce706e7b5886d66fd,f3a65979d74c2a24834e66d30b83362f0c8e2021b1c694db88c19d8405ed2768,221995,0.5,1.0,0.8,random_walk,revision_C_base@7b52d9149fd5,7b52d9149fd569229bcf4dbdfab434edfabc2e03,7821c330697bd81d6d7c78669e14fc4e785ea7c98d4305a8f8d4a52af044ffbd,c3-mobility_20260827_043124_280564_ae41202c,ae41202c062c1192bd5014d07cc3e7ddd086315bbffcca5260a97b6938aacfd9,none,none,evidence,revision_B_base,revision_B_base,5,200000.0,xlarge,45.0,80.0,5.0,0.5,1.0
1,46,online_static_3step,0.5,0.8,10000.0,0.0,8626.0,0.25581766724835997,0.0,0.9556586119925149,7630,8625,8626,8625,8626,200017.97112690134,405.60362080391496,4148,"[[520683.0606025209,5662896.673861332],[520648.8717985227,5662990.272526192],[520686.69451162766,5662900.4684148645],[520599.4214516467,5662848.301367384],[520573.724335097,5662905.991302054]]",c3a107a1fc646545ced1bed510f83f2557068c38968fadd0196b04e59ec82149,5f5e07af683d2d05ef33e0229b0385136fc24d439c7dafe91c23a0b4430c5669,none,route_following,"stationary_victim_cell(P,victim_seed)",1,0,"{""p_d"":0.8,""stage"":""c3-mobility"",""tau"":10000.0,""w"":0.5}",c59ed08e2275f6d0d65001dcf837c9c881169637068f1659448d079a2119a4b2,route_following,0.0,8626,3178750084,2632101943,abbd1e3b1c6f27a56a6d38f0966376b23669dee8835c7a7bcd3f706fb2ff4ac8,f3a65979d74c2a24834e66d30b83362f0c8e2021b1c694db88c19d8405ed2768,221995,0.5,1.0,0.8,route_following,revision_C_base@7b52d9149fd5,7b52d9149fd569229bcf4dbdfab434edfabc2e03,7821c330697bd81d6d7c78669e14fc4e785ea7c98d4305a8f8d4a52af044ffbd,c3-mobility_20260827_043124_280564_ae41202c,ae41202c062c1192bd5014d07cc3e7ddd086315bbffcca5260a97b6938aacfd9,none,none,evidence,revision_B_base,revision_B_base,5,200000.0,xlarge,45.0,80.0,5.0,0.5,1.0
1,46,dynamic_3step,0.5,0.8,10000.0,0.0,8626.0,0.32384958123177887,0.0,0.9317159080199793,11593,8522,8523,8625,8626,200018.8445497253,426.6779467004817,4081,"[[520683.0606025209,5662896.673861332],[520648.8717985227,5662990.272526192],[520686.69451162766,5662900.4684148645],[520599.4214516467,5662848.301367384],[520573.724335097,5662905.991302054]]",c3a107a1fc646545ced1bed510f83f2557068c38968fadd0196b04e59ec82149,b44436d8ebd0be21d4223f47e3a208c0bc8099ec1fa7d03293df3c9fd9777bb5,none,route_following,"stationary_victim_cell(P,victim_seed)",1,0,"{""p_d"":0.8,""stage"":""c3-mobility"",""tau"":10000.0,""w"":0.5}",c59ed08e2275f6d0d65001dcf837c9c881169637068f1659448d079a2119a4b2,route_following,0.0,8626,3178750084,2632101943,abbd1e3b1c6f27a56a6d38f0966376b23669dee8835c7a7bcd3f706fb2ff4ac8,f3a65979d74c2a24834e66d30b83362f0c8e2021b1c694db88c19d8405ed2768,221995,0.5,1.0,0.8,route_following,revision_C_base@7b52d9149fd5,7b52d9149fd569229bcf4dbdfab434edfabc2e03,7821c330697bd81d6d7c78669e14fc4e785ea7c98d4305a8f8d4a52af044ffbd,c3-mobility_20260827_043124_280564_ae41202c,ae41202c062c1192bd5014d07cc3e7ddd086315bbffcca5260a97b6938aacfd9,none,none,evidence,revision_B_base,revision_B_base,5,200000.0,xlarge,45.0,80.0,5.0,0.5,1.0
1,46,online_static_3step,0.5,0.8,10000.0,0.0,8626.0,0.25581766724835997,0.0,0.9556586119925149,7630,8625,8626,8625,8626,200017.97112690134,405.60362080391496,4148,"[[520683.0606025209,5662896.673861332],[520648.8717985227,5662990.272526192],[520686.69451162766,5662900.4684148645],[520599.4214516467,5662848.301367384],[520573.724335097,5662905.991302054]]",c3a107a1fc646545ced1bed510f83f2557068c38968fadd0196b04e59ec82149,5f5e07af683d2d05ef33e0229b0385136fc24d439c7dafe91c23a0b4430c5669,none,lost_person,"stationary_victim_cell(P,victim_seed)",1,0,"{""p_d"":0.8,""stage"":""c3-mobility"",""tau"":10000.0,""w"":0.5}",c59ed08e2275f6d0d65001dcf837c9c881169637068f1659448d079a2119a4b2,lost_person,0.0,8626,3178750084,2632101943,354cddd52ffaa3f50af7791b0f20df1e059e67e6f4ca2a42f329d7204976cb49,f3a65979d74c2a24834e66d30b83362f0c8e2021b1c694db88c19d8405ed2768,221995,0.5,1.0,0.8,lost_person,revision_C_base@7b52d9149fd5,7b52d9149fd569229bcf4dbdfab434edfabc2e03,7821c330697bd81d6d7c78669e14fc4e785ea7c98d4305a8f8d4a52af044ffbd,c3-mobility_20260827_043124_280564_ae41202c,ae41202c062c1192bd5014d07cc3e7ddd086315bbffcca5260a97b6938aacfd9,none,none,evidence,revision_B_base,revision_B_base,5,200000.0,xlarge,45.0,80.0,5.0,0.5,1.0
1,46,dynamic_3step,0.5,0.8,10000.0,0.0,8626.0,0.32384958123177887,0.0,0.9317159080199793,11593,8522,8523,8625,8626,200018.8445497253,426.6779467004817,4081,"[[520683.0606025209,5662896.673861332],[520648.8717985227,5662990.272526192],[520686.69451162766,5662900.4684148645],[520599.4214516467,5662848.301367384],[520573.724335097,5662905.991302054]]",c3a107a1fc646545ced1bed510f83f2557068c38968fadd0196b04e59ec82149,b44436d8ebd0be21d4223f47e3a208c0bc8099ec1fa7d03293df3c9fd9777bb5,none,lost_person,"stationary_victim_cell(P,victim_seed)",1,0,"{""p_d"":0.8,""stage"":""c3-mobility"",""tau"":10000.0,""w"":0.5}",c59ed08e2275f6d0d65001dcf837c9c881169637068f1659448d079a2119a4b2,lost_person,0.0,8626,3178750084,2632101943,354cddd52ffaa3f50af7791b0f20df1e059e67e6f4ca2a42f329d7204976cb49,f3a65979d74c2a24834e66d30b83362f0c8e2021b1c694db88c19d8405ed2768,221995,0.5,1.0,0.8,lost_person,revision_C_base@7b52d9149fd5,7b52d9149fd569229bcf4dbdfab434edfabc2e03,7821c330697bd81d6d7c78669e14fc4e785ea7c98d4305a8f8d4a52af044ffbd,c3-mobility_20260827_043124_280564_ae41202c,ae41202c062c1192bd5014d07cc3e7ddd086315bbffcca5260a97b6938aacfd9,none,none,evidence,revision_B_base,revision_B_base,5,200000.0,xlarge,45.0,80.0,5.0,0.5,1.0
1,42,online_static_3step,0.5,0.8,10000.0,0.0,8677.0,0.22946107417453482,0.0,0.9623667709788797,6518,8676,8677,8676,8677,200022.46158781106,410.82958395686,4219,"[[520669.9511760232,5662846.707767202],[520712.6785931303,5662847.395729886],[520741.99673526455,5662967.3026087405],[520666.2176493371,5662823.763432814],[520706.5342354978,5662960.580354788]]",e1541ec4c3203a188985ea123665c7c591f0a562c0e752375a546fd88a55f8b9,999baefbe15b45509ad10352e98af31e681a65799212995e70486c1165857a61,none,random_walk,"stationary_victim_cell(P,victim_seed)",1,0,"{""p_d"":0.8,""stage"":""c3-mobility"",""tau"":10000.0,""w"":0.5}",c59ed08e2275f6d0d65001dcf837c9c881169637068f1659448d079a2119a4b2,random_walk,0.0,8677,1861554555,37846349,a53cebc9521fa2ca8bed7d85e4b0d1088ccbe82d856c462775fc47966c1ec5f5,81367d7412b81535c318fdcd7b4dc01f65637e70468dbadfe5f469134a29172e,261019,0.5,1.0,0.8,random_walk,revision_C_base@7b52d9149fd5,7b52d9149fd569229bcf4dbdfab434edfabc2e03,7821c330697bd81d6d7c78669e14fc4e785ea7c98d4305a8f8d4a52af044ffbd,c3-mobility_20260827_043124_280564_ae41202c,ae41202c062c1192bd5014d07cc3e7ddd086315bbffcca5260a97b6938aacfd9,none,none,evidence,revision_B_base,revision_B_base,5,200000.0,xlarge,45.0,80.0,5.0,0.5,1.0
1,42,dynamic_3step,0.5,0.8,10000.0,0.992,5892.679999999469,0.3692315003426831,3.0,0.9148992733502688,14405,8501,8502,8676,8677,200005.17970534146,430.1583753717132,3967,"[[520669.9511760232,5662846.707767202],[520712.6785931303,5662847.395729886],[520741.99673526455,5662967.3026087405],[520666.2176493371,5662823.763432814],[520706.5342354978,5662960.580354788]]",e1541ec4c3203a188985ea123665c7c591f0a562c0e752375a546fd88a55f8b9,e0670cd592efa42f2c965d6a2b123d419255db52c175aaf2f6987ab78d7ef01c,none,random_walk,"stationary_victim_cell(P,victim_seed)",1,0,"{""p_d"":0.8,""stage"":""c3-mobility"",""tau"":10000.0,""w"":0.5}",c59ed08e2275f6d0d65001dcf837c9c881169637068f1659448d079a2119a4b2,random_walk,1.0,5871,1861554555,37846349,a53cebc9521fa2ca8bed7d85e4b0d1088ccbe82d856c462775fc47966c1ec5f5,81367d7412b81535c318fdcd7b4dc01f65637e70468dbadfe5f469134a29172e,261019,0.5,1.0,0.8,random_walk,revision_C_base@7b52d9149fd5,7b52d9149fd569229bcf4dbdfab434edfabc2e03,7821c330697bd81d6d7c78669e14fc4e785ea7c98d4305a8f8d4a52af044ffbd,c3-mobility_20260827_043124_280564_ae41202c,ae41202c062c1192bd5014d07cc3e7ddd086315bbffcca5260a97b6938aacfd9,none,none,evidence,revision_B_base,revision_B_base,5,200000.0,xlarge,45.0,80.0,5.0,0.5,1.0
1,42,online_static_3step,0.5,0.8,10000.0,0.0,8677.0,0.22946107417453482,0.0,0.9623667709788797,6518,8676,8677,8676,8677,200022.46158781106,410.82958395686,4219,"[[520669.9511760232,5662846.707767202],[520712.6785931303,5662847.395729886],[520741.99673526455,5662967.3026087405],[520666.2176493371,5662823.763432814],[520706.5342354978,5662960.580354788]]",e1541ec4c3203a188985ea123665c7c591f0a562c0e752375a546fd88a55f8b9,999baefbe15b45509ad10352e98af31e681a65799212995e70486c1165857a61,none,route_following,"stationary_victim_cell(P,victim_seed)",1,0,"{""p_d"":0.8,""stage"":""c3-mobility"",""tau"":10000.0,""w"":0.5}",c59ed08e2275f6d0d65001dcf837c9c881169637068f1659448d079a2119a4b2,route_following,0.0,8677,1861554555,37846349,ef255d8d00c4d5f7f31f8736e1b55e8dc282132e6e8186520ce4f813ff1b8217,81367d7412b81535c318fdcd7b4dc01f65637e70468dbadfe5f469134a29172e,261019,0.5,1.0,0.8,route_following,revision_C_base@7b52d9149fd5,7b52d9149fd569229bcf4dbdfab434edfabc2e03,7821c330697bd81d6d7c78669e14fc4e785ea7c98d4305a8f8d4a52af044ffbd,c3-mobility_20260827_043124_280564_ae41202c,ae41202c062c1192bd5014d07cc3e7ddd086315bbffcca5260a97b6938aacfd9,none,none,evidence,revision_B_base,revision_B_base,5,200000.0,xlarge,45.0,80.0,5.0,0.5,1.0
1,42,dynamic_3step,0.5,0.8,10000.0,0.9999998976,4840.250391859232,0.3692315003426831,10.0,0.9148992733502688,14405,8501,8502,8676,8677,200005.17970534146,430.1583753717132,3967,"[[520669.9511760232,5662846.707767202],[520712.6785931303,5662847.395729886],[520741.99673526455,5662967.3026087405],[520666.2176493371,5662823.763432814],[520706.5342354978,5662960.580354788]]",e1541ec4c3203a188985ea123665c7c591f0a562c0e752375a546fd88a55f8b9,e0670cd592efa42f2c965d6a2b123d419255db52c175aaf2f6987ab78d7ef01c,none,route_following,"stationary_victim_cell(P,victim_seed)",1,0,"{""p_d"":0.8,""stage"":""c3-mobility"",""tau"":10000.0,""w"":0.5}",c59ed08e2275f6d0d65001dcf837c9c881169637068f1659448d079a2119a4b2,route_following,1.0,4840,1861554555,37846349,ef255d8d00c4d5f7f31f8736e1b55e8dc282132e6e8186520ce4f813ff1b8217,81367d7412b81535c318fdcd7b4dc01f65637e70468dbadfe5f469134a29172e,261019,0.5,1.0,0.8,route_following,revision_C_base@7b52d9149fd5,7b52d9149fd569229bcf4dbdfab434edfabc2e03,7821c330697bd81d6d7c78669e14fc4e785ea7c98d4305a8f8d4a52af044ffbd,c3-mobility_20260827_043124_280564_ae41202c,ae41202c062c1192bd5014d07cc3e7ddd086315bbffcca5260a97b6938aacfd9,none,none,evidence,revision_B_base,revision_B_base,5,200000.0,xlarge,45.0,80.0,5.0,0.5,1.0
1,42,online_static_3step,0.5,0.8,10000.0,0.0,8677.0,0.22946107417453482,0.0,0.9623667709788797,6518,8676,8677,8676,8677,200022.46158781106,410.82958395686,4219,"[[520669.9511760232,5662846.707767202],[520712.6785931303,5662847.395729886],[520741.99673526455,5662967.3026087405],[520666.2176493371,5662823.763432814],[520706.5342354978,5662960.580354788]]",e1541ec4c3203a188985ea123665c7c591f0a562c0e752375a546fd88a55f8b9,999baefbe15b45509ad10352e98af31e681a65799212995e70486c1165857a61,none,lost_person,"stationary_victim_cell(P,victim_seed)",1,0,"{""p_d"":0.8,""stage"":""c3-mobility"",""tau"":10000.0,""w"":0.5}",c59ed08e2275f6d0d65001dcf837c9c881169637068f1659448d079a2119a4b2,lost_person,0.0,8677,1861554555,37846349,160cc1576ab847f416d949bae406a14b4c797ccfd6021a40e27036c2bd24efee,81367d7412b81535c318fdcd7b4dc01f65637e70468dbadfe5f469134a29172e,261019,0.5,1.0,0.8,lost_person,revision_C_base@7b52d9149fd5,7b52d9149fd569229bcf4dbdfab434edfabc2e03,7821c330697bd81d6d7c78669e14fc4e785ea7c98d4305a8f8d4a52af044ffbd,c3-mobility_20260827_043124_280564_ae41202c,ae41202c062c1192bd5014d07cc3e7ddd086315bbffcca5260a97b6938aacfd9,none,none,evidence,revision_B_base,revision_B_base,5,200000.0,xlarge,45.0,80.0,5.0,0.5,1.0
1,42,dynamic_3step,0.5,0.8,10000.0,0.0,8677.0,0.3692315003426831,0.0,0.9148992733502688,14405,8501,8502,8676,8677,200005.17970534146,430.1583753717132,3967,"[[520669.9511760232,5662846.707767202],[520712.6785931303,5662847.395729886],[520741.99673526455,5662967.3026087405],[520666.2176493371,5662823.763432814],[520706.5342354978,5662960.580354788]]",e1541ec4c3203a188985ea123665c7c591f0a562c0e752375a546fd88a55f8b9,e0670cd592efa42f2c965d6a2b123d419255db52c175aaf2f6987ab78d7ef01c,none,lost_person,"stationary_victim_cell(P,victim_seed)",1,0,"{""p_d"":0.8,""stage"":""c3-mobility"",""tau"":10000.0,""w"":0.5}",c59ed08e2275f6d0d65001dcf837c9c881169637068f1659448d079a2119a4b2,lost_person,0.0,8677,1861554555,37846349,160cc1576ab847f416d949bae406a14b4c797ccfd6021a40e27036c2bd24efee,81367d7412b81535c318fdcd7b4dc01f65637e70468dbadfe5f469134a29172e,261019,0.5,1.0,0.8,lost_person,revision_C_base@7b52d9149fd5,7b52d9149fd569229bcf4dbdfab434edfabc2e03,7821c330697bd81d6d7c78669e14fc4e785ea7c98d4305a8f8d4a52af044ffbd,c3-mobility_20260827_043124_280564_ae41202c,ae41202c062c1192bd5014d07cc3e7ddd086315bbffcca5260a97b6938aacfd9,none,none,evidence,revision_B_base,revision_B_base,5,200000.0,xlarge,45.0,80.0,5.0,0.5,1.0
1,51,online_static_3step,0.5,0.8,10000.0,0.0,8976.0,0.22076569450236122,0.0,0.9654852881249966,6183,8975,8976,8975,8976,200013.3662323596,349.88250438845716,3549,"[[520711.8522611355,5662892.597864088],[520658.5627617937,5662959.366663233],[520670.5155692668,5662866.853961261],[520689.3788789926,5662831.804692118],[520598.1880891093,5662945.3050262295]]",6fd43b0bf15e2a3328db22762d4ed33f7ce69b03a8096df04e90603800be5e91,1863098a13672c53ba68ec8e812057202fb714411c72e8fd09b8b9bd43fa01c5,none,random_walk,"stationary_victim_cell(P,victim_seed)",1,0,"{""p_d"":0.8,""stage"":""c3-mobility"",""tau"":10000.0,""w"":0.5}",c59ed08e2275f6d0d65001dcf837c9c881169637068f1659448d079a2119a4b2,random_walk,0.0,8976,960191608,1204433000,923cb93ff3505647a54f554b0ef86ef3f5cea03bcf88fb6fc1e4964c1005a82e,266a6429bdc81f6e9e3473ff9d44ce4f5adca9a2fa755ed38c33bf0db7486a9a,274099,0.5,1.0,0.8,random_walk,revision_C_base@7b52d9149fd5,7b52d9149fd569229bcf4dbdfab434edfabc2e03,7821c330697bd81d6d7c78669e14fc4e785ea7c98d4305a8f8d4a52af044ffbd,c3-mobility_20260827_043124_280564_ae41202c,ae41202c062c1192bd5014d07cc3e7ddd086315bbffcca5260a97b6938aacfd9,none,none,evidence,revision_B_base,revision_B_base,5,200000.0,xlarge,45.0,80.0,5.0,0.5,1.0
1,51,dynamic_3step,0.5,0.8,10000.0,0.0,8976.0,0.3650127068700759,0.0,0.9159468379691679,14236,8509,8510,8975,8976,200008.2785282884,437.64471153123304,4061,"[[520711.8522611355,5662892.597864088],[520658.5627617937,5662959.366663233],[520670.5155692668,5662866.853961261],[520689.3788789926,5662831.804692118],[520598.1880891093,5662945.3050262295]]",6fd43b0bf15e2a3328db22762d4ed33f7ce69b03a8096df04e90603800be5e91,a87414458ca8493b96ff01464b4294ed426935680d2a37f2b90633a882474153,none,random_walk,"stationary_victim_cell(P,victim_seed)",1,0,"{""p_d"":0.8,""stage"":""c3-mobility"",""tau"":10000.0,""w"":0.5}",c59ed08e2275f6d0d65001dcf837c9c881169637068f1659448d079a2119a4b2,random_walk,0.0,8976,960191608,1204433000,923cb93ff3505647a54f554b0ef86ef3f5cea03bcf88fb6fc1e4964c1005a82e,266a6429bdc81f6e9e3473ff9d44ce4f5adca9a2fa755ed38c33bf0db7486a9a,274099,0.5,1.0,0.8,random_walk,revision_C_base@7b52d9149fd5,7b52d9149fd569229bcf4dbdfab434edfabc2e03,7821c330697bd81d6d7c78669e14fc4e785ea7c98d4305a8f8d4a52af044ffbd,c3-mobility_20260827_043124_280564_ae41202c,ae41202c062c1192bd5014d07cc3e7ddd086315bbffcca5260a97b6938aacfd9,none,none,evidence,revision_B_base,revision_B_base,5,200000.0,xlarge,45.0,80.0,5.0,0.5,1.0
1,51,online_static_3step,0.5,0.8,10000.0,0.0,8976.0,0.22076569450236122,0.0,0.9654852881249966,6183,8975,8976,8975,8976,200013.3662323596,349.88250438845716,3549,"[[520711.8522611355,5662892.597864088],[520658.5627617937,5662959.366663233],[520670.5155692668,5662866.853961261],[520689.3788789926,5662831.804692118],[520598.1880891093,5662945.3050262295]]",6fd43b0bf15e2a3328db22762d4ed33f7ce69b03a8096df04e90603800be5e91,1863098a13672c53ba68ec8e812057202fb714411c72e8fd09b8b9bd43fa01c5,none,route_following,"stationary_victim_cell(P,victim_seed)",1,0,"{""p_d"":0.8,""stage"":""c3-mobility"",""tau"":10000.0,""w"":0.5}",c59ed08e2275f6d0d65001dcf837c9c881169637068f1659448d079a2119a4b2,route_following,0.0,8976,960191608,1204433000,8380d21bae6df7ea38dca929cc63b649f3a3135633fbc211f79d4b347a96c5af,266a6429bdc81f6e9e3473ff9d44ce4f5adca9a2fa755ed38c33bf0db7486a9a,274099,0.5,1.0,0.8,route_following,revision_C_base@7b52d9149fd5,7b52d9149fd569229bcf4dbdfab434edfabc2e03,7821c330697bd81d6d7c78669e14fc4e785ea7c98d4305a8f8d4a52af044ffbd,c3-mobility_20260827_043124_280564_ae41202c,ae41202c062c1192bd5014d07cc3e7ddd086315bbffcca5260a97b6938aacfd9,none,none,evidence,revision_B_base,revision_B_base,5,200000.0,xlarge,45.0,80.0,5.0,0.5,1.0
1,51,dynamic_3step,0.5,0.8,10000.0,0.0,8976.0,0.3650127068700759,0.0,0.9159468379691679,14236,8509,8510,8975,8976,200008.2785282884,437.64471153123304,4061,"[[520711.8522611355,5662892.597864088],[520658.5627617937,5662959.366663233],[520670.5155692668,5662866.853961261],[520689.3788789926,5662831.804692118],[520598.1880891093,5662945.3050262295]]",6fd43b0bf15e2a3328db22762d4ed33f7ce69b03a8096df04e90603800be5e91,a87414458ca8493b96ff01464b4294ed426935680d2a37f2b90633a882474153,none,route_following,"stationary_victim_cell(P,victim_seed)",1,0,"{""p_d"":0.8,""stage"":""c3-mobility"",""tau"":10000.0,""w"":0.5}",c59ed08e2275f6d0d65001dcf837c9c881169637068f1659448d079a2119a4b2,route_following,0.0,8976,960191608,1204433000,8380d21bae6df7ea38dca929cc63b649f3a3135633fbc211f79d4b347a96c5af,266a6429bdc81f6e9e3473ff9d44ce4f5adca9a2fa755ed38c33bf0db7486a9a,274099,0.5,1.0,0.8,route_following,revision_C_base@7b52d9149fd5,7b52d9149fd569229bcf4dbdfab434edfabc2e03,7821c330697bd81d6d7c78669e14fc4e785ea7c98d4305a8f8d4a52af044ffbd,c3-mobility_20260827_043124_280564_ae41202c,ae41202c062c1192bd5014d07cc3e7ddd086315bbffcca5260a97b6938aacfd9,none,none,evidence,revision_B_base,revision_B_base,5,200000.0,xlarge,45.0,80.0,5.0,0.5,1.0
1,51,online_static_3step,0.5,0.8,10000.0,0.0,8976.0,0.22076569450236122,0.0,0.9654852881249966,6183,8975,8976,8975,8976,200013.3662323596,349.88250438845716,3549,"[[520711.8522611355,5662892.597864088],[520658.5627617937,5662959.366663233],[520670.5155692668,5662866.853961261],[520689.3788789926,5662831.804692118],[520598.1880891093,5662945.3050262295]]",6fd43b0bf15e2a3328db22762d4ed33f7ce69b03a8096df04e90603800be5e91,1863098a13672c53ba68ec8e812057202fb714411c72e8fd09b8b9bd43fa01c5,none,lost_person,"stationary_victim_cell(P,victim_seed)",1,0,"{""p_d"":0.8,""stage"":""c3-mobility"",""tau"":10000.0,""w"":0.5}",c59ed08e2275f6d0d65001dcf837c9c881169637068f1659448d079a2119a4b2,lost_person,0.0,8976,960191608,1204433000,01818933fb19204fc5d3eb4585e1e31e51d7cdc6a21b9feda0361b6ce66afc92,266a6429bdc81f6e9e3473ff9d44ce4f5adca9a2fa755ed38c33bf0db7486a9a,274099,0.5,1.0,0.8,lost_person,revision_C_base@7b52d9149fd5,7b52d9149fd569229bcf4dbdfab434edfabc2e03,7821c330697bd81d6d7c78669e14fc4e785ea7c98d4305a8f8d4a52af044ffbd,c3-mobility_20260827_043124_280564_ae41202c,ae41202c062c1192bd5014d07cc3e7ddd086315bbffcca5260a97b6938aacfd9,none,none,evidence,revision_B_base,revision_B_base,5,200000.0,xlarge,45.0,80.0,5.0,0.5,1.0
1,51,dynamic_3step,0.5,0.8,10000.0,0.0,8976.0,0.3650127068700759,0.0,0.9159468379691679,14236,8509,8510,8975,8976,200008.2785282884,437.64471153123304,4061,"[[520711.8522611355,5662892.597864088],[520658.5627617937,5662959.366663233],[520670.5155692668,5662866.853961261],[520689.3788789926,5662831.804692118],[520598.1880891093,5662945.3050262295]]",6fd43b0bf15e2a3328db22762d4ed33f7ce69b03a8096df04e90603800be5e91,a87414458ca8493b96ff01464b4294ed426935680d2a37f2b90633a882474153,none,lost_person,"stationary_victim_cell(P,victim_seed)",1,0,"{""p_d"":0.8,""stage"":""c3-mobility"",""tau"":10000.0,""w"":0.5}",c59ed08e2275f6d0d65001dcf837c9c881169637068f1659448d079a2119a4b2,lost_person,0.0,8976,960191608,1204433000,01818933fb19204fc5d3eb4585e1e31e51d7cdc6a21b9feda0361b6ce66afc92,266a6429bdc81f6e9e3473ff9d44ce4f5adca9a2fa755ed38c33bf0db7486a9a,274099,0.5,1.0,0.8,lost_person,revision_C_base@7b52d9149fd5,7b52d9149fd569229bcf4dbdfab434edfabc2e03,7821c330697bd81d6d7c78669e14fc4e785ea7c98d4305a8f8d4a52af044ffbd,c3-mobility_20260827_043124_280564_ae41202c,ae41202c062c1192bd5014d07cc3e7ddd086315bbffcca5260a97b6938aacfd9,none,none,evidence,revision_B_base,revision_B_base,5,200000.0,xlarge,45.0,80.0,5.0,0.5,1.0
1,44,online_static_3step,0.5,0.8,10000.0,0.0,8676.0,0.23623932739904632,0.0,0.9610955834796268,6737,8675,8676,8675,8676,200016.18080390524,410.3330476991832,4234,"[[520696.4868621241,5662947.577361604],[520578.32640263636,5662967.147165437],[520708.48603658227,5662991.097060128],[520690.22232444835,5662961.878196735],[520625.57199829567,5662841.645476752]]",2dab5376247a9528a31142c1fd9440d80012f57468cb93f8a65ac77b40067382,eaf2605b76980bd0aab2c64a463bf2d95aac80b8cb061aa192e21e56af7f46e7,none,random_walk,"stationary_victim_cell(P,victim_seed)",1,0,"{""p_d"":0.8,""stage"":""c3-mobility"",""tau"":10000.0,""w"":0.5}",c59ed08e2275f6d0d65001dcf837c9c881169637068f1659448d079a2119a4b2,random_walk,0.0,8676,3862152904,2040935210,0d3141f79e1b9adfdb2a17ddb7641fd121451816bf7cfc29a39b030db89e8ee2,2a1f063eb352abf6be70619bd1f819f5e1793181fb19adc3e9630c126898917f,249123,0.5,1.0,0.8,random_walk,revision_C_base@7b52d9149fd5,7b52d9149fd569229bcf4dbdfab434edfabc2e03,7821c330697bd81d6d7c78669e14fc4e785ea7c98d4305a8f8d4a52af044ffbd,c3-mobility_20260827_043124_280564_ae41202c,ae41202c062c1192bd5014d07cc3e7ddd086315bbffcca5260a97b6938aacfd9,none,none,evidence,revision_B_base,revision_B_base,5,200000.0,xlarge,45.0,80.0,5.0,0.5,1.0
1,44,dynamic_3step,0.5,0.8,10000.0,0.999999995904,5761.250011890721,0.354700030125486,12.0,0.9207940100580911,13403,8502,8503,8675,8676,200008.03964414523,428.9959392347373,4035,"[[520696.4868621241,5662947.577361604],[520578.32640263636,5662967.147165437],[520708.48603658227,5662991.097060128],[520690.22232444835,5662961.878196735],[520625.57199829567,5662841.645476752]]",2dab5376247a9528a31142c1fd9440d80012f57468cb93f8a65ac77b40067382,b06f496e1139be53ba238524d9c743a507805e81a1caeb39959f91a2400bcabb,none,random_walk,"stationary_victim_cell(P,victim_seed)",1,0,"{""p_d"":0.8,""stage"":""c3-mobility"",""tau"":10000.0,""w"":0.5}",c59ed08e2275f6d0d65001dcf837c9c881169637068f1659448d079a2119a4b2,random_walk,1.0,5761,3862152904,2040935210,0d3141f79e1b9adfdb2a17ddb7641fd121451816bf7cfc29a39b030db89e8ee2,2a1f063eb352abf6be70619bd1f819f5e1793181fb19adc3e9630c126898917f,249123,0.5,1.0,0.8,random_walk,revision_C_base@7b52d9149fd5,7b52d9149fd569229bcf4dbdfab434edfabc2e03,7821c330697bd81d6d7c78669e14fc4e785ea7c98d4305a8f8d4a52af044ffbd,c3-mobility_20260827_043124_280564_ae41202c,ae41202c062c1192bd5014d07cc3e7ddd086315bbffcca5260a97b6938aacfd9,none,none,evidence,revision_B_base,revision_B_base,5,200000.0,xlarge,45.0,80.0,5.0,0.5,1.0
1,44,online_static_3step,0.5,0.8,10000.0,0.0,8676.0,0.23623932739904632,0.0,0.9610955834796268,6737,8675,8676,8675,8676,200016.18080390524,410.3330476991832,4234,"[[520696.4868621241,5662947.577361604],[520578.32640263636,5662967.147165437],[520708.48603658227,5662991.097060128],[520690.22232444835,5662961.878196735],[520625.57199829567,5662841.645476752]]",2dab5376247a9528a31142c1fd9440d80012f57468cb93f8a65ac77b40067382,eaf2605b76980bd0aab2c64a463bf2d95aac80b8cb061aa192e21e56af7f46e7,none,route_following,"stationary_victim_cell(P,victim_seed)",1,0,"{""p_d"":0.8,""stage"":""c3-mobility"",""tau"":10000.0,""w"":0.5}",c59ed08e2275f6d0d65001dcf837c9c881169637068f1659448d079a2119a4b2,route_following,0.0,8676,3862152904,2040935210,80682bc24f8f12c23a297c62c243388700eea619074c331d0c6368b4b27e98f8,2a1f063eb352abf6be70619bd1f819f5e1793181fb19adc3e9630c126898917f,249123,0.5,1.0,0.8,route_following,revision_C_base@7b52d9149fd5,7b52d9149fd569229bcf4dbdfab434edfabc2e03,7821c330697bd81d6d7c78669e14fc4e785ea7c98d4305a8f8d4a52af044ffbd,c3-mobility_20260827_043124_280564_ae41202c,ae41202c062c1192bd5014d07cc3e7ddd086315bbffcca5260a97b6938aacfd9,none,none,evidence,revision_B_base,revision_B_base,5,200000.0,xlarge,45.0,80.0,5.0,0.5,1.0
1,44,dynamic_3step,0.5,0.8,10000.0,0.9999998976,5764.250297139224,0.354700030125486,10.0,0.9207940100580911,13403,8502,8503,8675,8676,200008.03964414523,428.9959392347373,4035,"[[520696.4868621241,5662947.577361604],[520578.32640263636,5662967.147165437],[520708.48603658227,5662991.097060128],[520690.22232444835,5662961.878196735],[520625.57199829567,5662841.645476752]]",2dab5376247a9528a31142c1fd9440d80012f57468cb93f8a65ac77b40067382,b06f496e1139be53ba238524d9c743a507805e81a1caeb39959f91a2400bcabb,none,route_following,"stationary_victim_cell(P,victim_seed)",1,0,"{""p_d"":0.8,""stage"":""c3-mobility"",""tau"":10000.0,""w"":0.5}",c59ed08e2275f6d0d65001dcf837c9c881169637068f1659448d079a2119a4b2,route_following,1.0,5764,3862152904,2040935210,80682bc24f8f12c23a297c62c243388700eea619074c331d0c6368b4b27e98f8,2a1f063eb352abf6be70619bd1f819f5e1793181fb19adc3e9630c126898917f,249123,0.5,1.0,0.8,route_following,revision_C_base@7b52d9149fd5,7b52d9149fd569229bcf4dbdfab434edfabc2e03,7821c330697bd81d6d7c78669e14fc4e785ea7c98d4305a8f8d4a52af044ffbd,c3-mobility_20260827_043124_280564_ae41202c,ae41202c062c1192bd5014d07cc3e7ddd086315bbffcca5260a97b6938aacfd9,none,none,evidence,revision_B_base,revision_B_base,5,200000.0,xlarge,45.0,80.0,5.0,0.5,1.0
1,44,online_static_3step,0.5,0.8,10000.0,0.9999999991808,4905.250003079306,0.23623932739904632,13.0,0.9610955834796268,6737,8675,8676,8675,8676,200016.18080390524,410.3330476991832,4234,"[[520696.4868621241,5662947.577361604],[520578.32640263636,5662967.147165437],[520708.48603658227,5662991.097060128],[520690.22232444835,5662961.878196735],[520625.57199829567,5662841.645476752]]",2dab5376247a9528a31142c1fd9440d80012f57468cb93f8a65ac77b40067382,eaf2605b76980bd0aab2c64a463bf2d95aac80b8cb061aa192e21e56af7f46e7,none,lost_person,"stationary_victim_cell(P,victim_seed)",1,0,"{""p_d"":0.8,""stage"":""c3-mobility"",""tau"":10000.0,""w"":0.5}",c59ed08e2275f6d0d65001dcf837c9c881169637068f1659448d079a2119a4b2,lost_person,1.0,4905,3862152904,2040935210,c52d06d35b8f745ba439449c26cd9ef4aa31614abdcc2a1b82cad59619f55cf5,2a1f063eb352abf6be70619bd1f819f5e1793181fb19adc3e9630c126898917f,249123,0.5,1.0,0.8,lost_person,revision_C_base@7b52d9149fd5,7b52d9149fd569229bcf4dbdfab434edfabc2e03,7821c330697bd81d6d7c78669e14fc4e785ea7c98d4305a8f8d4a52af044ffbd,c3-mobility_20260827_043124_280564_ae41202c,ae41202c062c1192bd5014d07cc3e7ddd086315bbffcca5260a97b6938aacfd9,none,none,evidence,revision_B_base,revision_B_base,5,200000.0,xlarge,45.0,80.0,5.0,0.5,1.0
1,44,dynamic_3step,0.5,0.8,10000.0,0.9999999991808,5485.2500026040225,0.354700030125486,13.0,0.9207940100580911,13403,8502,8503,8675,8676,200008.03964414523,428.9959392347373,4035,"[[520696.4868621241,5662947.577361604],[520578.32640263636,5662967.147165437],[520708.48603658227,5662991.097060128],[520690.22232444835,5662961.878196735],[520625.57199829567,5662841.645476752]]",2dab5376247a9528a31142c1fd9440d80012f57468cb93f8a65ac77b40067382,b06f496e1139be53ba238524d9c743a507805e81a1caeb39959f91a2400bcabb,none,lost_person,"stationary_victim_cell(P,victim_seed)",1,0,"{""p_d"":0.8,""stage"":""c3-mobility"",""tau"":10000.0,""w"":0.5}",c59ed08e2275f6d0d65001dcf837c9c881169637068f1659448d079a2119a4b2,lost_person,1.0,5486,3862152904,2040935210,c52d06d35b8f745ba439449c26cd9ef4aa31614abdcc2a1b82cad59619f55cf5,2a1f063eb352abf6be70619bd1f819f5e1793181fb19adc3e9630c126898917f,249123,0.5,1.0,0.8,lost_person,revision_C_base@7b52d9149fd5,7b52d9149fd569229bcf4dbdfab434edfabc2e03,7821c330697bd81d6d7c78669e14fc4e785ea7c98d4305a8f8d4a52af044ffbd,c3-mobility_20260827_043124_280564_ae41202c,ae41202c062c1192bd5014d07cc3e7ddd086315bbffcca5260a97b6938aacfd9,none,none,evidence,revision_B_base,revision_B_base,5,200000.0,xlarge,45.0,80.0,5.0,0.5,1.0
1,49,online_static_3step,0.5,0.8,10000.0,0.0,8619.0,0.22323438669900544,0.0,0.9638199777908268,6223,8618,8619,8618,8619,200008.59743877704,407.3463593048509,4174,"[[520609.86604198645,5662970.662074452],[520598.553868358,5662961.797541534],[520653.51501144096,5662902.532887409],[520676.4538689765,5662813.7821344],[520626.6578384796,5662910.2576500075]]",8542f702a4f00f38f331770accdb832ab7fd5821d0a61dc5c15feb3cec0e38d0,8b8b506f25276463adaefb0513aae2c6156dcb92c81c84bc243c3be40f166773,none,random_walk,"stationary_victim_cell(P,victim_seed)",1,0,"{""p_d"":0.8,""stage"":""c3-mobility"",""tau"":10000.0,""w"":0.5}",c59ed08e2275f6d0d65001dcf837c9c881169637068f1659448d079a2119a4b2,random_walk,0.0,8619,1816773707,2426021897,6b2b14f9ff7290b561f64e402232fdd7d79848fe0d2a470046a274eaa58276e3,e16e503f716e6eb2a1abbd66b50d8dc92ff3dbe6d0537535ac3bb1ef04255647,154301,0.5,1.0,0.8,random_walk,revision_C_base@7b52d9149fd5,7b52d9149fd569229bcf4dbdfab434edfabc2e03,7821c330697bd81d6d7c78669e14fc4e785ea7c98d4305a8f8d4a52af044ffbd,c3-mobility_20260827_043124_280564_ae41202c,ae41202c062c1192bd5014d07cc3e7ddd086315bbffcca5260a97b6938aacfd9,none,none,evidence,revision_B_base,revision_B_base,5,200000.0,xlarge,45.0,80.0,5.0,0.5,1.0
1,49,dynamic_3step,0.5,0.8,10000.0,0.0,8619.0,0.36858245583078203,0.0,0.9137266510760487,14572,8491,8492,8618,8619,200005.7995939236,439.2204751141835,4006,"[[520609.86604198645,5662970.662074452],[520598.553868358,5662961.797541534],[520653.51501144096,5662902.532887409],[520676.4538689765,5662813.7821344],[520626.6578384796,5662910.2576500075]]",8542f702a4f00f38f331770accdb832ab7fd5821d0a61dc5c15feb3cec0e38d0,ed2cefcc4d675ef28583e4d054ef920a799101a16c6cbb83014eb3c50e5b7f35,none,random_walk,"stationary_victim_cell(P,victim_seed)",1,0,"{""p_d"":0.8,""stage"":""c3-mobility"",""tau"":10000.0,""w"":0.5}",c59ed08e2275f6d0d65001dcf837c9c881169637068f1659448d079a2119a4b2,random_walk,0.0,8619,1816773707,2426021897,6b2b14f9ff7290b561f64e402232fdd7d79848fe0d2a470046a274eaa58276e3,e16e503f716e6eb2a1abbd66b50d8dc92ff3dbe6d0537535ac3bb1ef04255647,154301,0.5,1.0,0.8,random_walk,revision_C_base@7b52d9149fd5,7b52d9149fd569229bcf4dbdfab434edfabc2e03,7821c330697bd81d6d7c78669e14fc4e785ea7c98d4305a8f8d4a52af044ffbd,c3-mobility_20260827_043124_280564_ae41202c,ae41202c062c1192bd5014d07cc3e7ddd086315bbffcca5260a97b6938aacfd9,none,none,evidence,revision_B_base,revision_B_base,5,200000.0,xlarge,45.0,80.0,5.0,0.5,1.0
1,49,online_static_3step,0.5,0.8,10000.0,0.0,8619.0,0.22323438669900544,0.0,0.9638199777908268,6223,8618,8619,8618,8619,200008.59743877704,407.3463593048509,4174,"[[520609.86604198645,5662970.662074452],[520598.553868358,5662961.797541534],[520653.51501144096,5662902.532887409],[520676.4538689765,5662813.7821344],[520626.6578384796,5662910.2576500075]]",8542f702a4f00f38f331770accdb832ab7fd5821d0a61dc5c15feb3cec0e38d0,8b8b506f25276463adaefb0513aae2c6156dcb92c81c84bc243c3be40f166773,none,route_following,"stationary_victim_cell(P,victim_seed)",1,0,"{""p_d"":0.8,""stage"":""c3-mobility"",""tau"":10000.0,""w"":0.5}",c59ed08e2275f6d0d65001dcf837c9c881169637068f1659448d079a2119a4b2,route_following,0.0,8619,1816773707,2426021897,ff1f42396f09effb27edbab02205d733bab3b88a2da459a68088cd08976e2cb5,e16e503f716e6eb2a1abbd66b50d8dc92ff3dbe6d0537535ac3bb1ef04255647,154301,0.5,1.0,0.8,route_following,revision_C_base@7b52d9149fd5,7b52d9149fd569229bcf4dbdfab434edfabc2e03,7821c330697bd81d6d7c78669e14fc4e785ea7c98d4305a8f8d4a52af044ffbd,c3-mobility_20260827_043124_280564_ae41202c,ae41202c062c1192bd5014d07cc3e7ddd086315bbffcca5260a97b6938aacfd9,none,none,evidence,revision_B_base,revision_B_base,5,200000.0,xlarge,45.0,80.0,5.0,0.5,1.0
1,49,dynamic_3step,0.5,0.8,10000.0,0.0,8619.0,0.36858245583078203,0.0,0.9137266510760487,14572,8491,8492,8618,8619,200005.7995939236,439.2204751141835,4006,"[[520609.86604198645,5662970.662074452],[520598.553868358,5662961.797541534],[520653.51501144096,5662902.532887409],[520676.4538689765,5662813.7821344],[520626.6578384796,5662910.2576500075]]",8542f702a4f00f38f331770accdb832ab7fd5821d0a61dc5c15feb3cec0e38d0,ed2cefcc4d675ef28583e4d054ef920a799101a16c6cbb83014eb3c50e5b7f35,none,route_following,"stationary_victim_cell(P,victim_seed)",1,0,"{""p_d"":0.8,""stage"":""c3-mobility"",""tau"":10000.0,""w"":0.5}",c59ed08e2275f6d0d65001dcf837c9c881169637068f1659448d079a2119a4b2,route_following,0.0,8619,1816773707,2426021897,ff1f42396f09effb27edbab02205d733bab3b88a2da459a68088cd08976e2cb5,e16e503f716e6eb2a1abbd66b50d8dc92ff3dbe6d0537535ac3bb1ef04255647,154301,0.5,1.0,0.8,route_following,revision_C_base@7b52d9149fd5,7b52d9149fd569229bcf4dbdfab434edfabc2e03,7821c330697bd81d6d7c78669e14fc4e785ea7c98d4305a8f8d4a52af044ffbd,c3-mobility_20260827_043124_280564_ae41202c,ae41202c062c1192bd5014d07cc3e7ddd086315bbffcca5260a97b6938aacfd9,none,none,evidence,revision_B_base,revision_B_base,5,200000.0,xlarge,45.0,80.0,5.0,0.5,1.0
1,49,online_static_3step,0.5,0.8,10000.0,0.0,8619.0,0.22323438669900544,0.0,0.9638199777908268,6223,8618,8619,8618,8619,200008.59743877704,407.3463593048509,4174,"[[520609.86604198645,5662970.662074452],[520598.553868358,5662961.797541534],[520653.51501144096,5662902.532887409],[520676.4538689765,5662813.7821344],[520626.6578384796,5662910.2576500075]]",8542f702a4f00f38f331770accdb832ab7fd5821d0a61dc5c15feb3cec0e38d0,8b8b506f25276463adaefb0513aae2c6156dcb92c81c84bc243c3be40f166773,none,lost_person,"stationary_victim_cell(P,victim_seed)",1,0,"{""p_d"":0.8,""stage"":""c3-mobility"",""tau"":10000.0,""w"":0.5}",c59ed08e2275f6d0d65001dcf837c9c881169637068f1659448d079a2119a4b2,lost_person,0.0,8619,1816773707,2426021897,552bc1f83094e519905827c6a9981b935fa074aef6b243e8eccef4a675ea4c71,e16e503f716e6eb2a1abbd66b50d8dc92ff3dbe6d0537535ac3bb1ef04255647,154301,0.5,1.0,0.8,lost_person,revision_C_base@7b52d9149fd5,7b52d9149fd569229bcf4dbdfab434edfabc2e03,7821c330697bd81d6d7c78669e14fc4e785ea7c98d4305a8f8d4a52af044ffbd,c3-mobility_20260827_043124_280564_ae41202c,ae41202c062c1192bd5014d07cc3e7ddd086315bbffcca5260a97b6938aacfd9,none,none,evidence,revision_B_base,revision_B_base,5,200000.0,xlarge,45.0,80.0,5.0,0.5,1.0
1,49,dynamic_3step,0.5,0.8,10000.0,0.0,8619.0,0.36858245583078203,0.0,0.9137266510760487,14572,8491,8492,8618,8619,200005.7995939236,439.2204751141835,4006,"[[520609.86604198645,5662970.662074452],[520598.553868358,5662961.797541534],[520653.51501144096,5662902.532887409],[520676.4538689765,5662813.7821344],[520626.6578384796,5662910.2576500075]]",8542f702a4f00f38f331770accdb832ab7fd5821d0a61dc5c15feb3cec0e38d0,ed2cefcc4d675ef28583e4d054ef920a799101a16c6cbb83014eb3c50e5b7f35,none,lost_person,"stationary_victim_cell(P,victim_seed)",1,0,"{""p_d"":0.8,""stage"":""c3-mobility"",""tau"":10000.0,""w"":0.5}",c59ed08e2275f6d0d65001dcf837c9c881169637068f1659448d079a2119a4b2,lost_person,0.0,8619,1816773707,2426021897,552bc1f83094e519905827c6a9981b935fa074aef6b243e8eccef4a675ea4c71,e16e503f716e6eb2a1abbd66b50d8dc92ff3dbe6d0537535ac3bb1ef04255647,154301,0.5,1.0,0.8,lost_person,revision_C_base@7b52d9149fd5,7b52d9149fd569229bcf4dbdfab434edfabc2e03,7821c330697bd81d6d7c78669e14fc4e785ea7c98d4305a8f8d4a52af044ffbd,c3-mobility_20260827_043124_280564_ae41202c,ae41202c062c1192bd5014d07cc3e7ddd086315bbffcca5260a97b6938aacfd9,none,none,evidence,revision_B_base,revision_B_base,5,200000.0,xlarge,45.0,80.0,5.0,0.5,1.0
1,48,online_static_3step,0.5,0.8,10000.0,0.0,8710.0,0.3090139757042794,0.0,0.9378841910599784,10782,8709,8710,8709,8710,200002.88834325608,426.18222632049583,4320,"[[520601.26125446317,5662962.26140178],[520576.994053098,5662904.989472677],[520606.5952474223,5662836.198260312],[520598.62839204696,5662873.333030157],[520666.2597041656,5662866.748449267]]",4aae7d3fd5610a876fe9bbaab463a83d8aeb4baf283a46ff967cce3f9e26de26,a583f88973a6a9c49da4c4f06f4cf1b042b5937f67b1cfaae6e25633d7e10c9c,none,random_walk,"stationary_victim_cell(P,victim_seed)",1,0,"{""p_d"":0.8,""stage"":""c3-mobility"",""tau"":10000.0,""w"":0.5}",c59ed08e2275f6d0d65001dcf837c9c881169637068f1659448d079a2119a4b2,random_walk,0.0,8710,364409458,582469038,926cb602a0875089e522a3427e573d8b000a65a17ccac78327ef515488955c35,58be40dcda30b0d5d8b5bea63c15590bf24f7f973a9e98bfc9fadab6ab102844,211522,0.5,1.0,0.8,random_walk,revision_C_base@7b52d9149fd5,7b52d9149fd569229bcf4dbdfab434edfabc2e03,7821c330697bd81d6d7c78669e14fc4e785ea7c98d4305a8f8d4a52af044ffbd,c3-mobility_20260827_043124_280564_ae41202c,ae41202c062c1192bd5014d07cc3e7ddd086315bbffcca5260a97b6938aacfd9,none,none,evidence,revision_B_base,revision_B_base,5,200000.0,xlarge,45.0,80.0,5.0,0.5,1.0
1,48,dynamic_3step,0.5,0.8,10000.0,1.0,644.2500704102459,0.353530363628511,25.0,0.9182498086096225,13882,8524,8525,8709,8710,200016.7465111143,427.72867972170934,4024,"[[520601.26125446317,5662962.26140178],[520576.994053098,5662904.989472677],[520606.5952474223,5662836.198260312],[520598.62839204696,5662873.333030157],[520666.2597041656,5662866.748449267]]",4aae7d3fd5610a876fe9bbaab463a83d8aeb4baf283a46ff967cce3f9e26de26,a49cbfe267a7c63142bcc29f344cecf4e4c25312512a602357b9331ea8649e3e,none,random_walk,"stationary_victim_cell(P,victim_seed)",1,0,"{""p_d"":0.8,""stage"":""c3-mobility"",""tau"":10000.0,""w"":0.5}",c59ed08e2275f6d0d65001dcf837c9c881169637068f1659448d079a2119a4b2,random_walk,1.0,644,364409458,582469038,926cb602a0875089e522a3427e573d8b000a65a17ccac78327ef515488955c35,58be40dcda30b0d5d8b5bea63c15590bf24f7f973a9e98bfc9fadab6ab102844,211522,0.5,1.0,0.8,random_walk,revision_C_base@7b52d9149fd5,7b52d9149fd569229bcf4dbdfab434edfabc2e03,7821c330697bd81d6d7c78669e14fc4e785ea7c98d4305a8f8d4a52af044ffbd,c3-mobility_20260827_043124_280564_ae41202c,ae41202c062c1192bd5014d07cc3e7ddd086315bbffcca5260a97b6938aacfd9,none,none,evidence,revision_B_base,revision_B_base,5,200000.0,xlarge,45.0,80.0,5.0,0.5,1.0
1,48,online_static_3step,0.5,0.8,10000.0,0.0,8710.0,0.3090139757042794,0.0,0.9378841910599784,10782,8709,8710,8709,8710,200002.88834325608,426.18222632049583,4320,"[[520601.26125446317,5662962.26140178],[520576.994053098,5662904.989472677],[520606.5952474223,5662836.198260312],[520598.62839204696,5662873.333030157],[520666.2597041656,5662866.748449267]]",4aae7d3fd5610a876fe9bbaab463a83d8aeb4baf283a46ff967cce3f9e26de26,a583f88973a6a9c49da4c4f06f4cf1b042b5937f67b1cfaae6e25633d7e10c9c,none,route_following,"stationary_victim_cell(P,victim_seed)",1,0,"{""p_d"":0.8,""stage"":""c3-mobility"",""tau"":10000.0,""w"":0.5}",c59ed08e2275f6d0d65001dcf837c9c881169637068f1659448d079a2119a4b2,route_following,0.0,8710,364409458,582469038,3ef73fbc39762f18e6cff977ef5ba5f9ccf91b47c15702c22a02d4e15140124c,58be40dcda30b0d5d8b5bea63c15590bf24f7f973a9e98bfc9fadab6ab102844,211522,0.5,1.0,0.8,route_following,revision_C_base@7b52d9149fd5,7b52d9149fd569229bcf4dbdfab434edfabc2e03,7821c330697bd81d6d7c78669e14fc4e785ea7c98d4305a8f8d4a52af044ffbd,c3-mobility_20260827_043124_280564_ae41202c,ae41202c062c1192bd5014d07cc3e7ddd086315bbffcca5260a97b6938aacfd9,none,none,evidence,revision_B_base,revision_B_base,5,200000.0,xlarge,45.0,80.0,5.0,0.5,1.0
1,48,dynamic_3step,0.5,0.8,10000.0,0.9999999999999979,642.2588089599466,0.353530363628511,21.0,0.9182498086096225,13882,8524,8525,8709,8710,200016.7465111143,427.72867972170934,4024,"[[520601.26125446317,5662962.26140178],[520576.994053098,5662904.989472677],[520606.5952474223,5662836.198260312],[520598.62839204696,5662873.333030157],[520666.2597041656,5662866.748449267]]",4aae7d3fd5610a876fe9bbaab463a83d8aeb4baf283a46ff967cce3f9e26de26,a49cbfe267a7c63142bcc29f344cecf4e4c25312512a602357b9331ea8649e3e,none,route_following,"stationary_victim_cell(P,victim_seed)",1,0,"{""p_d"":0.8,""stage"":""c3-mobility"",""tau"":10000.0,""w"":0.5}",c59ed08e2275f6d0d65001dcf837c9c881169637068f1659448d079a2119a4b2,route_following,1.0,642,364409458,582469038,3ef73fbc39762f18e6cff977ef5ba5f9ccf91b47c15702c22a02d4e15140124c,58be40dcda30b0d5d8b5bea63c15590bf24f7f973a9e98bfc9fadab6ab102844,211522,0.5,1.0,0.8,route_following,revision_C_base@7b52d9149fd5,7b52d9149fd569229bcf4dbdfab434edfabc2e03,7821c330697bd81d6d7c78669e14fc4e785ea7c98d4305a8f8d4a52af044ffbd,c3-mobility_20260827_043124_280564_ae41202c,ae41202c062c1192bd5014d07cc3e7ddd086315bbffcca5260a97b6938aacfd9,none,none,evidence,revision_B_base,revision_B_base,5,200000.0,xlarge,45.0,80.0,5.0,0.5,1.0
1,48,online_static_3step,0.5,0.8,10000.0,0.9984,1975.0368000003582,0.3090139757042794,4.0,0.9378841910599784,10782,8709,8710,8709,8710,200002.88834325608,426.18222632049583,4320,"[[520601.26125446317,5662962.26140178],[520576.994053098,5662904.989472677],[520606.5952474223,5662836.198260312],[520598.62839204696,5662873.333030157],[520666.2597041656,5662866.748449267]]",4aae7d3fd5610a876fe9bbaab463a83d8aeb4baf283a46ff967cce3f9e26de26,a583f88973a6a9c49da4c4f06f4cf1b042b5937f67b1cfaae6e25633d7e10c9c,none,lost_person,"stationary_victim_cell(P,victim_seed)",1,0,"{""p_d"":0.8,""stage"":""c3-mobility"",""tau"":10000.0,""w"":0.5}",c59ed08e2275f6d0d65001dcf837c9c881169637068f1659448d079a2119a4b2,lost_person,1.0,1965,364409458,582469038,e5e1f03b8115ce17d11c36d7079e5440ef8b6945941e267d6fc342186dc1691e,58be40dcda30b0d5d8b5bea63c15590bf24f7f973a9e98bfc9fadab6ab102844,211522,0.5,1.0,0.8,lost_person,revision_C_base@7b52d9149fd5,7b52d9149fd569229bcf4dbdfab434edfabc2e03,7821c330697bd81d6d7c78669e14fc4e785ea7c98d4305a8f8d4a52af044ffbd,c3-mobility_20260827_043124_280564_ae41202c,ae41202c062c1192bd5014d07cc3e7ddd086315bbffcca5260a97b6938aacfd9,none,none,evidence,revision_B_base,revision_B_base,5,200000.0,xlarge,45.0,80.0,5.0,0.5,1.0
1,48,dynamic_3step,0.5,0.8,10000.0,0.0,8710.0,0.353530363628511,0.0,0.9182498086096225,13882,8524,8525,8709,8710,200016.7465111143,427.72867972170934,4024,"[[520601.26125446317,5662962.26140178],[520576.994053098,5662904.989472677],[520606.5952474223,5662836.198260312],[520598.62839204696,5662873.333030157],[520666.2597041656,5662866.748449267]]",4aae7d3fd5610a876fe9bbaab463a83d8aeb4baf283a46ff967cce3f9e26de26,a49cbfe267a7c63142bcc29f344cecf4e4c25312512a602357b9331ea8649e3e,none,lost_person,"stationary_victim_cell(P,victim_seed)",1,0,"{""p_d"":0.8,""stage"":""c3-mobility"",""tau"":10000.0,""w"":0.5}",c59ed08e2275f6d0d65001dcf837c9c881169637068f1659448d079a2119a4b2,lost_person,0.0,8710,364409458,582469038,e5e1f03b8115ce17d11c36d7079e5440ef8b6945941e267d6fc342186dc1691e,58be40dcda30b0d5d8b5bea63c15590bf24f7f973a9e98bfc9fadab6ab102844,211522,0.5,1.0,0.8,lost_person,revision_C_base@7b52d9149fd5,7b52d9149fd569229bcf4dbdfab434edfabc2e03,7821c330697bd81d6d7c78669e14fc4e785ea7c98d4305a8f8d4a52af044ffbd,c3-mobility_20260827_043124_280564_ae41202c,ae41202c062c1192bd5014d07cc3e7ddd086315bbffcca5260a97b6938aacfd9,none,none,evidence,revision_B_base,revision_B_base,5,200000.0,xlarge,45.0,80.0,5.0,0.5,1.0
1,47,online_static_3step,0.5,0.8,10000.0,0.0,8943.0,0.2354270145517172,0.0,0.9622836013222029,6732,8942,8943,8942,8943,200016.91726904368,395.17319930996746,4051,"[[520655.5473522094,5662825.507658554],[520628.5784474643,5662919.196559933],[520715.42801326327,5662900.496038994],[520688.45327700884,5663000.348420152],[520617.8247240626,5662908.713604079]]",2fe61a766d51c57514713696731290ae92df7697333ae2dbc77e0f14e0d3ee88,945e7e9fd67b41086dc68f14f07e8ef7a191677eea00a4ae9cf1208072bb30d5,none,random_walk,"stationary_victim_cell(P,victim_seed)",1,0,"{""p_d"":0.8,""stage"":""c3-mobility"",""tau"":10000.0,""w"":0.5}",c59ed08e2275f6d0d65001dcf837c9c881169637068f1659448d079a2119a4b2,random_walk,0.0,8943,343000538,796043496,83fa963487c698a39e767b1973711a8d2c966a58677b7a0915afaf208d8419e3,c69c717d1d4a979bfd7097fbe5ac7fda1becc2569f27dfd875266cbe99ae2262,364781,0.5,1.0,0.8,random_walk,revision_C_base@7b52d9149fd5,7b52d9149fd569229bcf4dbdfab434edfabc2e03,7821c330697bd81d6d7c78669e14fc4e785ea7c98d4305a8f8d4a52af044ffbd,c3-mobility_20260827_043124_280564_ae41202c,ae41202c062c1192bd5014d07cc3e7ddd086315bbffcca5260a97b6938aacfd9,none,none,evidence,revision_B_base,revision_B_base,5,200000.0,xlarge,45.0,80.0,5.0,0.5,1.0
1,47,dynamic_3step,0.5,0.8,10000.0,0.0,8943.0,0.35125570884751,0.0,0.9229354119741978,13070,8512,8513,8942,8943,200017.13150016422,429.2087112404406,3984,"[[520655.5473522094,5662825.507658554],[520628.5784474643,5662919.196559933],[520715.42801326327,5662900.496038994],[520688.45327700884,5663000.348420152],[520617.8247240626,5662908.713604079]]",2fe61a766d51c57514713696731290ae92df7697333ae2dbc77e0f14e0d3ee88,d420e0cee27147ab60bf9cb53e566d93c9f557daac21255066aadca458fa9f09,none,random_walk,"stationary_victim_cell(P,victim_seed)",1,0,"{""p_d"":0.8,""stage"":""c3-mobility"",""tau"":10000.0,""w"":0.5}",c59ed08e2275f6d0d65001dcf837c9c881169637068f1659448d079a2119a4b2,random_walk,0.0,8943,343000538,796043496,83fa963487c698a39e767b1973711a8d2c966a58677b7a0915afaf208d8419e3,c69c717d1d4a979bfd7097fbe5ac7fda1becc2569f27dfd875266cbe99ae2262,364781,0.5,1.0,0.8,random_walk,revision_C_base@7b52d9149fd5,7b52d9149fd569229bcf4dbdfab434edfabc2e03,7821c330697bd81d6d7c78669e14fc4e785ea7c98d4305a8f8d4a52af044ffbd,c3-mobility_20260827_043124_280564_ae41202c,ae41202c062c1192bd5014d07cc3e7ddd086315bbffcca5260a97b6938aacfd9,none,none,evidence,revision_B_base,revision_B_base,5,200000.0,xlarge,45.0,80.0,5.0,0.5,1.0
1,47,online_static_3step,0.5,0.8,10000.0,0.0,8943.0,0.2354270145517172,0.0,0.9622836013222029,6732,8942,8943,8942,8943,200016.91726904368,395.17319930996746,4051,"[[520655.5473522094,5662825.507658554],[520628.5784474643,5662919.196559933],[520715.42801326327,5662900.496038994],[520688.45327700884,5663000.348420152],[520617.8247240626,5662908.713604079]]",2fe61a766d51c57514713696731290ae92df7697333ae2dbc77e0f14e0d3ee88,945e7e9fd67b41086dc68f14f07e8ef7a191677eea00a4ae9cf1208072bb30d5,none,route_following,"stationary_victim_cell(P,victim_seed)",1,0,"{""p_d"":0.8,""stage"":""c3-mobility"",""tau"":10000.0,""w"":0.5}",c59ed08e2275f6d0d65001dcf837c9c881169637068f1659448d079a2119a4b2,route_following,0.0,8943,343000538,796043496,37c63f58d39ea32b2e4409653a2f8d6db15d9f95ad5354072b6b693235e80e8b,c69c717d1d4a979bfd7097fbe5ac7fda1becc2569f27dfd875266cbe99ae2262,364781,0.5,1.0,0.8,route_following,revision_C_base@7b52d9149fd5,7b52d9149fd569229bcf4dbdfab434edfabc2e03,7821c330697bd81d6d7c78669e14fc4e785ea7c98d4305a8f8d4a52af044ffbd,c3-mobility_20260827_043124_280564_ae41202c,ae41202c062c1192bd5014d07cc3e7ddd086315bbffcca5260a97b6938aacfd9,none,none,evidence,revision_B_base,revision_B_base,5,200000.0,xlarge,45.0,80.0,5.0,0.5,1.0
1,47,dynamic_3step,0.5,0.8,10000.0,0.0,8943.0,0.35125570884751,0.0,0.9229354119741978,13070,8512,8513,8942,8943,200017.13150016422,429.2087112404406,3984,"[[520655.5473522094,5662825.507658554],[520628.5784474643,5662919.196559933],[520715.42801326327,5662900.496038994],[520688.45327700884,5663000.348420152],[520617.8247240626,5662908.713604079]]",2fe61a766d51c57514713696731290ae92df7697333ae2dbc77e0f14e0d3ee88,d420e0cee27147ab60bf9cb53e566d93c9f557daac21255066aadca458fa9f09,none,route_following,"stationary_victim_cell(P,victim_seed)",1,0,"{""p_d"":0.8,""stage"":""c3-mobility"",""tau"":10000.0,""w"":0.5}",c59ed08e2275f6d0d65001dcf837c9c881169637068f1659448d079a2119a4b2,route_following,0.0,8943,343000538,796043496,37c63f58d39ea32b2e4409653a2f8d6db15d9f95ad5354072b6b693235e80e8b,c69c717d1d4a979bfd7097fbe5ac7fda1becc2569f27dfd875266cbe99ae2262,364781,0.5,1.0,0.8,route_following,revision_C_base@7b52d9149fd5,7b52d9149fd569229bcf4dbdfab434edfabc2e03,7821c330697bd81d6d7c78669e14fc4e785ea7c98d4305a8f8d4a52af044ffbd,c3-mobility_20260827_043124_280564_ae41202c,ae41202c062c1192bd5014d07cc3e7ddd086315bbffcca5260a97b6938aacfd9,none,none,evidence,revision_B_base,revision_B_base,5,200000.0,xlarge,45.0,80.0,5.0,0.5,1.0
1,47,online_static_3step,0.5,0.8,10000.0,0.0,8943.0,0.2354270145517172,0.0,0.9622836013222029,6732,8942,8943,8942,8943,200016.91726904368,395.17319930996746,4051,"[[520655.5473522094,5662825.507658554],[520628.5784474643,5662919.196559933],[520715.42801326327,5662900.496038994],[520688.45327700884,5663000.348420152],[520617.8247240626,5662908.713604079]]",2fe61a766d51c57514713696731290ae92df7697333ae2dbc77e0f14e0d3ee88,945e7e9fd67b41086dc68f14f07e8ef7a191677eea00a4ae9cf1208072bb30d5,none,lost_person,"stationary_victim_cell(P,victim_seed)",1,0,"{""p_d"":0.8,""stage"":""c3-mobility"",""tau"":10000.0,""w"":0.5}",c59ed08e2275f6d0d65001dcf837c9c881169637068f1659448d079a2119a4b2,lost_person,0.0,8943,343000538,796043496,305e0f832691b8f217d660e0d1a444900739b8c6a4d3e34f4120961146021a6e,c69c717d1d4a979bfd7097fbe5ac7fda1becc2569f27dfd875266cbe99ae2262,364781,0.5,1.0,0.8,lost_person,revision_C_base@7b52d9149fd5,7b52d9149fd569229bcf4dbdfab434edfabc2e03,7821c330697bd81d6d7c78669e14fc4e785ea7c98d4305a8f8d4a52af044ffbd,c3-mobility_20260827_043124_280564_ae41202c,ae41202c062c1192bd5014d07cc3e7ddd086315bbffcca5260a97b6938aacfd9,none,none,evidence,revision_B_base,revision_B_base,5,200000.0,xlarge,45.0,80.0,5.0,0.5,1.0
1,47,dynamic_3step,0.5,0.8,10000.0,0.0,8943.0,0.35125570884751,0.0,0.9229354119741978,13070,8512,8513,8942,8943,200017.13150016422,429.2087112404406,3984,"[[520655.5473522094,5662825.507658554],[520628.5784474643,5662919.196559933],[520715.42801326327,5662900.496038994],[520688.45327700884,5663000.348420152],[520617.8247240626,5662908.713604079]]",2fe61a766d51c57514713696731290ae92df7697333ae2dbc77e0f14e0d3ee88,d420e0cee27147ab60bf9cb53e566d93c9f557daac21255066aadca458fa9f09,none,lost_person,"stationary_victim_cell(P,victim_seed)",1,0,"{""p_d"":0.8,""stage"":""c3-mobility"",""tau"":10000.0,""w"":0.5}",c59ed08e2275f6d0d65001dcf837c9c881169637068f1659448d079a2119a4b2,lost_person,0.0,8943,343000538,796043496,305e0f832691b8f217d660e0d1a444900739b8c6a4d3e34f4120961146021a6e,c69c717d1d4a979bfd7097fbe5ac7fda1becc2569f27dfd875266cbe99ae2262,364781,0.5,1.0,0.8,lost_person,revision_C_base@7b52d9149fd5,7b52d9149fd569229bcf4dbdfab434edfabc2e03,7821c330697bd81d6d7c78669e14fc4e785ea7c98d4305a8f8d4a52af044ffbd,c3-mobility_20260827_043124_280564_ae41202c,ae41202c062c1192bd5014d07cc3e7ddd086315bbffcca5260a97b6938aacfd9,none,none,evidence,revision_B_base,revision_B_base,5,200000.0,xlarge,45.0,80.0,5.0,0.5,1.0
1,50,online_static_3step,0.5,0.8,10000.0,0.0,8593.0,0.2666641613865976,0.0,0.9517893079009537,8265,8592,8593,8592,8593,200021.92650824538,412.65137814427726,4166,"[[520681.28884999023,5662823.413556474],[520565.7892566675,5662882.956006011],[520666.6634226377,5662992.363089708],[520728.41903202015,5662941.820064784],[520617.85019205464,5662941.898483964]]",0bcd08d9c5dd844ced37907c5e74335e22a8594076973ffb45d7b8eedb9ffc21,96b07802bb5dce5d01e5a7ee651a16d4b74df71e58cfbd3da20a5785c45e0bb2,none,random_walk,"stationary_victim_cell(P,victim_seed)",1,0,"{""p_d"":0.8,""stage"":""c3-mobility"",""tau"":10000.0,""w"":0.5}",c59ed08e2275f6d0d65001dcf837c9c881169637068f1659448d079a2119a4b2,random_walk,0.0,8593,116673927,3771632999,b7d1320cb754efe55bd5f87de19e6c874a28815e31d4746f5fe28f1b642cbc21,e24b3eb90917da6486b2e68cb2ac87d7461bc74dc504cc8fd1cb9748e8864ebd,322576,0.5,1.0,0.8,random_walk,revision_C_base@7b52d9149fd5,7b52d9149fd569229bcf4dbdfab434edfabc2e03,7821c330697bd81d6d7c78669e14fc4e785ea7c98d4305a8f8d4a52af044ffbd,c3-mobility_20260827_043124_280564_ae41202c,ae41202c062c1192bd5014d07cc3e7ddd086315bbffcca5260a97b6938aacfd9,none,none,evidence,revision_B_base,revision_B_base,5,200000.0,xlarge,45.0,80.0,5.0,0.5,1.0
1,50,dynamic_3step,0.5,0.8,10000.0,0.0,8593.0,0.3450994466040363,0.0,0.9275089314712569,12276,8505,8506,8592,8593,200018.1961092048,446.539369383594,4149,"[[520681.28884999023,5662823.413556474],[520565.7892566675,5662882.956006011],[520666.6634226377,5662992.363089708],[520728.41903202015,5662941.820064784],[520617.85019205464,5662941.898483964]]",0bcd08d9c5dd844ced37907c5e74335e22a8594076973ffb45d7b8eedb9ffc21,ea8f22f46cad0d0e780da0ae680824271ef53bb5968da8793923332bd3927f4a,none,random_walk,"stationary_victim_cell(P,victim_seed)",1,0,"{""p_d"":0.8,""stage"":""c3-mobility"",""tau"":10000.0,""w"":0.5}",c59ed08e2275f6d0d65001dcf837c9c881169637068f1659448d079a2119a4b2,random_walk,0.0,8593,116673927,3771632999,b7d1320cb754efe55bd5f87de19e6c874a28815e31d4746f5fe28f1b642cbc21,e24b3eb90917da6486b2e68cb2ac87d7461bc74dc504cc8fd1cb9748e8864ebd,322576,0.5,1.0,0.8,random_walk,revision_C_base@7b52d9149fd5,7b52d9149fd569229bcf4dbdfab434edfabc2e03,7821c330697bd81d6d7c78669e14fc4e785ea7c98d4305a8f8d4a52af044ffbd,c3-mobility_20260827_043124_280564_ae41202c,ae41202c062c1192bd5014d07cc3e7ddd086315bbffcca5260a97b6938aacfd9,none,none,evidence,revision_B_base,revision_B_base,5,200000.0,xlarge,45.0,80.0,5.0,0.5,1.0
1,50,online_static_3step,0.5,0.8,10000.0,0.0,8593.0,0.2666641613865976,0.0,0.9517893079009537,8265,8592,8593,8592,8593,200021.92650824538,412.65137814427726,4166,"[[520681.28884999023,5662823.413556474],[520565.7892566675,5662882.956006011],[520666.6634226377,5662992.363089708],[520728.41903202015,5662941.820064784],[520617.85019205464,5662941.898483964]]",0bcd08d9c5dd844ced37907c5e74335e22a8594076973ffb45d7b8eedb9ffc21,96b07802bb5dce5d01e5a7ee651a16d4b74df71e58cfbd3da20a5785c45e0bb2,none,route_following,"stationary_victim_cell(P,victim_seed)",1,0,"{""p_d"":0.8,""stage"":""c3-mobility"",""tau"":10000.0,""w"":0.5}",c59ed08e2275f6d0d65001dcf837c9c881169637068f1659448d079a2119a4b2,route_following,0.0,8593,116673927,3771632999,070ca29cf7419aeeebad70d4ac8b95123e14e66d3c83815338c0f99e4f0e28fc,e24b3eb90917da6486b2e68cb2ac87d7461bc74dc504cc8fd1cb9748e8864ebd,322576,0.5,1.0,0.8,route_following,revision_C_base@7b52d9149fd5,7b52d9149fd569229bcf4dbdfab434edfabc2e03,7821c330697bd81d6d7c78669e14fc4e785ea7c98d4305a8f8d4a52af044ffbd,c3-mobility_20260827_043124_280564_ae41202c,ae41202c062c1192bd5014d07cc3e7ddd086315bbffcca5260a97b6938aacfd9,none,none,evidence,revision_B_base,revision_B_base,5,200000.0,xlarge,45.0,80.0,5.0,0.5,1.0
1,50,dynamic_3step,0.5,0.8,10000.0,0.0,8593.0,0.3450994466040363,0.0,0.9275089314712569,12276,8505,8506,8592,8593,200018.1961092048,446.539369383594,4149,"[[520681.28884999023,5662823.413556474],[520565.7892566675,5662882.956006011],[520666.6634226377,5662992.363089708],[520728.41903202015,5662941.820064784],[520617.85019205464,5662941.898483964]]",0bcd08d9c5dd844ced37907c5e74335e22a8594076973ffb45d7b8eedb9ffc21,ea8f22f46cad0d0e780da0ae680824271ef53bb5968da8793923332bd3927f4a,none,route_following,"stationary_victim_cell(P,victim_seed)",1,0,"{""p_d"":0.8,""stage"":""c3-mobility"",""tau"":10000.0,""w"":0.5}",c59ed08e2275f6d0d65001dcf837c9c881169637068f1659448d079a2119a4b2,route_following,0.0,8593,116673927,3771632999,070ca29cf7419aeeebad70d4ac8b95123e14e66d3c83815338c0f99e4f0e28fc,e24b3eb90917da6486b2e68cb2ac87d7461bc74dc504cc8fd1cb9748e8864ebd,322576,0.5,1.0,0.8,route_following,revision_C_base@7b52d9149fd5,7b52d9149fd569229bcf4dbdfab434edfabc2e03,7821c330697bd81d6d7c78669e14fc4e785ea7c98d4305a8f8d4a52af044ffbd,c3-mobility_20260827_043124_280564_ae41202c,ae41202c062c1192bd5014d07cc3e7ddd086315bbffcca5260a97b6938aacfd9,none,none,evidence,revision_B_base,revision_B_base,5,200000.0,xlarge,45.0,80.0,5.0,0.5,1.0
1,50,online_static_3step,0.5,0.8,10000.0,0.0,8593.0,0.2666641613865976,0.0,0.9517893079009537,8265,8592,8593,8592,8593,200021.92650824538,412.65137814427726,4166,"[[520681.28884999023,5662823.413556474],[520565.7892566675,5662882.956006011],[520666.6634226377,5662992.363089708],[520728.41903202015,5662941.820064784],[520617.85019205464,5662941.898483964]]",0bcd08d9c5dd844ced37907c5e74335e22a8594076973ffb45d7b8eedb9ffc21,96b07802bb5dce5d01e5a7ee651a16d4b74df71e58cfbd3da20a5785c45e0bb2,none,lost_person,"stationary_victim_cell(P,victim_seed)",1,0,"{""p_d"":0.8,""stage"":""c3-mobility"",""tau"":10000.0,""w"":0.5}",c59ed08e2275f6d0d65001dcf837c9c881169637068f1659448d079a2119a4b2,lost_person,0.0,8593,116673927,3771632999,6d464554bfbfe52200625d27fe05e7fe60b5748dc2aaea77fab4f976870723ed,e24b3eb90917da6486b2e68cb2ac87d7461bc74dc504cc8fd1cb9748e8864ebd,322576,0.5,1.0,0.8,lost_person,revision_C_base@7b52d9149fd5,7b52d9149fd569229bcf4dbdfab434edfabc2e03,7821c330697bd81d6d7c78669e14fc4e785ea7c98d4305a8f8d4a52af044ffbd,c3-mobility_20260827_043124_280564_ae41202c,ae41202c062c1192bd5014d07cc3e7ddd086315bbffcca5260a97b6938aacfd9,none,none,evidence,revision_B_base,revision_B_base,5,200000.0,xlarge,45.0,80.0,5.0,0.5,1.0
1,50,dynamic_3step,0.5,0.8,10000.0,0.0,8593.0,0.3450994466040363,0.0,0.9275089314712569,12276,8505,8506,8592,8593,200018.1961092048,446.539369383594,4149,"[[520681.28884999023,5662823.413556474],[520565.7892566675,5662882.956006011],[520666.6634226377,5662992.363089708],[520728.41903202015,5662941.820064784],[520617.85019205464,5662941.898483964]]",0bcd08d9c5dd844ced37907c5e74335e22a8594076973ffb45d7b8eedb9ffc21,ea8f22f46cad0d0e780da0ae680824271ef53bb5968da8793923332bd3927f4a,none,lost_person,"stationary_victim_cell(P,victim_seed)",1,0,"{""p_d"":0.8,""stage"":""c3-mobility"",""tau"":10000.0,""w"":0.5}",c59ed08e2275f6d0d65001dcf837c9c881169637068f1659448d079a2119a4b2,lost_person,0.0,8593,116673927,3771632999,6d464554bfbfe52200625d27fe05e7fe60b5748dc2aaea77fab4f976870723ed,e24b3eb90917da6486b2e68cb2ac87d7461bc74dc504cc8fd1cb9748e8864ebd,322576,0.5,1.0,0.8,lost_person,revision_C_base@7b52d9149fd5,7b52d9149fd569229bcf4dbdfab434edfabc2e03,7821c330697bd81d6d7c78669e14fc4e785ea7c98d4305a8f8d4a52af044ffbd,c3-mobility_20260827_043124_280564_ae41202c,ae41202c062c1192bd5014d07cc3e7ddd086315bbffcca5260a97b6938aacfd9,none,none,evidence,revision_B_base,revision_B_base,5,200000.0,xlarge,45.0,80.0,5.0,0.5,1.0
1,43,online_static_3step,0.5,0.8,10000.0,0.0,8800.0,0.20323209086309207,0.0,0.9689191588811814,5426,8799,8800,8799,8800,200014.28154473013,475.32665898487903,4919,"[[520647.9649749217,5662895.104022372],[520750.9011834474,5662923.705106928],[520619.5439127976,5662887.529284183],[520660.59539358615,5662860.8589034155],[520601.16985800257,5662944.568816733]]",523844ed78a0f583e442b643c9217c5abbf3c0623bfd68739147060cf00e4cb4,ebdca9896e5432497830b02d1bfd0028ec8410ed44a5ddac541df79da4af96c1,none,random_walk,"stationary_victim_cell(P,victim_seed)",1,0,"{""p_d"":0.8,""stage"":""c3-mobility"",""tau"":10000.0,""w"":0.5}",c59ed08e2275f6d0d65001dcf837c9c881169637068f1659448d079a2119a4b2,random_walk,0.0,8800,3784547369,4699276,f6fe609f440d0d1aafed1fc2004b90d677d60c724bf1efd503dc19262c2f332b,f96f61b7d46d6032c4ace395a66667d49d1f24c6489fad1ff6c65ba42f7659b9,134866,0.5,1.0,0.8,random_walk,revision_C_base@7b52d9149fd5,7b52d9149fd569229bcf4dbdfab434edfabc2e03,7821c330697bd81d6d7c78669e14fc4e785ea7c98d4305a8f8d4a52af044ffbd,c3-mobility_20260827_043124_280564_ae41202c,ae41202c062c1192bd5014d07cc3e7ddd086315bbffcca5260a97b6938aacfd9,none,none,evidence,revision_B_base,revision_B_base,5,200000.0,xlarge,45.0,80.0,5.0,0.5,1.0
1,43,dynamic_3step,0.5,0.8,10000.0,0.0,8800.0,0.3470015659156097,0.0,0.9244630269196197,12773,8496,8497,8799,8800,200018.27584712033,401.49031538143754,3905,"[[520647.9649749217,5662895.104022372],[520750.9011834474,5662923.705106928],[520619.5439127976,5662887.529284183],[520660.59539358615,5662860.8589034155],[520601.16985800257,5662944.568816733]]",523844ed78a0f583e442b643c9217c5abbf3c0623bfd68739147060cf00e4cb4,eba6a650fd702336e382e498553e90f9d6001a916e890d40cf5b04ceb4b63efd,none,random_walk,"stationary_victim_cell(P,victim_seed)",1,0,"{""p_d"":0.8,""stage"":""c3-mobility"",""tau"":10000.0,""w"":0.5}",c59ed08e2275f6d0d65001dcf837c9c881169637068f1659448d079a2119a4b2,random_walk,0.0,8800,3784547369,4699276,f6fe609f440d0d1aafed1fc2004b90d677d60c724bf1efd503dc19262c2f332b,f96f61b7d46d6032c4ace395a66667d49d1f24c6489fad1ff6c65ba42f7659b9,134866,0.5,1.0,0.8,random_walk,revision_C_base@7b52d9149fd5,7b52d9149fd569229bcf4dbdfab434edfabc2e03,7821c330697bd81d6d7c78669e14fc4e785ea7c98d4305a8f8d4a52af044ffbd,c3-mobility_20260827_043124_280564_ae41202c,ae41202c062c1192bd5014d07cc3e7ddd086315bbffcca5260a97b6938aacfd9,none,none,evidence,revision_B_base,revision_B_base,5,200000.0,xlarge,45.0,80.0,5.0,0.5,1.0
1,43,online_static_3step,0.5,0.8,10000.0,0.0,8800.0,0.20323209086309207,0.0,0.9689191588811814,5426,8799,8800,8799,8800,200014.28154473013,475.32665898487903,4919,"[[520647.9649749217,5662895.104022372],[520750.9011834474,5662923.705106928],[520619.5439127976,5662887.529284183],[520660.59539358615,5662860.8589034155],[520601.16985800257,5662944.568816733]]",523844ed78a0f583e442b643c9217c5abbf3c0623bfd68739147060cf00e4cb4,ebdca9896e5432497830b02d1bfd0028ec8410ed44a5ddac541df79da4af96c1,none,route_following,"stationary_victim_cell(P,victim_seed)",1,0,"{""p_d"":0.8,""stage"":""c3-mobility"",""tau"":10000.0,""w"":0.5}",c59ed08e2275f6d0d65001dcf837c9c881169637068f1659448d079a2119a4b2,route_following,0.0,8800,3784547369,4699276,cf28d099ff96ca8ad8a3458e2321146b0015461d24e2eba2d15b337b8939ec0f,f96f61b7d46d6032c4ace395a66667d49d1f24c6489fad1ff6c65ba42f7659b9,134866,0.5,1.0,0.8,route_following,revision_C_base@7b52d9149fd5,7b52d9149fd569229bcf4dbdfab434edfabc2e03,7821c330697bd81d6d7c78669e14fc4e785ea7c98d4305a8f8d4a52af044ffbd,c3-mobility_20260827_043124_280564_ae41202c,ae41202c062c1192bd5014d07cc3e7ddd086315bbffcca5260a97b6938aacfd9,none,none,evidence,revision_B_base,revision_B_base,5,200000.0,xlarge,45.0,80.0,5.0,0.5,1.0
1,43,dynamic_3step,0.5,0.8,10000.0,0.0,8800.0,0.3470015659156097,0.0,0.9244630269196197,12773,8496,8497,8799,8800,200018.27584712033,401.49031538143754,3905,"[[520647.9649749217,5662895.104022372],[520750.9011834474,5662923.705106928],[520619.5439127976,5662887.529284183],[520660.59539358615,5662860.8589034155],[520601.16985800257,5662944.568816733]]",523844ed78a0f583e442b643c9217c5abbf3c0623bfd68739147060cf00e4cb4,eba6a650fd702336e382e498553e90f9d6001a916e890d40cf5b04ceb4b63efd,none,route_following,"stationary_victim_cell(P,victim_seed)",1,0,"{""p_d"":0.8,""stage"":""c3-mobility"",""tau"":10000.0,""w"":0.5}",c59ed08e2275f6d0d65001dcf837c9c881169637068f1659448d079a2119a4b2,route_following,0.0,8800,3784547369,4699276,cf28d099ff96ca8ad8a3458e2321146b0015461d24e2eba2d15b337b8939ec0f,f96f61b7d46d6032c4ace395a66667d49d1f24c6489fad1ff6c65ba42f7659b9,134866,0.5,1.0,0.8,route_following,revision_C_base@7b52d9149fd5,7b52d9149fd569229bcf4dbdfab434edfabc2e03,7821c330697bd81d6d7c78669e14fc4e785ea7c98d4305a8f8d4a52af044ffbd,c3-mobility_20260827_043124_280564_ae41202c,ae41202c062c1192bd5014d07cc3e7ddd086315bbffcca5260a97b6938aacfd9,none,none,evidence,revision_B_base,revision_B_base,5,200000.0,xlarge,45.0,80.0,5.0,0.5,1.0
1,43,online_static_3step,0.5,0.8,10000.0,0.0,8800.0,0.20323209086309207,0.0,0.9689191588811814,5426,8799,8800,8799,8800,200014.28154473013,475.32665898487903,4919,"[[520647.9649749217,5662895.104022372],[520750.9011834474,5662923.705106928],[520619.5439127976,5662887.529284183],[520660.59539358615,5662860.8589034155],[520601.16985800257,5662944.568816733]]",523844ed78a0f583e442b643c9217c5abbf3c0623bfd68739147060cf00e4cb4,ebdca9896e5432497830b02d1bfd0028ec8410ed44a5ddac541df79da4af96c1,none,lost_person,"stationary_victim_cell(P,victim_seed)",1,0,"{""p_d"":0.8,""stage"":""c3-mobility"",""tau"":10000.0,""w"":0.5}",c59ed08e2275f6d0d65001dcf837c9c881169637068f1659448d079a2119a4b2,lost_person,0.0,8800,3784547369,4699276,2d7f3c9d0b6068f5b0fcd5202075cce3ec0f00082aee21bea7db15cdfb40b793,f96f61b7d46d6032c4ace395a66667d49d1f24c6489fad1ff6c65ba42f7659b9,134866,0.5,1.0,0.8,lost_person,revision_C_base@7b52d9149fd5,7b52d9149fd569229bcf4dbdfab434edfabc2e03,7821c330697bd81d6d7c78669e14fc4e785ea7c98d4305a8f8d4a52af044ffbd,c3-mobility_20260827_043124_280564_ae41202c,ae41202c062c1192bd5014d07cc3e7ddd086315bbffcca5260a97b6938aacfd9,none,none,evidence,revision_B_base,revision_B_base,5,200000.0,xlarge,45.0,80.0,5.0,0.5,1.0
1,43,dynamic_3step,0.5,0.8,10000.0,0.0,8800.0,0.3470015659156097,0.0,0.9244630269196197,12773,8496,8497,8799,8800,200018.27584712033,401.49031538143754,3905,"[[520647.9649749217,5662895.104022372],[520750.9011834474,5662923.705106928],[520619.5439127976,5662887.529284183],[520660.59539358615,5662860.8589034155],[520601.16985800257,5662944.568816733]]",523844ed78a0f583e442b643c9217c5abbf3c0623bfd68739147060cf00e4cb4,eba6a650fd702336e382e498553e90f9d6001a916e890d40cf5b04ceb4b63efd,none,lost_person,"stationary_victim_cell(P,victim_seed)",1,0,"{""p_d"":0.8,""stage"":""c3-mobility"",""tau"":10000.0,""w"":0.5}",c59ed08e2275f6d0d65001dcf837c9c881169637068f1659448d079a2119a4b2,lost_person,0.0,8800,3784547369,4699276,2d7f3c9d0b6068f5b0fcd5202075cce3ec0f00082aee21bea7db15cdfb40b793,f96f61b7d46d6032c4ace395a66667d49d1f24c6489fad1ff6c65ba42f7659b9,134866,0.5,1.0,0.8,lost_person,revision_C_base@7b52d9149fd5,7b52d9149fd569229bcf4dbdfab434edfabc2e03,7821c330697bd81d6d7c78669e14fc4e785ea7c98d4305a8f8d4a52af044ffbd,c3-mobility_20260827_043124_280564_ae41202c,ae41202c062c1192bd5014d07cc3e7ddd086315bbffcca5260a97b6938aacfd9,none,none,evidence,revision_B_base,revision_B_base,5,200000.0,xlarge,45.0,80.0,5.0,0.5,1.0
7,43,online_static_3step,0.5,0.8,10000.0,0.0,8246.0,0.04720527649273838,0.0,0.9826335120746362,2714,8087,8088,8245,8246,200021.04284159545,411.2593370459508,4503,"[[686501.850052101,5838975.471476613],[686604.7862606267,5839004.072561169],[686473.4289899769,5838967.896738424],[686514.4804707655,5838941.2263576565],[686455.0549351819,5839024.936270974]]",70146d654c8d3e205eae3a8c1c32c196b80ae26034bb8660a9cf58293ef56344,aec5e025c52359aee661809d7450170115adaa0459272e540b4769370d85e9e5,none,random_walk,"stationary_victim_cell(P,victim_seed)",1,0,"{""p_d"":0.8,""stage"":""c3-mobility"",""tau"":10000.0,""w"":0.5}",c59ed08e2275f6d0d65001dcf837c9c881169637068f1659448d079a2119a4b2,random_walk,0.0,8246,676700889,3356357710,e6b35ed643284c45cb07603d570b4ff0456fafa51dda5ab240d53919ce2291b2,f07f8c5bde04f0db0ca0a71eb04c9593bf2f7ac3523d32a73196513af60570b6,279477,0.5,1.0,0.8,random_walk,revision_C_base@7b52d9149fd5,7b52d9149fd569229bcf4dbdfab434edfabc2e03,7821c330697bd81d6d7c78669e14fc4e785ea7c98d4305a8f8d4a52af044ffbd,c3-mobility_20260827_043124_280564_ae41202c,ae41202c062c1192bd5014d07cc3e7ddd086315bbffcca5260a97b6938aacfd9,none,none,evidence,revision_B_base,revision_B_base,5,200000.0,xlarge,45.0,80.0,5.0,0.5,1.0
7,43,dynamic_3step,0.5,0.8,10000.0,0.0,8246.0,0.16647385640224252,0.0,0.8950038983701101,16968,8245,8246,8245,8246,200020.57738839602,476.5470378054306,4436,"[[686501.850052101,5838975.471476613],[686604.7862606267,5839004.072561169],[686473.4289899769,5838967.896738424],[686514.4804707655,5838941.2263576565],[686455.0549351819,5839024.936270974]]",70146d654c8d3e205eae3a8c1c32c196b80ae26034bb8660a9cf58293ef56344,55dff513ef381d0ef509f93b9fa94e86cb13f21130b37983e7ef8c0a9e51c2bd,none,random_walk,"stationary_victim_cell(P,victim_seed)",1,0,"{""p_d"":0.8,""stage"":""c3-mobility"",""tau"":10000.0,""w"":0.5}",c59ed08e2275f6d0d65001dcf837c9c881169637068f1659448d079a2119a4b2,random_walk,0.0,8246,676700889,3356357710,e6b35ed643284c45cb07603d570b4ff0456fafa51dda5ab240d53919ce2291b2,f07f8c5bde04f0db0ca0a71eb04c9593bf2f7ac3523d32a73196513af60570b6,279477,0.5,1.0,0.8,random_walk,revision_C_base@7b52d9149fd5,7b52d9149fd569229bcf4dbdfab434edfabc2e03,7821c330697bd81d6d7c78669e14fc4e785ea7c98d4305a8f8d4a52af044ffbd,c3-mobility_20260827_043124_280564_ae41202c,ae41202c062c1192bd5014d07cc3e7ddd086315bbffcca5260a97b6938aacfd9,none,none,evidence,revision_B_base,revision_B_base,5,200000.0,xlarge,45.0,80.0,5.0,0.5,1.0
7,43,online_static_3step,0.5,0.8,10000.0,0.0,8246.0,0.04720527649273838,0.0,0.9826335120746362,2714,8087,8088,8245,8246,200021.04284159545,411.2593370459508,4503,"[[686501.850052101,5838975.471476613],[686604.7862606267,5839004.072561169],[686473.4289899769,5838967.896738424],[686514.4804707655,5838941.2263576565],[686455.0549351819,5839024.936270974]]",70146d654c8d3e205eae3a8c1c32c196b80ae26034bb8660a9cf58293ef56344,aec5e025c52359aee661809d7450170115adaa0459272e540b4769370d85e9e5,none,route_following,"stationary_victim_cell(P,victim_seed)",1,0,"{""p_d"":0.8,""stage"":""c3-mobility"",""tau"":10000.0,""w"":0.5}",c59ed08e2275f6d0d65001dcf837c9c881169637068f1659448d079a2119a4b2,route_following,0.0,8246,676700889,3356357710,f54eb189bac5152cc6cee2a711ed0ee107fb06130fcaf1802fd8d867ce942056,f07f8c5bde04f0db0ca0a71eb04c9593bf2f7ac3523d32a73196513af60570b6,279477,0.5,1.0,0.8,route_following,revision_C_base@7b52d9149fd5,7b52d9149fd569229bcf4dbdfab434edfabc2e03,7821c330697bd81d6d7c78669e14fc4e785ea7c98d4305a8f8d4a52af044ffbd,c3-mobility_20260827_043124_280564_ae41202c,ae41202c062c1192bd5014d07cc3e7ddd086315bbffcca5260a97b6938aacfd9,none,none,evidence,revision_B_base,revision_B_base,5,200000.0,xlarge,45.0,80.0,5.0,0.5,1.0
7,43,dynamic_3step,0.5,0.8,10000.0,0.0,8246.0,0.16647385640224252,0.0,0.8950038983701101,16968,8245,8246,8245,8246,200020.57738839602,476.5470378054306,4436,"[[686501.850052101,5838975.471476613],[686604.7862606267,5839004.072561169],[686473.4289899769,5838967.896738424],[686514.4804707655,5838941.2263576565],[686455.0549351819,5839024.936270974]]",70146d654c8d3e205eae3a8c1c32c196b80ae26034bb8660a9cf58293ef56344,55dff513ef381d0ef509f93b9fa94e86cb13f21130b37983e7ef8c0a9e51c2bd,none,route_following,"stationary_victim_cell(P,victim_seed)",1,0,"{""p_d"":0.8,""stage"":""c3-mobility"",""tau"":10000.0,""w"":0.5}",c59ed08e2275f6d0d65001dcf837c9c881169637068f1659448d079a2119a4b2,route_following,0.0,8246,676700889,3356357710,f54eb189bac5152cc6cee2a711ed0ee107fb06130fcaf1802fd8d867ce942056,f07f8c5bde04f0db0ca0a71eb04c9593bf2f7ac3523d32a73196513af60570b6,279477,0.5,1.0,0.8,route_following,revision_C_base@7b52d9149fd5,7b52d9149fd569229bcf4dbdfab434edfabc2e03,7821c330697bd81d6d7c78669e14fc4e785ea7c98d4305a8f8d4a52af044ffbd,c3-mobility_20260827_043124_280564_ae41202c,ae41202c062c1192bd5014d07cc3e7ddd086315bbffcca5260a97b6938aacfd9,none,none,evidence,revision_B_base,revision_B_base,5,200000.0,xlarge,45.0,80.0,5.0,0.5,1.0
7,43,online_static_3step,0.5,0.8,10000.0,0.0,8246.0,0.04720527649273838,0.0,0.9826335120746362,2714,8087,8088,8245,8246,200021.04284159545,411.2593370459508,4503,"[[686501.850052101,5838975.471476613],[686604.7862606267,5839004.072561169],[686473.4289899769,5838967.896738424],[686514.4804707655,5838941.2263576565],[686455.0549351819,5839024.936270974]]",70146d654c8d3e205eae3a8c1c32c196b80ae26034bb8660a9cf58293ef56344,aec5e025c52359aee661809d7450170115adaa0459272e540b4769370d85e9e5,none,lost_person,"stationary_victim_cell(P,victim_seed)",1,0,"{""p_d"":0.8,""stage"":""c3-mobility"",""tau"":10000.0,""w"":0.5}",c59ed08e2275f6d0d65001dcf837c9c881169637068f1659448d079a2119a4b2,lost_person,0.0,8246,676700889,3356357710,47072619a2999f44218a91e45bb180676f877724f9705f4dfa3208d228b5051a,f07f8c5bde04f0db0ca0a71eb04c9593bf2f7ac3523d32a73196513af60570b6,279477,0.5,1.0,0.8,lost_person,revision_C_base@7b52d9149fd5,7b52d9149fd569229bcf4dbdfab434edfabc2e03,7821c330697bd81d6d7c78669e14fc4e785ea7c98d4305a8f8d4a52af044ffbd,c3-mobility_20260827_043124_280564_ae41202c,ae41202c062c1192bd5014d07cc3e7ddd086315bbffcca5260a97b6938aacfd9,none,none,evidence,revision_B_base,revision_B_base,5,200000.0,xlarge,45.0,80.0,5.0,0.5,1.0
7,43,dynamic_3step,0.5,0.8,10000.0,0.0,8246.0,0.16647385640224252,0.0,0.8950038983701101,16968,8245,8246,8245,8246,200020.57738839602,476.5470378054306,4436,"[[686501.850052101,5838975.471476613],[686604.7862606267,5839004.072561169],[686473.4289899769,5838967.896738424],[686514.4804707655,5838941.2263576565],[686455.0549351819,5839024.936270974]]",70146d654c8d3e205eae3a8c1c32c196b80ae26034bb8660a9cf58293ef56344,55dff513ef381d0ef509f93b9fa94e86cb13f21130b37983e7ef8c0a9e51c2bd,none,lost_person,"stationary_victim_cell(P,victim_seed)",1,0,"{""p_d"":0.8,""stage"":""c3-mobility"",""tau"":10000.0,""w"":0.5}",c59ed08e2275f6d0d65001dcf837c9c881169637068f1659448d079a2119a4b2,lost_person,0.0,8246,676700889,3356357710,47072619a2999f44218a91e45bb180676f877724f9705f4dfa3208d228b5051a,f07f8c5bde04f0db0ca0a71eb04c9593bf2f7ac3523d32a73196513af60570b6,279477,0.5,1.0,0.8,lost_person,revision_C_base@7b52d9149fd5,7b52d9149fd569229bcf4dbdfab434edfabc2e03,7821c330697bd81d6d7c78669e14fc4e785ea7c98d4305a8f8d4a52af044ffbd,c3-mobility_20260827_043124_280564_ae41202c,ae41202c062c1192bd5014d07cc3e7ddd086315bbffcca5260a97b6938aacfd9,none,none,evidence,revision_B_base,revision_B_base,5,200000.0,xlarge,45.0,80.0,5.0,0.5,1.0
7,45,online_static_3step,0.5,0.8,10000.0,0.0,8263.0,0.0682931648579073,0.0,0.9678913930654548,5059,8125,8126,8262,8263,200023.9118437539,431.25567063852213,4465,"[[686448.745187684,5838960.333198625],[686521.6198310931,5838902.811238282],[686425.8042562932,5838986.904224213],[686535.9356191684,5838918.668191239],[686445.1201749505,5839037.091437179]]",b98c42be92a0d05dad7817d60024cbaa2a663d58f33ed7d93a3770ce5fd54421,1607ab903eaf53f6fcd425b25f71d8fab49463cbfc9feebdaa6c92b2690eabee,none,random_walk,"stationary_victim_cell(P,victim_seed)",1,0,"{""p_d"":0.8,""stage"":""c3-mobility"",""tau"":10000.0,""w"":0.5}",c59ed08e2275f6d0d65001dcf837c9c881169637068f1659448d079a2119a4b2,random_walk,0.0,8263,1057982254,4257149224,741620965445ec42ad9aef040bbfb9e2a0a2348ffea8f0e373e01764e831981a,932fbf05114ff42cbf8f68e20ca9acb8df88cb6cf9aa11a788a591810fbd8f3b,266532,0.5,1.0,0.8,random_walk,revision_C_base@7b52d9149fd5,7b52d9149fd569229bcf4dbdfab434edfabc2e03,7821c330697bd81d6d7c78669e14fc4e785ea7c98d4305a8f8d4a52af044ffbd,c3-mobility_20260827_043124_280564_ae41202c,ae41202c062c1192bd5014d07cc3e7ddd086315bbffcca5260a97b6938aacfd9,none,none,evidence,revision_B_base,revision_B_base,5,200000.0,xlarge,45.0,80.0,5.0,0.5,1.0
7,45,dynamic_3step,0.5,0.8,10000.0,0.0,8263.0,0.19237160298423836,0.0,0.8976958127547277,16592,8262,8263,8262,8263,200020.8857957677,427.55215600226074,3920,"[[686448.745187684,5838960.333198625],[686521.6198310931,5838902.811238282],[686425.8042562932,5838986.904224213],[686535.9356191684,5838918.668191239],[686445.1201749505,5839037.091437179]]",b98c42be92a0d05dad7817d60024cbaa2a663d58f33ed7d93a3770ce5fd54421,31ff0a70535ff7c82d617eb6b1c19f174b95a288a9f15033305d0e9de4c09a0c,none,random_walk,"stationary_victim_cell(P,victim_seed)",1,0,"{""p_d"":0.8,""stage"":""c3-mobility"",""tau"":10000.0,""w"":0.5}",c59ed08e2275f6d0d65001dcf837c9c881169637068f1659448d079a2119a4b2,random_walk,0.0,8263,1057982254,4257149224,741620965445ec42ad9aef040bbfb9e2a0a2348ffea8f0e373e01764e831981a,932fbf05114ff42cbf8f68e20ca9acb8df88cb6cf9aa11a788a591810fbd8f3b,266532,0.5,1.0,0.8,random_walk,revision_C_base@7b52d9149fd5,7b52d9149fd569229bcf4dbdfab434edfabc2e03,7821c330697bd81d6d7c78669e14fc4e785ea7c98d4305a8f8d4a52af044ffbd,c3-mobility_20260827_043124_280564_ae41202c,ae41202c062c1192bd5014d07cc3e7ddd086315bbffcca5260a97b6938aacfd9,none,none,evidence,revision_B_base,revision_B_base,5,200000.0,xlarge,45.0,80.0,5.0,0.5,1.0
7,45,online_static_3step,0.5,0.8,10000.0,0.0,8263.0,0.0682931648579073,0.0,0.9678913930654548,5059,8125,8126,8262,8263,200023.9118437539,431.25567063852213,4465,"[[686448.745187684,5838960.333198625],[686521.6198310931,5838902.811238282],[686425.8042562932,5838986.904224213],[686535.9356191684,5838918.668191239],[686445.1201749505,5839037.091437179]]",b98c42be92a0d05dad7817d60024cbaa2a663d58f33ed7d93a3770ce5fd54421,1607ab903eaf53f6fcd425b25f71d8fab49463cbfc9feebdaa6c92b2690eabee,none,route_following,"stationary_victim_cell(P,victim_seed)",1,0,"{""p_d"":0.8,""stage"":""c3-mobility"",""tau"":10000.0,""w"":0.5}",c59ed08e2275f6d0d65001dcf837c9c881169637068f1659448d079a2119a4b2,route_following,0.0,8263,1057982254,4257149224,c647b4964ec043010d45912f26e40ac68730d05275b5a3031882c387bc478ceb,932fbf05114ff42cbf8f68e20ca9acb8df88cb6cf9aa11a788a591810fbd8f3b,266532,0.5,1.0,0.8,route_following,revision_C_base@7b52d9149fd5,7b52d9149fd569229bcf4dbdfab434edfabc2e03,7821c330697bd81d6d7c78669e14fc4e785ea7c98d4305a8f8d4a52af044ffbd,c3-mobility_20260827_043124_280564_ae41202c,ae41202c062c1192bd5014d07cc3e7ddd086315bbffcca5260a97b6938aacfd9,none,none,evidence,revision_B_base,revision_B_base,5,200000.0,xlarge,45.0,80.0,5.0,0.5,1.0
7,45,dynamic_3step,0.5,0.8,10000.0,0.0,8263.0,0.19237160298423836,0.0,0.8976958127547277,16592,8262,8263,8262,8263,200020.8857957677,427.55215600226074,3920,"[[686448.745187684,5838960.333198625],[686521.6198310931,5838902.811238282],[686425.8042562932,5838986.904224213],[686535.9356191684,5838918.668191239],[686445.1201749505,5839037.091437179]]",b98c42be92a0d05dad7817d60024cbaa2a663d58f33ed7d93a3770ce5fd54421,31ff0a70535ff7c82d617eb6b1c19f174b95a288a9f15033305d0e9de4c09a0c,none,route_following,"stationary_victim_cell(P,victim_seed)",1,0,"{""p_d"":0.8,""stage"":""c3-mobility"",""tau"":10000.0,""w"":0.5}",c59ed08e2275f6d0d65001dcf837c9c881169637068f1659448d079a2119a4b2,route_following,0.0,8263,1057982254,4257149224,c647b4964ec043010d45912f26e40ac68730d05275b5a3031882c387bc478ceb,932fbf05114ff42cbf8f68e20ca9acb8df88cb6cf9aa11a788a591810fbd8f3b,266532,0.5,1.0,0.8,route_following,revision_C_base@7b52d9149fd5,7b52d9149fd569229bcf4dbdfab434edfabc2e03,7821c330697bd81d6d7c78669e14fc4e785ea7c98d4305a8f8d4a52af044ffbd,c3-mobility_20260827_043124_280564_ae41202c,ae41202c062c1192bd5014d07cc3e7ddd086315bbffcca5260a97b6938aacfd9,none,none,evidence,revision_B_base,revision_B_base,5,200000.0,xlarge,45.0,80.0,5.0,0.5,1.0
7,45,online_static_3step,0.5,0.8,10000.0,0.0,8263.0,0.0682931648579073,0.0,0.9678913930654548,5059,8125,8126,8262,8263,200023.9118437539,431.25567063852213,4465,"[[686448.745187684,5838960.333198625],[686521.6198310931,5838902.811238282],[686425.8042562932,5838986.904224213],[686535.9356191684,5838918.668191239],[686445.1201749505,5839037.091437179]]",b98c42be92a0d05dad7817d60024cbaa2a663d58f33ed7d93a3770ce5fd54421,1607ab903eaf53f6fcd425b25f71d8fab49463cbfc9feebdaa6c92b2690eabee,none,lost_person,"stationary_victim_cell(P,victim_seed)",1,0,"{""p_d"":0.8,""stage"":""c3-mobility"",""tau"":10000.0,""w"":0.5}",c59ed08e2275f6d0d65001dcf837c9c881169637068f1659448d079a2119a4b2,lost_person,0.0,8263,1057982254,4257149224,f860e190294db12773ef03c36f6cc6dc94e352113e2690d292664a03f5bf02e4,932fbf05114ff42cbf8f68e20ca9acb8df88cb6cf9aa11a788a591810fbd8f3b,266532,0.5,1.0,0.8,lost_person,revision_C_base@7b52d9149fd5,7b52d9149fd569229bcf4dbdfab434edfabc2e03,7821c330697bd81d6d7c78669e14fc4e785ea7c98d4305a8f8d4a52af044ffbd,c3-mobility_20260827_043124_280564_ae41202c,ae41202c062c1192bd5014d07cc3e7ddd086315bbffcca5260a97b6938aacfd9,none,none,evidence,revision_B_base,revision_B_base,5,200000.0,xlarge,45.0,80.0,5.0,0.5,1.0
7,45,dynamic_3step,0.5,0.8,10000.0,0.0,8263.0,0.19237160298423836,0.0,0.8976958127547277,16592,8262,8263,8262,8263,200020.8857957677,427.55215600226074,3920,"[[686448.745187684,5838960.333198625],[686521.6198310931,5838902.811238282],[686425.8042562932,5838986.904224213],[686535.9356191684,5838918.668191239],[686445.1201749505,5839037.091437179]]",b98c42be92a0d05dad7817d60024cbaa2a663d58f33ed7d93a3770ce5fd54421,31ff0a70535ff7c82d617eb6b1c19f174b95a288a9f15033305d0e9de4c09a0c,none,lost_person,"stationary_victim_cell(P,victim_seed)",1,0,"{""p_d"":0.8,""stage"":""c3-mobility"",""tau"":10000.0,""w"":0.5}",c59ed08e2275f6d0d65001dcf837c9c881169637068f1659448d079a2119a4b2,lost_person,0.0,8263,1057982254,4257149224,f860e190294db12773ef03c36f6cc6dc94e352113e2690d292664a03f5bf02e4,932fbf05114ff42cbf8f68e20ca9acb8df88cb6cf9aa11a788a591810fbd8f3b,266532,0.5,1.0,0.8,lost_person,revision_C_base@7b52d9149fd5,7b52d9149fd569229bcf4dbdfab434edfabc2e03,7821c330697bd81d6d7c78669e14fc4e785ea7c98d4305a8f8d4a52af044ffbd,c3-mobility_20260827_043124_280564_ae41202c,ae41202c062c1192bd5014d07cc3e7ddd086315bbffcca5260a97b6938aacfd9,none,none,evidence,revision_B_base,revision_B_base,5,200000.0,xlarge,45.0,80.0,5.0,0.5,1.0
7,51,online_static_3step,0.5,0.8,10000.0,0.0,8275.0,0.06666198774160682,0.0,0.9682092299879388,5008,8124,8125,8274,8275,200010.60238885437,403.75273273698986,4162,"[[686565.7373383148,5838972.965318329],[686512.447838973,5839039.734117474],[686524.400646446,5838947.221415502],[686543.2639561718,5838912.172146359],[686452.0731662887,5839025.6724804705]]",a8f19df2d616560c37b26732016a8ecb989b028f1788c364e916ef8c4d117ae0,cabb2b0b37d643b46bab1c54442254627d297e2aaba8a9df5e3caae5d17ce885,none,random_walk,"stationary_victim_cell(P,victim_seed)",1,0,"{""p_d"":0.8,""stage"":""c3-mobility"",""tau"":10000.0,""w"":0.5}",c59ed08e2275f6d0d65001dcf837c9c881169637068f1659448d079a2119a4b2,random_walk,0.0,8275,3511595774,818524039,c48e1d9df2d889a62350690ef1d091396be22e46c62a39c167ead71e2afbc6bc,1cf38ea9b4672caf3d8ede1d66a5cf69709aaf9eab9fc8fe013be92bc2997608,282885,0.5,1.0,0.8,random_walk,revision_C_base@7b52d9149fd5,7b52d9149fd569229bcf4dbdfab434edfabc2e03,7821c330697bd81d6d7c78669e14fc4e785ea7c98d4305a8f8d4a52af044ffbd,c3-mobility_20260827_043124_280564_ae41202c,ae41202c062c1192bd5014d07cc3e7ddd086315bbffcca5260a97b6938aacfd9,none,none,evidence,revision_B_base,revision_B_base,5,200000.0,xlarge,45.0,80.0,5.0,0.5,1.0
7,51,dynamic_3step,0.5,0.8,10000.0,0.0,8275.0,0.20270127960255468,0.0,0.8989009366946916,16438,8274,8275,8274,8275,200003.15642034006,425.9346688997466,3990,"[[686565.7373383148,5838972.965318329],[686512.447838973,5839039.734117474],[686524.400646446,5838947.221415502],[686543.2639561718,5838912.172146359],[686452.0731662887,5839025.6724804705]]",a8f19df2d616560c37b26732016a8ecb989b028f1788c364e916ef8c4d117ae0,24f66cff75a64911d9763fdd20c66cddd54b1cb8d0fbf9709a6d3f4588a0af5c,none,random_walk,"stationary_victim_cell(P,victim_seed)",1,0,"{""p_d"":0.8,""stage"":""c3-mobility"",""tau"":10000.0,""w"":0.5}",c59ed08e2275f6d0d65001dcf837c9c881169637068f1659448d079a2119a4b2,random_walk,0.0,8275,3511595774,818524039,c48e1d9df2d889a62350690ef1d091396be22e46c62a39c167ead71e2afbc6bc,1cf38ea9b4672caf3d8ede1d66a5cf69709aaf9eab9fc8fe013be92bc2997608,282885,0.5,1.0,0.8,random_walk,revision_C_base@7b52d9149fd5,7b52d9149fd569229bcf4dbdfab434edfabc2e03,7821c330697bd81d6d7c78669e14fc4e785ea7c98d4305a8f8d4a52af044ffbd,c3-mobility_20260827_043124_280564_ae41202c,ae41202c062c1192bd5014d07cc3e7ddd086315bbffcca5260a97b6938aacfd9,none,none,evidence,revision_B_base,revision_B_base,5,200000.0,xlarge,45.0,80.0,5.0,0.5,1.0
7,51,online_static_3step,0.5,0.8,10000.0,0.0,8275.0,0.06666198774160682,0.0,0.9682092299879388,5008,8124,8125,8274,8275,200010.60238885437,403.75273273698986,4162,"[[686565.7373383148,5838972.965318329],[686512.447838973,5839039.734117474],[686524.400646446,5838947.221415502],[686543.2639561718,5838912.172146359],[686452.0731662887,5839025.6724804705]]",a8f19df2d616560c37b26732016a8ecb989b028f1788c364e916ef8c4d117ae0,cabb2b0b37d643b46bab1c54442254627d297e2aaba8a9df5e3caae5d17ce885,none,route_following,"stationary_victim_cell(P,victim_seed)",1,0,"{""p_d"":0.8,""stage"":""c3-mobility"",""tau"":10000.0,""w"":0.5}",c59ed08e2275f6d0d65001dcf837c9c881169637068f1659448d079a2119a4b2,route_following,0.0,8275,3511595774,818524039,934637d2733d305c611b18e88b8b1477cb9a69d68c00f58b5a597123db90c719,1cf38ea9b4672caf3d8ede1d66a5cf69709aaf9eab9fc8fe013be92bc2997608,282885,0.5,1.0,0.8,route_following,revision_C_base@7b52d9149fd5,7b52d9149fd569229bcf4dbdfab434edfabc2e03,7821c330697bd81d6d7c78669e14fc4e785ea7c98d4305a8f8d4a52af044ffbd,c3-mobility_20260827_043124_280564_ae41202c,ae41202c062c1192bd5014d07cc3e7ddd086315bbffcca5260a97b6938aacfd9,none,none,evidence,revision_B_base,revision_B_base,5,200000.0,xlarge,45.0,80.0,5.0,0.5,1.0
7,51,dynamic_3step,0.5,0.8,10000.0,0.0,8275.0,0.20270127960255468,0.0,0.8989009366946916,16438,8274,8275,8274,8275,200003.15642034006,425.9346688997466,3990,"[[686565.7373383148,5838972.965318329],[686512.447838973,5839039.734117474],[686524.400646446,5838947.221415502],[686543.2639561718,5838912.172146359],[686452.0731662887,5839025.6724804705]]",a8f19df2d616560c37b26732016a8ecb989b028f1788c364e916ef8c4d117ae0,24f66cff75a64911d9763fdd20c66cddd54b1cb8d0fbf9709a6d3f4588a0af5c,none,route_following,"stationary_victim_cell(P,victim_seed)",1,0,"{""p_d"":0.8,""stage"":""c3-mobility"",""tau"":10000.0,""w"":0.5}",c59ed08e2275f6d0d65001dcf837c9c881169637068f1659448d079a2119a4b2,route_following,0.0,8275,3511595774,818524039,934637d2733d305c611b18e88b8b1477cb9a69d68c00f58b5a597123db90c719,1cf38ea9b4672caf3d8ede1d66a5cf69709aaf9eab9fc8fe013be92bc2997608,282885,0.5,1.0,0.8,route_following,revision_C_base@7b52d9149fd5,7b52d9149fd569229bcf4dbdfab434edfabc2e03,7821c330697bd81d6d7c78669e14fc4e785ea7c98d4305a8f8d4a52af044ffbd,c3-mobility_20260827_043124_280564_ae41202c,ae41202c062c1192bd5014d07cc3e7ddd086315bbffcca5260a97b6938aacfd9,none,none,evidence,revision_B_base,revision_B_base,5,200000.0,xlarge,45.0,80.0,5.0,0.5,1.0
7,51,online_static_3step,0.5,0.8,10000.0,0.0,8275.0,0.06666198774160682,0.0,0.9682092299879388,5008,8124,8125,8274,8275,200010.60238885437,403.75273273698986,4162,"[[686565.7373383148,5838972.965318329],[686512.447838973,5839039.734117474],[686524.400646446,5838947.221415502],[686543.2639561718,5838912.172146359],[686452.0731662887,5839025.6724804705]]",a8f19df2d616560c37b26732016a8ecb989b028f1788c364e916ef8c4d117ae0,cabb2b0b37d643b46bab1c54442254627d297e2aaba8a9df5e3caae5d17ce885,none,lost_person,"stationary_victim_cell(P,victim_seed)",1,0,"{""p_d"":0.8,""stage"":""c3-mobility"",""tau"":10000.0,""w"":0.5}",c59ed08e2275f6d0d65001dcf837c9c881169637068f1659448d079a2119a4b2,lost_person,0.0,8275,3511595774,818524039,cfde6635d8dac916b9c50ef691a35d189d51a0d2a2ab4154347d30c1d1b2c082,1cf38ea9b4672caf3d8ede1d66a5cf69709aaf9eab9fc8fe013be92bc2997608,282885,0.5,1.0,0.8,lost_person,revision_C_base@7b52d9149fd5,7b52d9149fd569229bcf4dbdfab434edfabc2e03,7821c330697bd81d6d7c78669e14fc4e785ea7c98d4305a8f8d4a52af044ffbd,c3-mobility_20260827_043124_280564_ae41202c,ae41202c062c1192bd5014d07cc3e7ddd086315bbffcca5260a97b6938aacfd9,none,none,evidence,revision_B_base,revision_B_base,5,200000.0,xlarge,45.0,80.0,5.0,0.5,1.0
7,51,dynamic_3step,0.5,0.8,10000.0,0.0,8275.0,0.20270127960255468,0.0,0.8989009366946916,16438,8274,8275,8274,8275,200003.15642034006,425.9346688997466,3990,"[[686565.7373383148,5838972.965318329],[686512.447838973,5839039.734117474],[686524.400646446,5838947.221415502],[686543.2639561718,5838912.172146359],[686452.0731662887,5839025.6724804705]]",a8f19df2d616560c37b26732016a8ecb989b028f1788c364e916ef8c4d117ae0,24f66cff75a64911d9763fdd20c66cddd54b1cb8d0fbf9709a6d3f4588a0af5c,none,lost_person,"stationary_victim_cell(P,victim_seed)",1,0,"{""p_d"":0.8,""stage"":""c3-mobility"",""tau"":10000.0,""w"":0.5}",c59ed08e2275f6d0d65001dcf837c9c881169637068f1659448d079a2119a4b2,lost_person,0.0,8275,3511595774,818524039,cfde6635d8dac916b9c50ef691a35d189d51a0d2a2ab4154347d30c1d1b2c082,1cf38ea9b4672caf3d8ede1d66a5cf69709aaf9eab9fc8fe013be92bc2997608,282885,0.5,1.0,0.8,lost_person,revision_C_base@7b52d9149fd5,7b52d9149fd569229bcf4dbdfab434edfabc2e03,7821c330697bd81d6d7c78669e14fc4e785ea7c98d4305a8f8d4a52af044ffbd,c3-mobility_20260827_043124_280564_ae41202c,ae41202c062c1192bd5014d07cc3e7ddd086315bbffcca5260a97b6938aacfd9,none,none,evidence,revision_B_base,revision_B_base,5,200000.0,xlarge,45.0,80.0,5.0,0.5,1.0
7,48,online_static_3step,0.5,0.8,10000.0,0.0,8272.0,0.04256303301400875,0.0,0.983791537786658,2531,8083,8084,8271,8272,200000.95978586638,500.87254989077337,5270,"[[686455.1463316425,5839042.628856021],[686430.8791302773,5838985.356926918],[686460.4803246015,5838916.565714553],[686452.5134692262,5838953.700484398],[686520.1447813449,5838947.115903508]]",b85f9723792ce7b18415898fc551ccbb69b3a52f396789496392181de2ff1369,8310baf8f52555d74b2b59f3b1bc43a5ce7c1ba4cc45936d39a1583f43723c24,none,random_walk,"stationary_victim_cell(P,victim_seed)",1,0,"{""p_d"":0.8,""stage"":""c3-mobility"",""tau"":10000.0,""w"":0.5}",c59ed08e2275f6d0d65001dcf837c9c881169637068f1659448d079a2119a4b2,random_walk,0.0,8272,1585231807,1502946757,f7a1ec02ee0bebe0b17001e33001b3af9f53f54cf99cf5053c76ffc7b05aa4aa,d015a83c399e07c795841543dcf2f64e58209f68d0a75ab81f7c756508dffea8,174027,0.5,1.0,0.8,random_walk,revision_C_base@7b52d9149fd5,7b52d9149fd569229bcf4dbdfab434edfabc2e03,7821c330697bd81d6d7c78669e14fc4e785ea7c98d4305a8f8d4a52af044ffbd,c3-mobility_20260827_043124_280564_ae41202c,ae41202c062c1192bd5014d07cc3e7ddd086315bbffcca5260a97b6938aacfd9,none,none,evidence,revision_B_base,revision_B_base,5,200000.0,xlarge,45.0,80.0,5.0,0.5,1.0
7,48,dynamic_3step,0.5,0.8,10000.0,0.0,8272.0,0.1857192288599377,0.0,0.8996461211804166,16306,8271,8272,8271,8272,200014.44669773878,461.6388085882645,4456,"[[686455.1463316425,5839042.628856021],[686430.8791302773,5838985.356926918],[686460.4803246015,5838916.565714553],[686452.5134692262,5838953.700484398],[686520.1447813449,5838947.115903508]]",b85f9723792ce7b18415898fc551ccbb69b3a52f396789496392181de2ff1369,3b4c4b9c95ec3a0f770c375a2ee3f844caffccaedfe5170585da0629163fab82,none,random_walk,"stationary_victim_cell(P,victim_seed)",1,0,"{""p_d"":0.8,""stage"":""c3-mobility"",""tau"":10000.0,""w"":0.5}",c59ed08e2275f6d0d65001dcf837c9c881169637068f1659448d079a2119a4b2,random_walk,0.0,8272,1585231807,1502946757,f7a1ec02ee0bebe0b17001e33001b3af9f53f54cf99cf5053c76ffc7b05aa4aa,d015a83c399e07c795841543dcf2f64e58209f68d0a75ab81f7c756508dffea8,174027,0.5,1.0,0.8,random_walk,revision_C_base@7b52d9149fd5,7b52d9149fd569229bcf4dbdfab434edfabc2e03,7821c330697bd81d6d7c78669e14fc4e785ea7c98d4305a8f8d4a52af044ffbd,c3-mobility_20260827_043124_280564_ae41202c,ae41202c062c1192bd5014d07cc3e7ddd086315bbffcca5260a97b6938aacfd9,none,none,evidence,revision_B_base,revision_B_base,5,200000.0,xlarge,45.0,80.0,5.0,0.5,1.0
7,48,online_static_3step,0.5,0.8,10000.0,0.0,8272.0,0.04256303301400875,0.0,0.983791537786658,2531,8083,8084,8271,8272,200000.95978586638,500.87254989077337,5270,"[[686455.1463316425,5839042.628856021],[686430.8791302773,5838985.356926918],[686460.4803246015,5838916.565714553],[686452.5134692262,5838953.700484398],[686520.1447813449,5838947.115903508]]",b85f9723792ce7b18415898fc551ccbb69b3a52f396789496392181de2ff1369,8310baf8f52555d74b2b59f3b1bc43a5ce7c1ba4cc45936d39a1583f43723c24,none,route_following,"stationary_victim_cell(P,victim_seed)",1,0,"{""p_d"":0.8,""stage"":""c3-mobility"",""tau"":10000.0,""w"":0.5}",c59ed08e2275f6d0d65001dcf837c9c881169637068f1659448d079a2119a4b2,route_following,0.0,8272,1585231807,1502946757,3511593d2cbc3440eddff9ab442a63b46bd8729a91a4f710040b442978eca1ab,d015a83c399e07c795841543dcf2f64e58209f68d0a75ab81f7c756508dffea8,174027,0.5,1.0,0.8,route_following,revision_C_base@7b52d9149fd5,7b52d9149fd569229bcf4dbdfab434edfabc2e03,7821c330697bd81d6d7c78669e14fc4e785ea7c98d4305a8f8d4a52af044ffbd,c3-mobility_20260827_043124_280564_ae41202c,ae41202c062c1192bd5014d07cc3e7ddd086315bbffcca5260a97b6938aacfd9,none,none,evidence,revision_B_base,revision_B_base,5,200000.0,xlarge,45.0,80.0,5.0,0.5,1.0
7,48,dynamic_3step,0.5,0.8,10000.0,0.999999995904,3864.2500180045936,0.1857192288599377,12.0,0.8996461211804166,16306,8271,8272,8271,8272,200014.44669773878,461.6388085882645,4456,"[[686455.1463316425,5839042.628856021],[686430.8791302773,5838985.356926918],[686460.4803246015,5838916.565714553],[686452.5134692262,5838953.700484398],[686520.1447813449,5838947.115903508]]",b85f9723792ce7b18415898fc551ccbb69b3a52f396789496392181de2ff1369,3b4c4b9c95ec3a0f770c375a2ee3f844caffccaedfe5170585da0629163fab82,none,route_following,"stationary_victim_cell(P,victim_seed)",1,0,"{""p_d"":0.8,""stage"":""c3-mobility"",""tau"":10000.0,""w"":0.5}",c59ed08e2275f6d0d65001dcf837c9c881169637068f1659448d079a2119a4b2,route_following,1.0,3865,1585231807,1502946757,3511593d2cbc3440eddff9ab442a63b46bd8729a91a4f710040b442978eca1ab,d015a83c399e07c795841543dcf2f64e58209f68d0a75ab81f7c756508dffea8,174027,0.5,1.0,0.8,route_following,revision_C_base@7b52d9149fd5,7b52d9149fd569229bcf4dbdfab434edfabc2e03,7821c330697bd81d6d7c78669e14fc4e785ea7c98d4305a8f8d4a52af044ffbd,c3-mobility_20260827_043124_280564_ae41202c,ae41202c062c1192bd5014d07cc3e7ddd086315bbffcca5260a97b6938aacfd9,none,none,evidence,revision_B_base,revision_B_base,5,200000.0,xlarge,45.0,80.0,5.0,0.5,1.0
7,48,online_static_3step,0.5,0.8,10000.0,0.0,8272.0,0.04256303301400875,0.0,0.983791537786658,2531,8083,8084,8271,8272,200000.95978586638,500.87254989077337,5270,"[[686455.1463316425,5839042.628856021],[686430.8791302773,5838985.356926918],[686460.4803246015,5838916.565714553],[686452.5134692262,5838953.700484398],[686520.1447813449,5838947.115903508]]",b85f9723792ce7b18415898fc551ccbb69b3a52f396789496392181de2ff1369,8310baf8f52555d74b2b59f3b1bc43a5ce7c1ba4cc45936d39a1583f43723c24,none,lost_person,"stationary_victim_cell(P,victim_seed)",1,0,"{""p_d"":0.8,""stage"":""c3-mobility"",""tau"":10000.0,""w"":0.5}",c59ed08e2275f6d0d65001dcf837c9c881169637068f1659448d079a2119a4b2,lost_person,0.0,8272,1585231807,1502946757,71fd9b834b8ee47723d8ea68e3cbf3f1b470e5b3157a6372baa8a0cc25d0c1d7,d015a83c399e07c795841543dcf2f64e58209f68d0a75ab81f7c756508dffea8,174027,0.5,1.0,0.8,lost_person,revision_C_base@7b52d9149fd5,7b52d9149fd569229bcf4dbdfab434edfabc2e03,7821c330697bd81d6d7c78669e14fc4e785ea7c98d4305a8f8d4a52af044ffbd,c3-mobility_20260827_043124_280564_ae41202c,ae41202c062c1192bd5014d07cc3e7ddd086315bbffcca5260a97b6938aacfd9,none,none,evidence,revision_B_base,revision_B_base,5,200000.0,xlarge,45.0,80.0,5.0,0.5,1.0
7,48,dynamic_3step,0.5,0.8,10000.0,0.0,8272.0,0.1857192288599377,0.0,0.8996461211804166,16306,8271,8272,8271,8272,200014.44669773878,461.6388085882645,4456,"[[686455.1463316425,5839042.628856021],[686430.8791302773,5838985.356926918],[686460.4803246015,5838916.565714553],[686452.5134692262,5838953.700484398],[686520.1447813449,5838947.115903508]]",b85f9723792ce7b18415898fc551ccbb69b3a52f396789496392181de2ff1369,3b4c4b9c95ec3a0f770c375a2ee3f844caffccaedfe5170585da0629163fab82,none,lost_person,"stationary_victim_cell(P,victim_seed)",1,0,"{""p_d"":0.8,""stage"":""c3-mobility"",""tau"":10000.0,""w"":0.5}",c59ed08e2275f6d0d65001dcf837c9c881169637068f1659448d079a2119a4b2,lost_person,0.0,8272,1585231807,1502946757,71fd9b834b8ee47723d8ea68e3cbf3f1b470e5b3157a6372baa8a0cc25d0c1d7,d015a83c399e07c795841543dcf2f64e58209f68d0a75ab81f7c756508dffea8,174027,0.5,1.0,0.8,lost_person,revision_C_base@7b52d9149fd5,7b52d9149fd569229bcf4dbdfab434edfabc2e03,7821c330697bd81d6d7c78669e14fc4e785ea7c98d4305a8f8d4a52af044ffbd,c3-mobility_20260827_043124_280564_ae41202c,ae41202c062c1192bd5014d07cc3e7ddd086315bbffcca5260a97b6938aacfd9,none,none,evidence,revision_B_base,revision_B_base,5,200000.0,xlarge,45.0,80.0,5.0,0.5,1.0
7,49,online_static_3step,0.5,0.8,10000.0,0.0,8261.0,0.07045411400792333,0.0,0.9673937172177156,5141,8128,8129,8260,8261,200017.39460868406,446.65384875563905,4641,"[[686463.7511191658,5839051.029528693],[686452.4389455373,5839042.164995775],[686507.4000886203,5838982.9003416505],[686530.3389461557,5838894.149588641],[686480.5429156589,5838990.6251042485]]",7137273470d24672442ea78e63e70285e5d060f4e2f115c218a2de9cd51b6c0a,b9f1d9533e84d87db78c5343f4d068e6d42938aa38eaaaf956e8a91d8820d5f5,none,random_walk,"stationary_victim_cell(P,victim_seed)",1,0,"{""p_d"":0.8,""stage"":""c3-mobility"",""tau"":10000.0,""w"":0.5}",c59ed08e2275f6d0d65001dcf837c9c881169637068f1659448d079a2119a4b2,random_walk,0.0,8261,355491242,4093261594,f4110bf0ccec1bf57df5497c4bff5a4667300f8d171dd57b56d43e52dbebeac5,c1da426a30d4bca1f609b0221fc2723e3d89b31c4b687593cb983fd5925ac3a6,254451,0.5,1.0,0.8,random_walk,revision_C_base@7b52d9149fd5,7b52d9149fd569229bcf4dbdfab434edfabc2e03,7821c330697bd81d6d7c78669e14fc4e785ea7c98d4305a8f8d4a52af044ffbd,c3-mobility_20260827_043124_280564_ae41202c,ae41202c062c1192bd5014d07cc3e7ddd086315bbffcca5260a97b6938aacfd9,none,none,evidence,revision_B_base,revision_B_base,5,200000.0,xlarge,45.0,80.0,5.0,0.5,1.0
7,49,dynamic_3step,0.5,0.8,10000.0,0.0,8261.0,0.21317026311613996,0.0,0.8978040957315568,16568,8260,8261,8260,8261,200020.62181028203,501.3355010203086,4781,"[[686463.7511191658,5839051.029528693],[686452.4389455373,5839042.164995775],[686507.4000886203,5838982.9003416505],[686530.3389461557,5838894.149588641],[686480.5429156589,5838990.6251042485]]",7137273470d24672442ea78e63e70285e5d060f4e2f115c218a2de9cd51b6c0a,50c27d4616b8397af19ea429a8c5a6403b23a9ccb3cb3ed2f2165a59316b45a1,none,random_walk,"stationary_victim_cell(P,victim_seed)",1,0,"{""p_d"":0.8,""stage"":""c3-mobility"",""tau"":10000.0,""w"":0.5}",c59ed08e2275f6d0d65001dcf837c9c881169637068f1659448d079a2119a4b2,random_walk,0.0,8261,355491242,4093261594,f4110bf0ccec1bf57df5497c4bff5a4667300f8d171dd57b56d43e52dbebeac5,c1da426a30d4bca1f609b0221fc2723e3d89b31c4b687593cb983fd5925ac3a6,254451,0.5,1.0,0.8,random_walk,revision_C_base@7b52d9149fd5,7b52d9149fd569229bcf4dbdfab434edfabc2e03,7821c330697bd81d6d7c78669e14fc4e785ea7c98d4305a8f8d4a52af044ffbd,c3-mobility_20260827_043124_280564_ae41202c,ae41202c062c1192bd5014d07cc3e7ddd086315bbffcca5260a97b6938aacfd9,none,none,evidence,revision_B_base,revision_B_base,5,200000.0,xlarge,45.0,80.0,5.0,0.5,1.0
7,49,online_static_3step,0.5,0.8,10000.0,0.0,8261.0,0.07045411400792333,0.0,0.9673937172177156,5141,8128,8129,8260,8261,200017.39460868406,446.65384875563905,4641,"[[686463.7511191658,5839051.029528693],[686452.4389455373,5839042.164995775],[686507.4000886203,5838982.9003416505],[686530.3389461557,5838894.149588641],[686480.5429156589,5838990.6251042485]]",7137273470d24672442ea78e63e70285e5d060f4e2f115c218a2de9cd51b6c0a,b9f1d9533e84d87db78c5343f4d068e6d42938aa38eaaaf956e8a91d8820d5f5,none,route_following,"stationary_victim_cell(P,victim_seed)",1,0,"{""p_d"":0.8,""stage"":""c3-mobility"",""tau"":10000.0,""w"":0.5}",c59ed08e2275f6d0d65001dcf837c9c881169637068f1659448d079a2119a4b2,route_following,0.0,8261,355491242,4093261594,31f8c9e78a180c6e6404f70d3832af826ea4fbc0ecc69d5f0d459a9586d28ec2,c1da426a30d4bca1f609b0221fc2723e3d89b31c4b687593cb983fd5925ac3a6,254451,0.5,1.0,0.8,route_following,revision_C_base@7b52d9149fd5,7b52d9149fd569229bcf4dbdfab434edfabc2e03,7821c330697bd81d6d7c78669e14fc4e785ea7c98d4305a8f8d4a52af044ffbd,c3-mobility_20260827_043124_280564_ae41202c,ae41202c062c1192bd5014d07cc3e7ddd086315bbffcca5260a97b6938aacfd9,none,none,evidence,revision_B_base,revision_B_base,5,200000.0,xlarge,45.0,80.0,5.0,0.5,1.0
7,49,dynamic_3step,0.5,0.8,10000.0,0.99999999983616,848.2500012120836,0.21317026311613996,14.0,0.8978040957315568,16568,8260,8261,8260,8261,200020.62181028203,501.3355010203086,4781,"[[686463.7511191658,5839051.029528693],[686452.4389455373,5839042.164995775],[686507.4000886203,5838982.9003416505],[686530.3389461557,5838894.149588641],[686480.5429156589,5838990.6251042485]]",7137273470d24672442ea78e63e70285e5d060f4e2f115c218a2de9cd51b6c0a,50c27d4616b8397af19ea429a8c5a6403b23a9ccb3cb3ed2f2165a59316b45a1,none,route_following,"stationary_victim_cell(P,victim_seed)",1,0,"{""p_d"":0.8,""stage"":""c3-mobility"",""tau"":10000.0,""w"":0.5}",c59ed08e2275f6d0d65001dcf837c9c881169637068f1659448d079a2119a4b2,route_following,1.0,848,355491242,4093261594,31f8c9e78a180c6e6404f70d3832af826ea4fbc0ecc69d5f0d459a9586d28ec2,c1da426a30d4bca1f609b0221fc2723e3d89b31c4b687593cb983fd5925ac3a6,254451,0.5,1.0,0.8,route_following,revision_C_base@7b52d9149fd5,7b52d9149fd569229bcf4dbdfab434edfabc2e03,7821c330697bd81d6d7c78669e14fc4e785ea7c98d4305a8f8d4a52af044ffbd,c3-mobility_20260827_043124_280564_ae41202c,ae41202c062c1192bd5014d07cc3e7ddd086315bbffcca5260a97b6938aacfd9,none,none,evidence,revision_B_base,revision_B_base,5,200000.0,xlarge,45.0,80.0,5.0,0.5,1.0
7,49,online_static_3step,0.5,0.8,10000.0,0.0,8261.0,0.07045411400792333,0.0,0.9673937172177156,5141,8128,8129,8260,8261,200017.39460868406,446.65384875563905,4641,"[[686463.7511191658,5839051.029528693],[686452.4389455373,5839042.164995775],[686507.4000886203,5838982.9003416505],[686530.3389461557,5838894.149588641],[686480.5429156589,5838990.6251042485]]",7137273470d24672442ea78e63e70285e5d060f4e2f115c218a2de9cd51b6c0a,b9f1d9533e84d87db78c5343f4d068e6d42938aa38eaaaf956e8a91d8820d5f5,none,lost_person,"stationary_victim_cell(P,victim_seed)",1,0,"{""p_d"":0.8,""stage"":""c3-mobility"",""tau"":10000.0,""w"":0.5}",c59ed08e2275f6d0d65001dcf837c9c881169637068f1659448d079a2119a4b2,lost_person,0.0,8261,355491242,4093261594,75606842793e1ac964b59694204c855762bd74140e055330e74eef570fceec8b,c1da426a30d4bca1f609b0221fc2723e3d89b31c4b687593cb983fd5925ac3a6,254451,0.5,1.0,0.8,lost_person,revision_C_base@7b52d9149fd5,7b52d9149fd569229bcf4dbdfab434edfabc2e03,7821c330697bd81d6d7c78669e14fc4e785ea7c98d4305a8f8d4a52af044ffbd,c3-mobility_20260827_043124_280564_ae41202c,ae41202c062c1192bd5014d07cc3e7ddd086315bbffcca5260a97b6938aacfd9,none,none,evidence,revision_B_base,revision_B_base,5,200000.0,xlarge,45.0,80.0,5.0,0.5,1.0
7,49,dynamic_3step,0.5,0.8,10000.0,0.0,8261.0,0.21317026311613996,0.0,0.8978040957315568,16568,8260,8261,8260,8261,200020.62181028203,501.3355010203086,4781,"[[686463.7511191658,5839051.029528693],[686452.4389455373,5839042.164995775],[686507.4000886203,5838982.9003416505],[686530.3389461557,5838894.149588641],[686480.5429156589,5838990.6251042485]]",7137273470d24672442ea78e63e70285e5d060f4e2f115c218a2de9cd51b6c0a,50c27d4616b8397af19ea429a8c5a6403b23a9ccb3cb3ed2f2165a59316b45a1,none,lost_person,"stationary_victim_cell(P,victim_seed)",1,0,"{""p_d"":0.8,""stage"":""c3-mobility"",""tau"":10000.0,""w"":0.5}",c59ed08e2275f6d0d65001dcf837c9c881169637068f1659448d079a2119a4b2,lost_person,0.0,8261,355491242,4093261594,75606842793e1ac964b59694204c855762bd74140e055330e74eef570fceec8b,c1da426a30d4bca1f609b0221fc2723e3d89b31c4b687593cb983fd5925ac3a6,254451,0.5,1.0,0.8,lost_person,revision_C_base@7b52d9149fd5,7b52d9149fd569229bcf4dbdfab434edfabc2e03,7821c330697bd81d6d7c78669e14fc4e785ea7c98d4305a8f8d4a52af044ffbd,c3-mobility_20260827_043124_280564_ae41202c,ae41202c062c1192bd5014d07cc3e7ddd086315bbffcca5260a97b6938aacfd9,none,none,evidence,revision_B_base,revision_B_base,5,200000.0,xlarge,45.0,80.0,5.0,0.5,1.0
7,42,online_static_3step,0.5,0.8,10000.0,0.0,8233.0,0.0944195892142644,0.0,0.9593983918405473,6433,8151,8152,8232,8233,200010.39689102108,512.1656848895364,5622,"[[686523.8362532025,5838927.075221443],[686566.5636703096,5838927.763184127],[686595.8818124438,5839047.670062982],[686520.1027265164,5838904.130887055],[686560.4193126771,5839040.947809029]]",006da335f256203469592a62a852eccffab880f7309f6633631136cbb4337c3b,f41e9a54a63718366b89b2216f3ebdd7969ce8409943bee0795a7e0805076ea7,none,random_walk,"stationary_victim_cell(P,victim_seed)",1,0,"{""p_d"":0.8,""stage"":""c3-mobility"",""tau"":10000.0,""w"":0.5}",c59ed08e2275f6d0d65001dcf837c9c881169637068f1659448d079a2119a4b2,random_walk,0.0,8233,1135023635,2521839021,25023587d63ab4f2f825ff576459c5ed0c407469d8a0875cf6c6093462e3e31f,abad4824339576627b6350a291fb264e9077efaca15fbcbe73e7e9abf0e8eefa,219412,0.5,1.0,0.8,random_walk,revision_C_base@7b52d9149fd5,7b52d9149fd569229bcf4dbdfab434edfabc2e03,7821c330697bd81d6d7c78669e14fc4e785ea7c98d4305a8f8d4a52af044ffbd,c3-mobility_20260827_043124_280564_ae41202c,ae41202c062c1192bd5014d07cc3e7ddd086315bbffcca5260a97b6938aacfd9,none,none,evidence,revision_B_base,revision_B_base,5,200000.0,xlarge,45.0,80.0,5.0,0.5,1.0
7,42,dynamic_3step,0.5,0.8,10000.0,0.0,8233.0,0.16830760477252937,0.0,0.901395343065784,15893,8232,8233,8232,8233,200004.8319121477,506.266283956822,4811,"[[686523.8362532025,5838927.075221443],[686566.5636703096,5838927.763184127],[686595.8818124438,5839047.670062982],[686520.1027265164,5838904.130887055],[686560.4193126771,5839040.947809029]]",006da335f256203469592a62a852eccffab880f7309f6633631136cbb4337c3b,eead37c088456bdaf7b6d32cfbc41ce1e2f875fd8c6893d0faf4c4009feb6d6e,none,random_walk,"stationary_victim_cell(P,victim_seed)",1,0,"{""p_d"":0.8,""stage"":""c3-mobility"",""tau"":10000.0,""w"":0.5}",c59ed08e2275f6d0d65001dcf837c9c881169637068f1659448d079a2119a4b2,random_walk,0.0,8233,1135023635,2521839021,25023587d63ab4f2f825ff576459c5ed0c407469d8a0875cf6c6093462e3e31f,abad4824339576627b6350a291fb264e9077efaca15fbcbe73e7e9abf0e8eefa,219412,0.5,1.0,0.8,random_walk,revision_C_base@7b52d9149fd5,7b52d9149fd569229bcf4dbdfab434edfabc2e03,7821c330697bd81d6d7c78669e14fc4e785ea7c98d4305a8f8d4a52af044ffbd,c3-mobility_20260827_043124_280564_ae41202c,ae41202c062c1192bd5014d07cc3e7ddd086315bbffcca5260a97b6938aacfd9,none,none,evidence,revision_B_base,revision_B_base,5,200000.0,xlarge,45.0,80.0,5.0,0.5,1.0
7,42,online_static_3step,0.5,0.8,10000.0,0.0,8233.0,0.0944195892142644,0.0,0.9593983918405473,6433,8151,8152,8232,8233,200010.39689102108,512.1656848895364,5622,"[[686523.8362532025,5838927.075221443],[686566.5636703096,5838927.763184127],[686595.8818124438,5839047.670062982],[686520.1027265164,5838904.130887055],[686560.4193126771,5839040.947809029]]",006da335f256203469592a62a852eccffab880f7309f6633631136cbb4337c3b,f41e9a54a63718366b89b2216f3ebdd7969ce8409943bee0795a7e0805076ea7,none,route_following,"stationary_victim_cell(P,victim_seed)",1,0,"{""p_d"":0.8,""stage"":""c3-mobility"",""tau"":10000.0,""w"":0.5}",c59ed08e2275f6d0d65001dcf837c9c881169637068f1659448d079a2119a4b2,route_following,0.0,8233,1135023635,2521839021,14a2967b27f862082a7053f077a468cb4d37b48ded4c2d72c0a45ad75aea5cd0,abad4824339576627b6350a291fb264e9077efaca15fbcbe73e7e9abf0e8eefa,219412,0.5,1.0,0.8,route_following,revision_C_base@7b52d9149fd5,7b52d9149fd569229bcf4dbdfab434edfabc2e03,7821c330697bd81d6d7c78669e14fc4e785ea7c98d4305a8f8d4a52af044ffbd,c3-mobility_20260827_043124_280564_ae41202c,ae41202c062c1192bd5014d07cc3e7ddd086315bbffcca5260a97b6938aacfd9,none,none,evidence,revision_B_base,revision_B_base,5,200000.0,xlarge,45.0,80.0,5.0,0.5,1.0
7,42,dynamic_3step,0.5,0.8,10000.0,0.0,8233.0,0.16830760477252937,0.0,0.901395343065784,15893,8232,8233,8232,8233,200004.8319121477,506.266283956822,4811,"[[686523.8362532025,5838927.075221443],[686566.5636703096,5838927.763184127],[686595.8818124438,5839047.670062982],[686520.1027265164,5838904.130887055],[686560.4193126771,5839040.947809029]]",006da335f256203469592a62a852eccffab880f7309f6633631136cbb4337c3b,eead37c088456bdaf7b6d32cfbc41ce1e2f875fd8c6893d0faf4c4009feb6d6e,none,route_following,"stationary_victim_cell(P,victim_seed)",1,0,"{""p_d"":0.8,""stage"":""c3-mobility"",""tau"":10000.0,""w"":0.5}",c59ed08e2275f6d0d65001dcf837c9c881169637068f1659448d079a2119a4b2,route_following,0.0,8233,1135023635,2521839021,14a2967b27f862082a7053f077a468cb4d37b48ded4c2d72c0a45ad75aea5cd0,abad4824339576627b6350a291fb264e9077efaca15fbcbe73e7e9abf0e8eefa,219412,0.5,1.0,0.8,route_following,revision_C_base@7b52d9149fd5,7b52d9149fd569229bcf4dbdfab434edfabc2e03,7821c330697bd81d6d7c78669e14fc4e785ea7c98d4305a8f8d4a52af044ffbd,c3-mobility_20260827_043124_280564_ae41202c,ae41202c062c1192bd5014d07cc3e7ddd086315bbffcca5260a97b6938aacfd9,none,none,evidence,revision_B_base,revision_B_base,5,200000.0,xlarge,45.0,80.0,5.0,0.5,1.0
7,42,online_static_3step,0.5,0.8,10000.0,0.0,8233.0,0.0944195892142644,0.0,0.9593983918405473,6433,8151,8152,8232,8233,200010.39689102108,512.1656848895364,5622,"[[686523.8362532025,5838927.075221443],[686566.5636703096,5838927.763184127],[686595.8818124438,5839047.670062982],[686520.1027265164,5838904.130887055],[686560.4193126771,5839040.947809029]]",006da335f256203469592a62a852eccffab880f7309f6633631136cbb4337c3b,f41e9a54a63718366b89b2216f3ebdd7969ce8409943bee0795a7e0805076ea7,none,lost_person,"stationary_victim_cell(P,victim_seed)",1,0,"{""p_d"":0.8,""stage"":""c3-mobility"",""tau"":10000.0,""w"":0.5}",c59ed08e2275f6d0d65001dcf837c9c881169637068f1659448d079a2119a4b2,lost_person,0.0,8233,1135023635,2521839021,02d9a7519494328c61ae057c1f1d764308c1391939d65d5e472ee23f62af0e66,abad4824339576627b6350a291fb264e9077efaca15fbcbe73e7e9abf0e8eefa,219412,0.5,1.0,0.8,lost_person,revision_C_base@7b52d9149fd5,7b52d9149fd569229bcf4dbdfab434edfabc2e03,7821c330697bd81d6d7c78669e14fc4e785ea7c98d4305a8f8d4a52af044ffbd,c3-mobility_20260827_043124_280564_ae41202c,ae41202c062c1192bd5014d07cc3e7ddd086315bbffcca5260a97b6938aacfd9,none,none,evidence,revision_B_base,revision_B_base,5,200000.0,xlarge,45.0,80.0,5.0,0.5,1.0
7,42,dynamic_3step,0.5,0.8,10000.0,0.0,8233.0,0.16830760477252937,0.0,0.901395343065784,15893,8232,8233,8232,8233,200004.8319121477,506.266283956822,4811,"[[686523.8362532025,5838927.075221443],[686566.5636703096,5838927.763184127],[686595.8818124438,5839047.670062982],[686520.1027265164,5838904.130887055],[686560.4193126771,5839040.947809029]]",006da335f256203469592a62a852eccffab880f7309f6633631136cbb4337c3b,eead37c088456bdaf7b6d32cfbc41ce1e2f875fd8c6893d0faf4c4009feb6d6e,none,lost_person,"stationary_victim_cell(P,victim_seed)",1,0,"{""p_d"":0.8,""stage"":""c3-mobility"",""tau"":10000.0,""w"":0.5}",c59ed08e2275f6d0d65001dcf837c9c881169637068f1659448d079a2119a4b2,lost_person,0.0,8233,1135023635,2521839021,02d9a7519494328c61ae057c1f1d764308c1391939d65d5e472ee23f62af0e66,abad4824339576627b6350a291fb264e9077efaca15fbcbe73e7e9abf0e8eefa,219412,0.5,1.0,0.8,lost_person,revision_C_base@7b52d9149fd5,7b52d9149fd569229bcf4dbdfab434edfabc2e03,7821c330697bd81d6d7c78669e14fc4e785ea7c98d4305a8f8d4a52af044ffbd,c3-mobility_20260827_043124_280564_ae41202c,ae41202c062c1192bd5014d07cc3e7ddd086315bbffcca5260a97b6938aacfd9,none,none,evidence,revision_B_base,revision_B_base,5,200000.0,xlarge,45.0,80.0,5.0,0.5,1.0
7,50,online_static_3step,0.5,0.8,10000.0,0.0,8264.0,0.08355425801058537,0.0,0.9631790426171418,5819,8139,8140,8263,8264,200006.72803027715,478.33878141036257,4893,"[[686535.1739271695,5838903.781010715],[686419.6743338468,5838963.323460252],[686520.5484998169,5839072.730543949],[686582.3041091994,5839022.187519025],[686471.7352692339,5839022.265938205]]",fdf9951f218e61b913618a579bd13a77417b8831a28d26d86ea79bbbe03fffcf,1671e1daa2a4c5a921ec14c52b25810b41c7b08c5164af0bf5d94e6346ba83ce,none,random_walk,"stationary_victim_cell(P,victim_seed)",1,0,"{""p_d"":0.8,""stage"":""c3-mobility"",""tau"":10000.0,""w"":0.5}",c59ed08e2275f6d0d65001dcf837c9c881169637068f1659448d079a2119a4b2,random_walk,0.0,8264,3151814822,383721795,22a2180365ae4dabf3c46e407b5798a3977f9ed34e75881c8c4184090a937738,b3daa35f28f71c4bad153cb5b4386aae6e25bf94a21d4121241d1a90a7054656,315077,0.5,1.0,0.8,random_walk,revision_C_base@7b52d9149fd5,7b52d9149fd569229bcf4dbdfab434edfabc2e03,7821c330697bd81d6d7c78669e14fc4e785ea7c98d4305a8f8d4a52af044ffbd,c3-mobility_20260827_043124_280564_ae41202c,ae41202c062c1192bd5014d07cc3e7ddd086315bbffcca5260a97b6938aacfd9,none,none,evidence,revision_B_base,revision_B_base,5,200000.0,xlarge,45.0,80.0,5.0,0.5,1.0
7,50,dynamic_3step,0.5,0.8,10000.0,0.0,8264.0,0.1660861370627199,0.0,0.9149909381203073,13790,8263,8264,8263,8264,200012.30489838196,494.2143538778182,4760,"[[686535.1739271695,5838903.781010715],[686419.6743338468,5838963.323460252],[686520.5484998169,5839072.730543949],[686582.3041091994,5839022.187519025],[686471.7352692339,5839022.265938205]]",fdf9951f218e61b913618a579bd13a77417b8831a28d26d86ea79bbbe03fffcf,02676ac2d58507de50fc2260b1d3c9da3ba01073da62da7a84949b36619fde04,none,random_walk,"stationary_victim_cell(P,victim_seed)",1,0,"{""p_d"":0.8,""stage"":""c3-mobility"",""tau"":10000.0,""w"":0.5}",c59ed08e2275f6d0d65001dcf837c9c881169637068f1659448d079a2119a4b2,random_walk,0.0,8264,3151814822,383721795,22a2180365ae4dabf3c46e407b5798a3977f9ed34e75881c8c4184090a937738,b3daa35f28f71c4bad153cb5b4386aae6e25bf94a21d4121241d1a90a7054656,315077,0.5,1.0,0.8,random_walk,revision_C_base@7b52d9149fd5,7b52d9149fd569229bcf4dbdfab434edfabc2e03,7821c330697bd81d6d7c78669e14fc4e785ea7c98d4305a8f8d4a52af044ffbd,c3-mobility_20260827_043124_280564_ae41202c,ae41202c062c1192bd5014d07cc3e7ddd086315bbffcca5260a97b6938aacfd9,none,none,evidence,revision_B_base,revision_B_base,5,200000.0,xlarge,45.0,80.0,5.0,0.5,1.0
7,50,online_static_3step,0.5,0.8,10000.0,0.0,8264.0,0.08355425801058537,0.0,0.9631790426171418,5819,8139,8140,8263,8264,200006.72803027715,478.33878141036257,4893,"[[686535.1739271695,5838903.781010715],[686419.6743338468,5838963.323460252],[686520.5484998169,5839072.730543949],[686582.3041091994,5839022.187519025],[686471.7352692339,5839022.265938205]]",fdf9951f218e61b913618a579bd13a77417b8831a28d26d86ea79bbbe03fffcf,1671e1daa2a4c5a921ec14c52b25810b41c7b08c5164af0bf5d94e6346ba83ce,none,route_following,"stationary_victim_cell(P,victim_seed)",1,0,"{""p_d"":0.8,""stage"":""c3-mobility"",""tau"":10000.0,""w"":0.5}",c59ed08e2275f6d0d65001dcf837c9c881169637068f1659448d079a2119a4b2,route_following,0.0,8264,3151814822,383721795,679f063312145ef5e70b6b56628c512efa777f3629e973acd4d1c9f00cc3720a,b3daa35f28f71c4bad153cb5b4386aae6e25bf94a21d4121241d1a90a7054656,315077,0.5,1.0,0.8,route_following,revision_C_base@7b52d9149fd5,7b52d9149fd569229bcf4dbdfab434edfabc2e03,7821c330697bd81d6d7c78669e14fc4e785ea7c98d4305a8f8d4a52af044ffbd,c3-mobility_20260827_043124_280564_ae41202c,ae41202c062c1192bd5014d07cc3e7ddd086315bbffcca5260a97b6938aacfd9,none,none,evidence,revision_B_base,revision_B_base,5,200000.0,xlarge,45.0,80.0,5.0,0.5,1.0
7,50,dynamic_3step,0.5,0.8,10000.0,0.0,8264.0,0.1660861370627199,0.0,0.9149909381203073,13790,8263,8264,8263,8264,200012.30489838196,494.2143538778182,4760,"[[686535.1739271695,5838903.781010715],[686419.6743338468,5838963.323460252],[686520.5484998169,5839072.730543949],[686582.3041091994,5839022.187519025],[686471.7352692339,5839022.265938205]]",fdf9951f218e61b913618a579bd13a77417b8831a28d26d86ea79bbbe03fffcf,02676ac2d58507de50fc2260b1d3c9da3ba01073da62da7a84949b36619fde04,none,route_following,"stationary_victim_cell(P,victim_seed)",1,0,"{""p_d"":0.8,""stage"":""c3-mobility"",""tau"":10000.0,""w"":0.5}",c59ed08e2275f6d0d65001dcf837c9c881169637068f1659448d079a2119a4b2,route_following,0.0,8264,3151814822,383721795,679f063312145ef5e70b6b56628c512efa777f3629e973acd4d1c9f00cc3720a,b3daa35f28f71c4bad153cb5b4386aae6e25bf94a21d4121241d1a90a7054656,315077,0.5,1.0,0.8,route_following,revision_C_base@7b52d9149fd5,7b52d9149fd569229bcf4dbdfab434edfabc2e03,7821c330697bd81d6d7c78669e14fc4e785ea7c98d4305a8f8d4a52af044ffbd,c3-mobility_20260827_043124_280564_ae41202c,ae41202c062c1192bd5014d07cc3e7ddd086315bbffcca5260a97b6938aacfd9,none,none,evidence,revision_B_base,revision_B_base,5,200000.0,xlarge,45.0,80.0,5.0,0.5,1.0
7,50,online_static_3step,0.5,0.8,10000.0,0.0,8264.0,0.08355425801058537,0.0,0.9631790426171418,5819,8139,8140,8263,8264,200006.72803027715,478.33878141036257,4893,"[[686535.1739271695,5838903.781010715],[686419.6743338468,5838963.323460252],[686520.5484998169,5839072.730543949],[686582.3041091994,5839022.187519025],[686471.7352692339,5839022.265938205]]",fdf9951f218e61b913618a579bd13a77417b8831a28d26d86ea79bbbe03fffcf,1671e1daa2a4c5a921ec14c52b25810b41c7b08c5164af0bf5d94e6346ba83ce,none,lost_person,"stationary_victim_cell(P,victim_seed)",1,0,"{""p_d"":0.8,""stage"":""c3-mobility"",""tau"":10000.0,""w"":0.5}",c59ed08e2275f6d0d65001dcf837c9c881169637068f1659448d079a2119a4b2,lost_person,0.0,8264,3151814822,383721795,9ade2dae7e9cec6ce96d6810dcbb286a4174c7b59b7a94beb6b9541b1fe32f76,b3daa35f28f71c4bad153cb5b4386aae6e25bf94a21d4121241d1a90a7054656,315077,0.5,1.0,0.8,lost_person,revision_C_base@7b52d9149fd5,7b52d9149fd569229bcf4dbdfab434edfabc2e03,7821c330697bd81d6d7c78669e14fc4e785ea7c98d4305a8f8d4a52af044ffbd,c3-mobility_20260827_043124_280564_ae41202c,ae41202c062c1192bd5014d07cc3e7ddd086315bbffcca5260a97b6938aacfd9,none,none,evidence,revision_B_base,revision_B_base,5,200000.0,xlarge,45.0,80.0,5.0,0.5,1.0
7,50,dynamic_3step,0.5,0.8,10000.0,0.0,8264.0,0.1660861370627199,0.0,0.9149909381203073,13790,8263,8264,8263,8264,200012.30489838196,494.2143538778182,4760,"[[686535.1739271695,5838903.781010715],[686419.6743338468,5838963.323460252],[686520.5484998169,5839072.730543949],[686582.3041091994,5839022.187519025],[686471.7352692339,5839022.265938205]]",fdf9951f218e61b913618a579bd13a77417b8831a28d26d86ea79bbbe03fffcf,02676ac2d58507de50fc2260b1d3c9da3ba01073da62da7a84949b36619fde04,none,lost_person,"stationary_victim_cell(P,victim_seed)",1,0,"{""p_d"":0.8,""stage"":""c3-mobility"",""tau"":10000.0,""w"":0.5}",c59ed08e2275f6d0d65001dcf837c9c881169637068f1659448d079a2119a4b2,lost_person,0.0,8264,3151814822,383721795,9ade2dae7e9cec6ce96d6810dcbb286a4174c7b59b7a94beb6b9541b1fe32f76,b3daa35f28f71c4bad153cb5b4386aae6e25bf94a21d4121241d1a90a7054656,315077,0.5,1.0,0.8,lost_person,revision_C_base@7b52d9149fd5,7b52d9149fd569229bcf4dbdfab434edfabc2e03,7821c330697bd81d6d7c78669e14fc4e785ea7c98d4305a8f8d4a52af044ffbd,c3-mobility_20260827_043124_280564_ae41202c,ae41202c062c1192bd5014d07cc3e7ddd086315bbffcca5260a97b6938aacfd9,none,none,evidence,revision_B_base,revision_B_base,5,200000.0,xlarge,45.0,80.0,5.0,0.5,1.0
7,44,online_static_3step,0.5,0.8,10000.0,0.0,8255.0,0.04350111611457751,0.0,0.9750023870906139,3927,8111,8112,8254,8255,200000.17277430842,541.998273902107,5735,"[[686550.3719393034,5839027.944815845],[686432.2114798157,5839047.514619678],[686562.3711137616,5839071.464514369],[686544.1074016276,5839042.245650976],[686479.4570754749,5838922.012930993]]",11105a2cc12ea269694f1fa8b45ff83d4588344c41b1c28dbb5cea328ef765c7,df559f706ece68394817e3194509442ba210687e035fee47d891fb0c894f44b2,none,random_walk,"stationary_victim_cell(P,victim_seed)",1,0,"{""p_d"":0.8,""stage"":""c3-mobility"",""tau"":10000.0,""w"":0.5}",c59ed08e2275f6d0d65001dcf837c9c881169637068f1659448d079a2119a4b2,random_walk,0.0,8255,345428265,3369247140,69a4cb3db1085040e0151804caabb632842359faab74814fdd6b177644a1b12d,d6130f12711e389987215a749868ebb01a6d049edcb2b52e88007c0ca3dd871a,202942,0.5,1.0,0.8,random_walk,revision_C_base@7b52d9149fd5,7b52d9149fd569229bcf4dbdfab434edfabc2e03,7821c330697bd81d6d7c78669e14fc4e785ea7c98d4305a8f8d4a52af044ffbd,c3-mobility_20260827_043124_280564_ae41202c,ae41202c062c1192bd5014d07cc3e7ddd086315bbffcca5260a97b6938aacfd9,none,none,evidence,revision_B_base,revision_B_base,5,200000.0,xlarge,45.0,80.0,5.0,0.5,1.0
7,44,dynamic_3step,0.5,0.8,10000.0,0.0,8255.0,0.20815701645128756,0.0,0.8964925174941789,16759,8254,8255,8254,8255,200020.56702993307,487.002179088071,4676,"[[686550.3719393034,5839027.944815845],[686432.2114798157,5839047.514619678],[686562.3711137616,5839071.464514369],[686544.1074016276,5839042.245650976],[686479.4570754749,5838922.012930993]]",11105a2cc12ea269694f1fa8b45ff83d4588344c41b1c28dbb5cea328ef765c7,a1f807c262de14dd184d111a2c29529dcf67c05b57046b2420729cf404e67a24,none,random_walk,"stationary_victim_cell(P,victim_seed)",1,0,"{""p_d"":0.8,""stage"":""c3-mobility"",""tau"":10000.0,""w"":0.5}",c59ed08e2275f6d0d65001dcf837c9c881169637068f1659448d079a2119a4b2,random_walk,0.0,8255,345428265,3369247140,69a4cb3db1085040e0151804caabb632842359faab74814fdd6b177644a1b12d,d6130f12711e389987215a749868ebb01a6d049edcb2b52e88007c0ca3dd871a,202942,0.5,1.0,0.8,random_walk,revision_C_base@7b52d9149fd5,7b52d9149fd569229bcf4dbdfab434edfabc2e03,7821c330697bd81d6d7c78669e14fc4e785ea7c98d4305a8f8d4a52af044ffbd,c3-mobility_20260827_043124_280564_ae41202c,ae41202c062c1192bd5014d07cc3e7ddd086315bbffcca5260a97b6938aacfd9,none,none,evidence,revision_B_base,revision_B_base,5,200000.0,xlarge,45.0,80.0,5.0,0.5,1.0
7,44,online_static_3step,0.5,0.8,10000.0,0.0,8255.0,0.04350111611457751,0.0,0.9750023870906139,3927,8111,8112,8254,8255,200000.17277430842,541.998273902107,5735,"[[686550.3719393034,5839027.944815845],[686432.2114798157,5839047.514619678],[686562.3711137616,5839071.464514369],[686544.1074016276,5839042.245650976],[686479.4570754749,5838922.012930993]]",11105a2cc12ea269694f1fa8b45ff83d4588344c41b1c28dbb5cea328ef765c7,df559f706ece68394817e3194509442ba210687e035fee47d891fb0c894f44b2,none,route_following,"stationary_victim_cell(P,victim_seed)",1,0,"{""p_d"":0.8,""stage"":""c3-mobility"",""tau"":10000.0,""w"":0.5}",c59ed08e2275f6d0d65001dcf837c9c881169637068f1659448d079a2119a4b2,route_following,0.0,8255,345428265,3369247140,f11e05413d162b1ba21fa2c607315b3decfe254d7332b2c048600fefa01e16e0,d6130f12711e389987215a749868ebb01a6d049edcb2b52e88007c0ca3dd871a,202942,0.5,1.0,0.8,route_following,revision_C_base@7b52d9149fd5,7b52d9149fd569229bcf4dbdfab434edfabc2e03,7821c330697bd81d6d7c78669e14fc4e785ea7c98d4305a8f8d4a52af044ffbd,c3-mobility_20260827_043124_280564_ae41202c,ae41202c062c1192bd5014d07cc3e7ddd086315bbffcca5260a97b6938aacfd9,none,none,evidence,revision_B_base,revision_B_base,5,200000.0,xlarge,45.0,80.0,5.0,0.5,1.0
7,44,dynamic_3step,0.5,0.8,10000.0,0.999999995904,410.2500320831247,0.20815701645128756,12.0,0.8964925174941789,16759,8254,8255,8254,8255,200020.56702993307,487.002179088071,4676,"[[686550.3719393034,5839027.944815845],[686432.2114798157,5839047.514619678],[686562.3711137616,5839071.464514369],[686544.1074016276,5839042.245650976],[686479.4570754749,5838922.012930993]]",11105a2cc12ea269694f1fa8b45ff83d4588344c41b1c28dbb5cea328ef765c7,a1f807c262de14dd184d111a2c29529dcf67c05b57046b2420729cf404e67a24,none,route_following,"stationary_victim_cell(P,victim_seed)",1,0,"{""p_d"":0.8,""stage"":""c3-mobility"",""tau"":10000.0,""w"":0.5}",c59ed08e2275f6d0d65001dcf837c9c881169637068f1659448d079a2119a4b2,route_following,1.0,410,345428265,3369247140,f11e05413d162b1ba21fa2c607315b3decfe254d7332b2c048600fefa01e16e0,d6130f12711e389987215a749868ebb01a6d049edcb2b52e88007c0ca3dd871a,202942,0.5,1.0,0.8,route_following,revision_C_base@7b52d9149fd5,7b52d9149fd569229bcf4dbdfab434edfabc2e03,7821c330697bd81d6d7c78669e14fc4e785ea7c98d4305a8f8d4a52af044ffbd,c3-mobility_20260827_043124_280564_ae41202c,ae41202c062c1192bd5014d07cc3e7ddd086315bbffcca5260a97b6938aacfd9,none,none,evidence,revision_B_base,revision_B_base,5,200000.0,xlarge,45.0,80.0,5.0,0.5,1.0
7,44,online_static_3step,0.5,0.8,10000.0,0.0,8255.0,0.04350111611457751,0.0,0.9750023870906139,3927,8111,8112,8254,8255,200000.17277430842,541.998273902107,5735,"[[686550.3719393034,5839027.944815845],[686432.2114798157,5839047.514619678],[686562.3711137616,5839071.464514369],[686544.1074016276,5839042.245650976],[686479.4570754749,5838922.012930993]]",11105a2cc12ea269694f1fa8b45ff83d4588344c41b1c28dbb5cea328ef765c7,df559f706ece68394817e3194509442ba210687e035fee47d891fb0c894f44b2,none,lost_person,"stationary_victim_cell(P,victim_seed)",1,0,"{""p_d"":0.8,""stage"":""c3-mobility"",""tau"":10000.0,""w"":0.5}",c59ed08e2275f6d0d65001dcf837c9c881169637068f1659448d079a2119a4b2,lost_person,0.0,8255,345428265,3369247140,224625af65ca722c731c59e45c32442b5cfd5d0526f38f1b35d099d372f11fc2,d6130f12711e389987215a749868ebb01a6d049edcb2b52e88007c0ca3dd871a,202942,0.5,1.0,0.8,lost_person,revision_C_base@7b52d9149fd5,7b52d9149fd569229bcf4dbdfab434edfabc2e03,7821c330697bd81d6d7c78669e14fc4e785ea7c98d4305a8f8d4a52af044ffbd,c3-mobility_20260827_043124_280564_ae41202c,ae41202c062c1192bd5014d07cc3e7ddd086315bbffcca5260a97b6938aacfd9,none,none,evidence,revision_B_base,revision_B_base,5,200000.0,xlarge,45.0,80.0,5.0,0.5,1.0
7,44,dynamic_3step,0.5,0.8,10000.0,0.0,8255.0,0.20815701645128756,0.0,0.8964925174941789,16759,8254,8255,8254,8255,200020.56702993307,487.002179088071,4676,"[[686550.3719393034,5839027.944815845],[686432.2114798157,5839047.514619678],[686562.3711137616,5839071.464514369],[686544.1074016276,5839042.245650976],[686479.4570754749,5838922.012930993]]",11105a2cc12ea269694f1fa8b45ff83d4588344c41b1c28dbb5cea328ef765c7,a1f807c262de14dd184d111a2c29529dcf67c05b57046b2420729cf404e67a24,none,lost_person,"stationary_victim_cell(P,victim_seed)",1,0,"{""p_d"":0.8,""stage"":""c3-mobility"",""tau"":10000.0,""w"":0.5}",c59ed08e2275f6d0d65001dcf837c9c881169637068f1659448d079a2119a4b2,lost_person,0.0,8255,345428265,3369247140,224625af65ca722c731c59e45c32442b5cfd5d0526f38f1b35d099d372f11fc2,d6130f12711e389987215a749868ebb01a6d049edcb2b52e88007c0ca3dd871a,202942,0.5,1.0,0.8,lost_person,revision_C_base@7b52d9149fd5,7b52d9149fd569229bcf4dbdfab434edfabc2e03,7821c330697bd81d6d7c78669e14fc4e785ea7c98d4305a8f8d4a52af044ffbd,c3-mobility_20260827_043124_280564_ae41202c,ae41202c062c1192bd5014d07cc3e7ddd086315bbffcca5260a97b6938aacfd9,none,none,evidence,revision_B_base,revision_B_base,5,200000.0,xlarge,45.0,80.0,5.0,0.5,1.0
7,47,online_static_3step,0.5,0.8,10000.0,0.0,8267.0,0.09683152463299786,0.0,0.9588073828679603,6528,8152,8153,8266,8267,200014.94790249877,521.9057721924037,5411,"[[686509.4324293887,5838905.875112795],[686482.4635246436,5838999.564014174],[686569.3130904426,5838980.863493235],[686542.3383541881,5839080.7158743935],[686471.7098012419,5838989.08105832]]",b7d406c52d39becdb0bc74a2cb1a4d4b67e866429a333098a2a57fcb23220f96,c9747b7f3277fa4d93cac1016b181620c406a0ba605fdf076d9bc98bd5c59cd6,none,random_walk,"stationary_victim_cell(P,victim_seed)",1,0,"{""p_d"":0.8,""stage"":""c3-mobility"",""tau"":10000.0,""w"":0.5}",c59ed08e2275f6d0d65001dcf837c9c881169637068f1659448d079a2119a4b2,random_walk,0.0,8267,2780213670,4094418266,82cb1e5fd5a32f6b98aecc5cc0230f55f09c65dc832bd2b4e6949654b4fa89ae,72116bb85e2392456ce9996027354602333e2606d570f14bddcc13c147068d90,231302,0.5,1.0,0.8,random_walk,revision_C_base@7b52d9149fd5,7b52d9149fd569229bcf4dbdfab434edfabc2e03,7821c330697bd81d6d7c78669e14fc4e785ea7c98d4305a8f8d4a52af044ffbd,c3-mobility_20260827_043124_280564_ae41202c,ae41202c062c1192bd5014d07cc3e7ddd086315bbffcca5260a97b6938aacfd9,none,none,evidence,revision_B_base,revision_B_base,5,200000.0,xlarge,45.0,80.0,5.0,0.5,1.0
7,47,dynamic_3step,0.5,0.8,10000.0,0.0,8267.0,0.17990210503099183,0.0,0.8984290290783638,16487,8266,8267,8266,8267,200021.12749482383,487.9125934189651,4692,"[[686509.4324293887,5838905.875112795],[686482.4635246436,5838999.564014174],[686569.3130904426,5838980.863493235],[686542.3383541881,5839080.7158743935],[686471.7098012419,5838989.08105832]]",b7d406c52d39becdb0bc74a2cb1a4d4b67e866429a333098a2a57fcb23220f96,1346380240556d3d327505d2f1f4497844f4c69c8eddc00029a509af3b8f84fe,none,random_walk,"stationary_victim_cell(P,victim_seed)",1,0,"{""p_d"":0.8,""stage"":""c3-mobility"",""tau"":10000.0,""w"":0.5}",c59ed08e2275f6d0d65001dcf837c9c881169637068f1659448d079a2119a4b2,random_walk,0.0,8267,2780213670,4094418266,82cb1e5fd5a32f6b98aecc5cc0230f55f09c65dc832bd2b4e6949654b4fa89ae,72116bb85e2392456ce9996027354602333e2606d570f14bddcc13c147068d90,231302,0.5,1.0,0.8,random_walk,revision_C_base@7b52d9149fd5,7b52d9149fd569229bcf4dbdfab434edfabc2e03,7821c330697bd81d6d7c78669e14fc4e785ea7c98d4305a8f8d4a52af044ffbd,c3-mobility_20260827_043124_280564_ae41202c,ae41202c062c1192bd5014d07cc3e7ddd086315bbffcca5260a97b6938aacfd9,none,none,evidence,revision_B_base,revision_B_base,5,200000.0,xlarge,45.0,80.0,5.0,0.5,1.0
7,47,online_static_3step,0.5,0.8,10000.0,0.9999999991808,713.2500061775888,0.09683152463299786,13.0,0.9588073828679603,6528,8152,8153,8266,8267,200014.94790249877,521.9057721924037,5411,"[[686509.4324293887,5838905.875112795],[686482.4635246436,5838999.564014174],[686569.3130904426,5838980.863493235],[686542.3383541881,5839080.7158743935],[686471.7098012419,5838989.08105832]]",b7d406c52d39becdb0bc74a2cb1a4d4b67e866429a333098a2a57fcb23220f96,c9747b7f3277fa4d93cac1016b181620c406a0ba605fdf076d9bc98bd5c59cd6,none,route_following,"stationary_victim_cell(P,victim_seed)",1,0,"{""p_d"":0.8,""stage"":""c3-mobility"",""tau"":10000.0,""w"":0.5}",c59ed08e2275f6d0d65001dcf837c9c881169637068f1659448d079a2119a4b2,route_following,1.0,713,2780213670,4094418266,79ff6475766c03065649da35ab28a3332e9822bdcec1781558b597d01d9cf935,72116bb85e2392456ce9996027354602333e2606d570f14bddcc13c147068d90,231302,0.5,1.0,0.8,route_following,revision_C_base@7b52d9149fd5,7b52d9149fd569229bcf4dbdfab434edfabc2e03,7821c330697bd81d6d7c78669e14fc4e785ea7c98d4305a8f8d4a52af044ffbd,c3-mobility_20260827_043124_280564_ae41202c,ae41202c062c1192bd5014d07cc3e7ddd086315bbffcca5260a97b6938aacfd9,none,none,evidence,revision_B_base,revision_B_base,5,200000.0,xlarge,45.0,80.0,5.0,0.5,1.0
7,47,dynamic_3step,0.5,0.8,10000.0,0.9999999991808,779.2500061235198,0.17990210503099183,13.0,0.8984290290783638,16487,8266,8267,8266,8267,200021.12749482383,487.9125934189651,4692,"[[686509.4324293887,5838905.875112795],[686482.4635246436,5838999.564014174],[686569.3130904426,5838980.863493235],[686542.3383541881,5839080.7158743935],[686471.7098012419,5838989.08105832]]",b7d406c52d39becdb0bc74a2cb1a4d4b67e866429a333098a2a57fcb23220f96,1346380240556d3d327505d2f1f4497844f4c69c8eddc00029a509af3b8f84fe,none,route_following,"stationary_victim_cell(P,victim_seed)",1,0,"{""p_d"":0.8,""stage"":""c3-mobility"",""tau"":10000.0,""w"":0.5}",c59ed08e2275f6d0d65001dcf837c9c881169637068f1659448d079a2119a4b2,route_following,1.0,780,2780213670,4094418266,79ff6475766c03065649da35ab28a3332e9822bdcec1781558b597d01d9cf935,72116bb85e2392456ce9996027354602333e2606d570f14bddcc13c147068d90,231302,0.5,1.0,0.8,route_following,revision_C_base@7b52d9149fd5,7b52d9149fd569229bcf4dbdfab434edfabc2e03,7821c330697bd81d6d7c78669e14fc4e785ea7c98d4305a8f8d4a52af044ffbd,c3-mobility_20260827_043124_280564_ae41202c,ae41202c062c1192bd5014d07cc3e7ddd086315bbffcca5260a97b6938aacfd9,none,none,evidence,revision_B_base,revision_B_base,5,200000.0,xlarge,45.0,80.0,5.0,0.5,1.0
7,47,online_static_3step,0.5,0.8,10000.0,0.99968,5160.2428800003145,0.09683152463299786,5.0,0.9588073828679603,6528,8152,8153,8266,8267,200014.94790249877,521.9057721924037,5411,"[[686509.4324293887,5838905.875112795],[686482.4635246436,5838999.564014174],[686569.3130904426,5838980.863493235],[686542.3383541881,5839080.7158743935],[686471.7098012419,5838989.08105832]]",b7d406c52d39becdb0bc74a2cb1a4d4b67e866429a333098a2a57fcb23220f96,c9747b7f3277fa4d93cac1016b181620c406a0ba605fdf076d9bc98bd5c59cd6,none,lost_person,"stationary_victim_cell(P,victim_seed)",1,0,"{""p_d"":0.8,""stage"":""c3-mobility"",""tau"":10000.0,""w"":0.5}",c59ed08e2275f6d0d65001dcf837c9c881169637068f1659448d079a2119a4b2,lost_person,1.0,5159,2780213670,4094418266,751bf5b89331cd3522de74d5e431556eb25b47fe0355e5010db7bb517ea91c79,72116bb85e2392456ce9996027354602333e2606d570f14bddcc13c147068d90,231302,0.5,1.0,0.8,lost_person,revision_C_base@7b52d9149fd5,7b52d9149fd569229bcf4dbdfab434edfabc2e03,7821c330697bd81d6d7c78669e14fc4e785ea7c98d4305a8f8d4a52af044ffbd,c3-mobility_20260827_043124_280564_ae41202c,ae41202c062c1192bd5014d07cc3e7ddd086315bbffcca5260a97b6938aacfd9,none,none,evidence,revision_B_base,revision_B_base,5,200000.0,xlarge,45.0,80.0,5.0,0.5,1.0
7,47,dynamic_3step,0.5,0.8,10000.0,0.0,8267.0,0.17990210503099183,0.0,0.8984290290783638,16487,8266,8267,8266,8267,200021.12749482383,487.9125934189651,4692,"[[686509.4324293887,5838905.875112795],[686482.4635246436,5838999.564014174],[686569.3130904426,5838980.863493235],[686542.3383541881,5839080.7158743935],[686471.7098012419,5838989.08105832]]",b7d406c52d39becdb0bc74a2cb1a4d4b67e866429a333098a2a57fcb23220f96,1346380240556d3d327505d2f1f4497844f4c69c8eddc00029a509af3b8f84fe,none,lost_person,"stationary_victim_cell(P,victim_seed)",1,0,"{""p_d"":0.8,""stage"":""c3-mobility"",""tau"":10000.0,""w"":0.5}",c59ed08e2275f6d0d65001dcf837c9c881169637068f1659448d079a2119a4b2,lost_person,0.0,8267,2780213670,4094418266,751bf5b89331cd3522de74d5e431556eb25b47fe0355e5010db7bb517ea91c79,72116bb85e2392456ce9996027354602333e2606d570f14bddcc13c147068d90,231302,0.5,1.0,0.8,lost_person,revision_C_base@7b52d9149fd5,7b52d9149fd569229bcf4dbdfab434edfabc2e03,7821c330697bd81d6d7c78669e14fc4e785ea7c98d4305a8f8d4a52af044ffbd,c3-mobility_20260827_043124_280564_ae41202c,ae41202c062c1192bd5014d07cc3e7ddd086315bbffcca5260a97b6938aacfd9,none,none,evidence,revision_B_base,revision_B_base,5,200000.0,xlarge,45.0,80.0,5.0,0.5,1.0
7,46,online_static_3step,0.5,0.8,10000.0,0.0,8253.0,0.09735164891239181,0.0,0.9583497577661076,6551,8117,8118,8252,8253,200018.67948501406,511.7994638516102,5282,"[[686536.9456797002,5838977.041315573],[686502.756875702,5839070.639980433],[686540.579588807,5838980.8358691055],[686453.306528826,5838928.668821625],[686427.6094122763,5838986.358756295]]",72b2a4b6cfa190859e858989a9c94ff8592eebd82cfee1e5bcbe8e4fddf368a3,8f60d7c409155f73f1e85e01bf10b5b3c00e034f16db3234902ffd5091a2c82c,none,random_walk,"stationary_victim_cell(P,victim_seed)",1,0,"{""p_d"":0.8,""stage"":""c3-mobility"",""tau"":10000.0,""w"":0.5}",c59ed08e2275f6d0d65001dcf837c9c881169637068f1659448d079a2119a4b2,random_walk,0.0,8253,1315260483,37406878,5fe46567c6ca1172e5b651dec5464d805ba4bde199fd9f23fb911a471c16d271,cbfe27b35b7854cf4079d3f1a507cc74ba7874680cb3dc57e3c5a019603e5c03,433933,0.5,1.0,0.8,random_walk,revision_C_base@7b52d9149fd5,7b52d9149fd569229bcf4dbdfab434edfabc2e03,7821c330697bd81d6d7c78669e14fc4e785ea7c98d4305a8f8d4a52af044ffbd,c3-mobility_20260827_043124_280564_ae41202c,ae41202c062c1192bd5014d07cc3e7ddd086315bbffcca5260a97b6938aacfd9,none,none,evidence,revision_B_base,revision_B_base,5,200000.0,xlarge,45.0,80.0,5.0,0.5,1.0
7,46,dynamic_3step,0.5,0.8,10000.0,0.0,8253.0,0.20334832217976231,0.0,0.8961481902549338,16808,8252,8253,8252,8253,200006.83092709296,489.95729451440275,4696,"[[686536.9456797002,5838977.041315573],[686502.756875702,5839070.639980433],[686540.579588807,5838980.8358691055],[686453.306528826,5838928.668821625],[686427.6094122763,5838986.358756295]]",72b2a4b6cfa190859e858989a9c94ff8592eebd82cfee1e5bcbe8e4fddf368a3,60c92f1107b702a17a7865e19fbad87bf4f6bb3691b247ee6f4cd0821232c42e,none,random_walk,"stationary_victim_cell(P,victim_seed)",1,0,"{""p_d"":0.8,""stage"":""c3-mobility"",""tau"":10000.0,""w"":0.5}",c59ed08e2275f6d0d65001dcf837c9c881169637068f1659448d079a2119a4b2,random_walk,0.0,8253,1315260483,37406878,5fe46567c6ca1172e5b651dec5464d805ba4bde199fd9f23fb911a471c16d271,cbfe27b35b7854cf4079d3f1a507cc74ba7874680cb3dc57e3c5a019603e5c03,433933,0.5,1.0,0.8,random_walk,revision_C_base@7b52d9149fd5,7b52d9149fd569229bcf4dbdfab434edfabc2e03,7821c330697bd81d6d7c78669e14fc4e785ea7c98d4305a8f8d4a52af044ffbd,c3-mobility_20260827_043124_280564_ae41202c,ae41202c062c1192bd5014d07cc3e7ddd086315bbffcca5260a97b6938aacfd9,none,none,evidence,revision_B_base,revision_B_base,5,200000.0,xlarge,45.0,80.0,5.0,0.5,1.0
7,46,online_static_3step,0.5,0.8,10000.0,0.0,8253.0,0.09735164891239181,0.0,0.9583497577661076,6551,8117,8118,8252,8253,200018.67948501406,511.7994638516102,5282,"[[686536.9456797002,5838977.041315573],[686502.756875702,5839070.639980433],[686540.579588807,5838980.8358691055],[686453.306528826,5838928.668821625],[686427.6094122763,5838986.358756295]]",72b2a4b6cfa190859e858989a9c94ff8592eebd82cfee1e5bcbe8e4fddf368a3,8f60d7c409155f73f1e85e01bf10b5b3c00e034f16db3234902ffd5091a2c82c,none,route_following,"stationary_victim_cell(P,victim_seed)",1,0,"{""p_d"":0.8,""stage"":""c3-mobility"",""tau"":10000.0,""w"":0.5}",c59ed08e2275f6d0d65001dcf837c9c881169637068f1659448d079a2119a4b2,route_following,0.0,8253,1315260483,37406878,d6d00a6ff1f591b4124a70f2034fb968d17c507b411720899f84ca07df38c048,cbfe27b35b7854cf4079d3f1a507cc74ba7874680cb3dc57e3c5a019603e5c03,433933,0.5,1.0,0.8,route_following,revision_C_base@7b52d9149fd5,7b52d9149fd569229bcf4dbdfab434edfabc2e03,7821c330697bd81d6d7c78669e14fc4e785ea7c98d4305a8f8d4a52af044ffbd,c3-mobility_20260827_043124_280564_ae41202c,ae41202c062c1192bd5014d07cc3e7ddd086315bbffcca5260a97b6938aacfd9,none,none,evidence,revision_B_base,revision_B_base,5,200000.0,xlarge,45.0,80.0,5.0,0.5,1.0
7,46,dynamic_3step,0.5,0.8,10000.0,0.0,8253.0,0.20334832217976231,0.0,0.8961481902549338,16808,8252,8253,8252,8253,200006.83092709296,489.95729451440275,4696,"[[686536.9456797002,5838977.041315573],[686502.756875702,5839070.639980433],[686540.579588807,5838980.8358691055],[686453.306528826,5838928.668821625],[686427.6094122763,5838986.358756295]]",72b2a4b6cfa190859e858989a9c94ff8592eebd82cfee1e5bcbe8e4fddf368a3,60c92f1107b702a17a7865e19fbad87bf4f6bb3691b247ee6f4cd0821232c42e,none,route_following,"stationary_victim_cell(P,victim_seed)",1,0,"{""p_d"":0.8,""stage"":""c3-mobility"",""tau"":10000.0,""w"":0.5}",c59ed08e2275f6d0d65001dcf837c9c881169637068f1659448d079a2119a4b2,route_following,0.0,8253,1315260483,37406878,d6d00a6ff1f591b4124a70f2034fb968d17c507b411720899f84ca07df38c048,cbfe27b35b7854cf4079d3f1a507cc74ba7874680cb3dc57e3c5a019603e5c03,433933,0.5,1.0,0.8,route_following,revision_C_base@7b52d9149fd5,7b52d9149fd569229bcf4dbdfab434edfabc2e03,7821c330697bd81d6d7c78669e14fc4e785ea7c98d4305a8f8d4a52af044ffbd,c3-mobility_20260827_043124_280564_ae41202c,ae41202c062c1192bd5014d07cc3e7ddd086315bbffcca5260a97b6938aacfd9,none,none,evidence,revision_B_base,revision_B_base,5,200000.0,xlarge,45.0,80.0,5.0,0.5,1.0
7,46,online_static_3step,0.5,0.8,10000.0,0.0,8253.0,0.09735164891239181,0.0,0.9583497577661076,6551,8117,8118,8252,8253,200018.67948501406,511.7994638516102,5282,"[[686536.9456797002,5838977.041315573],[686502.756875702,5839070.639980433],[686540.579588807,5838980.8358691055],[686453.306528826,5838928.668821625],[686427.6094122763,5838986.358756295]]",72b2a4b6cfa190859e858989a9c94ff8592eebd82cfee1e5bcbe8e4fddf368a3,8f60d7c409155f73f1e85e01bf10b5b3c00e034f16db3234902ffd5091a2c82c,none,lost_person,"stationary_victim_cell(P,victim_seed)",1,0,"{""p_d"":0.8,""stage"":""c3-mobility"",""tau"":10000.0,""w"":0.5}",c59ed08e2275f6d0d65001dcf837c9c881169637068f1659448d079a2119a4b2,lost_person,0.0,8253,1315260483,37406878,5df3629e2d34978070f60bc00338b0b0183954b72dd0945f231c9fd8f96b758a,cbfe27b35b7854cf4079d3f1a507cc74ba7874680cb3dc57e3c5a019603e5c03,433933,0.5,1.0,0.8,lost_person,revision_C_base@7b52d9149fd5,7b52d9149fd569229bcf4dbdfab434edfabc2e03,7821c330697bd81d6d7c78669e14fc4e785ea7c98d4305a8f8d4a52af044ffbd,c3-mobility_20260827_043124_280564_ae41202c,ae41202c062c1192bd5014d07cc3e7ddd086315bbffcca5260a97b6938aacfd9,none,none,evidence,revision_B_base,revision_B_base,5,200000.0,xlarge,45.0,80.0,5.0,0.5,1.0
7,46,dynamic_3step,0.5,0.8,10000.0,0.0,8253.0,0.20334832217976231,0.0,0.8961481902549338,16808,8252,8253,8252,8253,200006.83092709296,489.95729451440275,4696,"[[686536.9456797002,5838977.041315573],[686502.756875702,5839070.639980433],[686540.579588807,5838980.8358691055],[686453.306528826,5838928.668821625],[686427.6094122763,5838986.358756295]]",72b2a4b6cfa190859e858989a9c94ff8592eebd82cfee1e5bcbe8e4fddf368a3,60c92f1107b702a17a7865e19fbad87bf4f6bb3691b247ee6f4cd0821232c42e,none,lost_person,"stationary_victim_cell(P,victim_seed)",1,0,"{""p_d"":0.8,""stage"":""c3-mobility"",""tau"":10000.0,""w"":0.5}",c59ed08e2275f6d0d65001dcf837c9c881169637068f1659448d079a2119a4b2,lost_person,0.0,8253,1315260483,37406878,5df3629e2d34978070f60bc00338b0b0183954b72dd0945f231c9fd8f96b758a,cbfe27b35b7854cf4079d3f1a507cc74ba7874680cb3dc57e3c5a019603e5c03,433933,0.5,1.0,0.8,lost_person,revision_C_base@7b52d9149fd5,7b52d9149fd569229bcf4dbdfab434edfabc2e03,7821c330697bd81d6d7c78669e14fc4e785ea7c98d4305a8f8d4a52af044ffbd,c3-mobility_20260827_043124_280564_ae41202c,ae41202c062c1192bd5014d07cc3e7ddd086315bbffcca5260a97b6938aacfd9,none,none,evidence,revision_B_base,revision_B_base,5,200000.0,xlarge,45.0,80.0,5.0,0.5,1.0
10,43,online_static_3step,0.5,0.8,10000.0,0.0,8741.0,0.12263950868522121,0.0,0.9881687183451204,2051,8667,8668,8740,8741,200014.56862358726,289.97812538198195,3307,"[[334267.462172355,5724996.610766233],[334370.39838088065,5725025.211850789],[334239.04111023084,5724989.036028044],[334280.0925910194,5724962.365647277],[334220.6670554358,5725046.075560594]]",5aae0438e1e54d69e9da0ba68887ca5e3f1f7a67ff645ed335b0fcf02051ca64,0e188867ee646ea526a93387555e13f90bf1d9fc1b12027463e20214f2b9d8b4,none,random_walk,"stationary_victim_cell(P,victim_seed)",1,0,"{""p_d"":0.8,""stage"":""c3-mobility"",""tau"":10000.0,""w"":0.5}",c59ed08e2275f6d0d65001dcf837c9c881169637068f1659448d079a2119a4b2,random_walk,0.0,8741,2261468130,3202355448,1d716398cc043c20a3361b84d7ac4f0f8f900a68f73651b5ff06365ddef7044f,265c83318e43e1643e18abce8474dab7b0c99a71b609dc0baf71e7638f0c3fcf,386711,0.5,1.0,0.8,random_walk,revision_C_base@7b52d9149fd5,7b52d9149fd569229bcf4dbdfab434edfabc2e03,7821c330697bd81d6d7c78669e14fc4e785ea7c98d4305a8f8d4a52af044ffbd,c3-mobility_20260827_043124_280564_ae41202c,ae41202c062c1192bd5014d07cc3e7ddd086315bbffcca5260a97b6938aacfd9,none,none,evidence,revision_B_base,revision_B_base,5,200000.0,xlarge,45.0,80.0,5.0,0.5,1.0
10,43,dynamic_3step,0.5,0.8,10000.0,0.0,8741.0,0.24994062357686242,0.0,0.9499187717371408,8755,8740,8741,8740,8741,200024.22071581153,459.7550169189926,4241,"[[334267.462172355,5724996.610766233],[334370.39838088065,5725025.211850789],[334239.04111023084,5724989.036028044],[334280.0925910194,5724962.365647277],[334220.6670554358,5725046.075560594]]",5aae0438e1e54d69e9da0ba68887ca5e3f1f7a67ff645ed335b0fcf02051ca64,8d85d0e7e4973513eb3c8146c35770b6be12cf4ad59224a612166fb6a80126f0,none,random_walk,"stationary_victim_cell(P,victim_seed)",1,0,"{""p_d"":0.8,""stage"":""c3-mobility"",""tau"":10000.0,""w"":0.5}",c59ed08e2275f6d0d65001dcf837c9c881169637068f1659448d079a2119a4b2,random_walk,0.0,8741,2261468130,3202355448,1d716398cc043c20a3361b84d7ac4f0f8f900a68f73651b5ff06365ddef7044f,265c83318e43e1643e18abce8474dab7b0c99a71b609dc0baf71e7638f0c3fcf,386711,0.5,1.0,0.8,random_walk,revision_C_base@7b52d9149fd5,7b52d9149fd569229bcf4dbdfab434edfabc2e03,7821c330697bd81d6d7c78669e14fc4e785ea7c98d4305a8f8d4a52af044ffbd,c3-mobility_20260827_043124_280564_ae41202c,ae41202c062c1192bd5014d07cc3e7ddd086315bbffcca5260a97b6938aacfd9,none,none,evidence,revision_B_base,revision_B_base,5,200000.0,xlarge,45.0,80.0,5.0,0.5,1.0
10,43,online_static_3step,0.5,0.8,10000.0,0.0,8741.0,0.12263950868522121,0.0,0.9881687183451204,2051,8667,8668,8740,8741,200014.56862358726,289.97812538198195,3307,"[[334267.462172355,5724996.610766233],[334370.39838088065,5725025.211850789],[334239.04111023084,5724989.036028044],[334280.0925910194,5724962.365647277],[334220.6670554358,5725046.075560594]]",5aae0438e1e54d69e9da0ba68887ca5e3f1f7a67ff645ed335b0fcf02051ca64,0e188867ee646ea526a93387555e13f90bf1d9fc1b12027463e20214f2b9d8b4,none,route_following,"stationary_victim_cell(P,victim_seed)",1,0,"{""p_d"":0.8,""stage"":""c3-mobility"",""tau"":10000.0,""w"":0.5}",c59ed08e2275f6d0d65001dcf837c9c881169637068f1659448d079a2119a4b2,route_following,0.0,8741,2261468130,3202355448,f3e3225ccd49c042e5f501e03b733cc2ae915ca51122b62d1e28828836e5f2dd,265c83318e43e1643e18abce8474dab7b0c99a71b609dc0baf71e7638f0c3fcf,386711,0.5,1.0,0.8,route_following,revision_C_base@7b52d9149fd5,7b52d9149fd569229bcf4dbdfab434edfabc2e03,7821c330697bd81d6d7c78669e14fc4e785ea7c98d4305a8f8d4a52af044ffbd,c3-mobility_20260827_043124_280564_ae41202c,ae41202c062c1192bd5014d07cc3e7ddd086315bbffcca5260a97b6938aacfd9,none,none,evidence,revision_B_base,revision_B_base,5,200000.0,xlarge,45.0,80.0,5.0,0.5,1.0
10,43,dynamic_3step,0.5,0.8,10000.0,0.0,8741.0,0.24994062357686242,0.0,0.9499187717371408,8755,8740,8741,8740,8741,200024.22071581153,459.7550169189926,4241,"[[334267.462172355,5724996.610766233],[334370.39838088065,5725025.211850789],[334239.04111023084,5724989.036028044],[334280.0925910194,5724962.365647277],[334220.6670554358,5725046.075560594]]",5aae0438e1e54d69e9da0ba68887ca5e3f1f7a67ff645ed335b0fcf02051ca64,8d85d0e7e4973513eb3c8146c35770b6be12cf4ad59224a612166fb6a80126f0,none,route_following,"stationary_victim_cell(P,victim_seed)",1,0,"{""p_d"":0.8,""stage"":""c3-mobility"",""tau"":10000.0,""w"":0.5}",c59ed08e2275f6d0d65001dcf837c9c881169637068f1659448d079a2119a4b2,route_following,0.0,8741,2261468130,3202355448,f3e3225ccd49c042e5f501e03b733cc2ae915ca51122b62d1e28828836e5f2dd,265c83318e43e1643e18abce8474dab7b0c99a71b609dc0baf71e7638f0c3fcf,386711,0.5,1.0,0.8,route_following,revision_C_base@7b52d9149fd5,7b52d9149fd569229bcf4dbdfab434edfabc2e03,7821c330697bd81d6d7c78669e14fc4e785ea7c98d4305a8f8d4a52af044ffbd,c3-mobility_20260827_043124_280564_ae41202c,ae41202c062c1192bd5014d07cc3e7ddd086315bbffcca5260a97b6938aacfd9,none,none,evidence,revision_B_base,revision_B_base,5,200000.0,xlarge,45.0,80.0,5.0,0.5,1.0
10,43,online_static_3step,0.5,0.8,10000.0,0.0,8741.0,0.12263950868522121,0.0,0.9881687183451204,2051,8667,8668,8740,8741,200014.56862358726,289.97812538198195,3307,"[[334267.462172355,5724996.610766233],[334370.39838088065,5725025.211850789],[334239.04111023084,5724989.036028044],[334280.0925910194,5724962.365647277],[334220.6670554358,5725046.075560594]]",5aae0438e1e54d69e9da0ba68887ca5e3f1f7a67ff645ed335b0fcf02051ca64,0e188867ee646ea526a93387555e13f90bf1d9fc1b12027463e20214f2b9d8b4,none,lost_person,"stationary_victim_cell(P,victim_seed)",1,0,"{""p_d"":0.8,""stage"":""c3-mobility"",""tau"":10000.0,""w"":0.5}",c59ed08e2275f6d0d65001dcf837c9c881169637068f1659448d079a2119a4b2,lost_person,0.0,8741,2261468130,3202355448,1fc90f7c8e6dee2936a9f643deb38e4a97d9c1586fce0f31a8403bc42b34b2fb,265c83318e43e1643e18abce8474dab7b0c99a71b609dc0baf71e7638f0c3fcf,386711,0.5,1.0,0.8,lost_person,revision_C_base@7b52d9149fd5,7b52d9149fd569229bcf4dbdfab434edfabc2e03,7821c330697bd81d6d7c78669e14fc4e785ea7c98d4305a8f8d4a52af044ffbd,c3-mobility_20260827_043124_280564_ae41202c,ae41202c062c1192bd5014d07cc3e7ddd086315bbffcca5260a97b6938aacfd9,none,none,evidence,revision_B_base,revision_B_base,5,200000.0,xlarge,45.0,80.0,5.0,0.5,1.0
10,43,dynamic_3step,0.5,0.8,10000.0,0.0,8741.0,0.24994062357686242,0.0,0.9499187717371408,8755,8740,8741,8740,8741,200024.22071581153,459.7550169189926,4241,"[[334267.462172355,5724996.610766233],[334370.39838088065,5725025.211850789],[334239.04111023084,5724989.036028044],[334280.0925910194,5724962.365647277],[334220.6670554358,5725046.075560594]]",5aae0438e1e54d69e9da0ba68887ca5e3f1f7a67ff645ed335b0fcf02051ca64,8d85d0e7e4973513eb3c8146c35770b6be12cf4ad59224a612166fb6a80126f0,none,lost_person,"stationary_victim_cell(P,victim_seed)",1,0,"{""p_d"":0.8,""stage"":""c3-mobility"",""tau"":10000.0,""w"":0.5}",c59ed08e2275f6d0d65001dcf837c9c881169637068f1659448d079a2119a4b2,lost_person,0.0,8741,2261468130,3202355448,1fc90f7c8e6dee2936a9f643deb38e4a97d9c1586fce0f31a8403bc42b34b2fb,265c83318e43e1643e18abce8474dab7b0c99a71b609dc0baf71e7638f0c3fcf,386711,0.5,1.0,0.8,lost_person,revision_C_base@7b52d9149fd5,7b52d9149fd569229bcf4dbdfab434edfabc2e03,7821c330697bd81d6d7c78669e14fc4e785ea7c98d4305a8f8d4a52af044ffbd,c3-mobility_20260827_043124_280564_ae41202c,ae41202c062c1192bd5014d07cc3e7ddd086315bbffcca5260a97b6938aacfd9,none,none,evidence,revision_B_base,revision_B_base,5,200000.0,xlarge,45.0,80.0,5.0,0.5,1.0
10,42,online_static_3step,0.5,0.8,10000.0,0.0,9037.0,0.12057727496240961,0.0,0.989111491028599,1968,9036,9037,9036,9037,200005.19026440257,388.8737446637824,4426,"[[334289.4483734565,5724948.214511063],[334332.1757905636,5724948.902473748],[334361.4939326978,5725068.809352602],[334285.71484677034,5724925.270176675],[334326.0314329311,5725062.08709865]]",3c195b87f1445e5f24bb317d5a82c31328f4e3a706c1cec8193eed5382ff055c,2019451c93ce18c11f35a2c919930eedba687636f8f2ff43887e7f2beda88734,none,random_walk,"stationary_victim_cell(P,victim_seed)",1,0,"{""p_d"":0.8,""stage"":""c3-mobility"",""tau"":10000.0,""w"":0.5}",c59ed08e2275f6d0d65001dcf837c9c881169637068f1659448d079a2119a4b2,random_walk,0.0,9037,1712543604,3733112014,a9ffc5aa14c723b6695439736dbaf5493e1a11c44782951ba8655f3a9d105944,0821745d562f5ce984c61a1a96369d58bb3a7d2d650fedf4a819eb722bace751,69962,0.5,1.0,0.8,random_walk,revision_C_base@7b52d9149fd5,7b52d9149fd569229bcf4dbdfab434edfabc2e03,7821c330697bd81d6d7c78669e14fc4e785ea7c98d4305a8f8d4a52af044ffbd,c3-mobility_20260827_043124_280564_ae41202c,ae41202c062c1192bd5014d07cc3e7ddd086315bbffcca5260a97b6938aacfd9,none,none,evidence,revision_B_base,revision_B_base,5,200000.0,xlarge,45.0,80.0,5.0,0.5,1.0
10,42,dynamic_3step,0.5,0.8,10000.0,0.0,9037.0,0.28227522985947534,0.0,0.9353748475418618,11339,8772,8773,9036,9037,200009.66774586606,443.961698184954,4227,"[[334289.4483734565,5724948.214511063],[334332.1757905636,5724948.902473748],[334361.4939326978,5725068.809352602],[334285.71484677034,5724925.270176675],[334326.0314329311,5725062.08709865]]",3c195b87f1445e5f24bb317d5a82c31328f4e3a706c1cec8193eed5382ff055c,966d6dd359b0c2e97fdceb3efcaa6b67c5b952db3f30e76506076e86aee2deac,none,random_walk,"stationary_victim_cell(P,victim_seed)",1,0,"{""p_d"":0.8,""stage"":""c3-mobility"",""tau"":10000.0,""w"":0.5}",c59ed08e2275f6d0d65001dcf837c9c881169637068f1659448d079a2119a4b2,random_walk,0.0,9037,1712543604,3733112014,a9ffc5aa14c723b6695439736dbaf5493e1a11c44782951ba8655f3a9d105944,0821745d562f5ce984c61a1a96369d58bb3a7d2d650fedf4a819eb722bace751,69962,0.5,1.0,0.8,random_walk,revision_C_base@7b52d9149fd5,7b52d9149fd569229bcf4dbdfab434edfabc2e03,7821c330697bd81d6d7c78669e14fc4e785ea7c98d4305a8f8d4a52af044ffbd,c3-mobility_20260827_043124_280564_ae41202c,ae41202c062c1192bd5014d07cc3e7ddd086315bbffcca5260a97b6938aacfd9,none,none,evidence,revision_B_base,revision_B_base,5,200000.0,xlarge,45.0,80.0,5.0,0.5,1.0
10,42,online_static_3step,0.5,0.8,10000.0,0.0,9037.0,0.12057727496240961,0.0,0.989111491028599,1968,9036,9037,9036,9037,200005.19026440257,388.8737446637824,4426,"[[334289.4483734565,5724948.214511063],[334332.1757905636,5724948.902473748],[334361.4939326978,5725068.809352602],[334285.71484677034,5724925.270176675],[334326.0314329311,5725062.08709865]]",3c195b87f1445e5f24bb317d5a82c31328f4e3a706c1cec8193eed5382ff055c,2019451c93ce18c11f35a2c919930eedba687636f8f2ff43887e7f2beda88734,none,route_following,"stationary_victim_cell(P,victim_seed)",1,0,"{""p_d"":0.8,""stage"":""c3-mobility"",""tau"":10000.0,""w"":0.5}",c59ed08e2275f6d0d65001dcf837c9c881169637068f1659448d079a2119a4b2,route_following,0.0,9037,1712543604,3733112014,1cf8220358b030210964b3e0a0a1dbadc849a141b03a3b7964a6cc174f277964,0821745d562f5ce984c61a1a96369d58bb3a7d2d650fedf4a819eb722bace751,69962,0.5,1.0,0.8,route_following,revision_C_base@7b52d9149fd5,7b52d9149fd569229bcf4dbdfab434edfabc2e03,7821c330697bd81d6d7c78669e14fc4e785ea7c98d4305a8f8d4a52af044ffbd,c3-mobility_20260827_043124_280564_ae41202c,ae41202c062c1192bd5014d07cc3e7ddd086315bbffcca5260a97b6938aacfd9,none,none,evidence,revision_B_base,revision_B_base,5,200000.0,xlarge,45.0,80.0,5.0,0.5,1.0
10,42,dynamic_3step,0.5,0.8,10000.0,0.0,9037.0,0.28227522985947534,0.0,0.9353748475418618,11339,8772,8773,9036,9037,200009.66774586606,443.961698184954,4227,"[[334289.4483734565,5724948.214511063],[334332.1757905636,5724948.902473748],[334361.4939326978,5725068.809352602],[334285.71484677034,5724925.270176675],[334326.0314329311,5725062.08709865]]",3c195b87f1445e5f24bb317d5a82c31328f4e3a706c1cec8193eed5382ff055c,966d6dd359b0c2e97fdceb3efcaa6b67c5b952db3f30e76506076e86aee2deac,none,route_following,"stationary_victim_cell(P,victim_seed)",1,0,"{""p_d"":0.8,""stage"":""c3-mobility"",""tau"":10000.0,""w"":0.5}",c59ed08e2275f6d0d65001dcf837c9c881169637068f1659448d079a2119a4b2,route_following,0.0,9037,1712543604,3733112014,1cf8220358b030210964b3e0a0a1dbadc849a141b03a3b7964a6cc174f277964,0821745d562f5ce984c61a1a96369d58bb3a7d2d650fedf4a819eb722bace751,69962,0.5,1.0,0.8,route_following,revision_C_base@7b52d9149fd5,7b52d9149fd569229bcf4dbdfab434edfabc2e03,7821c330697bd81d6d7c78669e14fc4e785ea7c98d4305a8f8d4a52af044ffbd,c3-mobility_20260827_043124_280564_ae41202c,ae41202c062c1192bd5014d07cc3e7ddd086315bbffcca5260a97b6938aacfd9,none,none,evidence,revision_B_base,revision_B_base,5,200000.0,xlarge,45.0,80.0,5.0,0.5,1.0
10,42,online_static_3step,0.5,0.8,10000.0,0.0,9037.0,0.12057727496240961,0.0,0.989111491028599,1968,9036,9037,9036,9037,200005.19026440257,388.8737446637824,4426,"[[334289.4483734565,5724948.214511063],[334332.1757905636,5724948.902473748],[334361.4939326978,5725068.809352602],[334285.71484677034,5724925.270176675],[334326.0314329311,5725062.08709865]]",3c195b87f1445e5f24bb317d5a82c31328f4e3a706c1cec8193eed5382ff055c,2019451c93ce18c11f35a2c919930eedba687636f8f2ff43887e7f2beda88734,none,lost_person,"stationary_victim_cell(P,victim_seed)",1,0,"{""p_d"":0.8,""stage"":""c3-mobility"",""tau"":10000.0,""w"":0.5}",c59ed08e2275f6d0d65001dcf837c9c881169637068f1659448d079a2119a4b2,lost_person,0.0,9037,1712543604,3733112014,41e028370c23b7290e9a2dd85093f37f1e311f206ff26aaefb893596c773dfb3,0821745d562f5ce984c61a1a96369d58bb3a7d2d650fedf4a819eb722bace751,69962,0.5,1.0,0.8,lost_person,revision_C_base@7b52d9149fd5,7b52d9149fd569229bcf4dbdfab434edfabc2e03,7821c330697bd81d6d7c78669e14fc4e785ea7c98d4305a8f8d4a52af044ffbd,c3-mobility_20260827_043124_280564_ae41202c,ae41202c062c1192bd5014d07cc3e7ddd086315bbffcca5260a97b6938aacfd9,none,none,evidence,revision_B_base,revision_B_base,5,200000.0,xlarge,45.0,80.0,5.0,0.5,1.0
10,42,dynamic_3step,0.5,0.8,10000.0,0.0,9037.0,0.28227522985947534,0.0,0.9353748475418618,11339,8772,8773,9036,9037,200009.66774586606,443.961698184954,4227,"[[334289.4483734565,5724948.214511063],[334332.1757905636,5724948.902473748],[334361.4939326978,5725068.809352602],[334285.71484677034,5724925.270176675],[334326.0314329311,5725062.08709865]]",3c195b87f1445e5f24bb317d5a82c31328f4e3a706c1cec8193eed5382ff055c,966d6dd359b0c2e97fdceb3efcaa6b67c5b952db3f30e76506076e86aee2deac,none,lost_person,"stationary_victim_cell(P,victim_seed)",1,0,"{""p_d"":0.8,""stage"":""c3-mobility"",""tau"":10000.0,""w"":0.5}",c59ed08e2275f6d0d65001dcf837c9c881169637068f1659448d079a2119a4b2,lost_person,0.0,9037,1712543604,3733112014,41e028370c23b7290e9a2dd85093f37f1e311f206ff26aaefb893596c773dfb3,0821745d562f5ce984c61a1a96369d58bb3a7d2d650fedf4a819eb722bace751,69962,0.5,1.0,0.8,lost_person,revision_C_base@7b52d9149fd5,7b52d9149fd569229bcf4dbdfab434edfabc2e03,7821c330697bd81d6d7c78669e14fc4e785ea7c98d4305a8f8d4a52af044ffbd,c3-mobility_20260827_043124_280564_ae41202c,ae41202c062c1192bd5014d07cc3e7ddd086315bbffcca5260a97b6938aacfd9,none,none,evidence,revision_B_base,revision_B_base,5,200000.0,xlarge,45.0,80.0,5.0,0.5,1.0
10,44,online_static_3step,0.5,0.8,10000.0,0.0,8934.0,0.1268409909936899,0.0,0.9880847777298956,2129,8933,8934,8933,8934,200013.25957482753,370.4802268878557,4049,"[[334315.9840595574,5725049.084105466],[334197.8236000696,5725068.653909299],[334327.9832340155,5725092.6038039895],[334309.7195218816,5725063.384940596],[334245.0691957289,5724943.152220613]]",c7b98fa8a6fd7a67d10513d55076aade048023f35a0553cb06267d4f6ef018b5,83ecc71da33fbea1bf1a0ca5a84575720ebd4a5875630843872eb6a2bc2837e5,none,random_walk,"stationary_victim_cell(P,victim_seed)",1,0,"{""p_d"":0.8,""stage"":""c3-mobility"",""tau"":10000.0,""w"":0.5}",c59ed08e2275f6d0d65001dcf837c9c881169637068f1659448d079a2119a4b2,random_walk,0.0,8934,1561784946,3571796486,af64e54a9d8a2fabe0c79c05fc694054681d7294995f363477ec75eac5773716,810cdcff123d8f4cb51729f5d289df882020b567e32a3c55a1e1cce4b89fea53,342227,0.5,1.0,0.8,random_walk,revision_C_base@7b52d9149fd5,7b52d9149fd569229bcf4dbdfab434edfabc2e03,7821c330697bd81d6d7c78669e14fc4e785ea7c98d4305a8f8d4a52af044ffbd,c3-mobility_20260827_043124_280564_ae41202c,ae41202c062c1192bd5014d07cc3e7ddd086315bbffcca5260a97b6938aacfd9,none,none,evidence,revision_B_base,revision_B_base,5,200000.0,xlarge,45.0,80.0,5.0,0.5,1.0
10,44,dynamic_3step,0.5,0.8,10000.0,0.0,8934.0,0.29439622731991105,0.0,0.9322551148702709,11854,8748,8749,8933,8934,200012.5972585254,442.6230378181208,4162,"[[334315.9840595574,5725049.084105466],[334197.8236000696,5725068.653909299],[334327.9832340155,5725092.6038039895],[334309.7195218816,5725063.384940596],[334245.0691957289,5724943.152220613]]",c7b98fa8a6fd7a67d10513d55076aade048023f35a0553cb06267d4f6ef018b5,4401ecc6be2ae525894c192b6f4cb189c33a98afe9b21efad626a1692ea19ba1,none,random_walk,"stationary_victim_cell(P,victim_seed)",1,0,"{""p_d"":0.8,""stage"":""c3-mobility"",""tau"":10000.0,""w"":0.5}",c59ed08e2275f6d0d65001dcf837c9c881169637068f1659448d079a2119a4b2,random_walk,0.0,8934,1561784946,3571796486,af64e54a9d8a2fabe0c79c05fc694054681d7294995f363477ec75eac5773716,810cdcff123d8f4cb51729f5d289df882020b567e32a3c55a1e1cce4b89fea53,342227,0.5,1.0,0.8,random_walk,revision_C_base@7b52d9149fd5,7b52d9149fd569229bcf4dbdfab434edfabc2e03,7821c330697bd81d6d7c78669e14fc4e785ea7c98d4305a8f8d4a52af044ffbd,c3-mobility_20260827_043124_280564_ae41202c,ae41202c062c1192bd5014d07cc3e7ddd086315bbffcca5260a97b6938aacfd9,none,none,evidence,revision_B_base,revision_B_base,5,200000.0,xlarge,45.0,80.0,5.0,0.5,1.0
10,44,online_static_3step,0.5,0.8,10000.0,0.0,8934.0,0.1268409909936899,0.0,0.9880847777298956,2129,8933,8934,8933,8934,200013.25957482753,370.4802268878557,4049,"[[334315.9840595574,5725049.084105466],[334197.8236000696,5725068.653909299],[334327.9832340155,5725092.6038039895],[334309.7195218816,5725063.384940596],[334245.0691957289,5724943.152220613]]",c7b98fa8a6fd7a67d10513d55076aade048023f35a0553cb06267d4f6ef018b5,83ecc71da33fbea1bf1a0ca5a84575720ebd4a5875630843872eb6a2bc2837e5,none,route_following,"stationary_victim_cell(P,victim_seed)",1,0,"{""p_d"":0.8,""stage"":""c3-mobility"",""tau"":10000.0,""w"":0.5}",c59ed08e2275f6d0d65001dcf837c9c881169637068f1659448d079a2119a4b2,route_following,0.0,8934,1561784946,3571796486,1bffd68453fcb79ae7ef38de03c958438bccd4718f3a998ec08474e955c8cc15,810cdcff123d8f4cb51729f5d289df882020b567e32a3c55a1e1cce4b89fea53,342227,0.5,1.0,0.8,route_following,revision_C_base@7b52d9149fd5,7b52d9149fd569229bcf4dbdfab434edfabc2e03,7821c330697bd81d6d7c78669e14fc4e785ea7c98d4305a8f8d4a52af044ffbd,c3-mobility_20260827_043124_280564_ae41202c,ae41202c062c1192bd5014d07cc3e7ddd086315bbffcca5260a97b6938aacfd9,none,none,evidence,revision_B_base,revision_B_base,5,200000.0,xlarge,45.0,80.0,5.0,0.5,1.0
10,44,dynamic_3step,0.5,0.8,10000.0,0.0,8934.0,0.29439622731991105,0.0,0.9322551148702709,11854,8748,8749,8933,8934,200012.5972585254,442.6230378181208,4162,"[[334315.9840595574,5725049.084105466],[334197.8236000696,5725068.653909299],[334327.9832340155,5725092.6038039895],[334309.7195218816,5725063.384940596],[334245.0691957289,5724943.152220613]]",c7b98fa8a6fd7a67d10513d55076aade048023f35a0553cb06267d4f6ef018b5,4401ecc6be2ae525894c192b6f4cb189c33a98afe9b21efad626a1692ea19ba1,none,route_following,"stationary_victim_cell(P,victim_seed)",1,0,"{""p_d"":0.8,""stage"":""c3-mobility"",""tau"":10000.0,""w"":0.5}",c59ed08e2275f6d0d65001dcf837c9c881169637068f1659448d079a2119a4b2,route_following,0.0,8934,1561784946,3571796486,1bffd68453fcb79ae7ef38de03c958438bccd4718f3a998ec08474e955c8cc15,810cdcff123d8f4cb51729f5d289df882020b567e32a3c55a1e1cce4b89fea53,342227,0.5,1.0,0.8,route_following,revision_C_base@7b52d9149fd5,7b52d9149fd569229bcf4dbdfab434edfabc2e03,7821c330697bd81d6d7c78669e14fc4e785ea7c98d4305a8f8d4a52af044ffbd,c3-mobility_20260827_043124_280564_ae41202c,ae41202c062c1192bd5014d07cc3e7ddd086315bbffcca5260a97b6938aacfd9,none,none,evidence,revision_B_base,revision_B_base,5,200000.0,xlarge,45.0,80.0,5.0,0.5,1.0
10,44,online_static_3step,0.5,0.8,10000.0,0.0,8934.0,0.1268409909936899,0.0,0.9880847777298956,2129,8933,8934,8933,8934,200013.25957482753,370.4802268878557,4049,"[[334315.9840595574,5725049.084105466],[334197.8236000696,5725068.653909299],[334327.9832340155,5725092.6038039895],[334309.7195218816,5725063.384940596],[334245.0691957289,5724943.152220613]]",c7b98fa8a6fd7a67d10513d55076aade048023f35a0553cb06267d4f6ef018b5,83ecc71da33fbea1bf1a0ca5a84575720ebd4a5875630843872eb6a2bc2837e5,none,lost_person,"stationary_victim_cell(P,victim_seed)",1,0,"{""p_d"":0.8,""stage"":""c3-mobility"",""tau"":10000.0,""w"":0.5}",c59ed08e2275f6d0d65001dcf837c9c881169637068f1659448d079a2119a4b2,lost_person,0.0,8934,1561784946,3571796486,9be5c5f35dea33cecd34a1e1edbe00a139d97325665e8083603f1c79ffb092bc,810cdcff123d8f4cb51729f5d289df882020b567e32a3c55a1e1cce4b89fea53,342227,0.5,1.0,0.8,lost_person,revision_C_base@7b52d9149fd5,7b52d9149fd569229bcf4dbdfab434edfabc2e03,7821c330697bd81d6d7c78669e14fc4e785ea7c98d4305a8f8d4a52af044ffbd,c3-mobility_20260827_043124_280564_ae41202c,ae41202c062c1192bd5014d07cc3e7ddd086315bbffcca5260a97b6938aacfd9,none,none,evidence,revision_B_base,revision_B_base,5,200000.0,xlarge,45.0,80.0,5.0,0.5,1.0
10,44,dynamic_3step,0.5,0.8,10000.0,0.0,8934.0,0.29439622731991105,0.0,0.9322551148702709,11854,8748,8749,8933,8934,200012.5972585254,442.6230378181208,4162,"[[334315.9840595574,5725049.084105466],[334197.8236000696,5725068.653909299],[334327.9832340155,5725092.6038039895],[334309.7195218816,5725063.384940596],[334245.0691957289,5724943.152220613]]",c7b98fa8a6fd7a67d10513d55076aade048023f35a0553cb06267d4f6ef018b5,4401ecc6be2ae525894c192b6f4cb189c33a98afe9b21efad626a1692ea19ba1,none,lost_person,"stationary_victim_cell(P,victim_seed)",1,0,"{""p_d"":0.8,""stage"":""c3-mobility"",""tau"":10000.0,""w"":0.5}",c59ed08e2275f6d0d65001dcf837c9c881169637068f1659448d079a2119a4b2,lost_person,0.0,8934,1561784946,3571796486,9be5c5f35dea33cecd34a1e1edbe00a139d97325665e8083603f1c79ffb092bc,810cdcff123d8f4cb51729f5d289df882020b567e32a3c55a1e1cce4b89fea53,342227,0.5,1.0,0.8,lost_person,revision_C_base@7b52d9149fd5,7b52d9149fd569229bcf4dbdfab434edfabc2e03,7821c330697bd81d6d7c78669e14fc4e785ea7c98d4305a8f8d4a52af044ffbd,c3-mobility_20260827_043124_280564_ae41202c,ae41202c062c1192bd5014d07cc3e7ddd086315bbffcca5260a97b6938aacfd9,none,none,evidence,revision_B_base,revision_B_base,5,200000.0,xlarge,45.0,80.0,5.0,0.5,1.0
10,47,online_static_3step,0.5,0.8,10000.0,0.0,9074.0,0.1214580573223378,0.0,0.988830232763181,2027,9073,9074,9073,9074,200019.95504515502,326.378227181267,3485,"[[334275.04454964265,5724927.014402416],[334248.07564489753,5725020.703303794],[334334.9252106965,5725002.002782855],[334307.9504744421,5725101.855164014],[334237.32192149584,5725010.22034794]]",534d6bf750939fd4a2adea1cb6e5bf6962100438a5d1f081e7ea7ace1d556989,946b493e1f1e572803efcba787f342a46ba471a96980b41f698f23111e50b8c0,none,random_walk,"stationary_victim_cell(P,victim_seed)",1,0,"{""p_d"":0.8,""stage"":""c3-mobility"",""tau"":10000.0,""w"":0.5}",c59ed08e2275f6d0d65001dcf837c9c881169637068f1659448d079a2119a4b2,random_walk,0.0,9074,3837399578,920762258,5d1432f3528e03051ddf79e09008d65aa5e550140e3c992afa6a9c957018b83f,fbc47592c6feeb642942411d2c30f7dbb4d736b67b256d9c04d8f426ca5c9e46,163014,0.5,1.0,0.8,random_walk,revision_C_base@7b52d9149fd5,7b52d9149fd569229bcf4dbdfab434edfabc2e03,7821c330697bd81d6d7c78669e14fc4e785ea7c98d4305a8f8d4a52af044ffbd,c3-mobility_20260827_043124_280564_ae41202c,ae41202c062c1192bd5014d07cc3e7ddd086315bbffcca5260a97b6938aacfd9,none,none,evidence,revision_B_base,revision_B_base,5,200000.0,xlarge,45.0,80.0,5.0,0.5,1.0
10,47,dynamic_3step,0.5,0.8,10000.0,0.0,9074.0,0.29572676692145916,0.0,0.9308579989935496,12091,8743,8744,9073,9074,200005.23458756466,428.09111427678727,4069,"[[334275.04454964265,5724927.014402416],[334248.07564489753,5725020.703303794],[334334.9252106965,5725002.002782855],[334307.9504744421,5725101.855164014],[334237.32192149584,5725010.22034794]]",534d6bf750939fd4a2adea1cb6e5bf6962100438a5d1f081e7ea7ace1d556989,fa2440f110fadd31d93880a44faf61f887df39715679a5bce97011daa497b749,none,random_walk,"stationary_victim_cell(P,victim_seed)",1,0,"{""p_d"":0.8,""stage"":""c3-mobility"",""tau"":10000.0,""w"":0.5}",c59ed08e2275f6d0d65001dcf837c9c881169637068f1659448d079a2119a4b2,random_walk,0.0,9074,3837399578,920762258,5d1432f3528e03051ddf79e09008d65aa5e550140e3c992afa6a9c957018b83f,fbc47592c6feeb642942411d2c30f7dbb4d736b67b256d9c04d8f426ca5c9e46,163014,0.5,1.0,0.8,random_walk,revision_C_base@7b52d9149fd5,7b52d9149fd569229bcf4dbdfab434edfabc2e03,7821c330697bd81d6d7c78669e14fc4e785ea7c98d4305a8f8d4a52af044ffbd,c3-mobility_20260827_043124_280564_ae41202c,ae41202c062c1192bd5014d07cc3e7ddd086315bbffcca5260a97b6938aacfd9,none,none,evidence,revision_B_base,revision_B_base,5,200000.0,xlarge,45.0,80.0,5.0,0.5,1.0
10,47,online_static_3step,0.5,0.8,10000.0,0.0,9074.0,0.1214580573223378,0.0,0.988830232763181,2027,9073,9074,9073,9074,200019.95504515502,326.378227181267,3485,"[[334275.04454964265,5724927.014402416],[334248.07564489753,5725020.703303794],[334334.9252106965,5725002.002782855],[334307.9504744421,5725101.855164014],[334237.32192149584,5725010.22034794]]",534d6bf750939fd4a2adea1cb6e5bf6962100438a5d1f081e7ea7ace1d556989,946b493e1f1e572803efcba787f342a46ba471a96980b41f698f23111e50b8c0,none,route_following,"stationary_victim_cell(P,victim_seed)",1,0,"{""p_d"":0.8,""stage"":""c3-mobility"",""tau"":10000.0,""w"":0.5}",c59ed08e2275f6d0d65001dcf837c9c881169637068f1659448d079a2119a4b2,route_following,0.0,9074,3837399578,920762258,5a532f2349f01b4d35ec67f8d55829c79e0012980217274a21d4af2158b33393,fbc47592c6feeb642942411d2c30f7dbb4d736b67b256d9c04d8f426ca5c9e46,163014,0.5,1.0,0.8,route_following,revision_C_base@7b52d9149fd5,7b52d9149fd569229bcf4dbdfab434edfabc2e03,7821c330697bd81d6d7c78669e14fc4e785ea7c98d4305a8f8d4a52af044ffbd,c3-mobility_20260827_043124_280564_ae41202c,ae41202c062c1192bd5014d07cc3e7ddd086315bbffcca5260a97b6938aacfd9,none,none,evidence,revision_B_base,revision_B_base,5,200000.0,xlarge,45.0,80.0,5.0,0.5,1.0
10,47,dynamic_3step,0.5,0.8,10000.0,0.0,9074.0,0.29572676692145916,0.0,0.9308579989935496,12091,8743,8744,9073,9074,200005.23458756466,428.09111427678727,4069,"[[334275.04454964265,5724927.014402416],[334248.07564489753,5725020.703303794],[334334.9252106965,5725002.002782855],[334307.9504744421,5725101.855164014],[334237.32192149584,5725010.22034794]]",534d6bf750939fd4a2adea1cb6e5bf6962100438a5d1f081e7ea7ace1d556989,fa2440f110fadd31d93880a44faf61f887df39715679a5bce97011daa497b749,none,route_following,"stationary_victim_cell(P,victim_seed)",1,0,"{""p_d"":0.8,""stage"":""c3-mobility"",""tau"":10000.0,""w"":0.5}",c59ed08e2275f6d0d65001dcf837c9c881169637068f1659448d079a2119a4b2,route_following,0.0,9074,3837399578,920762258,5a532f2349f01b4d35ec67f8d55829c79e0012980217274a21d4af2158b33393,fbc47592c6feeb642942411d2c30f7dbb4d736b67b256d9c04d8f426ca5c9e46,163014,0.5,1.0,0.8,route_following,revision_C_base@7b52d9149fd5,7b52d9149fd569229bcf4dbdfab434edfabc2e03,7821c330697bd81d6d7c78669e14fc4e785ea7c98d4305a8f8d4a52af044ffbd,c3-mobility_20260827_043124_280564_ae41202c,ae41202c062c1192bd5014d07cc3e7ddd086315bbffcca5260a97b6938aacfd9,none,none,evidence,revision_B_base,revision_B_base,5,200000.0,xlarge,45.0,80.0,5.0,0.5,1.0
10,47,online_static_3step,0.5,0.8,10000.0,0.0,9074.0,0.1214580573223378,0.0,0.988830232763181,2027,9073,9074,9073,9074,200019.95504515502,326.378227181267,3485,"[[334275.04454964265,5724927.014402416],[334248.07564489753,5725020.703303794],[334334.9252106965,5725002.002782855],[334307.9504744421,5725101.855164014],[334237.32192149584,5725010.22034794]]",534d6bf750939fd4a2adea1cb6e5bf6962100438a5d1f081e7ea7ace1d556989,946b493e1f1e572803efcba787f342a46ba471a96980b41f698f23111e50b8c0,none,lost_person,"stationary_victim_cell(P,victim_seed)",1,0,"{""p_d"":0.8,""stage"":""c3-mobility"",""tau"":10000.0,""w"":0.5}",c59ed08e2275f6d0d65001dcf837c9c881169637068f1659448d079a2119a4b2,lost_person,0.0,9074,3837399578,920762258,cfc125cdb2b8007722672ae9b39edf3ec0ac913d87b6cde84356bc4922d31984,fbc47592c6feeb642942411d2c30f7dbb4d736b67b256d9c04d8f426ca5c9e46,163014,0.5,1.0,0.8,lost_person,revision_C_base@7b52d9149fd5,7b52d9149fd569229bcf4dbdfab434edfabc2e03,7821c330697bd81d6d7c78669e14fc4e785ea7c98d4305a8f8d4a52af044ffbd,c3-mobility_20260827_043124_280564_ae41202c,ae41202c062c1192bd5014d07cc3e7ddd086315bbffcca5260a97b6938aacfd9,none,none,evidence,revision_B_base,revision_B_base,5,200000.0,xlarge,45.0,80.0,5.0,0.5,1.0
10,47,dynamic_3step,0.5,0.8,10000.0,0.0,9074.0,0.29572676692145916,0.0,0.9308579989935496,12091,8743,8744,9073,9074,200005.23458756466,428.09111427678727,4069,"[[334275.04454964265,5724927.014402416],[334248.07564489753,5725020.703303794],[334334.9252106965,5725002.002782855],[334307.9504744421,5725101.855164014],[334237.32192149584,5725010.22034794]]",534d6bf750939fd4a2adea1cb6e5bf6962100438a5d1f081e7ea7ace1d556989,fa2440f110fadd31d93880a44faf61f887df39715679a5bce97011daa497b749,none,lost_person,"stationary_victim_cell(P,victim_seed)",1,0,"{""p_d"":0.8,""stage"":""c3-mobility"",""tau"":10000.0,""w"":0.5}",c59ed08e2275f6d0d65001dcf837c9c881169637068f1659448d079a2119a4b2,lost_person,0.0,9074,3837399578,920762258,cfc125cdb2b8007722672ae9b39edf3ec0ac913d87b6cde84356bc4922d31984,fbc47592c6feeb642942411d2c30f7dbb4d736b67b256d9c04d8f426ca5c9e46,163014,0.5,1.0,0.8,lost_person,revision_C_base@7b52d9149fd5,7b52d9149fd569229bcf4dbdfab434edfabc2e03,7821c330697bd81d6d7c78669e14fc4e785ea7c98d4305a8f8d4a52af044ffbd,c3-mobility_20260827_043124_280564_ae41202c,ae41202c062c1192bd5014d07cc3e7ddd086315bbffcca5260a97b6938aacfd9,none,none,evidence,revision_B_base,revision_B_base,5,200000.0,xlarge,45.0,80.0,5.0,0.5,1.0
10,46,online_static_3step,0.5,0.8,10000.0,0.0,8810.0,0.14304686988030732,0.0,0.9839494191029156,2828,8809,8810,8809,8810,200010.1904282522,382.54883552296087,4051,"[[334302.55779995414,5724998.180605194],[334268.36899595597,5725091.779270053],[334306.1917090609,5725001.975158726],[334218.91864908,5724949.808111246],[334193.22153253027,5725007.498045916]]",9ee63faabcca9d7ea56158b9a7b93c43e3bd66789637b328ac894e71f26729ce,fa4519f950dd49990ec24fd22f83a8dfbf45b7a8bd0c8595d0458a7aa24600db,none,random_walk,"stationary_victim_cell(P,victim_seed)",1,0,"{""p_d"":0.8,""stage"":""c3-mobility"",""tau"":10000.0,""w"":0.5}",c59ed08e2275f6d0d65001dcf837c9c881169637068f1659448d079a2119a4b2,random_walk,0.0,8810,1039405110,885223855,abd4ab8c880521c31b5dc7b1910ca96584a34fd6f5d8e54e34e7f82044384524,a9491a5dcbfefb407882f1f5488b82f67a5cf292e3dbf0b9c131a59e2322417f,89550,0.5,1.0,0.8,random_walk,revision_C_base@7b52d9149fd5,7b52d9149fd569229bcf4dbdfab434edfabc2e03,7821c330697bd81d6d7c78669e14fc4e785ea7c98d4305a8f8d4a52af044ffbd,c3-mobility_20260827_043124_280564_ae41202c,ae41202c062c1192bd5014d07cc3e7ddd086315bbffcca5260a97b6938aacfd9,none,none,evidence,revision_B_base,revision_B_base,5,200000.0,xlarge,45.0,80.0,5.0,0.5,1.0
10,46,dynamic_3step,0.5,0.8,10000.0,0.0,8810.0,0.2694729909991335,0.0,0.936052222780646,11197,8754,8755,8809,8810,200015.10478324493,428.07456084294245,4139,"[[334302.55779995414,5724998.180605194],[334268.36899595597,5725091.779270053],[334306.1917090609,5725001.975158726],[334218.91864908,5724949.808111246],[334193.22153253027,5725007.498045916]]",9ee63faabcca9d7ea56158b9a7b93c43e3bd66789637b328ac894e71f26729ce,5dc8eded9dfffc4c3f593e6729bdbba047bb11d4b306beb7fdffbf85f154a57b,none,random_walk,"stationary_victim_cell(P,victim_seed)",1,0,"{""p_d"":0.8,""stage"":""c3-mobility"",""tau"":10000.0,""w"":0.5}",c59ed08e2275f6d0d65001dcf837c9c881169637068f1659448d079a2119a4b2,random_walk,0.0,8810,1039405110,885223855,abd4ab8c880521c31b5dc7b1910ca96584a34fd6f5d8e54e34e7f82044384524,a9491a5dcbfefb407882f1f5488b82f67a5cf292e3dbf0b9c131a59e2322417f,89550,0.5,1.0,0.8,random_walk,revision_C_base@7b52d9149fd5,7b52d9149fd569229bcf4dbdfab434edfabc2e03,7821c330697bd81d6d7c78669e14fc4e785ea7c98d4305a8f8d4a52af044ffbd,c3-mobility_20260827_043124_280564_ae41202c,ae41202c062c1192bd5014d07cc3e7ddd086315bbffcca5260a97b6938aacfd9,none,none,evidence,revision_B_base,revision_B_base,5,200000.0,xlarge,45.0,80.0,5.0,0.5,1.0
10,46,online_static_3step,0.5,0.8,10000.0,0.0,8810.0,0.14304686988030732,0.0,0.9839494191029156,2828,8809,8810,8809,8810,200010.1904282522,382.54883552296087,4051,"[[334302.55779995414,5724998.180605194],[334268.36899595597,5725091.779270053],[334306.1917090609,5725001.975158726],[334218.91864908,5724949.808111246],[334193.22153253027,5725007.498045916]]",9ee63faabcca9d7ea56158b9a7b93c43e3bd66789637b328ac894e71f26729ce,fa4519f950dd49990ec24fd22f83a8dfbf45b7a8bd0c8595d0458a7aa24600db,none,route_following,"stationary_victim_cell(P,victim_seed)",1,0,"{""p_d"":0.8,""stage"":""c3-mobility"",""tau"":10000.0,""w"":0.5}",c59ed08e2275f6d0d65001dcf837c9c881169637068f1659448d079a2119a4b2,route_following,0.0,8810,1039405110,885223855,a46e7ad9a883f70e8af32a2eaa5b76d001437f59caa794b04048cbf3cbf3b354,a9491a5dcbfefb407882f1f5488b82f67a5cf292e3dbf0b9c131a59e2322417f,89550,0.5,1.0,0.8,route_following,revision_C_base@7b52d9149fd5,7b52d9149fd569229bcf4dbdfab434edfabc2e03,7821c330697bd81d6d7c78669e14fc4e785ea7c98d4305a8f8d4a52af044ffbd,c3-mobility_20260827_043124_280564_ae41202c,ae41202c062c1192bd5014d07cc3e7ddd086315bbffcca5260a97b6938aacfd9,none,none,evidence,revision_B_base,revision_B_base,5,200000.0,xlarge,45.0,80.0,5.0,0.5,1.0
10,46,dynamic_3step,0.5,0.8,10000.0,0.0,8810.0,0.2694729909991335,0.0,0.936052222780646,11197,8754,8755,8809,8810,200015.10478324493,428.07456084294245,4139,"[[334302.55779995414,5724998.180605194],[334268.36899595597,5725091.779270053],[334306.1917090609,5725001.975158726],[334218.91864908,5724949.808111246],[334193.22153253027,5725007.498045916]]",9ee63faabcca9d7ea56158b9a7b93c43e3bd66789637b328ac894e71f26729ce,5dc8eded9dfffc4c3f593e6729bdbba047bb11d4b306beb7fdffbf85f154a57b,none,route_following,"stationary_victim_cell(P,victim_seed)",1,0,"{""p_d"":0.8,""stage"":""c3-mobility"",""tau"":10000.0,""w"":0.5}",c59ed08e2275f6d0d65001dcf837c9c881169637068f1659448d079a2119a4b2,route_following,0.0,8810,1039405110,885223855,a46e7ad9a883f70e8af32a2eaa5b76d001437f59caa794b04048cbf3cbf3b354,a9491a5dcbfefb407882f1f5488b82f67a5cf292e3dbf0b9c131a59e2322417f,89550,0.5,1.0,0.8,route_following,revision_C_base@7b52d9149fd5,7b52d9149fd569229bcf4dbdfab434edfabc2e03,7821c330697bd81d6d7c78669e14fc4e785ea7c98d4305a8f8d4a52af044ffbd,c3-mobility_20260827_043124_280564_ae41202c,ae41202c062c1192bd5014d07cc3e7ddd086315bbffcca5260a97b6938aacfd9,none,none,evidence,revision_B_base,revision_B_base,5,200000.0,xlarge,45.0,80.0,5.0,0.5,1.0
10,46,online_static_3step,0.5,0.8,10000.0,0.0,8810.0,0.14304686988030732,0.0,0.9839494191029156,2828,8809,8810,8809,8810,200010.1904282522,382.54883552296087,4051,"[[334302.55779995414,5724998.180605194],[334268.36899595597,5725091.779270053],[334306.1917090609,5725001.975158726],[334218.91864908,5724949.808111246],[334193.22153253027,5725007.498045916]]",9ee63faabcca9d7ea56158b9a7b93c43e3bd66789637b328ac894e71f26729ce,fa4519f950dd49990ec24fd22f83a8dfbf45b7a8bd0c8595d0458a7aa24600db,none,lost_person,"stationary_victim_cell(P,victim_seed)",1,0,"{""p_d"":0.8,""stage"":""c3-mobility"",""tau"":10000.0,""w"":0.5}",c59ed08e2275f6d0d65001dcf837c9c881169637068f1659448d079a2119a4b2,lost_person,0.0,8810,1039405110,885223855,656e13003250cadcca9ecdaf2832d5dfcd0056d7850b4ed552202c47341cc48d,a9491a5dcbfefb407882f1f5488b82f67a5cf292e3dbf0b9c131a59e2322417f,89550,0.5,1.0,0.8,lost_person,revision_C_base@7b52d9149fd5,7b52d9149fd569229bcf4dbdfab434edfabc2e03,7821c330697bd81d6d7c78669e14fc4e785ea7c98d4305a8f8d4a52af044ffbd,c3-mobility_20260827_043124_280564_ae41202c,ae41202c062c1192bd5014d07cc3e7ddd086315bbffcca5260a97b6938aacfd9,none,none,evidence,revision_B_base,revision_B_base,5,200000.0,xlarge,45.0,80.0,5.0,0.5,1.0
10,46,dynamic_3step,0.5,0.8,10000.0,0.0,8810.0,0.2694729909991335,0.0,0.936052222780646,11197,8754,8755,8809,8810,200015.10478324493,428.07456084294245,4139,"[[334302.55779995414,5724998.180605194],[334268.36899595597,5725091.779270053],[334306.1917090609,5725001.975158726],[334218.91864908,5724949.808111246],[334193.22153253027,5725007.498045916]]",9ee63faabcca9d7ea56158b9a7b93c43e3bd66789637b328ac894e71f26729ce,5dc8eded9dfffc4c3f593e6729bdbba047bb11d4b306beb7fdffbf85f154a57b,none,lost_person,"stationary_victim_cell(P,victim_seed)",1,0,"{""p_d"":0.8,""stage"":""c3-mobility"",""tau"":10000.0,""w"":0.5}",c59ed08e2275f6d0d65001dcf837c9c881169637068f1659448d079a2119a4b2,lost_person,0.0,8810,1039405110,885223855,656e13003250cadcca9ecdaf2832d5dfcd0056d7850b4ed552202c47341cc48d,a9491a5dcbfefb407882f1f5488b82f67a5cf292e3dbf0b9c131a59e2322417f,89550,0.5,1.0,0.8,lost_person,revision_C_base@7b52d9149fd5,7b52d9149fd569229bcf4dbdfab434edfabc2e03,7821c330697bd81d6d7c78669e14fc4e785ea7c98d4305a8f8d4a52af044ffbd,c3-mobility_20260827_043124_280564_ae41202c,ae41202c062c1192bd5014d07cc3e7ddd086315bbffcca5260a97b6938aacfd9,none,none,evidence,revision_B_base,revision_B_base,5,200000.0,xlarge,45.0,80.0,5.0,0.5,1.0
10,51,online_static_3step,0.5,0.8,10000.0,0.0,8807.0,0.11646817441622583,0.0,0.9891787549322962,1906,8806,8807,8806,8807,200011.23219624688,443.79047161946073,4564,"[[334331.34945856873,5724994.104607949],[334278.059959227,5725060.873407095],[334290.01276670006,5724968.360705122],[334308.87607642583,5724933.31143598],[334217.6852865426,5725046.811770091]]",511218dd01b3f07057afc14325022c4e82154b26ec43f956302ef375f1badadf,0bd4adbfb34266d10733604754d60f97dd5426eac65eb4243359e3feb3907099,none,random_walk,"stationary_victim_cell(P,victim_seed)",1,0,"{""p_d"":0.8,""stage"":""c3-mobility"",""tau"":10000.0,""w"":0.5}",c59ed08e2275f6d0d65001dcf837c9c881169637068f1659448d079a2119a4b2,random_walk,0.0,8807,3044598939,3401759186,47dab1784034bcc676973a22456f1c0a153f02468ce6a4c0a0ebf1d52634f3a7,2ef408cc86e7fd8b71fdc724264479cca18a1b4f615b8750dd99ad5c3c105a3f,244786,0.5,1.0,0.8,random_walk,revision_C_base@7b52d9149fd5,7b52d9149fd569229bcf4dbdfab434edfabc2e03,7821c330697bd81d6d7c78669e14fc4e785ea7c98d4305a8f8d4a52af044ffbd,c3-mobility_20260827_043124_280564_ae41202c,ae41202c062c1192bd5014d07cc3e7ddd086315bbffcca5260a97b6938aacfd9,none,none,evidence,revision_B_base,revision_B_base,5,200000.0,xlarge,45.0,80.0,5.0,0.5,1.0
10,51,dynamic_3step,0.5,0.8,10000.0,0.9999998976,2776.250616524851,0.30962435828522733,10.0,0.9283925260305235,12551,8763,8764,8806,8807,200024.4199576846,409.07955542299896,4222,"[[334331.34945856873,5724994.104607949],[334278.059959227,5725060.873407095],[334290.01276670006,5724968.360705122],[334308.87607642583,5724933.31143598],[334217.6852865426,5725046.811770091]]",511218dd01b3f07057afc14325022c4e82154b26ec43f956302ef375f1badadf,e89ae50b4da76a12f247465573e5a4a3b11231a46744bd39034bff380ff078f2,none,random_walk,"stationary_victim_cell(P,victim_seed)",1,0,"{""p_d"":0.8,""stage"":""c3-mobility"",""tau"":10000.0,""w"":0.5}",c59ed08e2275f6d0d65001dcf837c9c881169637068f1659448d079a2119a4b2,random_walk,1.0,2776,3044598939,3401759186,47dab1784034bcc676973a22456f1c0a153f02468ce6a4c0a0ebf1d52634f3a7,2ef408cc86e7fd8b71fdc724264479cca18a1b4f615b8750dd99ad5c3c105a3f,244786,0.5,1.0,0.8,random_walk,revision_C_base@7b52d9149fd5,7b52d9149fd569229bcf4dbdfab434edfabc2e03,7821c330697bd81d6d7c78669e14fc4e785ea7c98d4305a8f8d4a52af044ffbd,c3-mobility_20260827_043124_280564_ae41202c,ae41202c062c1192bd5014d07cc3e7ddd086315bbffcca5260a97b6938aacfd9,none,none,evidence,revision_B_base,revision_B_base,5,200000.0,xlarge,45.0,80.0,5.0,0.5,1.0
10,51,online_static_3step,0.5,0.8,10000.0,0.0,8807.0,0.11646817441622583,0.0,0.9891787549322962,1906,8806,8807,8806,8807,200011.23219624688,443.79047161946073,4564,"[[334331.34945856873,5724994.104607949],[334278.059959227,5725060.873407095],[334290.01276670006,5724968.360705122],[334308.87607642583,5724933.31143598],[334217.6852865426,5725046.811770091]]",511218dd01b3f07057afc14325022c4e82154b26ec43f956302ef375f1badadf,0bd4adbfb34266d10733604754d60f97dd5426eac65eb4243359e3feb3907099,none,route_following,"stationary_victim_cell(P,victim_seed)",1,0,"{""p_d"":0.8,""stage"":""c3-mobility"",""tau"":10000.0,""w"":0.5}",c59ed08e2275f6d0d65001dcf837c9c881169637068f1659448d079a2119a4b2,route_following,0.0,8807,3044598939,3401759186,56f9a9de262b6599eb3239db0cf4c528ddddc1ec75d19e6b57eafaddd0c29d1c,2ef408cc86e7fd8b71fdc724264479cca18a1b4f615b8750dd99ad5c3c105a3f,244786,0.5,1.0,0.8,route_following,revision_C_base@7b52d9149fd5,7b52d9149fd569229bcf4dbdfab434edfabc2e03,7821c330697bd81d6d7c78669e14fc4e785ea7c98d4305a8f8d4a52af044ffbd,c3-mobility_20260827_043124_280564_ae41202c,ae41202c062c1192bd5014d07cc3e7ddd086315bbffcca5260a97b6938aacfd9,none,none,evidence,revision_B_base,revision_B_base,5,200000.0,xlarge,45.0,80.0,5.0,0.5,1.0
10,51,dynamic_3step,0.5,0.8,10000.0,0.999999999967232,2781.250000269882,0.30962435828522733,15.0,0.9283925260305235,12551,8763,8764,8806,8807,200024.4199576846,409.07955542299896,4222,"[[334331.34945856873,5724994.104607949],[334278.059959227,5725060.873407095],[334290.01276670006,5724968.360705122],[334308.87607642583,5724933.31143598],[334217.6852865426,5725046.811770091]]",511218dd01b3f07057afc14325022c4e82154b26ec43f956302ef375f1badadf,e89ae50b4da76a12f247465573e5a4a3b11231a46744bd39034bff380ff078f2,none,route_following,"stationary_victim_cell(P,victim_seed)",1,0,"{""p_d"":0.8,""stage"":""c3-mobility"",""tau"":10000.0,""w"":0.5}",c59ed08e2275f6d0d65001dcf837c9c881169637068f1659448d079a2119a4b2,route_following,1.0,2781,3044598939,3401759186,56f9a9de262b6599eb3239db0cf4c528ddddc1ec75d19e6b57eafaddd0c29d1c,2ef408cc86e7fd8b71fdc724264479cca18a1b4f615b8750dd99ad5c3c105a3f,244786,0.5,1.0,0.8,route_following,revision_C_base@7b52d9149fd5,7b52d9149fd569229bcf4dbdfab434edfabc2e03,7821c330697bd81d6d7c78669e14fc4e785ea7c98d4305a8f8d4a52af044ffbd,c3-mobility_20260827_043124_280564_ae41202c,ae41202c062c1192bd5014d07cc3e7ddd086315bbffcca5260a97b6938aacfd9,none,none,evidence,revision_B_base,revision_B_base,5,200000.0,xlarge,45.0,80.0,5.0,0.5,1.0
10,51,online_static_3step,0.5,0.8,10000.0,0.0,8807.0,0.11646817441622583,0.0,0.9891787549322962,1906,8806,8807,8806,8807,200011.23219624688,443.79047161946073,4564,"[[334331.34945856873,5724994.104607949],[334278.059959227,5725060.873407095],[334290.01276670006,5724968.360705122],[334308.87607642583,5724933.31143598],[334217.6852865426,5725046.811770091]]",511218dd01b3f07057afc14325022c4e82154b26ec43f956302ef375f1badadf,0bd4adbfb34266d10733604754d60f97dd5426eac65eb4243359e3feb3907099,none,lost_person,"stationary_victim_cell(P,victim_seed)",1,0,"{""p_d"":0.8,""stage"":""c3-mobility"",""tau"":10000.0,""w"":0.5}",c59ed08e2275f6d0d65001dcf837c9c881169637068f1659448d079a2119a4b2,lost_person,0.0,8807,3044598939,3401759186,2330bcc8bdded6ef085981b258934df89a13e65efb85e44c3baa8149ccd4d0e6,2ef408cc86e7fd8b71fdc724264479cca18a1b4f615b8750dd99ad5c3c105a3f,244786,0.5,1.0,0.8,lost_person,revision_C_base@7b52d9149fd5,7b52d9149fd569229bcf4dbdfab434edfabc2e03,7821c330697bd81d6d7c78669e14fc4e785ea7c98d4305a8f8d4a52af044ffbd,c3-mobility_20260827_043124_280564_ae41202c,ae41202c062c1192bd5014d07cc3e7ddd086315bbffcca5260a97b6938aacfd9,none,none,evidence,revision_B_base,revision_B_base,5,200000.0,xlarge,45.0,80.0,5.0,0.5,1.0
10,51,dynamic_3step,0.5,0.8,10000.0,0.99999999983616,2703.2500009969467,0.30962435828522733,14.0,0.9283925260305235,12551,8763,8764,8806,8807,200024.4199576846,409.07955542299896,4222,"[[334331.34945856873,5724994.104607949],[334278.059959227,5725060.873407095],[334290.01276670006,5724968.360705122],[334308.87607642583,5724933.31143598],[334217.6852865426,5725046.811770091]]",511218dd01b3f07057afc14325022c4e82154b26ec43f956302ef375f1badadf,e89ae50b4da76a12f247465573e5a4a3b11231a46744bd39034bff380ff078f2,none,lost_person,"stationary_victim_cell(P,victim_seed)",1,0,"{""p_d"":0.8,""stage"":""c3-mobility"",""tau"":10000.0,""w"":0.5}",c59ed08e2275f6d0d65001dcf837c9c881169637068f1659448d079a2119a4b2,lost_person,1.0,2703,3044598939,3401759186,2330bcc8bdded6ef085981b258934df89a13e65efb85e44c3baa8149ccd4d0e6,2ef408cc86e7fd8b71fdc724264479cca18a1b4f615b8750dd99ad5c3c105a3f,244786,0.5,1.0,0.8,lost_person,revision_C_base@7b52d9149fd5,7b52d9149fd569229bcf4dbdfab434edfabc2e03,7821c330697bd81d6d7c78669e14fc4e785ea7c98d4305a8f8d4a52af044ffbd,c3-mobility_20260827_043124_280564_ae41202c,ae41202c062c1192bd5014d07cc3e7ddd086315bbffcca5260a97b6938aacfd9,none,none,evidence,revision_B_base,revision_B_base,5,200000.0,xlarge,45.0,80.0,5.0,0.5,1.0
10,49,online_static_3step,0.5,0.8,10000.0,0.0,9057.0,0.13290371205966817,0.0,0.985574295415022,2613,9056,9057,9056,9057,200023.7988923466,430.8844981743023,4450,"[[334229.3632394197,5725072.168818314],[334218.0510657913,5725063.304285395],[334273.0122088742,5725004.039631271],[334295.95106640976,5724915.288878261],[334246.1550359129,5725011.764393869]]",60433548930247880d436336dc0c24b5722e1f405496f3395bc41214162a99f6,d62825b9c8e2bdc488022e22080bdfc43ca524470927f880c1e4e344e10306f8,none,random_walk,"stationary_victim_cell(P,victim_seed)",1,0,"{""p_d"":0.8,""stage"":""c3-mobility"",""tau"":10000.0,""w"":0.5}",c59ed08e2275f6d0d65001dcf837c9c881169637068f1659448d079a2119a4b2,random_walk,0.0,9057,4107380881,2451355494,2b2081107faecc552c707939cadbcf9fcb50957ec3b2f92fbe6b95493ffd36e6,bed2d87bdb06fec342a09d09255afdf8924b3e1e09cccc447afdf9b397a7890b,378707,0.5,1.0,0.8,random_walk,revision_C_base@7b52d9149fd5,7b52d9149fd569229bcf4dbdfab434edfabc2e03,7821c330697bd81d6d7c78669e14fc4e785ea7c98d4305a8f8d4a52af044ffbd,c3-mobility_20260827_043124_280564_ae41202c,ae41202c062c1192bd5014d07cc3e7ddd086315bbffcca5260a97b6938aacfd9,none,none,evidence,revision_B_base,revision_B_base,5,200000.0,xlarge,45.0,80.0,5.0,0.5,1.0
10,49,dynamic_3step,0.5,0.8,10000.0,0.0,9057.0,0.2753375521415366,0.0,0.9260387258676248,12968,8766,8767,9056,9057,200017.81787904268,412.1157322113868,4236,"[[334229.3632394197,5725072.168818314],[334218.0510657913,5725063.304285395],[334273.0122088742,5725004.039631271],[334295.95106640976,5724915.288878261],[334246.1550359129,5725011.764393869]]",60433548930247880d436336dc0c24b5722e1f405496f3395bc41214162a99f6,0b4004020b83776137dede3344f42fa40b8beb1e81891c8ad3b30f895704e285,none,random_walk,"stationary_victim_cell(P,victim_seed)",1,0,"{""p_d"":0.8,""stage"":""c3-mobility"",""tau"":10000.0,""w"":0.5}",c59ed08e2275f6d0d65001dcf837c9c881169637068f1659448d079a2119a4b2,random_walk,0.0,9057,4107380881,2451355494,2b2081107faecc552c707939cadbcf9fcb50957ec3b2f92fbe6b95493ffd36e6,bed2d87bdb06fec342a09d09255afdf8924b3e1e09cccc447afdf9b397a7890b,378707,0.5,1.0,0.8,random_walk,revision_C_base@7b52d9149fd5,7b52d9149fd569229bcf4dbdfab434edfabc2e03,7821c330697bd81d6d7c78669e14fc4e785ea7c98d4305a8f8d4a52af044ffbd,c3-mobility_20260827_043124_280564_ae41202c,ae41202c062c1192bd5014d07cc3e7ddd086315bbffcca5260a97b6938aacfd9,none,none,evidence,revision_B_base,revision_B_base,5,200000.0,xlarge,45.0,80.0,5.0,0.5,1.0
10,49,online_static_3step,0.5,0.8,10000.0,0.0,9057.0,0.13290371205966817,0.0,0.985574295415022,2613,9056,9057,9056,9057,200023.7988923466,430.8844981743023,4450,"[[334229.3632394197,5725072.168818314],[334218.0510657913,5725063.304285395],[334273.0122088742,5725004.039631271],[334295.95106640976,5724915.288878261],[334246.1550359129,5725011.764393869]]",60433548930247880d436336dc0c24b5722e1f405496f3395bc41214162a99f6,d62825b9c8e2bdc488022e22080bdfc43ca524470927f880c1e4e344e10306f8,none,route_following,"stationary_victim_cell(P,victim_seed)",1,0,"{""p_d"":0.8,""stage"":""c3-mobility"",""tau"":10000.0,""w"":0.5}",c59ed08e2275f6d0d65001dcf837c9c881169637068f1659448d079a2119a4b2,route_following,0.0,9057,4107380881,2451355494,f05e19ee7d9b62d5e088267a89af152ddc0e6c20b806925bb4b23e172dad1d4d,bed2d87bdb06fec342a09d09255afdf8924b3e1e09cccc447afdf9b397a7890b,378707,0.5,1.0,0.8,route_following,revision_C_base@7b52d9149fd5,7b52d9149fd569229bcf4dbdfab434edfabc2e03,7821c330697bd81d6d7c78669e14fc4e785ea7c98d4305a8f8d4a52af044ffbd,c3-mobility_20260827_043124_280564_ae41202c,ae41202c062c1192bd5014d07cc3e7ddd086315bbffcca5260a97b6938aacfd9,none,none,evidence,revision_B_base,revision_B_base,5,200000.0,xlarge,45.0,80.0,5.0,0.5,1.0
10,49,dynamic_3step,0.5,0.8,10000.0,0.0,9057.0,0.2753375521415366,0.0,0.9260387258676248,12968,8766,8767,9056,9057,200017.81787904268,412.1157322113868,4236,"[[334229.3632394197,5725072.168818314],[334218.0510657913,5725063.304285395],[334273.0122088742,5725004.039631271],[334295.95106640976,5724915.288878261],[334246.1550359129,5725011.764393869]]",60433548930247880d436336dc0c24b5722e1f405496f3395bc41214162a99f6,0b4004020b83776137dede3344f42fa40b8beb1e81891c8ad3b30f895704e285,none,route_following,"stationary_victim_cell(P,victim_seed)",1,0,"{""p_d"":0.8,""stage"":""c3-mobility"",""tau"":10000.0,""w"":0.5}",c59ed08e2275f6d0d65001dcf837c9c881169637068f1659448d079a2119a4b2,route_following,0.0,9057,4107380881,2451355494,f05e19ee7d9b62d5e088267a89af152ddc0e6c20b806925bb4b23e172dad1d4d,bed2d87bdb06fec342a09d09255afdf8924b3e1e09cccc447afdf9b397a7890b,378707,0.5,1.0,0.8,route_following,revision_C_base@7b52d9149fd5,7b52d9149fd569229bcf4dbdfab434edfabc2e03,7821c330697bd81d6d7c78669e14fc4e785ea7c98d4305a8f8d4a52af044ffbd,c3-mobility_20260827_043124_280564_ae41202c,ae41202c062c1192bd5014d07cc3e7ddd086315bbffcca5260a97b6938aacfd9,none,none,evidence,revision_B_base,revision_B_base,5,200000.0,xlarge,45.0,80.0,5.0,0.5,1.0
10,49,online_static_3step,0.5,0.8,10000.0,0.0,9057.0,0.13290371205966817,0.0,0.985574295415022,2613,9056,9057,9056,9057,200023.7988923466,430.8844981743023,4450,"[[334229.3632394197,5725072.168818314],[334218.0510657913,5725063.304285395],[334273.0122088742,5725004.039631271],[334295.95106640976,5724915.288878261],[334246.1550359129,5725011.764393869]]",60433548930247880d436336dc0c24b5722e1f405496f3395bc41214162a99f6,d62825b9c8e2bdc488022e22080bdfc43ca524470927f880c1e4e344e10306f8,none,lost_person,"stationary_victim_cell(P,victim_seed)",1,0,"{""p_d"":0.8,""stage"":""c3-mobility"",""tau"":10000.0,""w"":0.5}",c59ed08e2275f6d0d65001dcf837c9c881169637068f1659448d079a2119a4b2,lost_person,0.0,9057,4107380881,2451355494,024bcf6b90b70e9629ba0db71f36c3de7af3328e6e65fb42a0ad77ec786cbd5f,bed2d87bdb06fec342a09d09255afdf8924b3e1e09cccc447afdf9b397a7890b,378707,0.5,1.0,0.8,lost_person,revision_C_base@7b52d9149fd5,7b52d9149fd569229bcf4dbdfab434edfabc2e03,7821c330697bd81d6d7c78669e14fc4e785ea7c98d4305a8f8d4a52af044ffbd,c3-mobility_20260827_043124_280564_ae41202c,ae41202c062c1192bd5014d07cc3e7ddd086315bbffcca5260a97b6938aacfd9,none,none,evidence,revision_B_base,revision_B_base,5,200000.0,xlarge,45.0,80.0,5.0,0.5,1.0
10,49,dynamic_3step,0.5,0.8,10000.0,0.0,9057.0,0.2753375521415366,0.0,0.9260387258676248,12968,8766,8767,9056,9057,200017.81787904268,412.1157322113868,4236,"[[334229.3632394197,5725072.168818314],[334218.0510657913,5725063.304285395],[334273.0122088742,5725004.039631271],[334295.95106640976,5724915.288878261],[334246.1550359129,5725011.764393869]]",60433548930247880d436336dc0c24b5722e1f405496f3395bc41214162a99f6,0b4004020b83776137dede3344f42fa40b8beb1e81891c8ad3b30f895704e285,none,lost_person,"stationary_victim_cell(P,victim_seed)",1,0,"{""p_d"":0.8,""stage"":""c3-mobility"",""tau"":10000.0,""w"":0.5}",c59ed08e2275f6d0d65001dcf837c9c881169637068f1659448d079a2119a4b2,lost_person,0.0,9057,4107380881,2451355494,024bcf6b90b70e9629ba0db71f36c3de7af3328e6e65fb42a0ad77ec786cbd5f,bed2d87bdb06fec342a09d09255afdf8924b3e1e09cccc447afdf9b397a7890b,378707,0.5,1.0,0.8,lost_person,revision_C_base@7b52d9149fd5,7b52d9149fd569229bcf4dbdfab434edfabc2e03,7821c330697bd81d6d7c78669e14fc4e785ea7c98d4305a8f8d4a52af044ffbd,c3-mobility_20260827_043124_280564_ae41202c,ae41202c062c1192bd5014d07cc3e7ddd086315bbffcca5260a97b6938aacfd9,none,none,evidence,revision_B_base,revision_B_base,5,200000.0,xlarge,45.0,80.0,5.0,0.5,1.0
10,50,online_static_3step,0.5,0.8,10000.0,0.0,8951.0,0.14102774937491974,0.0,0.984442905182719,2785,8950,8951,8950,8951,200018.19959903994,467.6367309477646,4818,"[[334300.7860474235,5724924.920300336],[334185.28645410074,5724984.462749872],[334286.16062007094,5725093.869833569],[334347.9162294534,5725043.326808645],[334237.3473894879,5725043.405227825]]",8283a2834388f9c63cfd0cea6a48fcee18a5ba4c6e6ba3aa66a9c3f28824aa66,e43f10c22302c36631e529e0704728e72139fe6afcf35f10c2016a7589453376,none,random_walk,"stationary_victim_cell(P,victim_seed)",1,0,"{""p_d"":0.8,""stage"":""c3-mobility"",""tau"":10000.0,""w"":0.5}",c59ed08e2275f6d0d65001dcf837c9c881169637068f1659448d079a2119a4b2,random_walk,0.0,8951,656435837,3253350437,cc14a117dbabba43b5a65b484604be3b7a0b948067f4748c0cdbb96bf278cf6a,f512360834dfb4a0ce06c89ca74f9d362806510ff23a34030e6cda6d37ff7eeb,140683,0.5,1.0,0.8,random_walk,revision_C_base@7b52d9149fd5,7b52d9149fd569229bcf4dbdfab434edfabc2e03,7821c330697bd81d6d7c78669e14fc4e785ea7c98d4305a8f8d4a52af044ffbd,c3-mobility_20260827_043124_280564_ae41202c,ae41202c062c1192bd5014d07cc3e7ddd086315bbffcca5260a97b6938aacfd9,none,none,evidence,revision_B_base,revision_B_base,5,200000.0,xlarge,45.0,80.0,5.0,0.5,1.0
10,50,dynamic_3step,0.5,0.8,10000.0,0.0,8951.0,0.2975339559386371,0.0,0.9312406320438449,12019,8739,8740,8950,8951,200004.56957476086,394.5588359250687,4138,"[[334300.7860474235,5724924.920300336],[334185.28645410074,5724984.462749872],[334286.16062007094,5725093.869833569],[334347.9162294534,5725043.326808645],[334237.3473894879,5725043.405227825]]",8283a2834388f9c63cfd0cea6a48fcee18a5ba4c6e6ba3aa66a9c3f28824aa66,2c0b7cdc7e0797a05a86d5b6745e3d571cfca1a54162ffa72effc368050c5fca,none,random_walk,"stationary_victim_cell(P,victim_seed)",1,0,"{""p_d"":0.8,""stage"":""c3-mobility"",""tau"":10000.0,""w"":0.5}",c59ed08e2275f6d0d65001dcf837c9c881169637068f1659448d079a2119a4b2,random_walk,0.0,8951,656435837,3253350437,cc14a117dbabba43b5a65b484604be3b7a0b948067f4748c0cdbb96bf278cf6a,f512360834dfb4a0ce06c89ca74f9d362806510ff23a34030e6cda6d37ff7eeb,140683,0.5,1.0,0.8,random_walk,revision_C_base@7b52d9149fd5,7b52d9149fd569229bcf4dbdfab434edfabc2e03,7821c330697bd81d6d7c78669e14fc4e785ea7c98d4305a8f8d4a52af044ffbd,c3-mobility_20260827_043124_280564_ae41202c,ae41202c062c1192bd5014d07cc3e7ddd086315bbffcca5260a97b6938aacfd9,none,none,evidence,revision_B_base,revision_B_base,5,200000.0,xlarge,45.0,80.0,5.0,0.5,1.0
10,50,online_static_3step,0.5,0.8,10000.0,0.0,8951.0,0.14102774937491974,0.0,0.984442905182719,2785,8950,8951,8950,8951,200018.19959903994,467.6367309477646,4818,"[[334300.7860474235,5724924.920300336],[334185.28645410074,5724984.462749872],[334286.16062007094,5725093.869833569],[334347.9162294534,5725043.326808645],[334237.3473894879,5725043.405227825]]",8283a2834388f9c63cfd0cea6a48fcee18a5ba4c6e6ba3aa66a9c3f28824aa66,e43f10c22302c36631e529e0704728e72139fe6afcf35f10c2016a7589453376,none,route_following,"stationary_victim_cell(P,victim_seed)",1,0,"{""p_d"":0.8,""stage"":""c3-mobility"",""tau"":10000.0,""w"":0.5}",c59ed08e2275f6d0d65001dcf837c9c881169637068f1659448d079a2119a4b2,route_following,0.0,8951,656435837,3253350437,ffe55dc77a27276eec4dfd0fe7beaf4b9c1529c6dc8c6cad66d8c7ea268ebbd4,f512360834dfb4a0ce06c89ca74f9d362806510ff23a34030e6cda6d37ff7eeb,140683,0.5,1.0,0.8,route_following,revision_C_base@7b52d9149fd5,7b52d9149fd569229bcf4dbdfab434edfabc2e03,7821c330697bd81d6d7c78669e14fc4e785ea7c98d4305a8f8d4a52af044ffbd,c3-mobility_20260827_043124_280564_ae41202c,ae41202c062c1192bd5014d07cc3e7ddd086315bbffcca5260a97b6938aacfd9,none,none,evidence,revision_B_base,revision_B_base,5,200000.0,xlarge,45.0,80.0,5.0,0.5,1.0
10,50,dynamic_3step,0.5,0.8,10000.0,0.0,8951.0,0.2975339559386371,0.0,0.9312406320438449,12019,8739,8740,8950,8951,200004.56957476086,394.5588359250687,4138,"[[334300.7860474235,5724924.920300336],[334185.28645410074,5724984.462749872],[334286.16062007094,5725093.869833569],[334347.9162294534,5725043.326808645],[334237.3473894879,5725043.405227825]]",8283a2834388f9c63cfd0cea6a48fcee18a5ba4c6e6ba3aa66a9c3f28824aa66,2c0b7cdc7e0797a05a86d5b6745e3d571cfca1a54162ffa72effc368050c5fca,none,route_following,"stationary_victim_cell(P,victim_seed)",1,0,"{""p_d"":0.8,""stage"":""c3-mobility"",""tau"":10000.0,""w"":0.5}",c59ed08e2275f6d0d65001dcf837c9c881169637068f1659448d079a2119a4b2,route_following,0.0,8951,656435837,3253350437,ffe55dc77a27276eec4dfd0fe7beaf4b9c1529c6dc8c6cad66d8c7ea268ebbd4,f512360834dfb4a0ce06c89ca74f9d362806510ff23a34030e6cda6d37ff7eeb,140683,0.5,1.0,0.8,route_following,revision_C_base@7b52d9149fd5,7b52d9149fd569229bcf4dbdfab434edfabc2e03,7821c330697bd81d6d7c78669e14fc4e785ea7c98d4305a8f8d4a52af044ffbd,c3-mobility_20260827_043124_280564_ae41202c,ae41202c062c1192bd5014d07cc3e7ddd086315bbffcca5260a97b6938aacfd9,none,none,evidence,revision_B_base,revision_B_base,5,200000.0,xlarge,45.0,80.0,5.0,0.5,1.0
10,50,online_static_3step,0.5,0.8,10000.0,0.0,8951.0,0.14102774937491974,0.0,0.984442905182719,2785,8950,8951,8950,8951,200018.19959903994,467.6367309477646,4818,"[[334300.7860474235,5724924.920300336],[334185.28645410074,5724984.462749872],[334286.16062007094,5725093.869833569],[334347.9162294534,5725043.326808645],[334237.3473894879,5725043.405227825]]",8283a2834388f9c63cfd0cea6a48fcee18a5ba4c6e6ba3aa66a9c3f28824aa66,e43f10c22302c36631e529e0704728e72139fe6afcf35f10c2016a7589453376,none,lost_person,"stationary_victim_cell(P,victim_seed)",1,0,"{""p_d"":0.8,""stage"":""c3-mobility"",""tau"":10000.0,""w"":0.5}",c59ed08e2275f6d0d65001dcf837c9c881169637068f1659448d079a2119a4b2,lost_person,0.0,8951,656435837,3253350437,1ab537d53e3fc467580e7dd1fff192c58650e6ffdc5ad0d8176649335d5f96ec,f512360834dfb4a0ce06c89ca74f9d362806510ff23a34030e6cda6d37ff7eeb,140683,0.5,1.0,0.8,lost_person,revision_C_base@7b52d9149fd5,7b52d9149fd569229bcf4dbdfab434edfabc2e03,7821c330697bd81d6d7c78669e14fc4e785ea7c98d4305a8f8d4a52af044ffbd,c3-mobility_20260827_043124_280564_ae41202c,ae41202c062c1192bd5014d07cc3e7ddd086315bbffcca5260a97b6938aacfd9,none,none,evidence,revision_B_base,revision_B_base,5,200000.0,xlarge,45.0,80.0,5.0,0.5,1.0
10,50,dynamic_3step,0.5,0.8,10000.0,0.992,8421.495999999901,0.2975339559386371,3.0,0.9312406320438449,12019,8739,8740,8950,8951,200004.56957476086,394.5588359250687,4138,"[[334300.7860474235,5724924.920300336],[334185.28645410074,5724984.462749872],[334286.16062007094,5725093.869833569],[334347.9162294534,5725043.326808645],[334237.3473894879,5725043.405227825]]",8283a2834388f9c63cfd0cea6a48fcee18a5ba4c6e6ba3aa66a9c3f28824aa66,2c0b7cdc7e0797a05a86d5b6745e3d571cfca1a54162ffa72effc368050c5fca,none,lost_person,"stationary_victim_cell(P,victim_seed)",1,0,"{""p_d"":0.8,""stage"":""c3-mobility"",""tau"":10000.0,""w"":0.5}",c59ed08e2275f6d0d65001dcf837c9c881169637068f1659448d079a2119a4b2,lost_person,1.0,8418,656435837,3253350437,1ab537d53e3fc467580e7dd1fff192c58650e6ffdc5ad0d8176649335d5f96ec,f512360834dfb4a0ce06c89ca74f9d362806510ff23a34030e6cda6d37ff7eeb,140683,0.5,1.0,0.8,lost_person,revision_C_base@7b52d9149fd5,7b52d9149fd569229bcf4dbdfab434edfabc2e03,7821c330697bd81d6d7c78669e14fc4e785ea7c98d4305a8f8d4a52af044ffbd,c3-mobility_20260827_043124_280564_ae41202c,ae41202c062c1192bd5014d07cc3e7ddd086315bbffcca5260a97b6938aacfd9,none,none,evidence,revision_B_base,revision_B_base,5,200000.0,xlarge,45.0,80.0,5.0,0.5,1.0
10,45,online_static_3step,0.5,0.8,10000.0,0.9999999991808,972.2500066265254,0.1326643383064388,13.0,0.9856294288138768,2608,9073,9074,9073,9074,200016.8998527769,502.0027593327686,5376,"[[334214.3573079379,5724981.472488245],[334287.2319513471,5724923.950527903],[334191.4163765472,5725008.043513834],[334301.54773942236,5724939.80748086],[334210.7322952044,5725058.230726799]]",8a7e98c8245c80a6f01e0226d2d2656885f2cb7610bee2dc775b06c99ab4ad79,9caddb731debdf4d73f89b18839ba97c8cdfca4d2137f1a2564e70b47c76641b,none,random_walk,"stationary_victim_cell(P,victim_seed)",1,0,"{""p_d"":0.8,""stage"":""c3-mobility"",""tau"":10000.0,""w"":0.5}",c59ed08e2275f6d0d65001dcf837c9c881169637068f1659448d079a2119a4b2,random_walk,1.0,972,547379455,1433652058,e0c35212c04b5ebc397e46bc4aa85b91c702a7c255183942333735770e2fca97,95f47b25c5d1afe055b1b4f81d0a740d52059077db33cbc08478c7dadfb798ed,219147,0.5,1.0,0.8,random_walk,revision_C_base@7b52d9149fd5,7b52d9149fd569229bcf4dbdfab434edfabc2e03,7821c330697bd81d6d7c78669e14fc4e785ea7c98d4305a8f8d4a52af044ffbd,c3-mobility_20260827_043124_280564_ae41202c,ae41202c062c1192bd5014d07cc3e7ddd086315bbffcca5260a97b6938aacfd9,none,none,evidence,revision_B_base,revision_B_base,5,200000.0,xlarge,45.0,80.0,5.0,0.5,1.0
10,45,dynamic_3step,0.5,0.8,10000.0,0.9999999999934464,1057.250000052756,0.28933971504100564,16.0,0.9350785758729543,11373,8758,8759,9073,9074,200000.87981180876,407.35389421950094,4231,"[[334214.3573079379,5724981.472488245],[334287.2319513471,5724923.950527903],[334191.4163765472,5725008.043513834],[334301.54773942236,5724939.80748086],[334210.7322952044,5725058.230726799]]",8a7e98c8245c80a6f01e0226d2d2656885f2cb7610bee2dc775b06c99ab4ad79,dadf3fbe3e238333721d139f8e7009d55fb4c007acb2907451b5b1f72be8f8de,none,random_walk,"stationary_victim_cell(P,victim_seed)",1,0,"{""p_d"":0.8,""stage"":""c3-mobility"",""tau"":10000.0,""w"":0.5}",c59ed08e2275f6d0d65001dcf837c9c881169637068f1659448d079a2119a4b2,random_walk,1.0,1057,547379455,1433652058,e0c35212c04b5ebc397e46bc4aa85b91c702a7c255183942333735770e2fca97,95f47b25c5d1afe055b1b4f81d0a740d52059077db33cbc08478c7dadfb798ed,219147,0.5,1.0,0.8,random_walk,revision_C_base@7b52d9149fd5,7b52d9149fd569229bcf4dbdfab434edfabc2e03,7821c330697bd81d6d7c78669e14fc4e785ea7c98d4305a8f8d4a52af044ffbd,c3-mobility_20260827_043124_280564_ae41202c,ae41202c062c1192bd5014d07cc3e7ddd086315bbffcca5260a97b6938aacfd9,none,none,evidence,revision_B_base,revision_B_base,5,200000.0,xlarge,45.0,80.0,5.0,0.5,1.0
10,45,online_static_3step,0.5,0.8,10000.0,0.9999999999986893,742.5856800100341,0.1326643383064388,17.0,0.9856294288138768,2608,9073,9074,9073,9074,200016.8998527769,502.0027593327686,5376,"[[334214.3573079379,5724981.472488245],[334287.2319513471,5724923.950527903],[334191.4163765472,5725008.043513834],[334301.54773942236,5724939.80748086],[334210.7322952044,5725058.230726799]]",8a7e98c8245c80a6f01e0226d2d2656885f2cb7610bee2dc775b06c99ab4ad79,9caddb731debdf4d73f89b18839ba97c8cdfca4d2137f1a2564e70b47c76641b,none,route_following,"stationary_victim_cell(P,victim_seed)",1,0,"{""p_d"":0.8,""stage"":""c3-mobility"",""tau"":10000.0,""w"":0.5}",c59ed08e2275f6d0d65001dcf837c9c881169637068f1659448d079a2119a4b2,route_following,1.0,740,547379455,1433652058,d257120a4c092a1d820e0f6366e5c42187ad3d79fda6efce041fd6e5fed5aa02,95f47b25c5d1afe055b1b4f81d0a740d52059077db33cbc08478c7dadfb798ed,219147,0.5,1.0,0.8,route_following,revision_C_base@7b52d9149fd5,7b52d9149fd569229bcf4dbdfab434edfabc2e03,7821c330697bd81d6d7c78669e14fc4e785ea7c98d4305a8f8d4a52af044ffbd,c3-mobility_20260827_043124_280564_ae41202c,ae41202c062c1192bd5014d07cc3e7ddd086315bbffcca5260a97b6938aacfd9,none,none,evidence,revision_B_base,revision_B_base,5,200000.0,xlarge,45.0,80.0,5.0,0.5,1.0
10,45,dynamic_3step,0.5,0.8,10000.0,1.0,829.2500008027315,0.28933971504100564,26.0,0.9350785758729543,11373,8758,8759,9073,9074,200000.87981180876,407.35389421950094,4231,"[[334214.3573079379,5724981.472488245],[334287.2319513471,5724923.950527903],[334191.4163765472,5725008.043513834],[334301.54773942236,5724939.80748086],[334210.7322952044,5725058.230726799]]",8a7e98c8245c80a6f01e0226d2d2656885f2cb7610bee2dc775b06c99ab4ad79,dadf3fbe3e238333721d139f8e7009d55fb4c007acb2907451b5b1f72be8f8de,none,route_following,"stationary_victim_cell(P,victim_seed)",1,0,"{""p_d"":0.8,""stage"":""c3-mobility"",""tau"":10000.0,""w"":0.5}",c59ed08e2275f6d0d65001dcf837c9c881169637068f1659448d079a2119a4b2,route_following,1.0,829,547379455,1433652058,d257120a4c092a1d820e0f6366e5c42187ad3d79fda6efce041fd6e5fed5aa02,95f47b25c5d1afe055b1b4f81d0a740d52059077db33cbc08478c7dadfb798ed,219147,0.5,1.0,0.8,route_following,revision_C_base@7b52d9149fd5,7b52d9149fd569229bcf4dbdfab434edfabc2e03,7821c330697bd81d6d7c78669e14fc4e785ea7c98d4305a8f8d4a52af044ffbd,c3-mobility_20260827_043124_280564_ae41202c,ae41202c062c1192bd5014d07cc3e7ddd086315bbffcca5260a97b6938aacfd9,none,none,evidence,revision_B_base,revision_B_base,5,200000.0,xlarge,45.0,80.0,5.0,0.5,1.0
10,45,online_static_3step,0.5,0.8,10000.0,0.9999998976,952.2508306432688,0.1326643383064388,10.0,0.9856294288138768,2608,9073,9074,9073,9074,200016.8998527769,502.0027593327686,5376,"[[334214.3573079379,5724981.472488245],[334287.2319513471,5724923.950527903],[334191.4163765472,5725008.043513834],[334301.54773942236,5724939.80748086],[334210.7322952044,5725058.230726799]]",8a7e98c8245c80a6f01e0226d2d2656885f2cb7610bee2dc775b06c99ab4ad79,9caddb731debdf4d73f89b18839ba97c8cdfca4d2137f1a2564e70b47c76641b,none,lost_person,"stationary_victim_cell(P,victim_seed)",1,0,"{""p_d"":0.8,""stage"":""c3-mobility"",""tau"":10000.0,""w"":0.5}",c59ed08e2275f6d0d65001dcf837c9c881169637068f1659448d079a2119a4b2,lost_person,1.0,952,547379455,1433652058,85e55fd7421e3471deadc324d2c37cf8bd10d8040399e0b78e50f81499a8edf6,95f47b25c5d1afe055b1b4f81d0a740d52059077db33cbc08478c7dadfb798ed,219147,0.5,1.0,0.8,lost_person,revision_C_base@7b52d9149fd5,7b52d9149fd569229bcf4dbdfab434edfabc2e03,7821c330697bd81d6d7c78669e14fc4e785ea7c98d4305a8f8d4a52af044ffbd,c3-mobility_20260827_043124_280564_ae41202c,ae41202c062c1192bd5014d07cc3e7ddd086315bbffcca5260a97b6938aacfd9,none,none,evidence,revision_B_base,revision_B_base,5,200000.0,xlarge,45.0,80.0,5.0,0.5,1.0
10,45,dynamic_3step,0.5,0.8,10000.0,0.999936,1085.7608960005255,0.28933971504100564,6.0,0.9350785758729543,11373,8758,8759,9073,9074,200000.87981180876,407.35389421950094,4231,"[[334214.3573079379,5724981.472488245],[334287.2319513471,5724923.950527903],[334191.4163765472,5725008.043513834],[334301.54773942236,5724939.80748086],[334210.7322952044,5725058.230726799]]",8a7e98c8245c80a6f01e0226d2d2656885f2cb7610bee2dc775b06c99ab4ad79,dadf3fbe3e238333721d139f8e7009d55fb4c007acb2907451b5b1f72be8f8de,none,lost_person,"stationary_victim_cell(P,victim_seed)",1,0,"{""p_d"":0.8,""stage"":""c3-mobility"",""tau"":10000.0,""w"":0.5}",c59ed08e2275f6d0d65001dcf837c9c881169637068f1659448d079a2119a4b2,lost_person,1.0,1085,547379455,1433652058,85e55fd7421e3471deadc324d2c37cf8bd10d8040399e0b78e50f81499a8edf6,95f47b25c5d1afe055b1b4f81d0a740d52059077db33cbc08478c7dadfb798ed,219147,0.5,1.0,0.8,lost_person,revision_C_base@7b52d9149fd5,7b52d9149fd569229bcf4dbdfab434edfabc2e03,7821c330697bd81d6d7c78669e14fc4e785ea7c98d4305a8f8d4a52af044ffbd,c3-mobility_20260827_043124_280564_ae41202c,ae41202c062c1192bd5014d07cc3e7ddd086315bbffcca5260a97b6938aacfd9,none,none,evidence,revision_B_base,revision_B_base,5,200000.0,xlarge,45.0,80.0,5.0,0.5,1.0
10,48,online_static_3step,0.5,0.8,10000.0,0.9999999999934464,1748.2500000473358,0.14261757463393704,16.0,0.9842444844513525,2818,8942,8943,8942,8943,200007.78085988906,476.3671569188591,4869,"[[334220.7584518964,5725063.768145641],[334196.4912505313,5725006.496216538],[334226.09244485555,5724937.705004173],[334218.1255894802,5724974.839774018],[334285.7569015989,5724968.255193128]]",f1d4268a7fc06b15f7692db6342f402bb3f8002b9b7058c5a0ea51e1aecefd26,f2a634c7f1ccc88349fc3302f5632b62885ddb4e86d683925383f5521b868f95,none,random_walk,"stationary_victim_cell(P,victim_seed)",1,0,"{""p_d"":0.8,""stage"":""c3-mobility"",""tau"":10000.0,""w"":0.5}",c59ed08e2275f6d0d65001dcf837c9c881169637068f1659448d079a2119a4b2,random_walk,1.0,1749,1292009420,2536592934,eae9a01170b747d7e4103b09580541463dedbeffef368b322e29a0aae40df61f,0c69119fada77a0efc3e0f6deef80165cd2ffe723272d27b7470d90dd0477d9c,213119,0.5,1.0,0.8,random_walk,revision_C_base@7b52d9149fd5,7b52d9149fd569229bcf4dbdfab434edfabc2e03,7821c330697bd81d6d7c78669e14fc4e785ea7c98d4305a8f8d4a52af044ffbd,c3-mobility_20260827_043124_280564_ae41202c,ae41202c062c1192bd5014d07cc3e7ddd086315bbffcca5260a97b6938aacfd9,none,none,evidence,revision_B_base,revision_B_base,5,200000.0,xlarge,45.0,80.0,5.0,0.5,1.0
10,48,dynamic_3step,0.5,0.8,10000.0,0.0,8943.0,0.2678009631784501,0.0,0.9335878428888547,11638,8761,8762,8942,8943,200003.7779855348,405.20698128803633,4266,"[[334220.7584518964,5725063.768145641],[334196.4912505313,5725006.496216538],[334226.09244485555,5724937.705004173],[334218.1255894802,5724974.839774018],[334285.7569015989,5724968.255193128]]",f1d4268a7fc06b15f7692db6342f402bb3f8002b9b7058c5a0ea51e1aecefd26,d9f2fcb4822a606f56bcc94cca720a552e8088b109a9967f067434c3361b9589,none,random_walk,"stationary_victim_cell(P,victim_seed)",1,0,"{""p_d"":0.8,""stage"":""c3-mobility"",""tau"":10000.0,""w"":0.5}",c59ed08e2275f6d0d65001dcf837c9c881169637068f1659448d079a2119a4b2,random_walk,0.0,8943,1292009420,2536592934,eae9a01170b747d7e4103b09580541463dedbeffef368b322e29a0aae40df61f,0c69119fada77a0efc3e0f6deef80165cd2ffe723272d27b7470d90dd0477d9c,213119,0.5,1.0,0.8,random_walk,revision_C_base@7b52d9149fd5,7b52d9149fd569229bcf4dbdfab434edfabc2e03,7821c330697bd81d6d7c78669e14fc4e785ea7c98d4305a8f8d4a52af044ffbd,c3-mobility_20260827_043124_280564_ae41202c,ae41202c062c1192bd5014d07cc3e7ddd086315bbffcca5260a97b6938aacfd9,none,none,evidence,revision_B_base,revision_B_base,5,200000.0,xlarge,45.0,80.0,5.0,0.5,1.0
10,48,online_static_3step,0.5,0.8,10000.0,0.0,8943.0,0.14261757463393704,0.0,0.9842444844513525,2818,8942,8943,8942,8943,200007.78085988906,476.3671569188591,4869,"[[334220.7584518964,5725063.768145641],[334196.4912505313,5725006.496216538],[334226.09244485555,5724937.705004173],[334218.1255894802,5724974.839774018],[334285.7569015989,5724968.255193128]]",f1d4268a7fc06b15f7692db6342f402bb3f8002b9b7058c5a0ea51e1aecefd26,f2a634c7f1ccc88349fc3302f5632b62885ddb4e86d683925383f5521b868f95,none,route_following,"stationary_victim_cell(P,victim_seed)",1,0,"{""p_d"":0.8,""stage"":""c3-mobility"",""tau"":10000.0,""w"":0.5}",c59ed08e2275f6d0d65001dcf837c9c881169637068f1659448d079a2119a4b2,route_following,0.0,8943,1292009420,2536592934,eded5e02718a67e681c173aa6aa0a0c34f34f4ba31972af6ba5f91ef7c4b8965,0c69119fada77a0efc3e0f6deef80165cd2ffe723272d27b7470d90dd0477d9c,213119,0.5,1.0,0.8,route_following,revision_C_base@7b52d9149fd5,7b52d9149fd569229bcf4dbdfab434edfabc2e03,7821c330697bd81d6d7c78669e14fc4e785ea7c98d4305a8f8d4a52af044ffbd,c3-mobility_20260827_043124_280564_ae41202c,ae41202c062c1192bd5014d07cc3e7ddd086315bbffcca5260a97b6938aacfd9,none,none,evidence,revision_B_base,revision_B_base,5,200000.0,xlarge,45.0,80.0,5.0,0.5,1.0
10,48,dynamic_3step,0.5,0.8,10000.0,0.99999744,1134.2699699198788,0.2678009631784501,8.0,0.9335878428888547,11638,8761,8762,8942,8943,200003.7779855348,405.20698128803633,4266,"[[334220.7584518964,5725063.768145641],[334196.4912505313,5725006.496216538],[334226.09244485555,5724937.705004173],[334218.1255894802,5724974.839774018],[334285.7569015989,5724968.255193128]]",f1d4268a7fc06b15f7692db6342f402bb3f8002b9b7058c5a0ea51e1aecefd26,d9f2fcb4822a606f56bcc94cca720a552e8088b109a9967f067434c3361b9589,none,route_following,"stationary_victim_cell(P,victim_seed)",1,0,"{""p_d"":0.8,""stage"":""c3-mobility"",""tau"":10000.0,""w"":0.5}",c59ed08e2275f6d0d65001dcf837c9c881169637068f1659448d079a2119a4b2,route_following,1.0,1134,1292009420,2536592934,eded5e02718a67e681c173aa6aa0a0c34f34f4ba31972af6ba5f91ef7c4b8965,0c69119fada77a0efc3e0f6deef80165cd2ffe723272d27b7470d90dd0477d9c,213119,0.5,1.0,0.8,route_following,revision_C_base@7b52d9149fd5,7b52d9149fd569229bcf4dbdfab434edfabc2e03,7821c330697bd81d6d7c78669e14fc4e785ea7c98d4305a8f8d4a52af044ffbd,c3-mobility_20260827_043124_280564_ae41202c,ae41202c062c1192bd5014d07cc3e7ddd086315bbffcca5260a97b6938aacfd9,none,none,evidence,revision_B_base,revision_B_base,5,200000.0,xlarge,45.0,80.0,5.0,0.5,1.0
10,48,online_static_3step,0.5,0.8,10000.0,0.0,8943.0,0.14261757463393704,0.0,0.9842444844513525,2818,8942,8943,8942,8943,200007.78085988906,476.3671569188591,4869,"[[334220.7584518964,5725063.768145641],[334196.4912505313,5725006.496216538],[334226.09244485555,5724937.705004173],[334218.1255894802,5724974.839774018],[334285.7569015989,5724968.255193128]]",f1d4268a7fc06b15f7692db6342f402bb3f8002b9b7058c5a0ea51e1aecefd26,f2a634c7f1ccc88349fc3302f5632b62885ddb4e86d683925383f5521b868f95,none,lost_person,"stationary_victim_cell(P,victim_seed)",1,0,"{""p_d"":0.8,""stage"":""c3-mobility"",""tau"":10000.0,""w"":0.5}",c59ed08e2275f6d0d65001dcf837c9c881169637068f1659448d079a2119a4b2,lost_person,0.0,8943,1292009420,2536592934,71051138175b63a5311ff47dda37761b6071cef2507c1cb54eda7bbec2788b00,0c69119fada77a0efc3e0f6deef80165cd2ffe723272d27b7470d90dd0477d9c,213119,0.5,1.0,0.8,lost_person,revision_C_base@7b52d9149fd5,7b52d9149fd569229bcf4dbdfab434edfabc2e03,7821c330697bd81d6d7c78669e14fc4e785ea7c98d4305a8f8d4a52af044ffbd,c3-mobility_20260827_043124_280564_ae41202c,ae41202c062c1192bd5014d07cc3e7ddd086315bbffcca5260a97b6938aacfd9,none,none,evidence,revision_B_base,revision_B_base,5,200000.0,xlarge,45.0,80.0,5.0,0.5,1.0
10,48,dynamic_3step,0.5,0.8,10000.0,0.0,8943.0,0.2678009631784501,0.0,0.9335878428888547,11638,8761,8762,8942,8943,200003.7779855348,405.20698128803633,4266,"[[334220.7584518964,5725063.768145641],[334196.4912505313,5725006.496216538],[334226.09244485555,5724937.705004173],[334218.1255894802,5724974.839774018],[334285.7569015989,5724968.255193128]]",f1d4268a7fc06b15f7692db6342f402bb3f8002b9b7058c5a0ea51e1aecefd26,d9f2fcb4822a606f56bcc94cca720a552e8088b109a9967f067434c3361b9589,none,lost_person,"stationary_victim_cell(P,victim_seed)",1,0,"{""p_d"":0.8,""stage"":""c3-mobility"",""tau"":10000.0,""w"":0.5}",c59ed08e2275f6d0d65001dcf837c9c881169637068f1659448d079a2119a4b2,lost_person,0.0,8943,1292009420,2536592934,71051138175b63a5311ff47dda37761b6071cef2507c1cb54eda7bbec2788b00,0c69119fada77a0efc3e0f6deef80165cd2ffe723272d27b7470d90dd0477d9c,213119,0.5,1.0,0.8,lost_person,revision_C_base@7b52d9149fd5,7b52d9149fd569229bcf4dbdfab434edfabc2e03,7821c330697bd81d6d7c78669e14fc4e785ea7c98d4305a8f8d4a52af044ffbd,c3-mobility_20260827_043124_280564_ae41202c,ae41202c062c1192bd5014d07cc3e7ddd086315bbffcca5260a97b6938aacfd9,none,none,evidence,revision_B_base,revision_B_base,5,200000.0,xlarge,45.0,80.0,5.0,0.5,1.0
