dataset,planning_seed,method,P_detect_Tref,P_detect_k0_Tref,retention_Tref,RMST_Tref,RMST_k0_Tref,NRMST_Tref,degradation_RMST_Tref,retention_budget
1,42,dynamic_evidence_3step,0.3189291146813701,0.3351152968415509,0.951699661839567,6364.463199898047,6321.813324822209,0.795458467678796,0.005330568063471737,1.0105729974708308
1,43,dynamic_evidence_3step,0.3187290765985157,0.3320741810985039,0.9598128813994437,6508.826833296428,6472.930969878013,0.8135016664537468,0.00448642212453637,1.0357493131753834
1,44,dynamic_evidence_3step,0.3334961946829449,0.3474324054336298,0.959887993944344,6351.542370451056,6329.611060011195,0.7938435658606494,0.0027410711710861993,1.0136532727003047
1,45,dynamic_evidence_3step,0.3132315175048134,0.3165806481089322,0.9894209244180762,6565.260017541249,6556.6839286403965,0.8205549328260529,0.0010718771279655647,1.0594299340472662
1,46,dynamic_evidence_3step,0.3394270421652926,0.3640512339306406,0.9323606419363507,6294.1958597599205,6242.910299301335,0.7866761479514961,0.0064098938205956356,0.9781049542578768
1,47,dynamic_evidence_3step,0.3453599415446954,0.3644502315850572,0.9476189383737396,6336.3522437163065,6306.755178827765,0.7919450373348714,0.003699170714728328,0.9987821482849788
1,48,dynamic_evidence_3step,0.3290251362984638,0.3458810168589529,0.9512668237373583,6383.622312461128,6339.4777145642465,0.7978530574254628,0.005517385063977171,1.0233059140448324
1,49,dynamic_evidence_3step,0.3446225480080794,0.3607925509857098,0.9551819932716105,6319.432254829889,6282.376435646202,0.7898303030658529,0.004631398473151751,1.0101876399991612
1,50,dynamic_evidence_3step,0.3221918018369,0.333460468626367,0.9662068885229893,6446.115817289537,6435.583003877735,0.8056637691900433,0.0013164371218349863,1.0424149757454788
1,51,dynamic_evidence_3step,0.3355535755347532,0.3576723486797839,0.9381591190186379,6304.296904066524,6256.9828314424985,0.7879386206807304,0.0059135198880171675,0.9792235302673512
2,42,dynamic_evidence_3step,0.2338072088974454,0.2417979410342225,0.9669528528547473,6845.837839974375,6814.10202167357,0.8556227771496532,0.003966481477416008,1.0170339633977994
2,43,dynamic_evidence_3step,0.232444315634886,0.2473144287198715,0.9398736533005577,6838.779605030989,6807.001261762042,0.854740608052867,0.003971796434064071,0.9947732443633288
2,44,dynamic_evidence_3step,0.2331868081928054,0.2461635207341506,0.9472841771898458,6785.054924023886,6756.361253899703,0.8480258622702019,0.003586260482962501,0.9982162364579952
2,45,dynamic_evidence_3step,0.2327767999294316,0.2494888094956977,0.9330149933375897,6825.130293981912,6781.816606457501,0.853034657415562,0.00541353424877026,0.992995567545046
2,46,dynamic_evidence_3step,0.21597984748004,0.2285759871964249,0.9448929877942056,6879.689600025608,6841.105747603488,0.859853718288415,0.004822378755420559,1.009596476354489
2,47,dynamic_evidence_3step,0.2328754792068745,0.2391821208461118,0.9736324704500178,6806.258345960937,6793.131532495127,0.8506759587502734,0.0016406466024008737,1.0396200110080354
2,48,dynamic_evidence_3step,0.2275293135902305,0.2397058394693404,0.9492022142386425,6834.9907353233075,6806.127787935841,0.8542670585330968,0.0036074174962462432,1.0309971365428845
2,49,dynamic_evidence_3step,0.2210178288446767,0.2329563813304991,0.9487519834501336,6873.683855072609,6840.705643137461,0.8591030939973264,0.004121761271734478,1.0053874966497105
2,50,dynamic_evidence_3step,0.2364167911966972,0.2512213177473676,0.9410697838725689,6808.452994716555,6776.832065979796,0.8509502555576246,0.003952122076835181,0.9842222852068554
2,51,dynamic_evidence_3step,0.232048388566542,0.2456744414125834,0.944536139910631,6821.558909189426,6792.9840788551,0.8525882901124142,0.0035714073658700387,0.98843182769021
3,42,dynamic_evidence_3step,0.2323676848607748,0.2440767636466634,0.9520270647195274,6780.676358426871,6757.703452839906,0.8474786099771118,0.0028712542915841485,0.9885275242739292
3,43,dynamic_evidence_3step,0.2429394166331225,0.2631847439303415,0.9230756046308768,6764.269339123323,6719.304028140238,0.8454279888918039,0.005619961377713429,0.9531892354748952
3,44,dynamic_evidence_3step,0.2076850869762781,0.2145390586018081,0.9680525696803247,6857.853554303004,6842.544940903153,0.8571245537186607,0.0019133375077929396,1.0310130658895384
3,45,dynamic_evidence_3step,0.1944091365774943,0.2271265942114242,0.8559505647168981,6928.123167908113,6859.83049787574,0.8659071575938149,0.008535516814444855,0.8874443205783088
3,46,dynamic_evidence_3step,0.2295433706277664,0.2415048786942369,0.9504709464622673,6772.069876823813,6746.688532844763,0.8464029342361971,0.0031722714634482233,0.9763634423509312
3,47,dynamic_evidence_3step,0.2290200214724193,0.2509693753676223,0.9125417040901846,6780.153275382877,6748.563031803757,0.8474132327687636,0.003948286911525995,0.9440305760028675
3,48,dynamic_evidence_3step,0.2090734370703452,0.2208958070496794,0.9464798805498588,6872.013406575002,6849.617871667332,0.8588943140326212,0.0027990919769615764,0.9796429249472992
3,49,dynamic_evidence_3step,0.2264855957575012,0.2439701939892435,0.9283330559940729,6840.562512883418,6800.931507192782,0.8549634436799672,0.004953256554260205,0.9739249033115795
3,50,dynamic_evidence_3step,0.2400710679117133,0.2534120350253879,0.9473546427566549,6793.994505671941,6756.074174664164,0.8491431703127035,0.004739448944853948,0.9966835510538404
3,51,dynamic_evidence_3step,0.220338108736941,0.2431655897844218,0.9061237197758184,6838.598641290343,6781.010915084745,0.8547179904124913,0.007197566079939795,0.9532563923478496
4,42,dynamic_evidence_3step,0.2407535754495166,0.2599649958547561,0.926099972259446,6793.979393262523,6762.633081886534,0.8491412814976282,0.0039177991970991,0.975387009827198
4,43,dynamic_evidence_3step,0.2492544934901348,0.259953902896499,0.9588411280340569,6789.809633524708,6760.512688779518,0.8486201266747542,0.0036616603856006198,1.0188552342213988
4,44,dynamic_evidence_3step,0.257189500440231,0.2727111964855983,0.943083759503116,6746.649526854633,6715.991220211403,0.843225787633375,0.0038318093542345196,0.9908965624830016
4,45,dynamic_evidence_3step,0.2526422827747963,0.2657510085088449,0.9506729031524547,6735.434076476848,6708.463811659802,0.8418240315556615,0.003370861744412695,1.0245875622193164
4,46,dynamic_evidence_3step,0.2518166557205884,0.26888191227136,0.9365325231191117,6755.14096220914,6712.806969543073,0.8442870843905936,0.005291087697296148,0.9971775050113428
4,47,dynamic_evidence_3step,0.2509230546014614,0.2558513527342214,0.980737650670624,6778.023595687071,6771.225834432367,0.847147056078874,0.0008496139550935883,1.0373297049751138
4,48,dynamic_evidence_3step,0.255346495432129,0.2719073470723968,0.9390937691880081,6717.485141263962,6682.298826631024,0.8395806950711113,0.004397739611665775,0.9951263335853262
4,49,dynamic_evidence_3step,0.2382426141666799,0.2562244953476496,0.9298198200895212,6817.502235735226,6781.336082585913,0.8520812693082398,0.004520204118149442,0.9779559871741382
4,50,dynamic_evidence_3step,0.2556925923013096,0.2650071539767705,0.9648516595281145,6752.316890876124,6736.541050503764,0.8439341195945661,0.001971733579847419,1.021169115523051
4,51,dynamic_evidence_3step,0.2588595288036995,0.2736942066946803,0.9457983489306018,6710.390627339637,6679.899840633407,0.838693991668496,0.003810871979281366,1.0030700719438366
5,42,dynamic_evidence_3step,0.2517571043825549,0.273197455898033,0.9215206765194752,6735.200167977398,6701.082382515093,0.8417947966475938,0.004264190159018325,0.9458764301045696
5,43,dynamic_evidence_3step,0.246194475363152,0.2786990478917167,0.8833703495779658,6738.857867542298,6686.761638073384,0.8422519519487937,0.006511214781766455,0.942699918419198
5,44,dynamic_evidence_3step,0.2571026488161299,0.2499690941237262,1.02853774670589,6720.396412048478,6711.022296173906,0.8399445584362553,0.0011716180320674346,1.0931574029232765
5,45,dynamic_evidence_3step,0.252183156387625,0.269314075217386,0.9363905550947043,6739.116277740904,6704.236796037939,0.8422842491864646,0.004359390289084461,0.9853934651392718
5,46,dynamic_evidence_3step,0.2451469192726947,0.2529165367222244,0.9692799152233251,6773.878203290565,6767.508256253971,0.8466289467929715,0.0007961438615915082,1.0297255719979888
5,47,dynamic_evidence_3step,0.2588779549122304,0.2725512706914275,0.9498321334385651,6714.698312967154,6685.429945842863,0.8392323850727602,0.0036580886294577198,1.0078453767740936
5,48,dynamic_evidence_3step,0.2585904900948464,0.2642341438219969,0.9786414668236352,6740.712111732684,6724.4809415442,0.8424837035036475,0.0020286426932239233,1.0384652818229905
5,49,dynamic_evidence_3step,0.234290409833899,0.2466033423950156,0.9500698877738915,6772.607716857121,6743.392160841587,0.8464701558376604,0.003651488065933543,0.979177860880404
5,50,dynamic_evidence_3step,0.2600199217920297,0.258971954976142,1.0040466421006253,6730.762443519002,6721.415351357633,0.8412401504210726,0.0011682404901098477,1.0652486419485707
5,51,dynamic_evidence_3step,0.2627690539383507,0.2766213127221317,0.949923385702042,6735.11419733867,6709.310248998499,0.8417840516608762,0.0032250904062205714,0.9996002488325466
6,42,dynamic_evidence_3step,0.2165615220911829,0.235506394248291,0.9195568671603251,6918.289736038597,6881.72788128913,0.8646781322382948,0.004569660636103846,0.9464406603785924
6,43,dynamic_evidence_3step,0.246741826282321,0.2636196894278066,0.935976469807246,6797.640038744999,6761.479057228777,0.8495988049925008,0.004519557744809751,0.9792070971340672
6,44,dynamic_evidence_3step,0.2469914499054007,0.2620708922500604,0.9424604456634148,6791.32588594354,6759.0894627982425,0.8488096345386251,0.00402904926200444,1.002897139267826
6,45,dynamic_evidence_3step,0.219670959454737,0.2377042063421865,0.9241357687146277,6908.794759238327,6871.322530800045,0.8634914084787311,0.00468344312439475,0.97668367166908
6,46,dynamic_evidence_3step,0.2300914387274953,0.2392068509803011,0.9618931806699949,6875.948532549535,6858.298218833677,0.8593861433007793,0.00220601346279939,1.0367268098384503
6,47,dynamic_evidence_3step,0.217927847604813,0.2359784710292214,0.9235073295217123,6918.61842235389,6881.945102947323,0.8647192128926247,0.004583591976823812,0.9803238004452086
6,48,dynamic_evidence_3step,0.2474323575995412,0.2628008295023238,0.9415204589274452,6795.1993243297,6762.814543452875,0.8492937538219848,0.004047591660645552,1.0026003424778285
6,49,dynamic_evidence_3step,0.1782711669196126,0.1994308626967389,0.8938995926157004,7098.635498596861,7055.507599809768,0.8872185350077316,0.005390313559191703,0.9732436581092871
6,50,dynamic_evidence_3step,0.2469625274120989,0.2619050405610554,0.9429468286790261,6819.678564957468,6787.303399681346,0.8523532764601259,0.00404638986078266,1.004730724969986
6,51,dynamic_evidence_3step,0.2463953175173303,0.2619110164175364,0.9407596552736404,6808.955796162303,6777.0705234961615,0.8510130978830525,0.003985160938150437,1.0043307947806677
7,42,dynamic_evidence_3step,0.1609029763081973,0.16721410695045,0.9622571877615395,7231.361777626283,7213.060554852043,0.9038072462974982,0.002287366925914167,1.0702632389683555
7,43,dynamic_evidence_3step,0.1757280514300107,0.1820288597336833,0.9653856629498697,7163.2915560478505,7149.151861239146,0.8952995320644732,0.0017672409459698684,1.099863756050818
7,44,dynamic_evidence_3step,0.1587165826372975,0.1644209577996394,0.9653062770179629,7175.625866036315,7166.687283870241,0.8968411281135251,0.0011171831228688292,1.0935027360339256
7,45,dynamic_evidence_3step,0.1890907563913951,0.1992710479421701,0.948912339971588,7059.476894676296,7050.146905307585,0.8823243212943752,0.0011661029082253233,1.014113803231644
7,46,dynamic_evidence_3step,0.1838145243657269,0.1948220482051968,0.9434995990398571,7117.191732193835,7104.493130889375,0.8895377743024416,0.0015871267722110587,1.006459134356124
7,47,dynamic_evidence_3step,0.1601016986576562,0.1650021022721305,0.9703009625514207,7128.678536897598,7119.574766144963,0.8909734454315208,0.0011378291154399167,1.00885621347225
7,48,dynamic_evidence_3step,0.1486535223294393,0.1554921826648981,0.9560192659318647,7239.285777287213,7224.973670605462,0.9047976224580944,0.0017887897365018342,1.037822072111999
7,49,dynamic_evidence_3step,0.162071446333314,0.1809812299152071,0.8955152222650234,7207.957707803203,7175.4497623788475,0.9008821032124988,0.004062985304881386,1.0115140058186265
7,50,dynamic_evidence_3step,0.1532777597046315,0.1784948743540298,0.8587235922563119,7207.186945904684,7165.535518419091,0.9007857700168334,0.005205777713484895,0.9508940023680448
7,51,dynamic_evidence_3step,0.1769868243188727,0.1923497301484711,0.920130348933996,7123.125573846566,7108.804931521948,0.8902794118043452,0.00178985655850748,1.0101253721833237
8,42,dynamic_evidence_3step,0.2418525173493654,0.2455022568550586,0.9851335806340551,6832.996356504419,6812.732064750798,0.85401779233901,0.002532719879217768,1.0415224275869444
8,43,dynamic_evidence_3step,0.23766812359056,0.253136661758815,0.9388925410457012,6821.845452444038,6789.347543293232,0.8526241035425619,0.004061730927484784,1.0047903770878934
8,44,dynamic_evidence_3step,0.2327037385034367,0.2443059885119176,0.9525093507566028,6872.304512926068,6853.043917791933,0.8589306977785361,0.0024072734825815205,1.0142063630567053
8,45,dynamic_evidence_3step,0.2374937865469424,0.2525415418024643,0.9404147327678386,6864.750547498998,6826.595652233163,0.8579865701161101,0.0047687658125028076,0.9910864967276748
8,46,dynamic_evidence_3step,0.2370184620417312,0.2586987219488758,0.9161949477607815,6855.510249973286,6808.267193955887,0.8568316772869998,0.00590464392168465,0.9830769991325532
8,47,dynamic_evidence_3step,0.2239938393657245,0.2383718728303295,0.9396823404796625,6891.398123707957,6856.112016549456,0.8613171008258914,0.00441021211829786,1.0300347958370286
8,48,dynamic_evidence_3step,0.2383244273909897,0.252117198145668,0.9452922257738674,6857.9213279164505,6822.713396517113,0.8571330243615112,0.004400441369745933,1.0039571932018811
8,49,dynamic_evidence_3step,0.2346747860780731,0.243679928821744,0.9630452011898841,6855.017764672233,6829.065895773546,0.8567701243184893,0.003243578165065277,1.0126398845170252
8,50,dynamic_evidence_3step,0.2338151062252899,0.2527558356504908,0.9250631370134138,6850.413691828468,6805.048773575639,0.8561946871426657,0.005669906043348185,0.966901891227222
8,51,dynamic_evidence_3step,0.2366203207407399,0.2563793756284838,0.9229304040572418,6850.213499840146,6811.238912849396,0.8561696662717343,0.004871214472034763,0.9841771567656854
9,42,dynamic_evidence_3step,0.2152663958686682,0.2281378176015181,0.943580499418417,6865.888708578782,6840.232243123649,0.858128822469539,0.00320665734972291,0.9746945849138572
9,43,dynamic_evidence_3step,0.1975014928385815,0.2001498410351842,0.9867681723707332,6995.020545187389,6989.744107255851,0.874268284612847,0.0006594723074037817,1.0709526502889355
9,44,dynamic_evidence_3step,0.1883343634714029,0.192583191969992,0.9779376982221214,7043.326254018578,7037.642313317633,0.8803057435343804,0.0007104037871446983,1.0537072510969991
9,45,dynamic_evidence_3step,0.2151367202834712,0.2176562067243067,0.9884244677477689,6921.659890920289,6916.722708349968,0.8650993489464178,0.0006170706874542003,1.03685020857317
9,46,dynamic_evidence_3step,0.20064464413272,0.2125767429733018,0.9438692178942624,6926.662393530108,6906.208180560568,0.8657245836183112,0.0025564570640595045,0.98087219992395
9,47,dynamic_evidence_3step,0.1855723341125881,0.2060312027587826,0.9007001445788416,6994.762297139115,6961.750517874488,0.8742360076414342,0.004125956663495434,0.9513140671190574
9,48,dynamic_evidence_3step,0.2077625935014363,0.2048828766527906,1.0140554295980815,6952.012851243808,6955.459033530831,0.8688929947811284,-0.0004307189460096832,1.103059906876199
9,49,dynamic_evidence_3step,0.2090256178649411,0.2258464261351211,0.9255210341025439,6911.035807093004,6881.50626450738,0.8637715044485694,0.003690731481767761,0.9564980426543592
9,50,dynamic_evidence_3step,0.2000665369571923,0.2180377814158902,0.9175773834149452,6947.100042776345,6916.646078679374,0.8682789704757337,0.0038062697284052737,0.9448227678059576
9,51,dynamic_evidence_3step,0.2063037654630451,0.2230727924694308,0.9248271076864577,6900.937842175744,6874.070327651915,0.8625094165948936,0.0033580195630331837,0.9512089710443878
10,42,dynamic_evidence_3step,0.2365058350067848,0.2451796996054181,0.9646224193414354,6628.242603572094,6620.763742174909,0.8284267720999993,0.000934740832044123,0.9860939316411994
10,43,dynamic_evidence_3step,0.2692095497659799,0.3002571996422545,0.8965964849027208,6517.123689668934,6471.430195144141,0.814538643878132,0.00571097294398114,0.9141486522231828
10,44,dynamic_evidence_3step,0.2892616499549472,0.3037792345215817,0.9522100824649912,6447.440313693419,6411.654508992291,0.8058293105478589,0.004472666504327927,0.9920185712098412
10,45,dynamic_evidence_3step,0.2672839162905757,0.28563895012609,0.9357404379640388,6543.713771052972,6510.415162257732,0.8178619886330424,0.004161805873670841,0.9602002449855304
10,46,dynamic_evidence_3step,0.2437421983995545,0.2596981889429649,0.9385594847297349,6592.990968210662,6571.423475777267,0.8240208684177805,0.0026955996042237673,0.9803327412990068
10,47,dynamic_evidence_3step,0.2606347430830561,0.2788823980610729,0.9345686385914513,6578.782399622428,6544.23742055617,0.8222450193253878,0.004317582685446549,0.9789747782946694
10,48,dynamic_evidence_3step,0.2423892835590791,0.2450212613259898,0.9892581657907271,6626.255326866236,6620.179579920958,0.8281783935590846,0.0007593734464789773,1.010193909543534
10,49,dynamic_evidence_3step,0.2683431922128204,0.279084585138478,0.9615120522678532,6533.351035197292,6511.143669307878,0.8165668085485929,0.0027755737894530905,1.0303316098699562
10,50,dynamic_evidence_3step,0.2657475440919304,0.2769594628149735,0.9595178348156553,6521.4982445589085,6503.878249372087,0.8150853948955016,0.0022022241203376006,1.0402956168858846
10,51,dynamic_evidence_3step,0.2666555129295233,0.2715379996684947,0.9820191400653604,6584.19042474902,6573.7315842199605,0.8229209379763804,0.0013071916671740622,1.0406243141969238
11,42,dynamic_evidence_3step,0.2822937585632417,0.3107379647632591,0.9084624042585587,6591.564327988455,6526.1456036258,0.8238425606784721,0.008176318505518768,0.9736787151727386
11,43,dynamic_evidence_3step,0.2848380614428875,0.3030862722893883,0.9397920245326146,6550.254746081675,6516.153981295342,0.8186795083216691,0.004262062840436514,0.9981139523273516
11,44,dynamic_evidence_3step,0.2998685124456789,0.3197245035448882,0.9378965613237036,6503.770737580212,6458.759470957272,0.8128697334808413,0.005625705114728125,1.0018597467477786
11,45,dynamic_evidence_3step,0.2954207055761779,0.3166128780161217,0.933065980851023,6528.486365865956,6484.6816507426365,0.8159588008831341,0.0054749050272865285,0.9982293846629756
11,46,dynamic_evidence_3step,0.2667925248874236,0.2861687826653318,0.9322908054559944,6629.763538520281,6588.563857626913,0.8286168652068843,0.0051493164471151315,1.0131323469652376
11,47,dynamic_evidence_3step,0.3011228444298659,0.3171879309667508,0.9493515201290276,6490.102455966461,6451.174880590858,0.8111614118193302,0.004865338754606028,1.0242540638593138
11,48,dynamic_evidence_3step,0.2798377121795922,0.2971746990778707,0.9416606226839803,6559.756485715798,6529.861920103802,0.8198670773298085,0.003736353657292321,0.9895156517613898
11,49,dynamic_evidence_3step,0.2960053421995172,0.3172054586695964,0.9331659784198059,6492.923646053045,6452.598278595275,0.8115140165045676,0.005040040927105359,0.9691591894602294
11,50,dynamic_evidence_3step,0.296706057766847,0.3180715186800926,0.9328281230526195,6493.427251841917,6448.285586748811,0.8115769593603195,0.005642002886277463,0.9822415710282164
11,51,dynamic_evidence_3step,0.2869752816783065,0.3052578978583269,0.9401076391199367,6528.41326051082,6487.529432172805,0.8159496638558705,0.005109839812275292,1.0001128547800302
12,42,dynamic_evidence_3step,0.2944533836292355,0.2956756586156956,0.9958661629699834,6503.575030519917,6500.381485551785,0.8128452731558452,0.00039914322811302345,1.0726059086553177
12,43,dynamic_evidence_3step,0.3128793143972627,0.3099566928568389,1.0094291286743522,6421.588281473818,6407.075536293527,0.8025982104079262,0.0018138664142345893,1.0986438662796738
12,44,dynamic_evidence_3step,0.304908358461763,0.3236884906354245,0.9419808466566275,6509.551339482075,6464.302051996731,0.8135922184079584,0.005655454003917423,0.9985572678414566
12,45,dynamic_evidence_3step,0.2802967888558981,0.3108534647552012,0.9017007067192683,6506.39155436628,6444.544526579792,0.8131972946339557,0.007729912234281724,0.9466020858168168
12,46,dynamic_evidence_3step,0.2958449330912855,0.3158536317293305,0.9366519912134764,6444.454988586016,6398.369884050596,0.8054561915493084,0.005759918077167881,0.9581054548036704
12,47,dynamic_evidence_3step,0.3145273604469676,0.3367400773847924,0.9340360164126162,6402.72991654497,6355.5141033445125,0.8002412094169442,0.005901238995182838,0.9840827035369824
12,48,dynamic_evidence_3step,0.309775498268106,0.3362091455168893,0.9213773700053755,6424.189516628014,6371.075922002335,0.8029233241629813,0.0066383695320183815,0.9885576419680808
12,49,dynamic_evidence_3step,0.2772463801900313,0.28120587356636,0.9859195921973004,6526.096964302305,6516.197568179181,0.815660163017411,0.0012372698566584753,1.0549861889918823
12,50,dynamic_evidence_3step,0.2973544059954471,0.3210786334978084,0.9261108494080992,6463.627875336335,6412.157012713297,0.8078525028541851,0.0064330536961676845,0.9702408114248262
12,51,dynamic_evidence_3step,0.3121183759889478,0.334075945973976,0.9342737175494262,6442.10092185001,6402.306279252925,0.8051619699850031,0.004973708611059234,0.975405275067686
13,42,dynamic_evidence_3step,0.3500029226982667,0.3412711345412996,1.0255860729876949,6297.532172307464,6297.329726842029,0.787093134896571,2.5302520364294585e-05,1.089533859428451
13,43,dynamic_evidence_3step,0.3322031025411432,0.3544490980364954,0.937237827325317,6355.138898741529,6306.522893138878,0.7942930757082276,0.006076241170185109,1.0033541793705851
13,44,dynamic_evidence_3step,0.3305863036415905,0.3610965621073046,0.9155066492805666,6316.203868008689,6267.642415167015,0.7894268051504423,0.006069422927343282,0.9404357805097692
13,45,dynamic_evidence_3step,0.3502631526669192,0.3727650435410825,0.9396351904126886,6320.746687032774,6274.761362901762,0.7899945865557774,0.005747447085490816,0.9992483862259232
13,46,dynamic_evidence_3step,0.3498104870569533,0.3762606355294408,0.9297025891765978,6319.790809816112,6270.309809168794,0.7898751168374094,0.006184352036910145,0.9888438714347044
13,47,dynamic_evidence_3step,0.3403160338486103,0.3612376108556243,0.9420836137259925,6321.912962268655,6272.242941822148,0.7901403527394895,0.006207976558743519,0.9988144209393988
13,48,dynamic_evidence_3step,0.334829173283351,0.3603148127950415,0.9292684102715822,6331.563578789787,6276.821123961669,0.7913465290325943,0.006841951609563535,0.9808671978769552
13,49,dynamic_evidence_3step,0.3541901461458138,0.3745151320270344,0.9457298673855628,6299.887386544854,6263.90932829609,0.7873874998806217,0.0044966951941961975,1.0037411061601091
13,50,dynamic_evidence_3step,0.3486740695065484,0.3766935703583366,0.9256172574829611,6289.337605424368,6237.858665445675,0.7860689420602884,0.006434063239431726,0.9674057905867176
13,51,dynamic_evidence_3step,0.3506824786499911,0.3587352684305537,0.9775522774334592,6315.238892408922,6293.415683537197,0.7893061982763306,0.0027275601639451317,1.0507479706084937
14,42,dynamic_evidence_3step,0.3411846367984117,0.3441579847528203,0.9913605143970607,6185.422938219821,6167.898775460605,0.7730812321234621,0.0021902465640814737,1.0182772886460982
14,43,dynamic_evidence_3step,0.3571382149890285,0.3840247397057736,0.9299875191964334,6184.801967041031,6115.863999645368,0.7730036204275754,0.008616168903345043,0.9708390227240749
14,44,dynamic_evidence_3step,0.3662588262773875,0.3846876986723024,0.9520939389054558,6137.385985597577,6089.073852023031,0.7670773635292559,0.006038261914079034,0.9933983088865544
14,45,dynamic_evidence_3step,0.3582694932929939,0.3990469114835898,0.8978129713145949,6154.435447216044,6075.390604286327,0.7692082798670221,0.009879370444908967,0.9293427665231484
14,46,dynamic_evidence_3step,0.3582837772822159,0.3858710451342439,0.9285065096231035,6126.061496975881,6066.756455474669,0.7656619793745633,0.007412203662193744,0.96528520702794
14,47,dynamic_evidence_3step,0.3611894130850679,0.3811744568150201,0.9475698243346596,6101.289985114868,6057.684895318423,0.7625659273984337,0.005449954980183114,0.9933755590950034
14,48,dynamic_evidence_3step,0.3625174991215831,0.3700301215074738,0.9796972680081155,6162.962725834034,6136.248985154291,0.7702740564721953,0.0033388002349384878,1.039306454782989
14,49,dynamic_evidence_3step,0.3435683186437488,0.3847504685090792,0.8929640033320491,6200.637861331971,6130.235832434825,0.7749828598090203,0.00879915371792851,0.9210552053613148
14,50,dynamic_evidence_3step,0.3494766707309453,0.3763410122897406,0.9286170237058491,6155.110623529412,6097.257919822886,0.7692926663578817,0.007230684127799772,0.963205494355243
14,51,dynamic_evidence_3step,0.3711867302191797,0.3898003717912619,0.9522482713740206,6077.418655683419,6042.084750565158,0.7595823841624071,0.004416186116518073,0.9916866032668512
15,42,dynamic_evidence_3step,0.3859465574185313,0.3943450273216089,0.9787027366361888,6089.627743348359,6067.474528351887,0.7611083293773727,0.0027688057738373133,1.0370043145879777
15,43,dynamic_evidence_3step,0.3863804350982711,0.3998827462007535,0.9662343243594116,5992.520681900134,5965.986281278937,0.7489714638045412,0.0033163855294584634,0.9975579658527676
15,44,dynamic_evidence_3step,0.3504934636372051,0.3620752669381557,0.9680127190158813,6084.463930748753,6063.779017878992,0.7604629334769095,0.002585290947351746,1.0206283159095448
15,45,dynamic_evidence_3step,0.3853356329974041,0.4037539546291093,0.9543823127413714,5933.400567731717,5890.25363691349,0.7415823731698185,0.0053926922657452445,0.9962202594253816
15,46,dynamic_evidence_3step,0.3703147949446004,0.3860005459357979,0.9593633968750748,6048.0894042157015,6022.932185873474,0.7559166859412201,0.0031442592603709136,0.9894883509937592
15,47,dynamic_evidence_3step,0.3692470613637061,0.393092013771337,0.9393400232712396,6002.171911460746,5939.942138047268,0.7501777167180035,0.0077777494580025175,0.9757568414296968
15,48,dynamic_evidence_3step,0.3863145023535619,0.4034577863641285,0.9575091011006182,5950.59659330894,5915.667194549294,0.7437316077126535,0.004365629141313044,0.9856200614090402
15,49,dynamic_evidence_3step,0.3876233556384804,0.3986992439496791,0.9722199415241514,5996.396119132604,5972.869023929886,0.7494558329124614,0.0029405193354228917,1.0078010478344936
15,50,dynamic_evidence_3step,0.3521468421971144,0.3728423352984491,0.9444926416825262,6069.7296073143325,6021.208053134957,0.7586213732426362,0.006064436217894754,0.9991396384688626
15,51,dynamic_evidence_3step,0.3742828993031989,0.3815787163673692,0.9808799161189428,6037.101924243154,5996.387868985147,0.7545434226025689,0.005088620829647136,1.0454709877151689
20,42,dynamic_evidence_3step,0.1427905034256149,0.1489071375779173,0.9589231634440505,7305.86348144202,7290.042641658709,0.9131187953308362,0.0019773578031885247,1.000169429604522
20,43,dynamic_evidence_3step,0.1443351389118209,0.1540109867310253,0.9371743014925101,7280.869111064887,7259.401245935021,0.9099948895219206,0.002683147747764825,0.986201638157286
20,44,dynamic_evidence_3step,0.1450622169907557,0.154211871099371,0.9406682893905135,7279.091775927216,7258.395405264269,0.9097727503971024,0.0025867229924942782,1.0066162457556702
20,45,dynamic_evidence_3step,0.1356111074639175,0.137180318706147,0.9885609593487613,7319.170783555293,7317.209072753809,0.9147820001943874,0.00024518320228527864,1.0402259090542805
20,46,dynamic_evidence_3step,0.1356212167503963,0.144164239023858,0.9407410441638865,7318.360115960872,7300.025655463991,0.9146806794101827,0.0022915211219698335,0.978078755254024
20,47,dynamic_evidence_3step,0.1443421240233663,0.1496976177092646,0.9642245897573368,7311.145560115105,7300.923666830549,0.9137789726428077,0.0012775769634489858,1.023815973484763
20,48,dynamic_evidence_3step,0.1326876918584981,0.1425549067174377,0.9307830569557476,7345.691509793043,7331.560106540397,0.9180966766395504,0.0017662046310018902,0.9856717465740024
20,49,dynamic_evidence_3step,0.1426540060810027,0.152024743589568,0.9383604452320989,7290.597532979398,7269.351766609447,0.9112107902736406,0.0026553888726348614,0.9858714119240832
20,50,dynamic_evidence_3step,0.1395322394625711,0.1545628730560208,0.9027539195133757,7298.8592623762,7268.185931042173,0.9122433773748531,0.003833687205852574,0.9504905571109928
20,51,dynamic_evidence_3step,0.142052252175825,0.1525762982334135,0.9310243715476132,7284.820580901071,7261.10095105772,0.9104887615174442,0.0029645831575241793,0.990006131150422
25,42,dynamic_evidence_3step,0.0874838986030434,0.0957882777885308,0.91330484922361,7598.560271633449,7582.7971311221245,0.94970132128902,0.001970146295628585,0.9837881528946988
25,43,dynamic_evidence_3step,0.0870488599178771,0.0817567097940819,1.0647304684486985,7627.4628760196865,7639.691417943508,0.9533136952905495,-0.0015283766933910095,1.1591425445710328
25,44,dynamic_evidence_3step,0.0677013250114246,0.0769641283492175,0.8796477847996433,7672.264142242771,7659.457401136056,0.9589131536361419,0.00160064255801962,0.9581264239969618
25,45,dynamic_evidence_3step,0.0824652111396741,0.0909114936197307,0.9070933482251855,7606.375930690569,7589.261094291511,0.9506781565667503,0.0021390871639867296,0.958072091431183
25,46,dynamic_evidence_3step,0.0814827562590471,0.0900941433283663,0.9044179038593746,7635.505066884791,7618.279323851351,0.9543188435051607,0.0021529487605848464,0.9819033850854556
25,47,dynamic_evidence_3step,0.0805015768344288,0.0891585699494328,0.9029034099592007,7628.518806173568,7611.289006140059,0.9534456700629381,0.0021534558222107963,0.9787865946851956
25,48,dynamic_evidence_3step,0.0742358087013017,0.0851333004212356,0.8719949577190874,7652.66830745984,7635.08560012668,0.9564639804349256,0.0021975637211798793,0.9146283927149952
25,49,dynamic_evidence_3step,0.0833981771445113,0.0918238288901765,0.9082411194621117,7613.917020420595,7597.399170641254,0.9516206749682034,0.0020644731632721404,0.9810248517108228
25,50,dynamic_evidence_3step,0.0857714403256008,0.0863920790896759,0.9928160223643782,7611.072599638999,7609.35042274411,0.9512651668090237,0.0002152452062103917,1.0762348165249616
25,51,dynamic_evidence_3step,0.0845909595503665,0.0778867239529272,1.0860767439838805,7630.443096392088,7642.886861796149,0.9536861762769764,-0.0015552762659744026,1.1840647658498966
30,42,dynamic_evidence_3step,0.1978232272689923,0.2104466737051286,0.940015937463455,7000.255804439412,6975.8811670743335,0.8749226102286479,0.003046448864526727,0.9880216627283392
30,43,dynamic_evidence_3step,0.2038635069406624,0.2156586086536041,0.9453066038653377,7041.000565656791,7017.163860709236,0.8800150688234959,0.002979215716479766,1.0246435757539163
30,44,dynamic_evidence_3step,0.2184413747199115,0.2329851526301137,0.9375763745199169,6930.983773658724,6903.566863062132,0.8662646886212628,0.003426685488887897,1.0092508138700254
30,45,dynamic_evidence_3step,0.2117697885824711,0.2295164451611843,0.9226780609718397,6952.226142435696,6913.950735808007,0.868919652847856,0.004783827849979805,0.9886632483077956
30,46,dynamic_evidence_3step,0.2254662871559904,0.2417548150807822,0.9326237704123949,6918.408697615591,6874.694717553607,0.8646930005768768,0.005463564562177769,1.011338423978884
30,47,dynamic_evidence_3step,0.211023863871975,0.2264106056256341,0.9320405432813479,6962.3435742453885,6932.312510680834,0.8701841737589537,0.0037534137688482244,0.9530193199222078
30,48,dynamic_evidence_3step,0.2266544749616489,0.2319375650661029,0.9772219299493451,6914.769586928961,6899.323481755108,0.8642381685950458,0.0019305218315026408,1.0427559683734635
30,49,dynamic_evidence_3step,0.2126525982123313,0.2322130327633159,0.9157651303278844,6935.068773936645,6901.085701984689,0.8667752498358511,0.004247353074860134,0.9700974942124196
30,50,dynamic_evidence_3step,0.2188013936341418,0.2324309013395106,0.9413610340672377,6985.4669128799505,6956.914110183706,0.8730742298312649,0.0035686542552486847,1.0074028811800175
30,51,dynamic_evidence_3step,0.1978123782543526,0.2049153994972666,0.9653368108968856,7064.993191415723,7048.69814231577,0.8830137722054398,0.0020366265591742093,1.0569955243638356
1,42,online_static_3step,0.2237002853933602,0.223669163944806,1.0001391405413484,6746.884184374549,6746.917974801671,0.8432551161572989,-4.223275480910779e-06,1.0389829292265853
1,43,online_static_3step,0.215098240903469,0.2150967771234185,1.0000068052160989,6828.2139230905605,6828.249563347885,0.8534200628784603,-4.454475356118371e-06,1.0415316631187603
1,44,online_static_3step,0.2473140652035133,0.2470586817876128,1.0010336953716932,6689.09775980958,6689.31036696751,0.8360327158867116,-2.657257316966707e-05,1.0595864198652976
1,45,online_static_3step,0.2350857742158763,0.2350848417794322,1.0000039663826772,6819.271422890573,6819.341364334041,0.8523023900625638,-8.741587734975857e-06,1.071231884042784
1,46,online_static_3step,0.1685334194305676,0.1685334194305676,1.0,7083.204594574799,7083.204594574799,0.8852899130827145,0.0,1.061415385318252
1,47,online_static_3step,0.2169338050253162,0.2461485912516418,0.881312397207836,6751.198349459495,6690.613392909683,0.8437943193925128,0.00757217304709561,0.9201078830960362
1,48,online_static_3step,0.2136092790642383,0.2293802614402327,0.9312452506725226,6719.368420304191,6690.572845048919,0.8398160755285828,0.0035989970322800307,0.8992603162829219
1,49,online_static_3step,0.2333358906130119,0.2333358608144196,1.0000001277068695,6793.043718807173,6793.077845733499,0.8490243368087955,-4.265332624207002e-06,1.037150842886284
1,50,online_static_3step,0.2009217061144885,0.2303021035653747,0.8724267082408732,6866.267830603536,6807.569964318028,0.8581762067995921,0.0073363162461577425,0.905686228692058
1,51,online_static_3step,0.2134584772245218,0.2145479183945111,0.9949221545557667,6699.229379748507,6688.486486491024,0.8372990100923019,0.0013426938204578237,0.9949221545557668
2,42,online_static_3step,0.1114862588231083,0.1114862588231072,1.0000000000000098,7263.958318442442,7263.958318442445,0.9078813046422249,-3.4101788592910697e-16,1.0000000000000095
2,43,online_static_3step,0.1071393346423556,0.1237611611716371,0.8656943230661058,7264.253884048493,7228.539482341871,0.907918245725346,0.004463742245547067,0.8634269366775446
2,44,online_static_3step,0.0994592589093724,0.0994592589093724,1.0,7298.611693158876,7298.611693158876,0.9122124350904731,0.0,1.0
2,45,online_static_3step,0.1168997086274759,0.1168997086189606,1.0000000000728428,7257.696821171604,7257.696821204871,0.9070987153070371,-4.157917410504958e-12,1.0000000000728426
2,46,online_static_3step,0.1117531662268273,0.1117300401730835,1.000206981521782,7311.198146802929,7311.2106605241615,0.9137855451572214,-1.5640196516195572e-06,1.066373452240315
2,47,online_static_3step,0.1138460137023465,0.1138460137023454,1.0000000000000095,7237.087614413452,7237.087614413455,0.9045228864408764,-4.546905145721426e-16,1.0000000000000098
2,48,online_static_3step,0.1015926423061937,0.114087524283335,0.890479856972701,7300.122219029473,7267.530623906389,0.9124012272252809,0.004073440210359156,0.8904798569727009
2,49,online_static_3step,0.0835805677196243,0.0835805677196234,1.0000000000000109,7414.807775834627,7414.807775834631,0.9267351300880674,-4.546905145721426e-16,1.0000000000000109
2,50,online_static_3step,0.0766188337885124,0.0766188337885124,1.0,7440.841781367842,7440.841781367842,0.9299889740492241,0.0,1.0
2,51,online_static_3step,0.1353522535503476,0.1480956322143048,0.9139516913941349,7098.3721528442975,7066.51140388431,0.8871856209029243,0.003982095858016145,0.9139516913941348
3,42,online_static_3step,0.1005246436705869,0.1005246436705869,1.0,7292.788178290878,7292.788178290878,0.9114845867130206,0.0,1.0
3,43,online_static_3step,0.0808370479642443,0.0808370479642443,1.0,7420.462620398263,7420.462620398263,0.9274418973126188,0.0,1.0
3,44,online_static_3step,0.0646222026870582,0.0646222026870518,1.0000000000000993,7533.366128328837,7533.366128328863,0.9415530719071162,-3.2965062306480337e-15,1.0000000000000997
3,45,online_static_3step,0.0728869542817512,0.0728869542817512,1.0,7474.34085963829,7474.34085963829,0.9341758354753518,0.0,1.0
3,46,online_static_3step,0.1011792281164612,0.1011793055377778,0.999999234810753,7357.374737365347,7357.384999446797,0.9195568975584736,-1.2825998563294186e-06,0.9999992348107536
3,47,online_static_3step,0.0990877705179622,0.1090044590569227,0.9090249277437178,7315.029514210563,7290.321155687408,0.9142644062255422,0.0030881587955450276,0.9090249277437176
3,48,online_static_3step,0.0956543510011735,0.095654351007184,0.9999999999371644,7354.246552044328,7354.249587976296,0.9191659232651329,-3.794440654971703e-07,0.999999999937165
3,49,online_static_3step,0.1123339505809024,0.1123339505809024,1.0,7230.226381307651,7230.226381307651,0.9036653394960193,0.0,1.0
3,50,online_static_3step,0.1055312127007821,0.1055312127007821,1.0,7251.486437119146,7251.486437119146,0.9063225143256025,0.0,1.0
3,51,online_static_3step,0.1101965175650881,0.110201394395184,0.99995574620337,7320.479379973568,7320.397585566453,0.9149455543024082,1.0223023011500098e-05,1.0328166626325537
4,42,online_static_3step,0.2078628419533646,0.2078628419533646,1.0,6867.969531717314,6867.969531717314,0.8583888928530575,0.0,1.0503848848534931
4,43,online_static_3step,0.2232111953516434,0.2290431762278131,0.9745376353392471,6824.8028575996705,6822.9460065944695,0.8529937329833359,0.0002320773659793715,1.0065466795612088
4,44,online_static_3step,0.1919099616727679,0.1918720659392104,1.0001975052145917,7003.929931789611,7004.093956646197,0.8753818187463581,-2.0500544505118898e-05,1.0544466747042636
4,45,online_static_3step,0.1744185044761088,0.1744270008044097,0.9999512900625378,7025.669310346459,7025.673743545129,0.8780989014306285,-5.540805736889643e-07,1.0375714876048951
4,46,online_static_3step,0.1910385566681333,0.211086346903961,0.9050256422081674,6890.383337284828,6848.704873285862,0.8611902683770564,0.005209156855263783,0.9395122417304254
4,47,online_static_3step,0.2361698556797818,0.2417202215710396,0.9770380572416173,6752.441884468704,6732.188034918308,0.8439497418408579,0.0025314147669536183,1.0199387452846418
4,48,online_static_3step,0.2085212257195277,0.2276868380653735,0.9158246804747538,6889.81155462811,6852.752833760134,0.861118804477954,0.0046317611383546245,0.9498966399148504
4,49,online_static_3step,0.2579684622313622,0.2587160397727053,0.9971104321865785,6707.459399160802,6702.90001190351,0.8383276339408576,0.0005698521756395134,1.05712485113574
4,50,online_static_3step,0.224789348063752,0.2249075760155595,0.9994743265037932,6855.52269604305,6855.149161743149,0.8568332328512749,4.6685951743621e-05,1.0419003158110334
4,51,online_static_3step,0.1937176158169251,0.2142114566681293,0.9043289225984088,6911.433915218098,6869.637073065151,0.8638212617445442,0.0052239522750840706,0.9243445133168868
5,42,online_static_3step,0.1775168436659862,0.1970118486971455,0.9010465352206922,6917.922945404951,6879.551918772916,0.8646322891394764,0.004795778856647288,0.888242169906818
5,43,online_static_3step,0.1901871145553926,0.1901871145629562,0.9999999999602308,6996.85682972262,6996.879961693918,0.8744977914913911,-2.8911350203120145e-06,1.0336646790478603
5,44,online_static_3step,0.1629384073576232,0.1629384073632923,0.999999999965207,6987.428012931016,6987.441273639219,0.8733193366992896,-1.6573813526214432e-06,0.9999999999652074
5,45,online_static_3step,0.2088718967650009,0.2140083964769527,0.9759986066130589,6805.3623051598315,6788.331747404725,0.8505639676490229,0.0021285536501820025,0.9863576507908506
5,46,online_static_3step,0.1317778239482874,0.1317809783737669,0.9999760631198947,7170.002928561375,7169.991298721363,0.8961383487765747,1.453548307919608e-06,0.9999760631198952
5,47,online_static_3step,0.1545084708797414,0.1545084708797414,1.0,7084.2464120207405,7084.2464120207405,0.8854201239870941,0.0,1.0
5,48,online_static_3step,0.1855163158966021,0.20451348947366,0.9071104129808288,6897.106097720731,6860.629796645204,0.8620305084015412,0.004558967763470424,0.8904702095619207
5,49,online_static_3step,0.1842477885454921,0.1981726441381796,0.9297337144930148,6985.43928647553,6960.2695859341675,0.8730707769623209,0.0031458193402527867,0.946295318721334
5,50,online_static_3step,0.1107220973582269,0.1107220973582267,1.0000000000000018,7258.533314846216,7258.533314846217,0.9072032639477835,-1.1367262864303564e-16,1.0000000000000022
5,51,online_static_3step,0.1216813079657543,0.1216813079657543,1.0,7179.551105949293,7179.551105949293,0.8973317217784393,0.0,1.0
6,42,online_static_3step,0.247021550879091,0.2599915819715858,0.9501136498568932,6796.898834331036,6768.713249770204,0.8495061660206269,0.003522757725388271,1.004699564840848
6,43,online_static_3step,0.248375874581532,0.2625516860203837,0.9460075398725448,6792.4918571731005,6761.060338014991,0.8489553627262968,0.003928448838658798,1.0037301278214936
6,44,online_static_3step,0.2498543746280537,0.2630312707523587,0.9499036898289143,6780.101805610099,6749.5005363787,0.847406799851281,0.0038246805688537523,1.0102172851899027
6,45,online_static_3step,0.2491944040671522,0.2647148402338392,0.9413692252652824,6781.431636750493,6749.307069314494,0.8475730079678157,0.0040150690458692385,0.9998187249019862
6,46,online_static_3step,0.2462812836586569,0.263047500104057,0.9362616392903652,6798.468489364414,6764.252875048556,0.8497023483770046,0.004276417237327602,0.9914204175671512
6,47,online_static_3step,0.2283448749444118,0.2284010006419138,0.9997542668493384,6890.026202497059,6889.658552250615,0.8611456321081189,4.5950536988388955e-05,1.06186688842865
6,48,online_static_3step,0.2465557979021772,0.2606157844711343,0.946050901723052,6798.783550337251,6766.959474444002,0.8497417260763968,0.003977512297618903,1.012833557826447
6,49,online_static_3step,0.2380771824961334,0.2516759857222695,0.9459670211001271,6806.76754307936,6782.868796981086,0.8507396004348656,0.0029869698910478036,0.99186891955977
6,50,online_static_3step,0.1781064108903106,0.1990762015492013,0.8946645028601871,7095.47616832975,7053.205951825448,0.8868236680827084,0.005283116673453565,0.9457741021595368
6,51,online_static_3step,0.248448176919565,0.2641866131174354,0.9404268217372755,6785.010743263003,6752.141118378624,0.8480203403653297,0.004108189586849011,1.0013158761803147
7,42,online_static_3step,0.0943029414790335,0.0943029414790335,1.0,7465.619322959912,7465.619322959912,0.933085779647533,0.0,1.0
7,43,online_static_3step,0.0938327495423959,0.097949384656888,0.9579718123915482,7366.884962481003,7352.214506635648,0.9207455271192354,0.0018335777834464202,0.9579718123915476
7,44,online_static_3step,0.0920855215062732,0.092085550196545,0.999999688438938,7386.626354344723,7386.62824701787,0.9232128926815052,-2.365545740866751e-07,0.9999996884389388
7,45,online_static_3step,0.0685346683310776,0.0685346970213493,0.9999995813759607,7541.597560980148,7541.599453050809,0.9425818723884699,-2.3647927267688416e-07,0.99999958137596
7,46,online_static_3step,0.0972396352492107,0.0972396622257537,0.9999997225767513,7405.206683050222,7405.208491689236,0.9255351434883416,-2.2605162037222306e-07,0.9999997225767512
7,47,online_static_3step,0.0967022640764136,0.0967076433000393,0.9999443764376615,7384.415291164238,7384.403295249225,0.9229365443274887,1.4993019638106082e-06,0.999944376437662
7,48,online_static_3step,0.0247242046282002,0.0247242046282002,1.0,7812.703426674811,7812.703426674811,0.9764658701005888,0.0,1.0
7,49,online_static_3step,0.0987219586174096,0.0987291899731713,0.9999267556457855,7355.987310662377,7355.960538968696,0.9193834908964351,3.346043454748094e-06,0.999926755645785
7,50,online_static_3step,0.0703155051202574,0.0703155051202574,1.0,7506.747728717332,7506.747728717332,0.9382261878161895,0.0,1.0
7,51,online_static_3step,0.0967845573319441,0.0967857869251868,0.9999872957251084,7384.349019973387,7384.35328831921,0.9229282614639903,-5.334765433346386e-07,0.9999872957251092
8,42,online_static_3step,0.0625758994442039,0.0625758994442039,1.0,7589.589025817887,7589.589025817887,0.9485800557202708,0.0,1.0
8,43,online_static_3step,0.0601185472469413,0.0601185472469413,1.0,7576.935467083676,7576.935467083676,0.9469985585656387,0.0,1.0
8,44,online_static_3step,0.0905287664134302,0.0905287664134302,1.0,7360.149054429243,7360.149054429243,0.9199036438481744,0.0,1.0
8,45,online_static_3step,0.0721302016844192,0.0721302016844192,1.0,7476.945329249415,7476.945329249415,0.934501353486991,0.0,1.0
8,46,online_static_3step,0.0568032089975059,0.0568032089975059,1.0,7583.022265149742,7583.022265149742,0.9477593132295641,0.0,1.0
8,47,online_static_3step,0.1221969177709723,0.1233094439940462,0.9909777695281181,7228.984720564408,7224.779126781982,0.9035101513016384,0.000525633518613442,0.990977769528118
8,48,online_static_3step,0.1071672228078668,0.1071672228156447,0.9999999999274227,7341.152543614749,7341.16822654972,0.9175293767797462,-1.9601218561123625e-06,0.9999999999274232
8,49,online_static_3step,0.1048716385181747,0.1048716385181747,1.0,7331.893279498489,7331.893279498489,0.9163721134231333,0.0,1.0
8,50,online_static_3step,0.0806403836780739,0.0806403836834615,0.9999999999331897,7506.923167741067,7506.932089215056,0.9382481149532642,-1.1150448680384784e-06,0.99999999993319
8,51,online_static_3step,0.0712577293390083,0.0712577293390083,1.0,7484.785088676094,7484.785088676094,0.935481200934395,0.0,1.0
9,42,online_static_3step,0.111721231468201,0.111721231468201,1.0,7308.249955777648,7308.249955777648,0.9134170673387887,0.0,1.0
9,43,online_static_3step,0.0900228072252121,0.0900228304716948,0.9999997417712531,7424.718170554086,7424.718103103207,0.9279737745974361,8.430306113541797e-09,0.9999997417712534
9,44,online_static_3step,0.099018552970214,0.098992207380321,1.000266138018236,7410.640908993377,7410.740157308566,0.9262143368320681,-1.240448883757909e-05,1.0143367130189251
9,45,online_static_3step,0.1003945926275284,0.1003945926275284,1.0,7345.847323056646,7345.847323056646,0.9181161508632228,0.0,1.0
9,46,online_static_3step,0.1116352757753509,0.1159535545490204,0.9627585476748459,7306.2972934429245,7291.700502876564,0.9131730150534839,0.0018243707744482116,0.962758547674846
9,47,online_static_3step,0.1105607906611944,0.1214961079019296,0.9099945057535334,7305.779581874565,7278.839567333072,0.9131083091956712,0.003367080932570045,0.909994505753533
9,48,online_static_3step,0.1200854521455516,0.1200857776301518,0.9999972895657868,7299.83502884635,7299.847160191017,0.9123653329391763,-1.51622855481419e-06,0.9999972895657864
9,49,online_static_3step,0.1263908191611215,0.1263908191611215,1.0,7272.089704263717,7272.089704263717,0.9088976008328605,0.0,1.0
9,50,online_static_3step,0.1206354261294385,0.1297041064060631,0.9300817797685341,7220.270627377249,7198.027828694291,0.9024210257939319,0.002780002335077863,0.9300817797685336
9,51,online_static_3step,0.0625064120992788,0.0625064128364649,0.9999999882062327,7562.427108005543,7562.427363672245,0.9451852403456497,-3.19543433792997e-08,0.9999999882062334
10,42,online_static_3step,0.11071819686365,0.11071819686365,1.0,7176.63741464825,7176.63741464825,0.8969675558865454,0.0,1.0
10,43,online_static_3step,0.1241202130327009,0.1241202022761239,1.0000000866625804,7092.641548655081,7092.641586999594,0.8864693849087716,-4.792465077676e-09,1.0000000866625804
10,44,online_static_3step,0.1208473915003413,0.1208473807437642,1.0000000890096006,7113.29092764927,7113.290965703354,0.8890502346768242,-4.756165997171419e-09,1.0000000890096
10,45,online_static_3step,0.1193867260112081,0.1193867260112081,1.0,7144.896312087321,7144.896312087321,0.8930004139591703,0.0,1.0
10,46,online_static_3step,0.1195600240225304,0.1195600240225304,1.0,7146.513036086126,7146.513036086126,0.8932024792008656,0.0,1.0
10,47,online_static_3step,0.1121133654866952,0.1121133654866952,1.0,7193.751855823755,7193.751855823755,0.8991065936537627,0.0,1.0
10,48,online_static_3step,0.144066600031192,0.1440666000311919,1.0000000000000007,6993.504345828924,6993.504345828924,0.8740787833806929,0.0,1.0000000000000009
10,49,online_static_3step,0.139257431679997,0.139257431679997,1.0,7018.012195417401,7018.012195417401,0.8771418816919636,0.0,1.0
10,50,online_static_3step,0.1429522829314176,0.1428740882125744,1.000547298112775,6973.976911707305,6974.248865951238,0.871638159193514,-3.3990031737730064e-05,1.0005472981127752
10,51,online_static_3step,0.1213883085629098,0.1213883085629098,1.0,7116.4377546196665,7116.4377546196665,0.8894435388850976,0.0,1.0
11,42,online_static_3step,0.2436909216370039,0.2752811444796285,0.8852437826704751,6684.475647018862,6622.770233831727,0.8354550239993579,0.00771221262181421,0.9241084784719504
11,43,online_static_3step,0.2191951681499453,0.2191962183698042,0.9999952087683505,6829.929135877923,6829.928390977984,0.8536344376800303,9.310085471584944e-08,1.0704824961151365
11,44,online_static_3step,0.2345032757761102,0.2365580922140701,0.991313692046094,6690.279423569054,6683.011522710961,0.8361804053954573,0.0009083740605041277,1.0763676143383245
11,45,online_static_3step,0.2185179870229561,0.2059461083260661,1.061044507221207,6781.527756684959,6802.159332140762,0.8475850214579377,-0.0025786246038998505,1.0664145801223075
11,46,online_static_3step,0.2057718130622453,0.2365236154533264,0.8699842198330111,6759.684453015288,6698.363432600889,0.8448549497581913,0.007664169530608643,0.901410378848338
11,47,online_static_3step,0.2293209238822626,0.2403806507307401,0.9539907774820614,6692.857230872812,6662.8945104921,0.8365025910352221,0.0037448719385965866,0.9398691940531144
11,48,online_static_3step,0.1628180753175553,0.1660435890999043,0.9805742949798062,7098.829775736847,7088.069674593199,0.887242816615029,0.0013448445373888478,1.040173914590216
11,49,online_static_3step,0.2407900001569818,0.2407900001716929,0.9999999999389049,6686.4389339952495,6686.445023805413,0.8357004041988814,-7.611311290785712e-07,1.031850251374393
11,50,online_static_3step,0.1734151065352039,0.1734151065423714,0.9999999999586684,6971.837570715888,6971.855681763089,0.871370774992612,-2.263597950301691e-06,0.9999999999586686
11,51,online_static_3step,0.210292408041338,0.2102924893444299,0.999999613380905,6880.1647240261,6880.164453374247,0.8599131013655918,3.382725316689712e-08,1.0807362250137544
12,42,online_static_3step,0.2519992279489352,0.2370104822395361,1.0632408557113968,6566.4709593669795,6590.618393064127,0.820706281635668,-0.0030180519556490177,1.070445890979726
12,43,online_static_3step,0.2942702125264309,0.291624051253109,1.0090738787214268,6474.57604192824,6465.939681459877,0.8092208526344506,0.0010794101322788288,1.085484159845783
12,44,online_static_3step,0.2747982482357635,0.3005187932882784,0.9144128566101289,6466.2231496392915,6413.870076876742,0.808176871595962,0.006543316180796069,0.934188231500952
12,45,online_static_3step,0.2376929846632344,0.2670172768675122,0.8901782965196374,6637.886718052146,6581.981275897824,0.8296321357395507,0.006987306855933191,0.9248392836525584
12,46,online_static_3step,0.2269610569529218,0.2528957682777375,0.8974490103118947,6689.841574811104,6629.360678980298,0.8361256811412453,0.007559167082965357,0.9383411125216294
12,47,online_static_3step,0.2329828180887458,0.2329910838818027,0.9999645231357389,6611.252822061919,6611.184492168501,0.8263033148433844,8.54016915612984e-06,0.9999645231357388
12,48,online_static_3step,0.2918893674840722,0.2996484764584572,0.9741059622058157,6521.854890522525,6494.827750111604,0.8151299700690571,0.003377970305077075,1.0047863156395058
12,49,online_static_3step,0.2963101768464046,0.3081158660350135,0.9616842542367898,6449.337998665416,6414.6123402571475,0.8060664915217368,0.004340164780436049,1.000270948851565
12,50,online_static_3step,0.2811039078172794,0.2949980539486501,0.9529008888520016,6515.620752429262,6492.454403530095,0.8143508002036324,0.0028954316834354623,0.9848843425336368
12,51,online_static_3step,0.2656481090580163,0.2725377477863366,0.9747204239255634,6555.53464515524,6543.267491996645,0.8193394132177527,0.0015332024945125282,1.006333907787676
13,42,online_static_3step,0.3514694173491825,0.3762723494724598,0.9340825012572638,6282.042349234512,6229.114903679997,0.7851571490106877,0.0066151038063385365,0.9955107510120926
13,43,online_static_3step,0.315070236958885,0.3489906165113861,0.9028043221001777,6322.738190691801,6269.66901878881,0.7902434933998002,0.0066328173857006624,0.9123880603986496
13,44,online_static_3step,0.2959564240028046,0.3163906364210012,0.935414610718738,6446.384697849619,6395.005769198818,0.80569737505932,0.006421563385926979,0.9840319225616893
13,45,online_static_3step,0.2878872701053826,0.3144425189648052,0.9155481614037227,6407.5730971479725,6362.872273101991,0.8008465313270807,0.00558690464266739,0.9355111015613063
13,46,online_static_3step,0.2862698894175548,0.2886843064187099,0.9916364798935305,6616.42161547753,6613.818606371225,0.8269493332680328,0.000325335471354301,1.035933212284038
13,47,online_static_3step,0.3110610895880252,0.3319443422005812,0.937088089906539,6460.406432831279,6411.824736850019,0.8074498728698011,0.006071953003532065,1.0073749809633057
13,48,online_static_3step,0.3003693188478272,0.3093877726527522,0.9708506456877756,6468.52267695016,6438.6449689472,0.808464276584197,0.003734246719529994,1.0194463545912191
13,49,online_static_3step,0.319301412116018,0.3451247175684466,0.925176887838214,6376.67471793417,6320.144926102813,0.7969847166521897,0.007065340811318237,0.9904334228345878
13,50,online_static_3step,0.3126527039666912,0.34944466239616,0.8947130622136722,6318.070762033401,6256.810194893261,0.789660137736958,0.0076566138157904955,0.902867041987808
13,51,online_static_3step,0.3117887561708045,0.3360462853590575,0.9278149164412444,6454.888006117021,6406.599461768373,0.8067601557451595,0.006035313629377381,0.9824785867991354
14,42,online_static_3step,0.1982524212359503,0.1972781578912951,1.004938526165639,6934.710842246055,6935.823429243875,0.8667305139665111,-0.00013905599272835426,1.045255997394132
14,43,online_static_3step,0.220668619968002,0.220668619968002,1.0,6735.754334251793,6735.754334251793,0.8418640587741274,0.0,1.0402682066175923
14,44,online_static_3step,0.1459841836637865,0.1459841836637865,1.0,6975.218623261912,6975.218623261912,0.8717933537385217,0.0,1.0
14,45,online_static_3step,0.2546618420066194,0.2546618420066194,1.0,6565.554485888878,6565.554485888878,0.8205917367690136,0.0,1.0350265891779329
14,46,online_static_3step,0.2614552915425142,0.2580183263875549,1.013320624170691,6550.167405860888,6545.090224612383,0.8186685921585911,0.0006345683350211886,1.050497818999263
14,47,online_static_3step,0.1268698818488319,0.1268698818488319,1.0,7116.516031053412,7116.516031053412,0.8894533222163995,0.0,1.0
14,48,online_static_3step,0.1205091648409934,0.1205091648409934,1.0,7141.238124138515,7141.238124138515,0.8925431976176121,0.0,1.0
14,49,online_static_3step,0.2080261000242435,0.2080261000242435,1.0,6793.910314945739,6793.910314945739,0.849132647787244,0.0,1.051962669390898
14,50,online_static_3step,0.1225002053299761,0.1225002053299761,1.0,7147.2504360201865,7147.2504360201865,0.8932946426721893,0.0,1.0
14,51,online_static_3step,0.2418431063323713,0.2418521211715262,0.9999627258214183,6621.464144178698,6621.439890213455,0.8275795705760153,3.031366734493005e-06,1.0359883742935223
15,42,online_static_3step,0.0979867051713155,0.0979867051713155,1.0,7258.03551224869,7258.03551224869,0.9071410464002863,0.0,1.0
15,43,online_static_3step,0.0428843786213772,0.0428843786213772,1.0,7664.419974828598,7664.419974828598,0.9579327552591674,0.0,1.0
15,44,online_static_3step,0.087124069280409,0.087124069280409,1.0,7336.347493887061,7336.347493887061,0.9169288206333035,0.0,1.0
15,45,online_static_3step,0.0552639959502767,0.0552639959502767,1.0,7572.936299803655,7572.936299803655,0.946498725134815,0.0,1.0
15,46,online_static_3step,0.0849803181662974,0.0849803181662974,1.0,7364.6526347740755,7364.6526347740755,0.9204665210316305,0.0,1.0
15,47,online_static_3step,0.0913657756928096,0.0913657756928096,1.0,7306.479530425354,7306.479530425354,0.9131957918291906,0.0,1.0
15,48,online_static_3step,0.0530444834740419,0.0530444834740419,1.0,7590.892702136772,7590.892702136772,0.9487429948927348,0.0,1.0
15,49,online_static_3step,0.0501795773725856,0.0501215321278578,1.0011580899917372,7609.83656817857,7610.058233293977,0.9511106821870479,-2.770467634129761e-05,1.0011580899917356
15,50,online_static_3step,0.0729392352064291,0.0729392352064291,1.0,7445.216267953802,7445.216267953802,0.930535716529659,0.0,1.0
15,51,online_static_3step,0.0899001375019297,0.0899001375019297,1.0,7318.415029701801,7318.415029701801,0.914687542769879,0.0,1.0
20,42,online_static_3step,0.0990629556903728,0.0990635464164101,0.999994036897944,7455.463387601791,7455.474123186192,0.9318164463944245,-1.341780327598813e-06,1.0242737611386543
20,43,online_static_3step,0.0728654018379757,0.0861072939851134,0.8462163710611205,7529.9327403079005,7503.525590392528,0.941123952044482,0.003300481179274144,0.822053743168411
20,44,online_static_3step,0.1086794191895034,0.1070199328883336,1.0155063291144215,7426.6037089803085,7432.560319084609,0.9282094374428582,-0.000744483202637186,1.0213850006779015
20,45,online_static_3step,0.0727599653965035,0.0727599653965035,1.0,7535.682306207198,7535.682306207198,0.9418425579561552,0.0,1.0
20,46,online_static_3step,0.1135700332695952,0.1136697631958892,0.9991226345204737,7408.063714649486,7407.825994549883,0.9258922278027104,2.971129853810692e-05,1.015151332909526
20,47,online_static_3step,0.1021160692529755,0.105402494946112,0.9688202286405393,7423.027376926179,7413.13275091017,0.9277624518092963,0.001236673667792672,0.9688202286405392
20,48,online_static_3step,0.1117121220806039,0.1217057424753208,0.9178870265982446,7362.335636994745,7342.230527071693,0.9201769325077797,0.0025128246373018015,0.9110502182854916
20,49,online_static_3step,0.0941547073938517,0.0943162612644601,0.998287104806292,7450.427275980919,7449.783625378208,0.9311870111212247,8.044626955520617e-05,1.0174259586033074
20,50,online_static_3step,0.0586906197502197,0.0713511825559202,0.822559874242056,7608.457094712539,7581.895455144429,0.950938269555373,0.0033197899722672126,0.805973956108954
20,51,online_static_3step,0.0865465438159122,0.0930470877165915,0.9301370514628137,7442.6317799618755,7422.996817803145,0.930212695908246,0.002454063511902332,0.930137051462814
25,42,online_static_3step,0.0854886237327366,0.0934026912368969,0.9152693846466599,7596.895291628254,7581.741722644743,0.9494932248004317,0.0018939593780166132,0.9813854566184744
25,43,online_static_3step,0.0683440600242485,0.0683719101077582,0.9995926677568931,7661.291957225094,7661.245795990057,0.9575418019278957,5.769433200511044e-06,1.0738268407487983
25,44,online_static_3step,0.0850565802278697,0.0929926795367467,0.914658881232248,7593.59099936265,7579.002722910134,0.949080239890345,0.0018233066432340778,0.980402192380687
25,45,online_static_3step,0.0860081638977139,0.093622159520849,0.9186731468051694,7591.24782427137,7576.875790173182,0.9487873796114697,0.0017962797273074883,0.9823742028373302
25,46,online_static_3step,0.0670677380209174,0.0670936923487174,0.9996131629234964,7663.508628961652,7663.45788365849,0.9578188512637985,6.342370099028865e-06,1.0373145371829342
25,47,online_static_3step,0.0825461994365841,0.0931031824676527,0.8866098585326397,7596.483804419582,7579.587811598871,0.9494417953280317,0.0021117351356969628,0.914599592272156
25,48,online_static_3step,0.0768774505479426,0.0827566954830452,0.9289574710446585,7611.8714483067615,7597.873395514392,0.9513650104120437,0.0017495379068078853,0.9443256528267586
25,49,online_static_3step,0.0678385675189113,0.0780670057540853,0.868978730048978,7648.83233526113,7631.168413352863,0.9559845438396612,0.0022077142742490032,0.8890496240002229
25,50,online_static_3step,0.0852565212107148,0.0932158956249066,0.9146135499655584,7596.473402176236,7581.811396307834,0.9494404952101282,0.0018325216683417133,0.9758637404747176
25,51,online_static_3step,0.0871706752940772,0.0869105325877991,1.0029932241643473,7586.963999336409,7588.367825548023,0.9482519684209985,-0.000175456344408662,1.0733562243308707
30,42,online_static_3step,0.0821994470220916,0.0821994470220916,1.0,7450.511744511502,7450.511744511502,0.9311975683678918,0.0,1.0
30,43,online_static_3step,0.0906598822777351,0.0906600661173884,0.9999979722091414,7418.44012208389,7418.445173703082,0.9271891166209086,-6.313734773493917e-07,0.999997972209142
30,44,online_static_3step,0.1172740488671942,0.1172779923748941,0.9999663746998048,7353.486486740228,7353.471588825389,0.9190709269766565,1.862006604152127e-06,1.0318921336275064
30,45,online_static_3step,0.0857525028341715,0.0857894476478989,0.999569354801315,7523.727774438368,7523.663011261729,0.9403484282512646,8.094385281795323e-06,0.9995693548013151
30,46,online_static_3step,0.0546854238323881,0.0546854238323881,1.0,7615.060325854234,7615.060325854234,0.9517635702854936,0.0,1.0
30,47,online_static_3step,0.0633843523407982,0.0633843523407982,1.0,7553.916288424211,7553.916288424211,0.9441215208629186,0.0,1.0
30,48,online_static_3step,0.0382154153143525,0.0382154153143525,1.0,7730.074548393895,7730.074548393895,0.9661385512303331,0.0,1.0
30,49,online_static_3step,0.0607226815291908,0.0607226815291908,1.0,7589.378285719629,7589.378285719629,0.9485537165003911,0.0,1.0
30,50,online_static_3step,0.0531509242755187,0.0531509242755187,1.0,7625.183185634171,7625.183185634171,0.9530287696080704,0.0,1.0
30,51,online_static_3step,0.0727448110028032,0.0727448110028032,1.0,7499.484614690899,7499.484614690899,0.9373184120348581,0.0,1.0
1,42,pizza_replan_midflight,0.2395074091315617,0.3213228108631779,0.7453794160712297,6703.900917241056,6524.597600763783,0.8378828792952201,0.02241011329549722,0.7982911536051013
1,43,pizza_replan_midflight,0.2262525786428452,0.3213903899107904,0.703980535029834,6725.586722069273,6523.86107477568,0.8405932661003965,0.025212554342406247,0.7515911456505318
1,44,pizza_replan_midflight,0.2617772781644774,0.3213288660540028,0.8146709051669291,6664.165371228801,6524.404169127185,0.8329165568339958,0.017467966766856108,0.8710135195954928
1,45,pizza_replan_midflight,0.2740541351026247,0.3212606928692049,0.8530584076596031,6632.910723908267,6524.5450660752285,0.8290102142117569,0.01354401422735137,0.9161603567838176
1,46,pizza_replan_midflight,0.2487085382026352,0.3214948607937711,0.7736003542593919,6684.91947078677,6522.910720023822,0.8355104950364667,0.020248562775021597,0.8215924683476142
1,47,pizza_replan_midflight,0.2262952096214661,0.321312510527152,0.7042838426994376,6725.437260662944,6523.961245852118,0.840574585759648,0.025181354182080513,0.7511901151178476
1,48,pizza_replan_midflight,0.2261853322405516,0.3213147299712688,0.7039370160863043,6726.37785229209,6524.697247708946,0.840692145018384,0.025206924707304647,0.7516975751880951
1,49,pizza_replan_midflight,0.2396531167626074,0.3213918532750203,0.745672655733225,6702.680491476932,6523.614308967391,0.8377303451414738,0.02238047525428587,0.7997887797410045
1,50,pizza_replan_midflight,0.2237079205354047,0.3212391706785337,0.6963905431049403,6736.353894659816,6524.978483668797,0.8419389944581698,0.02641862404587172,0.7468710363307072
1,51,pizza_replan_midflight,0.2705783087162853,0.3213736747698384,0.8419429777814509,6647.171752617806,6523.697364359083,0.8307926199997259,0.01543236948615468,0.908517627067866
2,42,pizza_replan_midflight,0.178453440275273,0.2450703044824599,0.7281724346494425,6996.832956552161,6840.011965109698,0.8744948077180553,0.01960017390856923,0.8086029798325598
2,43,pizza_replan_midflight,0.1794335623285605,0.2452080946732054,0.7317603546803617,6994.932047860076,6838.454139404043,0.8742572238295307,0.01955729389526713,0.8089333982787338
2,44,pizza_replan_midflight,0.1651808645695859,0.2450010520623525,0.6742047153640285,7027.897902804888,6840.191944135221,0.8783774406705271,0.023460312294671524,0.7562001781468757
2,45,pizza_replan_midflight,0.1969685645840851,0.245004104998543,0.8039398547434805,6955.484496443959,6840.215860014899,0.8693268961934707,0.014406778706294247,0.8770013210904328
2,46,pizza_replan_midflight,0.2164609904687149,0.2452347591591544,0.8826684733065687,6918.730576334506,6838.410062709759,0.8647332303880148,0.010038809351924388,0.951125533743342
2,47,pizza_replan_midflight,0.1837813225727543,0.2450508278049572,0.74997225766987,6985.514752704142,6839.518820224729,0.873080209061885,0.01824721065859426,0.8279545921563324
2,48,pizza_replan_midflight,0.1646148092785727,0.2451021889118027,0.6716170508693723,7027.903139607627,6839.681802645772,0.8783780951890547,0.023524726529415677,0.7538032833748848
2,49,pizza_replan_midflight,0.1659931390044932,0.2450517276160533,0.6773799989876873,7027.105418308894,6839.762527244961,0.8782783924895505,0.02341493451617701,0.7592466075168729
2,50,pizza_replan_midflight,0.2063926306248611,0.2450658326435867,0.842192599427068,6942.722708419312,6839.917094211235,0.8677318720684054,0.012849095639054718,0.9120463188278534
2,51,pizza_replan_midflight,0.167506548594851,0.2450002363725864,0.6836995387225417,7026.630339692642,6839.770325360979,0.8782190150846947,0.023354582468649354,0.7650190675228988
3,42,pizza_replan_midflight,0.2035851180270955,0.2730617237972638,0.745564465044718,6878.213655265993,6708.3072099894225,0.8596692482522176,0.02123565120317093,0.8254665254827
3,43,pizza_replan_midflight,0.2041391468759145,0.2731148492280624,0.7474479965219677,6876.050265198189,6707.151368019467,0.8593988582924871,0.021109723431911274,0.8214339167774689
3,44,pizza_replan_midflight,0.188045769132128,0.2730358904719028,0.6887217970030177,6912.885037780773,6707.9965363826805,0.8640026293939224,0.025607861692050062,0.7711401317986444
3,45,pizza_replan_midflight,0.219282576777372,0.2729944558563985,0.8032491945284039,6838.12387857454,6708.327027563501,0.8546586524902562,0.016222578554060566,0.8722269593315892
3,46,pizza_replan_midflight,0.2442353826949371,0.2731141897842423,0.8942610520818447,6794.38679764827,6707.033663746842,0.8491922006809486,0.010917777015551557,0.9573349293632976
3,47,pizza_replan_midflight,0.2033670963140439,0.2730654785589232,0.7447557903961137,6878.246116760224,6707.180533868955,0.859673305431849,0.02138052529574672,0.8206977268796618
3,48,pizza_replan_midflight,0.1880562016200919,0.2730992530198181,0.6886002050194007,6913.011566059408,6707.81411847003,0.8640184434519945,0.025646475139279902,0.7708905805495126
3,49,pizza_replan_midflight,0.1884247641645198,0.2730745628082093,0.690012142569492,6911.945224866079,6707.714783813898,0.8638851674623271,0.025525614429718915,0.7705057836094736
3,50,pizza_replan_midflight,0.2287307141497865,0.2730081089685525,0.8378165579548179,6826.109327378265,6708.198864299339,0.8531570212946213,0.014736965764145247,0.9031537516514904
3,51,pizza_replan_midflight,0.1896437205168223,0.2730166386008212,0.6946233075343851,6911.515809529738,6707.632437055771,0.8638314972540605,0.025482236279710916,0.7737404656508485
4,42,pizza_replan_midflight,0.1981967724551899,0.2733673304001504,0.7250199654987042,6869.431859389866,6707.376174710978,0.8585716609661125,0.020254428781263305,0.7689598999870522
4,43,pizza_replan_midflight,0.2366389538823963,0.2736195491519558,0.864846662513057,6793.858501823681,6705.113304374192,0.8491261719564656,0.011091763210784757,0.9244034451403216
4,44,pizza_replan_midflight,0.2351509372654295,0.2734820495502845,0.8598404818601919,6797.93040472467,6706.595242845004,0.8496350962035583,0.011415468301420569,0.916639058483599
4,45,pizza_replan_midflight,0.2351359753595085,0.2734044832523512,0.860029698717409,6798.024795839774,6706.7693563304565,0.8496468936182695,0.01140550425063336,0.9167085102787788
4,46,pizza_replan_midflight,0.2158666194182518,0.2734888171197838,0.7893069328816674,6832.822442458064,6706.1196732236385,0.8539960558002829,0.01583586667096931,0.8416258980205769
4,47,pizza_replan_midflight,0.2366083789316741,0.2735618788900723,0.8649172168712603,6794.1436466824925,6705.356569051906,0.8491618106089854,0.011096997579125894,0.924810762264993
4,48,pizza_replan_midflight,0.2123186795813385,0.2733918098194491,0.7766095104368929,6843.525528838529,6706.85292547541,0.8553337743830182,0.017081940177867575,0.82753052101452
4,49,pizza_replan_midflight,0.2207658547506037,0.2734972503292938,0.8071958839980992,6824.114907020847,6706.069448230297,0.8529077499088672,0.014753838119053828,0.8570035249958031
4,50,pizza_replan_midflight,0.1931203823214205,0.2734626037381461,0.706203991630032,6878.137463345309,6706.387431345993,0.859659725452482,0.021466070741071864,0.7530869290186022
4,51,pizza_replan_midflight,0.2160970359282613,0.273549864229312,0.7899731061358195,6832.215396560156,6705.848113232458,0.8539201845469511,0.01579393617394048,0.8430212833689337
5,42,pizza_replan_midflight,0.1977447118452421,0.280504314136202,0.7049613923200658,6869.191416734553,6691.890623326706,0.8585416093906453,0.022159829197331192,0.7528602156209514
5,43,pizza_replan_midflight,0.2380483572991758,0.2807166360434271,0.8480023152683744,6787.42880865924,6689.575158401641,0.8483225607623097,0.012230177510011115,0.90798590522824
5,44,pizza_replan_midflight,0.2378119002520174,0.2805731323617729,0.8475932754151995,6790.170218482192,6691.109630272681,0.8486651941610038,0.012381025897951578,0.9067149130826072
5,45,pizza_replan_midflight,0.236256452171881,0.2805099665246738,0.8422390658661312,6796.886742451171,6691.316790396685,0.8495046547245558,0.01319459468247542,0.9022467303332212
5,46,pizza_replan_midflight,0.217076770784659,0.28056957972092,0.7737003099216362,6828.807831941948,6690.591077149578,0.8534942922062178,0.01727493498217348,0.8241493400619532
5,47,pizza_replan_midflight,0.2380327322190133,0.2806777622197041,0.8480640943427864,6787.748568801424,6689.901405500022,0.8483625257844549,0.012229366741832566,0.9085161046496336
5,48,pizza_replan_midflight,0.2199581992255449,0.2804824887329723,0.7842136606073531,6824.066391135547,6691.345653535298,0.8529016861811707,0.016588018697693895,0.8348664107412447
5,49,pizza_replan_midflight,0.2158227709200413,0.2805858302374351,0.7691862797825872,6833.581815550513,6690.420849313197,0.8540909655731175,0.017892884169143322,0.8201550984236459
5,50,pizza_replan_midflight,0.1988133396053919,0.2805763381191558,0.7085891167378463,6864.2124130929615,6690.913301631751,0.8579193117226549,0.021659681472467253,0.753025099376332
5,51,pizza_replan_midflight,0.2204789554165285,0.2806387044607799,0.7856327438517702,6821.55677460122,6690.298432619074,0.8525880233222373,0.016405242092506662,0.833285293251403
6,42,pizza_replan_midflight,0.204284819791999,0.2667532651266294,0.7658193787994451,6908.600643740783,6768.433450213685,0.8634671470742136,0.017518709352218206,0.8216426968528243
6,43,pizza_replan_midflight,0.1845483614386228,0.2667971843730171,0.6917178000671861,6947.299916880185,6767.7002122977665,0.8683039516160711,0.02244715717815508,0.7411771353173738
6,44,pizza_replan_midflight,0.22348841669619,0.2667366258981858,0.8378617519946293,6872.7338562153745,6768.290926091638,0.8589843589820491,0.013053734548648534,0.8974331172040733
6,45,pizza_replan_midflight,0.2253372272681308,0.2667288437432139,0.8448176211683662,6865.351641781456,6768.278719920918,0.8580616975104932,0.01213259865773508,0.9072918327058166
6,46,pizza_replan_midflight,0.2068131864507242,0.2667888719773055,0.7751942010096914,6900.103710289213,6767.643211168454,0.8624051631407591,0.016555492953475675,0.8241042357663868
6,47,pizza_replan_midflight,0.1861216935188296,0.2667598599201418,0.6977125178223877,6940.95015712431,6767.787002572986,0.8675103308491826,0.021642688982792615,0.7444696392116695
6,48,pizza_replan_midflight,0.1859665018586373,0.266725543843318,0.6972204430779199,6941.9799286469515,6768.474837248006,0.8676390362013437,0.02168542574664983,0.746769268175264
6,49,pizza_replan_midflight,0.2058556221365317,0.266815936516608,0.7715267117251753,6901.642788866505,6767.5674837366405,0.8625975239178234,0.016757318476423488,0.8267665554141775
6,50,pizza_replan_midflight,0.1843910178400352,0.2666598749235663,0.6914839283296291,6948.792805943893,6768.886517665262,0.8684905394255584,0.022485475350410088,0.7413429919216242
6,51,pizza_replan_midflight,0.225378229955291,0.2667808640009337,0.844806582358554,6865.281403108911,6767.835814135077,0.8580529187737671,0.012179176224701133,0.9055994465427768
7,42,pizza_replan_midflight,0.1882522696584022,0.2595916624458947,0.7251861168601229,6975.650817253074,6809.903167005419,0.8718473712352298,0.020715866797607143,0.8051623947302857
7,43,pizza_replan_midflight,0.1896144384748623,0.2597189854245555,0.730075385767062,6973.271744192967,6808.340895675887,0.871550024271087,0.020613779342217278,0.8115795054307077
7,44,pizza_replan_midflight,0.1710001752075944,0.2595908115357596,0.6587296915323927,7015.587089629382,6809.641355918231,0.8768387813560032,0.025739999213992094,0.7441759722666773
7,45,pizza_replan_midflight,0.2051132431253683,0.2595695167869914,0.7902054357703676,6943.7622116666535,6809.796445425256,0.8678617937341149,0.01674362782669634,0.8687937119961583
7,46,pizza_replan_midflight,0.2309328071703166,0.2597171159105275,0.8891705360299509,6887.180816366166,6808.502361586867,0.8607900032953588,0.009833577650206161,0.959438854640154
7,47,pizza_replan_midflight,0.1890131884477016,0.2596289760914199,0.7280126867701653,6976.860354811941,6808.947289473954,0.871998544533426,0.020986509853516692,0.8085852347867412
7,48,pizza_replan_midflight,0.1712588757097726,0.2596386442432664,0.659604721819888,7015.226583996837,6809.4491452979255,0.8767937237841316,0.025718964966743068,0.7446665334163406
7,49,pizza_replan_midflight,0.1720005104162827,0.2596603311991043,0.6624058038514742,7014.280634270557,6809.088231570928,0.8766754948469637,0.025645844606877813,0.7469183118588618
7,50,pizza_replan_midflight,0.2130834681075199,0.2595982159651647,0.8208202329715295,6934.8306413278715,6809.6547111248165,0.8667454869801114,0.015645035645926137,0.8969628150318654
7,51,pizza_replan_midflight,0.1730859704876513,0.259580997466611,0.6667898350683962,7014.145115915759,6809.254425712001,0.8766585571698235,0.02560813525856242,0.7507880546622385
8,42,pizza_replan_midflight,0.1707411109661639,0.2423563246891339,0.7045044571672328,7100.738086240647,6940.92977298189,0.8874813256143791,0.019973542464536576,0.7881072028263306
8,43,pizza_replan_midflight,0.1740318197036247,0.2425365603502137,0.7175488077027614,7094.243796324538,6939.353362748528,0.8866696408354628,0.019358884336459287,0.7989738132331449
8,44,pizza_replan_midflight,0.155416269149293,0.2423369241769459,0.6413231069806493,7138.057440788912,6940.768759455826,0.8921456618908776,0.024658002916271224,0.726728800953853
8,45,pizza_replan_midflight,0.1896251836453151,0.2424001807818224,0.7822815273227515,7062.4049991610955,6940.399591317357,0.8826902886090608,0.01524876988423182,0.8629322461470037
8,46,pizza_replan_midflight,0.2110121603785297,0.2425601981862775,0.8699372854918266,7020.178940285249,6939.139975372704,0.8774126909492875,0.010128604538500868,0.9494093482607034
8,47,pizza_replan_midflight,0.1710658704967941,0.2424797311991413,0.7054852364394236,7103.421393093949,6939.523800138646,0.8878166970496124,0.02048463853959537,0.789519639622379
8,48,pizza_replan_midflight,0.1545486082808174,0.2424379242104486,0.6374770316324819,7138.430988876356,6940.238099244967,0.8921923495658488,0.024771014827070285,0.722384660797676
8,49,pizza_replan_midflight,0.1557722339885988,0.2424702744571601,0.6424384776127302,7136.829551495295,6939.764670876747,0.8919921949125478,0.024630031323403096,0.725417817546425
8,50,pizza_replan_midflight,0.1977286893280687,0.2424191674023815,0.8156479186312321,7051.092271141309,6940.411358966495,0.8812763743458704,0.01383338484874563,0.8920173472940894
8,51,pizza_replan_midflight,0.1571951979951617,0.2424511566015287,0.6483582103652896,7136.589015094166,6939.722953106548,0.8919621316203182,0.02460518210068969,0.7329880840727311
9,42,pizza_replan_midflight,0.2067292784579234,0.2648482691458398,0.7805574079250903,6905.181087697174,6771.540860577748,0.8630397559926477,0.016702940522362906,0.8340881179542411
9,43,pizza_replan_midflight,0.1842360948223838,0.2648760405145066,0.6955559078296236,6948.894996962017,6770.826516482493,0.8685033117062888,0.022255778087679503,0.7422689472880244
9,44,pizza_replan_midflight,0.2264787212294931,0.2648220258584895,0.8552110440787672,6865.499360346206,6771.43820295857,0.8580801600232729,0.011756175151560534,0.9108901534484828
9,45,pizza_replan_midflight,0.226019503897939,0.2648058020884083,0.8535292735862333,6864.969098287231,6771.401513226381,0.8580138855502101,0.011694486321815963,0.9094656609958276
9,46,pizza_replan_midflight,0.2055722272219737,0.2648895607678898,0.7760676812858887,6904.312784900365,6770.724490372311,0.862931231708582,0.016696449759786736,0.8230975152781247
9,47,pizza_replan_midflight,0.1842672627187283,0.2648177386587872,0.6958267359731263,6949.017916457011,6770.90271849083,0.868518674722786,0.022261617043642153,0.7422192403841031
9,48,pizza_replan_midflight,0.1854438417100136,0.2648254464501343,0.7002493310057802,6944.252798574893,6771.544853170053,0.8679231094331825,0.021585794951236078,0.7446216940399882
9,49,pizza_replan_midflight,0.2085269934609668,0.2648655647605417,0.7872937112436297,6897.347190261593,6770.764499719553,0.8620606412025488,0.015820858710416188,0.8359927428124012
9,50,pizza_replan_midflight,0.185433618237189,0.264738847619887,0.7004397726450607,6944.549227785132,6771.992256599438,0.8679601584533349,0.0215669255325201,0.7468641429806044
9,51,pizza_replan_midflight,0.2274725204092032,0.2648694491053552,0.8588099578019778,6858.349440341191,6770.977608241648,0.8571865317261832,0.010920113998193114,0.914215641589658
10,42,pizza_replan_midflight,0.181627528283319,0.2079960314516155,0.8732259313590298,7016.005199160114,6941.215815967071,0.8768910385151999,0.009347504461072772,0.9287916503085848
10,43,pizza_replan_midflight,0.1815238060256396,0.2079198972196413,0.8730468245368671,7011.384615888239,6940.5678967736585,0.8763135377938056,0.008850983516382993,0.93460041603258
10,44,pizza_replan_midflight,0.1769758442430336,0.2080005402557218,0.8508431950486977,7027.804930834942,6940.447590406298,0.8783658206267894,0.010918302765734722,0.9100356164189332
10,45,pizza_replan_midflight,0.1848554638740111,0.2079753333582476,0.8888335981440098,7003.628439619011,6940.843699340579,0.8753441369352595,0.00784711164584825,0.9476700822429622
10,46,pizza_replan_midflight,0.1808456789870959,0.2080767110194116,0.8691298420716804,7012.670679572546,6939.769021206439,0.8764742756621104,0.009111568349719643,0.9329974249953156
10,47,pizza_replan_midflight,0.1810848481227612,0.2080054543974739,0.8705774021518177,7015.8398043208,6940.47180686711,0.876870366744257,0.009419822203935745,0.927806610549381
10,48,pizza_replan_midflight,0.1781155832892116,0.2079769689218295,0.8564197478815953,7021.406002767169,6941.575819854055,0.8775660545890726,0.009977525673430094,0.9197141957374252
10,49,pizza_replan_midflight,0.1806775645843613,0.2080587879199075,0.8683966987922344,7014.4406355217,6940.149617662044,0.8766954925036495,0.009285216580384423,0.927265784192998
10,50,pizza_replan_midflight,0.1866372822772085,0.207996176530506,0.897311120763968,7000.633229525945,6940.861038764704,0.8749697824679347,0.007470590021402486,0.951742547414224
10,51,pizza_replan_midflight,0.1855787055252611,0.208007283058732,0.8921740758128258,7003.330702571055,6940.7123512191265,0.8753069244558248,0.007826315629537325,0.949051122550834
11,42,pizza_replan_midflight,0.2560351025245425,0.3522130806680303,0.7269324070501004,6595.422832966358,6359.49009198546,0.8243248135191049,0.029487906634283016,0.8090199701116212
11,43,pizza_replan_midflight,0.2586916002073192,0.3523119672630534,0.7342685581105093,6576.9177494711985,6357.858461922161,0.8220119671880013,0.02737898857005842,0.8119784239383518
11,44,pizza_replan_midflight,0.2344710480431556,0.3521444783379074,0.665837638999309,6636.676977072749,6359.608853307083,0.8294809370169665,0.034629186822355384,0.7522811958753415
11,45,pizza_replan_midflight,0.2837514425421201,0.352109454711031,0.8058614693405182,6525.965128254578,6359.837394317078,0.8156436855711259,0.020763371320772418,0.8798888923186242
11,46,pizza_replan_midflight,0.3119710747049586,0.3523416338127566,0.8854221152608608,6473.989766177423,6357.822701113304,0.8091475773250123,0.014519068249483692,0.9533421889424
11,47,pizza_replan_midflight,0.2612616568075749,0.3521977763124988,0.7418038226787727,6581.042147479677,6358.540523126021,0.8225274525033966,0.027809226890845598,0.8235586495546073
11,48,pizza_replan_midflight,0.2344237470623926,0.3522664110731756,0.6654728912365597,6635.848423851116,6358.890319877955,0.8293773808087884,0.03461543606713675,0.751364519385716
11,49,pizza_replan_midflight,0.2360904150653453,0.3522061219874045,0.6703188852401275,6634.828188419345,6358.796260569044,0.8292498673190032,0.03449967852147246,0.7561976819281605
11,50,pizza_replan_midflight,0.2942718608076458,0.3521641578532622,0.8356099115863498,6516.644764108832,6359.587612206414,0.8144787856653958,0.01962969027651767,0.9059612708270236
11,51,pizza_replan_midflight,0.2388412973485141,0.3521314945318122,0.6782730345266993,6633.231816625747,6358.894880881932,0.8290503457849953,0.03428783098910324,0.7616935781326669
12,42,pizza_replan_midflight,0.2773925882454101,0.3563594470033437,0.778406719894835,6506.377243845314,6329.788958364978,0.813195506042409,0.022070776837937345,0.8257508581125534
12,43,pizza_replan_midflight,0.2500951710060316,0.3564037958959101,0.701718595272968,6560.538551287046,6328.862619706584,0.8199648233079673,0.028955871963562307,0.7425591826691903
12,44,pizza_replan_midflight,0.3032628900931777,0.3563519673445559,0.8510206702463734,6459.7449376202285,6329.578016071047,0.8073671963029907,0.016268831589698926,0.9050123674358572
12,45,pizza_replan_midflight,0.3030141328826521,0.3563393766868091,0.8503526489270784,6458.413490094672,6329.576197802728,0.8072007861635635,0.016102648705404864,0.904231341834904
12,46,pizza_replan_midflight,0.2766492705738711,0.3564539654695416,0.7761150032640339,6512.50997385024,6328.682145313192,0.8139620014810949,0.022975606616303955,0.8243287116305892
12,47,pizza_replan_midflight,0.250262027517537,0.3564252685287512,0.7021444594839367,6560.153166582484,6328.887148259216,0.8199166562407805,0.02890463921050723,0.7428229638757625
12,48,pizza_replan_midflight,0.2500324544813652,0.3563382303406783,0.7016717073616291,6561.608875553775,6329.836650862513,0.8200985971195819,0.028967907098020464,0.7451876126837371
12,49,pizza_replan_midflight,0.2774894524658269,0.3564474959364984,0.7784861883705364,6505.296866844166,6328.614677598728,0.8130604757960462,0.02208251334151208,0.8244258653034342
12,50,pizza_replan_midflight,0.249990707425951,0.3562697550381784,0.7016893909480517,6562.10415001276,6330.394002434146,0.8201604986892589,0.028960148428773147,0.7428009101678736
12,51,pizza_replan_midflight,0.3052940860599317,0.3564220750582861,0.8565521257627116,6448.74686860646,6328.988124921058,0.80599260949962,0.014967971964179715,0.9116639960046372
13,42,pizza_replan_midflight,0.2904071394984914,0.3754045576194222,0.7735844800075669,6455.899740314014,6265.843803290028,0.8068866067134125,0.02375402287513888,0.8240149490503699
13,43,pizza_replan_midflight,0.2625245969968171,0.375467925531924,0.6991931378023821,6510.186072703057,6264.819349500708,0.8136715501441141,0.030667007024415577,0.7462723883045151
13,44,pizza_replan_midflight,0.3172546824050606,0.3753809797751213,0.8451538556778175,6407.769659112072,6265.634420776148,0.8008710985016962,0.017764684206464747,0.9017246128441344
13,45,pizza_replan_midflight,0.3164030369919141,0.3753712281770605,0.8429070030979268,6409.1937423977915,6265.61477124694,0.801049086663891,0.017945128252824825,0.905531368444877
13,46,pizza_replan_midflight,0.2925535448018109,0.3754579916927194,0.7791911512732994,6450.677687485339,6264.724670650302,0.8062339316942057,0.02324122195163573,0.8289018393483644
13,47,pizza_replan_midflight,0.2626193616908288,0.3754174917887513,0.6995394925247799,6509.949116326802,6264.93035826122,0.8136419342990628,0.030623516818595427,0.7463562339216161
13,48,pizza_replan_midflight,0.262407866846978,0.3753670496196377,0.6990700625238094,6511.413833415528,6265.896212147661,0.8138250010518094,0.030685866925117745,0.7481258632589375
13,49,pizza_replan_midflight,0.2883721313462849,0.3754966267478015,0.7679752913998004,6463.415805452881,6264.617547573039,0.8078259974319311,0.024846676400430184,0.8191195774779197
13,50,pizza_replan_midflight,0.2623424072140619,0.3752703446761799,0.6990757754664485,6511.967760509388,6266.481190340633,0.8138942332845129,0.030681986022841626,0.7487449686438405
13,51,pizza_replan_midflight,0.3200560966366745,0.3754443949470769,0.8524726988714002,6394.459697917607,6264.999015705841,0.7992075612945391,0.01618056270613245,0.910334105496746
14,42,pizza_replan_midflight,0.2432682955072485,0.3322086406711459,0.7322756416443132,6624.4647314928625,6396.272752411766,0.8279545971119688,0.028520432331095635,0.8153310573861289
14,43,pizza_replan_midflight,0.2549991326508887,0.3322508805986531,0.7674897119653336,6579.475257031086,6394.435480267571,0.8223316156769261,0.023127081210288086,0.8413100388274194
14,44,pizza_replan_midflight,0.2318644922134424,0.3320583981949754,0.6982642013387599,6646.383945926994,6396.60786550337,0.8306941564713153,0.031218107789479324,0.7821910675520904
14,45,pizza_replan_midflight,0.2876406637445883,0.3321090354560147,0.8661030957788683,6507.900457099613,6396.025230930929,0.8133858839019639,0.013982655439155616,0.932310501355572
14,46,pizza_replan_midflight,0.3019131208295648,0.3322844630286971,0.9085983680298969,6474.42406171995,6394.493622718349,0.8092018574828085,0.009990056118185398,0.971818172668966
14,47,pizza_replan_midflight,0.2659945448531201,0.3321751080534295,0.800766036961251,6568.259832443719,6395.230734084262,0.820929862822612,0.021625934053175457,0.8743584725991075
14,48,pizza_replan_midflight,0.2315268420623991,0.3323547438531493,0.6966256578082697,6644.934276553902,6395.067985887584,0.8305129704479318,0.031229382660457255,0.7828580065166406
14,49,pizza_replan_midflight,0.2319902151304554,0.3323098326411558,0.6981142065121185,6644.372513263753,6395.374492158947,0.8304427588131175,0.031120862530284458,0.7811575045389112
14,50,pizza_replan_midflight,0.2935872912083884,0.3320845590050705,0.8840738999969755,6497.476508686748,6396.184653523891,0.812083053204193,0.012659899407931165,0.9444506468786568
14,51,pizza_replan_midflight,0.2354413305233539,0.3320999675786356,0.7089471650357974,6641.862780778485,6395.674623590766,0.8301290814621278,0.030769673439285,0.7888867558722897
15,42,pizza_replan_midflight,0.2752991650379798,0.3688269755950076,0.7464181940430341,6327.789432074846,6129.718717411572,0.7908748196568987,0.02475574486480126,0.7797044528302096
15,43,pizza_replan_midflight,0.262785860895895,0.3687962553720428,0.7125502416796391,6353.189386402067,6129.119129839837,0.7940494171231179,0.028005281410102435,0.7481950364645785
15,44,pizza_replan_midflight,0.3154076315103779,0.3688048080604477,0.8552156170878392,6257.140246403306,6129.103852637088,0.7820447752035129,0.016002548902164564,0.8970410900318059
15,45,pizza_replan_midflight,0.3050248127905897,0.3687710509395768,0.8271387138806838,6272.046728702085,6129.733730376638,0.7839078526061848,0.01778690142800233,0.8691109187301438
15,46,pizza_replan_midflight,0.3062669405139907,0.3688850551658162,0.830250334691173,6269.186005966395,6128.272533930366,0.7835503069574297,0.017611982506690278,0.8702340380295598
15,47,pizza_replan_midflight,0.2623879306593674,0.3687614143676641,0.7115384648073843,6355.094046357838,6129.302805256249,0.7942874698609972,0.02822037759049988,0.7483620275523035
15,48,pizza_replan_midflight,0.2626343553179517,0.3687205518745854,0.7122856428336078,6354.362251093964,6130.085709938466,0.7941960068858848,0.028031063761467107,0.7484474325369906
15,49,pizza_replan_midflight,0.2750368352397073,0.368892622344411,0.7455742364587691,6328.289189679025,6128.5965749738825,0.7909372815496845,0.024958457031013955,0.7784901900361195
15,50,pizza_replan_midflight,0.2625533326513353,0.3686362292596919,0.7122287822295817,6355.15691554748,6130.988232934573,0.7942953275274941,0.0280175831287223,0.7444769618265883
15,51,pizza_replan_midflight,0.3059345642594931,0.3688472968693185,0.8294342044965151,6267.308863813883,6128.996106802126,0.783315693515046,0.017286933759749736,0.8712109777427911
20,42,pizza_replan_midflight,0.096468684901163,0.1494347184902829,0.6455573769989466,7451.371753202908,7338.1591102901875,0.9313050560183612,0.014149811637635318,0.7096768844250907
20,43,pizza_replan_midflight,0.0876382691010754,0.1494493313388369,0.5864079037087077,7469.268346518291,7337.890128927505,0.9335418505834634,0.016420224670764334,0.6495436021888656
20,44,pizza_replan_midflight,0.1067169516690348,0.1494297826969144,0.7141611915844566,7433.110374418777,7338.197085963473,0.929022668968726,0.011862678222135195,0.7792786400632371
20,45,pizza_replan_midflight,0.1075875394172348,0.1494496915593581,0.7198913446703462,7429.5216959552945,7338.072989893764,0.9285741402268834,0.011429659550247492,0.7848834412815112
20,46,pizza_replan_midflight,0.0989252668163862,0.1494930279289468,0.6617383311240764,7446.866993992749,7337.562234925894,0.9307420314951567,0.013661387209955604,0.7241821296500288
20,47,pizza_replan_midflight,0.0988835868364448,0.1494176955500123,0.6617930123500466,7447.237048430719,7337.8811215810365,0.9307882825185251,0.013667782383412432,0.7249241696217477
20,48,pizza_replan_midflight,0.1067551964819812,0.1494607985595146,0.7142688752560877,7432.336960979437,7338.165565942396,0.9289260043718832,0.011769953135488226,0.7790774072992988
20,49,pizza_replan_midflight,0.1076103848682755,0.1494672387146987,0.7199596767401379,7429.087480137581,7337.625991066057,0.9285198700334435,0.011431257226787131,0.784922080348196
20,50,pizza_replan_midflight,0.0875708435679766,0.1493870347222668,0.5862010965729664,7469.970475979582,7338.5656614353775,0.9336296057967232,0.016423548874416296,0.6484657027118725
20,51,pizza_replan_midflight,0.087618020971993,0.1494308831802383,0.5863447977237156,7469.362320636757,7337.950445685938,0.9335535958801097,0.016424431314938103,0.6483212953482927
25,42,pizza_replan_midflight,0.0959587857168831,0.1063175431229713,0.9025677503278379,7579.685497915825,7554.6518302134045,0.9473422694557961,0.0031288173606325016,0.986738997043368
25,43,pizza_replan_midflight,0.0948425695139619,0.1064387718215346,0.8910528362069415,7583.453865057249,7553.76668512477,0.9478132564750967,0.003710433687348844,0.975764052802543
25,44,pizza_replan_midflight,0.0959764098621421,0.1063563171883819,0.9024044118803536,7579.466014263968,7554.368656795759,0.9473148374283175,0.0031367775863277627,0.9866629267918108
25,45,pizza_replan_midflight,0.0947998036125372,0.1063572723922725,0.8913335353589322,7583.92363311288,7554.311268334099,0.9478719701428422,0.0037010829619774704,0.9759224908960672
25,46,pizza_replan_midflight,0.0948056928613845,0.1063749189447688,0.891241035028274,7583.807119171706,7554.238385759683,0.9478574077204982,0.0036956297227875258,0.9755683980876576
25,47,pizza_replan_midflight,0.0954545296124123,0.1063811032429959,0.8972883971166843,7581.34300135856,7554.045339241917,0.9475494314908837,0.003411781291918954,0.9815469001768105
25,48,pizza_replan_midflight,0.0954400996282965,0.1063493922384222,0.8974202637127591,7581.648171203806,7554.428303587571,0.9475875729538565,0.003402058194755056,0.9815157355914976
25,49,pizza_replan_midflight,0.0948151322369251,0.1063893328974404,0.8912090117937589,7583.6480305634,7554.012912238817,0.9478375241299088,0.003703926799722953,0.9757954360407122
25,50,pizza_replan_midflight,0.0959853978242344,0.1063265675426686,0.9027414318224435,7579.477591963234,7554.489110552408,0.9473162844598467,0.003123169780130664,0.9868363086941068
25,51,pizza_replan_midflight,0.095253167882743,0.1063571423244346,0.895597284780182,7582.392132479999,7554.297567248552,0.9476805564904386,0.003511381731214552,0.980034925206924
30,42,pizza_replan_midflight,0.1596730188158769,0.2187054753492475,0.7300824021936233,7227.004951001632,7094.5275830294595,0.9032627110363245,0.016557601296359574,0.7952514739038232
30,43,pizza_replan_midflight,0.1348670606810209,0.2189166902257578,0.6160656848134295,7274.285058763164,7093.098724957129,0.9091719858471645,0.022645461043123958,0.684770819756544
30,44,pizza_replan_midflight,0.1193924350455376,0.2187407994828749,0.5458169455711658,7308.656388928554,7094.476508038384,0.9134678651329277,0.02676913896890018,0.6185806452739746
30,45,pizza_replan_midflight,0.1446847396600175,0.2187178372692858,0.6615132147721513,7259.195368591859,7094.431134916726,0.9072860103226921,0.020592955090005405,0.7320938909215778
30,46,pizza_replan_midflight,0.156104472648225,0.2188298108024695,0.7133601773715164,7232.961991436545,7093.506889947917,0.9040072480235651,0.017429708972456867,0.7799693401546026
30,47,pizza_replan_midflight,0.1348298608327501,0.2188161689162326,0.6161786923724352,7274.678154435021,7093.508144419497,0.9092211166647944,0.022643420824337457,0.684033873340349
30,48,pizza_replan_midflight,0.1447110878217182,0.2187272793838335,0.6616051195323104,7258.87964217279,7094.221814628392,0.9072465494529172,0.0205796559860515,0.7327864826995918
30,49,pizza_replan_midflight,0.134801710233245,0.2188618087599277,0.6159215762541317,7274.50093608866,7093.236646527672,0.90919896714019,0.022655204294586662,0.6836320247812638
30,50,pizza_replan_midflight,0.1346891783393122,0.2187113810427191,0.6158306792137374,7275.451645231373,7094.065718418793,0.9093177909300554,0.022670407050691135,0.6850638143994822
30,51,pizza_replan_midflight,0.1588537383736294,0.2188469420930492,0.72586684033304,7230.608117541793,7093.4964073022375,0.9037130505614039,0.017136821677234793,0.7927744531819579
1,42,pizza_fixed_midflight,0.288373925488857,0.3213228108631779,0.897458617127712,6594.619566822688,6524.597600763783,0.824224417800611,0.008751651800888076,0.9562129528616874
1,43,pizza_fixed_midflight,0.3097125805509335,0.3213903899107904,0.9636647213903988,6547.302309152637,6523.86107477568,0.8183104998316006,0.002929788073610342,1.0310369910622503
1,44,pizza_fixed_midflight,0.3096563439656858,0.3213288660540028,0.963674218778853,6547.863517248124,6524.404169127185,0.818380642075756,0.002932052008616243,1.030719818976182
1,45,pizza_fixed_midflight,0.3095726461274477,0.3212606928692049,0.9636181860987403,6548.04450472562,6524.5450660752285,0.8184032626828671,0.002937062698461606,1.0307479840566562
1,46,pizza_fixed_midflight,0.3098064728872879,0.3214948607937711,0.963643624418678,6546.372377354482,6522.910720023822,0.8181942728851995,0.002932340623754451,1.0307244751473177
1,47,pizza_fixed_midflight,0.3027714950219359,0.321312510527152,0.9422960049865556,6560.738361664283,6523.961245852118,0.8199897964834749,0.004596564905907386,1.01141917704579
1,48,pizza_fixed_midflight,0.3096266900809456,0.3213147299712688,0.9636243259331176,6548.1958624731715,6524.697247708946,0.8184221800366418,0.0029369597255625235,1.0308966854819075
1,49,pizza_fixed_midflight,0.2936935967428127,0.3213918532750203,0.9138178013849476,6581.249285865174,6523.614308967391,0.822553341565451,0.007203471678263144,0.9747968564043096
1,50,pizza_fixed_midflight,0.2891206622236481,0.3212391706785337,0.9000168367168808,6594.098131730426,6524.978483668797,0.8241592465604831,0.008638876148185108,0.9618546866457732
1,51,pizza_fixed_midflight,0.2892888239008723,0.3213736747698384,0.9001634129119485,6592.724594078362,6523.697364359083,0.8239875758128187,0.008627325299247545,0.9619808107202706
2,42,pizza_fixed_midflight,0.2308922437047428,0.2450703044824599,0.9421469655099243,6870.947822538087,6840.011965109698,0.8587611326756764,0.0038664988661903225,1.007811646282152
2,43,pizza_fixed_midflight,0.2279102021414928,0.2452080946732054,0.929456274456331,6874.567874254925,6838.454139404043,0.8592135825840427,0.004513652649779013,0.9891678697479064
2,44,pizza_fixed_midflight,0.2303888477969519,0.2450010520623525,0.9403586060451617,6870.726720379328,6840.191944135221,0.858733498360121,0.0038163699842653394,1.0056355679320876
2,45,pizza_fixed_midflight,0.2238453124016673,0.245004104998543,0.913639028223623,6884.743791668633,6840.215860014899,0.8604854132819189,0.005565295794742459,0.9713894626075918
2,46,pizza_fixed_midflight,0.2240236191385593,0.2452347591591544,0.9135067961274228,6883.101492222061,6838.410062709759,0.860280151508819,0.005585730472728712,0.9713497299626788
2,47,pizza_fixed_midflight,0.2304458624586012,0.2450508278049572,0.9404002611328435,6870.049499158006,6839.518820224729,0.8586488562877148,0.003815857884424092,1.0057453653619854
2,48,pizza_fixed_midflight,0.2236037371506629,0.2451021889118027,0.9122878018487393,6885.273625667235,6839.681802645772,0.8605516342541226,0.005698265594483554,0.970654500741578
2,49,pizza_fixed_midflight,0.2304461759952619,0.2450517276160533,0.9403980875267473,6870.297642020746,6839.762527244961,0.8586798702688097,0.003816412295436155,1.0057767569697396
2,50,pizza_fixed_midflight,0.2235836349955249,0.2450658326435867,0.9123411149717284,6885.387864765412,6839.917094211235,0.8605659123566319,0.005683135927281196,0.9708730413499108
2,51,pizza_fixed_midflight,0.2238272398646464,0.2450002363725864,0.9135796894671523,6884.320860829054,6839.770325360979,0.8604325535344399,0.005568120918394625,0.9716210884356902
3,42,pizza_fixed_midflight,0.2554479708299736,0.2730617237972638,0.9354953425095653,6745.287194202311,6708.3072099894225,0.8430555173356219,0.004621920286575262,0.9916562804422898
3,43,pizza_fixed_midflight,0.2543905823578877,0.2731148492280624,0.9314417838389331,6748.266761926628,6707.151368019467,0.8434279167512345,0.00513878189065879,0.9876146805221772
3,44,pizza_fixed_midflight,0.2560834404382121,0.2730358904719028,0.9379112760436333,6744.060213712869,6707.9965363826805,0.8429021639436157,0.004507396241743346,0.9957259494554096
3,45,pizza_fixed_midflight,0.2492387351315302,0.2729944558563985,0.9129809407654624,6759.626851263624,6708.327027563501,0.8448477504391482,0.006411676502952499,0.9693412564483608
3,46,pizza_fixed_midflight,0.2543830979880057,0.2731141897842423,0.9314166290259982,6748.184651738941,6707.033663746842,0.8434176542605851,0.005143230595188044,0.9876300202728044
3,47,pizza_fixed_midflight,0.2493097572241434,0.2730654785589232,0.9130035716702516,6758.476681229286,6707.180533868955,0.8447039971540166,0.006411217017914237,0.9696932768341514
3,48,pizza_fixed_midflight,0.2561012799816876,0.2730992530198181,0.9377589910987526,6744.033394489726,6707.81411847003,0.8428988119597207,0.004526843647006102,0.9956707685020364
3,49,pizza_fixed_midflight,0.2492865860768423,0.2730745628082093,0.9128883463668704,6759.05552271776,6707.714783813898,0.844776343296808,0.0064167902641997345,0.9692970200045112
3,50,pizza_fixed_midflight,0.2546661904600087,0.2730081089685525,0.9328154809106547,6747.473124724872,6708.198864299339,0.8433287245000465,0.004908668969570392,0.989832595857891
3,51,pizza_fixed_midflight,0.2554408863567885,0.2730166386008212,0.935623878697993,6744.53385133465,6707.632437055771,0.8429613612466754,0.004612100272325746,0.9918444087772676
4,42,pizza_fixed_midflight,0.2560673611485148,0.2733673304001504,0.9367153008872268,6742.971482147734,6707.376174710978,0.8427660895072783,0.004448857322429112,0.995425107566015
4,43,pizza_fixed_midflight,0.2562948037201176,0.2736195491519558,0.9366830861115963,6740.742755707786,6705.113304374192,0.8424875335217831,0.00445312477610227,0.995205126576547
4,44,pizza_fixed_midflight,0.2513654358888069,0.2734820495502845,0.9191295600649246,6753.542560447357,6706.595242845004,0.8440873091422768,0.005867681240139107,0.9745028457180436
4,45,pizza_fixed_midflight,0.2512756979198093,0.2734044832523512,0.9190620977779755,6753.746060209562,6706.7693563304565,0.844112743433266,0.005871354065629936,0.9746505937220212
4,46,pizza_fixed_midflight,0.2510734166085864,0.2734888171197838,0.9180390600710383,6753.607365819673,6706.1196732236385,0.8440954088013589,0.005935219672045284,0.9735152041889475
4,47,pizza_fixed_midflight,0.2562328391662081,0.2735618788900723,0.9366540404161077,6740.967132881466,6705.356569051906,0.8425155771630378,0.004450764133178277,0.995154205446536
4,48,pizza_fixed_midflight,0.2533405415734575,0.2733918098194491,0.9266573923365382,6750.02771825454,6706.85292547541,0.8436480087807199,0.005396174575569223,0.9855243532012372
4,49,pizza_fixed_midflight,0.2561640574066063,0.2734972503292938,0.9366238859739243,6741.719241402872,6706.069448230297,0.8426095789779868,0.004455667188173391,0.995130893564079
4,50,pizza_fixed_midflight,0.2592871839533237,0.2734626037381461,0.9481632238154358,6736.645530157155,6706.387431345993,0.841975444339102,0.0037817896276918133,1.0094600179369069
4,51,pizza_fixed_midflight,0.2511133707255519,0.273549864229312,0.917980242589512,6753.341764485842,6705.848113232458,0.8440622127841322,0.00593596441112162,0.9734697104447056
5,42,pizza_fixed_midflight,0.2596614393282008,0.280504314136202,0.925694993775102,6736.263059983455,6691.890623326706,0.841927641542739,0.005545861349424885,0.9829497288529334
5,43,pizza_fixed_midflight,0.2634382666069765,0.2807166360434271,0.9384490720607751,6724.972664232388,6689.575158401641,0.8405165184642405,0.004424135211941873,0.9985922822324452
5,44,pizza_fixed_midflight,0.2600395675640499,0.2805731323617729,0.9268156411667854,6734.733778558168,6691.109630272681,0.8417365052566139,0.0054523369935616335,0.9861311810571884
5,45,pizza_fixed_midflight,0.2586328983224629,0.2805099665246738,0.9220096580764926,6737.8634393840375,6691.316790396685,0.842127663965009,0.005817603922928691,0.9803686849770088
5,46,pizza_fixed_midflight,0.2590268582125887,0.28056957972092,0.9232179000668581,6735.6892880815685,6690.591077149578,0.8418559290190687,0.005636571795024403,0.9815429636762464
5,47,pizza_fixed_midflight,0.2633788419533909,0.2806777622197041,0.9383673286778871,6725.356802103826,6689.901405500022,0.8405645296967662,0.004431370654143823,0.998641858566088
5,48,pizza_fixed_midflight,0.260015022959902,0.2804824887329723,0.9270276520094772,6734.915331038761,6691.345653535298,0.8417591964802851,0.005445528996808277,0.986430205555502
5,49,pizza_fixed_midflight,0.258708827453052,0.2805858302374351,0.92203097795113,6736.889634479443,6690.420849313197,0.8420059535657347,0.0058078721617604865,0.9803097720767184
5,50,pizza_fixed_midflight,0.2597345403116644,0.2805763381191558,0.9257179064093414,6735.292729049431,6690.913301631751,0.8418063653355119,0.005546735085324314,0.9828818893524938
5,51,pizza_fixed_midflight,0.2587591438894927,0.2806387044607799,0.922036553677346,6736.801833650492,6690.298432619074,0.8419949798338323,0.005812198604101678,0.9803806174698269
6,42,pizza_fixed_midflight,0.2477353738165507,0.2667532651266294,0.9287060598825255,6809.247800841132,6768.433450213685,0.8510495939059032,0.005101156183907812,0.9903072311058602
6,43,pizza_fixed_midflight,0.2468372324737898,0.2667971843730171,0.9251867970565961,6809.916607961252,6767.7002122977665,0.8511331843471132,0.0052763899091970825,0.9862223125568266
6,44,pizza_fixed_midflight,0.2477207022246718,0.2667366258981858,0.9287089892155551,6809.103159841769,6768.290926091638,0.8510315160407161,0.005100891607315558,0.990382068642523
6,45,pizza_fixed_midflight,0.2476901085709822,0.2667288437432139,0.9286213860299236,6809.1442963333175,6768.278719920918,0.8510366574594822,0.00510755860672411,0.9903969048222616
6,46,pizza_fixed_midflight,0.2477812923457495,0.2667888719773055,0.9287542261763718,6808.406945163232,6767.643211168454,0.8509445000828937,0.005094829895610273,0.9903878397027014
6,47,pizza_fixed_midflight,0.2465878253140769,0.2667598599201418,0.9243812970508245,6810.546397607415,6767.787002572986,0.8512118982136502,0.005344256347260213,0.985564854941908
6,48,pizza_fixed_midflight,0.2476880468481436,0.266725543843318,0.928625145080377,6809.3511309934265,6768.474837248006,0.8510625085606083,0.005108898105914298,0.9905178515082288
6,49,pizza_fixed_midflight,0.2471187736395894,0.266815936516608,0.926176962537646,6809.254226896544,6767.5674837366405,0.8510503970624352,0.0052101916210353615,0.9875366185928164
6,50,pizza_fixed_midflight,0.2466856483832911,0.2666598749235663,0.9250947427092265,6811.225052189337,6768.886517665262,0.8512967194337379,0.005291655358589543,0.9861750546493454
6,51,pizza_fixed_midflight,0.2466107096952348,0.2667808640009337,0.9243942987394017,6810.611643269385,6767.835814135077,0.8512200529020604,0.0053463103529943715,0.9855356667152504
7,42,pizza_fixed_midflight,0.2399443624504111,0.2595916624458947,0.9243145954289707,6850.313252141597,6809.903167005419,0.8561821337509808,0.005050629313358101,0.9868283261330368
7,43,pizza_fixed_midflight,0.240136188609728,0.2597189854245555,0.9246000565464397,6850.130379238848,6808.340895675887,0.8561592774951691,0.005223032566299378,0.9869096198256724
7,44,pizza_fixed_midflight,0.2406341718428865,0.2595908115357596,0.9269749203343365,6849.928640700227,6809.641355918231,0.8561340633296122,0.005035281187601085,0.9900486758833408
7,45,pizza_fixed_midflight,0.239963809361268,0.2595695167869914,0.9244683749139453,6850.102453556559,6809.796445425256,0.8561557872211673,0.005037621313748696,0.9869236451041968
7,46,pizza_fixed_midflight,0.2395412699303075,0.2597171159105275,0.9223160710471983,6851.271227039182,6808.502361586867,0.856301865646692,0.005345440001539229,0.9834283318396017
7,47,pizza_fixed_midflight,0.2394735680632455,0.2596289760914199,0.9223684184577405,6851.740724205196,6808.947289473954,0.8563605454574673,0.0053485107775580664,0.983661508460062
7,48,pizza_fixed_midflight,0.2403277131435142,0.2596386442432664,0.9256238178410031,6849.431163203253,6809.4491452979255,0.8560718864146049,0.0049971275972163064,0.987344545596435
7,49,pizza_fixed_midflight,0.2395045151766907,0.2596603311991043,0.9223762215455298,6851.886227856892,6809.088231570928,0.8563787311407189,0.00534908090063298,0.9836120328920956
7,50,pizza_fixed_midflight,0.2399925085394413,0.2595982159651647,0.9244767251083332,6849.958866313371,6809.6547111248165,0.856137841059039,0.005037389724853698,0.987102264152234
7,51,pizza_fixed_midflight,0.2394255894384367,0.259580997466611,0.9223540697320618,6852.04988864589,6809.254425712001,0.8563991861824635,0.005348764271202251,0.983772754491811
8,42,pizza_fixed_midflight,0.2252162126367602,0.2423563246891339,0.9292772240445591,6973.878660927873,6940.92977298189,0.8716258793810615,0.004118096231218996,1.002461847372044
8,43,pizza_fixed_midflight,0.2254115013689951,0.2425365603502137,0.9293918452686446,6972.347919133787,6939.353362748528,0.8714345605716519,0.004123804072648392,1.0023205530573167
8,44,pizza_fixed_midflight,0.222221844432114,0.2423369241769459,0.9169953988103581,6982.1748799637735,6940.768759455826,0.8726627771483282,0.005175118173721771,0.9885975268765947
8,45,pizza_fixed_midflight,0.2222986982179702,0.2424001807818224,0.9170731535800916,6981.780661278179,6940.399591317357,0.8726135059715259,0.00517198724669692,0.9887008651013076
8,46,pizza_fixed_midflight,0.2221078465518963,0.2425601981862775,0.9156813368915764,6982.705616513225,6939.139975372704,0.8727291109252875,0.0054450245145008895,0.9910400583522267
8,47,pizza_fixed_midflight,0.2218219623763409,0.2424797311991413,0.9148062037159106,6982.464893844658,6939.523800138646,0.8726990243525382,0.005366965842521184,0.9891352038123749
8,48,pizza_fixed_midflight,0.225297812158022,0.2424379242104486,0.929301027847656,6973.1848817615655,6940.238099244967,0.8715391678242177,0.004117833085439124,1.0026760554986784
8,49,pizza_fixed_midflight,0.2238137678395633,0.2424702744571601,0.9230565203946555,6976.578825726586,6939.764670876747,0.8719633577960987,0.004601194206953983,0.9951719451183624
8,50,pizza_fixed_midflight,0.2237681600293553,0.2424191674023815,0.9230629839509836,6977.161417258762,6940.411358966495,0.8720361726357658,0.004593183138641116,0.995524824628724
8,51,pizza_fixed_midflight,0.2223360983413714,0.2424511566015287,0.9170345955774647,6981.1245872479485,6939.722953106548,0.8725315069676226,0.0051745574479941,0.9886947740747212
9,42,pizza_fixed_midflight,0.2445149745300694,0.2648482691458398,0.9232266282828762,6815.893389208453,6771.540860577748,0.8518801886274783,0.005543373157193465,0.9799790224818572
9,43,pizza_fixed_midflight,0.2476996853787035,0.2648760405145066,0.9351532320460582,6807.225583651167,6770.826516482493,0.8507968483503521,0.004549314731742702,0.993932801375722
9,44,pizza_fixed_midflight,0.2447106020850628,0.2648220258584895,0.9240568313446349,6814.989771656119,6771.43820295857,0.851767250550696,0.005443265678983708,0.9810665475908024
9,45,pizza_fixed_midflight,0.2466768881449983,0.2648058020884083,0.931538834117549,6810.247383996442,6771.401513226381,0.8511745261837823,0.004855126955388212,0.9902901122080054
9,46,pizza_fixed_midflight,0.2467689130381504,0.2648895607678898,0.9315916879577688,6809.474559563396,6770.724490372311,0.851077935203524,0.004843153254728728,0.990066641174631
9,47,pizza_fixed_midflight,0.2476195623989543,0.2648177386587872,0.9350565549462967,6807.4318770076625,6770.90271849083,0.8508226317969831,0.004565574117839329,0.9940538558132824
9,48,pizza_fixed_midflight,0.2466908103638542,0.2648254464501343,0.9315223052415593,6810.374256206327,6771.544853170053,0.8511903832278874,0.00485306874594101,0.9902961774048726
9,49,pizza_fixed_midflight,0.2467529815395778,0.2648655647605417,0.9316159379293454,6809.496510314488,6770.764499719553,0.8510806787044729,0.004840896212340303,0.9903693722951546
9,50,pizza_fixed_midflight,0.2443941947950296,0.264738847619887,0.9231519929630112,6816.425148169852,6771.992256599438,0.8519466501899577,0.005553417269143061,0.9800743225357198
9,51,pizza_fixed_midflight,0.2455094915713769,0.2648694491053552,0.926907547852838,6811.955581408623,6770.977608241648,0.8513880241730563,0.005121606445066249,0.9843374777802324
10,42,pizza_fixed_midflight,0.2030045804779186,0.2079960314516155,0.9760021816817308,6953.231844540727,6941.215815967071,0.8690453498988535,0.0015018158447264733,1.025713379383732
10,43,pizza_fixed_midflight,0.202929226417823,0.2079198972196413,0.9759971466485178,6952.632272602283,6940.5678967736585,0.8689704127736886,0.0015078584962659892,1.0255014288131878
10,44,pizza_fixed_midflight,0.2030068859695661,0.2080005402557218,0.975992109058869,6952.507146283084,6940.447590406298,0.8689547739386432,0.001507256077588483,1.0260356572094247
10,45,pizza_fixed_midflight,0.1954837791518874,0.2079753333582476,0.9399373281212974,6961.302116133551,6940.843699340579,0.8700540077657232,0.0025569824763119046,0.9800832378025036
10,46,pizza_fixed_midflight,0.1960157067244803,0.2080767110194116,0.9420357798052367,6963.382862545517,6939.769021206439,0.8703140685596197,0.0029513612472288633,0.9850441008700008
10,47,pizza_fixed_midflight,0.2030140486537225,0.2080054543974739,0.9760034862633293,6952.5487178934945,6940.47180686711,0.8689599697404693,0.0015094252001480503,1.0260267886742278
10,48,pizza_fixed_midflight,0.1959161958860134,0.2079769689218295,0.9420090931301662,6965.117082266712,6941.575819854055,0.8705308189309726,0.002942290015330156,0.9848695509581096
10,49,pizza_fixed_midflight,0.1962152158925185,0.2080587879199075,0.9430758385848705,6965.356666177566,6940.149617662044,0.8705607631767986,0.0031504872535335357,0.9916270123941628
10,50,pizza_fixed_midflight,0.1961464058416159,0.207996176530506,0.9430289013646742,6966.091769689949,6940.861038764704,0.8706526396312897,0.0031534471847574855,0.992093068579628
10,51,pizza_fixed_midflight,0.1959799586720271,0.208007283058732,0.9421783496719732,6964.197196166599,6940.7123512191265,0.8704158475398823,0.002935238713594811,0.9850559729929528
11,42,pizza_fixed_midflight,0.3256045422867407,0.3522130806680303,0.9244532930724148,6414.552321334763,6359.49009198546,0.8017188253136812,0.006881918428859315,0.9799111324221728
11,43,pizza_fixed_midflight,0.3272570316585736,0.3523119672630534,0.9288842334845454,6411.332288508502,6357.858461922161,0.8013163715171231,0.006683392899180189,0.9853366261505774
11,44,pizza_fixed_midflight,0.326161068226813,0.3521444783379074,0.9262137795437432,6415.482887386919,6359.608853307083,0.8018351315319234,0.0069833813373123155,0.984012845124193
11,45,pizza_fixed_midflight,0.3255793997304114,0.352109454711031,0.9246539545426513,6414.672595651348,6359.837394317078,0.801733857724203,0.006853543473849531,0.9799652403187392
11,46,pizza_fixed_midflight,0.3261429228761542,0.3523416338127566,0.925644010180968,6412.218569004872,6357.822701113304,0.8014271427327674,0.006798633657238824,0.9817132980543656
11,47,pizza_fixed_midflight,0.3256583138434662,0.3521977763124988,0.9246461384654382,6413.37682728829,6358.540523126021,0.8015719069226709,0.006853681310119834,0.9801330103351044
11,48,pizza_fixed_midflight,0.3262351740912156,0.3522664110731756,0.9261035507113604,6414.973688086509,6358.890319877955,0.8017714895746169,0.007009544832965132,0.9839006960369212
11,49,pizza_fixed_midflight,0.325943884029523,0.3522061219874045,0.9254350327311441,6413.270139015427,6358.796260569044,0.801558572555359,0.0068083837578282,0.981472410039451
11,50,pizza_fixed_midflight,0.3263910585349278,0.3521641578532622,0.9268150981762504,6416.701873904943,6359.587612206414,0.8019874858023925,0.007138390413514427,0.9873456237713432
11,51,pizza_fixed_midflight,0.3259538476184492,0.3521314945318122,0.9256594558570561,6413.18602108611,6358.894880881932,0.8015480591283727,0.0067855443324806005,0.9817676625551046
12,42,pizza_fixed_midflight,0.3289292867356818,0.3563594470033437,0.9230267066067016,6387.473824289232,6329.788958364978,0.798334436231625,0.007209707027153375,0.9723207768914328
12,43,pizza_fixed_midflight,0.3296664474662697,0.3564037958959101,0.9249801805212838,6385.470153697272,6328.862619706584,0.7980840087110701,0.007075057366665098,0.9744672891116744
12,44,pizza_fixed_midflight,0.3297157965958953,0.3563519673445559,0.9252531957459178,6386.836030749154,6329.578016071047,0.7982547220033939,0.007156357290102052,0.9752366264857092
12,45,pizza_fixed_midflight,0.3296286309132407,0.3563393766868091,0.9250412737937609,6386.2475481073425,6329.576197802728,0.7981811708670594,0.007083033408900745,0.9746703876625368
12,46,pizza_fixed_midflight,0.3298115560776823,0.3564539654695416,0.9252570823366647,6385.9055233276495,6328.682145313192,0.798138423113067,0.007152028248276092,0.975121835149634
12,47,pizza_fixed_midflight,0.3297256972076064,0.3564252685287512,0.9250906889083509,6385.404865852659,6328.887148259216,0.7980758487504885,0.007063831720215372,0.9748057605169232
12,48,pizza_fixed_midflight,0.3308712223582735,0.3563382303406783,0.9285313620206931,6385.082180996267,6329.836650862513,0.7980355181847603,0.006904828163198859,0.9809304725434544
12,49,pizza_fixed_midflight,0.3297620190631415,0.3564474959364984,0.9251349015561301,6385.060536440329,6328.614677598728,0.798032812953422,0.00705485049888776,0.9748255129067006
12,50,pizza_fixed_midflight,0.3295575079674271,0.3562697550381784,0.9250224115491117,6387.0009668967,6330.394002434146,0.7982753364450319,0.007074986184546189,0.9747294135607136
12,51,pizza_fixed_midflight,0.3297658268033222,0.3564220750582861,0.9252115676319859,6386.237123424552,6328.988124921058,0.798179867944576,0.007155230409135554,0.9751747395759176
13,42,pizza_fixed_midflight,0.3472633141711785,0.3754045576194222,0.925037555146646,6325.371568181355,6265.843803290028,0.7905726244446137,0.007440040606340085,0.981635389311854
13,43,pizza_fixed_midflight,0.3470593370825752,0.375467925531924,0.9243381750675441,6325.711022467628,6264.819349500708,0.7906150509270876,0.007610507807389069,0.9808906098189318
13,44,pizza_fixed_midflight,0.3473471691199599,0.3753809797751213,0.9253190434103625,6324.392898980687,6265.634420776148,0.7904503060843253,0.007343891789093819,0.9817691845839592
13,45,pizza_fixed_midflight,0.3473332403818928,0.3753712281770605,0.9253059752839066,6324.324844089207,6265.61477124694,0.7904418002861151,0.007337841875048935,0.981814067337718
13,46,pizza_fixed_midflight,0.3473376730308514,0.3754579916927194,0.9251039549455586,6324.161141862852,6264.724670650302,0.7904213400653483,0.007428630322778378,0.9816512446472356
13,47,pizza_fixed_midflight,0.3470133768619458,0.3754174917887513,0.9243399267533634,6325.8752156980345,6264.93035826122,0.7906355725156898,0.0076171550352223906,0.9809249832971796
13,48,pizza_fixed_midflight,0.3488883494891321,0.3753670496196377,0.9294591782700782,6325.141153189336,6265.896212147661,0.7905438261703958,0.007404692043704,0.9923397087351976
13,49,pizza_fixed_midflight,0.3474592682656923,0.3754966267478015,0.9253325955949527,6323.330309046011,6264.617547573039,0.7903174989433834,0.007338177911882576,0.9818280062228486
13,50,pizza_fixed_midflight,0.347350980477826,0.3752703446761799,0.9256019970817425,6325.22115207544,6266.481190340633,0.7905538247813323,0.007341577519660963,0.9824173338649504
13,51,pizza_fixed_midflight,0.3470610495784226,0.3754443949470769,0.9244006682463451,6325.804371700145,6264.999015705841,0.7906267181227528,0.007599719534346167,0.9811314993782072
14,42,pizza_fixed_midflight,0.2992167770432372,0.3322086406711459,0.9006893271612177,6466.576811550986,6396.272752411766,0.8082210738096471,0.00878690902877391,0.9448821761513048
14,43,pizza_fixed_midflight,0.2993530071550349,0.3322508805986531,0.9009848419834359,6464.426183982004,6394.435480267571,0.8079522789628801,0.0087477444962421,0.9450345896369796
14,44,pizza_fixed_midflight,0.311126228057228,0.3320583981949754,0.9369623829677797,6443.708413977609,6396.60786550337,0.8053628813870277,0.0058868327051917356,0.9915534838647748
14,45,pizza_fixed_midflight,0.3321090354560147,0.3321090354560147,1.0,6396.025230930929,6396.025230930929,0.7994032284628083,0.0,1.0638089950868022
14,46,pizza_fixed_midflight,0.3322844630286971,0.3322844630286971,1.0,6394.493622718349,6394.493622718349,0.799211801364623,0.0,1.0636446402986408
14,47,pizza_fixed_midflight,0.2993323596143431,0.3321751080534295,0.9011282072532548,6464.995865587713,6395.230734084262,0.8080234802634312,0.008719551493994613,0.9453001073900332
14,48,pizza_fixed_midflight,0.3113145082475702,0.3323547438531493,0.9366934397816938,6442.522041019462,6395.067985887584,0.8052146033020201,0.0059310155145455195,0.9911298075484688
14,49,pizza_fixed_midflight,0.2965737804360186,0.3323098326411558,0.8924616466473121,6472.283733046236,6395.374492158947,0.8089343498370499,0.009612453554216891,0.937067904163314
14,50,pizza_fixed_midflight,0.2992418105659841,0.3320845590050705,0.9011012480150125,6465.949785027338,6396.184653523891,0.808142705290256,0.008719551493994159,0.9452564950838612
14,51,pizza_fixed_midflight,0.2964738670359937,0.3320999675786356,0.8927247695855127,6472.346707030752,6395.674623590766,0.8089422206012689,0.009582812578426025,0.9373420460354638
15,42,pizza_fixed_midflight,0.3262470582270832,0.3688269755950076,0.884553136876085,6217.113198065072,6129.718717411572,0.7770420195056957,0.01092294471359831,0.9189195132748612
15,43,pizza_fixed_midflight,0.3441459610111564,0.3687962553720428,0.9331601283857421,6184.791876560572,6129.119129839837,0.773002359275162,0.006958223562146572,0.9793474268298312
15,44,pizza_fixed_midflight,0.3441143695189856,0.3688048080604477,0.9330528290254414,6184.943511492733,6129.103852637088,0.7730213112726825,0.006979084971334234,0.9791974153842096
15,45,pizza_fixed_midflight,0.3687710509395768,0.3687710509395768,1.0,6129.733730376638,6129.733730376638,0.7661209511781825,0.0,1.0580871302565484
15,46,pizza_fixed_midflight,0.3688850551658162,0.3688850551658162,1.0,6128.272533930366,6128.272533930366,0.7659383244507394,0.0,1.0579331425970804
15,47,pizza_fixed_midflight,0.3558981817059736,0.3687614143676641,0.9651177369417899,6157.608462661464,6129.302805256249,0.7696048572255297,0.0035377649550325263,1.017121965941216
15,48,pizza_fixed_midflight,0.344022766642238,0.3687205518745854,0.9330176061334711,6185.912486608749,6130.085709938466,0.7731424180238406,0.006977474899422938,0.9792579301082298
15,49,pizza_fixed_midflight,0.3559867189367799,0.368892622344411,0.9650144713504688,6156.953591089626,6128.5965749738825,0.7695230085101394,0.0035441839914689584,1.0169708790421337
15,50,pizza_fixed_midflight,0.3394878152827568,0.3686362292596919,0.9209290577991426,6191.116010566565,6130.988232934573,0.7737927772236677,0.007515032824895901,0.9639005361742498
15,51,pizza_fixed_midflight,0.3263070931622678,0.3688472968693185,0.8846671669600914,6216.245097463243,6128.996106802126,0.7769335204928438,0.010904760737547457,0.919140061937442
20,42,pizza_fixed_midflight,0.1367150896015775,0.1494347184902829,0.9148817020755956,7365.144988776427,7338.1591102901875,0.9205280575898547,0.0033728132091288498,0.9824711892741266
20,43,pizza_fixed_midflight,0.1413970898122307,0.1494493313388369,0.9461205918121517,7355.803312815886,7337.890128927505,0.9193604940402307,0.0022388681275316144,1.023791290737185
20,44,pizza_fixed_midflight,0.1413684733201307,0.1494297826969144,0.9460528602043523,7356.122513198579,7338.197085963473,0.9194003891011848,0.0022403983545939664,1.0235712549163294
20,45,pizza_fixed_midflight,0.1372538391711595,0.1494496915593581,0.9183949310236301,7363.3941521225715,7338.072989893764,0.9203092303615262,0.0031647496848902917,0.9870768734991132
20,46,pizza_fixed_midflight,0.1373210593968414,0.1494930279289468,0.918578353112958,7362.818444640687,7337.562234925894,0.9202372759205958,0.003156631635394692,0.9871698997984948
20,47,pizza_fixed_midflight,0.1372488392619232,0.1494176955500123,0.9185581316637559,7363.1856036226545,7337.8811215810365,0.9202831650571996,0.003162664922086993,0.9872888138205383
20,48,pizza_fixed_midflight,0.1365600878386094,0.1494607985595146,0.9136849873328611,7365.27468771946,7338.165565942396,0.9205442679314412,0.003388216695046182,0.980299311869795
20,49,pizza_fixed_midflight,0.1372970224767962,0.1494672387146987,0.9185760281479953,7362.93593985692,7337.625991066057,0.9202519609869917,0.0031633481803353355,0.9872663642390836
20,50,pizza_fixed_midflight,0.1364802460421365,0.1493870347222668,0.9136016810017952,7365.69835355254,7338.5656614353775,0.9205972195416248,0.003391162619317854,0.9799934442564536
20,51,pizza_fixed_midflight,0.1365302859153204,0.1494308831802383,0.913668466716096,7365.079191726576,7337.950445685938,0.9205198339865737,0.00339066942140212,0.98016591033769
25,42,pizza_fixed_midflight,0.0970206549817693,0.1063175431229713,0.9125554648074511,7573.815768219538,7554.6518302134045,0.9466086449468238,0.0023951928516602076,0.99157092588519
25,43,pizza_fixed_midflight,0.0970324817542996,0.1064387718215346,0.91162722092466,7573.190725565766,7553.76668512477,0.9465305243801733,0.002427701592425405,0.9905081690833724
25,44,pizza_fixed_midflight,0.0970441874079459,0.1063563171883819,0.9124440369259681,7573.547535771502,7554.368656795759,0.9465751200814276,0.002397060239437935,0.9913947412923002
25,45,pizza_fixed_midflight,0.0969516642555338,0.1063572723922725,0.911565914345298,7573.764177801444,7554.311268334099,0.9466021969505617,0.002431309769696951,0.9904909571208668
25,46,pizza_fixed_midflight,0.0971326081872879,0.1063749189447688,0.9131156963580895,7573.279136488451,7554.238385759683,0.9465415743642608,0.0023797963665500945,0.9924375065766492
25,47,pizza_fixed_midflight,0.0971332534887392,0.1063811032429959,0.9130686797528998,7573.086910367683,7554.045339241917,0.9465175491023227,0.002379898903357892,0.992350920488891
25,48,pizza_fixed_midflight,0.0970932007398275,0.1063493922384222,0.9129643216216651,7573.509557275316,7554.428303587571,0.9465703733627442,0.0023848586036427483,0.9924010517539336
25,49,pizza_fixed_midflight,0.0969816873121996,0.1063893328974404,0.9115734131512057,7573.4764824229405,7554.012912238817,0.9465662395229272,0.002432642192741339,0.990536459009358
25,50,pizza_fixed_midflight,0.0970178469229714,0.1063265675426686,0.912451602315088,7573.654015646904,7554.489110552408,0.9465884284023127,0.0023953137225965785,0.9916034996045368
25,51,pizza_fixed_midflight,0.0967476745126796,0.1063571423244346,0.9096490597458698,7574.537770214371,7554.297567248552,0.9466988839163069,0.0025297091570828227,0.9883518645943554
30,42,pizza_fixed_midflight,0.1987351301537652,0.2187054753492475,0.9086884077154815,7140.546465131887,7094.5275830294595,0.8924567510476049,0.005751641307639994,0.973517957568936
30,43,pizza_fixed_midflight,0.2040758876462926,0.2189166902257578,0.9322079894220918,7126.642816743068,7093.098724957129,0.8907190122163564,0.004192487412315797,1.0041054180321511
30,44,pizza_fixed_midflight,0.1952023763015948,0.2187407994828749,0.8923912537719196,7142.405845964174,7094.476508038384,0.8926891446024464,0.00599041843841891,0.9529749461033332
30,45,pizza_fixed_midflight,0.1983608556675068,0.2187178372692858,0.9069258280168735,7135.597466297228,7094.431134916726,0.8918382035117145,0.005145148279027873,0.9705117077629531
30,46,pizza_fixed_midflight,0.1988952790362629,0.2188298108024695,0.9089039482641565,7139.311457441307,7093.506889947917,0.8923023943808657,0.005724855329757429,0.9733992194789992
30,47,pizza_fixed_midflight,0.1984869109142828,0.2188161689162326,0.9070943518358908,7134.564429396652,7093.508144419497,0.8917090900383267,0.005131394197869638,0.9707616622206428
30,48,pizza_fixed_midflight,0.1952180262883612,0.2187272793838335,0.8925179650124159,7142.090502283638,7094.221814628392,0.8926497315690086,0.005982838102142931,0.9529622623445528
30,49,pizza_fixed_midflight,0.1985110807058376,0.2188618087599277,0.90701562703243,7134.357384388622,7093.236646527672,0.8916832126469969,0.005139449801393653,0.970453911959045
30,50,pizza_fixed_midflight,0.2039066813822425,0.2187113810427191,0.932309422628606,7127.567879526228,7094.065718418793,0.890834630611952,0.004187246732587841,1.0038731698828671
30,51,pizza_fixed_midflight,0.2001762981676446,0.2188469420930492,0.9146862928636845,7135.081167377922,7093.4964073022375,0.8917736742129636,0.005197445328794431,0.979608548289572
1,42,random_uniform_n8_uncoordinated,0.0138748900736899,0.0138748900736899,1.0,7924.621614243228,7924.621614243228,0.990453895043523,0.0,1.0175252171826346
1,43,random_uniform_n8_uncoordinated,0.0179295070048444,0.020999076138194,0.8538236104698654,7912.770545417134,7905.0030916133965,0.9889726965900679,0.000970810374170382,0.9766121038190092
1,44,random_uniform_n8_uncoordinated,0.0131059377006626,0.0168108181829351,0.779613315547403,7933.599782281743,7925.583009729975,0.9915760257819951,0.001001971322555636,0.8027484245586726
1,45,random_uniform_n8_uncoordinated,0.0230421739688516,0.0233299456939608,0.9876651352350257,7898.250979930032,7897.2903596392225,0.987157977744036,0.00012006252853516518,0.9916401691064176
1,46,random_uniform_n8_uncoordinated,0.0208918265800604,0.0224601843528758,0.9301716429315691,7919.990616523937,7917.274340931261,0.9898750926789073,0.00033949201258299443,0.9995820803582496
1,47,random_uniform_n8_uncoordinated,0.0168449460254005,0.0180202669339423,0.934777830270205,7919.183005356601,7917.2014276567315,0.9897741539003376,0.0002476662542018968,0.950553121472387
1,48,random_uniform_n8_uncoordinated,0.0214316916352935,0.0218434248323479,0.9811507032338325,7902.836022499374,7901.112455679939,0.9877310364328676,0.00021541892506377842,1.0521179355697774
1,49,random_uniform_n8_uncoordinated,0.0239560966229608,0.0269780624837891,0.8879843256852054,7905.1672536422575,7898.298544477579,0.9880224039047941,0.0008584813354179323,0.9661080157173468
1,50,random_uniform_n8_uncoordinated,0.0212966238041711,0.0230725409254853,0.9230289751332689,7910.917868291104,7908.417343368148,0.9887411408937763,0.0003125265495508279,1.0603735032268042
1,51,random_uniform_n8_uncoordinated,0.0249888904302735,0.0284944044174899,0.8769753550256797,7884.332121840038,7876.538458349953,0.9854183379377626,0.0009740861754887185,0.94533676269172
2,42,random_uniform_n8_uncoordinated,0.0202285949611472,0.0219321722257726,0.9223251920927596,7911.598926909351,7908.294295176528,0.9888262625808463,0.0004130273381855518,0.9883558277318446
2,43,random_uniform_n8_uncoordinated,0.0128681438128543,0.014374547649868,0.8952033918766458,7947.323476479055,7944.138686573205,0.9932912731507381,0.0003980489821085197,1.1167411405626548
2,44,random_uniform_n8_uncoordinated,0.0143459734672868,0.0157319286005952,0.9119017656070493,7933.192226581147,7929.7567331041455,0.9915250876866826,0.0004293830117487474,0.9749315833000404
2,45,random_uniform_n8_uncoordinated,0.0179951937646907,0.0194750523385899,0.9240126009332025,7926.221195752317,7922.520310732824,0.9906538177418219,0.00046255280833551915,1.032034088240753
2,46,random_uniform_n8_uncoordinated,0.0169900207800435,0.0175377989813787,0.9687658524358261,7924.605025034683,7923.915969473322,0.9904518216516289,8.612118002272009e-05,1.027678596066502
2,47,random_uniform_n8_uncoordinated,0.0174183982445703,0.0192342142429792,0.9055944799475393,7922.2310244729315,7918.654454029081,0.9901551086705326,0.00044701542855278954,0.9629121642130428
2,48,random_uniform_n8_uncoordinated,0.0147581317958132,0.0177432258005833,0.8317614824767678,7945.084108385198,7937.718455312634,0.9930113871247592,0.0009205915601254685,0.9150786655377277
2,49,random_uniform_n8_uncoordinated,0.011609650029461,0.0138197175987722,0.8400786735680076,7943.737717178862,7939.929301372297,0.9928431092587005,0.00047599247676101495,0.8673000521275782
2,50,random_uniform_n8_uncoordinated,0.0099912146546471,0.0121776360916066,0.8204560047194641,7948.499147515985,7944.039548428128,0.9934382136627903,0.0005573802134554414,0.9300869124535944
2,51,random_uniform_n8_uncoordinated,0.0170199295948571,0.0178048887142075,0.9559132813492939,7926.31400787316,7924.355362235649,0.9906654178069192,0.0002448001046757813,1.082815080949651
3,42,random_uniform_n8_uncoordinated,0.0114917574286233,0.0126557802222551,0.9080244146793199,7955.534306648465,7952.118603252865,0.9943174986437276,0.0004269095607548867,1.092865112409445
3,43,random_uniform_n8_uncoordinated,0.0133359842518293,0.0142691647819306,0.9346016011194287,7946.757812195126,7943.917615297164,0.9932205739526466,0.0003549802397152237,1.0520496913323982
3,44,random_uniform_n8_uncoordinated,0.0146532853623975,0.0148555669371711,0.9863834496772076,7942.586221122531,7942.392703465724,0.9926991902415362,2.4186683765488225e-05,1.1766537829765886
3,45,random_uniform_n8_uncoordinated,0.0221158488052353,0.0232239463021635,0.9522864252909087,7897.183673329358,7894.098700569267,0.987024581093533,0.0003855733983365517,1.046203438637345
3,46,random_uniform_n8_uncoordinated,0.0152735975220246,0.0161291768417475,0.9469545576865159,7934.498338626699,7932.559799321779,0.9916883312869265,0.0002422871272240578,1.0644768398847284
3,47,random_uniform_n8_uncoordinated,0.0148528977817291,0.0165148399122171,0.8993667429220096,7931.5466989563965,7929.140828268862,0.9913194224417443,0.0003006962489107416,0.9643437776858896
3,48,random_uniform_n8_uncoordinated,0.0173822506468408,0.0183949984085508,0.9449443952526123,7922.261686518565,7920.202609013112,0.9901589409472021,0.0002573525191166702,0.974283822013476
3,49,random_uniform_n8_uncoordinated,0.0123954019092532,0.0149462209661468,0.8293335109476031,7939.724723417127,7934.362723025045,0.9923415477336742,0.0006701662782255138,0.8349358676510905
3,50,random_uniform_n8_uncoordinated,0.0138606111627512,0.0138606111627512,1.0,7933.085274943666,7933.085274943666,0.9915117204029079,0.0,1.0432114937160275
3,51,random_uniform_n8_uncoordinated,0.0143180432740445,0.0160832019066617,0.8902483073419561,7931.059568632699,7926.432870074651,0.9912585387617421,0.0005782650366263957,0.9407055763195272
4,42,random_uniform_n8_uncoordinated,0.0192759088050578,0.0210351204914156,0.9163678816541254,7916.3225806964765,7911.855950589941,0.9894166455063713,0.000558258980944304,0.9984582885281418
4,43,random_uniform_n8_uncoordinated,0.0096639639606493,0.0110949811872673,0.8710212119818421,7960.18605610365,7957.424421649019,0.9948988946511249,0.0003451611616837081,1.00505261795221
4,44,random_uniform_n8_uncoordinated,0.0180403938192008,0.0202573038712797,0.8905624328802225,7912.959399386333,7908.4440737356945,0.9889963003857434,0.0005643451631843845,0.9807408892463632
4,45,random_uniform_n8_uncoordinated,0.0142201065228847,0.0163641203258268,0.8689808092184282,7934.208496340227,7930.174783602724,0.9916521055293371,0.0005041510733036315,0.8976047602503494
4,46,random_uniform_n8_uncoordinated,0.0138762041750394,0.0150028213380559,0.9249063134439425,7943.692409466175,7940.434975750884,0.9928374465024591,0.0004071283233709501,1.107117627261508
4,47,random_uniform_n8_uncoordinated,0.0169495093279283,0.0188669502038135,0.8983703855063107,7931.428471441388,7926.096218212915,0.9913046458494423,0.0006664483475156652,0.9797736632594052
4,48,random_uniform_n8_uncoordinated,0.0112597161729324,0.0130752302856481,0.8611485937109282,7948.954551818679,7945.037476346903,0.9934951320858241,0.0004895732373173498,0.988877452095796
4,49,random_uniform_n8_uncoordinated,0.0117486781002582,0.0135074383903925,0.8697932028781074,7940.338327373283,7936.756356535832,0.9924182386418302,0.0004476903933822124,0.8862799317581757
4,50,random_uniform_n8_uncoordinated,0.019844233689218,0.0201081026777416,0.9868774795537678,7910.601885543831,7909.867635252032,0.9887016479869805,9.176981524786426e-05,1.0973701336417951
4,51,random_uniform_n8_uncoordinated,0.0157165115300067,0.0180171291743909,0.8723094216555742,7932.767496823109,7927.94086697606,0.9914720031025007,0.0006032533242155899,0.951252267078244
5,42,random_uniform_n8_uncoordinated,0.0174397920618141,0.0177719269584599,0.9813112614393403,7923.061661478206,7919.959508710185,0.9902589253191109,0.000387720630923692,1.0768036586653866
5,43,random_uniform_n8_uncoordinated,0.0148798602027962,0.016135432938915,0.9221853704903917,7938.50738991514,7937.206995864244,0.9921894000643845,0.00016252894024448223,0.9977159457191154
5,44,random_uniform_n8_uncoordinated,0.0115458581633157,0.0135118956622907,0.8544958051695248,7949.291807651072,7944.812347659369,0.9935372837959096,0.0005598625161483754,0.874554334386817
5,45,random_uniform_n8_uncoordinated,0.008698885049308,0.0088921046145166,0.978270659918557,7948.494962282523,7947.8466675090785,0.9934376905739937,8.102671834081136e-05,1.0323047591852574
5,46,random_uniform_n8_uncoordinated,0.0087461355663557,0.0100362523686094,0.8714543282820562,7960.897211810256,7958.836213271312,0.9949877780040315,0.0002575926182906824,1.0553380411075426
5,47,random_uniform_n8_uncoordinated,0.0146642141921159,0.0155088659192149,0.9455374924576201,7931.681822178105,7928.998295819819,0.9913363107334214,0.00033539886992702716,1.0859486355612782
5,48,random_uniform_n8_uncoordinated,0.0097829128169851,0.0133718615550312,0.7316044050205001,7949.320174769421,7942.660833097106,0.9935408292425223,0.0008323136698306898,0.7316044050205056
5,49,random_uniform_n8_uncoordinated,0.0172315574741476,0.0183022707554538,0.941498336702994,7923.166996285288,7920.918484965941,0.9902720905243455,0.0002810287863200871,1.069852557522088
5,50,random_uniform_n8_uncoordinated,0.0116909216747498,0.0122268938047939,0.9561644896405367,7944.213675832547,7943.028454979516,0.9929025966544865,0.00014813408986762177,1.0898898997901771
5,51,random_uniform_n8_uncoordinated,0.0101235878319343,0.0111695115633135,0.906359044847175,7950.832658318289,7949.476367090742,0.993729866056529,0.0001695152140415617,1.0055084007487376
6,42,random_uniform_n8_uncoordinated,0.0174265151584376,0.0184156744729281,0.9462870982029679,7931.053161860645,7929.964205944693,0.9912577380153287,0.0001361024766843362,1.004103884057044
6,43,random_uniform_n8_uncoordinated,0.0108406441688667,0.0111662410844911,0.9708409559527937,7949.826391677864,7949.43721491534,0.9936040984474271,4.8641015188674514e-05,1.2052273180442832
6,44,random_uniform_n8_uncoordinated,0.0117506230404621,0.0143109126176797,0.8210952966022155,7955.205976140171,7950.070312425491,0.9942764624597139,0.0006418777296188039,0.9706277704146872
6,45,random_uniform_n8_uncoordinated,0.0144928513519704,0.015754776927242,0.9199020347225881,7932.467943560759,7930.164713230117,0.9914345636246418,0.00028786780785424094,0.9708955130753056
6,46,random_uniform_n8_uncoordinated,0.011727200553679,0.0140186717871947,0.836541487788534,7944.8922813683885,7939.655124439742,0.9929874117445805,0.0006545627957312926,0.899408423491011
6,47,random_uniform_n8_uncoordinated,0.0115583094836033,0.0118213297637939,0.9777503643459663,7954.884026586437,7953.7674878662765,0.9942362237953303,0.00013954989628307224,1.149166893901162
6,48,random_uniform_n8_uncoordinated,0.0114977239273575,0.0117933271549965,0.9749347047059777,7951.399294077314,7950.959717711151,0.99380068667383,5.4940178248123644e-05,1.1486989805463164
6,49,random_uniform_n8_uncoordinated,0.0153144912918548,0.0153437273088561,0.9980945948521631,7938.75638187505,7938.608938982433,0.99222052016936,1.842805806982993e-05,1.0540197886872231
6,50,random_uniform_n8_uncoordinated,0.0110288339010029,0.0116549548805778,0.9462785582620926,7951.274648417156,7949.1089158457235,0.9937851079136553,0.00027068273608702316,1.0629027925347747
6,51,random_uniform_n8_uncoordinated,0.0185277767622459,0.0186603719540977,0.9928942899863965,7923.482364421021,7923.44310830294,0.9903115066143008,4.906401459896222e-06,1.1054998551078574
7,42,random_uniform_n8_uncoordinated,0.0138959878317119,0.0154202927899652,0.901149415318155,7944.583996680463,7938.920309660671,0.992948880974936,0.000707872393424901,0.9818090579072964
7,43,random_uniform_n8_uncoordinated,0.0107606615536598,0.0141453024980343,0.7607233252986392,7951.9451962205985,7944.585337311763,0.9938689159130857,0.0009198673801818675,0.7832752239960007
7,44,random_uniform_n8_uncoordinated,0.0167168030017721,0.0167578021573429,0.9975534288335755,7929.88488636468,7929.766921997078,0.9911117218303562,1.4743702987417335e-05,1.079164331816378
7,45,random_uniform_n8_uncoordinated,0.0163166447976656,0.0177793811117624,0.9177285021957773,7935.470519865932,7931.360667686751,0.9918098387533973,0.0005136673139833723,1.0202052503371632
7,46,random_uniform_n8_uncoordinated,0.0161858260081746,0.0193586945474001,0.8361011104619335,7933.774696170301,7927.533884607663,0.9915978872853769,0.0007800039448366011,0.8775505098455978
7,47,random_uniform_n8_uncoordinated,0.0144039844777147,0.0166707629163182,0.8640267125156784,7931.271124897157,7925.854456598125,0.9912849799896459,0.0006769989125150116,0.9620879372967452
7,48,random_uniform_n8_uncoordinated,0.0096521586155881,0.0104411189169736,0.9244371884221214,7953.164261310183,7951.00104326383,0.9940212800037724,0.00027036845973665727,1.0495463110457726
7,49,random_uniform_n8_uncoordinated,0.0118507399682217,0.0119897995432525,0.9884018432060394,7936.01985839358,7935.889029433696,0.9918784974870116,1.6351576038461332e-05,1.0509402943801618
7,50,random_uniform_n8_uncoordinated,0.0095869729808188,0.0101753702057706,0.9421743668237141,7958.034198824047,7957.6092882307,0.9946299461097422,5.3107185770128045e-05,0.9617388765447172
7,51,random_uniform_n8_uncoordinated,0.0109975124397344,0.0112886159085116,0.9742126518311507,7952.031612273711,7951.690648347854,0.9938797165696427,4.26151638366539e-05,1.162193552921712
8,42,random_uniform_n8_uncoordinated,0.0082175186676465,0.0092950912354741,0.8840707917190619,7972.985367068147,7970.454800369988,0.9964986085574487,0.0003162813021070503,1.0680702938862876
8,43,random_uniform_n8_uncoordinated,0.0087464838330209,0.0095133668617295,0.919388893558428,7961.885416684065,7960.837674821704,0.9951112881744862,0.00013095136387457237,0.9580685994153452
8,44,random_uniform_n8_uncoordinated,0.0061064956126798,0.0072020617153355,0.8478816003030232,7967.480216024027,7964.085674431953,0.9958105506841678,0.0004242646659260526,0.913699209556776
8,45,random_uniform_n8_uncoordinated,0.0118380771399627,0.0118497244180681,0.9990170844743326,7945.775556270846,7945.751625816611,0.9930978073079423,2.990932912835483e-06,1.054204841186997
8,46,random_uniform_n8_uncoordinated,0.0083565696333216,0.0086916017645334,0.9614533499936778,7956.212014248616,7955.319043810557,0.9944022015058888,0.000111607353838134,1.1875603828119512
8,47,random_uniform_n8_uncoordinated,0.0080968683892785,0.008114863143935,0.9977824943763903,7956.274443483798,7955.968700215971,0.9944100041849516,3.8213131836893305e-05,1.1066753521263106
8,48,random_uniform_n8_uncoordinated,0.0104314940621607,0.0104816757334992,0.9952124381048995,7962.431469689983,7962.324830931774,0.9951795362692142,1.3328178753736573e-05,1.075142781567229
8,49,random_uniform_n8_uncoordinated,0.0074570520261891,0.0082793163327769,0.9006845162646405,7968.178851656137,7967.093828036194,0.9958978692233642,0.00013561100111774256,1.013690074240487
8,50,random_uniform_n8_uncoordinated,0.0058985557490466,0.0070297769544965,0.8390814939403831,7969.684742797367,7968.888604117411,0.9960860820894097,9.950489688240591e-05,0.8899597031223034
8,51,random_uniform_n8_uncoordinated,0.0074934120596584,0.0078608444048735,0.9532579038217189,7964.8138441997535,7963.310098628642,0.9954772958629863,0.0001879447033010526,1.171270394844397
9,42,random_uniform_n8_uncoordinated,0.0128008670943386,0.0132758836715613,0.9642195887690513,7938.210305992136,7936.940085484255,0.9921522692153651,0.0001587577187703133,1.0533824196876287
9,43,random_uniform_n8_uncoordinated,0.0140207413981505,0.0154051095864449,0.9101357779685957,7942.080568238358,7937.835185136133,0.9926359915308534,0.000530606561957865,1.0096454034004645
9,44,random_uniform_n8_uncoordinated,0.0120351327725717,0.0130708601583063,0.9207605793964206,7939.923123081686,7936.361555611516,0.9923663445921367,0.0004451402912347698,0.9763288338895904
9,45,random_uniform_n8_uncoordinated,0.0091059432213346,0.0092102666678636,0.9886731350686073,7951.214947537515,7950.880623470697,0.9937776462364099,4.178528519162931e-05,1.1037767726232215
9,46,random_uniform_n8_uncoordinated,0.0094541866885598,0.0112887617620996,0.8374865984240075,7953.476419942235,7949.461680401049,0.9940602949559099,0.0005017797201832168,0.9037044732375288
9,47,random_uniform_n8_uncoordinated,0.0126258533344044,0.013920255589246,0.9070130396282678,7953.281305575329,7951.296291436267,0.9940359087083276,0.0002480957554132739,1.136896747862811
9,48,random_uniform_n8_uncoordinated,0.0105533160240144,0.0120525171417955,0.8756109532852522,7957.876102008477,7954.628992891865,0.9946101864777499,0.00040583790983773053,0.9712456788208156
9,49,random_uniform_n8_uncoordinated,0.015288378862061,0.0152998233888258,0.9992519830801996,7927.225716638453,7927.181629851,0.9907793671589118,5.510159661682915e-06,1.034374672285952
9,50,random_uniform_n8_uncoordinated,0.010724736825191,0.012084763755935,0.887459369648325,7955.386873186266,7954.567809750224,0.9942990717643126,0.00010237013323855617,0.943675050844078
9,51,random_uniform_n8_uncoordinated,0.0092078308731822,0.010436980345248,0.8822313129462357,7956.211967172383,7953.136927428339,0.9944021956220951,0.0003843319265147183,0.9514532076226034
10,42,random_uniform_n8_uncoordinated,0.00863601633767,0.00863601633767,1.0,7974.47802176718,7974.47802176718,0.9966851670750131,0.0,1.2315373146851591
10,43,random_uniform_n8_uncoordinated,0.0097167626563438,0.0103339170600053,0.9402787539247791,7970.90641028762,7970.4052447523245,0.9962387714395226,6.263786217916674e-05,1.4029062835716335
10,44,random_uniform_n8_uncoordinated,0.0054912563727128,0.0057907847591978,0.9482749922608945,7972.311802469396,7971.842566349926,0.9964144235057363,5.8647184035773575e-05,0.9880611465585208
10,45,random_uniform_n8_uncoordinated,0.0192234675674372,0.0192841874542997,0.9968513121433611,7953.324942291627,7953.166857086828,0.9940413626161263,1.975818082728855e-05,1.1849496689640475
10,46,random_uniform_n8_uncoordinated,0.0021716847608939,0.0063291457213137,0.34312446837503646,7988.572517441362,7984.06330900857,0.9984467588353159,0.0005635806065231394,0.3677992801097876
10,47,random_uniform_n8_uncoordinated,0.0158761238364723,0.0163407546569136,0.9715661344780843,7937.229317619071,7936.70807758376,0.9920296609947594,6.514686105615006e-05,0.9876464511396736
10,48,random_uniform_n8_uncoordinated,0.0045616774879957,0.0049912716338125,0.9139309223512122,7980.662483240891,7979.964513946952,0.997458128139094,8.723525733514725e-05,0.9916113556083264
10,49,random_uniform_n8_uncoordinated,0.0073540089663425,0.0163941607368708,0.4485748971463471,7967.106596362819,7942.485046944603,0.9957638540635945,0.003077309013650305,0.5200891245761379
10,50,random_uniform_n8_uncoordinated,0.0130730269682348,0.0144132205501317,0.9070163689485308,7956.331039292916,7954.7977995813635,0.9944170777768924,0.00019163101006781607,1.3020252992184995
10,51,random_uniform_n8_uncoordinated,0.0103593428849999,0.0107489611305704,0.9637529393922161,7958.71443176397,7958.5274576228,0.9947149645999213,2.3368846540449916e-05,1.0142460713942747
11,42,random_uniform_n8_uncoordinated,0.0272142496614638,0.0277142622277541,0.9819582941742693,7887.088504446726,7886.764128853977,0.9857628427005032,4.054188135842588e-05,1.061204025143243
11,43,random_uniform_n8_uncoordinated,0.0202476823801199,0.0224837830611503,0.9005460658044617,7918.284247516668,7915.233452152718,0.9896618232116821,0.00038130175777401244,0.9851168353883688
11,44,random_uniform_n8_uncoordinated,0.0181043950464673,0.0207478397694651,0.8725918094428223,7914.343043708883,7910.780771584576,0.9891692343093217,0.0004452283619931419,1.0431280463723605
11,45,random_uniform_n8_uncoordinated,0.0183959180875387,0.0195818057751145,0.93943930906092,7916.138344000848,7915.052577966156,0.9893936187977562,0.00013570379136256902,0.9725995410892706
11,46,random_uniform_n8_uncoordinated,0.015300656524561,0.0170601274450304,0.8968664843719012,7931.633525902673,7930.397651766249,0.9913302744535274,0.0001544649589331549,0.9207112201447768
11,47,random_uniform_n8_uncoordinated,0.0150056108919401,0.0169037666781348,0.8877081172298726,7937.979215912925,7932.9039972318915,0.9921233865657949,0.000634323044748559,0.9576642825422144
11,48,random_uniform_n8_uncoordinated,0.0143171817342528,0.0183513845438135,0.7801690221285955,7931.179137480617,7923.1369357625135,0.9912734829997022,0.0010051495710665628,0.7943312427235614
11,49,random_uniform_n8_uncoordinated,0.0157156232095995,0.0176268814359124,0.8915713914987271,7927.634972092612,7925.695818936158,0.9908305176968644,0.00024236384907564898,1.078296884021214
11,50,random_uniform_n8_uncoordinated,0.0143960966338883,0.0163429600209411,0.8808744936928083,7915.1044472615085,7910.075448902195,0.9892643978579563,0.0006285462266359012,0.9549978874347838
11,51,random_uniform_n8_uncoordinated,0.0230517458023395,0.0261561786614246,0.8813116816768211,7890.019496855137,7882.196704351235,0.986129170960522,0.0009777268471318381,0.944432657379762
12,42,random_uniform_n8_uncoordinated,0.0163059246621174,0.0187922940984303,0.8676920750979209,7931.486413660412,7926.410543421479,0.9913118877215863,0.0006344044793067143,0.9896105481317264
12,43,random_uniform_n8_uncoordinated,0.0139456687898724,0.015964207398257,0.8735584825460869,7939.891218123028,7938.142270988159,0.9923623569707571,0.00021859106797512975,0.995779565258521
12,44,random_uniform_n8_uncoordinated,0.0183779876322255,0.0207038724786668,0.8876594294696375,7913.756140657843,7907.481942155002,0.9890958805971558,0.0007841767907563429,0.9389094906669646
12,45,random_uniform_n8_uncoordinated,0.016070629790602,0.0190674661812979,0.8428298567727205,7931.973799082983,7927.449783014438,0.9913728032849622,0.0005654313296518397,0.9553386508783565
12,46,random_uniform_n8_uncoordinated,0.0194960559042424,0.0200333151536618,0.9731817103011432,7902.386157302419,7900.776052481205,0.9876748103115134,0.00020123794790826254,1.0434216396829314
12,47,random_uniform_n8_uncoordinated,0.0145425664006715,0.0164662197311897,0.8831757767161039,7924.594114236115,7918.999565504532,0.9904504579722678,0.0006992311875494336,0.9028997510845224
12,48,random_uniform_n8_uncoordinated,0.0193551371750888,0.0202135315190974,0.95753367771497,7922.533986838595,7920.368035763426,0.9901929742330453,0.0002707100456405058,1.0669011628887737
12,49,random_uniform_n8_uncoordinated,0.0144458991741346,0.0193155651367772,0.747889024827409,7947.541647019318,7936.204870477383,0.9933185410597822,0.0014169199527476993,0.8877042012470426
12,50,random_uniform_n8_uncoordinated,0.0202634644344724,0.020451424227823,0.9908094521312169,7911.808228414399,7911.763322819692,0.98885242199905,5.612497776204941e-06,1.1034405597072243
12,51,random_uniform_n8_uncoordinated,0.0146203994042387,0.0187728265815366,0.7788065020862717,7929.775991099441,7922.50311526917,0.9910981116234772,0.0009089958543020878,0.8051178972013506
13,42,random_uniform_n8_uncoordinated,0.0154133000923901,0.0154133000923901,1.0,7930.186917886957,7930.105246558226,0.9911494710519881,1.0207640136397671e-05,1.0468697673305514
13,43,random_uniform_n8_uncoordinated,0.0173221204004159,0.0204810878543328,0.845761735099993,7934.116515958051,7927.266162955414,0.9916406094185791,0.0008561871019419258,0.9821088812615106
13,44,random_uniform_n8_uncoordinated,0.0164736162253796,0.0189696372299048,0.8684202035982885,7930.340967096715,7926.17292671889,0.9911687247964898,0.0005209399297368556,0.8827546399647884
13,45,random_uniform_n8_uncoordinated,0.0197369179577982,0.022619374736878,0.8725669116582466,7920.012473728416,7913.494367606693,0.989877824487991,0.0008146614325362663,0.93664062218283
13,46,random_uniform_n8_uncoordinated,0.0174339095169593,0.0187142649952357,0.9315839826676412,7917.895725197955,7915.44212036105,0.9896132639917453,0.0003066622718290914,0.9662787102540362
13,47,random_uniform_n8_uncoordinated,0.0169096236177417,0.0195361851311443,0.8655540221506514,7922.090470891178,7914.368992328707,0.9901375416686886,0.0009650641872854668,0.934012294686096
13,48,random_uniform_n8_uncoordinated,0.0151354845342906,0.015500829489358,0.9764306190634363,7932.173674349308,7931.745095989582,0.9913977845705922,5.356559926585287e-05,1.0411155895781772
13,49,random_uniform_n8_uncoordinated,0.0119140556429105,0.0154606496507421,0.7706051111725848,7948.8490483420255,7940.307796360642,0.9934819457995282,0.001067523057290781,0.8292863618069002
13,50,random_uniform_n8_uncoordinated,0.0280918137559874,0.0285146066559074,0.9851727605776948,7874.332125407444,7873.4617505493725,0.9841684946141038,0.0001087832593515754,1.0485041764183227
13,51,random_uniform_n8_uncoordinated,0.0183552995576628,0.0192440058880613,0.9538190574473977,7921.978483545624,7919.305572662882,0.9901235450000779,0.00033407210133010174,1.023893727222713
14,42,random_uniform_n8_uncoordinated,0.0237605134435792,0.0264483265005642,0.8983749290554296,7897.250082307733,7890.637806775437,0.9870328811783193,0.0008264311376447726,0.9142193951532824
14,43,random_uniform_n8_uncoordinated,0.0174531263406373,0.0195934832070487,0.8907617985126088,7907.265374975172,7901.778499099142,0.98828463629236,0.0006857737627833326,0.9001827050053186
14,44,random_uniform_n8_uncoordinated,0.0156691363260287,0.0188075994542674,0.8331279259817186,7933.401607595518,7929.718025533592,0.9915512570423094,0.00046039020896466006,0.8587663170782757
14,45,random_uniform_n8_uncoordinated,0.0231427162620549,0.0279851713569218,0.8269635360417695,7889.537903325727,7879.56495207154,0.9860689792933042,0.0012464630988860315,0.855365059600575
14,46,random_uniform_n8_uncoordinated,0.0230516786264483,0.0260238529469809,0.8857903813632865,7901.544192469286,7893.812659223191,0.9875695778614281,0.0009663208656536485,0.9487691341415672
14,47,random_uniform_n8_uncoordinated,0.0216099964178143,0.0252007270755305,0.8575147991978873,7902.348467585899,7897.662259746603,0.9876700996857767,0.0005857027670661171,0.9755690422893956
14,48,random_uniform_n8_uncoordinated,0.0225291478802846,0.0233604443439548,0.9644143556761873,7897.115801920762,7896.077040252116,0.9870160982278168,0.00012982897995833737,1.087708054219888
14,49,random_uniform_n8_uncoordinated,0.0153705944440367,0.0172381613924827,0.8916608966626557,7910.51551051116,7908.475851809075,0.9886908524573378,0.00025492547207661974,0.978189434853134
14,50,random_uniform_n8_uncoordinated,0.0249986889653876,0.0258127460681983,0.9684629794652639,7880.971750088482,7879.989771773542,0.9849983439680642,0.0001227319478739688,1.1419350406436144
14,51,random_uniform_n8_uncoordinated,0.0216545585346474,0.0236385076008727,0.9160713062041169,7899.482432168527,7897.457698370942,0.9873118900348116,0.00025306009218662833,1.0258438542992951
15,42,random_uniform_n8_uncoordinated,0.0224559607929773,0.0277192501896791,0.8101215090348469,7920.603622415753,7909.762933635356,0.9899517088383644,0.0013549167329580819,0.9027704553908148
15,43,random_uniform_n8_uncoordinated,0.0362293087627837,0.0404603666015504,0.8954271007864627,7841.590737160118,7833.333891652629,0.9800763326034393,0.0010319766913496854,0.9336213565136476
15,44,random_uniform_n8_uncoordinated,0.0226798366232092,0.0229716973433319,0.9872947690472939,7912.720284642649,7912.0417348322435,0.9889664147784838,8.480812528502147e-05,1.0567912150612402
15,45,random_uniform_n8_uncoordinated,0.0146558829883487,0.0166135785950852,0.8821629189923208,7942.288766746272,7936.511108295949,0.9926620130916475,0.0007221170416601216,1.065009783023261
15,46,random_uniform_n8_uncoordinated,0.0232735780017682,0.0239339629184323,0.9724080412878255,7882.279446554706,7880.173688980721,0.9851617855961388,0.00026318679839833795,1.0777982580380372
15,47,random_uniform_n8_uncoordinated,0.0311177122128897,0.0323929915397243,0.9606310110237674,7864.069168813038,7859.584067949962,0.9828857853784575,0.0005605675369423555,1.045247240376729
15,48,random_uniform_n8_uncoordinated,0.024177926152954,0.0260690940329553,0.9274555580024922,7890.935476414818,7886.220133248881,0.9862436540950904,0.0005893442277136804,1.0332808655109706
15,49,random_uniform_n8_uncoordinated,0.020922652869274,0.020922652869274,1.0,7902.636354713114,7902.636354713114,0.9877060810790044,0.0,1.0265475207594528
15,50,random_uniform_n8_uncoordinated,0.0303600163437436,0.0340335301037428,0.8920619239672934,7862.760203848541,7856.324134523128,0.9827221852079167,0.0008044081146622888,0.9189189587875248
15,51,random_uniform_n8_uncoordinated,0.0363980278238837,0.0366488676503299,0.9931555913585246,7836.53054611869,7835.740604451915,0.9794438877788639,9.873036705100877e-05,1.0725908790114649
20,42,random_uniform_n8_uncoordinated,0.0056260885943804,0.0057111108441409,0.9851128349491369,7974.726789163855,7974.471274251371,0.9967162591130927,3.193537213894568e-05,1.0950557421820155
20,43,random_uniform_n8_uncoordinated,0.0061680009758285,0.0075885378153533,0.8128049336921354,7976.020317653323,7974.406743032676,0.9968779299654197,0.00020167161862858908,0.9779794361201348
20,44,random_uniform_n8_uncoordinated,0.0063934573429357,0.0064060056462128,0.9980411657481885,7980.400497873457,7980.3768848539075,0.9974253840611745,2.9512585364185083e-06,1.0518477884559756
20,45,random_uniform_n8_uncoordinated,0.0071127811287021,0.0075384474376507,0.9435339554372145,7975.909342312889,7975.110391860011,0.9968640597816384,9.985632456914905e-05,0.9924788491158592
20,46,random_uniform_n8_uncoordinated,0.0078547873096448,0.008081714202993,0.9719209455261163,7968.379412898503,7968.054849521221,0.9959229362452822,4.056535149133543e-05,0.9956609161999244
20,47,random_uniform_n8_uncoordinated,0.0042297713505914,0.0055582529151815,0.760989363948956,7979.118389306408,7976.299599219516,0.9972651405207359,0.0003523047227712132,0.7982651759581136
20,48,random_uniform_n8_uncoordinated,0.0054196143024332,0.0068397768917828,0.7923671178433084,7974.70388678633,7970.302852318035,0.9967133966737071,0.0005500605509680815,0.8943648870853745
20,49,random_uniform_n8_uncoordinated,0.0049442944630173,0.0049757044574223,0.993687327156631,7981.600573918811,7981.507792750874,0.9975753748179992,1.1596196467638249e-05,1.2290887844348508
20,50,random_uniform_n8_uncoordinated,0.006008598431433,0.0068718263442251,0.8743815880158943,7969.683666544812,7968.313318216031,0.9960859475746546,0.00017127213208110138,0.8987222586463057
20,51,random_uniform_n8_uncoordinated,0.0089520334345849,0.0092197166527079,0.9709662207412437,7960.846653197201,7960.390105347216,0.9949814589672792,5.706134857947976e-05,1.027153921962172
25,42,random_uniform_n8_uncoordinated,0.0022593873330923,0.0026275479111572,0.8598843520601084,7991.653991982195,7990.651402620531,0.9988318950108981,0.0001253080067071519,0.97065373892213
25,43,random_uniform_n8_uncoordinated,0.0041355618481194,0.004387447712602,0.9425894321750862,7985.280326966096,7984.548700668376,0.9980352864599545,9.144185698289469e-05,1.0112238740757753
25,44,random_uniform_n8_uncoordinated,0.0026214838246087,0.0028278739906604,0.9270157840365789,7990.862418508006,7990.485329702597,0.9987329606934141,4.713020940002311e-05,1.1113091130662764
25,45,random_uniform_n8_uncoordinated,0.0032029391916806,0.0037581810810829,0.8522578137074996,7985.95991816756,7984.9082697934355,0.9981202247428522,0.00013143961681350483,0.9244509004801816
25,46,random_uniform_n8_uncoordinated,0.0028653002348052,0.0029070321836471,0.9856444833749504,7987.694416243559,7987.440465660542,0.9983370099042069,3.173985539523631e-05,1.033239799240924
25,47,random_uniform_n8_uncoordinated,0.0038276786611269,0.00420882269034,0.9094416521542014,7985.513899140013,7984.306796717756,0.998064479332585,0.00015086894416408783,0.9885136771359776
25,48,random_uniform_n8_uncoordinated,0.0023019026122384,0.0023143540198074,0.9946199209531322,7990.432574844761,7990.189948125604,0.9986792369509763,3.0324549325929304e-05,1.0016072149878563
25,49,random_uniform_n8_uncoordinated,0.0027891345054275,0.0033620470116003,0.82959414184393,7988.222112549729,7987.015209985562,0.9984029636982539,0.00015084396502521429,0.9388237051086834
25,50,random_uniform_n8_uncoordinated,0.0022727595361974,0.0022878731728347,0.993394023402716,7991.109318524994,7991.046091783837,0.9987638193382069,7.902354850211325e-06,1.3113215725093224
25,51,random_uniform_n8_uncoordinated,0.0023378126424589,0.0027667467041421,0.8449680771134408,7991.189992128242,7990.098461418613,0.9987739022782455,0.00013642428566795355,0.9192466919573498
30,42,random_uniform_n8_uncoordinated,0.0038949555331327,0.0055548410064888,0.701182181197062,7988.301611442817,7986.569082274376,0.998412899817875,0.00021653907867029534,0.8769311302073552
30,43,random_uniform_n8_uncoordinated,0.0031482193407362,0.003804937559856,0.827403680405033,7990.231814381687,7989.142972777337,0.9986541450295823,0.00013608818952016232,0.936353031386171
30,44,random_uniform_n8_uncoordinated,0.0013202872926872,0.0013354286305085,0.9886618142853995,7996.956540313053,7996.950169570931,0.9994946307102928,7.962432347659201e-07,1.0641969698693543
30,45,random_uniform_n8_uncoordinated,0.002128337461126,0.002128337461126,1.0,7995.083754708695,7995.083754708695,0.9992605617683659,0.0,1.127578184392404
30,46,random_uniform_n8_uncoordinated,0.0032184779806057,0.003294120121314,0.9770372245326236,7991.058062947747,7990.773264045147,0.9987574131918194,3.559541339837699e-05,1.376358762678896
30,47,random_uniform_n8_uncoordinated,0.0035457664548469,0.0038566251812617,0.9193961788339767,7985.764675177768,7985.294875186777,0.9980958224194186,5.871765916651732e-05,0.9692499052587568
30,48,random_uniform_n8_uncoordinated,0.0041659708152859,0.0041659708152859,1.0,7989.249936774665,7989.249936774638,0.9985314256686245,3.4101788592910696e-15,1.2839968746087786
30,49,random_uniform_n8_uncoordinated,0.0032790499453979,0.0037688394471882,0.8700423542436346,7988.79826628234,7987.492999536165,0.9984749739135532,0.00016313795102791041,1.0480719766812094
30,50,random_uniform_n8_uncoordinated,0.0044321039900903,0.004663537702046,0.9503737877246785,7988.623789972491,7988.216420396133,0.9984531671006738,5.0914832690685936e-05,1.071927326695003
30,51,random_uniform_n8_uncoordinated,0.0046498094410173,0.0046498094410173,1.0,7986.6736801982925,7986.6736801982925,0.9982094338455558,0.0,1.276251333696754
