study,dataset,planning_mode,trial,seed,num_drones,budget,fov_deg,victim_model,likelihood,victims_found,path_length,cells_observed,sim_time,wall_time
victim_model,1,pizza,1,42,5,200000.0,45.0,random_walk,0.3049448203078362,0,200005.54543874832,12860,7997.0,46.495285749435425
victim_model,1,pizza,2,43,5,200000.0,45.0,random_walk,0.3050258122279614,1,199950.78402175003,12866,8001.0,47.532400608062744
victim_model,1,pizza,3,44,5,200000.0,45.0,random_walk,0.3049653869314785,3,200021.4487519557,12863,7999.0,44.18646216392517
victim_model,1,pizza,4,45,5,200000.0,45.0,random_walk,0.3049448203078362,1,200014.02923663336,12860,7997.0,46.212955951690674
victim_model,1,pizza,5,46,5,200000.0,45.0,random_walk,0.3050258122279614,2,199975.7557606355,12866,8001.0,44.28850603103638
victim_model,1,pizza,6,47,5,200000.0,45.0,random_walk,0.3050258122279614,2,199994.8228365796,12866,8001.0,42.03296709060669
victim_model,1,pizza,7,48,5,200000.0,45.0,random_walk,0.3049653869314785,1,200012.8496245136,12863,7999.0,43.02016639709473
victim_model,1,pizza,8,49,5,200000.0,45.0,random_walk,0.3050258122279614,1,199972.4537295323,12866,8001.0,43.622065782547
victim_model,1,pizza,9,50,5,200000.0,45.0,random_walk,0.3049448203078362,1,200002.43918069307,12860,7997.0,43.05289697647095
victim_model,1,pizza,10,51,5,200000.0,45.0,random_walk,0.3050258122279614,2,199972.62246599817,12866,8001.0,43.319052934646606
victim_model,1,pizza,11,52,5,200000.0,45.0,random_walk,0.3050258122279614,1,199971.44364894603,12866,8001.0,40.77252173423767
victim_model,1,pizza,12,53,5,200000.0,45.0,random_walk,0.3049448203078362,1,200019.826212753,12860,7997.0,41.26269245147705
victim_model,1,pizza,13,54,5,200000.0,45.0,random_walk,0.3050258122279614,1,200008.87198865254,12866,8000.0,41.88928985595703
victim_model,1,pizza,14,55,5,200000.0,45.0,random_walk,0.3049448203078362,1,200001.2683519915,12861,7998.0,42.953452348709106
victim_model,1,pizza,15,56,5,200000.0,45.0,random_walk,0.3050258122279614,0,199922.78882549587,12866,8001.0,39.70809817314148
victim_model,1,pizza,16,57,5,200000.0,45.0,random_walk,0.3050258122279614,1,199986.27004224958,12866,8001.0,41.94138813018799
victim_model,1,pizza,17,58,5,200000.0,45.0,random_walk,0.3050258122279614,2,199986.45782700542,12866,8001.0,41.49462270736694
victim_model,1,pizza,18,59,5,200000.0,45.0,random_walk,0.3049448203078362,3,200014.63021522478,12861,7998.0,41.5179078578949
victim_model,1,pizza,19,60,5,200000.0,45.0,random_walk,0.3049653869314785,1,200004.6178232223,12863,7999.0,41.398969888687134
victim_model,1,pizza,20,61,5,200000.0,45.0,random_walk,0.3048836775997154,3,200008.1216624179,12857,7995.0,39.604315519332886
victim_model,1,pizza,21,62,5,200000.0,45.0,random_walk,0.3049448203078362,1,200000.85585545193,12861,7998.0,42.34940457344055
victim_model,1,pizza,22,63,5,200000.0,45.0,random_walk,0.3049653869314785,1,200016.12473009594,12863,7999.0,44.003809690475464
victim_model,1,pizza,23,64,5,200000.0,45.0,random_walk,0.3050258122279614,1,199930.56256784828,12866,8001.0,44.07357096672058
victim_model,1,pizza,24,65,5,200000.0,45.0,random_walk,0.3050258122279614,1,199902.75011697886,12866,8001.0,42.62158989906311
victim_model,1,pizza,25,66,5,200000.0,45.0,random_walk,0.3049448203078362,2,200009.20897407987,12860,7997.0,38.17815375328064
victim_model,1,pizza,26,67,5,200000.0,45.0,random_walk,0.3050258122279614,1,199988.2107852288,12866,8001.0,43.58357334136963
victim_model,1,pizza,27,68,5,200000.0,45.0,random_walk,0.3049448203078362,1,200009.1211894642,12861,7998.0,40.50071382522583
victim_model,1,pizza,28,69,5,200000.0,45.0,random_walk,0.3049448203078362,2,200015.66357225843,12861,7998.0,40.35717296600342
victim_model,1,pizza,29,70,5,200000.0,45.0,random_walk,0.3050258122279614,2,199977.139003273,12866,8001.0,41.227088928222656
victim_model,1,pizza,30,71,5,200000.0,45.0,random_walk,0.3050258122279614,0,199910.0431942332,12866,8001.0,41.29784369468689
victim_model,1,pizza,31,72,5,200000.0,45.0,random_walk,0.3050258122279614,0,199885.85174243082,12866,8001.0,41.04118466377258
victim_model,1,pizza,32,73,5,200000.0,45.0,random_walk,0.3050258122279614,3,199964.09226113468,12866,8001.0,38.07661294937134
victim_model,1,pizza,33,74,5,200000.0,45.0,random_walk,0.3049448203078362,1,200021.51774643804,12861,7998.0,44.44909715652466
victim_model,1,pizza,34,75,5,200000.0,45.0,random_walk,0.3050258122279614,3,199993.4537598061,12866,8001.0,41.84030508995056
victim_model,1,pizza,35,76,5,200000.0,45.0,random_walk,0.3049448203078362,1,200000.1951752851,12860,7997.0,42.527963638305664
victim_model,1,pizza,36,77,5,200000.0,45.0,random_walk,0.3050258122279614,1,199979.02354030812,12866,8001.0,44.170072078704834
victim_model,1,pizza,37,78,5,200000.0,45.0,random_walk,0.3049448203078362,3,200023.85100410096,12861,7998.0,43.25164008140564
victim_model,1,pizza,38,79,5,200000.0,45.0,random_walk,0.3050258122279614,2,199892.1535846526,12866,8001.0,44.13234782218933
victim_model,1,pizza,39,80,5,200000.0,45.0,random_walk,0.3050258122279614,0,199925.39212769107,12866,8001.0,42.65205144882202
victim_model,1,pizza,40,81,5,200000.0,45.0,random_walk,0.3050258122279614,3,199922.80052609908,12866,8001.0,42.54223680496216
victim_model,1,pizza,41,82,5,200000.0,45.0,random_walk,0.3049653869314785,2,200014.05398231652,12863,7999.0,42.71227192878723
victim_model,1,pizza,42,83,5,200000.0,45.0,random_walk,0.3050258122279614,2,199945.75946912784,12866,8001.0,43.3802227973938
victim_model,1,pizza,43,84,5,200000.0,45.0,random_walk,0.3049448203078362,2,200020.78012119353,12860,7997.0,43.35928988456726
victim_model,1,pizza,44,85,5,200000.0,45.0,random_walk,0.3049448203078362,2,200008.9282705975,12861,7998.0,43.46769332885742
victim_model,1,pizza,45,86,5,200000.0,45.0,random_walk,0.3050258122279614,2,199968.97857105418,12866,8001.0,40.57944917678833
victim_model,1,pizza,46,87,5,200000.0,45.0,random_walk,0.3050258122279614,2,199985.33704418238,12866,8001.0,40.15275502204895
victim_model,1,pizza,47,88,5,200000.0,45.0,random_walk,0.3050258122279614,2,199965.342741524,12866,8001.0,43.199692726135254
victim_model,1,pizza,48,89,5,200000.0,45.0,random_walk,0.3050258122279614,0,199999.71175062325,12866,8001.0,43.62004995346069
victim_model,1,pizza,49,90,5,200000.0,45.0,random_walk,0.3050258122279614,1,199954.30394721977,12866,8001.0,43.7270188331604
victim_model,1,pizza,50,91,5,200000.0,45.0,random_walk,0.304904567830398,1,200002.4489882052,12858,7996.0,42.911616563797
victim_model,1,pizza,51,92,5,200000.0,45.0,random_walk,0.3050258122279614,1,199883.3816954681,12866,8001.0,40.78288817405701
victim_model,1,pizza,52,93,5,200000.0,45.0,random_walk,0.3050258122279614,2,199912.74140427622,12866,8001.0,38.3798086643219
victim_model,1,pizza,53,94,5,200000.0,45.0,random_walk,0.3049653869314785,2,200000.92768950912,12863,7999.0,40.157105684280396
victim_model,1,pizza,54,95,5,200000.0,45.0,random_walk,0.3049653869314785,3,200020.53533479085,12863,7999.0,41.05836629867554
victim_model,1,pizza,55,96,5,200000.0,45.0,random_walk,0.3049448203078362,3,200006.75729368138,12861,7998.0,41.12853813171387
victim_model,1,pizza,56,97,5,200000.0,45.0,random_walk,0.3049653869314785,2,200016.36865774245,12863,7999.0,40.182857036590576
victim_model,1,pizza,57,98,5,200000.0,45.0,random_walk,0.3050258122279614,1,199964.94312955433,12866,8001.0,38.72657895088196
victim_model,1,pizza,58,99,5,200000.0,45.0,random_walk,0.3049448203078362,0,200008.63936131823,12860,7997.0,44.08024263381958
victim_model,1,pizza,59,100,5,200000.0,45.0,random_walk,0.3050258122279614,1,199978.73474722297,12866,8001.0,44.5224552154541
victim_model,1,pizza,60,101,5,200000.0,45.0,random_walk,0.3050258122279614,2,200006.30732036775,12866,8000.0,43.646159648895264
victim_model,1,pizza,61,102,5,200000.0,45.0,random_walk,0.3050258122279614,0,199994.68637918745,12866,8001.0,44.63967514038086
victim_model,1,pizza,62,103,5,200000.0,45.0,random_walk,0.3050258122279614,3,199991.75285898586,12866,8001.0,44.47757601737976
victim_model,1,pizza,63,104,5,200000.0,45.0,random_walk,0.3050258122279614,1,200014.6698058407,12866,8000.0,40.23272967338562
victim_model,1,pizza,64,105,5,200000.0,45.0,random_walk,0.3050258122279614,2,200009.65704411146,12866,8000.0,41.508660316467285
victim_model,1,pizza,65,106,5,200000.0,45.0,random_walk,0.3050258122279614,2,199867.26396247055,12866,8001.0,40.17639470100403
victim_model,1,pizza,66,107,5,200000.0,45.0,random_walk,0.3049653869314785,1,200020.5997715894,12863,7999.0,40.93753433227539
victim_model,1,pizza,67,108,5,200000.0,45.0,random_walk,0.3050258122279614,2,200004.26698327306,12866,8000.0,40.070945262908936
victim_model,1,pizza,68,109,5,200000.0,45.0,random_walk,0.3049653869314785,0,200024.74513390817,12863,7999.0,41.40256452560425
victim_model,1,pizza,69,110,5,200000.0,45.0,random_walk,0.3049448203078362,4,200012.7252771274,12861,7998.0,40.621257305145264
victim_model,1,pizza,70,111,5,200000.0,45.0,random_walk,0.3050258122279614,2,199972.46875771735,12866,8001.0,40.69671368598938
victim_model,1,pizza,71,112,5,200000.0,45.0,random_walk,0.3050258122279614,1,199990.2952499963,12866,8001.0,44.270424365997314
victim_model,1,pizza,72,113,5,200000.0,45.0,random_walk,0.3050258122279614,0,199995.7860111041,12866,8001.0,43.774816274642944
victim_model,1,pizza,73,114,5,200000.0,45.0,random_walk,0.3050258122279614,1,199970.5875744157,12866,8001.0,44.13109827041626
victim_model,1,pizza,74,115,5,200000.0,45.0,random_walk,0.3050258122279614,0,200011.85842462833,12866,8000.0,43.80433893203735
victim_model,1,pizza,75,116,5,200000.0,45.0,random_walk,0.3049448203078362,3,200010.61480157872,12860,7997.0,40.664592027664185
victim_model,1,pizza,76,117,5,200000.0,45.0,random_walk,0.3050258122279614,1,199958.93277636523,12866,8001.0,40.70335793495178
victim_model,1,pizza,77,118,5,200000.0,45.0,random_walk,0.3050258122279614,3,200010.4315536814,12866,8000.0,40.9549777507782
victim_model,1,pizza,78,119,5,200000.0,45.0,random_walk,0.3050258122279614,0,199921.08776672388,12866,8001.0,41.34486126899719
victim_model,1,pizza,79,120,5,200000.0,45.0,random_walk,0.3050258122279614,1,199975.9305442476,12866,8001.0,39.73772406578064
victim_model,1,pizza,80,121,5,200000.0,45.0,random_walk,0.3050258122279614,2,199978.7050112469,12866,8001.0,40.98353028297424
victim_model,1,pizza,81,122,5,200000.0,45.0,random_walk,0.3050258122279614,1,199946.776497074,12866,8001.0,43.21048188209534
victim_model,1,pizza,82,123,5,200000.0,45.0,random_walk,0.3050258122279614,0,199969.55893300107,12866,8001.0,41.79038667678833
victim_model,1,pizza,83,124,5,200000.0,45.0,random_walk,0.3049448203078362,1,200012.53702091562,12860,7997.0,43.05611252784729
victim_model,1,pizza,84,125,5,200000.0,45.0,random_walk,0.3050258122279614,1,200000.5374217685,12866,8000.0,41.616750955581665
victim_model,1,pizza,85,126,5,200000.0,45.0,random_walk,0.3049653869314785,1,200001.33466318352,12863,7999.0,42.9306902885437
victim_model,1,pizza,86,127,5,200000.0,45.0,random_walk,0.3050258122279614,1,199995.40228646775,12866,8001.0,39.985753297805786
victim_model,1,pizza,87,128,5,200000.0,45.0,random_walk,0.3049653869314785,2,200020.26835838493,12863,7999.0,38.64497232437134
victim_model,1,pizza,88,129,5,200000.0,45.0,random_walk,0.3050258122279614,1,200022.49954540675,12866,8000.0,41.53237533569336
victim_model,1,pizza,89,130,5,200000.0,45.0,random_walk,0.3050258122279614,3,199911.99855505288,12866,8001.0,40.620075941085815
victim_model,1,pizza,90,131,5,200000.0,45.0,random_walk,0.3049448203078362,1,200014.29513603268,12861,7998.0,41.76435089111328
victim_model,1,pizza,91,132,5,200000.0,45.0,random_walk,0.3049448203078362,0,200007.47334745538,12860,7997.0,41.98201656341553
victim_model,1,pizza,92,133,5,200000.0,45.0,random_walk,0.3049653869314785,1,200002.61540179208,12863,7999.0,42.28902053833008
victim_model,1,pizza,93,134,5,200000.0,45.0,random_walk,0.3049448203078362,0,200004.12693207274,12861,7998.0,41.995749950408936
victim_model,1,pizza,94,135,5,200000.0,45.0,random_walk,0.3050258122279614,3,200016.9110542904,12866,8000.0,39.994717597961426
victim_model,1,pizza,95,136,5,200000.0,45.0,random_walk,0.3050258122279614,3,199968.2081807615,12866,8001.0,43.00571084022522
victim_model,1,pizza,96,137,5,200000.0,45.0,random_walk,0.3050258122279614,2,199987.55851094186,12866,8001.0,43.010597705841064
victim_model,1,pizza,97,138,5,200000.0,45.0,random_walk,0.3049448203078362,0,200013.34480972154,12861,7998.0,42.61749720573425
victim_model,1,pizza,98,139,5,200000.0,45.0,random_walk,0.3050258122279614,0,199936.26748878896,12866,8001.0,41.64053678512573
victim_model,1,pizza,99,140,5,200000.0,45.0,random_walk,0.3050258122279614,3,200024.51061520865,12866,8000.0,39.83632135391235
victim_model,1,pizza,100,141,5,200000.0,45.0,random_walk,0.3049653869314785,0,200007.33387177324,12863,7999.0,40.25563907623291
victim_model,1,static,1,42,5,200000.0,45.0,random_walk,0.33257697418937043,0,198150.67375400517,12649,8001.0,40.03911089897156
victim_model,1,static,2,43,5,200000.0,45.0,random_walk,0.3065036592903866,2,197790.80591981686,11616,8001.0,40.10213804244995
victim_model,1,static,3,44,5,200000.0,45.0,random_walk,0.31164929084583276,1,197700.26528858446,11572,8001.0,40.848488092422485
victim_model,1,static,4,45,5,200000.0,45.0,random_walk,0.29977855569427286,1,197296.00798346035,10661,8001.0,40.727890491485596
victim_model,1,static,5,46,5,200000.0,45.0,random_walk,0.29551971280715106,0,197394.7006742595,10525,8001.0,38.58675169944763
victim_model,1,static,6,47,5,200000.0,45.0,random_walk,0.3153175673751829,0,197938.26551422957,11366,8001.0,43.30940890312195
victim_model,1,static,7,48,5,200000.0,45.0,random_walk,0.2846570735168817,2,197318.6610623031,10201,8000.0,43.02301073074341
victim_model,1,static,8,49,5,200000.0,45.0,random_walk,0.2465211965788412,1,196719.79294494548,8204,8001.0,42.027119636535645
victim_model,1,static,9,50,5,200000.0,45.0,random_walk,0.26272651232132227,1,196838.45901655097,8806,8001.0,41.84186267852783
victim_model,1,static,10,51,5,200000.0,45.0,random_walk,0.3438589914620235,2,198330.54038755386,13160,8001.0,40.79250168800354
victim_model,1,static,11,52,5,200000.0,45.0,random_walk,0.2485335071117458,0,197158.61085843082,10178,8001.0,37.81309914588928
victim_model,1,static,12,53,5,200000.0,45.0,random_walk,0.3030210464975645,1,197602.28256611835,11024,8001.0,38.70889163017273
victim_model,1,static,13,54,5,200000.0,45.0,random_walk,0.33885905837860075,1,198199.06266735555,13251,8001.0,40.66524624824524
victim_model,1,static,14,55,5,200000.0,45.0,random_walk,0.29404157568096106,1,197379.6675737619,10712,8001.0,40.872180461883545
victim_model,1,static,15,56,5,200000.0,45.0,random_walk,0.27058022571869916,0,196769.98929496226,9102,8001.0,41.05261516571045
victim_model,1,static,16,57,5,200000.0,45.0,random_walk,0.27865709373653696,1,197041.74203018282,9334,8001.0,40.9613721370697
victim_model,1,static,17,58,5,200000.0,45.0,random_walk,0.3529153842974964,2,198627.8108268954,14025,8001.0,39.38140249252319
victim_model,1,static,18,59,5,200000.0,45.0,random_walk,0.2898206296122632,2,197407.31667631265,10828,8001.0,41.458751916885376
victim_model,1,static,19,60,5,200000.0,45.0,random_walk,0.303406064984616,1,197388.1070480567,10743,8001.0,41.845032930374146
victim_model,1,static,20,61,5,200000.0,45.0,random_walk,0.2983194398678416,2,197453.80981237654,10699,8000.0,38.1020073890686
victim_model,1,static,21,62,5,200000.0,45.0,random_walk,0.2018860242606272,1,196197.7401019374,7260,8001.0,41.74442505836487
victim_model,1,static,22,63,5,200000.0,45.0,random_walk,0.26883766568033807,0,197056.958752299,9787,8001.0,41.608027935028076
victim_model,1,static,23,64,5,200000.0,45.0,random_walk,0.3005538209359585,1,197459.28970757462,11001,8001.0,37.618536949157715
victim_model,1,static,24,65,5,200000.0,45.0,random_walk,0.28190797367499887,2,197297.53093743973,9599,8001.0,37.83938145637512
victim_model,1,static,25,66,5,200000.0,45.0,random_walk,0.31786514605145605,2,197938.16031583137,11886,8001.0,39.8040087223053
victim_model,1,static,26,67,5,200000.0,45.0,random_walk,0.3319266741131244,1,198045.26452722953,12278,8001.0,39.862531423568726
victim_model,1,static,27,68,5,200000.0,45.0,random_walk,0.3198818839171916,1,197876.61080361743,12191,8001.0,40.34314155578613
victim_model,1,static,28,69,5,200000.0,45.0,random_walk,0.24217528888964146,2,196917.90475110553,9210,8001.0,39.97192883491516
victim_model,1,static,29,70,5,200000.0,45.0,random_walk,0.26975245703119327,1,196949.80857608348,8900,8001.0,45.0714168548584
victim_model,1,static,30,71,5,200000.0,45.0,random_walk,0.32040713483936495,2,197879.1923133253,11790,8001.0,44.45151209831238
victim_model,1,static,31,72,5,200000.0,45.0,random_walk,0.30325629073279875,0,197908.82593503362,12010,8001.0,44.77140998840332
victim_model,1,static,32,73,5,200000.0,45.0,random_walk,0.23343360569016425,2,196753.67767639318,8714,8001.0,46.07274866104126
victim_model,1,static,33,74,5,200000.0,45.0,random_walk,0.311094360779306,2,197809.76276881777,11707,8001.0,44.58671998977661
victim_model,1,static,34,75,5,200000.0,45.0,random_walk,0.3445829646191305,2,198669.6860366722,13748,8001.0,45.826191663742065
victim_model,1,static,35,76,5,200000.0,45.0,random_walk,0.3027364006554006,1,197489.53912981504,11093,8001.0,41.29320025444031
victim_model,1,static,36,77,5,200000.0,45.0,random_walk,0.29052845786731235,1,197247.81303286928,10536,8001.0,41.922717571258545
victim_model,1,static,37,78,5,200000.0,45.0,random_walk,0.3072812100074311,2,197742.66851537372,10933,8001.0,42.106162786483765
victim_model,1,static,38,79,5,200000.0,45.0,random_walk,0.35349858871007,2,198607.60626181448,14009,8001.0,42.02540302276611
victim_model,1,static,39,80,5,200000.0,45.0,random_walk,0.3034333861095588,0,197531.68776470944,10817,8001.0,39.899221420288086
victim_model,1,static,40,81,5,200000.0,45.0,random_walk,0.32176173744007497,2,197937.1380008167,11550,8001.0,42.113893032073975
victim_model,1,static,41,82,5,200000.0,45.0,random_walk,0.28765130068557804,2,197254.46108475185,9625,8001.0,39.24304723739624
victim_model,1,static,42,83,5,200000.0,45.0,random_walk,0.2997620898815151,2,197500.29622981584,10930,8001.0,39.70626449584961
victim_model,1,static,43,84,5,200000.0,45.0,random_walk,0.2917170707264842,5,197644.80941393724,11157,8001.0,40.64578819274902
victim_model,1,static,44,85,5,200000.0,45.0,random_walk,0.35466552282890157,2,198722.61710664045,14432,8001.0,40.92767667770386
victim_model,1,static,45,86,5,200000.0,45.0,random_walk,0.3246123897965026,3,197797.8524387716,11966,8001.0,38.462509632110596
victim_model,1,static,46,87,5,200000.0,45.0,random_walk,0.3203020929707792,2,197878.21757899242,12036,8001.0,40.24324560165405
victim_model,1,static,47,88,5,200000.0,45.0,random_walk,0.3238888637604391,1,197987.5531376755,12134,8001.0,40.01819157600403
victim_model,1,static,48,89,5,200000.0,45.0,random_walk,0.2241783147153597,0,196671.44367346264,7992,8001.0,38.83436584472656
victim_model,1,static,49,90,5,200000.0,45.0,random_walk,0.33064630715422966,1,198259.8890001786,12455,8001.0,38.89557647705078
victim_model,1,static,50,91,5,200000.0,45.0,random_walk,0.24471770865462758,0,196594.53340473096,8593,8001.0,40.56700015068054
victim_model,1,static,51,92,5,200000.0,45.0,random_walk,0.3063753555033912,2,197788.20075988883,11625,8001.0,40.6356520652771
victim_model,1,static,52,93,5,200000.0,45.0,random_walk,0.31103234639147687,3,197593.34423352883,10862,8001.0,40.49200940132141
victim_model,1,static,53,94,5,200000.0,45.0,random_walk,0.2864186975556287,2,197197.5564701245,10333,8001.0,38.375349044799805
victim_model,1,static,54,95,5,200000.0,45.0,random_walk,0.28774736483631996,2,197431.9076684715,11343,8001.0,41.05367350578308
victim_model,1,static,55,96,5,200000.0,45.0,random_walk,0.3231687517246467,4,197976.29898833134,12201,8001.0,41.77205157279968
victim_model,1,static,56,97,5,200000.0,45.0,random_walk,0.28146436207274955,2,197081.8725965715,9153,8000.0,42.21630024909973
victim_model,1,static,57,98,5,200000.0,45.0,random_walk,0.3328890891411181,1,198039.47835027231,12332,8000.0,41.68139839172363
victim_model,1,static,58,99,5,200000.0,45.0,random_walk,0.29022861304556874,1,197275.4974436617,9689,8001.0,42.015634059906006
victim_model,1,static,59,100,5,200000.0,45.0,random_walk,0.31548004614414177,1,197785.45666068458,11763,8001.0,38.30071973800659
victim_model,1,static,60,101,5,200000.0,45.0,random_walk,0.32977153078408933,1,198061.81899095344,12273,8001.0,39.99746012687683
victim_model,1,static,61,102,5,200000.0,45.0,random_walk,0.25081718982681156,0,196729.79584501218,8421,8000.0,40.80069923400879
victim_model,1,static,62,103,5,200000.0,45.0,random_walk,0.26045667068563383,1,196928.7995517155,9387,8001.0,40.50036907196045
victim_model,1,static,63,104,5,200000.0,45.0,random_walk,0.33030255255190955,1,198167.78042554855,13125,8001.0,40.89358830451965
victim_model,1,static,64,105,5,200000.0,45.0,random_walk,0.3082935065366609,2,197700.02885699502,11034,8001.0,41.240291595458984
victim_model,1,static,65,106,5,200000.0,45.0,random_walk,0.26427039563363797,2,196887.7160915355,9113,8001.0,40.30486059188843
victim_model,1,static,66,107,5,200000.0,45.0,random_walk,0.2941989833383707,1,197415.84614051747,10619,8001.0,39.47919464111328
victim_model,1,static,67,108,5,200000.0,45.0,random_walk,0.2977093446856134,2,197373.68637262928,10261,8001.0,39.62128710746765
victim_model,1,static,68,109,5,200000.0,45.0,random_walk,0.3262008281057796,1,198058.85282112673,12301,8001.0,40.80145335197449
victim_model,1,static,69,110,5,200000.0,45.0,random_walk,0.256671833142558,3,196790.78444215734,8634,8001.0,40.18271994590759
victim_model,1,static,70,111,5,200000.0,45.0,random_walk,0.3255854077181793,3,197898.41893595766,12274,8001.0,39.13460326194763
victim_model,1,static,71,112,5,200000.0,45.0,random_walk,0.2852627945719312,0,197250.6899861029,10366,8001.0,37.67171835899353
victim_model,1,static,72,113,5,200000.0,45.0,random_walk,0.3124878823351386,0,197803.33125642655,11073,8001.0,39.96576380729675
victim_model,1,static,73,114,5,200000.0,45.0,random_walk,0.26331845114774155,1,196918.03033834347,8904,8001.0,40.59977746009827
victim_model,1,static,74,115,5,200000.0,45.0,random_walk,0.31583252303973564,1,197982.3001444431,12017,8001.0,41.28354525566101
victim_model,1,static,75,116,5,200000.0,45.0,random_walk,0.32025902188461697,2,197780.91581389788,11823,8001.0,41.35109233856201
victim_model,1,static,76,117,5,200000.0,45.0,random_walk,0.27795765705302666,0,197098.3967281305,10049,8001.0,40.91303038597107
victim_model,1,static,77,118,5,200000.0,45.0,random_walk,0.2815551026614257,2,197178.79175127725,9833,8001.0,42.63498377799988
victim_model,1,static,78,119,5,200000.0,45.0,random_walk,0.3125647967685257,1,197678.87871194605,11544,8001.0,41.75528001785278
victim_model,1,static,79,120,5,200000.0,45.0,random_walk,0.32740381556069875,1,198013.37987080408,12222,8001.0,42.489635705947876
victim_model,1,static,80,121,5,200000.0,45.0,random_walk,0.2809802468016882,1,197233.07085653167,9857,8001.0,42.226521253585815
victim_model,1,static,81,122,5,200000.0,45.0,random_walk,0.2675229465490499,2,197135.74902509726,9984,8001.0,38.89281630516052
victim_model,1,static,82,123,5,200000.0,45.0,random_walk,0.2987798910585032,0,197346.47847488898,10941,8000.0,41.71392369270325
victim_model,1,static,83,124,5,200000.0,45.0,random_walk,0.3131074187861949,0,197581.02902973257,11411,8001.0,38.50001907348633
victim_model,1,static,84,125,5,200000.0,45.0,random_walk,0.30425453307514905,1,197616.73846400165,11206,8001.0,40.30183744430542
victim_model,1,static,85,126,5,200000.0,45.0,random_walk,0.2823700006214993,1,197152.32266624432,10294,8001.0,40.96724319458008
victim_model,1,static,86,127,5,200000.0,45.0,random_walk,0.3290306299986497,2,198067.33947205674,12172,8001.0,41.68776297569275
victim_model,1,static,87,128,5,200000.0,45.0,random_walk,0.30668576121092755,2,197465.0046661728,10978,8001.0,41.35092043876648
victim_model,1,static,88,129,5,200000.0,45.0,random_walk,0.32960905390747813,1,198219.72169729273,13016,8001.0,41.81923723220825
victim_model,1,static,89,130,5,200000.0,45.0,random_walk,0.28501572645973205,3,197144.9150244598,9682,8001.0,41.9799165725708
victim_model,1,static,90,131,5,200000.0,45.0,random_walk,0.26650558565013577,2,196958.64092602945,9046,8001.0,38.300920724868774
victim_model,1,static,91,132,5,200000.0,45.0,random_walk,0.3113632645992561,1,197649.70069909916,11163,8001.0,41.678491830825806
victim_model,1,static,92,133,5,200000.0,45.0,random_walk,0.33877209453509377,1,198178.79771623932,13199,8001.0,42.22195291519165
victim_model,1,static,93,134,5,200000.0,45.0,random_walk,0.3524553118959611,0,198505.74526733469,13782,8001.0,41.49142646789551
victim_model,1,static,94,135,5,200000.0,45.0,random_walk,0.3462665942846041,2,198652.27759135756,13595,8001.0,40.90698289871216
victim_model,1,static,95,136,5,200000.0,45.0,random_walk,0.2696155040486574,0,197056.48446648015,9328,8001.0,37.55900979042053
victim_model,1,static,96,137,5,200000.0,45.0,random_walk,0.19992408752622087,2,195903.80783697462,5933,8001.0,37.95722436904907
victim_model,1,static,97,138,5,200000.0,45.0,random_walk,0.31084379131270956,1,197760.36857254762,11169,8001.0,39.614808797836304
victim_model,1,static,98,139,5,200000.0,45.0,random_walk,0.27738826962479884,0,197148.5456065426,10119,8001.0,40.55803990364075
victim_model,1,static,99,140,5,200000.0,45.0,random_walk,0.343233295868448,2,198369.97504594785,13178,8001.0,40.71126341819763
victim_model,1,static,100,141,5,200000.0,45.0,random_walk,0.29582760508308087,0,197379.14591316,10491,8001.0,40.26194977760315
victim_model,1,dynamic,1,42,5,200000.0,45.0,random_walk,0.2951194597397973,0,200006.02074563206,9713,8505.0,56.941118001937866
victim_model,1,dynamic,2,43,5,200000.0,45.0,random_walk,0.30537527776047163,1,200021.3045771943,10032,8492.0,54.4657347202301
victim_model,1,dynamic,3,44,5,200000.0,45.0,random_walk,0.3302742651124479,2,200001.94908486295,11559,8494.0,57.7188515663147
victim_model,1,dynamic,4,45,5,200000.0,45.0,random_walk,0.3100820880834549,1,200015.04286209156,10503,8505.0,58.66772723197937
victim_model,1,dynamic,5,46,5,200000.0,45.0,random_walk,0.2963137989646901,2,200011.65274416152,9673,8504.0,57.20869159698486
victim_model,1,dynamic,6,47,5,200000.0,45.0,random_walk,0.3065245734894565,2,200003.9188946154,10396,8523.0,55.7986855506897
victim_model,1,dynamic,7,48,5,200000.0,45.0,random_walk,0.26233456375253117,1,200023.8797440159,7970,8497.0,49.68353533744812
victim_model,1,dynamic,8,49,5,200000.0,45.0,random_walk,0.25125618836403385,1,200012.94892810265,7499,8498.0,56.0511372089386
victim_model,1,dynamic,9,50,5,200000.0,45.0,random_walk,0.3115430391666891,1,200000.23335406918,10619,8505.0,54.37383770942688
victim_model,1,dynamic,10,51,5,200000.0,45.0,random_walk,0.27181674738318656,2,200015.98295759782,8422,8504.0,55.336615800857544
victim_model,1,dynamic,11,52,5,200000.0,45.0,random_walk,0.24204950400040065,0,200024.38827727205,7046,8497.0,55.69754433631897
victim_model,1,dynamic,12,53,5,200000.0,45.0,random_walk,0.27743220325099804,1,200004.73942172166,8620,8514.0,54.873319149017334
victim_model,1,dynamic,13,54,5,200000.0,45.0,random_walk,0.2584860994125809,1,200005.9189377284,7919,8503.0,50.862879514694214
victim_model,1,dynamic,14,55,5,200000.0,45.0,random_walk,0.2620218120919908,1,200004.2620482672,7906,8500.0,57.87213850021362
victim_model,1,dynamic,15,56,5,200000.0,45.0,random_walk,0.32752351950622216,0,200019.31757633673,11389,8494.0,61.26994800567627
victim_model,1,dynamic,16,57,5,200000.0,45.0,random_walk,0.3198098141962672,1,200005.33917645388,10929,8514.0,58.49143671989441
victim_model,1,dynamic,17,58,5,200000.0,45.0,random_walk,0.2929202698651928,2,200013.24490355328,9397,8508.0,58.711366415023804
victim_model,1,dynamic,18,59,5,200000.0,45.0,random_walk,0.29189744862408395,1,200017.5672845227,9458,8506.0,59.92766833305359
victim_model,1,dynamic,19,60,5,200000.0,45.0,random_walk,0.2859521846049478,1,200011.120720662,9153,8500.0,51.4549355506897
victim_model,1,dynamic,20,61,5,200000.0,45.0,random_walk,0.2976248202237614,3,200007.89614445707,9840,8515.0,52.55600881576538
victim_model,1,dynamic,21,62,5,200000.0,45.0,random_walk,0.3072408122930192,2,200021.93509666246,10300,8499.0,53.16387152671814
victim_model,1,dynamic,22,63,5,200000.0,45.0,random_walk,0.27397106595578813,1,200021.24304693512,8523,8498.0,54.34131193161011
victim_model,1,dynamic,23,64,5,200000.0,45.0,random_walk,0.26900763216517953,1,200005.17033540487,8276,8498.0,53.81980872154236
victim_model,1,dynamic,24,65,5,200000.0,45.0,random_walk,0.30529944680346693,1,200007.3773431224,10257,8512.0,51.76547837257385
victim_model,1,dynamic,25,66,5,200000.0,45.0,random_walk,0.24561579669504846,2,200008.05822887318,7384,8511.0,65.06850290298462
victim_model,1,dynamic,26,67,5,200000.0,45.0,random_walk,0.3064606824559661,1,200004.97783657743,10134,8507.0,59.67309641838074
victim_model,1,dynamic,27,68,5,200000.0,45.0,random_walk,0.2324721750644079,1,200003.75434019635,6620,8482.0,63.000396490097046
victim_model,1,dynamic,28,69,5,200000.0,45.0,random_walk,0.27036333286668834,1,200009.8551645528,8351,8500.0,60.81962609291077
victim_model,1,dynamic,29,70,5,200000.0,45.0,random_walk,0.26765877591938403,2,200022.33955988943,8368,8506.0,61.77333736419678
victim_model,1,dynamic,30,71,5,200000.0,45.0,random_walk,0.260073692014439,0,200007.48355472495,7878,8500.0,61.93371820449829
victim_model,1,dynamic,31,72,5,200000.0,45.0,random_walk,0.30914256326950024,0,200011.5199505446,10432,8509.0,56.46174478530884
victim_model,1,dynamic,32,73,5,200000.0,45.0,random_walk,0.2915903113244533,3,200013.1529605948,9439,8508.0,56.50885987281799
victim_model,1,dynamic,33,74,5,200000.0,45.0,random_walk,0.3198908145500453,1,200005.97820407158,10881,8503.0,55.86379408836365
victim_model,1,dynamic,34,75,5,200000.0,45.0,random_walk,0.2896309109167991,3,200018.2091103337,9387,8505.0,56.88632535934448
victim_model,1,dynamic,35,76,5,200000.0,45.0,random_walk,0.2773266183445719,1,200010.13656841055,8744,8504.0,56.06346559524536
victim_model,1,dynamic,36,77,5,200000.0,45.0,random_walk,0.3302231541284,1,200016.76802371023,11835,8503.0,53.74026894569397
victim_model,1,dynamic,37,78,5,200000.0,45.0,random_walk,0.29032249126138937,3,200012.08536126924,9399,8529.0,55.24479961395264
victim_model,1,dynamic,38,79,5,200000.0,45.0,random_walk,0.30276615220464104,2,200021.63284223957,10126,8494.0,57.33718967437744
victim_model,1,dynamic,39,80,5,200000.0,45.0,random_walk,0.2503671307064858,0,200016.1898231653,7495,8491.0,56.4255805015564
victim_model,1,dynamic,40,81,5,200000.0,45.0,random_walk,0.2791810031056613,3,200021.45131188596,8709,8507.0,54.098273038864136
victim_model,1,dynamic,41,82,5,200000.0,45.0,random_walk,0.2514707164262916,2,200022.50785324228,7477,8525.0,58.034393072128296
victim_model,1,dynamic,42,83,5,200000.0,45.0,random_walk,0.23713077894248916,1,200002.4647735241,6831,8577.0,56.57068490982056
victim_model,1,dynamic,43,84,5,200000.0,45.0,random_walk,0.2693395438392428,2,200022.8878833803,8329,8505.0,51.007450342178345
victim_model,1,dynamic,44,85,5,200000.0,45.0,random_walk,0.28295542089559866,2,200011.96328215871,9271,8513.0,55.7646849155426
victim_model,1,dynamic,45,86,5,200000.0,45.0,random_walk,0.3197825347122899,3,200003.72110937646,10894,8502.0,55.430333614349365
victim_model,1,dynamic,46,87,5,200000.0,45.0,random_walk,0.3168554614008554,1,200012.33506977724,10866,8513.0,55.83387207984924
victim_model,1,dynamic,47,88,5,200000.0,45.0,random_walk,0.29807158074981854,1,200003.45017889043,9744,8490.0,55.05829954147339
victim_model,1,dynamic,48,89,5,200000.0,45.0,random_walk,0.28432595255494036,0,200002.62912753574,9041,8494.0,55.556052923202515
victim_model,1,dynamic,49,90,5,200000.0,45.0,random_walk,0.25710336307669074,1,200021.93375575356,7818,8505.0,54.66706109046936
victim_model,1,dynamic,50,91,5,200000.0,45.0,random_walk,0.21217733817002882,1,200009.69672614557,6352,8550.0,57.20088577270508
victim_model,1,dynamic,51,92,5,200000.0,45.0,random_walk,0.25682421523608834,1,200023.15423909345,7745,8489.0,56.96923351287842
victim_model,1,dynamic,52,93,5,200000.0,45.0,random_walk,0.29972747118902743,2,200023.42370457167,9844,8589.0,56.522135496139526
victim_model,1,dynamic,53,94,5,200000.0,45.0,random_walk,0.28901043496684403,2,200024.54276070648,9314,8528.0,57.71450066566467
victim_model,1,dynamic,54,95,5,200000.0,45.0,random_walk,0.28148999902278654,2,200012.06088677526,8865,8504.0,58.13458442687988
victim_model,1,dynamic,55,96,5,200000.0,45.0,random_walk,0.2803192676662934,1,200019.46807896814,8817,8494.0,53.38852047920227
victim_model,1,dynamic,56,97,5,200000.0,45.0,random_walk,0.29222949025233114,2,200019.8457246038,9453,8500.0,54.1226282119751
victim_model,1,dynamic,57,98,5,200000.0,45.0,random_walk,0.28444095130896935,1,200008.13828345068,9123,8510.0,55.26318144798279
victim_model,1,dynamic,58,99,5,200000.0,45.0,random_walk,0.303210745020616,0,200012.0226560791,10006,8503.0,55.86464786529541
victim_model,1,dynamic,59,100,5,200000.0,45.0,random_walk,0.30992561004666785,1,200003.2698792761,10321,8509.0,55.937657594680786
victim_model,1,dynamic,60,101,5,200000.0,45.0,random_walk,0.2604996372340268,2,200002.50426392778,7908,8515.0,55.57415509223938
victim_model,1,dynamic,61,102,5,200000.0,45.0,random_walk,0.27898564967365636,0,200017.76481876237,8799,8502.0,62.90833854675293
victim_model,1,dynamic,62,103,5,200000.0,45.0,random_walk,0.26830387565077496,1,200003.9629835529,8382,8525.0,59.9697687625885
victim_model,1,dynamic,63,104,5,200000.0,45.0,random_walk,0.25532580629592305,1,200011.30325615383,7665,8503.0,60.62743425369263
victim_model,1,dynamic,64,105,5,200000.0,45.0,random_walk,0.23378609313968773,2,200013.0004194298,6666,8505.0,57.94433259963989
victim_model,1,dynamic,65,106,5,200000.0,45.0,random_walk,0.24349488476395742,2,200002.13514957065,7267,8508.0,54.926525831222534
victim_model,1,dynamic,66,107,5,200000.0,45.0,random_walk,0.3130399321474359,1,200021.40654401312,10601,8482.0,58.25450110435486
victim_model,1,dynamic,67,108,5,200000.0,45.0,random_walk,0.27377572921492715,1,200011.16491726128,8548,8509.0,56.819575786590576
victim_model,1,dynamic,68,109,5,200000.0,45.0,random_walk,0.2846682548931035,0,200022.6120410274,9002,8542.0,56.52078652381897
victim_model,1,dynamic,69,110,5,200000.0,45.0,random_walk,0.2888971988603337,3,200003.40053396433,9300,8490.0,56.195674896240234
victim_model,1,dynamic,70,111,5,200000.0,45.0,random_walk,0.29071207791803316,2,200002.4551536842,9340,8494.0,53.761444091796875
victim_model,1,dynamic,71,112,5,200000.0,45.0,random_walk,0.2534569595842896,0,200018.02827526297,7602,8503.0,55.434337854385376
victim_model,1,dynamic,72,113,5,200000.0,45.0,random_walk,0.25630748956182076,0,200010.7742245929,7702,8510.0,52.924429416656494
victim_model,1,dynamic,73,114,5,200000.0,45.0,random_walk,0.24194975837703525,0,200017.3459480927,7070,8496.0,57.731998443603516
victim_model,1,dynamic,74,115,5,200000.0,45.0,random_walk,0.31751051465775737,0,200015.16091019235,11088,8496.0,53.14722967147827
victim_model,1,dynamic,75,116,5,200000.0,45.0,random_walk,0.2922958781702,2,200006.7895951934,9851,8494.0,58.25902724266052
victim_model,1,dynamic,76,117,5,200000.0,45.0,random_walk,0.3086172576089336,2,200024.53505403252,10478,8510.0,59.05120825767517
victim_model,1,dynamic,77,118,5,200000.0,45.0,random_walk,0.29553592947586,3,200008.0076447057,9796,8520.0,58.61664652824402
victim_model,1,dynamic,78,119,5,200000.0,45.0,random_walk,0.24142420737155576,0,200010.05839299396,7009,8503.0,59.37891745567322
victim_model,1,dynamic,79,120,5,200000.0,45.0,random_walk,0.279571342871948,1,200002.6908923175,9059,8510.0,53.49192237854004
victim_model,1,dynamic,80,121,5,200000.0,45.0,random_walk,0.2577588792548374,1,200006.3089642193,7988,8497.0,54.99161672592163
victim_model,1,dynamic,81,122,5,200000.0,45.0,random_walk,0.3068737541956095,1,200023.97891557403,10466,8518.0,53.947558641433716
victim_model,1,dynamic,82,123,5,200000.0,45.0,random_walk,0.29491651011008496,0,200000.36735289433,9915,8515.0,53.18813467025757
victim_model,1,dynamic,83,124,5,200000.0,45.0,random_walk,0.26040266551326313,1,200001.08969917876,8121,8501.0,55.18129253387451
victim_model,1,dynamic,84,125,5,200000.0,45.0,random_walk,0.2719096400017307,1,200017.5769820857,8373,8531.0,54.48012113571167
victim_model,1,dynamic,85,126,5,200000.0,45.0,random_walk,0.3045567849706912,1,200015.27158019005,10052,8509.0,55.455973625183105
victim_model,1,dynamic,86,127,5,200000.0,45.0,random_walk,0.26139710988580045,1,200006.53243246704,8554,8510.0,54.10204458236694
victim_model,1,dynamic,87,128,5,200000.0,45.0,random_walk,0.30393377619407896,1,200011.17921590531,10219,8570.0,56.76396584510803
victim_model,1,dynamic,88,129,5,200000.0,45.0,random_walk,0.25538042402163735,1,200002.99015549148,7622,8517.0,57.58240222930908
victim_model,1,dynamic,89,130,5,200000.0,45.0,random_walk,0.3326444345009147,2,200000.54914637667,11833,8498.0,56.739442586898804
victim_model,1,dynamic,90,131,5,200000.0,45.0,random_walk,0.3041386861735838,3,200017.05893831703,10026,8503.0,58.11236047744751
victim_model,1,dynamic,91,132,5,200000.0,45.0,random_walk,0.21187280718383308,0,200011.40320931462,5774,8512.0,50.732529640197754
victim_model,1,dynamic,92,133,5,200000.0,45.0,random_walk,0.29428019960207447,2,200003.0640032327,9519,8501.0,56.22185254096985
victim_model,1,dynamic,93,134,5,200000.0,45.0,random_walk,0.26448655662017867,0,200009.55908900144,8158,8504.0,55.75756907463074
victim_model,1,dynamic,94,135,5,200000.0,45.0,random_walk,0.2550141151425938,2,200022.5910057614,7727,8513.0,54.14870834350586
victim_model,1,dynamic,95,136,5,200000.0,45.0,random_walk,0.2790703116602262,2,200005.1832909102,8693,8497.0,55.53898859024048
victim_model,1,dynamic,96,137,5,200000.0,45.0,random_walk,0.22568300559445248,2,200004.96140375177,6275,8506.0,54.9561927318573
victim_model,1,dynamic,97,138,5,200000.0,45.0,random_walk,0.27482445958115054,1,200014.0494544652,8534,8502.0,53.39085841178894
victim_model,1,dynamic,98,139,5,200000.0,45.0,random_walk,0.2269911424131115,0,200012.67458784374,6556,8552.0,50.12980628013611
victim_model,1,dynamic,99,140,5,200000.0,45.0,random_walk,0.2593853748868102,2,200019.54872419388,7791,8503.0,52.67016911506653
victim_model,1,dynamic,100,141,5,200000.0,45.0,random_walk,0.30215597368320934,0,200015.53515751695,10030,8507.0,50.920270919799805
victim_model,1,static_3step,1,42,5,200000.0,45.0,random_walk,0.3245806027490727,0,198834.17615413206,12158,8001.0,47.90095043182373
victim_model,1,static_3step,2,43,5,200000.0,45.0,random_walk,0.33367302639608276,1,198196.83019817347,11974,8001.0,47.48482322692871
victim_model,1,static_3step,3,44,5,200000.0,45.0,random_walk,0.3698863756886787,2,199192.28632529353,15186,8001.0,39.71731472015381
victim_model,1,static_3step,4,45,5,200000.0,45.0,random_walk,0.3283527477156602,1,199157.4988065485,12252,8001.0,41.20838475227356
victim_model,1,static_3step,5,46,5,200000.0,45.0,random_walk,0.3670539911814124,2,199208.0877297212,15083,8001.0,38.189340353012085
victim_model,1,static_3step,6,47,5,200000.0,45.0,random_walk,0.3140830468770231,1,198613.70136591166,11935,8001.0,39.89592099189758
victim_model,1,static_3step,7,48,5,200000.0,45.0,random_walk,0.30122257575488054,1,198984.69279239286,10365,8001.0,35.117422103881836
victim_model,1,static_3step,8,49,5,200000.0,45.0,random_walk,0.34577596145216694,1,198750.10816184946,14114,8001.0,35.71844148635864
victim_model,1,static_3step,9,50,5,200000.0,45.0,random_walk,0.37512572461211,2,199224.5350119643,14899,8001.0,40.79974937438965
victim_model,1,static_3step,10,51,5,200000.0,45.0,random_walk,0.33321469748516475,2,199082.53442325257,12133,8001.0,39.01020789146423
victim_model,1,static_3step,11,52,5,200000.0,45.0,random_walk,0.32647718516519164,1,198840.29029187837,11963,8001.0,40.95871710777283
victim_model,1,static_3step,12,53,5,200000.0,45.0,random_walk,0.29207205003169684,1,198682.9529554738,10437,8001.0,40.367798805236816
victim_model,1,static_3step,13,54,5,200000.0,45.0,random_walk,0.33883269361540597,1,198655.49351411642,12540,8001.0,41.56953310966492
victim_model,1,static_3step,14,55,5,200000.0,45.0,random_walk,0.356678954149008,1,198891.40068063428,14264,8001.0,41.69662380218506
victim_model,1,static_3step,15,56,5,200000.0,45.0,random_walk,0.34005678814334733,0,199199.85288059176,13212,8001.0,40.50817799568176
victim_model,1,static_3step,16,57,5,200000.0,45.0,random_walk,0.3417007744265506,0,199033.37674056695,13639,8001.0,41.40069627761841
victim_model,1,static_3step,17,58,5,200000.0,45.0,random_walk,0.32936430477647344,0,198698.23749643323,13157,8001.0,41.03682255744934
victim_model,1,static_3step,18,59,5,200000.0,45.0,random_walk,0.293042332225572,3,198664.65043682634,10552,8001.0,40.17502164840698
victim_model,1,static_3step,19,60,5,200000.0,45.0,random_walk,0.36213292898673116,1,198807.0330849474,14088,8001.0,41.118046045303345
victim_model,1,static_3step,20,61,5,200000.0,45.0,random_walk,0.3467585095458224,2,198765.36799904585,12920,8001.0,40.777926445007324
victim_model,1,static_3step,21,62,5,200000.0,45.0,random_walk,0.31811773943068855,2,198136.42399288426,11207,8001.0,39.83163380622864
victim_model,1,static_3step,22,63,5,200000.0,45.0,random_walk,0.3563425880668983,2,199182.47974701424,14952,8001.0,41.43335843086243
victim_model,1,static_3step,23,64,5,200000.0,45.0,random_walk,0.3724936841554553,2,198965.61964137683,14261,8001.0,39.17670726776123
victim_model,1,static_3step,24,65,5,200000.0,45.0,random_walk,0.34354974006358957,1,199029.32523514715,14963,8001.0,40.46367430686951
victim_model,1,static_3step,25,66,5,200000.0,45.0,random_walk,0.2670422958691564,2,199003.9927755968,8460,8001.0,40.841835021972656
victim_model,1,static_3step,26,67,5,200000.0,45.0,random_walk,0.3043784904105588,1,198756.8858598153,10199,8001.0,41.26558232307434
victim_model,1,static_3step,27,68,5,200000.0,45.0,random_walk,0.3728064695993877,1,198921.8263836002,14254,8001.0,39.04403758049011
victim_model,1,static_3step,28,69,5,200000.0,45.0,random_walk,0.3257161247914561,2,198926.46439034207,11449,8001.0,39.51543593406677
victim_model,1,static_3step,29,70,5,200000.0,45.0,random_walk,0.3505561938332787,2,199253.51149216972,13055,8001.0,39.26682424545288
victim_model,1,static_3step,30,71,5,200000.0,45.0,random_walk,0.371150967155131,1,199029.5304094797,14662,8001.0,40.63974189758301
victim_model,1,static_3step,31,72,5,200000.0,45.0,random_walk,0.32663962594528334,0,199200.55610887916,12192,8001.0,40.36967730522156
victim_model,1,static_3step,32,73,5,200000.0,45.0,random_walk,0.33676073020113984,2,199123.72943432245,12956,8001.0,39.77032732963562
victim_model,1,static_3step,33,74,5,200000.0,45.0,random_walk,0.37383224524314257,3,198989.94390070625,14338,8001.0,38.87240409851074
victim_model,1,static_3step,34,75,5,200000.0,45.0,random_walk,0.28196794048203155,2,199264.58670121766,9376,8001.0,39.39776253700256
victim_model,1,static_3step,35,76,5,200000.0,45.0,random_walk,0.3268092360125544,0,199201.39391297373,12113,8001.0,39.85471963882446
victim_model,1,static_3step,36,77,5,200000.0,45.0,random_walk,0.3569990189843727,1,198652.42526274128,13571,8001.0,41.03675675392151
victim_model,1,static_3step,37,78,5,200000.0,45.0,random_walk,0.3282671477384589,2,198966.05926844568,14993,8001.0,41.577648878097534
victim_model,1,static_3step,38,79,5,200000.0,45.0,random_walk,0.3211186298129234,2,198831.52817351537,12220,8001.0,40.76852369308472
victim_model,1,static_3step,39,80,5,200000.0,45.0,random_walk,0.33415914061631474,1,198292.81909555217,12313,8001.0,40.123119831085205
victim_model,1,static_3step,40,81,5,200000.0,45.0,random_walk,0.36924541250061976,3,199231.35199268916,15121,8001.0,39.951459646224976
victim_model,1,static_3step,41,82,5,200000.0,45.0,random_walk,0.3574112805672594,2,198831.8057274745,13976,8001.0,40.289024353027344
victim_model,1,static_3step,42,83,5,200000.0,45.0,random_walk,0.3717649355776771,2,198930.72933553587,14349,8001.0,40.489457845687866
victim_model,1,static_3step,43,84,5,200000.0,45.0,random_walk,0.31620128088202126,2,198835.9859357795,10903,8001.0,40.238322257995605
victim_model,1,static_3step,44,85,5,200000.0,45.0,random_walk,0.3770769752598982,2,199064.22892173796,14557,8001.0,40.2948055267334
victim_model,1,static_3step,45,86,5,200000.0,45.0,random_walk,0.2459583041523313,2,198653.12325779942,7905,8001.0,37.19906735420227
victim_model,1,static_3step,46,87,5,200000.0,45.0,random_walk,0.3150533531575392,2,198995.06025234627,11474,8000.0,41.55571675300598
victim_model,1,static_3step,47,88,5,200000.0,45.0,random_walk,0.36117497987877195,3,198882.52155139207,13963,8001.0,41.61642074584961
victim_model,1,static_3step,48,89,5,200000.0,45.0,random_walk,0.37461277645776464,1,199185.31763498395,14950,8001.0,42.633559226989746
victim_model,1,static_3step,49,90,5,200000.0,45.0,random_walk,0.3094655269320057,1,197719.43130125466,10704,8001.0,42.05568242073059
victim_model,1,static_3step,50,91,5,200000.0,45.0,random_walk,0.3163519275311917,2,198032.19002318627,11221,8001.0,42.27257037162781
victim_model,1,static_3step,51,92,5,200000.0,45.0,random_walk,0.32652318265936225,1,198761.980059922,13122,8001.0,41.22184944152832
victim_model,1,static_3step,52,93,5,200000.0,45.0,random_walk,0.36392814672487345,3,199065.31213512068,14000,8001.0,39.31438612937927
victim_model,1,static_3step,53,94,5,200000.0,45.0,random_walk,0.3803107282779304,1,199080.44293546176,15052,8001.0,41.45061898231506
victim_model,1,static_3step,54,95,5,200000.0,45.0,random_walk,0.3481606080707064,4,199235.80612166788,13015,8001.0,40.80353236198425
victim_model,1,static_3step,55,96,5,200000.0,45.0,random_walk,0.2938121700774462,3,197416.3587850494,9462,8001.0,40.86868739128113
victim_model,1,static_3step,56,97,5,200000.0,45.0,random_walk,0.3365922347890595,2,198368.06720695004,12315,8001.0,40.867045402526855
victim_model,1,static_3step,57,98,5,200000.0,45.0,random_walk,0.28098542285194045,1,198301.54677335007,9381,8001.0,43.460137128829956
victim_model,1,static_3step,58,99,5,200000.0,45.0,random_walk,0.37347595823128044,4,199198.3436557445,14835,8001.0,42.36666679382324
victim_model,1,static_3step,59,100,5,200000.0,45.0,random_walk,0.3478443137058331,1,198530.2602453526,12908,8001.0,38.04022574424744
victim_model,1,static_3step,60,101,5,200000.0,45.0,random_walk,0.3632706965471551,1,199120.6119976524,13662,8001.0,42.91583061218262
victim_model,1,static_3step,61,102,5,200000.0,45.0,random_walk,0.37002446816634726,1,199003.55912560847,14433,8001.0,43.20249700546265
victim_model,1,static_3step,62,103,5,200000.0,45.0,random_walk,0.370027004262506,2,198820.4072929027,14075,8001.0,43.645508766174316
victim_model,1,static_3step,63,104,5,200000.0,45.0,random_walk,0.35507221521241944,1,198880.17535784596,14262,8001.0,39.50088596343994
victim_model,1,static_3step,64,105,5,200000.0,45.0,random_walk,0.3588237261229602,2,198841.03658829525,13755,8001.0,40.018961906433105
victim_model,1,static_3step,65,106,5,200000.0,45.0,random_walk,0.34356081708774555,2,198945.41292754648,13273,8001.0,40.48214817047119
victim_model,1,static_3step,66,107,5,200000.0,45.0,random_walk,0.3649648500332281,2,198765.90047243284,14017,8001.0,40.26536321640015
victim_model,1,static_3step,67,108,5,200000.0,45.0,random_walk,0.32253205265198176,2,198591.65546555843,13107,8001.0,40.847315311431885
victim_model,1,static_3step,68,109,5,200000.0,45.0,random_walk,0.3567243831702899,2,199278.31066532878,13532,8001.0,40.88124966621399
victim_model,1,static_3step,69,110,5,200000.0,45.0,random_walk,0.3090144406129006,4,198452.63293225018,10483,8001.0,37.853527307510376
victim_model,1,static_3step,70,111,5,200000.0,45.0,random_walk,0.3340106913233809,4,199176.7790988029,12083,8001.0,39.13052558898926
victim_model,1,static_3step,71,112,5,200000.0,45.0,random_walk,0.33789482878364313,1,199022.60242066375,12378,8001.0,41.23224401473999
victim_model,1,static_3step,72,113,5,200000.0,45.0,random_walk,0.32719091129414335,1,199025.20881246618,13450,8001.0,42.01581168174744
victim_model,1,static_3step,73,114,5,200000.0,45.0,random_walk,0.32799250059757923,1,199119.0063456251,11775,8001.0,40.342071771621704
victim_model,1,static_3step,74,115,5,200000.0,45.0,random_walk,0.3283133244892462,0,198926.73283418576,11511,8001.0,41.84144616127014
victim_model,1,static_3step,75,116,5,200000.0,45.0,random_walk,0.29461651322266363,3,198804.76057679084,9961,8001.0,41.60066533088684
victim_model,1,static_3step,76,117,5,200000.0,45.0,random_walk,0.3549726122470404,3,198800.79130184432,14035,8001.0,41.18071746826172
victim_model,1,static_3step,77,118,5,200000.0,45.0,random_walk,0.36635878968268015,2,198869.8156580702,13880,8001.0,38.01287531852722
victim_model,1,static_3step,78,119,5,200000.0,45.0,random_walk,0.32977578972867444,1,198655.66595689114,13364,8001.0,41.24357223510742
victim_model,1,static_3step,79,120,5,200000.0,45.0,random_walk,0.36515161952006225,1,199229.92610985346,15015,8001.0,40.66953468322754
victim_model,1,static_3step,80,121,5,200000.0,45.0,random_walk,0.3752831521564104,3,199099.88487572907,14745,8001.0,40.506590366363525
victim_model,1,static_3step,81,122,5,200000.0,45.0,random_walk,0.36355459258221906,2,198989.3987564267,14085,8001.0,38.710461139678955
victim_model,1,static_3step,82,123,5,200000.0,45.0,random_walk,0.3694409463364398,2,198864.19644765693,14459,8001.0,40.69483542442322
victim_model,1,static_3step,83,124,5,200000.0,45.0,random_walk,0.34059857567612706,1,198302.33143329687,12385,8000.0,40.96997618675232
victim_model,1,static_3step,84,125,5,200000.0,45.0,random_walk,0.3498312317140511,2,198825.89674486042,12907,8001.0,41.88914155960083
victim_model,1,static_3step,85,126,5,200000.0,45.0,random_walk,0.3344565894323045,1,199010.53732368673,12642,8001.0,41.59911870956421
victim_model,1,static_3step,86,127,5,200000.0,45.0,random_walk,0.3247441370132566,2,199248.38375439477,12133,8001.0,41.822298526763916
victim_model,1,static_3step,87,128,5,200000.0,45.0,random_walk,0.36958758903586686,2,199067.94164629787,14818,8001.0,38.30711913108826
victim_model,1,static_3step,88,129,5,200000.0,45.0,random_walk,0.32175537861998843,1,198223.84579751085,12007,8001.0,40.66192626953125
victim_model,1,static_3step,89,130,5,200000.0,45.0,random_walk,0.35984179249633574,3,199000.7278907852,14098,8001.0,39.72017788887024
victim_model,1,static_3step,90,131,5,200000.0,45.0,random_walk,0.32940851988840975,2,198732.54658238293,12070,8001.0,40.784058570861816
victim_model,1,static_3step,91,132,5,200000.0,45.0,random_walk,0.28256862365658086,0,197442.6349775341,9051,8001.0,39.88211727142334
victim_model,1,static_3step,92,133,5,200000.0,45.0,random_walk,0.3319834280273695,2,198263.5399387861,11833,8001.0,40.43101930618286
victim_model,1,static_3step,93,134,5,200000.0,45.0,random_walk,0.3735288655517688,0,199108.9700099199,14918,8001.0,40.40784168243408
victim_model,1,static_3step,94,135,5,200000.0,45.0,random_walk,0.36276611235735523,2,198875.26161279803,14275,8001.0,40.94611215591431
victim_model,1,static_3step,95,136,5,200000.0,45.0,random_walk,0.33599128675080087,1,199118.69463520558,12121,8001.0,40.66327428817749
victim_model,1,static_3step,96,137,5,200000.0,45.0,random_walk,0.36372612223914924,1,199080.78505312765,13911,8001.0,41.866830825805664
victim_model,1,static_3step,97,138,5,200000.0,45.0,random_walk,0.35924174546625337,1,199064.7048139607,13985,8001.0,41.730247497558594
victim_model,1,static_3step,98,139,5,200000.0,45.0,random_walk,0.3429334890541935,1,198534.35110493662,13221,8001.0,42.129104137420654
victim_model,1,static_3step,99,140,5,200000.0,45.0,random_walk,0.34816519514524086,2,198691.0496654193,12797,8001.0,43.4713408946991
victim_model,1,static_3step,100,141,5,200000.0,45.0,random_walk,0.3126144288736217,0,198873.3791134711,11106,8001.0,46.10041093826294
victim_model,1,dynamic_3step,1,42,5,200000.0,45.0,random_walk,0.365941865995328,0,200020.61429108315,13816,8507.0,114.26367330551147
victim_model,1,dynamic_3step,2,43,5,200000.0,45.0,random_walk,0.3438244085437049,0,200017.88555925371,12606,8527.0,114.41147303581238
victim_model,1,dynamic_3step,3,44,5,200000.0,45.0,random_walk,0.35167563185751277,2,200000.79227947217,13101,8505.0,113.57372093200684
victim_model,1,dynamic_3step,4,45,5,200000.0,45.0,random_walk,0.37022069753258097,1,200013.6752237926,14854,8519.0,117.0387053489685
victim_model,1,dynamic_3step,5,46,5,200000.0,45.0,random_walk,0.32908943840791466,2,200016.1587405721,11322,8512.0,133.12846422195435
victim_model,1,dynamic_3step,6,47,5,200000.0,45.0,random_walk,0.3492746284567058,1,200004.95417804146,13112,8517.0,130.28522515296936
victim_model,1,dynamic_3step,7,48,5,200000.0,45.0,random_walk,0.33249526162115006,1,200005.87392533763,11934,8506.0,134.1305456161499
victim_model,1,dynamic_3step,8,49,5,200000.0,45.0,random_walk,0.3798746632690291,1,200013.7914230317,14780,8519.0,139.20715975761414
victim_model,1,dynamic_3step,9,50,5,200000.0,45.0,random_walk,0.351359611366735,2,200015.7287658248,12844,8521.0,137.96586847305298
victim_model,1,dynamic_3step,10,51,5,200000.0,45.0,random_walk,0.36412352532077535,2,200011.78882046387,14154,8512.0,137.5825891494751
victim_model,1,dynamic_3step,11,52,5,200000.0,45.0,random_walk,0.345897798405575,2,200001.33598361013,13069,8533.0,134.9120180606842
victim_model,1,dynamic_3step,12,53,5,200000.0,45.0,random_walk,0.37093232795191955,1,200017.1308903458,14689,8514.0,138.28786301612854
victim_model,1,dynamic_3step,13,54,5,200000.0,45.0,random_walk,0.34871704970948236,2,200000.13613718984,14598,8538.0,136.46388816833496
victim_model,1,dynamic_3step,14,55,5,200000.0,45.0,random_walk,0.36939145036520044,1,200011.88950516397,14339,8513.0,136.89522242546082
victim_model,1,dynamic_3step,15,56,5,200000.0,45.0,random_walk,0.3727107265496572,0,200024.3157221882,14446,8516.0,137.70410418510437
victim_model,1,dynamic_3step,16,57,5,200000.0,45.0,random_walk,0.3750633475451743,0,200008.45719952718,15017,8521.0,137.0236475467682
victim_model,1,dynamic_3step,17,58,5,200000.0,45.0,random_walk,0.3177349215887449,2,200021.51328302617,10992,8517.0,121.94914317131042
victim_model,1,dynamic_3step,18,59,5,200000.0,45.0,random_walk,0.35806877808258325,3,200023.9731432605,13141,8508.0,135.80951619148254
victim_model,1,dynamic_3step,19,60,5,200000.0,45.0,random_walk,0.3687022306374661,1,200006.14643440567,14287,8521.0,137.29931044578552
victim_model,1,dynamic_3step,20,61,5,200000.0,45.0,random_walk,0.3725235109352108,3,200010.60672216874,14427,8517.0,138.95947265625
victim_model,1,dynamic_3step,21,62,5,200000.0,45.0,random_walk,0.3742421303361403,2,200003.580771962,14521,8519.0,138.20182514190674
victim_model,1,dynamic_3step,22,63,5,200000.0,45.0,random_walk,0.37345991556329555,1,200001.90380020256,14980,8535.0,139.40914034843445
victim_model,1,dynamic_3step,23,64,5,200000.0,45.0,random_walk,0.37489282597138934,2,200015.9711138925,14978,8535.0,136.60692477226257
victim_model,1,dynamic_3step,24,65,5,200000.0,45.0,random_walk,0.31541159657049,1,200009.53334951954,10665,8499.0,115.69854068756104
victim_model,1,dynamic_3step,25,66,5,200000.0,45.0,random_walk,0.32470753693135,2,200007.6520347399,11211,8500.0,130.2439579963684
victim_model,1,dynamic_3step,26,67,5,200000.0,45.0,random_walk,0.37431899659943985,2,200006.90312454803,14837,8525.0,131.87368154525757
victim_model,1,dynamic_3step,27,68,5,200000.0,45.0,random_walk,0.3589519020731897,2,200011.8579174268,13662,8499.0,130.3311731815338
victim_model,1,dynamic_3step,28,69,5,200000.0,45.0,random_walk,0.37437362039408895,2,200019.42287072018,14397,8522.0,132.33138012886047
victim_model,1,dynamic_3step,29,70,5,200000.0,45.0,random_walk,0.3602968087130062,2,200023.3188610797,14316,8533.0,135.69336819648743
victim_model,1,dynamic_3step,30,71,5,200000.0,45.0,random_walk,0.37604528133027776,1,200016.78509418084,14667,8513.0,135.73838329315186
victim_model,1,dynamic_3step,31,72,5,200000.0,45.0,random_walk,0.37065444452482216,1,200010.06132143317,14608,8509.0,133.84118795394897
victim_model,1,dynamic_3step,32,73,5,200000.0,45.0,random_walk,0.360711768545716,2,200021.0365838335,13827,8520.0,140.59449529647827
victim_model,1,dynamic_3step,33,74,5,200000.0,45.0,random_walk,0.35453201621963126,2,200017.56031456369,13118,8524.0,137.39369869232178
victim_model,1,dynamic_3step,34,75,5,200000.0,45.0,random_walk,0.37073682041560396,3,200013.24974606847,14817,8506.0,136.49131321907043
victim_model,1,dynamic_3step,35,76,5,200000.0,45.0,random_walk,0.36033874048901454,1,200003.02845680632,13743,8516.0,133.9853687286377
victim_model,1,dynamic_3step,36,77,5,200000.0,45.0,random_walk,0.34018561866811364,1,200006.4622484527,12229,8518.0,132.9161674976349
victim_model,1,dynamic_3step,37,78,5,200000.0,45.0,random_walk,0.3376482778745442,3,200007.87074963382,12424,8506.0,123.40618085861206
victim_model,1,dynamic_3step,38,79,5,200000.0,45.0,random_walk,0.35736103456551344,2,200018.10159050624,13458,8521.0,133.74749159812927
victim_model,1,dynamic_3step,39,80,5,200000.0,45.0,random_walk,0.3698519295885559,0,200004.82606763262,13968,8510.0,135.22443389892578
victim_model,1,dynamic_3step,40,81,5,200000.0,45.0,random_walk,0.3784958074344964,3,200018.4741858924,14664,8512.0,133.75219750404358
victim_model,1,dynamic_3step,41,82,5,200000.0,45.0,random_walk,0.3507527550256009,2,200006.6384729925,13029,8518.0,133.403000831604
victim_model,1,dynamic_3step,42,83,5,200000.0,45.0,random_walk,0.32505291708383927,1,200021.16013902816,12238,8512.0,123.1181640625
victim_model,1,dynamic_3step,43,84,5,200000.0,45.0,random_walk,0.3337970816302378,2,200011.54459835048,11944,8547.0,134.91062021255493
victim_model,1,dynamic_3step,44,85,5,200000.0,45.0,random_walk,0.34541005791411417,2,200016.0235559565,12455,8495.0,134.50050830841064
victim_model,1,dynamic_3step,45,86,5,200000.0,45.0,random_walk,0.3510278373166046,4,200009.20875205583,12879,8510.0,134.473623752594
victim_model,1,dynamic_3step,46,87,5,200000.0,45.0,random_walk,0.3769819317035378,2,200001.79126128985,14639,8523.0,138.76518058776855
victim_model,1,dynamic_3step,47,88,5,200000.0,45.0,random_walk,0.36818434612202056,2,200011.27904817768,14044,8525.0,139.24919199943542
victim_model,1,dynamic_3step,48,89,5,200000.0,45.0,random_walk,0.3544500801682965,1,200019.74635961142,14067,8523.0,131.84419202804565
victim_model,1,dynamic_3step,49,90,5,200000.0,45.0,random_walk,0.33025798825441854,1,200000.48199013196,11970,8511.0,122.9184980392456
victim_model,1,dynamic_3step,50,91,5,200000.0,45.0,random_walk,0.30914398872244864,1,200000.417875321,10396,8525.0,120.71960234642029
victim_model,1,dynamic_3step,51,92,5,200000.0,45.0,random_walk,0.3297666258863522,1,200017.92132613686,12434,8493.0,131.19473552703857
victim_model,1,dynamic_3step,52,93,5,200000.0,45.0,random_walk,0.3575934938404995,2,200008.8300457968,13307,8514.0,132.03210186958313
victim_model,1,dynamic_3step,53,94,5,200000.0,45.0,random_walk,0.37046328082517915,2,200014.92308549135,14580,8504.0,137.6559407711029
victim_model,1,dynamic_3step,54,95,5,200000.0,45.0,random_walk,0.36571842929880266,4,200016.48837241525,13553,8513.0,136.98358869552612
victim_model,1,dynamic_3step,55,96,5,200000.0,45.0,random_walk,0.3593821693016969,2,200004.87160864065,13806,8526.0,138.1589481830597
victim_model,1,dynamic_3step,56,97,5,200000.0,45.0,random_walk,0.3696109021405025,3,200009.79847714555,14051,8515.0,136.8547649383545
victim_model,1,dynamic_3step,57,98,5,200000.0,45.0,random_walk,0.37614408980581304,1,200012.35405845888,14566,8515.0,138.87126278877258
victim_model,1,dynamic_3step,58,99,5,200000.0,45.0,random_walk,0.3646046309567544,2,200018.15548587582,13784,8498.0,139.37943124771118
victim_model,1,dynamic_3step,59,100,5,200000.0,45.0,random_walk,0.34065317976803217,1,200017.42105156204,12183,8519.0,134.12554931640625
victim_model,1,dynamic_3step,60,101,5,200000.0,45.0,random_walk,0.3316627900954969,2,200013.62351238294,12380,8528.0,134.72491717338562
victim_model,1,dynamic_3step,61,102,5,200000.0,45.0,random_walk,0.3331996005715668,0,200014.44179205835,11662,8508.0,122.02723121643066
victim_model,1,dynamic_3step,62,103,5,200000.0,45.0,random_walk,0.3734417331624631,2,200009.4074562407,14868,8507.0,135.38098073005676
victim_model,1,dynamic_3step,63,104,5,200000.0,45.0,random_walk,0.3675824493871862,1,200018.63180602537,14129,8533.0,134.4552881717682
victim_model,1,dynamic_3step,64,105,5,200000.0,45.0,random_walk,0.37925738320220737,2,200016.93560689993,14685,8520.0,136.86373162269592
victim_model,1,dynamic_3step,65,106,5,200000.0,45.0,random_walk,0.3621920447647825,2,200002.87397512613,13525,8519.0,133.54201984405518
victim_model,1,dynamic_3step,66,107,5,200000.0,45.0,random_walk,0.3378297449044378,1,200001.81476746494,11906,8504.0,135.62967777252197
victim_model,1,dynamic_3step,67,108,5,200000.0,45.0,random_walk,0.36755074691856077,3,200004.2936671647,13841,8518.0,136.54987120628357
victim_model,1,dynamic_3step,68,109,5,200000.0,45.0,random_walk,0.3773990933870438,2,200006.6354470508,14472,8505.0,135.87805461883545
victim_model,1,dynamic_3step,69,110,5,200000.0,45.0,random_walk,0.35607486993637705,4,200003.65943664344,13010,8517.0,136.27948880195618
victim_model,1,dynamic_3step,70,111,5,200000.0,45.0,random_walk,0.35107079962936144,3,200010.93728011908,12822,8519.0,130.41986298561096
victim_model,1,dynamic_3step,71,112,5,200000.0,45.0,random_walk,0.37204066691303744,2,200019.0645764593,14577,8509.0,136.74313688278198
victim_model,1,dynamic_3step,72,113,5,200000.0,45.0,random_walk,0.3522052563013609,0,200023.5387728074,12934,8499.0,136.5766520500183
victim_model,1,dynamic_3step,73,114,5,200000.0,45.0,random_walk,0.32665432230069247,1,200014.74731956326,11207,8496.0,135.18034291267395
victim_model,1,dynamic_3step,74,115,5,200000.0,45.0,random_walk,0.3507526436833723,2,200009.04631347023,13026,8527.0,132.14602065086365
victim_model,1,dynamic_3step,75,116,5,200000.0,45.0,random_walk,0.3728344203228179,4,200023.36555302548,14205,8518.0,137.54873943328857
victim_model,1,dynamic_3step,76,117,5,200000.0,45.0,random_walk,0.35755257861306594,2,200022.34308475157,13509,8522.0,135.42795658111572
victim_model,1,dynamic_3step,77,118,5,200000.0,45.0,random_walk,0.3774698318808308,2,200000.9851139967,14553,8518.0,139.54760146141052
victim_model,1,dynamic_3step,78,119,5,200000.0,45.0,random_walk,0.3525018948197347,1,200007.61482600516,13509,8525.0,136.73641300201416
victim_model,1,dynamic_3step,79,120,5,200000.0,45.0,random_walk,0.3719744010089598,1,200004.86303543518,14730,8519.0,137.2511215209961
victim_model,1,dynamic_3step,80,121,5,200000.0,45.0,random_walk,0.3703495232636657,3,200002.05246118398,14740,8524.0,137.45579957962036
victim_model,1,dynamic_3step,81,122,5,200000.0,45.0,random_walk,0.31267349378107984,2,200004.34248893132,10551,8513.0,137.66857266426086
victim_model,1,dynamic_3step,82,123,5,200000.0,45.0,random_walk,0.3648054574048972,2,200019.1460901805,14135,8502.0,138.31056022644043
victim_model,1,dynamic_3step,83,124,5,200000.0,45.0,random_walk,0.3745195757722372,1,200001.24736435598,14636,8502.0,135.31985878944397
victim_model,1,dynamic_3step,84,125,5,200000.0,45.0,random_walk,0.3585922858032787,2,200015.9951026215,13070,8526.0,136.47455143928528
victim_model,1,dynamic_3step,85,126,5,200000.0,45.0,random_walk,0.3719825736962454,0,200016.441712339,14649,8530.0,136.42487359046936
victim_model,1,dynamic_3step,86,127,5,200000.0,45.0,random_walk,0.37199520428424515,2,200004.42116576544,14159,8531.0,137.2883198261261
victim_model,1,dynamic_3step,87,128,5,200000.0,45.0,random_walk,0.33631876392391685,2,200011.0431712042,11841,8498.0,133.1389946937561
victim_model,1,dynamic_3step,88,129,5,200000.0,45.0,random_walk,0.34646638928997436,1,200007.98327900673,13050,8515.0,136.06053161621094
victim_model,1,dynamic_3step,89,130,5,200000.0,45.0,random_walk,0.36904528665185804,3,200003.68064608297,14566,8526.0,137.8697109222412
victim_model,1,dynamic_3step,90,131,5,200000.0,45.0,random_walk,0.3765156507289261,2,200009.30898482964,14840,8505.0,136.35903811454773
victim_model,1,dynamic_3step,91,132,5,200000.0,45.0,random_walk,0.3631631148096563,1,200022.30528764107,13787,8490.0,137.7602183818817
victim_model,1,dynamic_3step,92,133,5,200000.0,45.0,random_walk,0.36798628112889087,3,200002.1881016159,14407,8525.0,135.18187475204468
victim_model,1,dynamic_3step,93,134,5,200000.0,45.0,random_walk,0.3609349396781756,0,200003.77823826333,13454,8545.0,135.02742910385132
victim_model,1,dynamic_3step,94,135,5,200000.0,45.0,random_walk,0.36706639466949526,3,200002.05663643827,14155,8495.0,138.5021984577179
victim_model,1,dynamic_3step,95,136,5,200000.0,45.0,random_walk,0.339118744904529,2,200020.84833389436,12050,8516.0,136.3784248828888
victim_model,1,dynamic_3step,96,137,5,200000.0,45.0,random_walk,0.37129420116290124,2,200005.44463994374,14831,8521.0,137.61185312271118
victim_model,1,dynamic_3step,97,138,5,200000.0,45.0,random_walk,0.36999670237015386,1,200019.81642369722,13939,8509.0,137.03736448287964
victim_model,1,dynamic_3step,98,139,5,200000.0,45.0,random_walk,0.33940878913542494,0,200003.39901345858,12195,8522.0,134.31447315216064
victim_model,1,dynamic_3step,99,140,5,200000.0,45.0,random_walk,0.3648476831886852,3,200005.1744824884,13791,8503.0,134.15254759788513
victim_model,1,dynamic_3step,100,141,5,200000.0,45.0,random_walk,0.35305296395426644,0,200013.99783632535,13340,8526.0,137.72948837280273
victim_model,1,pizza,1,42,5,200000.0,45.0,route_following,0.3049448203078362,0,200005.54543874832,12860,7997.0,150.31756377220154
victim_model,1,pizza,2,43,5,200000.0,45.0,route_following,0.3050258122279614,1,199950.78402175003,12866,8001.0,135.3722972869873
victim_model,1,pizza,3,44,5,200000.0,45.0,route_following,0.3049653869314785,3,200021.4487519557,12863,7999.0,125.15461277961731
victim_model,1,pizza,4,45,5,200000.0,45.0,route_following,0.3049448203078362,1,200014.02923663336,12860,7997.0,143.956609249115
victim_model,1,pizza,5,46,5,200000.0,45.0,route_following,0.3050258122279614,2,199975.7557606355,12866,8001.0,129.95518040657043
victim_model,1,pizza,6,47,5,200000.0,45.0,route_following,0.3050258122279614,2,199994.8228365796,12866,8001.0,127.1922550201416
victim_model,1,pizza,7,48,5,200000.0,45.0,route_following,0.3049653869314785,1,200012.8496245136,12863,7999.0,126.76290702819824
victim_model,1,pizza,8,49,5,200000.0,45.0,route_following,0.3050258122279614,1,199972.4537295323,12866,8001.0,137.18668031692505
victim_model,1,pizza,9,50,5,200000.0,45.0,route_following,0.3049448203078362,1,200002.43918069307,12860,7997.0,134.53957605361938
victim_model,1,pizza,10,51,5,200000.0,45.0,route_following,0.3050258122279614,2,199972.62246599817,12866,8001.0,115.1373507976532
victim_model,1,pizza,11,52,5,200000.0,45.0,route_following,0.3050258122279614,1,199971.44364894603,12866,8001.0,135.97773551940918
victim_model,1,pizza,12,53,5,200000.0,45.0,route_following,0.3049448203078362,1,200019.826212753,12860,7997.0,127.51630187034607
victim_model,1,pizza,13,54,5,200000.0,45.0,route_following,0.3050258122279614,1,200008.87198865254,12866,8000.0,135.80094075202942
victim_model,1,pizza,14,55,5,200000.0,45.0,route_following,0.3049448203078362,2,200001.2683519915,12861,7998.0,133.53430318832397
victim_model,1,pizza,15,56,5,200000.0,45.0,route_following,0.3050258122279614,0,199922.78882549587,12866,8001.0,149.62099719047546
victim_model,1,pizza,16,57,5,200000.0,45.0,route_following,0.3050258122279614,1,199986.27004224958,12866,8001.0,130.31724548339844
victim_model,1,pizza,17,58,5,200000.0,45.0,route_following,0.3050258122279614,2,199986.45782700542,12866,8001.0,102.87936520576477
victim_model,1,pizza,18,59,5,200000.0,45.0,route_following,0.3049448203078362,3,200014.63021522478,12861,7998.0,128.34601402282715
victim_model,1,pizza,19,60,5,200000.0,45.0,route_following,0.3049653869314785,1,200004.6178232223,12863,7999.0,132.4880712032318
victim_model,1,pizza,20,61,5,200000.0,45.0,route_following,0.3048836775997154,3,200008.1216624179,12857,7995.0,98.79260730743408
victim_model,1,pizza,21,62,5,200000.0,45.0,route_following,0.3049448203078362,1,200000.85585545193,12861,7998.0,132.62079691886902
victim_model,1,pizza,22,63,5,200000.0,45.0,route_following,0.3049653869314785,1,200016.12473009594,12863,7999.0,139.64545512199402
victim_model,1,pizza,23,64,5,200000.0,45.0,route_following,0.3050258122279614,1,199930.56256784828,12866,8001.0,134.31640911102295
victim_model,1,pizza,24,65,5,200000.0,45.0,route_following,0.3050258122279614,1,199902.75011697886,12866,8001.0,124.4569399356842
victim_model,1,pizza,25,66,5,200000.0,45.0,route_following,0.3049448203078362,3,200009.20897407987,12860,7997.0,126.88548803329468
victim_model,1,pizza,26,67,5,200000.0,45.0,route_following,0.3050258122279614,1,199988.2107852288,12866,8001.0,147.24814653396606
victim_model,1,pizza,27,68,5,200000.0,45.0,route_following,0.3049448203078362,1,200009.1211894642,12861,7998.0,147.23922634124756
victim_model,1,pizza,28,69,5,200000.0,45.0,route_following,0.3049448203078362,2,200015.66357225843,12861,7998.0,129.96637439727783
victim_model,1,pizza,29,70,5,200000.0,45.0,route_following,0.3050258122279614,2,199977.139003273,12866,8001.0,114.85257482528687
victim_model,1,pizza,30,71,5,200000.0,45.0,route_following,0.3050258122279614,0,199910.0431942332,12866,8001.0,148.96249437332153
victim_model,1,pizza,31,72,5,200000.0,45.0,route_following,0.3050258122279614,0,199885.85174243082,12866,8001.0,146.2363350391388
victim_model,1,pizza,32,73,5,200000.0,45.0,route_following,0.3050258122279614,3,199964.09226113468,12866,8001.0,89.86902570724487
victim_model,1,pizza,33,74,5,200000.0,45.0,route_following,0.3049448203078362,1,200021.51774643804,12861,7998.0,126.2107138633728
victim_model,1,pizza,34,75,5,200000.0,45.0,route_following,0.3050258122279614,3,199993.4537598061,12866,8001.0,99.83468961715698
victim_model,1,pizza,35,76,5,200000.0,45.0,route_following,0.3049448203078362,1,200000.1951752851,12860,7997.0,129.76702642440796
victim_model,1,pizza,36,77,5,200000.0,45.0,route_following,0.3050258122279614,1,199979.02354030812,12866,8001.0,128.44213342666626
victim_model,1,pizza,37,78,5,200000.0,45.0,route_following,0.3049448203078362,3,200023.85100410096,12861,7998.0,104.05766439437866
victim_model,1,pizza,38,79,5,200000.0,45.0,route_following,0.3050258122279614,2,199892.1535846526,12866,8001.0,113.08898043632507
victim_model,1,pizza,39,80,5,200000.0,45.0,route_following,0.3050258122279614,0,199925.39212769107,12866,8001.0,149.47024011611938
victim_model,1,pizza,40,81,5,200000.0,45.0,route_following,0.3050258122279614,2,199922.80052609908,12866,8001.0,112.0752363204956
victim_model,1,pizza,41,82,5,200000.0,45.0,route_following,0.3049653869314785,2,200014.05398231652,12863,7999.0,108.97399353981018
victim_model,1,pizza,42,83,5,200000.0,45.0,route_following,0.3050258122279614,2,199945.75946912784,12866,8001.0,107.98396730422974
victim_model,1,pizza,43,84,5,200000.0,45.0,route_following,0.3049448203078362,2,200020.78012119353,12860,7997.0,120.75339198112488
victim_model,1,pizza,44,85,5,200000.0,45.0,route_following,0.3049448203078362,2,200008.9282705975,12861,7998.0,111.45308423042297
victim_model,1,pizza,45,86,5,200000.0,45.0,route_following,0.3050258122279614,3,199968.97857105418,12866,8001.0,103.91135692596436
victim_model,1,pizza,46,87,5,200000.0,45.0,route_following,0.3050258122279614,2,199985.33704418238,12866,8001.0,123.8220727443695
victim_model,1,pizza,47,88,5,200000.0,45.0,route_following,0.3050258122279614,2,199965.342741524,12866,8001.0,137.1672511100769
victim_model,1,pizza,48,89,5,200000.0,45.0,route_following,0.3050258122279614,0,199999.71175062325,12866,8001.0,134.1681249141693
victim_model,1,pizza,49,90,5,200000.0,45.0,route_following,0.3050258122279614,1,199954.30394721977,12866,8001.0,134.72176814079285
victim_model,1,pizza,50,91,5,200000.0,45.0,route_following,0.304904567830398,1,200002.4489882052,12858,7996.0,129.68486499786377
victim_model,1,pizza,51,92,5,200000.0,45.0,route_following,0.3050258122279614,1,199883.3816954681,12866,8001.0,131.61908626556396
victim_model,1,pizza,52,93,5,200000.0,45.0,route_following,0.3050258122279614,2,199912.74140427622,12866,8001.0,136.72514939308167
victim_model,1,pizza,53,94,5,200000.0,45.0,route_following,0.3049653869314785,2,200000.92768950912,12863,7999.0,115.32458090782166
victim_model,1,pizza,54,95,5,200000.0,45.0,route_following,0.3049653869314785,3,200020.53533479085,12863,7999.0,126.92592787742615
victim_model,1,pizza,55,96,5,200000.0,45.0,route_following,0.3049448203078362,3,200006.75729368138,12861,7998.0,133.6669020652771
victim_model,1,pizza,56,97,5,200000.0,45.0,route_following,0.3049653869314785,2,200016.36865774245,12863,7999.0,108.06034207344055
victim_model,1,pizza,57,98,5,200000.0,45.0,route_following,0.3050258122279614,1,199964.94312955433,12866,8001.0,125.8866195678711
victim_model,1,pizza,58,99,5,200000.0,45.0,route_following,0.3049448203078362,0,200008.63936131823,12860,7997.0,143.7628390789032
victim_model,1,pizza,59,100,5,200000.0,45.0,route_following,0.3050258122279614,1,199978.73474722297,12866,8001.0,136.12073945999146
victim_model,1,pizza,60,101,5,200000.0,45.0,route_following,0.3050258122279614,2,200006.30732036775,12866,8000.0,114.81209683418274
victim_model,1,pizza,61,102,5,200000.0,45.0,route_following,0.3050258122279614,0,199994.68637918745,12866,8001.0,149.17419505119324
victim_model,1,pizza,62,103,5,200000.0,45.0,route_following,0.3050258122279614,3,199991.75285898586,12866,8001.0,104.85985565185547
victim_model,1,pizza,63,104,5,200000.0,45.0,route_following,0.3050258122279614,1,200014.6698058407,12866,8000.0,142.87125968933105
victim_model,1,pizza,64,105,5,200000.0,45.0,route_following,0.3050258122279614,2,200009.65704411146,12866,8000.0,130.87583756446838
victim_model,1,pizza,65,106,5,200000.0,45.0,route_following,0.3050258122279614,2,199867.26396247055,12866,8001.0,122.67135882377625
victim_model,1,pizza,66,107,5,200000.0,45.0,route_following,0.3049653869314785,1,200020.5997715894,12863,7999.0,133.78155207633972
victim_model,1,pizza,67,108,5,200000.0,45.0,route_following,0.3050258122279614,2,200004.26698327306,12866,8000.0,131.16266536712646
victim_model,1,pizza,68,109,5,200000.0,45.0,route_following,0.3049653869314785,1,200024.74513390817,12863,7999.0,139.44178938865662
victim_model,1,pizza,69,110,5,200000.0,45.0,route_following,0.3049448203078362,4,200012.7252771274,12861,7998.0,97.1233594417572
victim_model,1,pizza,70,111,5,200000.0,45.0,route_following,0.3050258122279614,2,199972.46875771735,12866,8001.0,136.37794828414917
victim_model,1,pizza,71,112,5,200000.0,45.0,route_following,0.3050258122279614,1,199990.2952499963,12866,8001.0,135.08043766021729
victim_model,1,pizza,72,113,5,200000.0,45.0,route_following,0.3050258122279614,0,199995.7860111041,12866,8001.0,140.71020197868347
victim_model,1,pizza,73,114,5,200000.0,45.0,route_following,0.3050258122279614,1,199970.5875744157,12866,8001.0,145.50489163398743
victim_model,1,pizza,74,115,5,200000.0,45.0,route_following,0.3050258122279614,0,200011.85842462833,12866,8000.0,153.62949323654175
victim_model,1,pizza,75,116,5,200000.0,45.0,route_following,0.3049448203078362,3,200010.61480157872,12860,7997.0,140.86247444152832
victim_model,1,pizza,76,117,5,200000.0,45.0,route_following,0.3050258122279614,1,199958.93277636523,12866,8001.0,137.51863646507263
victim_model,1,pizza,77,118,5,200000.0,45.0,route_following,0.3050258122279614,3,200010.4315536814,12866,8000.0,99.40929698944092
victim_model,1,pizza,78,119,5,200000.0,45.0,route_following,0.3050258122279614,0,199921.08776672388,12866,8001.0,149.37603306770325
victim_model,1,pizza,79,120,5,200000.0,45.0,route_following,0.3050258122279614,1,199975.9305442476,12866,8001.0,124.37603163719177
victim_model,1,pizza,80,121,5,200000.0,45.0,route_following,0.3050258122279614,3,199978.7050112469,12866,8001.0,124.57343745231628
victim_model,1,pizza,81,122,5,200000.0,45.0,route_following,0.3050258122279614,0,199946.776497074,12866,8001.0,146.43773460388184
victim_model,1,pizza,82,123,5,200000.0,45.0,route_following,0.3050258122279614,0,199969.55893300107,12866,8001.0,145.10382461547852
victim_model,1,pizza,83,124,5,200000.0,45.0,route_following,0.3049448203078362,1,200012.53702091562,12860,7997.0,140.1037335395813
victim_model,1,pizza,84,125,5,200000.0,45.0,route_following,0.3050258122279614,1,200000.5374217685,12866,8000.0,135.23551559448242
victim_model,1,pizza,85,126,5,200000.0,45.0,route_following,0.3049653869314785,1,200001.33466318352,12863,7999.0,145.6328465938568
victim_model,1,pizza,86,127,5,200000.0,45.0,route_following,0.3050258122279614,1,199995.40228646775,12866,8001.0,131.1148223876953
victim_model,1,pizza,87,128,5,200000.0,45.0,route_following,0.3049653869314785,2,200020.26835838493,12863,7999.0,112.42042303085327
victim_model,1,pizza,88,129,5,200000.0,45.0,route_following,0.3050258122279614,1,200022.49954540675,12866,8000.0,133.3404769897461
victim_model,1,pizza,89,130,5,200000.0,45.0,route_following,0.3050258122279614,3,199911.99855505288,12866,8001.0,102.88474869728088
victim_model,1,pizza,90,131,5,200000.0,45.0,route_following,0.3049448203078362,1,200014.29513603268,12861,7998.0,147.70453357696533
victim_model,1,pizza,91,132,5,200000.0,45.0,route_following,0.3049448203078362,0,200007.47334745538,12860,7997.0,148.08809876441956
victim_model,1,pizza,92,133,5,200000.0,45.0,route_following,0.3049653869314785,1,200002.61540179208,12863,7999.0,147.8922176361084
victim_model,1,pizza,93,134,5,200000.0,45.0,route_following,0.3049448203078362,0,200004.12693207274,12861,7998.0,144.87990760803223
victim_model,1,pizza,94,135,5,200000.0,45.0,route_following,0.3050258122279614,2,200016.9110542904,12866,8000.0,131.01298928260803
victim_model,1,pizza,95,136,5,200000.0,45.0,route_following,0.3050258122279614,3,199968.2081807615,12866,8001.0,112.16192650794983
victim_model,1,pizza,96,137,5,200000.0,45.0,route_following,0.3050258122279614,2,199987.55851094186,12866,8001.0,115.39486980438232
victim_model,1,pizza,97,138,5,200000.0,45.0,route_following,0.3049448203078362,0,200013.34480972154,12861,7998.0,148.33758306503296
victim_model,1,pizza,98,139,5,200000.0,45.0,route_following,0.3050258122279614,0,199936.26748878896,12866,8001.0,146.7411448955536
victim_model,1,pizza,99,140,5,200000.0,45.0,route_following,0.3050258122279614,1,200024.51061520865,12866,8000.0,126.94922661781311
victim_model,1,pizza,100,141,5,200000.0,45.0,route_following,0.3049653869314785,0,200007.33387177324,12863,7999.0,146.73946356773376
victim_model,1,static,1,42,5,200000.0,45.0,route_following,0.33257697418937043,0,198150.67375400517,12649,8001.0,152.44630217552185
victim_model,1,static,2,43,5,200000.0,45.0,route_following,0.3065036592903866,2,197790.80591981686,11616,8001.0,128.1821391582489
victim_model,1,static,3,44,5,200000.0,45.0,route_following,0.31164929084583276,2,197700.26528858446,11572,8001.0,119.40578508377075
victim_model,1,static,4,45,5,200000.0,45.0,route_following,0.29977855569427286,1,197296.00798346035,10661,8001.0,141.13722443580627
victim_model,1,static,5,46,5,200000.0,45.0,route_following,0.29551971280715106,1,197394.7006742595,10525,8001.0,128.0712342262268
victim_model,1,static,6,47,5,200000.0,45.0,route_following,0.3153175673751829,1,197938.26551422957,11366,8001.0,131.24484729766846
victim_model,1,static,7,48,5,200000.0,45.0,route_following,0.2846570735168817,2,197318.6610623031,10201,8000.0,131.40073204040527
victim_model,1,static,8,49,5,200000.0,45.0,route_following,0.2465211965788412,1,196719.79294494548,8204,8001.0,139.38823413848877
victim_model,1,static,9,50,5,200000.0,45.0,route_following,0.26272651232132227,1,196838.45901655097,8806,8001.0,128.1141893863678
victim_model,1,static,10,51,5,200000.0,45.0,route_following,0.3438589914620235,2,198330.54038755386,13160,8001.0,118.60724091529846
victim_model,1,static,11,52,5,200000.0,45.0,route_following,0.2485335071117458,0,197158.61085843082,10178,8001.0,146.1596715450287
victim_model,1,static,12,53,5,200000.0,45.0,route_following,0.3030210464975645,1,197602.28256611835,11024,8001.0,130.55201935768127
victim_model,1,static,13,54,5,200000.0,45.0,route_following,0.33885905837860075,1,198199.06266735555,13251,8001.0,131.65255880355835
victim_model,1,static,14,55,5,200000.0,45.0,route_following,0.29404157568096106,1,197379.6675737619,10712,8001.0,140.29731011390686
victim_model,1,static,15,56,5,200000.0,45.0,route_following,0.27058022571869916,0,196769.98929496226,9102,8001.0,145.02374053001404
victim_model,1,static,16,57,5,200000.0,45.0,route_following,0.27865709373653696,1,197041.74203018282,9334,8001.0,125.09554719924927
victim_model,1,static,17,58,5,200000.0,45.0,route_following,0.3529153842974964,2,198627.8108268954,14025,8001.0,104.50466084480286
victim_model,1,static,18,59,5,200000.0,45.0,route_following,0.2898206296122632,2,197407.31667631265,10828,8001.0,126.88905215263367
victim_model,1,static,19,60,5,200000.0,45.0,route_following,0.303406064984616,1,197388.1070480567,10743,8001.0,128.5594618320465
victim_model,1,static,20,61,5,200000.0,45.0,route_following,0.2983194398678416,3,197453.80981237654,10699,8000.0,83.80302953720093
victim_model,1,static,21,62,5,200000.0,45.0,route_following,0.2018860242606272,1,196197.7401019374,7260,8001.0,135.25688123703003
victim_model,1,static,22,63,5,200000.0,45.0,route_following,0.26883766568033807,0,197056.958752299,9787,8001.0,147.3755338191986
victim_model,1,static,23,64,5,200000.0,45.0,route_following,0.3005538209359585,1,197459.28970757462,11001,8001.0,142.96721291542053
victim_model,1,static,24,65,5,200000.0,45.0,route_following,0.28190797367499887,1,197297.53093743973,9599,8001.0,126.38859105110168
victim_model,1,static,25,66,5,200000.0,45.0,route_following,0.31786514605145605,2,197938.16031583137,11886,8001.0,116.76197695732117
victim_model,1,static,26,67,5,200000.0,45.0,route_following,0.3319266741131244,1,198045.26452722953,12278,8001.0,140.89297199249268
victim_model,1,static,27,68,5,200000.0,45.0,route_following,0.3198818839171916,0,197876.61080361743,12191,8001.0,146.0015993118286
victim_model,1,static,28,69,5,200000.0,45.0,route_following,0.24217528888964146,2,196917.90475110553,9210,8001.0,125.6276285648346
victim_model,1,static,29,70,5,200000.0,45.0,route_following,0.26975245703119327,2,196949.80857608348,8900,8001.0,112.61677742004395
victim_model,1,static,30,71,5,200000.0,45.0,route_following,0.32040713483936495,1,197879.1923133253,11790,8001.0,145.30245518684387
victim_model,1,static,31,72,5,200000.0,45.0,route_following,0.30325629073279875,0,197908.82593503362,12010,8001.0,142.50367069244385
victim_model,1,static,32,73,5,200000.0,45.0,route_following,0.23343360569016425,2,196753.67767639318,8714,8001.0,112.2527277469635
victim_model,1,static,33,74,5,200000.0,45.0,route_following,0.311094360779306,2,197809.76276881777,11707,8001.0,120.50729155540466
victim_model,1,static,34,75,5,200000.0,45.0,route_following,0.3445829646191305,1,198669.6860366722,13748,8001.0,133.6639540195465
victim_model,1,static,35,76,5,200000.0,45.0,route_following,0.3027364006554006,1,197489.53912981504,11093,8001.0,128.53674793243408
victim_model,1,static,36,77,5,200000.0,45.0,route_following,0.29052845786731235,1,197247.81303286928,10536,8001.0,130.55892896652222
victim_model,1,static,37,78,5,200000.0,45.0,route_following,0.3072812100074311,3,197742.66851537372,10933,8001.0,93.03054571151733
victim_model,1,static,38,79,5,200000.0,45.0,route_following,0.35349858871007,1,198607.60626181448,14009,8001.0,134.6729154586792
victim_model,1,static,39,80,5,200000.0,45.0,route_following,0.3034333861095588,0,197531.68776470944,10817,8001.0,148.02857995033264
victim_model,1,static,40,81,5,200000.0,45.0,route_following,0.32176173744007497,3,197937.1380008167,11550,8001.0,102.37663388252258
victim_model,1,static,41,82,5,200000.0,45.0,route_following,0.28765130068557804,2,197254.46108475185,9625,8001.0,111.52368497848511
victim_model,1,static,42,83,5,200000.0,45.0,route_following,0.2997620898815151,2,197500.29622981584,10930,8001.0,115.27940082550049
victim_model,1,static,43,84,5,200000.0,45.0,route_following,0.2917170707264842,5,197644.80941393724,11157,8001.0,109.35767531394958
victim_model,1,static,44,85,5,200000.0,45.0,route_following,0.35466552282890157,2,198722.61710664045,14432,8001.0,114.31552147865295
victim_model,1,static,45,86,5,200000.0,45.0,route_following,0.3246123897965026,3,197797.8524387716,11966,8001.0,103.43369150161743
victim_model,1,static,46,87,5,200000.0,45.0,route_following,0.3203020929707792,1,197878.21757899242,12036,8001.0,126.34879660606384
victim_model,1,static,47,88,5,200000.0,45.0,route_following,0.3238888637604391,1,197987.5531376755,12134,8001.0,135.2260262966156
victim_model,1,static,48,89,5,200000.0,45.0,route_following,0.2241783147153597,0,196671.44367346264,7992,8001.0,148.33481121063232
victim_model,1,static,49,90,5,200000.0,45.0,route_following,0.33064630715422966,1,198259.8890001786,12455,8001.0,132.6203637123108
victim_model,1,static,50,91,5,200000.0,45.0,route_following,0.24471770865462758,0,196594.53340473096,8593,8001.0,152.34893035888672
victim_model,1,static,51,92,5,200000.0,45.0,route_following,0.3063753555033912,1,197788.20075988883,11625,8001.0,124.16322946548462
victim_model,1,static,52,93,5,200000.0,45.0,route_following,0.31103234639147687,2,197593.34423352883,10862,8001.0,135.0771758556366
victim_model,1,static,53,94,5,200000.0,45.0,route_following,0.2864186975556287,2,197197.5564701245,10333,8001.0,119.22855353355408
victim_model,1,static,54,95,5,200000.0,45.0,route_following,0.28774736483631996,2,197431.9076684715,11343,8001.0,123.66370964050293
victim_model,1,static,55,96,5,200000.0,45.0,route_following,0.3231687517246467,3,197976.29898833134,12201,8001.0,113.90076279640198
victim_model,1,static,56,97,5,200000.0,45.0,route_following,0.28146436207274955,2,197081.8725965715,9153,8000.0,108.51033282279968
victim_model,1,static,57,98,5,200000.0,45.0,route_following,0.3328890891411181,1,198039.47835027231,12332,8000.0,123.5255081653595
victim_model,1,static,58,99,5,200000.0,45.0,route_following,0.29022861304556874,2,197275.4974436617,9689,8001.0,143.51317954063416
victim_model,1,static,59,100,5,200000.0,45.0,route_following,0.31548004614414177,1,197785.45666068458,11763,8001.0,131.8264319896698
victim_model,1,static,60,101,5,200000.0,45.0,route_following,0.32977153078408933,2,198061.81899095344,12273,8001.0,112.6255407333374
victim_model,1,static,61,102,5,200000.0,45.0,route_following,0.25081718982681156,0,196729.79584501218,8421,8000.0,146.94723916053772
victim_model,1,static,62,103,5,200000.0,45.0,route_following,0.26045667068563383,1,196928.7995517155,9387,8001.0,128.8505072593689
victim_model,1,static,63,104,5,200000.0,45.0,route_following,0.33030255255190955,1,198167.78042554855,13125,8001.0,142.3159670829773
victim_model,1,static,64,105,5,200000.0,45.0,route_following,0.3082935065366609,2,197700.02885699502,11034,8001.0,125.62209987640381
victim_model,1,static,65,106,5,200000.0,45.0,route_following,0.26427039563363797,1,196887.7160915355,9113,8001.0,127.67755651473999
victim_model,1,static,66,107,5,200000.0,45.0,route_following,0.2941989833383707,2,197415.84614051747,10619,8001.0,118.79077005386353
victim_model,1,static,67,108,5,200000.0,45.0,route_following,0.2977093446856134,2,197373.68637262928,10261,8001.0,109.70997500419617
victim_model,1,static,68,109,5,200000.0,45.0,route_following,0.3262008281057796,1,198058.85282112673,12301,8001.0,131.64518809318542
victim_model,1,static,69,110,5,200000.0,45.0,route_following,0.256671833142558,3,196790.78444215734,8634,8001.0,82.41044306755066
victim_model,1,static,70,111,5,200000.0,45.0,route_following,0.3255854077181793,3,197898.41893595766,12274,8001.0,127.64247870445251
victim_model,1,static,71,112,5,200000.0,45.0,route_following,0.2852627945719312,0,197250.6899861029,10366,8001.0,147.16454005241394
victim_model,1,static,72,113,5,200000.0,45.0,route_following,0.3124878823351386,0,197803.33125642655,11073,8001.0,151.93258690834045
victim_model,1,static,73,114,5,200000.0,45.0,route_following,0.26331845114774155,1,196918.03033834347,8904,8001.0,146.7087845802307
victim_model,1,static,74,115,5,200000.0,45.0,route_following,0.31583252303973564,2,197982.3001444431,12017,8001.0,139.5429310798645
victim_model,1,static,75,116,5,200000.0,45.0,route_following,0.32025902188461697,1,197780.91581389788,11823,8001.0,140.45008969306946
victim_model,1,static,76,117,5,200000.0,45.0,route_following,0.27795765705302666,0,197098.3967281305,10049,8001.0,145.08359098434448
victim_model,1,static,77,118,5,200000.0,45.0,route_following,0.2815551026614257,1,197178.79175127725,9833,8001.0,140.62868785858154
victim_model,1,static,78,119,5,200000.0,45.0,route_following,0.3125647967685257,1,197678.87871194605,11544,8001.0,142.60458493232727
victim_model,1,static,79,120,5,200000.0,45.0,route_following,0.32740381556069875,0,198013.37987080408,12222,8001.0,143.46024703979492
victim_model,1,static,80,121,5,200000.0,45.0,route_following,0.2809802468016882,1,197233.07085653167,9857,8001.0,132.37366390228271
victim_model,1,static,81,122,5,200000.0,45.0,route_following,0.2675229465490499,0,197135.74902509726,9984,8001.0,145.58352732658386
victim_model,1,static,82,123,5,200000.0,45.0,route_following,0.2987798910585032,0,197346.47847488898,10941,8000.0,146.97511768341064
victim_model,1,static,83,124,5,200000.0,45.0,route_following,0.3131074187861949,0,197581.02902973257,11411,8001.0,146.83507585525513
victim_model,1,static,84,125,5,200000.0,45.0,route_following,0.30425453307514905,1,197616.73846400165,11206,8001.0,141.73748660087585
victim_model,1,static,85,126,5,200000.0,45.0,route_following,0.2823700006214993,1,197152.32266624432,10294,8001.0,134.31630158424377
victim_model,1,static,86,127,5,200000.0,45.0,route_following,0.3290306299986497,2,198067.33947205674,12172,8001.0,131.89579272270203
victim_model,1,static,87,128,5,200000.0,45.0,route_following,0.30668576121092755,2,197465.0046661728,10978,8001.0,102.42401432991028
victim_model,1,static,88,129,5,200000.0,45.0,route_following,0.32960905390747813,1,198219.72169729273,13016,8001.0,127.29553079605103
victim_model,1,static,89,130,5,200000.0,45.0,route_following,0.28501572645973205,2,197144.9150244598,9682,8001.0,112.79954242706299
victim_model,1,static,90,131,5,200000.0,45.0,route_following,0.26650558565013577,3,196958.64092602945,9046,8001.0,135.3878517150879
victim_model,1,static,91,132,5,200000.0,45.0,route_following,0.3113632645992561,1,197649.70069909916,11163,8001.0,133.13969540596008
victim_model,1,static,92,133,5,200000.0,45.0,route_following,0.33877209453509377,2,198178.79771623932,13199,8001.0,138.76483821868896
victim_model,1,static,93,134,5,200000.0,45.0,route_following,0.3524553118959611,0,198505.74526733469,13782,8001.0,149.17783164978027
victim_model,1,static,94,135,5,200000.0,45.0,route_following,0.3462665942846041,2,198652.27759135756,13595,8001.0,126.49729943275452
victim_model,1,static,95,136,5,200000.0,45.0,route_following,0.2696155040486574,1,197056.48446648015,9328,8001.0,136.61380791664124
victim_model,1,static,96,137,5,200000.0,45.0,route_following,0.19992408752622087,2,195903.80783697462,5933,8001.0,111.12319731712341
victim_model,1,static,97,138,5,200000.0,45.0,route_following,0.31084379131270956,1,197760.36857254762,11169,8001.0,144.02945852279663
victim_model,1,static,98,139,5,200000.0,45.0,route_following,0.27738826962479884,0,197148.5456065426,10119,8001.0,146.53606486320496
victim_model,1,static,99,140,5,200000.0,45.0,route_following,0.343233295868448,2,198369.97504594785,13178,8001.0,119.30701494216919
victim_model,1,static,100,141,5,200000.0,45.0,route_following,0.29582760508308087,0,197379.14591316,10491,8001.0,153.43073225021362
victim_model,1,dynamic,1,42,5,200000.0,45.0,route_following,0.2951194597397973,0,200006.02074563206,9713,8505.0,158.33642029762268
victim_model,1,dynamic,2,43,5,200000.0,45.0,route_following,0.30537527776047163,1,200021.3045771943,10032,8492.0,134.57072806358337
victim_model,1,dynamic,3,44,5,200000.0,45.0,route_following,0.3302742651124479,1,200001.94908486295,11559,8494.0,138.50383186340332
victim_model,1,dynamic,4,45,5,200000.0,45.0,route_following,0.3100820880834549,1,200015.04286209156,10503,8505.0,145.8438856601715
victim_model,1,dynamic,5,46,5,200000.0,45.0,route_following,0.2963137989646901,2,200011.65274416152,9673,8504.0,140.79888701438904
victim_model,1,dynamic,6,47,5,200000.0,45.0,route_following,0.3065245734894565,2,200003.9188946154,10396,8523.0,138.82807064056396
victim_model,1,dynamic,7,48,5,200000.0,45.0,route_following,0.26233456375253117,1,200023.8797440159,7970,8497.0,143.26162719726562
victim_model,1,dynamic,8,49,5,200000.0,45.0,route_following,0.25125618836403385,1,200012.94892810265,7499,8498.0,145.96745252609253
victim_model,1,dynamic,9,50,5,200000.0,45.0,route_following,0.3115430391666891,1,200000.23335406918,10619,8505.0,143.40533900260925
victim_model,1,dynamic,10,51,5,200000.0,45.0,route_following,0.27181674738318656,2,200015.98295759782,8422,8504.0,129.54776906967163
victim_model,1,dynamic,11,52,5,200000.0,45.0,route_following,0.24204950400040065,1,200024.38827727205,7046,8497.0,155.55644822120667
victim_model,1,dynamic,12,53,5,200000.0,45.0,route_following,0.27743220325099804,1,200004.73942172166,8620,8514.0,137.10224509239197
victim_model,1,dynamic,13,54,5,200000.0,45.0,route_following,0.2584860994125809,1,200005.9189377284,7919,8503.0,139.8819773197174
victim_model,1,dynamic,14,55,5,200000.0,45.0,route_following,0.2620218120919908,1,200004.2620482672,7906,8500.0,149.90603923797607
victim_model,1,dynamic,15,56,5,200000.0,45.0,route_following,0.32752351950622216,0,200019.31757633673,11389,8494.0,157.8475363254547
victim_model,1,dynamic,16,57,5,200000.0,45.0,route_following,0.3198098141962672,1,200005.33917645388,10929,8514.0,136.28303503990173
victim_model,1,dynamic,17,58,5,200000.0,45.0,route_following,0.2929202698651928,2,200013.24490355328,9397,8508.0,112.49499106407166
victim_model,1,dynamic,18,59,5,200000.0,45.0,route_following,0.29189744862408395,1,200017.5672845227,9458,8506.0,148.38387989997864
victim_model,1,dynamic,19,60,5,200000.0,45.0,route_following,0.2859521846049478,1,200011.120720662,9153,8500.0,139.53334403038025
victim_model,1,dynamic,20,61,5,200000.0,45.0,route_following,0.2976248202237614,3,200007.89614445707,9840,8515.0,100.44628596305847
victim_model,1,dynamic,21,62,5,200000.0,45.0,route_following,0.3072408122930192,2,200021.93509666246,10300,8499.0,141.28816390037537
victim_model,1,dynamic,22,63,5,200000.0,45.0,route_following,0.27397106595578813,1,200021.24304693512,8523,8498.0,145.71050572395325
victim_model,1,dynamic,23,64,5,200000.0,45.0,route_following,0.26900763216517953,1,200005.17033540487,8276,8498.0,147.3875970840454
victim_model,1,dynamic,24,65,5,200000.0,45.0,route_following,0.30529944680346693,1,200007.3773431224,10257,8512.0,136.22352695465088
victim_model,1,dynamic,25,66,5,200000.0,45.0,route_following,0.24561579669504846,2,200008.05822887318,7384,8511.0,143.9451723098755
victim_model,1,dynamic,26,67,5,200000.0,45.0,route_following,0.3064606824559661,1,200004.97783657743,10134,8507.0,154.26340746879578
victim_model,1,dynamic,27,68,5,200000.0,45.0,route_following,0.2324721750644079,0,200003.75434019635,6620,8482.0,154.25987696647644
victim_model,1,dynamic,28,69,5,200000.0,45.0,route_following,0.27036333286668834,1,200009.8551645528,8351,8500.0,142.57420945167542
victim_model,1,dynamic,29,70,5,200000.0,45.0,route_following,0.26765877591938403,2,200022.33955988943,8368,8506.0,120.99246311187744
victim_model,1,dynamic,30,71,5,200000.0,45.0,route_following,0.260073692014439,0,200007.48355472495,7878,8500.0,160.63794612884521
victim_model,1,dynamic,31,72,5,200000.0,45.0,route_following,0.30914256326950024,0,200011.5199505446,10432,8509.0,160.73217105865479
victim_model,1,dynamic,32,73,5,200000.0,45.0,route_following,0.2915903113244533,3,200013.1529605948,9439,8508.0,96.12781834602356
victim_model,1,dynamic,33,74,5,200000.0,45.0,route_following,0.3198908145500453,0,200005.97820407158,10881,8503.0,167.11983370780945
victim_model,1,dynamic,34,75,5,200000.0,45.0,route_following,0.2896309109167991,3,200018.2091103337,9387,8505.0,125.57146763801575
victim_model,1,dynamic,35,76,5,200000.0,45.0,route_following,0.2773266183445719,1,200010.13656841055,8744,8504.0,147.43898487091064
victim_model,1,dynamic,36,77,5,200000.0,45.0,route_following,0.3302231541284,1,200016.76802371023,11835,8503.0,142.97962951660156
victim_model,1,dynamic,37,78,5,200000.0,45.0,route_following,0.29032249126138937,2,200012.08536126924,9399,8529.0,119.26916527748108
victim_model,1,dynamic,38,79,5,200000.0,45.0,route_following,0.30276615220464104,2,200021.63284223957,10126,8494.0,114.62767243385315
victim_model,1,dynamic,39,80,5,200000.0,45.0,route_following,0.2503671307064858,0,200016.1898231653,7495,8491.0,149.31154894828796
victim_model,1,dynamic,40,81,5,200000.0,45.0,route_following,0.2791810031056613,2,200021.45131188596,8709,8507.0,124.21822214126587
victim_model,1,dynamic,41,82,5,200000.0,45.0,route_following,0.2514707164262916,1,200022.50785324228,7477,8525.0,136.64943408966064
victim_model,1,dynamic,42,83,5,200000.0,45.0,route_following,0.23713077894248916,1,200002.4647735241,6831,8577.0,145.73390245437622
victim_model,1,dynamic,43,84,5,200000.0,45.0,route_following,0.2693395438392428,2,200022.8878833803,8329,8505.0,131.79716777801514
victim_model,1,dynamic,44,85,5,200000.0,45.0,route_following,0.28295542089559866,2,200011.96328215871,9271,8513.0,125.47963762283325
victim_model,1,dynamic,45,86,5,200000.0,45.0,route_following,0.3197825347122899,2,200003.72110937646,10894,8502.0,133.72249269485474
victim_model,1,dynamic,46,87,5,200000.0,45.0,route_following,0.3168554614008554,1,200012.33506977724,10866,8513.0,140.8663067817688
victim_model,1,dynamic,47,88,5,200000.0,45.0,route_following,0.29807158074981854,1,200003.45017889043,9744,8490.0,152.36872220039368
victim_model,1,dynamic,48,89,5,200000.0,45.0,route_following,0.28432595255494036,0,200002.62912753574,9041,8494.0,158.82020449638367
victim_model,1,dynamic,49,90,5,200000.0,45.0,route_following,0.25710336307669074,1,200021.93375575356,7818,8505.0,148.29222536087036
victim_model,1,dynamic,50,91,5,200000.0,45.0,route_following,0.21217733817002882,1,200009.69672614557,6352,8550.0,142.82412695884705
victim_model,1,dynamic,51,92,5,200000.0,45.0,route_following,0.25682421523608834,1,200023.15423909345,7745,8489.0,141.11591410636902
victim_model,1,dynamic,52,93,5,200000.0,45.0,route_following,0.29972747118902743,2,200023.42370457167,9844,8589.0,149.1268699169159
victim_model,1,dynamic,53,94,5,200000.0,45.0,route_following,0.28901043496684403,2,200024.54276070648,9314,8528.0,121.3009443283081
victim_model,1,dynamic,54,95,5,200000.0,45.0,route_following,0.28148999902278654,2,200012.06088677526,8865,8504.0,134.4540855884552
victim_model,1,dynamic,55,96,5,200000.0,45.0,route_following,0.2803192676662934,2,200019.46807896814,8817,8494.0,139.65286803245544
victim_model,1,dynamic,56,97,5,200000.0,45.0,route_following,0.29222949025233114,2,200019.8457246038,9453,8500.0,134.2259624004364
victim_model,1,dynamic,57,98,5,200000.0,45.0,route_following,0.28444095130896935,1,200008.13828345068,9123,8510.0,136.46268796920776
victim_model,1,dynamic,58,99,5,200000.0,45.0,route_following,0.303210745020616,0,200012.0226560791,10006,8503.0,162.41944360733032
victim_model,1,dynamic,59,100,5,200000.0,45.0,route_following,0.30992561004666785,1,200003.2698792761,10321,8509.0,143.54778742790222
victim_model,1,dynamic,60,101,5,200000.0,45.0,route_following,0.2604996372340268,2,200002.50426392778,7908,8515.0,122.99712061882019
victim_model,1,dynamic,61,102,5,200000.0,45.0,route_following,0.27898564967365636,0,200017.76481876237,8799,8502.0,157.28315496444702
victim_model,1,dynamic,62,103,5,200000.0,45.0,route_following,0.26830387565077496,2,200003.9629835529,8382,8525.0,128.02086997032166
victim_model,1,dynamic,63,104,5,200000.0,45.0,route_following,0.25532580629592305,1,200011.30325615383,7665,8503.0,149.37607407569885
victim_model,1,dynamic,64,105,5,200000.0,45.0,route_following,0.23378609313968773,2,200013.0004194298,6666,8505.0,138.40500712394714
victim_model,1,dynamic,65,106,5,200000.0,45.0,route_following,0.24349488476395742,2,200002.13514957065,7267,8508.0,135.90665006637573
victim_model,1,dynamic,66,107,5,200000.0,45.0,route_following,0.3130399321474359,0,200021.40654401312,10601,8482.0,161.2062385082245
victim_model,1,dynamic,67,108,5,200000.0,45.0,route_following,0.27377572921492715,1,200011.16491726128,8548,8509.0,143.10569429397583
victim_model,1,dynamic,68,109,5,200000.0,45.0,route_following,0.2846682548931035,0,200022.6120410274,9002,8542.0,161.77596354484558
victim_model,1,dynamic,69,110,5,200000.0,45.0,route_following,0.2888971988603337,3,200003.40053396433,9300,8490.0,100.14256024360657
victim_model,1,dynamic,70,111,5,200000.0,45.0,route_following,0.29071207791803316,0,200002.4551536842,9340,8494.0,162.06767416000366
victim_model,1,dynamic,71,112,5,200000.0,45.0,route_following,0.2534569595842896,0,200018.02827526297,7602,8503.0,158.87653517723083
victim_model,1,dynamic,72,113,5,200000.0,45.0,route_following,0.25630748956182076,0,200010.7742245929,7702,8510.0,164.01107811927795
victim_model,1,dynamic,73,114,5,200000.0,45.0,route_following,0.24194975837703525,0,200017.3459480927,7070,8496.0,158.05268812179565
victim_model,1,dynamic,74,115,5,200000.0,45.0,route_following,0.31751051465775737,0,200015.16091019235,11088,8496.0,155.98657536506653
victim_model,1,dynamic,75,116,5,200000.0,45.0,route_following,0.2922958781702,1,200006.7895951934,9851,8494.0,150.4478144645691
victim_model,1,dynamic,76,117,5,200000.0,45.0,route_following,0.3086172576089336,2,200024.53505403252,10478,8510.0,141.87954020500183
victim_model,1,dynamic,77,118,5,200000.0,45.0,route_following,0.29553592947586,3,200008.0076447057,9796,8520.0,111.08653593063354
victim_model,1,dynamic,78,119,5,200000.0,45.0,route_following,0.24142420737155576,0,200010.05839299396,7009,8503.0,166.75535345077515
victim_model,1,dynamic,79,120,5,200000.0,45.0,route_following,0.279571342871948,1,200002.6908923175,9059,8510.0,135.68536591529846
victim_model,1,dynamic,80,121,5,200000.0,45.0,route_following,0.2577588792548374,2,200006.3089642193,7988,8497.0,143.38962984085083
victim_model,1,dynamic,81,122,5,200000.0,45.0,route_following,0.3068737541956095,1,200023.97891557403,10466,8518.0,137.21428537368774
victim_model,1,dynamic,82,123,5,200000.0,45.0,route_following,0.29491651011008496,0,200000.36735289433,9915,8515.0,161.80731534957886
victim_model,1,dynamic,83,124,5,200000.0,45.0,route_following,0.26040266551326313,1,200001.08969917876,8121,8501.0,153.2153503894806
victim_model,1,dynamic,84,125,5,200000.0,45.0,route_following,0.2719096400017307,1,200017.5769820857,8373,8531.0,140.2563123703003
victim_model,1,dynamic,85,126,5,200000.0,45.0,route_following,0.3045567849706912,1,200015.27158019005,10052,8509.0,152.42934465408325
victim_model,1,dynamic,86,127,5,200000.0,45.0,route_following,0.26139710988580045,1,200006.53243246704,8554,8510.0,149.85636615753174
victim_model,1,dynamic,87,128,5,200000.0,45.0,route_following,0.30393377619407896,1,200011.17921590531,10219,8570.0,133.90412425994873
victim_model,1,dynamic,88,129,5,200000.0,45.0,route_following,0.25538042402163735,1,200002.99015549148,7622,8517.0,142.00949215888977
victim_model,1,dynamic,89,130,5,200000.0,45.0,route_following,0.3326444345009147,3,200000.54914637667,11833,8498.0,105.89374256134033
victim_model,1,dynamic,90,131,5,200000.0,45.0,route_following,0.3041386861735838,3,200017.05893831703,10026,8503.0,144.3919084072113
victim_model,1,dynamic,91,132,5,200000.0,45.0,route_following,0.21187280718383308,0,200011.40320931462,5774,8512.0,160.20751452445984
victim_model,1,dynamic,92,133,5,200000.0,45.0,route_following,0.29428019960207447,1,200003.0640032327,9519,8501.0,154.84013414382935
victim_model,1,dynamic,93,134,5,200000.0,45.0,route_following,0.26448655662017867,0,200009.55908900144,8158,8504.0,160.52097916603088
victim_model,1,dynamic,94,135,5,200000.0,45.0,route_following,0.2550141151425938,1,200022.5910057614,7727,8513.0,143.42727327346802
victim_model,1,dynamic,95,136,5,200000.0,45.0,route_following,0.2790703116602262,2,200005.1832909102,8693,8497.0,139.95244193077087
victim_model,1,dynamic,96,137,5,200000.0,45.0,route_following,0.22568300559445248,2,200004.96140375177,6275,8506.0,130.142831325531
victim_model,1,dynamic,97,138,5,200000.0,45.0,route_following,0.27482445958115054,1,200014.0494544652,8534,8502.0,152.7828996181488
victim_model,1,dynamic,98,139,5,200000.0,45.0,route_following,0.2269911424131115,0,200012.67458784374,6556,8552.0,156.8576364517212
victim_model,1,dynamic,99,140,5,200000.0,45.0,route_following,0.2593853748868102,1,200019.54872419388,7791,8503.0,133.39859461784363
victim_model,1,dynamic,100,141,5,200000.0,45.0,route_following,0.30215597368320934,0,200015.53515751695,10030,8507.0,154.4991500377655
victim_model,1,static_3step,1,42,5,200000.0,45.0,route_following,0.3245806027490727,0,198834.17615413206,12158,8001.0,149.54916858673096
victim_model,1,static_3step,2,43,5,200000.0,45.0,route_following,0.33367302639608276,0,198196.83019817347,11974,8001.0,154.1129014492035
victim_model,1,static_3step,3,44,5,200000.0,45.0,route_following,0.3698863756886787,3,199192.28632529353,15186,8001.0,102.66849660873413
victim_model,1,static_3step,4,45,5,200000.0,45.0,route_following,0.3283527477156602,0,199157.4988065485,12252,8001.0,148.72856783866882
victim_model,1,static_3step,5,46,5,200000.0,45.0,route_following,0.3670539911814124,2,199208.0877297212,15083,8001.0,114.03058671951294
victim_model,1,static_3step,6,47,5,200000.0,45.0,route_following,0.3140830468770231,1,198613.70136591166,11935,8001.0,131.60757303237915
victim_model,1,static_3step,7,48,5,200000.0,45.0,route_following,0.30122257575488054,1,198984.69279239286,10365,8001.0,129.2903790473938
victim_model,1,static_3step,8,49,5,200000.0,45.0,route_following,0.34577596145216694,1,198750.10816184946,14114,8001.0,132.45629119873047
victim_model,1,static_3step,9,50,5,200000.0,45.0,route_following,0.37512572461211,2,199224.5350119643,14899,8001.0,124.4153037071228
victim_model,1,static_3step,10,51,5,200000.0,45.0,route_following,0.33321469748516475,2,199082.53442325257,12133,8001.0,106.59702920913696
victim_model,1,static_3step,11,52,5,200000.0,45.0,route_following,0.32647718516519164,1,198840.29029187837,11963,8001.0,130.32229781150818
victim_model,1,static_3step,12,53,5,200000.0,45.0,route_following,0.29207205003169684,2,198682.9529554738,10437,8001.0,118.12763810157776
victim_model,1,static_3step,13,54,5,200000.0,45.0,route_following,0.33883269361540597,1,198655.49351411642,12540,8001.0,130.25696992874146
victim_model,1,static_3step,14,55,5,200000.0,45.0,route_following,0.356678954149008,1,198891.40068063428,14264,8001.0,130.61838245391846
victim_model,1,static_3step,15,56,5,200000.0,45.0,route_following,0.34005678814334733,0,199199.85288059176,13212,8001.0,150.2346522808075
victim_model,1,static_3step,16,57,5,200000.0,45.0,route_following,0.3417007744265506,0,199033.37674056695,13639,8001.0,149.6927089691162
victim_model,1,static_3step,17,58,5,200000.0,45.0,route_following,0.32936430477647344,0,198698.23749643323,13157,8001.0,154.5072021484375
victim_model,1,static_3step,18,59,5,200000.0,45.0,route_following,0.293042332225572,2,198664.65043682634,10552,8001.0,133.33305835723877
victim_model,1,static_3step,19,60,5,200000.0,45.0,route_following,0.36213292898673116,1,198807.0330849474,14088,8001.0,129.85551977157593
victim_model,1,static_3step,20,61,5,200000.0,45.0,route_following,0.3467585095458224,3,198765.36799904585,12920,8001.0,93.49284100532532
victim_model,1,static_3step,21,62,5,200000.0,45.0,route_following,0.31811773943068855,1,198136.42399288426,11207,8001.0,129.96480131149292
victim_model,1,static_3step,22,63,5,200000.0,45.0,route_following,0.3563425880668983,1,199182.47974701424,14952,8001.0,129.47948718070984
victim_model,1,static_3step,23,64,5,200000.0,45.0,route_following,0.3724936841554553,2,198965.61964137683,14261,8001.0,122.62108039855957
victim_model,1,static_3step,24,65,5,200000.0,45.0,route_following,0.34354974006358957,1,199029.32523514715,14963,8001.0,127.21088981628418
victim_model,1,static_3step,25,66,5,200000.0,45.0,route_following,0.2670422958691564,1,199003.9927755968,8460,8001.0,135.7826807498932
victim_model,1,static_3step,26,67,5,200000.0,45.0,route_following,0.3043784904105588,1,198756.8858598153,10199,8001.0,142.18483996391296
victim_model,1,static_3step,27,68,5,200000.0,45.0,route_following,0.3728064695993877,1,198921.8263836002,14254,8001.0,138.99058175086975
victim_model,1,static_3step,28,69,5,200000.0,45.0,route_following,0.3257161247914561,2,198926.46439034207,11449,8001.0,120.97125291824341
victim_model,1,static_3step,29,70,5,200000.0,45.0,route_following,0.3505561938332787,1,199253.51149216972,13055,8001.0,131.33477234840393
victim_model,1,static_3step,30,71,5,200000.0,45.0,route_following,0.371150967155131,1,199029.5304094797,14662,8001.0,150.9042773246765
victim_model,1,static_3step,31,72,5,200000.0,45.0,route_following,0.32663962594528334,0,199200.55610887916,12192,8001.0,148.74984622001648
victim_model,1,static_3step,32,73,5,200000.0,45.0,route_following,0.33676073020113984,2,199123.72943432245,12956,8001.0,108.91259026527405
victim_model,1,static_3step,33,74,5,200000.0,45.0,route_following,0.37383224524314257,3,198989.94390070625,14338,8001.0,119.37989616394043
victim_model,1,static_3step,34,75,5,200000.0,45.0,route_following,0.28196794048203155,2,199264.58670121766,9376,8001.0,108.86525106430054
victim_model,1,static_3step,35,76,5,200000.0,45.0,route_following,0.3268092360125544,0,199201.39391297373,12113,8001.0,142.54668951034546
victim_model,1,static_3step,36,77,5,200000.0,45.0,route_following,0.3569990189843727,1,198652.42526274128,13571,8001.0,129.82732272148132
victim_model,1,static_3step,37,78,5,200000.0,45.0,route_following,0.3282671477384589,3,198966.05926844568,14993,8001.0,101.99732804298401
victim_model,1,static_3step,38,79,5,200000.0,45.0,route_following,0.3211186298129234,2,198831.52817351537,12220,8001.0,115.22742128372192
victim_model,1,static_3step,39,80,5,200000.0,45.0,route_following,0.33415914061631474,1,198292.81909555217,12313,8001.0,154.11906933784485
victim_model,1,static_3step,40,81,5,200000.0,45.0,route_following,0.36924541250061976,3,199231.35199268916,15121,8001.0,96.37405467033386
victim_model,1,static_3step,41,82,5,200000.0,45.0,route_following,0.3574112805672594,3,198831.8057274745,13976,8001.0,126.25137448310852
victim_model,1,static_3step,42,83,5,200000.0,45.0,route_following,0.3717649355776771,2,198930.72933553587,14349,8001.0,109.57776427268982
victim_model,1,static_3step,43,84,5,200000.0,45.0,route_following,0.31620128088202126,2,198835.9859357795,10903,8001.0,125.3172664642334
victim_model,1,static_3step,44,85,5,200000.0,45.0,route_following,0.3770769752598982,2,199064.22892173796,14557,8001.0,112.22683906555176
victim_model,1,static_3step,45,86,5,200000.0,45.0,route_following,0.2459583041523313,3,198653.12325779942,7905,8001.0,111.37206721305847
victim_model,1,static_3step,46,87,5,200000.0,45.0,route_following,0.3150533531575392,1,198995.06025234627,11474,8000.0,125.0601122379303
victim_model,1,static_3step,47,88,5,200000.0,45.0,route_following,0.36117497987877195,3,198882.52155139207,13963,8001.0,132.65944123268127
victim_model,1,static_3step,48,89,5,200000.0,45.0,route_following,0.37461277645776464,1,199185.31763498395,14950,8001.0,127.98524737358093
victim_model,1,static_3step,49,90,5,200000.0,45.0,route_following,0.3094655269320057,1,197719.43130125466,10704,8001.0,133.61357593536377
victim_model,1,static_3step,50,91,5,200000.0,45.0,route_following,0.3163519275311917,2,198032.19002318627,11221,8001.0,127.9151656627655
victim_model,1,static_3step,51,92,5,200000.0,45.0,route_following,0.32652318265936225,1,198761.980059922,13122,8001.0,131.31648874282837
victim_model,1,static_3step,52,93,5,200000.0,45.0,route_following,0.36392814672487345,3,199065.31213512068,14000,8001.0,119.50572872161865
victim_model,1,static_3step,53,94,5,200000.0,45.0,route_following,0.3803107282779304,1,199080.44293546176,15052,8001.0,137.84466910362244
victim_model,1,static_3step,54,95,5,200000.0,45.0,route_following,0.3481606080707064,4,199235.80612166788,13015,8001.0,104.6628315448761
victim_model,1,static_3step,55,96,5,200000.0,45.0,route_following,0.2938121700774462,2,197416.3587850494,9462,8001.0,131.55963349342346
victim_model,1,static_3step,56,97,5,200000.0,45.0,route_following,0.3365922347890595,3,198368.06720695004,12315,8001.0,106.53297424316406
victim_model,1,static_3step,57,98,5,200000.0,45.0,route_following,0.28098542285194045,1,198301.54677335007,9381,8001.0,124.5888876914978
victim_model,1,static_3step,58,99,5,200000.0,45.0,route_following,0.37347595823128044,3,199198.3436557445,14835,8001.0,125.02980089187622
victim_model,1,static_3step,59,100,5,200000.0,45.0,route_following,0.3478443137058331,1,198530.2602453526,12908,8001.0,129.6626489162445
victim_model,1,static_3step,60,101,5,200000.0,45.0,route_following,0.3632706965471551,2,199120.6119976524,13662,8001.0,115.09739923477173
victim_model,1,static_3step,61,102,5,200000.0,45.0,route_following,0.37002446816634726,1,199003.55912560847,14433,8001.0,151.50983929634094
victim_model,1,static_3step,62,103,5,200000.0,45.0,route_following,0.370027004262506,2,198820.4072929027,14075,8001.0,118.60179352760315
victim_model,1,static_3step,63,104,5,200000.0,45.0,route_following,0.35507221521241944,1,198880.17535784596,14262,8001.0,135.07627391815186
victim_model,1,static_3step,64,105,5,200000.0,45.0,route_following,0.3588237261229602,2,198841.03658829525,13755,8001.0,124.29362344741821
victim_model,1,static_3step,65,106,5,200000.0,45.0,route_following,0.34356081708774555,1,198945.41292754648,13273,8001.0,137.0662543773651
victim_model,1,static_3step,66,107,5,200000.0,45.0,route_following,0.3649648500332281,1,198765.90047243284,14017,8001.0,128.939603805542
victim_model,1,static_3step,67,108,5,200000.0,45.0,route_following,0.32253205265198176,1,198591.65546555843,13107,8001.0,139.9973225593567
victim_model,1,static_3step,68,109,5,200000.0,45.0,route_following,0.3567243831702899,2,199278.31066532878,13532,8001.0,126.3240385055542
victim_model,1,static_3step,69,110,5,200000.0,45.0,route_following,0.3090144406129006,4,198452.63293225018,10483,8001.0,90.217449426651
victim_model,1,static_3step,70,111,5,200000.0,45.0,route_following,0.3340106913233809,4,199176.7790988029,12083,8001.0,116.3479151725769
victim_model,1,static_3step,71,112,5,200000.0,45.0,route_following,0.33789482878364313,1,199022.60242066375,12378,8001.0,127.2087516784668
victim_model,1,static_3step,72,113,5,200000.0,45.0,route_following,0.32719091129414335,1,199025.20881246618,13450,8001.0,129.63445591926575
victim_model,1,static_3step,73,114,5,200000.0,45.0,route_following,0.32799250059757923,1,199119.0063456251,11775,8001.0,142.66236662864685
victim_model,1,static_3step,74,115,5,200000.0,45.0,route_following,0.3283133244892462,1,198926.73283418576,11511,8001.0,154.05736708641052
victim_model,1,static_3step,75,116,5,200000.0,45.0,route_following,0.29461651322266363,2,198804.76057679084,9961,8001.0,139.57120633125305
victim_model,1,static_3step,76,117,5,200000.0,45.0,route_following,0.3549726122470404,3,198800.79130184432,14035,8001.0,127.421560049057
victim_model,1,static_3step,77,118,5,200000.0,45.0,route_following,0.36635878968268015,2,198869.8156580702,13880,8001.0,116.97089171409607
victim_model,1,static_3step,78,119,5,200000.0,45.0,route_following,0.32977578972867444,1,198655.66595689114,13364,8001.0,146.6400272846222
victim_model,1,static_3step,79,120,5,200000.0,45.0,route_following,0.36515161952006225,1,199229.92610985346,15015,8001.0,127.77078127861023
victim_model,1,static_3step,80,121,5,200000.0,45.0,route_following,0.3752831521564104,3,199099.88487572907,14745,8001.0,108.93269610404968
victim_model,1,static_3step,81,122,5,200000.0,45.0,route_following,0.36355459258221906,2,198989.3987564267,14085,8001.0,133.20833110809326
victim_model,1,static_3step,82,123,5,200000.0,45.0,route_following,0.3694409463364398,2,198864.19644765693,14459,8001.0,130.06320881843567
victim_model,1,static_3step,83,124,5,200000.0,45.0,route_following,0.34059857567612706,1,198302.33143329687,12385,8000.0,136.75419807434082
victim_model,1,static_3step,84,125,5,200000.0,45.0,route_following,0.3498312317140511,2,198825.89674486042,12907,8001.0,129.73978185653687
victim_model,1,static_3step,85,126,5,200000.0,45.0,route_following,0.3344565894323045,1,199010.53732368673,12642,8001.0,147.46284699440002
victim_model,1,static_3step,86,127,5,200000.0,45.0,route_following,0.3247441370132566,1,199248.38375439477,12133,8001.0,133.87143325805664
victim_model,1,static_3step,87,128,5,200000.0,45.0,route_following,0.36958758903586686,2,199067.94164629787,14818,8001.0,106.18734955787659
victim_model,1,static_3step,88,129,5,200000.0,45.0,route_following,0.32175537861998843,1,198223.84579751085,12007,8001.0,129.38332605361938
victim_model,1,static_3step,89,130,5,200000.0,45.0,route_following,0.35984179249633574,3,199000.7278907852,14098,8001.0,105.67625427246094
victim_model,1,static_3step,90,131,5,200000.0,45.0,route_following,0.32940851988840975,2,198732.54658238293,12070,8001.0,138.55628895759583
victim_model,1,static_3step,91,132,5,200000.0,45.0,route_following,0.28256862365658086,0,197442.6349775341,9051,8001.0,153.06587553024292
victim_model,1,static_3step,92,133,5,200000.0,45.0,route_following,0.3319834280273695,2,198263.5399387861,11833,8001.0,139.47371888160706
victim_model,1,static_3step,93,134,5,200000.0,45.0,route_following,0.3735288655517688,0,199108.9700099199,14918,8001.0,142.98399567604065
victim_model,1,static_3step,94,135,5,200000.0,45.0,route_following,0.36276611235735523,3,198875.26161279803,14275,8001.0,98.83042430877686
victim_model,1,static_3step,95,136,5,200000.0,45.0,route_following,0.33599128675080087,4,199118.69463520558,12121,8001.0,94.95966482162476
victim_model,1,static_3step,96,137,5,200000.0,45.0,route_following,0.36372612223914924,2,199080.78505312765,13911,8001.0,109.55260348320007
victim_model,1,static_3step,97,138,5,200000.0,45.0,route_following,0.35924174546625337,1,199064.7048139607,13985,8001.0,142.5432698726654
victim_model,1,static_3step,98,139,5,200000.0,45.0,route_following,0.3429334890541935,1,198534.35110493662,13221,8001.0,149.35484147071838
victim_model,1,static_3step,99,140,5,200000.0,45.0,route_following,0.34816519514524086,2,198691.0496654193,12797,8001.0,123.2742428779602
victim_model,1,static_3step,100,141,5,200000.0,45.0,route_following,0.3126144288736217,0,198873.3791134711,11106,8001.0,153.33315563201904
victim_model,1,dynamic_3step,1,42,5,200000.0,45.0,route_following,0.365941865995328,0,200020.61429108315,13816,8507.0,236.59786248207092
victim_model,1,dynamic_3step,2,43,5,200000.0,45.0,route_following,0.3438244085437049,1,200017.88555925371,12606,8527.0,225.88062167167664
victim_model,1,dynamic_3step,3,44,5,200000.0,45.0,route_following,0.35167563185751277,2,200000.79227947217,13101,8505.0,202.92099022865295
victim_model,1,dynamic_3step,4,45,5,200000.0,45.0,route_following,0.37022069753258097,0,200013.6752237926,14854,8519.0,236.61348938941956
victim_model,1,dynamic_3step,5,46,5,200000.0,45.0,route_following,0.32908943840791466,2,200016.1587405721,11322,8512.0,207.7548520565033
victim_model,1,dynamic_3step,6,47,5,200000.0,45.0,route_following,0.3492746284567058,1,200004.95417804146,13112,8517.0,215.3460066318512
victim_model,1,dynamic_3step,7,48,5,200000.0,45.0,route_following,0.33249526162115006,1,200005.87392533763,11934,8506.0,205.78922533988953
victim_model,1,dynamic_3step,8,49,5,200000.0,45.0,route_following,0.3798746632690291,1,200013.7914230317,14780,8519.0,208.3320701122284
victim_model,1,dynamic_3step,9,50,5,200000.0,45.0,route_following,0.351359611366735,2,200015.7287658248,12844,8521.0,217.9825735092163
victim_model,1,dynamic_3step,10,51,5,200000.0,45.0,route_following,0.36412352532077535,2,200011.78882046387,14154,8512.0,193.50695276260376
victim_model,1,dynamic_3step,11,52,5,200000.0,45.0,route_following,0.345897798405575,0,200001.33598361013,13069,8533.0,244.29371643066406
victim_model,1,dynamic_3step,12,53,5,200000.0,45.0,route_following,0.37093232795191955,1,200017.1308903458,14689,8514.0,217.54391956329346
victim_model,1,dynamic_3step,13,54,5,200000.0,45.0,route_following,0.34871704970948236,2,200000.13613718984,14598,8538.0,216.62864899635315
victim_model,1,dynamic_3step,14,55,5,200000.0,45.0,route_following,0.36939145036520044,0,200011.88950516397,14339,8513.0,248.8996434211731
victim_model,1,dynamic_3step,15,56,5,200000.0,45.0,route_following,0.3727107265496572,0,200024.3157221882,14446,8516.0,241.74069452285767
victim_model,1,dynamic_3step,16,57,5,200000.0,45.0,route_following,0.3750633475451743,0,200008.45719952718,15017,8521.0,236.82345008850098
victim_model,1,dynamic_3step,17,58,5,200000.0,45.0,route_following,0.3177349215887449,2,200021.51328302617,10992,8517.0,192.16478896141052
victim_model,1,dynamic_3step,18,59,5,200000.0,45.0,route_following,0.35806877808258325,3,200023.9731432605,13141,8508.0,207.2311429977417
victim_model,1,dynamic_3step,19,60,5,200000.0,45.0,route_following,0.3687022306374661,1,200006.14643440567,14287,8521.0,213.78669095039368
victim_model,1,dynamic_3step,20,61,5,200000.0,45.0,route_following,0.3725235109352108,3,200010.60672216874,14427,8517.0,181.17345261573792
victim_model,1,dynamic_3step,21,62,5,200000.0,45.0,route_following,0.3742421303361403,2,200003.580771962,14521,8519.0,210.96024227142334
victim_model,1,dynamic_3step,22,63,5,200000.0,45.0,route_following,0.37345991556329555,2,200001.90380020256,14980,8535.0,224.15915393829346
victim_model,1,dynamic_3step,23,64,5,200000.0,45.0,route_following,0.37489282597138934,2,200015.9711138925,14978,8535.0,224.4636435508728
victim_model,1,dynamic_3step,24,65,5,200000.0,45.0,route_following,0.31541159657049,1,200009.53334951954,10665,8499.0,199.96593475341797
victim_model,1,dynamic_3step,25,66,5,200000.0,45.0,route_following,0.32470753693135,2,200007.6520347399,11211,8500.0,215.3291881084442
victim_model,1,dynamic_3step,26,67,5,200000.0,45.0,route_following,0.37431899659943985,1,200006.90312454803,14837,8525.0,230.9453525543213
victim_model,1,dynamic_3step,27,68,5,200000.0,45.0,route_following,0.3589519020731897,2,200011.8579174268,13662,8499.0,220.28652262687683
victim_model,1,dynamic_3step,28,69,5,200000.0,45.0,route_following,0.37437362039408895,2,200019.42287072018,14397,8522.0,214.25927329063416
victim_model,1,dynamic_3step,29,70,5,200000.0,45.0,route_following,0.3602968087130062,2,200023.3188610797,14316,8533.0,198.26159858703613
victim_model,1,dynamic_3step,30,71,5,200000.0,45.0,route_following,0.37604528133027776,2,200016.78509418084,14667,8513.0,213.71152067184448
victim_model,1,dynamic_3step,31,72,5,200000.0,45.0,route_following,0.37065444452482216,1,200010.06132143317,14608,8509.0,230.35513377189636
victim_model,1,dynamic_3step,32,73,5,200000.0,45.0,route_following,0.360711768545716,3,200021.0365838335,13827,8520.0,184.84196972846985
victim_model,1,dynamic_3step,33,74,5,200000.0,45.0,route_following,0.35453201621963126,2,200017.56031456369,13118,8524.0,215.5660605430603
victim_model,1,dynamic_3step,34,75,5,200000.0,45.0,route_following,0.37073682041560396,3,200013.24974606847,14817,8506.0,172.99755692481995
victim_model,1,dynamic_3step,35,76,5,200000.0,45.0,route_following,0.36033874048901454,1,200003.02845680632,13743,8516.0,224.0258378982544
victim_model,1,dynamic_3step,36,77,5,200000.0,45.0,route_following,0.34018561866811364,1,200006.4622484527,12229,8518.0,223.94378662109375
victim_model,1,dynamic_3step,37,78,5,200000.0,45.0,route_following,0.3376482778745442,3,200007.87074963382,12424,8506.0,180.79064798355103
victim_model,1,dynamic_3step,38,79,5,200000.0,45.0,route_following,0.35736103456551344,2,200018.10159050624,13458,8521.0,223.32219314575195
victim_model,1,dynamic_3step,39,80,5,200000.0,45.0,route_following,0.3698519295885559,0,200004.82606763262,13968,8510.0,243.10674166679382
victim_model,1,dynamic_3step,40,81,5,200000.0,45.0,route_following,0.3784958074344964,3,200018.4741858924,14664,8512.0,184.88198137283325
victim_model,1,dynamic_3step,41,82,5,200000.0,45.0,route_following,0.3507527550256009,2,200006.6384729925,13029,8518.0,191.6992907524109
victim_model,1,dynamic_3step,42,83,5,200000.0,45.0,route_following,0.32505291708383927,0,200021.16013902816,12238,8512.0,225.96961879730225
victim_model,1,dynamic_3step,43,84,5,200000.0,45.0,route_following,0.3337970816302378,2,200011.54459835048,11944,8547.0,208.5252788066864
victim_model,1,dynamic_3step,44,85,5,200000.0,45.0,route_following,0.34541005791411417,2,200016.0235559565,12455,8495.0,187.09479331970215
victim_model,1,dynamic_3step,45,86,5,200000.0,45.0,route_following,0.3510278373166046,4,200009.20875205583,12879,8510.0,162.2470347881317
victim_model,1,dynamic_3step,46,87,5,200000.0,45.0,route_following,0.3769819317035378,1,200001.79126128985,14639,8523.0,217.1294286251068
victim_model,1,dynamic_3step,47,88,5,200000.0,45.0,route_following,0.36818434612202056,1,200011.27904817768,14044,8525.0,226.38333678245544
victim_model,1,dynamic_3step,48,89,5,200000.0,45.0,route_following,0.3544500801682965,1,200019.74635961142,14067,8523.0,241.35774564743042
victim_model,1,dynamic_3step,49,90,5,200000.0,45.0,route_following,0.33025798825441854,1,200000.48199013196,11970,8511.0,208.28561353683472
victim_model,1,dynamic_3step,50,91,5,200000.0,45.0,route_following,0.30914398872244864,1,200000.417875321,10396,8525.0,213.93723487854004
victim_model,1,dynamic_3step,51,92,5,200000.0,45.0,route_following,0.3297666258863522,1,200017.92132613686,12434,8493.0,218.97386527061462
victim_model,1,dynamic_3step,52,93,5,200000.0,45.0,route_following,0.3575934938404995,3,200008.8300457968,13307,8514.0,208.2722008228302
victim_model,1,dynamic_3step,53,94,5,200000.0,45.0,route_following,0.37046328082517915,2,200014.92308549135,14580,8504.0,201.97322297096252
victim_model,1,dynamic_3step,54,95,5,200000.0,45.0,route_following,0.36571842929880266,4,200016.48837241525,13553,8513.0,199.71119284629822
victim_model,1,dynamic_3step,55,96,5,200000.0,45.0,route_following,0.3593821693016969,1,200004.87160864065,13806,8526.0,216.34965801239014
victim_model,1,dynamic_3step,56,97,5,200000.0,45.0,route_following,0.3696109021405025,3,200009.79847714555,14051,8515.0,190.30156421661377
victim_model,1,dynamic_3step,57,98,5,200000.0,45.0,route_following,0.37614408980581304,1,200012.35405845888,14566,8515.0,216.6651782989502
victim_model,1,dynamic_3step,58,99,5,200000.0,45.0,route_following,0.3646046309567544,2,200018.15548587582,13784,8498.0,229.69407486915588
victim_model,1,dynamic_3step,59,100,5,200000.0,45.0,route_following,0.34065317976803217,1,200017.42105156204,12183,8519.0,220.62075781822205
victim_model,1,dynamic_3step,60,101,5,200000.0,45.0,route_following,0.3316627900954969,2,200013.62351238294,12380,8528.0,195.1058087348938
victim_model,1,dynamic_3step,61,102,5,200000.0,45.0,route_following,0.3331996005715668,0,200014.44179205835,11662,8508.0,231.93887329101562
victim_model,1,dynamic_3step,62,103,5,200000.0,45.0,route_following,0.3734417331624631,2,200009.4074562407,14868,8507.0,203.78843212127686
victim_model,1,dynamic_3step,63,104,5,200000.0,45.0,route_following,0.3675824493871862,1,200018.63180602537,14129,8533.0,236.80636763572693
victim_model,1,dynamic_3step,64,105,5,200000.0,45.0,route_following,0.37925738320220737,2,200016.93560689993,14685,8520.0,209.72741198539734
victim_model,1,dynamic_3step,65,106,5,200000.0,45.0,route_following,0.3621920447647825,1,200002.87397512613,13525,8519.0,218.41459107398987
victim_model,1,dynamic_3step,66,107,5,200000.0,45.0,route_following,0.3378297449044378,0,200001.81476746494,11906,8504.0,234.57065176963806
victim_model,1,dynamic_3step,67,108,5,200000.0,45.0,route_following,0.36755074691856077,2,200004.2936671647,13841,8518.0,207.80527925491333
victim_model,1,dynamic_3step,68,109,5,200000.0,45.0,route_following,0.3773990933870438,2,200006.6354470508,14472,8505.0,220.36958074569702
victim_model,1,dynamic_3step,69,110,5,200000.0,45.0,route_following,0.35607486993637705,4,200003.65943664344,13010,8517.0,170.69472670555115
victim_model,1,dynamic_3step,70,111,5,200000.0,45.0,route_following,0.35107079962936144,2,200010.93728011908,12822,8519.0,204.03351092338562
victim_model,1,dynamic_3step,71,112,5,200000.0,45.0,route_following,0.37204066691303744,2,200019.0645764593,14577,8509.0,214.5184931755066
victim_model,1,dynamic_3step,72,113,5,200000.0,45.0,route_following,0.3522052563013609,0,200023.5387728074,12934,8499.0,247.70096135139465
victim_model,1,dynamic_3step,73,114,5,200000.0,45.0,route_following,0.32665432230069247,1,200014.74731956326,11207,8496.0,234.2557508945465
victim_model,1,dynamic_3step,74,115,5,200000.0,45.0,route_following,0.3507526436833723,1,200009.04631347023,13026,8527.0,229.00543475151062
victim_model,1,dynamic_3step,75,116,5,200000.0,45.0,route_following,0.3728344203228179,3,200023.36555302548,14205,8518.0,211.3180639743805
victim_model,1,dynamic_3step,76,117,5,200000.0,45.0,route_following,0.35755257861306594,2,200022.34308475157,13509,8522.0,212.45455694198608
victim_model,1,dynamic_3step,77,118,5,200000.0,45.0,route_following,0.3774698318808308,2,200000.9851139967,14553,8518.0,202.77909398078918
victim_model,1,dynamic_3step,78,119,5,200000.0,45.0,route_following,0.3525018948197347,1,200007.61482600516,13509,8525.0,224.93393754959106
victim_model,1,dynamic_3step,79,120,5,200000.0,45.0,route_following,0.3719744010089598,1,200004.86303543518,14730,8519.0,210.53185606002808
victim_model,1,dynamic_3step,80,121,5,200000.0,45.0,route_following,0.3703495232636657,3,200002.05246118398,14740,8524.0,187.67099142074585
victim_model,1,dynamic_3step,81,122,5,200000.0,45.0,route_following,0.31267349378107984,2,200004.34248893132,10551,8513.0,215.89753413200378
victim_model,1,dynamic_3step,82,123,5,200000.0,45.0,route_following,0.3648054574048972,1,200019.1460901805,14135,8502.0,232.77410554885864
victim_model,1,dynamic_3step,83,124,5,200000.0,45.0,route_following,0.3745195757722372,1,200001.24736435598,14636,8502.0,239.71420097351074
victim_model,1,dynamic_3step,84,125,5,200000.0,45.0,route_following,0.3585922858032787,1,200015.9951026215,13070,8526.0,223.97940325737
victim_model,1,dynamic_3step,85,126,5,200000.0,45.0,route_following,0.3719825736962454,0,200016.441712339,14649,8530.0,243.39700412750244
victim_model,1,dynamic_3step,86,127,5,200000.0,45.0,route_following,0.37199520428424515,2,200004.42116576544,14159,8531.0,203.7198555469513
victim_model,1,dynamic_3step,87,128,5,200000.0,45.0,route_following,0.33631876392391685,2,200011.0431712042,11841,8498.0,196.97875237464905
victim_model,1,dynamic_3step,88,129,5,200000.0,45.0,route_following,0.34646638928997436,1,200007.98327900673,13050,8515.0,214.6948435306549
victim_model,1,dynamic_3step,89,130,5,200000.0,45.0,route_following,0.36904528665185804,2,200003.68064608297,14566,8526.0,207.23008704185486
victim_model,1,dynamic_3step,90,131,5,200000.0,45.0,route_following,0.3765156507289261,2,200009.30898482964,14840,8505.0,222.8170623779297
victim_model,1,dynamic_3step,91,132,5,200000.0,45.0,route_following,0.3631631148096563,1,200022.30528764107,13787,8490.0,231.31383228302002
victim_model,1,dynamic_3step,92,133,5,200000.0,45.0,route_following,0.36798628112889087,1,200002.1881016159,14407,8525.0,225.6695728302002
victim_model,1,dynamic_3step,93,134,5,200000.0,45.0,route_following,0.3609349396781756,0,200003.77823826333,13454,8545.0,239.00963401794434
victim_model,1,dynamic_3step,94,135,5,200000.0,45.0,route_following,0.36706639466949526,1,200002.05663643827,14155,8495.0,214.1142773628235
victim_model,1,dynamic_3step,95,136,5,200000.0,45.0,route_following,0.339118744904529,3,200020.84833389436,12050,8516.0,214.42712092399597
victim_model,1,dynamic_3step,96,137,5,200000.0,45.0,route_following,0.37129420116290124,2,200005.44463994374,14831,8521.0,201.72607898712158
victim_model,1,dynamic_3step,97,138,5,200000.0,45.0,route_following,0.36999670237015386,1,200019.81642369722,13939,8509.0,234.8429503440857
victim_model,1,dynamic_3step,98,139,5,200000.0,45.0,route_following,0.33940878913542494,0,200003.39901345858,12195,8522.0,239.39102792739868
victim_model,1,dynamic_3step,99,140,5,200000.0,45.0,route_following,0.3648476831886852,3,200005.1744824884,13791,8503.0,172.49171137809753
victim_model,1,dynamic_3step,100,141,5,200000.0,45.0,route_following,0.35305296395426644,0,200013.99783632535,13340,8526.0,207.47067308425903
victim_model,1,pizza,1,42,5,200000.0,45.0,lost_person,0.3049448203078362,0,200005.54543874832,12860,7997.0,79.76904654502869
victim_model,1,pizza,2,43,5,200000.0,45.0,lost_person,0.3050258122279614,0,199950.78402175003,12866,8001.0,77.08225226402283
victim_model,1,pizza,3,44,5,200000.0,45.0,lost_person,0.3049653869314785,2,200021.4487519557,12863,7999.0,68.18452191352844
victim_model,1,pizza,4,45,5,200000.0,45.0,lost_person,0.3049448203078362,0,200014.02923663336,12860,7997.0,75.04623651504517
victim_model,1,pizza,5,46,5,200000.0,45.0,lost_person,0.3050258122279614,1,199975.7557606355,12866,8001.0,73.34031224250793
victim_model,1,pizza,6,47,5,200000.0,45.0,lost_person,0.3050258122279614,2,199994.8228365796,12866,8001.0,70.5222806930542
victim_model,1,pizza,7,48,5,200000.0,45.0,lost_person,0.3049653869314785,1,200012.8496245136,12863,7999.0,70.57295608520508
victim_model,1,pizza,8,49,5,200000.0,45.0,lost_person,0.3050258122279614,1,199972.4537295323,12866,8001.0,70.29989051818848
victim_model,1,pizza,9,50,5,200000.0,45.0,lost_person,0.3049448203078362,1,200002.43918069307,12860,7997.0,71.12188482284546
victim_model,1,pizza,10,51,5,200000.0,45.0,lost_person,0.3050258122279614,2,199972.62246599817,12866,8001.0,64.03935074806213
victim_model,1,pizza,11,52,5,200000.0,45.0,lost_person,0.3050258122279614,2,199971.44364894603,12866,8001.0,72.70410633087158
victim_model,1,pizza,12,53,5,200000.0,45.0,lost_person,0.3049448203078362,1,200019.826212753,12860,7997.0,69.7317099571228
victim_model,1,pizza,13,54,5,200000.0,45.0,lost_person,0.3050258122279614,1,200008.87198865254,12866,8000.0,70.92066860198975
victim_model,1,pizza,14,55,5,200000.0,45.0,lost_person,0.3049448203078362,2,200001.2683519915,12861,7998.0,69.52833652496338
victim_model,1,pizza,15,56,5,200000.0,45.0,lost_person,0.3050258122279614,1,199922.78882549587,12866,8001.0,72.89797472953796
victim_model,1,pizza,16,57,5,200000.0,45.0,lost_person,0.3050258122279614,1,199986.27004224958,12866,8001.0,69.66205310821533
victim_model,1,pizza,17,58,5,200000.0,45.0,lost_person,0.3050258122279614,2,199986.45782700542,12866,8001.0,59.288090229034424
victim_model,1,pizza,18,59,5,200000.0,45.0,lost_person,0.3049448203078362,2,200014.63021522478,12861,7998.0,70.68358635902405
victim_model,1,pizza,19,60,5,200000.0,45.0,lost_person,0.3049653869314785,1,200004.6178232223,12863,7999.0,72.62994050979614
victim_model,1,pizza,20,61,5,200000.0,45.0,lost_person,0.3048836775997154,2,200008.1216624179,12857,7995.0,64.79289722442627
victim_model,1,pizza,21,62,5,200000.0,45.0,lost_person,0.3049448203078362,1,200000.85585545193,12861,7998.0,72.86866354942322
victim_model,1,pizza,22,63,5,200000.0,45.0,lost_person,0.3049653869314785,0,200016.12473009594,12863,7999.0,76.62431383132935
victim_model,1,pizza,23,64,5,200000.0,45.0,lost_person,0.3050258122279614,0,199930.56256784828,12866,8001.0,75.85426998138428
victim_model,1,pizza,24,65,5,200000.0,45.0,lost_person,0.3050258122279614,1,199902.75011697886,12866,8001.0,68.37038040161133
victim_model,1,pizza,25,66,5,200000.0,45.0,lost_person,0.3049448203078362,2,200009.20897407987,12860,7997.0,70.11141586303711
victim_model,1,pizza,26,67,5,200000.0,45.0,lost_person,0.3050258122279614,0,199988.2107852288,12866,8001.0,76.59953904151917
victim_model,1,pizza,27,68,5,200000.0,45.0,lost_person,0.3049448203078362,1,200009.1211894642,12861,7998.0,75.94993281364441
victim_model,1,pizza,28,69,5,200000.0,45.0,lost_person,0.3049448203078362,1,200015.66357225843,12861,7998.0,71.50328040122986
victim_model,1,pizza,29,70,5,200000.0,45.0,lost_person,0.3050258122279614,2,199977.139003273,12866,8001.0,64.68118047714233
victim_model,1,pizza,30,71,5,200000.0,45.0,lost_person,0.3050258122279614,2,199910.0431942332,12866,8001.0,75.75464987754822
victim_model,1,pizza,31,72,5,200000.0,45.0,lost_person,0.3050258122279614,0,199885.85174243082,12866,8001.0,77.70364594459534
victim_model,1,pizza,32,73,5,200000.0,45.0,lost_person,0.3050258122279614,3,199964.09226113468,12866,8001.0,55.783103227615356
victim_model,1,pizza,33,74,5,200000.0,45.0,lost_person,0.3049448203078362,3,200021.51774643804,12861,7998.0,71.86213231086731
victim_model,1,pizza,34,75,5,200000.0,45.0,lost_person,0.3050258122279614,3,199993.4537598061,12866,8001.0,59.55005955696106
victim_model,1,pizza,35,76,5,200000.0,45.0,lost_person,0.3049448203078362,1,200000.1951752851,12860,7997.0,70.29164838790894
victim_model,1,pizza,36,77,5,200000.0,45.0,lost_person,0.3050258122279614,0,199979.02354030812,12866,8001.0,77.96643805503845
victim_model,1,pizza,37,78,5,200000.0,45.0,lost_person,0.3049448203078362,2,200023.85100410096,12861,7998.0,64.14202427864075
victim_model,1,pizza,38,79,5,200000.0,45.0,lost_person,0.3050258122279614,2,199892.1535846526,12866,8001.0,63.47877550125122
victim_model,1,pizza,39,80,5,200000.0,45.0,lost_person,0.3050258122279614,0,199925.39212769107,12866,8001.0,71.7754225730896
victim_model,1,pizza,40,81,5,200000.0,45.0,lost_person,0.3050258122279614,2,199922.80052609908,12866,8001.0,61.150145053863525
victim_model,1,pizza,41,82,5,200000.0,45.0,lost_person,0.3049653869314785,2,200014.05398231652,12863,7999.0,61.4617702960968
victim_model,1,pizza,42,83,5,200000.0,45.0,lost_person,0.3050258122279614,2,199945.75946912784,12866,8001.0,62.149470806121826
victim_model,1,pizza,43,84,5,200000.0,45.0,lost_person,0.3049448203078362,2,200020.78012119353,12860,7997.0,70.33296298980713
victim_model,1,pizza,44,85,5,200000.0,45.0,lost_person,0.3049448203078362,2,200008.9282705975,12861,7998.0,63.74983215332031
victim_model,1,pizza,45,86,5,200000.0,45.0,lost_person,0.3050258122279614,3,199968.97857105418,12866,8001.0,61.56910824775696
victim_model,1,pizza,46,87,5,200000.0,45.0,lost_person,0.3050258122279614,1,199985.33704418238,12866,8001.0,70.4693992137909
victim_model,1,pizza,47,88,5,200000.0,45.0,lost_person,0.3050258122279614,2,199965.342741524,12866,8001.0,71.83118629455566
victim_model,1,pizza,48,89,5,200000.0,45.0,lost_person,0.3050258122279614,0,199999.71175062325,12866,8001.0,75.72200012207031
victim_model,1,pizza,49,90,5,200000.0,45.0,lost_person,0.3050258122279614,0,199954.30394721977,12866,8001.0,75.20056319236755
victim_model,1,pizza,50,91,5,200000.0,45.0,lost_person,0.304904567830398,1,200002.4489882052,12858,7996.0,68.84535145759583
victim_model,1,pizza,51,92,5,200000.0,45.0,lost_person,0.3050258122279614,1,199883.3816954681,12866,8001.0,70.7389760017395
victim_model,1,pizza,52,93,5,200000.0,45.0,lost_person,0.3050258122279614,2,199912.74140427622,12866,8001.0,71.21156001091003
victim_model,1,pizza,53,94,5,200000.0,45.0,lost_person,0.3049653869314785,2,200000.92768950912,12863,7999.0,63.58082842826843
victim_model,1,pizza,54,95,5,200000.0,45.0,lost_person,0.3049653869314785,2,200020.53533479085,12863,7999.0,68.58945775032043
victim_model,1,pizza,55,96,5,200000.0,45.0,lost_person,0.3049448203078362,2,200006.75729368138,12861,7998.0,71.10411190986633
victim_model,1,pizza,56,97,5,200000.0,45.0,lost_person,0.3049653869314785,2,200016.36865774245,12863,7999.0,61.63975381851196
victim_model,1,pizza,57,98,5,200000.0,45.0,lost_person,0.3050258122279614,1,199964.94312955433,12866,8001.0,71.44596362113953
victim_model,1,pizza,58,99,5,200000.0,45.0,lost_person,0.3049448203078362,1,200008.63936131823,12860,7997.0,76.31312298774719
victim_model,1,pizza,59,100,5,200000.0,45.0,lost_person,0.3050258122279614,1,199978.73474722297,12866,8001.0,69.5821602344513
victim_model,1,pizza,60,101,5,200000.0,45.0,lost_person,0.3050258122279614,1,200006.30732036775,12866,8000.0,71.04650902748108
victim_model,1,pizza,61,102,5,200000.0,45.0,lost_person,0.3050258122279614,0,199994.68637918745,12866,8001.0,74.43967866897583
victim_model,1,pizza,62,103,5,200000.0,45.0,lost_person,0.3050258122279614,3,199991.75285898586,12866,8001.0,62.020140647888184
victim_model,1,pizza,63,104,5,200000.0,45.0,lost_person,0.3050258122279614,0,200014.6698058407,12866,8000.0,76.36584997177124
victim_model,1,pizza,64,105,5,200000.0,45.0,lost_person,0.3050258122279614,1,200009.65704411146,12866,8000.0,67.85080552101135
victim_model,1,pizza,65,106,5,200000.0,45.0,lost_person,0.3050258122279614,1,199867.26396247055,12866,8001.0,71.34204363822937
victim_model,1,pizza,66,107,5,200000.0,45.0,lost_person,0.3049653869314785,1,200020.5997715894,12863,7999.0,70.68073320388794
victim_model,1,pizza,67,108,5,200000.0,45.0,lost_person,0.3050258122279614,1,200004.26698327306,12866,8000.0,75.0661370754242
victim_model,1,pizza,68,109,5,200000.0,45.0,lost_person,0.3049653869314785,1,200024.74513390817,12863,7999.0,75.19797706604004
victim_model,1,pizza,69,110,5,200000.0,45.0,lost_person,0.3049448203078362,3,200012.7252771274,12861,7998.0,60.91195726394653
victim_model,1,pizza,70,111,5,200000.0,45.0,lost_person,0.3050258122279614,1,199972.46875771735,12866,8001.0,76.86377286911011
victim_model,1,pizza,71,112,5,200000.0,45.0,lost_person,0.3050258122279614,1,199990.2952499963,12866,8001.0,74.7099871635437
victim_model,1,pizza,72,113,5,200000.0,45.0,lost_person,0.3050258122279614,0,199995.7860111041,12866,8001.0,75.54100298881531
victim_model,1,pizza,73,114,5,200000.0,45.0,lost_person,0.3050258122279614,0,199970.5875744157,12866,8001.0,74.44650149345398
victim_model,1,pizza,74,115,5,200000.0,45.0,lost_person,0.3050258122279614,0,200011.85842462833,12866,8000.0,75.18465733528137
victim_model,1,pizza,75,116,5,200000.0,45.0,lost_person,0.3049448203078362,0,200010.61480157872,12860,7997.0,74.05062365531921
victim_model,1,pizza,76,117,5,200000.0,45.0,lost_person,0.3050258122279614,1,199958.93277636523,12866,8001.0,73.49740171432495
victim_model,1,pizza,77,118,5,200000.0,45.0,lost_person,0.3050258122279614,3,200010.4315536814,12866,8000.0,61.190754413604736
victim_model,1,pizza,78,119,5,200000.0,45.0,lost_person,0.3050258122279614,1,199921.08776672388,12866,8001.0,76.03576874732971
victim_model,1,pizza,79,120,5,200000.0,45.0,lost_person,0.3050258122279614,1,199975.9305442476,12866,8001.0,68.47487592697144
victim_model,1,pizza,80,121,5,200000.0,45.0,lost_person,0.3050258122279614,3,199978.7050112469,12866,8001.0,66.63529253005981
victim_model,1,pizza,81,122,5,200000.0,45.0,lost_person,0.3050258122279614,1,199946.776497074,12866,8001.0,70.70662546157837
victim_model,1,pizza,82,123,5,200000.0,45.0,lost_person,0.3050258122279614,0,199969.55893300107,12866,8001.0,80.1902871131897
victim_model,1,pizza,83,124,5,200000.0,45.0,lost_person,0.3049448203078362,1,200012.53702091562,12860,7997.0,74.712717294693
victim_model,1,pizza,84,125,5,200000.0,45.0,lost_person,0.3050258122279614,1,200000.5374217685,12866,8000.0,71.15445256233215
victim_model,1,pizza,85,126,5,200000.0,45.0,lost_person,0.3049653869314785,0,200001.33466318352,12863,7999.0,75.3567476272583
victim_model,1,pizza,86,127,5,200000.0,45.0,lost_person,0.3050258122279614,1,199995.40228646775,12866,8001.0,72.00246524810791
victim_model,1,pizza,87,128,5,200000.0,45.0,lost_person,0.3049653869314785,1,200020.26835838493,12863,7999.0,66.40775632858276
victim_model,1,pizza,88,129,5,200000.0,45.0,lost_person,0.3050258122279614,1,200022.49954540675,12866,8000.0,69.23860120773315
victim_model,1,pizza,89,130,5,200000.0,45.0,lost_person,0.3050258122279614,2,199911.99855505288,12866,8001.0,64.07136368751526
victim_model,1,pizza,90,131,5,200000.0,45.0,lost_person,0.3049448203078362,0,200014.29513603268,12861,7998.0,75.67178988456726
victim_model,1,pizza,91,132,5,200000.0,45.0,lost_person,0.3049448203078362,0,200007.47334745538,12860,7997.0,75.53458070755005
victim_model,1,pizza,92,133,5,200000.0,45.0,lost_person,0.3049653869314785,0,200002.61540179208,12863,7999.0,77.14544367790222
victim_model,1,pizza,93,134,5,200000.0,45.0,lost_person,0.3049448203078362,0,200004.12693207274,12861,7998.0,76.65759778022766
victim_model,1,pizza,94,135,5,200000.0,45.0,lost_person,0.3050258122279614,2,200016.9110542904,12866,8000.0,63.60668873786926
victim_model,1,pizza,95,136,5,200000.0,45.0,lost_person,0.3050258122279614,3,199968.2081807615,12866,8001.0,64.88729071617126
victim_model,1,pizza,96,137,5,200000.0,45.0,lost_person,0.3050258122279614,1,199987.55851094186,12866,8001.0,67.92282319068909
victim_model,1,pizza,97,138,5,200000.0,45.0,lost_person,0.3049448203078362,0,200013.34480972154,12861,7998.0,73.8920590877533
victim_model,1,pizza,98,139,5,200000.0,45.0,lost_person,0.3050258122279614,0,199936.26748878896,12866,8001.0,74.13358330726624
victim_model,1,pizza,99,140,5,200000.0,45.0,lost_person,0.3050258122279614,2,200024.51061520865,12866,8000.0,65.67114782333374
victim_model,1,pizza,100,141,5,200000.0,45.0,lost_person,0.3049653869314785,0,200007.33387177324,12863,7999.0,75.02284955978394
victim_model,1,static,1,42,5,200000.0,45.0,lost_person,0.33257697418937043,0,198150.67375400517,12649,8001.0,78.58241510391235
victim_model,1,static,2,43,5,200000.0,45.0,lost_person,0.3065036592903866,1,197790.80591981686,11616,8001.0,70.14587879180908
victim_model,1,static,3,44,5,200000.0,45.0,lost_person,0.31164929084583276,1,197700.26528858446,11572,8001.0,68.82117581367493
victim_model,1,static,4,45,5,200000.0,45.0,lost_person,0.29977855569427286,0,197296.00798346035,10661,8001.0,75.32893776893616
victim_model,1,static,5,46,5,200000.0,45.0,lost_person,0.29551971280715106,2,197394.7006742595,10525,8001.0,64.76809525489807
victim_model,1,static,6,47,5,200000.0,45.0,lost_person,0.3153175673751829,1,197938.26551422957,11366,8001.0,72.18176174163818
victim_model,1,static,7,48,5,200000.0,45.0,lost_person,0.2846570735168817,1,197318.6610623031,10201,8000.0,69.32436752319336
victim_model,1,static,8,49,5,200000.0,45.0,lost_person,0.2465211965788412,1,196719.79294494548,8204,8001.0,69.52021408081055
victim_model,1,static,9,50,5,200000.0,45.0,lost_person,0.26272651232132227,1,196838.45901655097,8806,8001.0,68.18520712852478
victim_model,1,static,10,51,5,200000.0,45.0,lost_person,0.3438589914620235,2,198330.54038755386,13160,8001.0,66.46123051643372
victim_model,1,static,11,52,5,200000.0,45.0,lost_person,0.2485335071117458,1,197158.61085843082,10178,8001.0,72.66164517402649
victim_model,1,static,12,53,5,200000.0,45.0,lost_person,0.3030210464975645,1,197602.28256611835,11024,8001.0,69.27528643608093
victim_model,1,static,13,54,5,200000.0,45.0,lost_person,0.33885905837860075,1,198199.06266735555,13251,8001.0,70.27113246917725
victim_model,1,static,14,55,5,200000.0,45.0,lost_person,0.29404157568096106,1,197379.6675737619,10712,8001.0,69.60133862495422
victim_model,1,static,15,56,5,200000.0,45.0,lost_person,0.27058022571869916,0,196769.98929496226,9102,8001.0,74.73217606544495
victim_model,1,static,16,57,5,200000.0,45.0,lost_person,0.27865709373653696,1,197041.74203018282,9334,8001.0,67.49459099769592
victim_model,1,static,17,58,5,200000.0,45.0,lost_person,0.3529153842974964,1,198627.8108268954,14025,8001.0,70.35154676437378
victim_model,1,static,18,59,5,200000.0,45.0,lost_person,0.2898206296122632,2,197407.31667631265,10828,8001.0,69.56958985328674
victim_model,1,static,19,60,5,200000.0,45.0,lost_person,0.303406064984616,1,197388.1070480567,10743,8001.0,67.94984436035156
victim_model,1,static,20,61,5,200000.0,45.0,lost_person,0.2983194398678416,3,197453.80981237654,10699,8000.0,51.627880573272705
victim_model,1,static,21,62,5,200000.0,45.0,lost_person,0.2018860242606272,1,196197.7401019374,7260,8001.0,70.16512608528137
victim_model,1,static,22,63,5,200000.0,45.0,lost_person,0.26883766568033807,0,197056.958752299,9787,8001.0,73.54738736152649
victim_model,1,static,23,64,5,200000.0,45.0,lost_person,0.3005538209359585,0,197459.28970757462,11001,8001.0,75.4186646938324
victim_model,1,static,24,65,5,200000.0,45.0,lost_person,0.28190797367499887,1,197297.53093743973,9599,8001.0,65.92964005470276
victim_model,1,static,25,66,5,200000.0,45.0,lost_person,0.31786514605145605,2,197938.16031583137,11886,8001.0,66.51953768730164
victim_model,1,static,26,67,5,200000.0,45.0,lost_person,0.3319266741131244,1,198045.26452722953,12278,8001.0,76.91747307777405
victim_model,1,static,27,68,5,200000.0,45.0,lost_person,0.3198818839171916,0,197876.61080361743,12191,8001.0,75.92441821098328
victim_model,1,static,28,69,5,200000.0,45.0,lost_person,0.24217528888964146,1,196917.90475110553,9210,8001.0,72.34256792068481
victim_model,1,static,29,70,5,200000.0,45.0,lost_person,0.26975245703119327,1,196949.80857608348,8900,8001.0,69.55660223960876
victim_model,1,static,30,71,5,200000.0,45.0,lost_person,0.32040713483936495,1,197879.1923133253,11790,8001.0,72.6431610584259
victim_model,1,static,31,72,5,200000.0,45.0,lost_person,0.30325629073279875,0,197908.82593503362,12010,8001.0,75.1767361164093
victim_model,1,static,32,73,5,200000.0,45.0,lost_person,0.23343360569016425,3,196753.67767639318,8714,8001.0,55.525604009628296
victim_model,1,static,33,74,5,200000.0,45.0,lost_person,0.311094360779306,2,197809.76276881777,11707,8001.0,65.77328205108643
victim_model,1,static,34,75,5,200000.0,45.0,lost_person,0.3445829646191305,0,198669.6860366722,13748,8001.0,76.35635828971863
victim_model,1,static,35,76,5,200000.0,45.0,lost_person,0.3027364006554006,1,197489.53912981504,11093,8001.0,67.52569103240967
victim_model,1,static,36,77,5,200000.0,45.0,lost_person,0.29052845786731235,0,197247.81303286928,10536,8001.0,75.04178142547607
victim_model,1,static,37,78,5,200000.0,45.0,lost_person,0.3072812100074311,1,197742.66851537372,10933,8001.0,71.58001971244812
victim_model,1,static,38,79,5,200000.0,45.0,lost_person,0.35349858871007,2,198607.60626181448,14009,8001.0,62.68739914894104
victim_model,1,static,39,80,5,200000.0,45.0,lost_person,0.3034333861095588,0,197531.68776470944,10817,8001.0,75.2369294166565
victim_model,1,static,40,81,5,200000.0,45.0,lost_person,0.32176173744007497,1,197937.1380008167,11550,8001.0,68.4425745010376
victim_model,1,static,41,82,5,200000.0,45.0,lost_person,0.28765130068557804,1,197254.46108475185,9625,8001.0,71.12034606933594
victim_model,1,static,42,83,5,200000.0,45.0,lost_person,0.2997620898815151,1,197500.29622981584,10930,8001.0,70.49881339073181
victim_model,1,static,43,84,5,200000.0,45.0,lost_person,0.2917170707264842,2,197644.80941393724,11157,8001.0,66.82988357543945
victim_model,1,static,44,85,5,200000.0,45.0,lost_person,0.35466552282890157,2,198722.61710664045,14432,8001.0,62.587424516677856
victim_model,1,static,45,86,5,200000.0,45.0,lost_person,0.3246123897965026,3,197797.8524387716,11966,8001.0,62.01034188270569
victim_model,1,static,46,87,5,200000.0,45.0,lost_person,0.3203020929707792,0,197878.21757899242,12036,8001.0,75.6283552646637
victim_model,1,static,47,88,5,200000.0,45.0,lost_person,0.3238888637604391,1,197987.5531376755,12134,8001.0,70.14381003379822
victim_model,1,static,48,89,5,200000.0,45.0,lost_person,0.2241783147153597,0,196671.44367346264,7992,8001.0,71.69791793823242
victim_model,1,static,49,90,5,200000.0,45.0,lost_person,0.33064630715422966,1,198259.8890001786,12455,8001.0,69.88156390190125
victim_model,1,static,50,91,5,200000.0,45.0,lost_person,0.24471770865462758,1,196594.53340473096,8593,8001.0,74.47439217567444
victim_model,1,static,51,92,5,200000.0,45.0,lost_person,0.3063753555033912,1,197788.20075988883,11625,8001.0,68.50149607658386
victim_model,1,static,52,93,5,200000.0,45.0,lost_person,0.31103234639147687,3,197593.34423352883,10862,8001.0,71.29234528541565
victim_model,1,static,53,94,5,200000.0,45.0,lost_person,0.2864186975556287,2,197197.5564701245,10333,8001.0,68.21355962753296
victim_model,1,static,54,95,5,200000.0,45.0,lost_person,0.28774736483631996,2,197431.9076684715,11343,8001.0,64.07018637657166
victim_model,1,static,55,96,5,200000.0,45.0,lost_person,0.3231687517246467,3,197976.29898833134,12201,8001.0,62.381349086761475
victim_model,1,static,56,97,5,200000.0,45.0,lost_person,0.28146436207274955,1,197081.8725965715,9153,8000.0,69.76016926765442
victim_model,1,static,57,98,5,200000.0,45.0,lost_person,0.3328890891411181,0,198039.47835027231,12332,8000.0,74.7234570980072
victim_model,1,static,58,99,5,200000.0,45.0,lost_person,0.29022861304556874,0,197275.4974436617,9689,8001.0,73.65139245986938
victim_model,1,static,59,100,5,200000.0,45.0,lost_person,0.31548004614414177,1,197785.45666068458,11763,8001.0,68.04915928840637
victim_model,1,static,60,101,5,200000.0,45.0,lost_person,0.32977153078408933,1,198061.81899095344,12273,8001.0,66.81954550743103
victim_model,1,static,61,102,5,200000.0,45.0,lost_person,0.25081718982681156,0,196729.79584501218,8421,8000.0,74.01242756843567
victim_model,1,static,62,103,5,200000.0,45.0,lost_person,0.26045667068563383,1,196928.7995517155,9387,8001.0,70.7075309753418
victim_model,1,static,63,104,5,200000.0,45.0,lost_person,0.33030255255190955,1,198167.78042554855,13125,8001.0,73.44246101379395
victim_model,1,static,64,105,5,200000.0,45.0,lost_person,0.3082935065366609,1,197700.02885699502,11034,8001.0,69.03274321556091
victim_model,1,static,65,106,5,200000.0,45.0,lost_person,0.26427039563363797,1,196887.7160915355,9113,8001.0,69.35630965232849
victim_model,1,static,66,107,5,200000.0,45.0,lost_person,0.2941989833383707,1,197415.84614051747,10619,8001.0,69.02957606315613
victim_model,1,static,67,108,5,200000.0,45.0,lost_person,0.2977093446856134,2,197373.68637262928,10261,8001.0,60.75161004066467
victim_model,1,static,68,109,5,200000.0,45.0,lost_person,0.3262008281057796,1,198058.85282112673,12301,8001.0,70.5431969165802
victim_model,1,static,69,110,5,200000.0,45.0,lost_person,0.256671833142558,3,196790.78444215734,8634,8001.0,51.5210485458374
victim_model,1,static,70,111,5,200000.0,45.0,lost_person,0.3255854077181793,1,197898.41893595766,12274,8001.0,71.99064373970032
victim_model,1,static,71,112,5,200000.0,45.0,lost_person,0.2852627945719312,0,197250.6899861029,10366,8001.0,72.83010935783386
victim_model,1,static,72,113,5,200000.0,45.0,lost_person,0.3124878823351386,0,197803.33125642655,11073,8001.0,72.06498956680298
victim_model,1,static,73,114,5,200000.0,45.0,lost_person,0.26331845114774155,0,196918.03033834347,8904,8001.0,75.12716245651245
victim_model,1,static,74,115,5,200000.0,45.0,lost_person,0.31583252303973564,0,197982.3001444431,12017,8001.0,75.30753207206726
victim_model,1,static,75,116,5,200000.0,45.0,lost_person,0.32025902188461697,3,197780.91581389788,11823,8001.0,70.5623254776001
victim_model,1,static,76,117,5,200000.0,45.0,lost_person,0.27795765705302666,0,197098.3967281305,10049,8001.0,77.60468673706055
victim_model,1,static,77,118,5,200000.0,45.0,lost_person,0.2815551026614257,1,197178.79175127725,9833,8001.0,68.40362405776978
victim_model,1,static,78,119,5,200000.0,45.0,lost_person,0.3125647967685257,1,197678.87871194605,11544,8001.0,73.34648251533508
victim_model,1,static,79,120,5,200000.0,45.0,lost_person,0.32740381556069875,1,198013.37987080408,12222,8001.0,66.16008806228638
victim_model,1,static,80,121,5,200000.0,45.0,lost_person,0.2809802468016882,0,197233.07085653167,9857,8001.0,73.85617709159851
victim_model,1,static,81,122,5,200000.0,45.0,lost_person,0.2675229465490499,1,197135.74902509726,9984,8001.0,67.48118233680725
victim_model,1,static,82,123,5,200000.0,45.0,lost_person,0.2987798910585032,0,197346.47847488898,10941,8000.0,74.38557577133179
victim_model,1,static,83,124,5,200000.0,45.0,lost_person,0.3131074187861949,0,197581.02902973257,11411,8001.0,73.80947756767273
victim_model,1,static,84,125,5,200000.0,45.0,lost_person,0.30425453307514905,1,197616.73846400165,11206,8001.0,72.34586644172668
victim_model,1,static,85,126,5,200000.0,45.0,lost_person,0.2823700006214993,0,197152.32266624432,10294,8001.0,75.0913438796997
victim_model,1,static,86,127,5,200000.0,45.0,lost_person,0.3290306299986497,1,198067.33947205674,12172,8001.0,75.8239426612854
victim_model,1,static,87,128,5,200000.0,45.0,lost_person,0.30668576121092755,2,197465.0046661728,10978,8001.0,59.61766529083252
victim_model,1,static,88,129,5,200000.0,45.0,lost_person,0.32960905390747813,1,198219.72169729273,13016,8001.0,68.90828657150269
victim_model,1,static,89,130,5,200000.0,45.0,lost_person,0.28501572645973205,2,197144.9150244598,9682,8001.0,61.50830554962158
victim_model,1,static,90,131,5,200000.0,45.0,lost_person,0.26650558565013577,1,196958.64092602945,9046,8001.0,74.87601208686829
victim_model,1,static,91,132,5,200000.0,45.0,lost_person,0.3113632645992561,0,197649.70069909916,11163,8001.0,75.03941559791565
victim_model,1,static,92,133,5,200000.0,45.0,lost_person,0.33877209453509377,3,198178.79771623932,13199,8001.0,74.77193641662598
victim_model,1,static,93,134,5,200000.0,45.0,lost_person,0.3524553118959611,1,198505.74526733469,13782,8001.0,73.7071521282196
victim_model,1,static,94,135,5,200000.0,45.0,lost_person,0.3462665942846041,2,198652.27759135756,13595,8001.0,62.17346954345703
victim_model,1,static,95,136,5,200000.0,45.0,lost_person,0.2696155040486574,0,197056.48446648015,9328,8001.0,72.30493140220642
victim_model,1,static,96,137,5,200000.0,45.0,lost_person,0.19992408752622087,1,195903.80783697462,5933,8001.0,68.37182569503784
victim_model,1,static,97,138,5,200000.0,45.0,lost_person,0.31084379131270956,0,197760.36857254762,11169,8001.0,76.68445110321045
victim_model,1,static,98,139,5,200000.0,45.0,lost_person,0.27738826962479884,0,197148.5456065426,10119,8001.0,77.06017255783081
victim_model,1,static,99,140,5,200000.0,45.0,lost_person,0.343233295868448,2,198369.97504594785,13178,8001.0,68.94656753540039
victim_model,1,static,100,141,5,200000.0,45.0,lost_person,0.29582760508308087,0,197379.14591316,10491,8001.0,76.67549657821655
victim_model,1,dynamic,1,42,5,200000.0,45.0,lost_person,0.2951194597397973,0,200006.02074563206,9713,8505.0,82.56086134910583
victim_model,1,dynamic,2,43,5,200000.0,45.0,lost_person,0.30537527776047163,0,200021.3045771943,10032,8492.0,82.27925777435303
victim_model,1,dynamic,3,44,5,200000.0,45.0,lost_person,0.3302742651124479,1,200001.94908486295,11559,8494.0,82.1509325504303
victim_model,1,dynamic,4,45,5,200000.0,45.0,lost_person,0.3100820880834549,0,200015.04286209156,10503,8505.0,84.44299149513245
victim_model,1,dynamic,5,46,5,200000.0,45.0,lost_person,0.2963137989646901,2,200011.65274416152,9673,8504.0,75.06327939033508
victim_model,1,dynamic,6,47,5,200000.0,45.0,lost_person,0.3065245734894565,2,200003.9188946154,10396,8523.0,78.14443397521973
victim_model,1,dynamic,7,48,5,200000.0,45.0,lost_person,0.26233456375253117,1,200023.8797440159,7970,8497.0,77.00035500526428
victim_model,1,dynamic,8,49,5,200000.0,45.0,lost_person,0.25125618836403385,1,200012.94892810265,7499,8498.0,78.40214514732361
victim_model,1,dynamic,9,50,5,200000.0,45.0,lost_person,0.3115430391666891,1,200000.23335406918,10619,8505.0,82.31553483009338
victim_model,1,dynamic,10,51,5,200000.0,45.0,lost_person,0.27181674738318656,2,200015.98295759782,8422,8504.0,73.44930839538574
victim_model,1,dynamic,11,52,5,200000.0,45.0,lost_person,0.24204950400040065,1,200024.38827727205,7046,8497.0,86.4125623703003
victim_model,1,dynamic,12,53,5,200000.0,45.0,lost_person,0.27743220325099804,1,200004.73942172166,8620,8514.0,77.62901163101196
victim_model,1,dynamic,13,54,5,200000.0,45.0,lost_person,0.2584860994125809,1,200005.9189377284,7919,8503.0,79.0678882598877
victim_model,1,dynamic,14,55,5,200000.0,45.0,lost_person,0.2620218120919908,1,200004.2620482672,7906,8500.0,80.48928737640381
victim_model,1,dynamic,15,56,5,200000.0,45.0,lost_person,0.32752351950622216,1,200019.31757633673,11389,8494.0,83.95553779602051
victim_model,1,dynamic,16,57,5,200000.0,45.0,lost_person,0.3198098141962672,1,200005.33917645388,10929,8514.0,77.10977125167847
victim_model,1,dynamic,17,58,5,200000.0,45.0,lost_person,0.2929202698651928,2,200013.24490355328,9397,8508.0,68.88546371459961
victim_model,1,dynamic,18,59,5,200000.0,45.0,lost_person,0.29189744862408395,0,200017.5672845227,9458,8506.0,83.97577238082886
victim_model,1,dynamic,19,60,5,200000.0,45.0,lost_person,0.2859521846049478,1,200011.120720662,9153,8500.0,79.6849012374878
victim_model,1,dynamic,20,61,5,200000.0,45.0,lost_person,0.2976248202237614,3,200007.89614445707,9840,8515.0,68.99004626274109
victim_model,1,dynamic,21,62,5,200000.0,45.0,lost_person,0.3072408122930192,2,200021.93509666246,10300,8499.0,77.63354301452637
victim_model,1,dynamic,22,63,5,200000.0,45.0,lost_person,0.27397106595578813,0,200021.24304693512,8523,8498.0,85.6237576007843
victim_model,1,dynamic,23,64,5,200000.0,45.0,lost_person,0.26900763216517953,0,200005.17033540487,8276,8498.0,85.73442697525024
victim_model,1,dynamic,24,65,5,200000.0,45.0,lost_person,0.30529944680346693,1,200007.3773431224,10257,8512.0,77.27700400352478
victim_model,1,dynamic,25,66,5,200000.0,45.0,lost_person,0.24561579669504846,1,200008.05822887318,7384,8511.0,83.68180441856384
victim_model,1,dynamic,26,67,5,200000.0,45.0,lost_person,0.3064606824559661,0,200004.97783657743,10134,8507.0,86.0286819934845
victim_model,1,dynamic,27,68,5,200000.0,45.0,lost_person,0.2324721750644079,0,200003.75434019635,6620,8482.0,83.98573160171509
victim_model,1,dynamic,28,69,5,200000.0,45.0,lost_person,0.27036333286668834,2,200009.8551645528,8351,8500.0,78.00289416313171
victim_model,1,dynamic,29,70,5,200000.0,45.0,lost_person,0.26765877591938403,2,200022.33955988943,8368,8506.0,72.74202752113342
victim_model,1,dynamic,30,71,5,200000.0,45.0,lost_person,0.260073692014439,0,200007.48355472495,7878,8500.0,82.24823260307312
victim_model,1,dynamic,31,72,5,200000.0,45.0,lost_person,0.30914256326950024,1,200011.5199505446,10432,8509.0,82.37724566459656
victim_model,1,dynamic,32,73,5,200000.0,45.0,lost_person,0.2915903113244533,3,200013.1529605948,9439,8508.0,61.13658571243286
victim_model,1,dynamic,33,74,5,200000.0,45.0,lost_person,0.3198908145500453,0,200005.97820407158,10881,8503.0,87.82378554344177
victim_model,1,dynamic,34,75,5,200000.0,45.0,lost_person,0.2896309109167991,1,200018.2091103337,9387,8505.0,82.8403148651123
victim_model,1,dynamic,35,76,5,200000.0,45.0,lost_person,0.2773266183445719,1,200010.13656841055,8744,8504.0,84.38317370414734
victim_model,1,dynamic,36,77,5,200000.0,45.0,lost_person,0.3302231541284,0,200016.76802371023,11835,8503.0,86.70251750946045
victim_model,1,dynamic,37,78,5,200000.0,45.0,lost_person,0.29032249126138937,3,200012.08536126924,9399,8529.0,67.53526496887207
victim_model,1,dynamic,38,79,5,200000.0,45.0,lost_person,0.30276615220464104,2,200021.63284223957,10126,8494.0,70.30992484092712
victim_model,1,dynamic,39,80,5,200000.0,45.0,lost_person,0.2503671307064858,0,200016.1898231653,7495,8491.0,84.62556385993958
victim_model,1,dynamic,40,81,5,200000.0,45.0,lost_person,0.2791810031056613,2,200021.45131188596,8709,8507.0,68.83703756332397
victim_model,1,dynamic,41,82,5,200000.0,45.0,lost_person,0.2514707164262916,1,200022.50785324228,7477,8525.0,75.27595829963684
victim_model,1,dynamic,42,83,5,200000.0,45.0,lost_person,0.23713077894248916,2,200002.4647735241,6831,8577.0,74.4232587814331
victim_model,1,dynamic,43,84,5,200000.0,45.0,lost_person,0.2693395438392428,1,200022.8878833803,8329,8505.0,80.77872133255005
victim_model,1,dynamic,44,85,5,200000.0,45.0,lost_person,0.28295542089559866,2,200011.96328215871,9271,8513.0,73.27038955688477
victim_model,1,dynamic,45,86,5,200000.0,45.0,lost_person,0.3197825347122899,2,200003.72110937646,10894,8502.0,75.78616976737976
victim_model,1,dynamic,46,87,5,200000.0,45.0,lost_person,0.3168554614008554,0,200012.33506977724,10866,8513.0,85.96010708808899
victim_model,1,dynamic,47,88,5,200000.0,45.0,lost_person,0.29807158074981854,1,200003.45017889043,9744,8490.0,83.33655548095703
victim_model,1,dynamic,48,89,5,200000.0,45.0,lost_person,0.28432595255494036,0,200002.62912753574,9041,8494.0,89.02456998825073
victim_model,1,dynamic,49,90,5,200000.0,45.0,lost_person,0.25710336307669074,1,200021.93375575356,7818,8505.0,78.37855696678162
victim_model,1,dynamic,50,91,5,200000.0,45.0,lost_person,0.21217733817002882,0,200009.69672614557,6352,8550.0,85.8729145526886
victim_model,1,dynamic,51,92,5,200000.0,45.0,lost_person,0.25682421523608834,1,200023.15423909345,7745,8489.0,80.48647594451904
victim_model,1,dynamic,52,93,5,200000.0,45.0,lost_person,0.29972747118902743,1,200023.42370457167,9844,8589.0,85.9031023979187
victim_model,1,dynamic,53,94,5,200000.0,45.0,lost_person,0.28901043496684403,2,200024.54276070648,9314,8528.0,72.67250919342041
victim_model,1,dynamic,54,95,5,200000.0,45.0,lost_person,0.28148999902278654,2,200012.06088677526,8865,8504.0,75.9012393951416
victim_model,1,dynamic,55,96,5,200000.0,45.0,lost_person,0.2803192676662934,1,200019.46807896814,8817,8494.0,78.43501830101013
victim_model,1,dynamic,56,97,5,200000.0,45.0,lost_person,0.29222949025233114,2,200019.8457246038,9453,8500.0,76.00160789489746
victim_model,1,dynamic,57,98,5,200000.0,45.0,lost_person,0.28444095130896935,1,200008.13828345068,9123,8510.0,77.56632208824158
victim_model,1,dynamic,58,99,5,200000.0,45.0,lost_person,0.303210745020616,0,200012.0226560791,10006,8503.0,87.02786707878113
victim_model,1,dynamic,59,100,5,200000.0,45.0,lost_person,0.30992561004666785,1,200003.2698792761,10321,8509.0,79.67376804351807
victim_model,1,dynamic,60,101,5,200000.0,45.0,lost_person,0.2604996372340268,2,200002.50426392778,7908,8515.0,70.58075976371765
victim_model,1,dynamic,61,102,5,200000.0,45.0,lost_person,0.27898564967365636,0,200017.76481876237,8799,8502.0,85.53340315818787
victim_model,1,dynamic,62,103,5,200000.0,45.0,lost_person,0.26830387565077496,2,200003.9629835529,8382,8525.0,78.10202622413635
victim_model,1,dynamic,63,104,5,200000.0,45.0,lost_person,0.25532580629592305,1,200011.30325615383,7665,8503.0,85.6159565448761
victim_model,1,dynamic,64,105,5,200000.0,45.0,lost_person,0.23378609313968773,1,200013.0004194298,6666,8505.0,79.19134330749512
victim_model,1,dynamic,65,106,5,200000.0,45.0,lost_person,0.24349488476395742,2,200002.13514957065,7267,8508.0,76.792156457901
victim_model,1,dynamic,66,107,5,200000.0,45.0,lost_person,0.3130399321474359,1,200021.40654401312,10601,8482.0,79.86352109909058
victim_model,1,dynamic,67,108,5,200000.0,45.0,lost_person,0.27377572921492715,2,200011.16491726128,8548,8509.0,75.48477125167847
victim_model,1,dynamic,68,109,5,200000.0,45.0,lost_person,0.2846682548931035,0,200022.6120410274,9002,8542.0,82.57356595993042
victim_model,1,dynamic,69,110,5,200000.0,45.0,lost_person,0.2888971988603337,4,200003.40053396433,9300,8490.0,68.69068384170532
victim_model,1,dynamic,70,111,5,200000.0,45.0,lost_person,0.29071207791803316,0,200002.4551536842,9340,8494.0,85.3787088394165
victim_model,1,dynamic,71,112,5,200000.0,45.0,lost_person,0.2534569595842896,0,200018.02827526297,7602,8503.0,85.27380561828613
victim_model,1,dynamic,72,113,5,200000.0,45.0,lost_person,0.25630748956182076,0,200010.7742245929,7702,8510.0,85.17941451072693
victim_model,1,dynamic,73,114,5,200000.0,45.0,lost_person,0.24194975837703525,0,200017.3459480927,7070,8496.0,84.53642272949219
victim_model,1,dynamic,74,115,5,200000.0,45.0,lost_person,0.31751051465775737,0,200015.16091019235,11088,8496.0,86.52119708061218
victim_model,1,dynamic,75,116,5,200000.0,45.0,lost_person,0.2922958781702,1,200006.7895951934,9851,8494.0,84.02323150634766
victim_model,1,dynamic,76,117,5,200000.0,45.0,lost_person,0.3086172576089336,1,200024.53505403252,10478,8510.0,79.49692630767822
victim_model,1,dynamic,77,118,5,200000.0,45.0,lost_person,0.29553592947586,3,200008.0076447057,9796,8520.0,70.28682541847229
victim_model,1,dynamic,78,119,5,200000.0,45.0,lost_person,0.24142420737155576,0,200010.05839299396,7009,8503.0,83.49409580230713
victim_model,1,dynamic,79,120,5,200000.0,45.0,lost_person,0.279571342871948,1,200002.6908923175,9059,8510.0,79.50860929489136
victim_model,1,dynamic,80,121,5,200000.0,45.0,lost_person,0.2577588792548374,2,200006.3089642193,7988,8497.0,78.83414673805237
victim_model,1,dynamic,81,122,5,200000.0,45.0,lost_person,0.3068737541956095,1,200023.97891557403,10466,8518.0,79.9398980140686
victim_model,1,dynamic,82,123,5,200000.0,45.0,lost_person,0.29491651011008496,0,200000.36735289433,9915,8515.0,86.32937574386597
victim_model,1,dynamic,83,124,5,200000.0,45.0,lost_person,0.26040266551326313,1,200001.08969917876,8121,8501.0,82.65945625305176
victim_model,1,dynamic,84,125,5,200000.0,45.0,lost_person,0.2719096400017307,0,200017.5769820857,8373,8531.0,85.73235321044922
victim_model,1,dynamic,85,126,5,200000.0,45.0,lost_person,0.3045567849706912,1,200015.27158019005,10052,8509.0,85.98786401748657
victim_model,1,dynamic,86,127,5,200000.0,45.0,lost_person,0.26139710988580045,0,200006.53243246704,8554,8510.0,84.96139550209045
victim_model,1,dynamic,87,128,5,200000.0,45.0,lost_person,0.30393377619407896,2,200011.17921590531,10219,8570.0,71.52358078956604
victim_model,1,dynamic,88,129,5,200000.0,45.0,lost_person,0.25538042402163735,1,200002.99015549148,7622,8517.0,78.42480301856995
victim_model,1,dynamic,89,130,5,200000.0,45.0,lost_person,0.3326444345009147,1,200000.54914637667,11833,8498.0,77.77906274795532
victim_model,1,dynamic,90,131,5,200000.0,45.0,lost_person,0.3041386861735838,2,200017.05893831703,10026,8503.0,81.35561084747314
victim_model,1,dynamic,91,132,5,200000.0,45.0,lost_person,0.21187280718383308,0,200011.40320931462,5774,8512.0,83.36134171485901
victim_model,1,dynamic,92,133,5,200000.0,45.0,lost_person,0.29428019960207447,1,200003.0640032327,9519,8501.0,83.39483451843262
victim_model,1,dynamic,93,134,5,200000.0,45.0,lost_person,0.26448655662017867,0,200009.55908900144,8158,8504.0,89.9701738357544
victim_model,1,dynamic,94,135,5,200000.0,45.0,lost_person,0.2550141151425938,2,200022.5910057614,7727,8513.0,71.057133436203
victim_model,1,dynamic,95,136,5,200000.0,45.0,lost_person,0.2790703116602262,2,200005.1832909102,8693,8497.0,74.87082314491272
victim_model,1,dynamic,96,137,5,200000.0,45.0,lost_person,0.22568300559445248,1,200004.96140375177,6275,8506.0,76.6047215461731
victim_model,1,dynamic,97,138,5,200000.0,45.0,lost_person,0.27482445958115054,0,200014.0494544652,8534,8502.0,86.38792061805725
victim_model,1,dynamic,98,139,5,200000.0,45.0,lost_person,0.2269911424131115,0,200012.67458784374,6556,8552.0,86.74589014053345
victim_model,1,dynamic,99,140,5,200000.0,45.0,lost_person,0.2593853748868102,1,200019.54872419388,7791,8503.0,77.44292068481445
victim_model,1,dynamic,100,141,5,200000.0,45.0,lost_person,0.30215597368320934,0,200015.53515751695,10030,8507.0,86.38315033912659
victim_model,1,static_3step,1,42,5,200000.0,45.0,lost_person,0.3245806027490727,0,198834.17615413206,12158,8001.0,77.24562525749207
victim_model,1,static_3step,2,43,5,200000.0,45.0,lost_person,0.33367302639608276,1,198196.83019817347,11974,8001.0,74.43649077415466
victim_model,1,static_3step,3,44,5,200000.0,45.0,lost_person,0.3698863756886787,2,199192.28632529353,15186,8001.0,65.9620521068573
victim_model,1,static_3step,4,45,5,200000.0,45.0,lost_person,0.3283527477156602,0,199157.4988065485,12252,8001.0,74.62104558944702
victim_model,1,static_3step,5,46,5,200000.0,45.0,lost_person,0.3670539911814124,1,199208.0877297212,15083,8001.0,71.43001008033752
victim_model,1,static_3step,6,47,5,200000.0,45.0,lost_person,0.3140830468770231,1,198613.70136591166,11935,8001.0,78.33237504959106
victim_model,1,static_3step,7,48,5,200000.0,45.0,lost_person,0.30122257575488054,1,198984.69279239286,10365,8001.0,69.38941431045532
victim_model,1,static_3step,8,49,5,200000.0,45.0,lost_person,0.34577596145216694,1,198750.10816184946,14114,8001.0,69.66136360168457
victim_model,1,static_3step,9,50,5,200000.0,45.0,lost_person,0.37512572461211,1,199224.5350119643,14899,8001.0,70.37388467788696
victim_model,1,static_3step,10,51,5,200000.0,45.0,lost_person,0.33321469748516475,2,199082.53442325257,12133,8001.0,63.62877011299133
victim_model,1,static_3step,11,52,5,200000.0,45.0,lost_person,0.32647718516519164,2,198840.29029187837,11963,8001.0,75.52262854576111
victim_model,1,static_3step,12,53,5,200000.0,45.0,lost_person,0.29207205003169684,1,198682.9529554738,10437,8001.0,68.85006976127625
victim_model,1,static_3step,13,54,5,200000.0,45.0,lost_person,0.33883269361540597,1,198655.49351411642,12540,8001.0,70.35481691360474
victim_model,1,static_3step,14,55,5,200000.0,45.0,lost_person,0.356678954149008,1,198891.40068063428,14264,8001.0,69.37971377372742
victim_model,1,static_3step,15,56,5,200000.0,45.0,lost_person,0.34005678814334733,1,199199.85288059176,13212,8001.0,72.2099769115448
victim_model,1,static_3step,16,57,5,200000.0,45.0,lost_person,0.3417007744265506,0,199033.37674056695,13639,8001.0,72.56924247741699
victim_model,1,static_3step,17,58,5,200000.0,45.0,lost_person,0.32936430477647344,0,198698.23749643323,13157,8001.0,78.29991459846497
victim_model,1,static_3step,18,59,5,200000.0,45.0,lost_person,0.293042332225572,2,198664.65043682634,10552,8001.0,78.46250820159912
victim_model,1,static_3step,19,60,5,200000.0,45.0,lost_person,0.36213292898673116,1,198807.0330849474,14088,8001.0,70.74944877624512
victim_model,1,static_3step,20,61,5,200000.0,45.0,lost_person,0.3467585095458224,3,198765.36799904585,12920,8001.0,61.23103642463684
victim_model,1,static_3step,21,62,5,200000.0,45.0,lost_person,0.31811773943068855,1,198136.42399288426,11207,8001.0,70.2831392288208
victim_model,1,static_3step,22,63,5,200000.0,45.0,lost_person,0.3563425880668983,2,199182.47974701424,14952,8001.0,71.91053557395935
victim_model,1,static_3step,23,64,5,200000.0,45.0,lost_person,0.3724936841554553,2,198965.61964137683,14261,8001.0,75.34166097640991
victim_model,1,static_3step,24,65,5,200000.0,45.0,lost_person,0.34354974006358957,1,199029.32523514715,14963,8001.0,68.35229420661926
victim_model,1,static_3step,25,66,5,200000.0,45.0,lost_person,0.2670422958691564,1,199003.9927755968,8460,8001.0,72.64641118049622
victim_model,1,static_3step,26,67,5,200000.0,45.0,lost_person,0.3043784904105588,0,198756.8858598153,10199,8001.0,75.24772214889526
victim_model,1,static_3step,27,68,5,200000.0,45.0,lost_person,0.3728064695993877,1,198921.8263836002,14254,8001.0,70.56011700630188
victim_model,1,static_3step,28,69,5,200000.0,45.0,lost_person,0.3257161247914561,1,198926.46439034207,11449,8001.0,72.4935896396637
victim_model,1,static_3step,29,70,5,200000.0,45.0,lost_person,0.3505561938332787,1,199253.51149216972,13055,8001.0,70.12074565887451
victim_model,1,static_3step,30,71,5,200000.0,45.0,lost_person,0.371150967155131,1,199029.5304094797,14662,8001.0,71.26682782173157
victim_model,1,static_3step,31,72,5,200000.0,45.0,lost_person,0.32663962594528334,0,199200.55610887916,12192,8001.0,81.5999698638916
victim_model,1,static_3step,32,73,5,200000.0,45.0,lost_person,0.33676073020113984,1,199123.72943432245,12956,8001.0,69.69135856628418
victim_model,1,static_3step,33,74,5,200000.0,45.0,lost_person,0.37383224524314257,3,198989.94390070625,14338,8001.0,65.12713241577148
victim_model,1,static_3step,34,75,5,200000.0,45.0,lost_person,0.28196794048203155,1,199264.58670121766,9376,8001.0,71.7806122303009
victim_model,1,static_3step,35,76,5,200000.0,45.0,lost_person,0.3268092360125544,0,199201.39391297373,12113,8001.0,78.2580623626709
victim_model,1,static_3step,36,77,5,200000.0,45.0,lost_person,0.3569990189843727,0,198652.42526274128,13571,8001.0,75.91658902168274
victim_model,1,static_3step,37,78,5,200000.0,45.0,lost_person,0.3282671477384589,1,198966.05926844568,14993,8001.0,72.78143978118896
victim_model,1,static_3step,38,79,5,200000.0,45.0,lost_person,0.3211186298129234,2,198831.52817351537,12220,8001.0,63.721076011657715
victim_model,1,static_3step,39,80,5,200000.0,45.0,lost_person,0.33415914061631474,2,198292.81909555217,12313,8001.0,72.9086503982544
victim_model,1,static_3step,40,81,5,200000.0,45.0,lost_person,0.36924541250061976,1,199231.35199268916,15121,8001.0,68.80523681640625
victim_model,1,static_3step,41,82,5,200000.0,45.0,lost_person,0.3574112805672594,3,198831.8057274745,13976,8001.0,63.59936165809631
victim_model,1,static_3step,42,83,5,200000.0,45.0,lost_person,0.3717649355776771,2,198930.72933553587,14349,8001.0,63.26795315742493
victim_model,1,static_3step,43,84,5,200000.0,45.0,lost_person,0.31620128088202126,0,198835.9859357795,10903,8001.0,79.44099426269531
victim_model,1,static_3step,44,85,5,200000.0,45.0,lost_person,0.3770769752598982,2,199064.22892173796,14557,8001.0,66.03205180168152
victim_model,1,static_3step,45,86,5,200000.0,45.0,lost_person,0.2459583041523313,2,198653.12325779942,7905,8001.0,61.200037479400635
victim_model,1,static_3step,46,87,5,200000.0,45.0,lost_person,0.3150533531575392,0,198995.06025234627,11474,8000.0,81.74777412414551
victim_model,1,static_3step,47,88,5,200000.0,45.0,lost_person,0.36117497987877195,3,198882.52155139207,13963,8001.0,74.3747878074646
victim_model,1,static_3step,48,89,5,200000.0,45.0,lost_person,0.37461277645776464,0,199185.31763498395,14950,8001.0,76.95518660545349
victim_model,1,static_3step,49,90,5,200000.0,45.0,lost_person,0.3094655269320057,1,197719.43130125466,10704,8001.0,69.55473399162292
victim_model,1,static_3step,50,91,5,200000.0,45.0,lost_person,0.3163519275311917,2,198032.19002318627,11221,8001.0,70.81158185005188
victim_model,1,static_3step,51,92,5,200000.0,45.0,lost_person,0.32652318265936225,1,198761.980059922,13122,8001.0,66.80257797241211
victim_model,1,static_3step,52,93,5,200000.0,45.0,lost_person,0.36392814672487345,3,199065.31213512068,14000,8001.0,65.45531153678894
victim_model,1,static_3step,53,94,5,200000.0,45.0,lost_person,0.3803107282779304,1,199080.44293546176,15052,8001.0,69.55251717567444
victim_model,1,static_3step,54,95,5,200000.0,45.0,lost_person,0.3481606080707064,4,199235.80612166788,13015,8001.0,60.40893745422363
victim_model,1,static_3step,55,96,5,200000.0,45.0,lost_person,0.2938121700774462,1,197416.3587850494,9462,8001.0,77.60705208778381
victim_model,1,static_3step,56,97,5,200000.0,45.0,lost_person,0.3365922347890595,2,198368.06720695004,12315,8001.0,62.49376964569092
victim_model,1,static_3step,57,98,5,200000.0,45.0,lost_person,0.28098542285194045,0,198301.54677335007,9381,8001.0,77.87083625793457
victim_model,1,static_3step,58,99,5,200000.0,45.0,lost_person,0.37347595823128044,1,199198.3436557445,14835,8001.0,77.5823814868927
victim_model,1,static_3step,59,100,5,200000.0,45.0,lost_person,0.3478443137058331,0,198530.2602453526,12908,8001.0,79.24162316322327
victim_model,1,static_3step,60,101,5,200000.0,45.0,lost_person,0.3632706965471551,1,199120.6119976524,13662,8001.0,71.24304986000061
victim_model,1,static_3step,61,102,5,200000.0,45.0,lost_person,0.37002446816634726,1,199003.55912560847,14433,8001.0,74.78285622596741
victim_model,1,static_3step,62,103,5,200000.0,45.0,lost_person,0.370027004262506,3,198820.4072929027,14075,8001.0,60.93556046485901
victim_model,1,static_3step,63,104,5,200000.0,45.0,lost_person,0.35507221521241944,0,198880.17535784596,14262,8001.0,72.7887110710144
victim_model,1,static_3step,64,105,5,200000.0,45.0,lost_person,0.3588237261229602,3,198841.03658829525,13755,8001.0,63.476579666137695
victim_model,1,static_3step,65,106,5,200000.0,45.0,lost_person,0.34356081708774555,2,198945.41292754648,13273,8001.0,66.32947993278503
victim_model,1,static_3step,66,107,5,200000.0,45.0,lost_person,0.3649648500332281,1,198765.90047243284,14017,8001.0,70.68584179878235
victim_model,1,static_3step,67,108,5,200000.0,45.0,lost_person,0.32253205265198176,2,198591.65546555843,13107,8001.0,73.00134062767029
victim_model,1,static_3step,68,109,5,200000.0,45.0,lost_person,0.3567243831702899,2,199278.31066532878,13532,8001.0,70.29438018798828
victim_model,1,static_3step,69,110,5,200000.0,45.0,lost_person,0.3090144406129006,3,198452.63293225018,10483,8001.0,59.103477239608765
victim_model,1,static_3step,70,111,5,200000.0,45.0,lost_person,0.3340106913233809,1,199176.7790988029,12083,8001.0,72.60925650596619
victim_model,1,static_3step,71,112,5,200000.0,45.0,lost_person,0.33789482878364313,0,199022.60242066375,12378,8001.0,79.14181447029114
victim_model,1,static_3step,72,113,5,200000.0,45.0,lost_person,0.32719091129414335,1,199025.20881246618,13450,8001.0,73.7189154624939
victim_model,1,static_3step,73,114,5,200000.0,45.0,lost_person,0.32799250059757923,1,199119.0063456251,11775,8001.0,76.37088465690613
victim_model,1,static_3step,74,115,5,200000.0,45.0,lost_person,0.3283133244892462,0,198926.73283418576,11511,8001.0,75.39800024032593
victim_model,1,static_3step,75,116,5,200000.0,45.0,lost_person,0.29461651322266363,1,198804.76057679084,9961,8001.0,70.48141932487488
victim_model,1,static_3step,76,117,5,200000.0,45.0,lost_person,0.3549726122470404,1,198800.79130184432,14035,8001.0,69.87188506126404
victim_model,1,static_3step,77,118,5,200000.0,45.0,lost_person,0.36635878968268015,1,198869.8156580702,13880,8001.0,73.85285329818726
victim_model,1,static_3step,78,119,5,200000.0,45.0,lost_person,0.32977578972867444,1,198655.66595689114,13364,8001.0,78.10516357421875
victim_model,1,static_3step,79,120,5,200000.0,45.0,lost_person,0.36515161952006225,1,199229.92610985346,15015,8001.0,68.03969120979309
victim_model,1,static_3step,80,121,5,200000.0,45.0,lost_person,0.3752831521564104,2,199099.88487572907,14745,8001.0,66.00506639480591
victim_model,1,static_3step,81,122,5,200000.0,45.0,lost_person,0.36355459258221906,2,198989.3987564267,14085,8001.0,67.96602296829224
victim_model,1,static_3step,82,123,5,200000.0,45.0,lost_person,0.3694409463364398,2,198864.19644765693,14459,8001.0,76.79033541679382
victim_model,1,static_3step,83,124,5,200000.0,45.0,lost_person,0.34059857567612706,1,198302.33143329687,12385,8000.0,75.03240895271301
victim_model,1,static_3step,84,125,5,200000.0,45.0,lost_person,0.3498312317140511,2,198825.89674486042,12907,8001.0,72.66740345954895
victim_model,1,static_3step,85,126,5,200000.0,45.0,lost_person,0.3344565894323045,0,199010.53732368673,12642,8001.0,76.50617122650146
victim_model,1,static_3step,86,127,5,200000.0,45.0,lost_person,0.3247441370132566,2,199248.38375439477,12133,8001.0,69.47489309310913
victim_model,1,static_3step,87,128,5,200000.0,45.0,lost_person,0.36958758903586686,1,199067.94164629787,14818,8001.0,69.12734866142273
victim_model,1,static_3step,88,129,5,200000.0,45.0,lost_person,0.32175537861998843,1,198223.84579751085,12007,8001.0,68.11763596534729
victim_model,1,static_3step,89,130,5,200000.0,45.0,lost_person,0.35984179249633574,2,199000.7278907852,14098,8001.0,65.93454670906067
victim_model,1,static_3step,90,131,5,200000.0,45.0,lost_person,0.32940851988840975,2,198732.54658238293,12070,8001.0,75.35780954360962
victim_model,1,static_3step,91,132,5,200000.0,45.0,lost_person,0.28256862365658086,0,197442.6349775341,9051,8001.0,77.95072913169861
victim_model,1,static_3step,92,133,5,200000.0,45.0,lost_person,0.3319834280273695,2,198263.5399387861,11833,8001.0,75.55614495277405
victim_model,1,static_3step,93,134,5,200000.0,45.0,lost_person,0.3735288655517688,1,199108.9700099199,14918,8001.0,76.26246190071106
victim_model,1,static_3step,94,135,5,200000.0,45.0,lost_person,0.36276611235735523,2,198875.26161279803,14275,8001.0,62.00448703765869
victim_model,1,static_3step,95,136,5,200000.0,45.0,lost_person,0.33599128675080087,2,199118.69463520558,12121,8001.0,68.728036403656
victim_model,1,static_3step,96,137,5,200000.0,45.0,lost_person,0.36372612223914924,2,199080.78505312765,13911,8001.0,65.84869861602783
victim_model,1,static_3step,97,138,5,200000.0,45.0,lost_person,0.35924174546625337,1,199064.7048139607,13985,8001.0,73.31378173828125
victim_model,1,static_3step,98,139,5,200000.0,45.0,lost_person,0.3429334890541935,1,198534.35110493662,13221,8001.0,69.25962233543396
victim_model,1,static_3step,99,140,5,200000.0,45.0,lost_person,0.34816519514524086,1,198691.0496654193,12797,8001.0,71.78339338302612
victim_model,1,static_3step,100,141,5,200000.0,45.0,lost_person,0.3126144288736217,0,198873.3791134711,11106,8001.0,72.51276087760925
victim_model,1,dynamic_3step,1,42,5,200000.0,45.0,lost_person,0.365941865995328,0,200020.61429108315,13816,8507.0,174.83535027503967
victim_model,1,dynamic_3step,2,43,5,200000.0,45.0,lost_person,0.3438244085437049,0,200017.88555925371,12606,8527.0,170.13398432731628
victim_model,1,dynamic_3step,3,44,5,200000.0,45.0,lost_person,0.35167563185751277,2,200000.79227947217,13101,8505.0,160.8577380180359
victim_model,1,dynamic_3step,4,45,5,200000.0,45.0,lost_person,0.37022069753258097,0,200013.6752237926,14854,8519.0,173.6647753715515
victim_model,1,dynamic_3step,5,46,5,200000.0,45.0,lost_person,0.32908943840791466,2,200016.1587405721,11322,8512.0,156.9242856502533
victim_model,1,dynamic_3step,6,47,5,200000.0,45.0,lost_person,0.3492746284567058,1,200004.95417804146,13112,8517.0,159.58570647239685
victim_model,1,dynamic_3step,7,48,5,200000.0,45.0,lost_person,0.33249526162115006,1,200005.87392533763,11934,8506.0,164.90820026397705
victim_model,1,dynamic_3step,8,49,5,200000.0,45.0,lost_person,0.3798746632690291,1,200013.7914230317,14780,8519.0,164.73926997184753
victim_model,1,dynamic_3step,9,50,5,200000.0,45.0,lost_person,0.351359611366735,2,200015.7287658248,12844,8521.0,164.23206496238708
victim_model,1,dynamic_3step,10,51,5,200000.0,45.0,lost_person,0.36412352532077535,2,200011.78882046387,14154,8512.0,154.56236362457275
victim_model,1,dynamic_3step,11,52,5,200000.0,45.0,lost_person,0.345897798405575,2,200001.33598361013,13069,8533.0,160.84903526306152
victim_model,1,dynamic_3step,12,53,5,200000.0,45.0,lost_person,0.37093232795191955,2,200017.1308903458,14689,8514.0,160.65996646881104
victim_model,1,dynamic_3step,13,54,5,200000.0,45.0,lost_person,0.34871704970948236,1,200000.13613718984,14598,8538.0,172.9610254764557
victim_model,1,dynamic_3step,14,55,5,200000.0,45.0,lost_person,0.36939145036520044,1,200011.88950516397,14339,8513.0,163.73341178894043
victim_model,1,dynamic_3step,15,56,5,200000.0,45.0,lost_person,0.3727107265496572,1,200024.3157221882,14446,8516.0,170.8193278312683
victim_model,1,dynamic_3step,16,57,5,200000.0,45.0,lost_person,0.3750633475451743,1,200008.45719952718,15017,8521.0,173.75475549697876
victim_model,1,dynamic_3step,17,58,5,200000.0,45.0,lost_person,0.3177349215887449,2,200021.51328302617,10992,8517.0,144.77051281929016
victim_model,1,dynamic_3step,18,59,5,200000.0,45.0,lost_person,0.35806877808258325,2,200023.9731432605,13141,8508.0,174.96036958694458
victim_model,1,dynamic_3step,19,60,5,200000.0,45.0,lost_person,0.3687022306374661,1,200006.14643440567,14287,8521.0,163.67627477645874
victim_model,1,dynamic_3step,20,61,5,200000.0,45.0,lost_person,0.3725235109352108,1,200010.60672216874,14427,8517.0,162.23795914649963
victim_model,1,dynamic_3step,21,62,5,200000.0,45.0,lost_person,0.3742421303361403,2,200003.580771962,14521,8519.0,158.49912571907043
victim_model,1,dynamic_3step,22,63,5,200000.0,45.0,lost_person,0.37345991556329555,2,200001.90380020256,14980,8535.0,163.40085887908936
victim_model,1,dynamic_3step,23,64,5,200000.0,45.0,lost_person,0.37489282597138934,2,200015.9711138925,14978,8535.0,162.55808210372925
victim_model,1,dynamic_3step,24,65,5,200000.0,45.0,lost_person,0.31541159657049,0,200009.53334951954,10665,8499.0,156.92735743522644
victim_model,1,dynamic_3step,25,66,5,200000.0,45.0,lost_person,0.32470753693135,0,200007.6520347399,11211,8500.0,173.10168838500977
victim_model,1,dynamic_3step,26,67,5,200000.0,45.0,lost_person,0.37431899659943985,2,200006.90312454803,14837,8525.0,165.24256658554077
victim_model,1,dynamic_3step,27,68,5,200000.0,45.0,lost_person,0.3589519020731897,1,200011.8579174268,13662,8499.0,162.75734162330627
victim_model,1,dynamic_3step,28,69,5,200000.0,45.0,lost_person,0.37437362039408895,1,200019.42287072018,14397,8522.0,174.50549411773682
victim_model,1,dynamic_3step,29,70,5,200000.0,45.0,lost_person,0.3602968087130062,2,200023.3188610797,14316,8533.0,154.97120213508606
victim_model,1,dynamic_3step,30,71,5,200000.0,45.0,lost_person,0.37604528133027776,2,200016.78509418084,14667,8513.0,165.55062675476074
victim_model,1,dynamic_3step,31,72,5,200000.0,45.0,lost_person,0.37065444452482216,1,200010.06132143317,14608,8509.0,168.47478556632996
victim_model,1,dynamic_3step,32,73,5,200000.0,45.0,lost_person,0.360711768545716,2,200021.0365838335,13827,8520.0,160.02506113052368
victim_model,1,dynamic_3step,33,74,5,200000.0,45.0,lost_person,0.35453201621963126,2,200017.56031456369,13118,8524.0,161.01089215278625
victim_model,1,dynamic_3step,34,75,5,200000.0,45.0,lost_person,0.37073682041560396,1,200013.24974606847,14817,8506.0,162.75332927703857
victim_model,1,dynamic_3step,35,76,5,200000.0,45.0,lost_person,0.36033874048901454,1,200003.02845680632,13743,8516.0,162.07464742660522
victim_model,1,dynamic_3step,36,77,5,200000.0,45.0,lost_person,0.34018561866811364,1,200006.4622484527,12229,8518.0,163.91333532333374
victim_model,1,dynamic_3step,37,78,5,200000.0,45.0,lost_person,0.3376482778745442,3,200007.87074963382,12424,8506.0,144.6963427066803
victim_model,1,dynamic_3step,38,79,5,200000.0,45.0,lost_person,0.35736103456551344,2,200018.10159050624,13458,8521.0,155.80460381507874
victim_model,1,dynamic_3step,39,80,5,200000.0,45.0,lost_person,0.3698519295885559,1,200004.82606763262,13968,8510.0,168.82770156860352
victim_model,1,dynamic_3step,40,81,5,200000.0,45.0,lost_person,0.3784958074344964,2,200018.4741858924,14664,8512.0,165.537832736969
victim_model,1,dynamic_3step,41,82,5,200000.0,45.0,lost_person,0.3507527550256009,2,200006.6384729925,13029,8518.0,152.2382447719574
victim_model,1,dynamic_3step,42,83,5,200000.0,45.0,lost_person,0.32505291708383927,1,200021.16013902816,12238,8512.0,156.8714292049408
victim_model,1,dynamic_3step,43,84,5,200000.0,45.0,lost_person,0.3337970816302378,1,200011.54459835048,11944,8547.0,163.42690753936768
victim_model,1,dynamic_3step,44,85,5,200000.0,45.0,lost_person,0.34541005791411417,2,200016.0235559565,12455,8495.0,152.16001987457275
victim_model,1,dynamic_3step,45,86,5,200000.0,45.0,lost_person,0.3510278373166046,2,200009.20875205583,12879,8510.0,152.21825289726257
victim_model,1,dynamic_3step,46,87,5,200000.0,45.0,lost_person,0.3769819317035378,0,200001.79126128985,14639,8523.0,171.42475056648254
victim_model,1,dynamic_3step,47,88,5,200000.0,45.0,lost_person,0.36818434612202056,2,200011.27904817768,14044,8525.0,163.79275584220886
victim_model,1,dynamic_3step,48,89,5,200000.0,45.0,lost_person,0.3544500801682965,0,200019.74635961142,14067,8523.0,163.4313817024231
victim_model,1,dynamic_3step,49,90,5,200000.0,45.0,lost_person,0.33025798825441854,0,200000.48199013196,11970,8511.0,160.8580403327942
victim_model,1,dynamic_3step,50,91,5,200000.0,45.0,lost_person,0.30914398872244864,1,200000.417875321,10396,8525.0,153.55607795715332
victim_model,1,dynamic_3step,51,92,5,200000.0,45.0,lost_person,0.3297666258863522,1,200017.92132613686,12434,8493.0,162.84362959861755
victim_model,1,dynamic_3step,52,93,5,200000.0,45.0,lost_person,0.3575934938404995,2,200008.8300457968,13307,8514.0,167.5759027004242
victim_model,1,dynamic_3step,53,94,5,200000.0,45.0,lost_person,0.37046328082517915,2,200014.92308549135,14580,8504.0,157.10260319709778
victim_model,1,dynamic_3step,54,95,5,200000.0,45.0,lost_person,0.36571842929880266,4,200016.48837241525,13553,8513.0,155.6807324886322
victim_model,1,dynamic_3step,55,96,5,200000.0,45.0,lost_person,0.3593821693016969,1,200004.87160864065,13806,8526.0,169.7483470439911
victim_model,1,dynamic_3step,56,97,5,200000.0,45.0,lost_person,0.3696109021405025,3,200009.79847714555,14051,8515.0,155.31341099739075
victim_model,1,dynamic_3step,57,98,5,200000.0,45.0,lost_person,0.37614408980581304,1,200012.35405845888,14566,8515.0,166.02643990516663
victim_model,1,dynamic_3step,58,99,5,200000.0,45.0,lost_person,0.3646046309567544,2,200018.15548587582,13784,8498.0,166.723562002182
victim_model,1,dynamic_3step,59,100,5,200000.0,45.0,lost_person,0.34065317976803217,1,200017.42105156204,12183,8519.0,163.00010871887207
victim_model,1,dynamic_3step,60,101,5,200000.0,45.0,lost_person,0.3316627900954969,2,200013.62351238294,12380,8528.0,157.30287528038025
victim_model,1,dynamic_3step,61,102,5,200000.0,45.0,lost_person,0.3331996005715668,0,200014.44179205835,11662,8508.0,159.15762281417847
victim_model,1,dynamic_3step,62,103,5,200000.0,45.0,lost_person,0.3734417331624631,2,200009.4074562407,14868,8507.0,161.3286521434784
victim_model,1,dynamic_3step,63,104,5,200000.0,45.0,lost_person,0.3675824493871862,1,200018.63180602537,14129,8533.0,173.21340107917786
victim_model,1,dynamic_3step,64,105,5,200000.0,45.0,lost_person,0.37925738320220737,2,200016.93560689993,14685,8520.0,166.92612600326538
victim_model,1,dynamic_3step,65,106,5,200000.0,45.0,lost_person,0.3621920447647825,2,200002.87397512613,13525,8519.0,153.45946860313416
victim_model,1,dynamic_3step,66,107,5,200000.0,45.0,lost_person,0.3378297449044378,1,200001.81476746494,11906,8504.0,165.04180479049683
victim_model,1,dynamic_3step,67,108,5,200000.0,45.0,lost_person,0.36755074691856077,2,200004.2936671647,13841,8518.0,159.49687433242798
victim_model,1,dynamic_3step,68,109,5,200000.0,45.0,lost_person,0.3773990933870438,1,200006.6354470508,14472,8505.0,166.71389889717102
victim_model,1,dynamic_3step,69,110,5,200000.0,45.0,lost_person,0.35607486993637705,5,200003.65943664344,13010,8517.0,143.92234802246094
victim_model,1,dynamic_3step,70,111,5,200000.0,45.0,lost_person,0.35107079962936144,2,200010.93728011908,12822,8519.0,155.65985584259033
victim_model,1,dynamic_3step,71,112,5,200000.0,45.0,lost_person,0.37204066691303744,1,200019.0645764593,14577,8509.0,167.22353076934814
victim_model,1,dynamic_3step,72,113,5,200000.0,45.0,lost_person,0.3522052563013609,0,200023.5387728074,12934,8499.0,164.47540712356567
victim_model,1,dynamic_3step,73,114,5,200000.0,45.0,lost_person,0.32665432230069247,0,200014.74731956326,11207,8496.0,172.266357421875
victim_model,1,dynamic_3step,74,115,5,200000.0,45.0,lost_person,0.3507526436833723,0,200009.04631347023,13026,8527.0,169.85593175888062
victim_model,1,dynamic_3step,75,116,5,200000.0,45.0,lost_person,0.3728344203228179,3,200023.36555302548,14205,8518.0,162.4552936553955
victim_model,1,dynamic_3step,76,117,5,200000.0,45.0,lost_person,0.35755257861306594,1,200022.34308475157,13509,8522.0,164.20096063613892
victim_model,1,dynamic_3step,77,118,5,200000.0,45.0,lost_person,0.3774698318808308,2,200000.9851139967,14553,8518.0,163.38889598846436
victim_model,1,dynamic_3step,78,119,5,200000.0,45.0,lost_person,0.3525018948197347,2,200007.61482600516,13509,8525.0,165.89162945747375
victim_model,1,dynamic_3step,79,120,5,200000.0,45.0,lost_person,0.3719744010089598,1,200004.86303543518,14730,8519.0,162.1786184310913
victim_model,1,dynamic_3step,80,121,5,200000.0,45.0,lost_person,0.3703495232636657,3,200002.05246118398,14740,8524.0,155.39595341682434
victim_model,1,dynamic_3step,81,122,5,200000.0,45.0,lost_person,0.31267349378107984,2,200004.34248893132,10551,8513.0,158.4133608341217
victim_model,1,dynamic_3step,82,123,5,200000.0,45.0,lost_person,0.3648054574048972,0,200019.1460901805,14135,8502.0,171.61180520057678
victim_model,1,dynamic_3step,83,124,5,200000.0,45.0,lost_person,0.3745195757722372,1,200001.24736435598,14636,8502.0,167.42711424827576
victim_model,1,dynamic_3step,84,125,5,200000.0,45.0,lost_person,0.3585922858032787,1,200015.9951026215,13070,8526.0,164.32175040245056
victim_model,1,dynamic_3step,85,126,5,200000.0,45.0,lost_person,0.3719825736962454,0,200016.441712339,14649,8530.0,178.76222205162048
victim_model,1,dynamic_3step,86,127,5,200000.0,45.0,lost_person,0.37199520428424515,1,200004.42116576544,14159,8531.0,168.67541003227234
victim_model,1,dynamic_3step,87,128,5,200000.0,45.0,lost_person,0.33631876392391685,2,200011.0431712042,11841,8498.0,156.13853287696838
victim_model,1,dynamic_3step,88,129,5,200000.0,45.0,lost_person,0.34646638928997436,1,200007.98327900673,13050,8515.0,167.81835460662842
victim_model,1,dynamic_3step,89,130,5,200000.0,45.0,lost_person,0.36904528665185804,3,200003.68064608297,14566,8526.0,154.89822936058044
victim_model,1,dynamic_3step,90,131,5,200000.0,45.0,lost_person,0.3765156507289261,3,200009.30898482964,14840,8505.0,165.99366283416748
victim_model,1,dynamic_3step,91,132,5,200000.0,45.0,lost_person,0.3631631148096563,1,200022.30528764107,13787,8490.0,170.65366339683533
victim_model,1,dynamic_3step,92,133,5,200000.0,45.0,lost_person,0.36798628112889087,1,200002.1881016159,14407,8525.0,168.7495415210724
victim_model,1,dynamic_3step,93,134,5,200000.0,45.0,lost_person,0.3609349396781756,0,200003.77823826333,13454,8545.0,166.30887508392334
victim_model,1,dynamic_3step,94,135,5,200000.0,45.0,lost_person,0.36706639466949526,3,200002.05663643827,14155,8495.0,151.68751072883606
victim_model,1,dynamic_3step,95,136,5,200000.0,45.0,lost_person,0.339118744904529,3,200020.84833389436,12050,8516.0,151.923725605011
victim_model,1,dynamic_3step,96,137,5,200000.0,45.0,lost_person,0.37129420116290124,1,200005.44463994374,14831,8521.0,165.00617623329163
victim_model,1,dynamic_3step,97,138,5,200000.0,45.0,lost_person,0.36999670237015386,0,200019.81642369722,13939,8509.0,166.22816634178162
victim_model,1,dynamic_3step,98,139,5,200000.0,45.0,lost_person,0.33940878913542494,0,200003.39901345858,12195,8522.0,163.87935304641724
victim_model,1,dynamic_3step,99,140,5,200000.0,45.0,lost_person,0.3648476831886852,2,200005.1744824884,13791,8503.0,159.45534563064575
victim_model,1,dynamic_3step,100,141,5,200000.0,45.0,lost_person,0.35305296395426644,1,200013.99783632535,13340,8526.0,166.3359031677246
