dataset,planning_seed,planning_mode,w,p_d,tau,P_detect,RMST,L,exposure_multiplicity,revisit_fraction,observed_cells,T,H,T_common,H_common,actual_distance_total,planner_wall_time,number_of_replans,initial_positions,initial_positions_hash,trajectory_hash,simulation_victim_model,evaluation_victim_model,victim_sampling_model,evaluation_num_victims,simulation_num_victims,condition_key,condition_key_hash,condition_id,curve,victim_seed,sensor_seed,failure_seed,distribution_seed,implementation_version,git_commit,source_hash,experiment_id,config_hash,belief_model,fix_profile,behavior_profile,num_drones,budget,size,fov_deg,altitude,drone_speed,victim_speed,dt
1,42,online_static_3step,0.0,0.8,10000.0,0.3743682154091811,6669.977747554168,0.3747602757659069,11.931029638994241,0.9161849370710056,14238,8530,8531,8530,8531,200017.7073808479,368.94385364372283,4143,"[[520669.9511760232,5662846.707767202],[520712.6785931303,5662847.395729886],[520741.99673526455,5662967.3026087405],[520666.2176493371,5662823.763432814],[520706.5342354978,5662960.580354788]]",e1541ec4c3203a188985ea123665c7c591f0a562c0e752375a546fd88a55f8b9,1c3bcf020f24690a1d6f5f2928b7bc6ad3355508f4460932a574b2ce815c7d33,none,stationary,matched_prior_exact,1,0,"{""condition_id"":""w_0"",""evaluation"":""stationary"",""stage"":""c1-sensitivity""}",80b02168b0975833d2c36bd6a41894c825064836584f37bc644dbaac89ab91cc,w_0,w,884212830,1175905467,none,none,revision_C_base@f0684f8459a1,f0684f8459a1f1424f630778b2c606434d0bce08,27784880a3418d09b46f5afe2a7042757968dd5494a542fdab85e6a06fc60fb2,c1-sensitivity_20260826_073133_703049_c676526b,c676526b916d560a4651031b0ad6002a640325534681ef2670109fbd500a6bef,evidence,revision_B_base,revision_B_base,5,200000.0,xlarge,45.0,80.0,5.0,0.5,1.0
1,42,dynamic_3step,0.0,0.8,10000.0,0.3743682154091811,6669.977747554168,0.3747602757659069,11.931029638994241,0.9161849370710056,14238,8530,8531,8530,8531,200017.7073808479,405.1393801853992,4143,"[[520669.9511760232,5662846.707767202],[520712.6785931303,5662847.395729886],[520741.99673526455,5662967.3026087405],[520666.2176493371,5662823.763432814],[520706.5342354978,5662960.580354788]]",e1541ec4c3203a188985ea123665c7c591f0a562c0e752375a546fd88a55f8b9,1c3bcf020f24690a1d6f5f2928b7bc6ad3355508f4460932a574b2ce815c7d33,none,stationary,matched_prior_exact,1,0,"{""condition_id"":""w_0"",""evaluation"":""stationary"",""stage"":""c1-sensitivity""}",80b02168b0975833d2c36bd6a41894c825064836584f37bc644dbaac89ab91cc,w_0,w,884212830,1175905467,none,none,revision_C_base@f0684f8459a1,f0684f8459a1f1424f630778b2c606434d0bce08,27784880a3418d09b46f5afe2a7042757968dd5494a542fdab85e6a06fc60fb2,c1-sensitivity_20260826_073133_703049_c676526b,c676526b916d560a4651031b0ad6002a640325534681ef2670109fbd500a6bef,evidence,revision_B_base,revision_B_base,5,200000.0,xlarge,45.0,80.0,5.0,0.5,1.0
1,42,online_static_3step,0.25,0.8,10000.0,0.20026598176109706,7411.971910896854,0.20049635247644298,32.68262108262108,0.9694026988388716,5265,8617,8618,8617,8618,200011.45467623015,369.40701403142884,3782,"[[520669.9511760232,5662846.707767202],[520712.6785931303,5662847.395729886],[520741.99673526455,5662967.3026087405],[520666.2176493371,5662823.763432814],[520706.5342354978,5662960.580354788]]",e1541ec4c3203a188985ea123665c7c591f0a562c0e752375a546fd88a55f8b9,7d93208481efc12d7bb69512945e800afb261618b8148a27905bba4c59d14135,none,stationary,matched_prior_exact,1,0,"{""condition_id"":""w_025"",""evaluation"":""stationary"",""stage"":""c1-sensitivity""}",d3fe2ac77d42fbc7de79e9a302672c1a34fb85db107cd698d5b9495b5ed73325,w_025,w,3984343480,806800987,none,none,revision_C_base@f0684f8459a1,f0684f8459a1f1424f630778b2c606434d0bce08,27784880a3418d09b46f5afe2a7042757968dd5494a542fdab85e6a06fc60fb2,c1-sensitivity_20260826_073133_703049_c676526b,c676526b916d560a4651031b0ad6002a640325534681ef2670109fbd500a6bef,evidence,revision_B_base,revision_B_base,5,200000.0,xlarge,45.0,80.0,5.0,0.5,1.0
1,42,dynamic_3step,0.25,0.8,10000.0,0.37069911990544235,6630.792959266438,0.37115447705654225,11.448016786246107,0.9126486256378117,14774,8497,8498,8617,8618,200009.24842835736,443.40518500865437,4043,"[[520669.9511760232,5662846.707767202],[520712.6785931303,5662847.395729886],[520741.99673526455,5662967.3026087405],[520666.2176493371,5662823.763432814],[520706.5342354978,5662960.580354788]]",e1541ec4c3203a188985ea123665c7c591f0a562c0e752375a546fd88a55f8b9,e0525a80cd450ab836090637070329fa52b1ddff2214827fd99bb54c301944c7,none,stationary,matched_prior_exact,1,0,"{""condition_id"":""w_025"",""evaluation"":""stationary"",""stage"":""c1-sensitivity""}",d3fe2ac77d42fbc7de79e9a302672c1a34fb85db107cd698d5b9495b5ed73325,w_025,w,3984343480,806800987,none,none,revision_C_base@f0684f8459a1,f0684f8459a1f1424f630778b2c606434d0bce08,27784880a3418d09b46f5afe2a7042757968dd5494a542fdab85e6a06fc60fb2,c1-sensitivity_20260826_073133_703049_c676526b,c676526b916d560a4651031b0ad6002a640325534681ef2670109fbd500a6bef,evidence,revision_B_base,revision_B_base,5,200000.0,xlarge,45.0,80.0,5.0,0.5,1.0
1,42,online_static_3step,0.5,0.8,10000.0,0.22922920578577377,7269.432917237908,0.22946107417453482,26.572261429886467,0.9623667709788797,6518,8676,8677,8676,8677,200022.46158781106,416.46579145803116,4219,"[[520669.9511760232,5662846.707767202],[520712.6785931303,5662847.395729886],[520741.99673526455,5662967.3026087405],[520666.2176493371,5662823.763432814],[520706.5342354978,5662960.580354788]]",e1541ec4c3203a188985ea123665c7c591f0a562c0e752375a546fd88a55f8b9,999baefbe15b45509ad10352e98af31e681a65799212995e70486c1165857a61,none,stationary,matched_prior_exact,1,0,"{""condition_id"":""nominal"",""evaluation"":""stationary"",""stage"":""c1-sensitivity""}",33661ab33ce355b68312ce72c8f28ade62ec8305f639d3c5c5420d991c48f0d2,nominal,nominal,88413455,3057885363,none,none,revision_C_base@f0684f8459a1,f0684f8459a1f1424f630778b2c606434d0bce08,27784880a3418d09b46f5afe2a7042757968dd5494a542fdab85e6a06fc60fb2,c1-sensitivity_20260826_073133_703049_c676526b,c676526b916d560a4651031b0ad6002a640325534681ef2670109fbd500a6bef,evidence,revision_B_base,revision_B_base,5,200000.0,xlarge,45.0,80.0,5.0,0.5,1.0
1,42,dynamic_3step,0.5,0.8,10000.0,0.3688016337052081,6734.613978532757,0.3692315003426831,11.750780978826796,0.9148992733502688,14405,8501,8502,8676,8677,200005.17970534146,431.02524952590466,3967,"[[520669.9511760232,5662846.707767202],[520712.6785931303,5662847.395729886],[520741.99673526455,5662967.3026087405],[520666.2176493371,5662823.763432814],[520706.5342354978,5662960.580354788]]",e1541ec4c3203a188985ea123665c7c591f0a562c0e752375a546fd88a55f8b9,e0670cd592efa42f2c965d6a2b123d419255db52c175aaf2f6987ab78d7ef01c,none,stationary,matched_prior_exact,1,0,"{""condition_id"":""nominal"",""evaluation"":""stationary"",""stage"":""c1-sensitivity""}",33661ab33ce355b68312ce72c8f28ade62ec8305f639d3c5c5420d991c48f0d2,nominal,nominal,88413455,3057885363,none,none,revision_C_base@f0684f8459a1,f0684f8459a1f1424f630778b2c606434d0bce08,27784880a3418d09b46f5afe2a7042757968dd5494a542fdab85e6a06fc60fb2,c1-sensitivity_20260826_073133_703049_c676526b,c676526b916d560a4651031b0ad6002a640325534681ef2670109fbd500a6bef,evidence,revision_B_base,revision_B_base,5,200000.0,xlarge,45.0,80.0,5.0,0.5,1.0
1,42,online_static_3step,0.75,0.8,10000.0,0.03982896347937768,8918.356099133409,0.039861007121839535,241.50260416666666,0.995859257901377,768,9276,9277,9276,9277,200006.369573754,626.3165400286671,6491,"[[520669.9511760232,5662846.707767202],[520712.6785931303,5662847.395729886],[520741.99673526455,5662967.3026087405],[520666.2176493371,5662823.763432814],[520706.5342354978,5662960.580354788]]",e1541ec4c3203a188985ea123665c7c591f0a562c0e752375a546fd88a55f8b9,5012db8acf34c83100310be145501835f1c81c554ed74b016138a868a86589dd,none,stationary,matched_prior_exact,1,0,"{""condition_id"":""w_075"",""evaluation"":""stationary"",""stage"":""c1-sensitivity""}",dd16bccb6fb666ed0827b0b565b90295f086cf20694f1dd0b5c1942221a74648,w_075,w,3038995481,3909684640,none,none,revision_C_base@f0684f8459a1,f0684f8459a1f1424f630778b2c606434d0bce08,27784880a3418d09b46f5afe2a7042757968dd5494a542fdab85e6a06fc60fb2,c1-sensitivity_20260826_073133_703049_c676526b,c676526b916d560a4651031b0ad6002a640325534681ef2670109fbd500a6bef,evidence,revision_B_base,revision_B_base,5,200000.0,xlarge,45.0,80.0,5.0,0.5,1.0
1,42,dynamic_3step,0.75,0.8,10000.0,0.3598041834347885,7154.399235262243,0.3601518450700308,12.147223017463498,0.9176766575733115,13972,8520,8521,9276,9277,200013.4571900572,430.87583843269385,4022,"[[520669.9511760232,5662846.707767202],[520712.6785931303,5662847.395729886],[520741.99673526455,5662967.3026087405],[520666.2176493371,5662823.763432814],[520706.5342354978,5662960.580354788]]",e1541ec4c3203a188985ea123665c7c591f0a562c0e752375a546fd88a55f8b9,a36522828bf79eb9ef28eeb53c52527b9c19dec9c346b919a230e57783c6a774,none,stationary,matched_prior_exact,1,0,"{""condition_id"":""w_075"",""evaluation"":""stationary"",""stage"":""c1-sensitivity""}",dd16bccb6fb666ed0827b0b565b90295f086cf20694f1dd0b5c1942221a74648,w_075,w,3038995481,3909684640,none,none,revision_C_base@f0684f8459a1,f0684f8459a1f1424f630778b2c606434d0bce08,27784880a3418d09b46f5afe2a7042757968dd5494a542fdab85e6a06fc60fb2,c1-sensitivity_20260826_073133_703049_c676526b,c676526b916d560a4651031b0ad6002a640325534681ef2670109fbd500a6bef,evidence,revision_B_base,revision_B_base,5,200000.0,xlarge,45.0,80.0,5.0,0.5,1.0
1,42,online_static_3step,1.0,0.8,10000.0,0.005506250020824484,8477.297086962302,0.005509141180574728,1437.1949152542372,0.9993042001544912,118,8479,8480,8523,8524,200000.1957219578,269.9848854437005,2839,"[[520669.9511760232,5662846.707767202],[520712.6785931303,5662847.395729886],[520741.99673526455,5662967.3026087405],[520666.2176493371,5662823.763432814],[520706.5342354978,5662960.580354788]]",e1541ec4c3203a188985ea123665c7c591f0a562c0e752375a546fd88a55f8b9,8351269a872a020f7e2c292f6bf3dc6ec3754dc49d5b0858d08831d5d6a70d4d,none,stationary,matched_prior_exact,1,0,"{""condition_id"":""w_1"",""evaluation"":""stationary"",""stage"":""c1-sensitivity""}",a7560dbaa977cea1795a4b0bd3ba265a0712530b452662170ae9efd74531b738,w_1,w,1389142405,3447224912,none,none,revision_C_base@f0684f8459a1,f0684f8459a1f1424f630778b2c606434d0bce08,27784880a3418d09b46f5afe2a7042757968dd5494a542fdab85e6a06fc60fb2,c1-sensitivity_20260826_073133_703049_c676526b,c676526b916d560a4651031b0ad6002a640325534681ef2670109fbd500a6bef,evidence,revision_B_base,revision_B_base,5,200000.0,xlarge,45.0,80.0,5.0,0.5,1.0
1,42,dynamic_3step,1.0,0.8,10000.0,0.32782816612329113,6752.808049901559,0.32805029674217867,14.442016663832682,0.9307575927048809,11762,8523,8524,8523,8524,200006.85135235795,440.5648382694926,4026,"[[520669.9511760232,5662846.707767202],[520712.6785931303,5662847.395729886],[520741.99673526455,5662967.3026087405],[520666.2176493371,5662823.763432814],[520706.5342354978,5662960.580354788]]",e1541ec4c3203a188985ea123665c7c591f0a562c0e752375a546fd88a55f8b9,4b395a0e16b47280e26b69901fce0fc71cba159f5c639350c7e313a60481df03,none,stationary,matched_prior_exact,1,0,"{""condition_id"":""w_1"",""evaluation"":""stationary"",""stage"":""c1-sensitivity""}",a7560dbaa977cea1795a4b0bd3ba265a0712530b452662170ae9efd74531b738,w_1,w,1389142405,3447224912,none,none,revision_C_base@f0684f8459a1,f0684f8459a1f1424f630778b2c606434d0bce08,27784880a3418d09b46f5afe2a7042757968dd5494a542fdab85e6a06fc60fb2,c1-sensitivity_20260826_073133_703049_c676526b,c676526b916d560a4651031b0ad6002a640325534681ef2670109fbd500a6bef,evidence,revision_B_base,revision_B_base,5,200000.0,xlarge,45.0,80.0,5.0,0.5,1.0
1,42,online_static_3step,0.5,0.6,10000.0,0.2278645921698407,7278.263003214051,0.22946107417453482,26.572261429886467,0.9623667709788797,6518,8676,8677,8676,8677,200022.46158781106,412.0706566257868,4219,"[[520669.9511760232,5662846.707767202],[520712.6785931303,5662847.395729886],[520741.99673526455,5662967.3026087405],[520666.2176493371,5662823.763432814],[520706.5342354978,5662960.580354788]]",e1541ec4c3203a188985ea123665c7c591f0a562c0e752375a546fd88a55f8b9,999baefbe15b45509ad10352e98af31e681a65799212995e70486c1165857a61,none,stationary,matched_prior_exact,1,0,"{""condition_id"":""pd_060"",""evaluation"":""stationary"",""stage"":""c1-sensitivity""}",8bcc633790e55489f4fbf2bd9b0dc37e28e3051e2872807588f965813e490d2b,pd_060,p_d,546927402,1691573057,none,none,revision_C_base@f0684f8459a1,f0684f8459a1f1424f630778b2c606434d0bce08,27784880a3418d09b46f5afe2a7042757968dd5494a542fdab85e6a06fc60fb2,c1-sensitivity_20260826_073133_703049_c676526b,c676526b916d560a4651031b0ad6002a640325534681ef2670109fbd500a6bef,evidence,revision_B_base,revision_B_base,5,200000.0,xlarge,45.0,80.0,5.0,0.5,1.0
1,42,dynamic_3step,0.5,0.6,10000.0,0.352534072513462,6768.93396697025,0.3548071336971187,12.498489425981873,0.9199903311578439,13571,8504,8505,8676,8677,200023.32625379376,431.3553768317215,4014,"[[520669.9511760232,5662846.707767202],[520712.6785931303,5662847.395729886],[520741.99673526455,5662967.3026087405],[520666.2176493371,5662823.763432814],[520706.5342354978,5662960.580354788]]",e1541ec4c3203a188985ea123665c7c591f0a562c0e752375a546fd88a55f8b9,03e0f455afb40503d45b1632998607174caf3a107e8dd5e8a1f3ef45a650a7d9,none,stationary,matched_prior_exact,1,0,"{""condition_id"":""pd_060"",""evaluation"":""stationary"",""stage"":""c1-sensitivity""}",8bcc633790e55489f4fbf2bd9b0dc37e28e3051e2872807588f965813e490d2b,pd_060,p_d,546927402,1691573057,none,none,revision_C_base@f0684f8459a1,f0684f8459a1f1424f630778b2c606434d0bce08,27784880a3418d09b46f5afe2a7042757968dd5494a542fdab85e6a06fc60fb2,c1-sensitivity_20260826_073133_703049_c676526b,c676526b916d560a4651031b0ad6002a640325534681ef2670109fbd500a6bef,evidence,revision_B_base,revision_B_base,5,200000.0,xlarge,45.0,80.0,5.0,0.5,1.0
1,42,online_static_3step,0.5,0.95,10000.0,0.22945082483415796,7267.9368207455755,0.22946107417453482,26.572261429886467,0.9623667709788797,6518,8676,8677,8676,8677,200022.46158781106,412.8763836240396,4219,"[[520669.9511760232,5662846.707767202],[520712.6785931303,5662847.395729886],[520741.99673526455,5662967.3026087405],[520666.2176493371,5662823.763432814],[520706.5342354978,5662960.580354788]]",e1541ec4c3203a188985ea123665c7c591f0a562c0e752375a546fd88a55f8b9,999baefbe15b45509ad10352e98af31e681a65799212995e70486c1165857a61,none,stationary,matched_prior_exact,1,0,"{""condition_id"":""pd_095"",""evaluation"":""stationary"",""stage"":""c1-sensitivity""}",d6a45689f8c015d047506b0521b3bb8739ec6480e1dcbc30a7bddda4e459b8cc,pd_095,p_d,1112298705,428526348,none,none,revision_C_base@f0684f8459a1,f0684f8459a1f1424f630778b2c606434d0bce08,27784880a3418d09b46f5afe2a7042757968dd5494a542fdab85e6a06fc60fb2,c1-sensitivity_20260826_073133_703049_c676526b,c676526b916d560a4651031b0ad6002a640325534681ef2670109fbd500a6bef,evidence,revision_B_base,revision_B_base,5,200000.0,xlarge,45.0,80.0,5.0,0.5,1.0
1,42,dynamic_3step,0.5,0.95,10000.0,0.3129555362035339,7010.861648720744,0.3129667279495317,16.223359479625024,0.9383604856160709,10454,8516,8517,8676,8677,200002.149262061,443.6868854362983,4107,"[[520669.9511760232,5662846.707767202],[520712.6785931303,5662847.395729886],[520741.99673526455,5662967.3026087405],[520666.2176493371,5662823.763432814],[520706.5342354978,5662960.580354788]]",e1541ec4c3203a188985ea123665c7c591f0a562c0e752375a546fd88a55f8b9,d8389f465e654e642dcd316817a044cc692c6909462a3c9bd2f7f0e3b6b1b538,none,stationary,matched_prior_exact,1,0,"{""condition_id"":""pd_095"",""evaluation"":""stationary"",""stage"":""c1-sensitivity""}",d6a45689f8c015d047506b0521b3bb8739ec6480e1dcbc30a7bddda4e459b8cc,pd_095,p_d,1112298705,428526348,none,none,revision_C_base@f0684f8459a1,f0684f8459a1f1424f630778b2c606434d0bce08,27784880a3418d09b46f5afe2a7042757968dd5494a542fdab85e6a06fc60fb2,c1-sensitivity_20260826_073133_703049_c676526b,c676526b916d560a4651031b0ad6002a640325534681ef2670109fbd500a6bef,evidence,revision_B_base,revision_B_base,5,200000.0,xlarge,45.0,80.0,5.0,0.5,1.0
1,42,online_static_3step,0.5,0.8,2000.0,0.22922920578577377,7269.432917237908,0.22946107417453482,26.572261429886467,0.9623667709788797,6518,8676,8677,8676,8677,200022.46158781106,412.6027181968093,4219,"[[520669.9511760232,5662846.707767202],[520712.6785931303,5662847.395729886],[520741.99673526455,5662967.3026087405],[520666.2176493371,5662823.763432814],[520706.5342354978,5662960.580354788]]",e1541ec4c3203a188985ea123665c7c591f0a562c0e752375a546fd88a55f8b9,999baefbe15b45509ad10352e98af31e681a65799212995e70486c1165857a61,none,stationary,matched_prior_exact,1,0,"{""condition_id"":""tau_2000"",""evaluation"":""stationary"",""stage"":""c1-sensitivity""}",c6bec9d7ef8d6cc4c988a25905b1e25ac861fe33d4c60bda138851fd7ea3ac8b,tau_2000,tau,1298125916,2726421932,none,none,revision_C_base@f0684f8459a1,f0684f8459a1f1424f630778b2c606434d0bce08,27784880a3418d09b46f5afe2a7042757968dd5494a542fdab85e6a06fc60fb2,c1-sensitivity_20260826_073133_703049_c676526b,c676526b916d560a4651031b0ad6002a640325534681ef2670109fbd500a6bef,evidence,revision_B_base,revision_B_base,5,200000.0,xlarge,45.0,80.0,5.0,0.5,1.0
1,42,dynamic_3step,0.5,0.8,2000.0,0.3287725108362778,6993.181135291601,0.32901211120499496,14.766255215577191,0.9322780227348988,11504,8524,8525,8676,8677,200006.20554913703,441.8701604360249,4055,"[[520669.9511760232,5662846.707767202],[520712.6785931303,5662847.395729886],[520741.99673526455,5662967.3026087405],[520666.2176493371,5662823.763432814],[520706.5342354978,5662960.580354788]]",e1541ec4c3203a188985ea123665c7c591f0a562c0e752375a546fd88a55f8b9,568a5ceb33e4acb8b0dd2d723fe580ee7992c4c9eadb432d99554ff319f1d27b,none,stationary,matched_prior_exact,1,0,"{""condition_id"":""tau_2000"",""evaluation"":""stationary"",""stage"":""c1-sensitivity""}",c6bec9d7ef8d6cc4c988a25905b1e25ac861fe33d4c60bda138851fd7ea3ac8b,tau_2000,tau,1298125916,2726421932,none,none,revision_C_base@f0684f8459a1,f0684f8459a1f1424f630778b2c606434d0bce08,27784880a3418d09b46f5afe2a7042757968dd5494a542fdab85e6a06fc60fb2,c1-sensitivity_20260826_073133_703049_c676526b,c676526b916d560a4651031b0ad6002a640325534681ef2670109fbd500a6bef,evidence,revision_B_base,revision_B_base,5,200000.0,xlarge,45.0,80.0,5.0,0.5,1.0
1,42,online_static_3step,0.5,0.8,32000.0,0.22922920578577377,7269.432917237908,0.22946107417453482,26.572261429886467,0.9623667709788797,6518,8676,8677,8676,8677,200022.46158781106,413.4498160597868,4219,"[[520669.9511760232,5662846.707767202],[520712.6785931303,5662847.395729886],[520741.99673526455,5662967.3026087405],[520666.2176493371,5662823.763432814],[520706.5342354978,5662960.580354788]]",e1541ec4c3203a188985ea123665c7c591f0a562c0e752375a546fd88a55f8b9,999baefbe15b45509ad10352e98af31e681a65799212995e70486c1165857a61,none,stationary,matched_prior_exact,1,0,"{""condition_id"":""tau_32000"",""evaluation"":""stationary"",""stage"":""c1-sensitivity""}",8a58528425303c8d4847dd0f657d9dd8b3e59f2d0adcd442e9348c96ebfaa71e,tau_32000,tau,4174477549,2697197030,none,none,revision_C_base@f0684f8459a1,f0684f8459a1f1424f630778b2c606434d0bce08,27784880a3418d09b46f5afe2a7042757968dd5494a542fdab85e6a06fc60fb2,c1-sensitivity_20260826_073133_703049_c676526b,c676526b916d560a4651031b0ad6002a640325534681ef2670109fbd500a6bef,evidence,revision_B_base,revision_B_base,5,200000.0,xlarge,45.0,80.0,5.0,0.5,1.0
1,42,dynamic_3step,0.5,0.8,32000.0,0.30950559962982893,7025.601632177361,0.3097341452406645,15.883915165165165,0.9370432296066974,10656,8501,8502,8676,8677,200013.18879433547,444.61169995646924,4134,"[[520669.9511760232,5662846.707767202],[520712.6785931303,5662847.395729886],[520741.99673526455,5662967.3026087405],[520666.2176493371,5662823.763432814],[520706.5342354978,5662960.580354788]]",e1541ec4c3203a188985ea123665c7c591f0a562c0e752375a546fd88a55f8b9,fb0bf087fa5a445d21323d74c1699824a9a96022760eca55a25bb08cae2f83a2,none,stationary,matched_prior_exact,1,0,"{""condition_id"":""tau_32000"",""evaluation"":""stationary"",""stage"":""c1-sensitivity""}",8a58528425303c8d4847dd0f657d9dd8b3e59f2d0adcd442e9348c96ebfaa71e,tau_32000,tau,4174477549,2697197030,none,none,revision_C_base@f0684f8459a1,f0684f8459a1f1424f630778b2c606434d0bce08,27784880a3418d09b46f5afe2a7042757968dd5494a542fdab85e6a06fc60fb2,c1-sensitivity_20260826_073133_703049_c676526b,c676526b916d560a4651031b0ad6002a640325534681ef2670109fbd500a6bef,evidence,revision_B_base,revision_B_base,5,200000.0,xlarge,45.0,80.0,5.0,0.5,1.0
1,42,online_static_3step,0.5,0.8,128000.0,0.22922920578577377,7269.432917237908,0.22946107417453482,26.572261429886467,0.9623667709788797,6518,8676,8677,8676,8677,200022.46158781106,413.8140938675497,4219,"[[520669.9511760232,5662846.707767202],[520712.6785931303,5662847.395729886],[520741.99673526455,5662967.3026087405],[520666.2176493371,5662823.763432814],[520706.5342354978,5662960.580354788]]",e1541ec4c3203a188985ea123665c7c591f0a562c0e752375a546fd88a55f8b9,999baefbe15b45509ad10352e98af31e681a65799212995e70486c1165857a61,none,stationary,matched_prior_exact,1,0,"{""condition_id"":""tau_128000"",""evaluation"":""stationary"",""stage"":""c1-sensitivity""}",a5c02adbe48ed5ee84f4ce8296410944cac16371cf65714dbb3f0b6d5aca5bba,tau_128000,tau,2577658742,1360186789,none,none,revision_C_base@f0684f8459a1,f0684f8459a1f1424f630778b2c606434d0bce08,27784880a3418d09b46f5afe2a7042757968dd5494a542fdab85e6a06fc60fb2,c1-sensitivity_20260826_073133_703049_c676526b,c676526b916d560a4651031b0ad6002a640325534681ef2670109fbd500a6bef,evidence,revision_B_base,revision_B_base,5,200000.0,xlarge,45.0,80.0,5.0,0.5,1.0
1,42,dynamic_3step,0.5,0.8,128000.0,0.35580846886193473,6789.075011841129,0.35617089813879144,12.365380407031877,0.9191290549030481,13709,8510,8511,8676,8677,200005.68859903933,436.1525832093321,3970,"[[520669.9511760232,5662846.707767202],[520712.6785931303,5662847.395729886],[520741.99673526455,5662967.3026087405],[520666.2176493371,5662823.763432814],[520706.5342354978,5662960.580354788]]",e1541ec4c3203a188985ea123665c7c591f0a562c0e752375a546fd88a55f8b9,7448f631b387f7039789ed968e2d4fd97abc54691169398863aeb2a709fcfe23,none,stationary,matched_prior_exact,1,0,"{""condition_id"":""tau_128000"",""evaluation"":""stationary"",""stage"":""c1-sensitivity""}",a5c02adbe48ed5ee84f4ce8296410944cac16371cf65714dbb3f0b6d5aca5bba,tau_128000,tau,2577658742,1360186789,none,none,revision_C_base@f0684f8459a1,f0684f8459a1f1424f630778b2c606434d0bce08,27784880a3418d09b46f5afe2a7042757968dd5494a542fdab85e6a06fc60fb2,c1-sensitivity_20260826_073133_703049_c676526b,c676526b916d560a4651031b0ad6002a640325534681ef2670109fbd500a6bef,evidence,revision_B_base,revision_B_base,5,200000.0,xlarge,45.0,80.0,5.0,0.5,1.0
1,43,online_static_3step,0.0,0.8,10000.0,0.34792371465605687,6777.131396437866,0.3483187990497337,11.13337296868807,0.9101799604834546,15138,8485,8486,8485,8486,200013.55670348922,373.8352432609536,4185,"[[520647.9649749217,5662895.104022372],[520750.9011834474,5662923.705106928],[520619.5439127976,5662887.529284183],[520660.59539358615,5662860.8589034155],[520601.16985800257,5662944.568816733]]",523844ed78a0f583e442b643c9217c5abbf3c0623bfd68739147060cf00e4cb4,19176124195a18a277c8b78526b93422c9c0dcb9afc6c33149d25ee141d9e3e9,none,stationary,matched_prior_exact,1,0,"{""condition_id"":""w_0"",""evaluation"":""stationary"",""stage"":""c1-sensitivity""}",80b02168b0975833d2c36bd6a41894c825064836584f37bc644dbaac89ab91cc,w_0,w,2687124342,4047056668,none,none,revision_C_base@f0684f8459a1,f0684f8459a1f1424f630778b2c606434d0bce08,27784880a3418d09b46f5afe2a7042757968dd5494a542fdab85e6a06fc60fb2,c1-sensitivity_20260826_073133_703049_c676526b,c676526b916d560a4651031b0ad6002a640325534681ef2670109fbd500a6bef,evidence,revision_B_base,revision_B_base,5,200000.0,xlarge,45.0,80.0,5.0,0.5,1.0
1,43,dynamic_3step,0.0,0.8,10000.0,0.34793550411570756,6777.141373863797,0.34833150761647313,11.132034346103039,0.9101691596603754,15140,8485,8486,8485,8486,200008.60222700977,404.84094985201955,4179,"[[520647.9649749217,5662895.104022372],[520750.9011834474,5662923.705106928],[520619.5439127976,5662887.529284183],[520660.59539358615,5662860.8589034155],[520601.16985800257,5662944.568816733]]",523844ed78a0f583e442b643c9217c5abbf3c0623bfd68739147060cf00e4cb4,4d989457e5c04fe79811f147c21ea72e269a0beeac185e4d2626f147ed26dfab,none,stationary,matched_prior_exact,1,0,"{""condition_id"":""w_0"",""evaluation"":""stationary"",""stage"":""c1-sensitivity""}",80b02168b0975833d2c36bd6a41894c825064836584f37bc644dbaac89ab91cc,w_0,w,2687124342,4047056668,none,none,revision_C_base@f0684f8459a1,f0684f8459a1f1424f630778b2c606434d0bce08,27784880a3418d09b46f5afe2a7042757968dd5494a542fdab85e6a06fc60fb2,c1-sensitivity_20260826_073133_703049_c676526b,c676526b916d560a4651031b0ad6002a640325534681ef2670109fbd500a6bef,evidence,revision_B_base,revision_B_base,5,200000.0,xlarge,45.0,80.0,5.0,0.5,1.0
1,43,online_static_3step,0.25,0.8,10000.0,0.22929104962937102,7365.18938131974,0.22953874274774555,21.250704225352113,0.9529427359490986,8165,8713,8714,8713,8714,200001.94929475093,429.7384194289334,4379,"[[520647.9649749217,5662895.104022372],[520750.9011834474,5662923.705106928],[520619.5439127976,5662887.529284183],[520660.59539358615,5662860.8589034155],[520601.16985800257,5662944.568816733]]",523844ed78a0f583e442b643c9217c5abbf3c0623bfd68739147060cf00e4cb4,5e828aa14d31734fbc86f31f2854ed675d8612672a7bdac2c025bf1196a83e64,none,stationary,matched_prior_exact,1,0,"{""condition_id"":""w_025"",""evaluation"":""stationary"",""stage"":""c1-sensitivity""}",d3fe2ac77d42fbc7de79e9a302672c1a34fb85db107cd698d5b9495b5ed73325,w_025,w,3953519965,601318025,none,none,revision_C_base@f0684f8459a1,f0684f8459a1f1424f630778b2c606434d0bce08,27784880a3418d09b46f5afe2a7042757968dd5494a542fdab85e6a06fc60fb2,c1-sensitivity_20260826_073133_703049_c676526b,c676526b916d560a4651031b0ad6002a640325534681ef2670109fbd500a6bef,evidence,revision_B_base,revision_B_base,5,200000.0,xlarge,45.0,80.0,5.0,0.5,1.0
1,43,dynamic_3step,0.25,0.8,10000.0,0.3580413390910787,6818.413372079971,0.35840107715192515,11.487141107633692,0.9129461377178123,14698,8492,8493,8713,8714,200023.57346949767,455.6497837973293,4142,"[[520647.9649749217,5662895.104022372],[520750.9011834474,5662923.705106928],[520619.5439127976,5662887.529284183],[520660.59539358615,5662860.8589034155],[520601.16985800257,5662944.568816733]]",523844ed78a0f583e442b643c9217c5abbf3c0623bfd68739147060cf00e4cb4,544e6dcc13985957157b93144c24fd806b83683a6eefe90f86ca4ddbf63bbe87,none,stationary,matched_prior_exact,1,0,"{""condition_id"":""w_025"",""evaluation"":""stationary"",""stage"":""c1-sensitivity""}",d3fe2ac77d42fbc7de79e9a302672c1a34fb85db107cd698d5b9495b5ed73325,w_025,w,3953519965,601318025,none,none,revision_C_base@f0684f8459a1,f0684f8459a1f1424f630778b2c606434d0bce08,27784880a3418d09b46f5afe2a7042757968dd5494a542fdab85e6a06fc60fb2,c1-sensitivity_20260826_073133_703049_c676526b,c676526b916d560a4651031b0ad6002a640325534681ef2670109fbd500a6bef,evidence,revision_B_base,revision_B_base,5,200000.0,xlarge,45.0,80.0,5.0,0.5,1.0
1,43,online_static_3step,0.5,0.8,10000.0,0.20305374149847052,7501.372629451665,0.20323209086309207,32.17416144489495,0.9689191588811814,5426,8799,8800,8799,8800,200014.28154473013,478.903707397636,4919,"[[520647.9649749217,5662895.104022372],[520750.9011834474,5662923.705106928],[520619.5439127976,5662887.529284183],[520660.59539358615,5662860.8589034155],[520601.16985800257,5662944.568816733]]",523844ed78a0f583e442b643c9217c5abbf3c0623bfd68739147060cf00e4cb4,ebdca9896e5432497830b02d1bfd0028ec8410ed44a5ddac541df79da4af96c1,none,stationary,matched_prior_exact,1,0,"{""condition_id"":""nominal"",""evaluation"":""stationary"",""stage"":""c1-sensitivity""}",33661ab33ce355b68312ce72c8f28ade62ec8305f639d3c5c5420d991c48f0d2,nominal,nominal,3932007574,843512956,none,none,revision_C_base@f0684f8459a1,f0684f8459a1f1424f630778b2c606434d0bce08,27784880a3418d09b46f5afe2a7042757968dd5494a542fdab85e6a06fc60fb2,c1-sensitivity_20260826_073133_703049_c676526b,c676526b916d560a4651031b0ad6002a640325534681ef2670109fbd500a6bef,evidence,revision_B_base,revision_B_base,5,200000.0,xlarge,45.0,80.0,5.0,0.5,1.0
1,43,dynamic_3step,0.5,0.8,10000.0,0.3467262244684453,6988.2640362770235,0.3470015659156097,13.238550066546622,0.9244630269196197,12773,8496,8497,8799,8800,200018.27584712033,424.97718363953754,3905,"[[520647.9649749217,5662895.104022372],[520750.9011834474,5662923.705106928],[520619.5439127976,5662887.529284183],[520660.59539358615,5662860.8589034155],[520601.16985800257,5662944.568816733]]",523844ed78a0f583e442b643c9217c5abbf3c0623bfd68739147060cf00e4cb4,eba6a650fd702336e382e498553e90f9d6001a916e890d40cf5b04ceb4b63efd,none,stationary,matched_prior_exact,1,0,"{""condition_id"":""nominal"",""evaluation"":""stationary"",""stage"":""c1-sensitivity""}",33661ab33ce355b68312ce72c8f28ade62ec8305f639d3c5c5420d991c48f0d2,nominal,nominal,3932007574,843512956,none,none,revision_C_base@f0684f8459a1,f0684f8459a1f1424f630778b2c606434d0bce08,27784880a3418d09b46f5afe2a7042757968dd5494a542fdab85e6a06fc60fb2,c1-sensitivity_20260826_073133_703049_c676526b,c676526b916d560a4651031b0ad6002a640325534681ef2670109fbd500a6bef,evidence,revision_B_base,revision_B_base,5,200000.0,xlarge,45.0,80.0,5.0,0.5,1.0
1,43,online_static_3step,0.75,0.8,10000.0,0.04073536148145117,8912.111452325551,0.04076856841611934,233.632241813602,0.9957197688459548,794,9277,9278,9277,9278,200017.11056473,494.92973528429866,5222,"[[520647.9649749217,5662895.104022372],[520750.9011834474,5662923.705106928],[520619.5439127976,5662887.529284183],[520660.59539358615,5662860.8589034155],[520601.16985800257,5662944.568816733]]",523844ed78a0f583e442b643c9217c5abbf3c0623bfd68739147060cf00e4cb4,6c0316f770e85e322ea5e5160132727870aa68a7cbe297b00b200d35f0a23e37,none,stationary,matched_prior_exact,1,0,"{""condition_id"":""w_075"",""evaluation"":""stationary"",""stage"":""c1-sensitivity""}",dd16bccb6fb666ed0827b0b565b90295f086cf20694f1dd0b5c1942221a74648,w_075,w,181745276,2065286643,none,none,revision_C_base@f0684f8459a1,f0684f8459a1f1424f630778b2c606434d0bce08,27784880a3418d09b46f5afe2a7042757968dd5494a542fdab85e6a06fc60fb2,c1-sensitivity_20260826_073133_703049_c676526b,c676526b916d560a4651031b0ad6002a640325534681ef2670109fbd500a6bef,evidence,revision_B_base,revision_B_base,5,200000.0,xlarge,45.0,80.0,5.0,0.5,1.0
1,43,dynamic_3step,0.75,0.8,10000.0,0.33842206485172094,7272.397981409914,0.3387529565139824,12.4904279695469,0.919938692057781,13529,8493,8494,9277,9278,200010.63506540947,445.6973496808205,4120,"[[520647.9649749217,5662895.104022372],[520750.9011834474,5662923.705106928],[520619.5439127976,5662887.529284183],[520660.59539358615,5662860.8589034155],[520601.16985800257,5662944.568816733]]",523844ed78a0f583e442b643c9217c5abbf3c0623bfd68739147060cf00e4cb4,1625597d974f49811009aa62f359cac192049de0ef6c9d4d7f5eae7bc117e2b4,none,stationary,matched_prior_exact,1,0,"{""condition_id"":""w_075"",""evaluation"":""stationary"",""stage"":""c1-sensitivity""}",dd16bccb6fb666ed0827b0b565b90295f086cf20694f1dd0b5c1942221a74648,w_075,w,181745276,2065286643,none,none,revision_C_base@f0684f8459a1,f0684f8459a1f1424f630778b2c606434d0bce08,27784880a3418d09b46f5afe2a7042757968dd5494a542fdab85e6a06fc60fb2,c1-sensitivity_20260826_073133_703049_c676526b,c676526b916d560a4651031b0ad6002a640325534681ef2670109fbd500a6bef,evidence,revision_B_base,revision_B_base,5,200000.0,xlarge,45.0,80.0,5.0,0.5,1.0
1,43,online_static_3step,1.0,0.8,10000.0,0.0077146171966155554,8889.326603271033,0.007718589783650208,1126.7295597484276,0.9991124755791236,159,8957,8958,8957,8958,200014.485323389,371.6874105592724,3981,"[[520647.9649749217,5662895.104022372],[520750.9011834474,5662923.705106928],[520619.5439127976,5662887.529284183],[520660.59539358615,5662860.8589034155],[520601.16985800257,5662944.568816733]]",523844ed78a0f583e442b643c9217c5abbf3c0623bfd68739147060cf00e4cb4,5a4827a0975045c01c9684e1a160b84f5847c7177d0eaab09bf29069392409e5,none,stationary,matched_prior_exact,1,0,"{""condition_id"":""w_1"",""evaluation"":""stationary"",""stage"":""c1-sensitivity""}",a7560dbaa977cea1795a4b0bd3ba265a0712530b452662170ae9efd74531b738,w_1,w,2074504657,2163986293,none,none,revision_C_base@f0684f8459a1,f0684f8459a1f1424f630778b2c606434d0bce08,27784880a3418d09b46f5afe2a7042757968dd5494a542fdab85e6a06fc60fb2,c1-sensitivity_20260826_073133_703049_c676526b,c676526b916d560a4651031b0ad6002a640325534681ef2670109fbd500a6bef,evidence,revision_B_base,revision_B_base,5,200000.0,xlarge,45.0,80.0,5.0,0.5,1.0
1,43,dynamic_3step,1.0,0.8,10000.0,0.34459309975832053,6976.320367368376,0.34492088049463243,13.20026525198939,0.9242439465487793,12818,8496,8497,8957,8958,200023.02786738012,424.8947004331276,3909,"[[520647.9649749217,5662895.104022372],[520750.9011834474,5662923.705106928],[520619.5439127976,5662887.529284183],[520660.59539358615,5662860.8589034155],[520601.16985800257,5662944.568816733]]",523844ed78a0f583e442b643c9217c5abbf3c0623bfd68739147060cf00e4cb4,30c93562520a08e5eb3e3e209687ed67d25035b9bf21ddda8467fec2703b229a,none,stationary,matched_prior_exact,1,0,"{""condition_id"":""w_1"",""evaluation"":""stationary"",""stage"":""c1-sensitivity""}",a7560dbaa977cea1795a4b0bd3ba265a0712530b452662170ae9efd74531b738,w_1,w,2074504657,2163986293,none,none,revision_C_base@f0684f8459a1,f0684f8459a1f1424f630778b2c606434d0bce08,27784880a3418d09b46f5afe2a7042757968dd5494a542fdab85e6a06fc60fb2,c1-sensitivity_20260826_073133_703049_c676526b,c676526b916d560a4651031b0ad6002a640325534681ef2670109fbd500a6bef,evidence,revision_B_base,revision_B_base,5,200000.0,xlarge,45.0,80.0,5.0,0.5,1.0
1,43,online_static_3step,0.5,0.6,10000.0,0.20196835484964917,7508.419371099808,0.20323209086309207,32.17416144489495,0.9689191588811814,5426,8799,8800,8799,8800,200014.28154473013,479.60490262671374,4919,"[[520647.9649749217,5662895.104022372],[520750.9011834474,5662923.705106928],[520619.5439127976,5662887.529284183],[520660.59539358615,5662860.8589034155],[520601.16985800257,5662944.568816733]]",523844ed78a0f583e442b643c9217c5abbf3c0623bfd68739147060cf00e4cb4,ebdca9896e5432497830b02d1bfd0028ec8410ed44a5ddac541df79da4af96c1,none,stationary,matched_prior_exact,1,0,"{""condition_id"":""pd_060"",""evaluation"":""stationary"",""stage"":""c1-sensitivity""}",8bcc633790e55489f4fbf2bd9b0dc37e28e3051e2872807588f965813e490d2b,pd_060,p_d,100028119,2770489344,none,none,revision_C_base@f0684f8459a1,f0684f8459a1f1424f630778b2c606434d0bce08,27784880a3418d09b46f5afe2a7042757968dd5494a542fdab85e6a06fc60fb2,c1-sensitivity_20260826_073133_703049_c676526b,c676526b916d560a4651031b0ad6002a640325534681ef2670109fbd500a6bef,evidence,revision_B_base,revision_B_base,5,200000.0,xlarge,45.0,80.0,5.0,0.5,1.0
1,43,dynamic_3step,0.5,0.6,10000.0,0.3534699098777722,6894.904128062251,0.3555566302731852,12.713269964822992,0.9213420305895373,13361,8514,8515,8799,8800,200002.717521763,438.578395227436,4012,"[[520647.9649749217,5662895.104022372],[520750.9011834474,5662923.705106928],[520619.5439127976,5662887.529284183],[520660.59539358615,5662860.8589034155],[520601.16985800257,5662944.568816733]]",523844ed78a0f583e442b643c9217c5abbf3c0623bfd68739147060cf00e4cb4,c55800f3912132387f2336d11679c8866b27205822f32cd0f572bfce7e354927,none,stationary,matched_prior_exact,1,0,"{""condition_id"":""pd_060"",""evaluation"":""stationary"",""stage"":""c1-sensitivity""}",8bcc633790e55489f4fbf2bd9b0dc37e28e3051e2872807588f965813e490d2b,pd_060,p_d,100028119,2770489344,none,none,revision_C_base@f0684f8459a1,f0684f8459a1f1424f630778b2c606434d0bce08,27784880a3418d09b46f5afe2a7042757968dd5494a542fdab85e6a06fc60fb2,c1-sensitivity_20260826_073133_703049_c676526b,c676526b916d560a4651031b0ad6002a640325534681ef2670109fbd500a6bef,evidence,revision_B_base,revision_B_base,5,200000.0,xlarge,45.0,80.0,5.0,0.5,1.0
1,43,online_static_3step,0.5,0.95,10000.0,0.20322260485650212,7500.235887417172,0.20323209086309207,32.17416144489495,0.9689191588811814,5426,8799,8800,8799,8800,200014.28154473013,477.38030580594204,4919,"[[520647.9649749217,5662895.104022372],[520750.9011834474,5662923.705106928],[520619.5439127976,5662887.529284183],[520660.59539358615,5662860.8589034155],[520601.16985800257,5662944.568816733]]",523844ed78a0f583e442b643c9217c5abbf3c0623bfd68739147060cf00e4cb4,ebdca9896e5432497830b02d1bfd0028ec8410ed44a5ddac541df79da4af96c1,none,stationary,matched_prior_exact,1,0,"{""condition_id"":""pd_095"",""evaluation"":""stationary"",""stage"":""c1-sensitivity""}",d6a45689f8c015d047506b0521b3bb8739ec6480e1dcbc30a7bddda4e459b8cc,pd_095,p_d,2668680849,3281044495,none,none,revision_C_base@f0684f8459a1,f0684f8459a1f1424f630778b2c606434d0bce08,27784880a3418d09b46f5afe2a7042757968dd5494a542fdab85e6a06fc60fb2,c1-sensitivity_20260826_073133_703049_c676526b,c676526b916d560a4651031b0ad6002a640325534681ef2670109fbd500a6bef,evidence,revision_B_base,revision_B_base,5,200000.0,xlarge,45.0,80.0,5.0,0.5,1.0
1,43,dynamic_3step,0.5,0.95,10000.0,0.36930108679004225,6762.078071656787,0.3693225426192116,11.333824021411843,0.9117685259528645,14945,8511,8512,8799,8800,200017.9398171156,456.59763238881715,4206,"[[520647.9649749217,5662895.104022372],[520750.9011834474,5662923.705106928],[520619.5439127976,5662887.529284183],[520660.59539358615,5662860.8589034155],[520601.16985800257,5662944.568816733]]",523844ed78a0f583e442b643c9217c5abbf3c0623bfd68739147060cf00e4cb4,d1656e9a3bf5722fd3d509c79db4687e4da325f65ab45089858a684fdcda414c,none,stationary,matched_prior_exact,1,0,"{""condition_id"":""pd_095"",""evaluation"":""stationary"",""stage"":""c1-sensitivity""}",d6a45689f8c015d047506b0521b3bb8739ec6480e1dcbc30a7bddda4e459b8cc,pd_095,p_d,2668680849,3281044495,none,none,revision_C_base@f0684f8459a1,f0684f8459a1f1424f630778b2c606434d0bce08,27784880a3418d09b46f5afe2a7042757968dd5494a542fdab85e6a06fc60fb2,c1-sensitivity_20260826_073133_703049_c676526b,c676526b916d560a4651031b0ad6002a640325534681ef2670109fbd500a6bef,evidence,revision_B_base,revision_B_base,5,200000.0,xlarge,45.0,80.0,5.0,0.5,1.0
1,43,online_static_3step,0.5,0.8,2000.0,0.20305374149847052,7501.372629451665,0.20323209086309207,32.17416144489495,0.9689191588811814,5426,8799,8800,8799,8800,200014.28154473013,478.60395664465614,4919,"[[520647.9649749217,5662895.104022372],[520750.9011834474,5662923.705106928],[520619.5439127976,5662887.529284183],[520660.59539358615,5662860.8589034155],[520601.16985800257,5662944.568816733]]",523844ed78a0f583e442b643c9217c5abbf3c0623bfd68739147060cf00e4cb4,ebdca9896e5432497830b02d1bfd0028ec8410ed44a5ddac541df79da4af96c1,none,stationary,matched_prior_exact,1,0,"{""condition_id"":""tau_2000"",""evaluation"":""stationary"",""stage"":""c1-sensitivity""}",c6bec9d7ef8d6cc4c988a25905b1e25ac861fe33d4c60bda138851fd7ea3ac8b,tau_2000,tau,259532972,1658901581,none,none,revision_C_base@f0684f8459a1,f0684f8459a1f1424f630778b2c606434d0bce08,27784880a3418d09b46f5afe2a7042757968dd5494a542fdab85e6a06fc60fb2,c1-sensitivity_20260826_073133_703049_c676526b,c676526b916d560a4651031b0ad6002a640325534681ef2670109fbd500a6bef,evidence,revision_B_base,revision_B_base,5,200000.0,xlarge,45.0,80.0,5.0,0.5,1.0
1,43,dynamic_3step,0.5,0.8,2000.0,0.33952386588157896,6999.971268844031,0.33976877030038655,13.726661264181523,0.9271490728332162,12340,8507,8508,8799,8800,200002.60498801124,429.35689487401396,3978,"[[520647.9649749217,5662895.104022372],[520750.9011834474,5662923.705106928],[520619.5439127976,5662887.529284183],[520660.59539358615,5662860.8589034155],[520601.16985800257,5662944.568816733]]",523844ed78a0f583e442b643c9217c5abbf3c0623bfd68739147060cf00e4cb4,3069459e3f873ec632e2d06ba26a3960c3e1650975d3619f7ea1a41d6829a1d1,none,stationary,matched_prior_exact,1,0,"{""condition_id"":""tau_2000"",""evaluation"":""stationary"",""stage"":""c1-sensitivity""}",c6bec9d7ef8d6cc4c988a25905b1e25ac861fe33d4c60bda138851fd7ea3ac8b,tau_2000,tau,259532972,1658901581,none,none,revision_C_base@f0684f8459a1,f0684f8459a1f1424f630778b2c606434d0bce08,27784880a3418d09b46f5afe2a7042757968dd5494a542fdab85e6a06fc60fb2,c1-sensitivity_20260826_073133_703049_c676526b,c676526b916d560a4651031b0ad6002a640325534681ef2670109fbd500a6bef,evidence,revision_B_base,revision_B_base,5,200000.0,xlarge,45.0,80.0,5.0,0.5,1.0
1,43,online_static_3step,0.5,0.8,32000.0,0.20305374149847052,7501.372629451665,0.20323209086309207,32.17416144489495,0.9689191588811814,5426,8799,8800,8799,8800,200014.28154473013,478.3532557603903,4919,"[[520647.9649749217,5662895.104022372],[520750.9011834474,5662923.705106928],[520619.5439127976,5662887.529284183],[520660.59539358615,5662860.8589034155],[520601.16985800257,5662944.568816733]]",523844ed78a0f583e442b643c9217c5abbf3c0623bfd68739147060cf00e4cb4,ebdca9896e5432497830b02d1bfd0028ec8410ed44a5ddac541df79da4af96c1,none,stationary,matched_prior_exact,1,0,"{""condition_id"":""tau_32000"",""evaluation"":""stationary"",""stage"":""c1-sensitivity""}",8a58528425303c8d4847dd0f657d9dd8b3e59f2d0adcd442e9348c96ebfaa71e,tau_32000,tau,2658140427,1422547136,none,none,revision_C_base@f0684f8459a1,f0684f8459a1f1424f630778b2c606434d0bce08,27784880a3418d09b46f5afe2a7042757968dd5494a542fdab85e6a06fc60fb2,c1-sensitivity_20260826_073133_703049_c676526b,c676526b916d560a4651031b0ad6002a640325534681ef2670109fbd500a6bef,evidence,revision_B_base,revision_B_base,5,200000.0,xlarge,45.0,80.0,5.0,0.5,1.0
1,43,dynamic_3step,0.5,0.8,32000.0,0.33338552738052485,7012.278126817941,0.33368816082800895,12.850961904037716,0.9221848132873381,13151,8496,8497,8799,8800,200015.0387746352,435.70399452280253,4031,"[[520647.9649749217,5662895.104022372],[520750.9011834474,5662923.705106928],[520619.5439127976,5662887.529284183],[520660.59539358615,5662860.8589034155],[520601.16985800257,5662944.568816733]]",523844ed78a0f583e442b643c9217c5abbf3c0623bfd68739147060cf00e4cb4,d2813c98d001cddf34bea1bfcd41e10e8f06010917e7061dc11a3f975250dd39,none,stationary,matched_prior_exact,1,0,"{""condition_id"":""tau_32000"",""evaluation"":""stationary"",""stage"":""c1-sensitivity""}",8a58528425303c8d4847dd0f657d9dd8b3e59f2d0adcd442e9348c96ebfaa71e,tau_32000,tau,2658140427,1422547136,none,none,revision_C_base@f0684f8459a1,f0684f8459a1f1424f630778b2c606434d0bce08,27784880a3418d09b46f5afe2a7042757968dd5494a542fdab85e6a06fc60fb2,c1-sensitivity_20260826_073133_703049_c676526b,c676526b916d560a4651031b0ad6002a640325534681ef2670109fbd500a6bef,evidence,revision_B_base,revision_B_base,5,200000.0,xlarge,45.0,80.0,5.0,0.5,1.0
1,43,online_static_3step,0.5,0.8,128000.0,0.20305374149847052,7501.372629451665,0.20323209086309207,32.17416144489495,0.9689191588811814,5426,8799,8800,8799,8800,200014.28154473013,482.60302508063614,4919,"[[520647.9649749217,5662895.104022372],[520750.9011834474,5662923.705106928],[520619.5439127976,5662887.529284183],[520660.59539358615,5662860.8589034155],[520601.16985800257,5662944.568816733]]",523844ed78a0f583e442b643c9217c5abbf3c0623bfd68739147060cf00e4cb4,ebdca9896e5432497830b02d1bfd0028ec8410ed44a5ddac541df79da4af96c1,none,stationary,matched_prior_exact,1,0,"{""condition_id"":""tau_128000"",""evaluation"":""stationary"",""stage"":""c1-sensitivity""}",a5c02adbe48ed5ee84f4ce8296410944cac16371cf65714dbb3f0b6d5aca5bba,tau_128000,tau,3794329568,2728873534,none,none,revision_C_base@f0684f8459a1,f0684f8459a1f1424f630778b2c606434d0bce08,27784880a3418d09b46f5afe2a7042757968dd5494a542fdab85e6a06fc60fb2,c1-sensitivity_20260826_073133_703049_c676526b,c676526b916d560a4651031b0ad6002a640325534681ef2670109fbd500a6bef,evidence,revision_B_base,revision_B_base,5,200000.0,xlarge,45.0,80.0,5.0,0.5,1.0
1,43,dynamic_3step,0.5,0.8,128000.0,0.3646475168342852,6874.279784807324,0.3649658278744328,11.868006442125902,0.9157398502540017,14281,8512,8513,8799,8800,200000.71318043378,438.41407476738095,4082,"[[520647.9649749217,5662895.104022372],[520750.9011834474,5662923.705106928],[520619.5439127976,5662887.529284183],[520660.59539358615,5662860.8589034155],[520601.16985800257,5662944.568816733]]",523844ed78a0f583e442b643c9217c5abbf3c0623bfd68739147060cf00e4cb4,7e273959cf9de51435cb789c2a8d4470070098ef4c93b70b9382bd94cc73f6be,none,stationary,matched_prior_exact,1,0,"{""condition_id"":""tau_128000"",""evaluation"":""stationary"",""stage"":""c1-sensitivity""}",a5c02adbe48ed5ee84f4ce8296410944cac16371cf65714dbb3f0b6d5aca5bba,tau_128000,tau,3794329568,2728873534,none,none,revision_C_base@f0684f8459a1,f0684f8459a1f1424f630778b2c606434d0bce08,27784880a3418d09b46f5afe2a7042757968dd5494a542fdab85e6a06fc60fb2,c1-sensitivity_20260826_073133_703049_c676526b,c676526b916d560a4651031b0ad6002a640325534681ef2670109fbd500a6bef,evidence,revision_B_base,revision_B_base,5,200000.0,xlarge,45.0,80.0,5.0,0.5,1.0
1,44,online_static_3step,0.0,0.8,10000.0,0.32446453623402727,6865.758953890252,0.32482734727178236,13.857834687679553,0.9278386542676065,12183,8499,8500,8499,8500,200004.9095474836,359.49163911980577,4088,"[[520696.4868621241,5662947.577361604],[520578.32640263636,5662967.147165437],[520708.48603658227,5662991.097060128],[520690.22232444835,5662961.878196735],[520625.57199829567,5662841.645476752]]",2dab5376247a9528a31142c1fd9440d80012f57468cb93f8a65ac77b40067382,fe9fb6e640af4380ad634c0eb2e37cdb9b3bfb6e4c6d646318d2a3112fdf8acc,none,stationary,matched_prior_exact,1,0,"{""condition_id"":""w_0"",""evaluation"":""stationary"",""stage"":""c1-sensitivity""}",80b02168b0975833d2c36bd6a41894c825064836584f37bc644dbaac89ab91cc,w_0,w,1375366728,824974093,none,none,revision_C_base@f0684f8459a1,f0684f8459a1f1424f630778b2c606434d0bce08,27784880a3418d09b46f5afe2a7042757968dd5494a542fdab85e6a06fc60fb2,c1-sensitivity_20260826_073133_703049_c676526b,c676526b916d560a4651031b0ad6002a640325534681ef2670109fbd500a6bef,evidence,revision_B_base,revision_B_base,5,200000.0,xlarge,45.0,80.0,5.0,0.5,1.0
1,44,dynamic_3step,0.0,0.8,10000.0,0.32446453623402727,6865.758953890252,0.32482734727178236,13.857834687679553,0.9278386542676065,12183,8499,8500,8499,8500,200004.9095474836,395.33169862045906,4088,"[[520696.4868621241,5662947.577361604],[520578.32640263636,5662967.147165437],[520708.48603658227,5662991.097060128],[520690.22232444835,5662961.878196735],[520625.57199829567,5662841.645476752]]",2dab5376247a9528a31142c1fd9440d80012f57468cb93f8a65ac77b40067382,fe9fb6e640af4380ad634c0eb2e37cdb9b3bfb6e4c6d646318d2a3112fdf8acc,none,stationary,matched_prior_exact,1,0,"{""condition_id"":""w_0"",""evaluation"":""stationary"",""stage"":""c1-sensitivity""}",80b02168b0975833d2c36bd6a41894c825064836584f37bc644dbaac89ab91cc,w_0,w,1375366728,824974093,none,none,revision_C_base@f0684f8459a1,f0684f8459a1f1424f630778b2c606434d0bce08,27784880a3418d09b46f5afe2a7042757968dd5494a542fdab85e6a06fc60fb2,c1-sensitivity_20260826_073133_703049_c676526b,c676526b916d560a4651031b0ad6002a640325534681ef2670109fbd500a6bef,evidence,revision_B_base,revision_B_base,5,200000.0,xlarge,45.0,80.0,5.0,0.5,1.0
1,44,online_static_3step,0.25,0.8,10000.0,0.3380803686458849,6778.27389682143,0.33852338804851806,13.068718573822947,0.9234814037542264,13126,8618,8619,8618,8619,200009.32125932502,419.38931657793,4238,"[[520696.4868621241,5662947.577361604],[520578.32640263636,5662967.147165437],[520708.48603658227,5662991.097060128],[520690.22232444835,5662961.878196735],[520625.57199829567,5662841.645476752]]",2dab5376247a9528a31142c1fd9440d80012f57468cb93f8a65ac77b40067382,89ab1acf92945548d64de39ac39a8877b5d5ca0fec6f4033c0bfcdb11041be49,none,stationary,matched_prior_exact,1,0,"{""condition_id"":""w_025"",""evaluation"":""stationary"",""stage"":""c1-sensitivity""}",d3fe2ac77d42fbc7de79e9a302672c1a34fb85db107cd698d5b9495b5ed73325,w_025,w,3712916046,1021944280,none,none,revision_C_base@f0684f8459a1,f0684f8459a1f1424f630778b2c606434d0bce08,27784880a3418d09b46f5afe2a7042757968dd5494a542fdab85e6a06fc60fb2,c1-sensitivity_20260826_073133_703049_c676526b,c676526b916d560a4651031b0ad6002a640325534681ef2670109fbd500a6bef,evidence,revision_B_base,revision_B_base,5,200000.0,xlarge,45.0,80.0,5.0,0.5,1.0
1,44,dynamic_3step,0.25,0.8,10000.0,0.3695602364088626,6654.731729396985,0.36995993653491505,11.390298205370396,0.9122059860093469,14822,8494,8495,8618,8619,200005.0839510372,437.01627649297006,4056,"[[520696.4868621241,5662947.577361604],[520578.32640263636,5662967.147165437],[520708.48603658227,5662991.097060128],[520690.22232444835,5662961.878196735],[520625.57199829567,5662841.645476752]]",2dab5376247a9528a31142c1fd9440d80012f57468cb93f8a65ac77b40067382,bdc1215d1f771747b53e5a3fa43a90d2ac4ab95e6e5f2e1f98c73a4c354f7b3d,none,stationary,matched_prior_exact,1,0,"{""condition_id"":""w_025"",""evaluation"":""stationary"",""stage"":""c1-sensitivity""}",d3fe2ac77d42fbc7de79e9a302672c1a34fb85db107cd698d5b9495b5ed73325,w_025,w,3712916046,1021944280,none,none,revision_C_base@f0684f8459a1,f0684f8459a1f1424f630778b2c606434d0bce08,27784880a3418d09b46f5afe2a7042757968dd5494a542fdab85e6a06fc60fb2,c1-sensitivity_20260826_073133_703049_c676526b,c676526b916d560a4651031b0ad6002a640325534681ef2670109fbd500a6bef,evidence,revision_B_base,revision_B_base,5,200000.0,xlarge,45.0,80.0,5.0,0.5,1.0
1,44,online_static_3step,0.5,0.8,10000.0,0.23602856324517463,7209.027151718776,0.23623932739904632,25.704022561971204,0.9610955834796268,6737,8675,8676,8675,8676,200016.18080390524,415.31437838240527,4234,"[[520696.4868621241,5662947.577361604],[520578.32640263636,5662967.147165437],[520708.48603658227,5662991.097060128],[520690.22232444835,5662961.878196735],[520625.57199829567,5662841.645476752]]",2dab5376247a9528a31142c1fd9440d80012f57468cb93f8a65ac77b40067382,eaf2605b76980bd0aab2c64a463bf2d95aac80b8cb061aa192e21e56af7f46e7,none,stationary,matched_prior_exact,1,0,"{""condition_id"":""nominal"",""evaluation"":""stationary"",""stage"":""c1-sensitivity""}",33661ab33ce355b68312ce72c8f28ade62ec8305f639d3c5c5420d991c48f0d2,nominal,nominal,3358857342,3717872407,none,none,revision_C_base@f0684f8459a1,f0684f8459a1f1424f630778b2c606434d0bce08,27784880a3418d09b46f5afe2a7042757968dd5494a542fdab85e6a06fc60fb2,c1-sensitivity_20260826_073133_703049_c676526b,c676526b916d560a4651031b0ad6002a640325534681ef2670109fbd500a6bef,evidence,revision_B_base,revision_B_base,5,200000.0,xlarge,45.0,80.0,5.0,0.5,1.0
1,44,dynamic_3step,0.5,0.8,10000.0,0.35436695188503564,6966.150879575487,0.354700030125486,12.625307766917855,0.9207940100580911,13403,8502,8503,8675,8676,200008.03964414523,436.02643852937035,4035,"[[520696.4868621241,5662947.577361604],[520578.32640263636,5662967.147165437],[520708.48603658227,5662991.097060128],[520690.22232444835,5662961.878196735],[520625.57199829567,5662841.645476752]]",2dab5376247a9528a31142c1fd9440d80012f57468cb93f8a65ac77b40067382,b06f496e1139be53ba238524d9c743a507805e81a1caeb39959f91a2400bcabb,none,stationary,matched_prior_exact,1,0,"{""condition_id"":""nominal"",""evaluation"":""stationary"",""stage"":""c1-sensitivity""}",33661ab33ce355b68312ce72c8f28ade62ec8305f639d3c5c5420d991c48f0d2,nominal,nominal,3358857342,3717872407,none,none,revision_C_base@f0684f8459a1,f0684f8459a1f1424f630778b2c606434d0bce08,27784880a3418d09b46f5afe2a7042757968dd5494a542fdab85e6a06fc60fb2,c1-sensitivity_20260826_073133_703049_c676526b,c676526b916d560a4651031b0ad6002a640325534681ef2670109fbd500a6bef,evidence,revision_B_base,revision_B_base,5,200000.0,xlarge,45.0,80.0,5.0,0.5,1.0
1,44,online_static_3step,0.75,0.8,10000.0,0.04975980870813393,8832.594941183932,0.04980566634646792,190.1076923076923,0.9947398235817755,975,9269,9270,9269,9270,200006.16951777355,509.18349515507,5282,"[[520696.4868621241,5662947.577361604],[520578.32640263636,5662967.147165437],[520708.48603658227,5662991.097060128],[520690.22232444835,5662961.878196735],[520625.57199829567,5662841.645476752]]",2dab5376247a9528a31142c1fd9440d80012f57468cb93f8a65ac77b40067382,251c532404b81cdf1c9194c0511080687301faa48a37db7146f8c121c6382b0f,none,stationary,matched_prior_exact,1,0,"{""condition_id"":""w_075"",""evaluation"":""stationary"",""stage"":""c1-sensitivity""}",dd16bccb6fb666ed0827b0b565b90295f086cf20694f1dd0b5c1942221a74648,w_075,w,885332414,755905156,none,none,revision_C_base@f0684f8459a1,f0684f8459a1f1424f630778b2c606434d0bce08,27784880a3418d09b46f5afe2a7042757968dd5494a542fdab85e6a06fc60fb2,c1-sensitivity_20260826_073133_703049_c676526b,c676526b916d560a4651031b0ad6002a640325534681ef2670109fbd500a6bef,evidence,revision_B_base,revision_B_base,5,200000.0,xlarge,45.0,80.0,5.0,0.5,1.0
1,44,dynamic_3step,0.75,0.8,10000.0,0.3598834054263259,7213.737574465165,0.3602401306664345,12.299150881776617,0.9186935740839086,13779,8511,8512,9269,9270,200008.4202324498,434.2638429806102,3985,"[[520696.4868621241,5662947.577361604],[520578.32640263636,5662967.147165437],[520708.48603658227,5662991.097060128],[520690.22232444835,5662961.878196735],[520625.57199829567,5662841.645476752]]",2dab5376247a9528a31142c1fd9440d80012f57468cb93f8a65ac77b40067382,8dc6ace0001faaba8ace645b1e4cd6d203fc7b8d1f25b19853457c4f61d4afe5,none,stationary,matched_prior_exact,1,0,"{""condition_id"":""w_075"",""evaluation"":""stationary"",""stage"":""c1-sensitivity""}",dd16bccb6fb666ed0827b0b565b90295f086cf20694f1dd0b5c1942221a74648,w_075,w,885332414,755905156,none,none,revision_C_base@f0684f8459a1,f0684f8459a1f1424f630778b2c606434d0bce08,27784880a3418d09b46f5afe2a7042757968dd5494a542fdab85e6a06fc60fb2,c1-sensitivity_20260826_073133_703049_c676526b,c676526b916d560a4651031b0ad6002a640325534681ef2670109fbd500a6bef,evidence,revision_B_base,revision_B_base,5,200000.0,xlarge,45.0,80.0,5.0,0.5,1.0
1,44,online_static_3step,1.0,0.8,10000.0,0.006993243798772546,8731.897600821652,0.006998185623129938,1247.1560283687943,0.9991981757075673,141,8792,8793,8792,8793,200008.56035760115,367.83732348051853,3900,"[[520696.4868621241,5662947.577361604],[520578.32640263636,5662967.147165437],[520708.48603658227,5662991.097060128],[520690.22232444835,5662961.878196735],[520625.57199829567,5662841.645476752]]",2dab5376247a9528a31142c1fd9440d80012f57468cb93f8a65ac77b40067382,afd22482e5a68b37e68f18607b0348a4f24c2f4721940197691182f599b3aa70,none,stationary,matched_prior_exact,1,0,"{""condition_id"":""w_1"",""evaluation"":""stationary"",""stage"":""c1-sensitivity""}",a7560dbaa977cea1795a4b0bd3ba265a0712530b452662170ae9efd74531b738,w_1,w,3944647109,778480652,none,none,revision_C_base@f0684f8459a1,f0684f8459a1f1424f630778b2c606434d0bce08,27784880a3418d09b46f5afe2a7042757968dd5494a542fdab85e6a06fc60fb2,c1-sensitivity_20260826_073133_703049_c676526b,c676526b916d560a4651031b0ad6002a640325534681ef2670109fbd500a6bef,evidence,revision_B_base,revision_B_base,5,200000.0,xlarge,45.0,80.0,5.0,0.5,1.0
1,44,dynamic_3step,1.0,0.8,10000.0,0.3571571978936093,6907.077945030849,0.35759917075357656,12.029543356295717,0.9168713250053132,14081,8504,8505,8792,8793,200000.28333415574,428.31063774134964,3955,"[[520696.4868621241,5662947.577361604],[520578.32640263636,5662967.147165437],[520708.48603658227,5662991.097060128],[520690.22232444835,5662961.878196735],[520625.57199829567,5662841.645476752]]",2dab5376247a9528a31142c1fd9440d80012f57468cb93f8a65ac77b40067382,4012842a5fe5ce94960bf7d9c358b9a52ef7fdd47de60760588b4609cf5eb8bb,none,stationary,matched_prior_exact,1,0,"{""condition_id"":""w_1"",""evaluation"":""stationary"",""stage"":""c1-sensitivity""}",a7560dbaa977cea1795a4b0bd3ba265a0712530b452662170ae9efd74531b738,w_1,w,3944647109,778480652,none,none,revision_C_base@f0684f8459a1,f0684f8459a1f1424f630778b2c606434d0bce08,27784880a3418d09b46f5afe2a7042757968dd5494a542fdab85e6a06fc60fb2,c1-sensitivity_20260826_073133_703049_c676526b,c676526b916d560a4651031b0ad6002a640325534681ef2670109fbd500a6bef,evidence,revision_B_base,revision_B_base,5,200000.0,xlarge,45.0,80.0,5.0,0.5,1.0
1,44,online_static_3step,0.5,0.6,10000.0,0.23475656235509262,7217.166968427374,0.23623932739904632,25.704022561971204,0.9610955834796268,6737,8675,8676,8675,8676,200016.18080390524,417.7042639153078,4234,"[[520696.4868621241,5662947.577361604],[520578.32640263636,5662967.147165437],[520708.48603658227,5662991.097060128],[520690.22232444835,5662961.878196735],[520625.57199829567,5662841.645476752]]",2dab5376247a9528a31142c1fd9440d80012f57468cb93f8a65ac77b40067382,eaf2605b76980bd0aab2c64a463bf2d95aac80b8cb061aa192e21e56af7f46e7,none,stationary,matched_prior_exact,1,0,"{""condition_id"":""pd_060"",""evaluation"":""stationary"",""stage"":""c1-sensitivity""}",8bcc633790e55489f4fbf2bd9b0dc37e28e3051e2872807588f965813e490d2b,pd_060,p_d,980552811,2533691734,none,none,revision_C_base@f0684f8459a1,f0684f8459a1f1424f630778b2c606434d0bce08,27784880a3418d09b46f5afe2a7042757968dd5494a542fdab85e6a06fc60fb2,c1-sensitivity_20260826_073133_703049_c676526b,c676526b916d560a4651031b0ad6002a640325534681ef2670109fbd500a6bef,evidence,revision_B_base,revision_B_base,5,200000.0,xlarge,45.0,80.0,5.0,0.5,1.0
1,44,dynamic_3step,0.5,0.6,10000.0,0.32847955352044667,6867.174692737872,0.3301413867227003,13.66123699701637,0.9268001865264177,12401,8497,8498,8675,8676,200008.9638838278,426.3152316403575,3950,"[[520696.4868621241,5662947.577361604],[520578.32640263636,5662967.147165437],[520708.48603658227,5662991.097060128],[520690.22232444835,5662961.878196735],[520625.57199829567,5662841.645476752]]",2dab5376247a9528a31142c1fd9440d80012f57468cb93f8a65ac77b40067382,e8a40ee94083a53ce507e0bba7d790ad97d47a2bafe334bf7c09a14fe8ca6471,none,stationary,matched_prior_exact,1,0,"{""condition_id"":""pd_060"",""evaluation"":""stationary"",""stage"":""c1-sensitivity""}",8bcc633790e55489f4fbf2bd9b0dc37e28e3051e2872807588f965813e490d2b,pd_060,p_d,980552811,2533691734,none,none,revision_C_base@f0684f8459a1,f0684f8459a1f1424f630778b2c606434d0bce08,27784880a3418d09b46f5afe2a7042757968dd5494a542fdab85e6a06fc60fb2,c1-sensitivity_20260826_073133_703049_c676526b,c676526b916d560a4651031b0ad6002a640325534681ef2670109fbd500a6bef,evidence,revision_B_base,revision_B_base,5,200000.0,xlarge,45.0,80.0,5.0,0.5,1.0
1,44,online_static_3step,0.5,0.95,10000.0,0.23622844972693835,7207.717214127925,0.23623932739904632,25.704022561971204,0.9610955834796268,6737,8675,8676,8675,8676,200016.18080390524,415.8670364676509,4234,"[[520696.4868621241,5662947.577361604],[520578.32640263636,5662967.147165437],[520708.48603658227,5662991.097060128],[520690.22232444835,5662961.878196735],[520625.57199829567,5662841.645476752]]",2dab5376247a9528a31142c1fd9440d80012f57468cb93f8a65ac77b40067382,eaf2605b76980bd0aab2c64a463bf2d95aac80b8cb061aa192e21e56af7f46e7,none,stationary,matched_prior_exact,1,0,"{""condition_id"":""pd_095"",""evaluation"":""stationary"",""stage"":""c1-sensitivity""}",d6a45689f8c015d047506b0521b3bb8739ec6480e1dcbc30a7bddda4e459b8cc,pd_095,p_d,3318948714,1672681371,none,none,revision_C_base@f0684f8459a1,f0684f8459a1f1424f630778b2c606434d0bce08,27784880a3418d09b46f5afe2a7042757968dd5494a542fdab85e6a06fc60fb2,c1-sensitivity_20260826_073133_703049_c676526b,c676526b916d560a4651031b0ad6002a640325534681ef2670109fbd500a6bef,evidence,revision_B_base,revision_B_base,5,200000.0,xlarge,45.0,80.0,5.0,0.5,1.0
1,44,dynamic_3step,0.5,0.95,10000.0,0.3399467354126474,6863.854623838376,0.339966288853394,13.847632289196042,0.9277854885863627,12227,8506,8507,8675,8676,200016.5742873707,444.80306558776647,4117,"[[520696.4868621241,5662947.577361604],[520578.32640263636,5662967.147165437],[520708.48603658227,5662991.097060128],[520690.22232444835,5662961.878196735],[520625.57199829567,5662841.645476752]]",2dab5376247a9528a31142c1fd9440d80012f57468cb93f8a65ac77b40067382,9b15450b2ab300c6f7e398ecbf030e81761579f8b72c0e52bac18d56e9e868de,none,stationary,matched_prior_exact,1,0,"{""condition_id"":""pd_095"",""evaluation"":""stationary"",""stage"":""c1-sensitivity""}",d6a45689f8c015d047506b0521b3bb8739ec6480e1dcbc30a7bddda4e459b8cc,pd_095,p_d,3318948714,1672681371,none,none,revision_C_base@f0684f8459a1,f0684f8459a1f1424f630778b2c606434d0bce08,27784880a3418d09b46f5afe2a7042757968dd5494a542fdab85e6a06fc60fb2,c1-sensitivity_20260826_073133_703049_c676526b,c676526b916d560a4651031b0ad6002a640325534681ef2670109fbd500a6bef,evidence,revision_B_base,revision_B_base,5,200000.0,xlarge,45.0,80.0,5.0,0.5,1.0
1,44,online_static_3step,0.5,0.8,2000.0,0.23602856324517463,7209.027151718776,0.23623932739904632,25.704022561971204,0.9610955834796268,6737,8675,8676,8675,8676,200016.18080390524,413.32187256240286,4234,"[[520696.4868621241,5662947.577361604],[520578.32640263636,5662967.147165437],[520708.48603658227,5662991.097060128],[520690.22232444835,5662961.878196735],[520625.57199829567,5662841.645476752]]",2dab5376247a9528a31142c1fd9440d80012f57468cb93f8a65ac77b40067382,eaf2605b76980bd0aab2c64a463bf2d95aac80b8cb061aa192e21e56af7f46e7,none,stationary,matched_prior_exact,1,0,"{""condition_id"":""tau_2000"",""evaluation"":""stationary"",""stage"":""c1-sensitivity""}",c6bec9d7ef8d6cc4c988a25905b1e25ac861fe33d4c60bda138851fd7ea3ac8b,tau_2000,tau,3652580153,649661075,none,none,revision_C_base@f0684f8459a1,f0684f8459a1f1424f630778b2c606434d0bce08,27784880a3418d09b46f5afe2a7042757968dd5494a542fdab85e6a06fc60fb2,c1-sensitivity_20260826_073133_703049_c676526b,c676526b916d560a4651031b0ad6002a640325534681ef2670109fbd500a6bef,evidence,revision_B_base,revision_B_base,5,200000.0,xlarge,45.0,80.0,5.0,0.5,1.0
1,44,dynamic_3step,0.5,0.8,2000.0,0.36118669268568343,6852.101613324176,0.3615448156633308,12.236332079838009,0.9182761636840736,13828,8499,8500,8675,8676,200015.44475184975,445.7361625675112,4164,"[[520696.4868621241,5662947.577361604],[520578.32640263636,5662967.147165437],[520708.48603658227,5662991.097060128],[520690.22232444835,5662961.878196735],[520625.57199829567,5662841.645476752]]",2dab5376247a9528a31142c1fd9440d80012f57468cb93f8a65ac77b40067382,28a38e6b07c573ac14d176a070dd76008b789dacc9562cc538c28a2e5ed8da7f,none,stationary,matched_prior_exact,1,0,"{""condition_id"":""tau_2000"",""evaluation"":""stationary"",""stage"":""c1-sensitivity""}",c6bec9d7ef8d6cc4c988a25905b1e25ac861fe33d4c60bda138851fd7ea3ac8b,tau_2000,tau,3652580153,649661075,none,none,revision_C_base@f0684f8459a1,f0684f8459a1f1424f630778b2c606434d0bce08,27784880a3418d09b46f5afe2a7042757968dd5494a542fdab85e6a06fc60fb2,c1-sensitivity_20260826_073133_703049_c676526b,c676526b916d560a4651031b0ad6002a640325534681ef2670109fbd500a6bef,evidence,revision_B_base,revision_B_base,5,200000.0,xlarge,45.0,80.0,5.0,0.5,1.0
1,44,online_static_3step,0.5,0.8,32000.0,0.23602856324517463,7209.027151718776,0.23623932739904632,25.704022561971204,0.9610955834796268,6737,8675,8676,8675,8676,200016.18080390524,416.9173263129778,4234,"[[520696.4868621241,5662947.577361604],[520578.32640263636,5662967.147165437],[520708.48603658227,5662991.097060128],[520690.22232444835,5662961.878196735],[520625.57199829567,5662841.645476752]]",2dab5376247a9528a31142c1fd9440d80012f57468cb93f8a65ac77b40067382,eaf2605b76980bd0aab2c64a463bf2d95aac80b8cb061aa192e21e56af7f46e7,none,stationary,matched_prior_exact,1,0,"{""condition_id"":""tau_32000"",""evaluation"":""stationary"",""stage"":""c1-sensitivity""}",8a58528425303c8d4847dd0f657d9dd8b3e59f2d0adcd442e9348c96ebfaa71e,tau_32000,tau,3808222753,3298592598,none,none,revision_C_base@f0684f8459a1,f0684f8459a1f1424f630778b2c606434d0bce08,27784880a3418d09b46f5afe2a7042757968dd5494a542fdab85e6a06fc60fb2,c1-sensitivity_20260826_073133_703049_c676526b,c676526b916d560a4651031b0ad6002a640325534681ef2670109fbd500a6bef,evidence,revision_B_base,revision_B_base,5,200000.0,xlarge,45.0,80.0,5.0,0.5,1.0
1,44,dynamic_3step,0.5,0.8,32000.0,0.3139604177491725,7097.917439755987,0.3141811451680963,15.296105538989789,0.9346238820429815,11067,8504,8505,8675,8676,200014.83599823114,430.97547962516546,4047,"[[520696.4868621241,5662947.577361604],[520578.32640263636,5662967.147165437],[520708.48603658227,5662991.097060128],[520690.22232444835,5662961.878196735],[520625.57199829567,5662841.645476752]]",2dab5376247a9528a31142c1fd9440d80012f57468cb93f8a65ac77b40067382,8a0751f551846eb333705e09c1eb9d56715526bf785efd6fe46c85a32246cd58,none,stationary,matched_prior_exact,1,0,"{""condition_id"":""tau_32000"",""evaluation"":""stationary"",""stage"":""c1-sensitivity""}",8a58528425303c8d4847dd0f657d9dd8b3e59f2d0adcd442e9348c96ebfaa71e,tau_32000,tau,3808222753,3298592598,none,none,revision_C_base@f0684f8459a1,f0684f8459a1f1424f630778b2c606434d0bce08,27784880a3418d09b46f5afe2a7042757968dd5494a542fdab85e6a06fc60fb2,c1-sensitivity_20260826_073133_703049_c676526b,c676526b916d560a4651031b0ad6002a640325534681ef2670109fbd500a6bef,evidence,revision_B_base,revision_B_base,5,200000.0,xlarge,45.0,80.0,5.0,0.5,1.0
1,44,online_static_3step,0.5,0.8,128000.0,0.23602856324517463,7209.027151718776,0.23623932739904632,25.704022561971204,0.9610955834796268,6737,8675,8676,8675,8676,200016.18080390524,419.22372668632306,4234,"[[520696.4868621241,5662947.577361604],[520578.32640263636,5662967.147165437],[520708.48603658227,5662991.097060128],[520690.22232444835,5662961.878196735],[520625.57199829567,5662841.645476752]]",2dab5376247a9528a31142c1fd9440d80012f57468cb93f8a65ac77b40067382,eaf2605b76980bd0aab2c64a463bf2d95aac80b8cb061aa192e21e56af7f46e7,none,stationary,matched_prior_exact,1,0,"{""condition_id"":""tau_128000"",""evaluation"":""stationary"",""stage"":""c1-sensitivity""}",a5c02adbe48ed5ee84f4ce8296410944cac16371cf65714dbb3f0b6d5aca5bba,tau_128000,tau,3105195928,581599470,none,none,revision_C_base@f0684f8459a1,f0684f8459a1f1424f630778b2c606434d0bce08,27784880a3418d09b46f5afe2a7042757968dd5494a542fdab85e6a06fc60fb2,c1-sensitivity_20260826_073133_703049_c676526b,c676526b916d560a4651031b0ad6002a640325534681ef2670109fbd500a6bef,evidence,revision_B_base,revision_B_base,5,200000.0,xlarge,45.0,80.0,5.0,0.5,1.0
1,44,dynamic_3step,0.5,0.8,128000.0,0.3392522250000194,7049.6619962485975,0.3395093174583315,13.710439071723135,0.9270628756111514,12367,8515,8516,8675,8676,200002.73297319544,423.9068059641868,3964,"[[520696.4868621241,5662947.577361604],[520578.32640263636,5662967.147165437],[520708.48603658227,5662991.097060128],[520690.22232444835,5662961.878196735],[520625.57199829567,5662841.645476752]]",2dab5376247a9528a31142c1fd9440d80012f57468cb93f8a65ac77b40067382,a1f7fba52c040774a18822eba7278e8897cf9da7b0fb529d5f126a35ea1dc585,none,stationary,matched_prior_exact,1,0,"{""condition_id"":""tau_128000"",""evaluation"":""stationary"",""stage"":""c1-sensitivity""}",a5c02adbe48ed5ee84f4ce8296410944cac16371cf65714dbb3f0b6d5aca5bba,tau_128000,tau,3105195928,581599470,none,none,revision_C_base@f0684f8459a1,f0684f8459a1f1424f630778b2c606434d0bce08,27784880a3418d09b46f5afe2a7042757968dd5494a542fdab85e6a06fc60fb2,c1-sensitivity_20260826_073133_703049_c676526b,c676526b916d560a4651031b0ad6002a640325534681ef2670109fbd500a6bef,evidence,revision_B_base,revision_B_base,5,200000.0,xlarge,45.0,80.0,5.0,0.5,1.0
1,45,online_static_3step,0.0,0.8,10000.0,0.31397529220827985,6940.821194821617,0.3142179210006783,14.228276503934342,0.9297174187103066,11819,8471,8472,8472,8473,200000.63781728927,367.4663693595212,4215,"[[520594.86011050467,5662879.965744384],[520667.7347539138,5662822.443784041],[520571.91917911393,5662906.536769972],[520682.0505419891,5662838.300736998],[520591.23509777116,5662956.723982938]]",ca931493022139a148c52ef6d877841359de94e3965a4155825ef527a006aee9,aaf1523a954b9f579c37e152848612c588b6d77465f200151725b03c15f305da,none,stationary,matched_prior_exact,1,0,"{""condition_id"":""w_0"",""evaluation"":""stationary"",""stage"":""c1-sensitivity""}",80b02168b0975833d2c36bd6a41894c825064836584f37bc644dbaac89ab91cc,w_0,w,3650084894,2103791893,none,none,revision_C_base@f0684f8459a1,f0684f8459a1f1424f630778b2c606434d0bce08,27784880a3418d09b46f5afe2a7042757968dd5494a542fdab85e6a06fc60fb2,c1-sensitivity_20260826_073133_703049_c676526b,c676526b916d560a4651031b0ad6002a640325534681ef2670109fbd500a6bef,evidence,revision_B_base,revision_B_base,5,200000.0,xlarge,45.0,80.0,5.0,0.5,1.0
1,45,dynamic_3step,0.0,0.8,10000.0,0.3140181711592265,6940.834459082777,0.31426738108572744,14.226442226357639,0.9297083568689241,11822,8472,8473,8472,8473,200015.7288643304,407.80216785427183,4226,"[[520594.86011050467,5662879.965744384],[520667.7347539138,5662822.443784041],[520571.91917911393,5662906.536769972],[520682.0505419891,5662838.300736998],[520591.23509777116,5662956.723982938]]",ca931493022139a148c52ef6d877841359de94e3965a4155825ef527a006aee9,c287b1034329139661ba9cfb4e5d2fd5e6284079d20295496be5e55245627b44,none,stationary,matched_prior_exact,1,0,"{""condition_id"":""w_0"",""evaluation"":""stationary"",""stage"":""c1-sensitivity""}",80b02168b0975833d2c36bd6a41894c825064836584f37bc644dbaac89ab91cc,w_0,w,3650084894,2103791893,none,none,revision_C_base@f0684f8459a1,f0684f8459a1f1424f630778b2c606434d0bce08,27784880a3418d09b46f5afe2a7042757968dd5494a542fdab85e6a06fc60fb2,c1-sensitivity_20260826_073133_703049_c676526b,c676526b916d560a4651031b0ad6002a640325534681ef2670109fbd500a6bef,evidence,revision_B_base,revision_B_base,5,200000.0,xlarge,45.0,80.0,5.0,0.5,1.0
1,45,online_static_3step,0.25,0.8,10000.0,0.2878978798321591,6884.976443462686,0.28812126728224724,18.20436083796494,0.9450681070925318,9356,8537,8538,8537,8538,200002.22267101673,338.22882094979286,3436,"[[520594.86011050467,5662879.965744384],[520667.7347539138,5662822.443784041],[520571.91917911393,5662906.536769972],[520682.0505419891,5662838.300736998],[520591.23509777116,5662956.723982938]]",ca931493022139a148c52ef6d877841359de94e3965a4155825ef527a006aee9,b273ea1ec250d9c3d654a37c540e05fb35152a8d09033a079354b3e4951ea9f0,none,stationary,matched_prior_exact,1,0,"{""condition_id"":""w_025"",""evaluation"":""stationary"",""stage"":""c1-sensitivity""}",d3fe2ac77d42fbc7de79e9a302672c1a34fb85db107cd698d5b9495b5ed73325,w_025,w,3591170618,111667096,none,none,revision_C_base@f0684f8459a1,f0684f8459a1f1424f630778b2c606434d0bce08,27784880a3418d09b46f5afe2a7042757968dd5494a542fdab85e6a06fc60fb2,c1-sensitivity_20260826_073133_703049_c676526b,c676526b916d560a4651031b0ad6002a640325534681ef2670109fbd500a6bef,evidence,revision_B_base,revision_B_base,5,200000.0,xlarge,45.0,80.0,5.0,0.5,1.0
1,45,dynamic_3step,0.25,0.8,10000.0,0.3478007476413367,6698.191043049703,0.3480577858728384,12.723426678711231,0.9214048207883184,13284,8498,8499,8537,8538,200018.72533555853,437.95343698281795,3980,"[[520594.86011050467,5662879.965744384],[520667.7347539138,5662822.443784041],[520571.91917911393,5662906.536769972],[520682.0505419891,5662838.300736998],[520591.23509777116,5662956.723982938]]",ca931493022139a148c52ef6d877841359de94e3965a4155825ef527a006aee9,c4b8772a58e105e0789337d3cae37de72dda6793018d6fb75dab475f7023a93a,none,stationary,matched_prior_exact,1,0,"{""condition_id"":""w_025"",""evaluation"":""stationary"",""stage"":""c1-sensitivity""}",d3fe2ac77d42fbc7de79e9a302672c1a34fb85db107cd698d5b9495b5ed73325,w_025,w,3591170618,111667096,none,none,revision_C_base@f0684f8459a1,f0684f8459a1f1424f630778b2c606434d0bce08,27784880a3418d09b46f5afe2a7042757968dd5494a542fdab85e6a06fc60fb2,c1-sensitivity_20260826_073133_703049_c676526b,c676526b916d560a4651031b0ad6002a640325534681ef2670109fbd500a6bef,evidence,revision_B_base,revision_B_base,5,200000.0,xlarge,45.0,80.0,5.0,0.5,1.0
1,45,online_static_3step,0.5,0.8,10000.0,0.15108230152419047,7560.183042027886,0.15121713552208552,48.3993851313583,0.9793385804946498,3578,8669,8670,8669,8670,200017.23400304257,373.51732364855707,3929,"[[520594.86011050467,5662879.965744384],[520667.7347539138,5662822.443784041],[520571.91917911393,5662906.536769972],[520682.0505419891,5662838.300736998],[520591.23509777116,5662956.723982938]]",ca931493022139a148c52ef6d877841359de94e3965a4155825ef527a006aee9,57f64cab67d95fb323797b6f99e5c2399ca70ce0ed5ce10f00973a0411795f94,none,stationary,matched_prior_exact,1,0,"{""condition_id"":""nominal"",""evaluation"":""stationary"",""stage"":""c1-sensitivity""}",33661ab33ce355b68312ce72c8f28ade62ec8305f639d3c5c5420d991c48f0d2,nominal,nominal,2240609861,901370609,none,none,revision_C_base@f0684f8459a1,f0684f8459a1f1424f630778b2c606434d0bce08,27784880a3418d09b46f5afe2a7042757968dd5494a542fdab85e6a06fc60fb2,c1-sensitivity_20260826_073133_703049_c676526b,c676526b916d560a4651031b0ad6002a640325534681ef2670109fbd500a6bef,evidence,revision_B_base,revision_B_base,5,200000.0,xlarge,45.0,80.0,5.0,0.5,1.0
1,45,dynamic_3step,0.5,0.8,10000.0,0.36217056218730864,6779.484865222071,0.3624962066517237,12.180301941049605,0.9179002290058313,13910,8508,8509,8669,8670,200000.05829476897,415.7527292885352,3893,"[[520594.86011050467,5662879.965744384],[520667.7347539138,5662822.443784041],[520571.91917911393,5662906.536769972],[520682.0505419891,5662838.300736998],[520591.23509777116,5662956.723982938]]",ca931493022139a148c52ef6d877841359de94e3965a4155825ef527a006aee9,77fc062aad21d5c7b7e190751b19404242d07b25314255217fd149f4ba4563aa,none,stationary,matched_prior_exact,1,0,"{""condition_id"":""nominal"",""evaluation"":""stationary"",""stage"":""c1-sensitivity""}",33661ab33ce355b68312ce72c8f28ade62ec8305f639d3c5c5420d991c48f0d2,nominal,nominal,2240609861,901370609,none,none,revision_C_base@f0684f8459a1,f0684f8459a1f1424f630778b2c606434d0bce08,27784880a3418d09b46f5afe2a7042757968dd5494a542fdab85e6a06fc60fb2,c1-sensitivity_20260826_073133_703049_c676526b,c676526b916d560a4651031b0ad6002a640325534681ef2670109fbd500a6bef,evidence,revision_B_base,revision_B_base,5,200000.0,xlarge,45.0,80.0,5.0,0.5,1.0
1,45,online_static_3step,0.75,0.8,10000.0,0.0229626371162697,9085.722778680214,0.022987897043292682,427.2735632183908,0.9976595790470452,435,9294,9295,9294,9295,200016.37646200592,377.0727281747386,3973,"[[520594.86011050467,5662879.965744384],[520667.7347539138,5662822.443784041],[520571.91917911393,5662906.536769972],[520682.0505419891,5662838.300736998],[520591.23509777116,5662956.723982938]]",ca931493022139a148c52ef6d877841359de94e3965a4155825ef527a006aee9,3a59c0e6d6e1f8a880a78d01fdf0b9cd834b14422d9b380615d25ef1d8b83c04,none,stationary,matched_prior_exact,1,0,"{""condition_id"":""w_075"",""evaluation"":""stationary"",""stage"":""c1-sensitivity""}",dd16bccb6fb666ed0827b0b565b90295f086cf20694f1dd0b5c1942221a74648,w_075,w,586568530,4241755430,none,none,revision_C_base@f0684f8459a1,f0684f8459a1f1424f630778b2c606434d0bce08,27784880a3418d09b46f5afe2a7042757968dd5494a542fdab85e6a06fc60fb2,c1-sensitivity_20260826_073133_703049_c676526b,c676526b916d560a4651031b0ad6002a640325534681ef2670109fbd500a6bef,evidence,revision_B_base,revision_B_base,5,200000.0,xlarge,45.0,80.0,5.0,0.5,1.0
1,45,dynamic_3step,0.75,0.8,10000.0,0.33117949332014496,7272.218045033073,0.3314789265088842,13.836575242125823,0.9277277807187813,12287,8531,8532,9294,9295,200014.3043148294,432.83393704285845,4057,"[[520594.86011050467,5662879.965744384],[520667.7347539138,5662822.443784041],[520571.91917911393,5662906.536769972],[520682.0505419891,5662838.300736998],[520591.23509777116,5662956.723982938]]",ca931493022139a148c52ef6d877841359de94e3965a4155825ef527a006aee9,154f191373b852435cfd9206db4d4c7a01102e7794b5e0495444ee7effd6f8a1,none,stationary,matched_prior_exact,1,0,"{""condition_id"":""w_075"",""evaluation"":""stationary"",""stage"":""c1-sensitivity""}",dd16bccb6fb666ed0827b0b565b90295f086cf20694f1dd0b5c1942221a74648,w_075,w,586568530,4241755430,none,none,revision_C_base@f0684f8459a1,f0684f8459a1f1424f630778b2c606434d0bce08,27784880a3418d09b46f5afe2a7042757968dd5494a542fdab85e6a06fc60fb2,c1-sensitivity_20260826_073133_703049_c676526b,c676526b916d560a4651031b0ad6002a640325534681ef2670109fbd500a6bef,evidence,revision_B_base,revision_B_base,5,200000.0,xlarge,45.0,80.0,5.0,0.5,1.0
1,45,online_static_3step,1.0,0.8,10000.0,0.0065018528891503,8901.075147752184,0.006512065584194195,1378.2769230769231,0.9992744564004108,130,8958,8959,8958,8959,200013.00296468197,380.04079900472425,3985,"[[520594.86011050467,5662879.965744384],[520667.7347539138,5662822.443784041],[520571.91917911393,5662906.536769972],[520682.0505419891,5662838.300736998],[520591.23509777116,5662956.723982938]]",ca931493022139a148c52ef6d877841359de94e3965a4155825ef527a006aee9,d697aaf9b12ea601e2339beae8a7d1579941405afe6c63f881817420c3a23ef1,none,stationary,matched_prior_exact,1,0,"{""condition_id"":""w_1"",""evaluation"":""stationary"",""stage"":""c1-sensitivity""}",a7560dbaa977cea1795a4b0bd3ba265a0712530b452662170ae9efd74531b738,w_1,w,1009240312,2009542958,none,none,revision_C_base@f0684f8459a1,f0684f8459a1f1424f630778b2c606434d0bce08,27784880a3418d09b46f5afe2a7042757968dd5494a542fdab85e6a06fc60fb2,c1-sensitivity_20260826_073133_703049_c676526b,c676526b916d560a4651031b0ad6002a640325534681ef2670109fbd500a6bef,evidence,revision_B_base,revision_B_base,5,200000.0,xlarge,45.0,80.0,5.0,0.5,1.0
1,45,dynamic_3step,1.0,0.8,10000.0,0.3474816907358077,6961.067284978508,0.34785383842900097,12.483870967741936,0.9198966408268734,13578,8508,8509,8958,8959,200021.21340919362,438.26140714413486,4014,"[[520594.86011050467,5662879.965744384],[520667.7347539138,5662822.443784041],[520571.91917911393,5662906.536769972],[520682.0505419891,5662838.300736998],[520591.23509777116,5662956.723982938]]",ca931493022139a148c52ef6d877841359de94e3965a4155825ef527a006aee9,5cf486eb330b1b8b641bf9d8c66245e1b4949073a798ca83cf9cd229d3584811,none,stationary,matched_prior_exact,1,0,"{""condition_id"":""w_1"",""evaluation"":""stationary"",""stage"":""c1-sensitivity""}",a7560dbaa977cea1795a4b0bd3ba265a0712530b452662170ae9efd74531b738,w_1,w,1009240312,2009542958,none,none,revision_C_base@f0684f8459a1,f0684f8459a1f1424f630778b2c606434d0bce08,27784880a3418d09b46f5afe2a7042757968dd5494a542fdab85e6a06fc60fb2,c1-sensitivity_20260826_073133_703049_c676526b,c676526b916d560a4651031b0ad6002a640325534681ef2670109fbd500a6bef,evidence,revision_B_base,revision_B_base,5,200000.0,xlarge,45.0,80.0,5.0,0.5,1.0
1,45,online_static_3step,0.5,0.6,10000.0,0.15019318344474686,7566.88313396893,0.15121713552208552,48.3993851313583,0.9793385804946498,3578,8669,8670,8669,8670,200017.23400304257,377.96810553292744,3929,"[[520594.86011050467,5662879.965744384],[520667.7347539138,5662822.443784041],[520571.91917911393,5662906.536769972],[520682.0505419891,5662838.300736998],[520591.23509777116,5662956.723982938]]",ca931493022139a148c52ef6d877841359de94e3965a4155825ef527a006aee9,57f64cab67d95fb323797b6f99e5c2399ca70ce0ed5ce10f00973a0411795f94,none,stationary,matched_prior_exact,1,0,"{""condition_id"":""pd_060"",""evaluation"":""stationary"",""stage"":""c1-sensitivity""}",8bcc633790e55489f4fbf2bd9b0dc37e28e3051e2872807588f965813e490d2b,pd_060,p_d,2285296347,2562482264,none,none,revision_C_base@f0684f8459a1,f0684f8459a1f1424f630778b2c606434d0bce08,27784880a3418d09b46f5afe2a7042757968dd5494a542fdab85e6a06fc60fb2,c1-sensitivity_20260826_073133_703049_c676526b,c676526b916d560a4651031b0ad6002a640325534681ef2670109fbd500a6bef,evidence,revision_B_base,revision_B_base,5,200000.0,xlarge,45.0,80.0,5.0,0.5,1.0
1,45,dynamic_3step,0.5,0.6,10000.0,0.3382099176776321,6864.670635354507,0.3397515862835751,14.082440846824408,0.928989582780637,12045,8506,8507,8669,8670,200014.1651650147,428.96593463397585,4030,"[[520594.86011050467,5662879.965744384],[520667.7347539138,5662822.443784041],[520571.91917911393,5662906.536769972],[520682.0505419891,5662838.300736998],[520591.23509777116,5662956.723982938]]",ca931493022139a148c52ef6d877841359de94e3965a4155825ef527a006aee9,aea43e8ff3229107a4e95a5dd87dc0cdd83afa8e165386f0680c56ea4191bb62,none,stationary,matched_prior_exact,1,0,"{""condition_id"":""pd_060"",""evaluation"":""stationary"",""stage"":""c1-sensitivity""}",8bcc633790e55489f4fbf2bd9b0dc37e28e3051e2872807588f965813e490d2b,pd_060,p_d,2285296347,2562482264,none,none,revision_C_base@f0684f8459a1,f0684f8459a1f1424f630778b2c606434d0bce08,27784880a3418d09b46f5afe2a7042757968dd5494a542fdab85e6a06fc60fb2,c1-sensitivity_20260826_073133_703049_c676526b,c676526b916d560a4651031b0ad6002a640325534681ef2670109fbd500a6bef,evidence,revision_B_base,revision_B_base,5,200000.0,xlarge,45.0,80.0,5.0,0.5,1.0
1,45,online_static_3step,0.5,0.95,10000.0,0.15120999814405187,7559.199950292199,0.15121713552208552,48.3993851313583,0.9793385804946498,3578,8669,8670,8669,8670,200017.23400304257,380.93699106178246,3929,"[[520594.86011050467,5662879.965744384],[520667.7347539138,5662822.443784041],[520571.91917911393,5662906.536769972],[520682.0505419891,5662838.300736998],[520591.23509777116,5662956.723982938]]",ca931493022139a148c52ef6d877841359de94e3965a4155825ef527a006aee9,57f64cab67d95fb323797b6f99e5c2399ca70ce0ed5ce10f00973a0411795f94,none,stationary,matched_prior_exact,1,0,"{""condition_id"":""pd_095"",""evaluation"":""stationary"",""stage"":""c1-sensitivity""}",d6a45689f8c015d047506b0521b3bb8739ec6480e1dcbc30a7bddda4e459b8cc,pd_095,p_d,551936305,1146629957,none,none,revision_C_base@f0684f8459a1,f0684f8459a1f1424f630778b2c606434d0bce08,27784880a3418d09b46f5afe2a7042757968dd5494a542fdab85e6a06fc60fb2,c1-sensitivity_20260826_073133_703049_c676526b,c676526b916d560a4651031b0ad6002a640325534681ef2670109fbd500a6bef,evidence,revision_B_base,revision_B_base,5,200000.0,xlarge,45.0,80.0,5.0,0.5,1.0
1,45,dynamic_3step,0.5,0.95,10000.0,0.32919461276531037,6984.897806134318,0.3292140620863364,13.050612433556736,0.9233752434921197,12981,8516,8517,8669,8670,200024.38683409506,435.0848021847196,4041,"[[520594.86011050467,5662879.965744384],[520667.7347539138,5662822.443784041],[520571.91917911393,5662906.536769972],[520682.0505419891,5662838.300736998],[520591.23509777116,5662956.723982938]]",ca931493022139a148c52ef6d877841359de94e3965a4155825ef527a006aee9,285784477252e8fa8195949440ed9ab67ee81b34b63f5433973a80533bb6f30d,none,stationary,matched_prior_exact,1,0,"{""condition_id"":""pd_095"",""evaluation"":""stationary"",""stage"":""c1-sensitivity""}",d6a45689f8c015d047506b0521b3bb8739ec6480e1dcbc30a7bddda4e459b8cc,pd_095,p_d,551936305,1146629957,none,none,revision_C_base@f0684f8459a1,f0684f8459a1f1424f630778b2c606434d0bce08,27784880a3418d09b46f5afe2a7042757968dd5494a542fdab85e6a06fc60fb2,c1-sensitivity_20260826_073133_703049_c676526b,c676526b916d560a4651031b0ad6002a640325534681ef2670109fbd500a6bef,evidence,revision_B_base,revision_B_base,5,200000.0,xlarge,45.0,80.0,5.0,0.5,1.0
1,45,online_static_3step,0.5,0.8,2000.0,0.15108230152419047,7560.183042027886,0.15121713552208552,48.3993851313583,0.9793385804946498,3578,8669,8670,8669,8670,200017.23400304257,384.6633679342922,3929,"[[520594.86011050467,5662879.965744384],[520667.7347539138,5662822.443784041],[520571.91917911393,5662906.536769972],[520682.0505419891,5662838.300736998],[520591.23509777116,5662956.723982938]]",ca931493022139a148c52ef6d877841359de94e3965a4155825ef527a006aee9,57f64cab67d95fb323797b6f99e5c2399ca70ce0ed5ce10f00973a0411795f94,none,stationary,matched_prior_exact,1,0,"{""condition_id"":""tau_2000"",""evaluation"":""stationary"",""stage"":""c1-sensitivity""}",c6bec9d7ef8d6cc4c988a25905b1e25ac861fe33d4c60bda138851fd7ea3ac8b,tau_2000,tau,4226951103,1713717087,none,none,revision_C_base@f0684f8459a1,f0684f8459a1f1424f630778b2c606434d0bce08,27784880a3418d09b46f5afe2a7042757968dd5494a542fdab85e6a06fc60fb2,c1-sensitivity_20260826_073133_703049_c676526b,c676526b916d560a4651031b0ad6002a640325534681ef2670109fbd500a6bef,evidence,revision_B_base,revision_B_base,5,200000.0,xlarge,45.0,80.0,5.0,0.5,1.0
1,45,dynamic_3step,0.5,0.8,2000.0,0.33983747366352185,6766.662727445038,0.3401137118844371,12.849325450962558,0.9221749029693159,13194,8514,8515,8669,8670,200023.80801417746,437.70087514957413,3998,"[[520594.86011050467,5662879.965744384],[520667.7347539138,5662822.443784041],[520571.91917911393,5662906.536769972],[520682.0505419891,5662838.300736998],[520591.23509777116,5662956.723982938]]",ca931493022139a148c52ef6d877841359de94e3965a4155825ef527a006aee9,d8298a2b687b19846bd60a0ceef9b7821b8b38c71c6adc34e34d2936bae0c905,none,stationary,matched_prior_exact,1,0,"{""condition_id"":""tau_2000"",""evaluation"":""stationary"",""stage"":""c1-sensitivity""}",c6bec9d7ef8d6cc4c988a25905b1e25ac861fe33d4c60bda138851fd7ea3ac8b,tau_2000,tau,4226951103,1713717087,none,none,revision_C_base@f0684f8459a1,f0684f8459a1f1424f630778b2c606434d0bce08,27784880a3418d09b46f5afe2a7042757968dd5494a542fdab85e6a06fc60fb2,c1-sensitivity_20260826_073133_703049_c676526b,c676526b916d560a4651031b0ad6002a640325534681ef2670109fbd500a6bef,evidence,revision_B_base,revision_B_base,5,200000.0,xlarge,45.0,80.0,5.0,0.5,1.0
1,45,online_static_3step,0.5,0.8,32000.0,0.15108230152419047,7560.183042027886,0.15121713552208552,48.3993851313583,0.9793385804946498,3578,8669,8670,8669,8670,200017.23400304257,385.4522866657935,3929,"[[520594.86011050467,5662879.965744384],[520667.7347539138,5662822.443784041],[520571.91917911393,5662906.536769972],[520682.0505419891,5662838.300736998],[520591.23509777116,5662956.723982938]]",ca931493022139a148c52ef6d877841359de94e3965a4155825ef527a006aee9,57f64cab67d95fb323797b6f99e5c2399ca70ce0ed5ce10f00973a0411795f94,none,stationary,matched_prior_exact,1,0,"{""condition_id"":""tau_32000"",""evaluation"":""stationary"",""stage"":""c1-sensitivity""}",8a58528425303c8d4847dd0f657d9dd8b3e59f2d0adcd442e9348c96ebfaa71e,tau_32000,tau,1882773511,849011975,none,none,revision_C_base@f0684f8459a1,f0684f8459a1f1424f630778b2c606434d0bce08,27784880a3418d09b46f5afe2a7042757968dd5494a542fdab85e6a06fc60fb2,c1-sensitivity_20260826_073133_703049_c676526b,c676526b916d560a4651031b0ad6002a640325534681ef2670109fbd500a6bef,evidence,revision_B_base,revision_B_base,5,200000.0,xlarge,45.0,80.0,5.0,0.5,1.0
1,45,dynamic_3step,0.5,0.8,32000.0,0.3670988484163489,6739.826915739745,0.36747440175526647,11.747817652764306,0.9148778071334214,14434,8516,8517,8669,8670,200015.76565576237,438.1819702119101,4049,"[[520594.86011050467,5662879.965744384],[520667.7347539138,5662822.443784041],[520571.91917911393,5662906.536769972],[520682.0505419891,5662838.300736998],[520591.23509777116,5662956.723982938]]",ca931493022139a148c52ef6d877841359de94e3965a4155825ef527a006aee9,d94b23593e5b81013e22f89b157bc57d585db86a847340bcae06d395a1cecf5f,none,stationary,matched_prior_exact,1,0,"{""condition_id"":""tau_32000"",""evaluation"":""stationary"",""stage"":""c1-sensitivity""}",8a58528425303c8d4847dd0f657d9dd8b3e59f2d0adcd442e9348c96ebfaa71e,tau_32000,tau,1882773511,849011975,none,none,revision_C_base@f0684f8459a1,f0684f8459a1f1424f630778b2c606434d0bce08,27784880a3418d09b46f5afe2a7042757968dd5494a542fdab85e6a06fc60fb2,c1-sensitivity_20260826_073133_703049_c676526b,c676526b916d560a4651031b0ad6002a640325534681ef2670109fbd500a6bef,evidence,revision_B_base,revision_B_base,5,200000.0,xlarge,45.0,80.0,5.0,0.5,1.0
1,45,online_static_3step,0.5,0.8,128000.0,0.15108230152419047,7560.183042027886,0.15121713552208552,48.3993851313583,0.9793385804946498,3578,8669,8670,8669,8670,200017.23400304257,385.3339002528228,3929,"[[520594.86011050467,5662879.965744384],[520667.7347539138,5662822.443784041],[520571.91917911393,5662906.536769972],[520682.0505419891,5662838.300736998],[520591.23509777116,5662956.723982938]]",ca931493022139a148c52ef6d877841359de94e3965a4155825ef527a006aee9,57f64cab67d95fb323797b6f99e5c2399ca70ce0ed5ce10f00973a0411795f94,none,stationary,matched_prior_exact,1,0,"{""condition_id"":""tau_128000"",""evaluation"":""stationary"",""stage"":""c1-sensitivity""}",a5c02adbe48ed5ee84f4ce8296410944cac16371cf65714dbb3f0b6d5aca5bba,tau_128000,tau,691431214,3272651529,none,none,revision_C_base@f0684f8459a1,f0684f8459a1f1424f630778b2c606434d0bce08,27784880a3418d09b46f5afe2a7042757968dd5494a542fdab85e6a06fc60fb2,c1-sensitivity_20260826_073133_703049_c676526b,c676526b916d560a4651031b0ad6002a640325534681ef2670109fbd500a6bef,evidence,revision_B_base,revision_B_base,5,200000.0,xlarge,45.0,80.0,5.0,0.5,1.0
1,45,dynamic_3step,0.5,0.8,128000.0,0.36912181823651735,6693.477192016866,0.36949039612909707,11.597880341880343,0.9137773480565267,14625,8518,8519,8669,8670,200016.09258556092,445.3378877432551,4040,"[[520594.86011050467,5662879.965744384],[520667.7347539138,5662822.443784041],[520571.91917911393,5662906.536769972],[520682.0505419891,5662838.300736998],[520591.23509777116,5662956.723982938]]",ca931493022139a148c52ef6d877841359de94e3965a4155825ef527a006aee9,009014a368d437a9497c33eb924368b0b87572ba2b3286d96b5f4981eca910bb,none,stationary,matched_prior_exact,1,0,"{""condition_id"":""tau_128000"",""evaluation"":""stationary"",""stage"":""c1-sensitivity""}",a5c02adbe48ed5ee84f4ce8296410944cac16371cf65714dbb3f0b6d5aca5bba,tau_128000,tau,691431214,3272651529,none,none,revision_C_base@f0684f8459a1,f0684f8459a1f1424f630778b2c606434d0bce08,27784880a3418d09b46f5afe2a7042757968dd5494a542fdab85e6a06fc60fb2,c1-sensitivity_20260826_073133_703049_c676526b,c676526b916d560a4651031b0ad6002a640325534681ef2670109fbd500a6bef,evidence,revision_B_base,revision_B_base,5,200000.0,xlarge,45.0,80.0,5.0,0.5,1.0
1,46,online_static_3step,0.0,0.8,10000.0,0.36663780002186375,6607.636447520954,0.3670726135778708,11.14210317983903,0.910250337493783,15158,8493,8494,8493,8494,200013.62556096923,359.2575821368955,4033,"[[520683.0606025209,5662896.673861332],[520648.8717985227,5662990.272526192],[520686.69451162766,5662900.4684148645],[520599.4214516467,5662848.301367384],[520573.724335097,5662905.991302054]]",c3a107a1fc646545ced1bed510f83f2557068c38968fadd0196b04e59ec82149,cf5805bf9c8f87f8682b294f0ecacc856203e9e58d3237a78af4e39bd360d706,none,stationary,matched_prior_exact,1,0,"{""condition_id"":""w_0"",""evaluation"":""stationary"",""stage"":""c1-sensitivity""}",80b02168b0975833d2c36bd6a41894c825064836584f37bc644dbaac89ab91cc,w_0,w,4154595161,1871051476,none,none,revision_C_base@f0684f8459a1,f0684f8459a1f1424f630778b2c606434d0bce08,27784880a3418d09b46f5afe2a7042757968dd5494a542fdab85e6a06fc60fb2,c1-sensitivity_20260826_073133_703049_c676526b,c676526b916d560a4651031b0ad6002a640325534681ef2670109fbd500a6bef,evidence,revision_B_base,revision_B_base,5,200000.0,xlarge,45.0,80.0,5.0,0.5,1.0
1,46,dynamic_3step,0.0,0.8,10000.0,0.366585155217062,6607.642456373335,0.36701953218693956,11.14210317983903,0.910250337493783,15158,8493,8494,8493,8494,200013.62556096702,394.0884884574916,4032,"[[520683.0606025209,5662896.673861332],[520648.8717985227,5662990.272526192],[520686.69451162766,5662900.4684148645],[520599.4214516467,5662848.301367384],[520573.724335097,5662905.991302054]]",c3a107a1fc646545ced1bed510f83f2557068c38968fadd0196b04e59ec82149,5ada7fdfec92467846a375b49f8e43100fabe927e4df62e5baa9505595664e7c,none,stationary,matched_prior_exact,1,0,"{""condition_id"":""w_0"",""evaluation"":""stationary"",""stage"":""c1-sensitivity""}",80b02168b0975833d2c36bd6a41894c825064836584f37bc644dbaac89ab91cc,w_0,w,4154595161,1871051476,none,none,revision_C_base@f0684f8459a1,f0684f8459a1f1424f630778b2c606434d0bce08,27784880a3418d09b46f5afe2a7042757968dd5494a542fdab85e6a06fc60fb2,c1-sensitivity_20260826_073133_703049_c676526b,c676526b916d560a4651031b0ad6002a640325534681ef2670109fbd500a6bef,evidence,revision_B_base,revision_B_base,5,200000.0,xlarge,45.0,80.0,5.0,0.5,1.0
1,46,online_static_3step,0.25,0.8,10000.0,0.3062305402536444,6941.177250287254,0.30652644799843626,15.067360685854256,0.9336313757366389,11431,8649,8650,8649,8650,200020.05912997643,421.1874648369849,4296,"[[520683.0606025209,5662896.673861332],[520648.8717985227,5662990.272526192],[520686.69451162766,5662900.4684148645],[520599.4214516467,5662848.301367384],[520573.724335097,5662905.991302054]]",c3a107a1fc646545ced1bed510f83f2557068c38968fadd0196b04e59ec82149,ea2a4e8ea6cbcb33b7bfa20746916b17cb70494224c4e2ddca19e93844d3391b,none,stationary,matched_prior_exact,1,0,"{""condition_id"":""w_025"",""evaluation"":""stationary"",""stage"":""c1-sensitivity""}",d3fe2ac77d42fbc7de79e9a302672c1a34fb85db107cd698d5b9495b5ed73325,w_025,w,1936919924,2575878980,none,none,revision_C_base@f0684f8459a1,f0684f8459a1f1424f630778b2c606434d0bce08,27784880a3418d09b46f5afe2a7042757968dd5494a542fdab85e6a06fc60fb2,c1-sensitivity_20260826_073133_703049_c676526b,c676526b916d560a4651031b0ad6002a640325534681ef2670109fbd500a6bef,evidence,revision_B_base,revision_B_base,5,200000.0,xlarge,45.0,80.0,5.0,0.5,1.0
1,46,dynamic_3step,0.25,0.8,10000.0,0.3467274427691468,6839.750618017615,0.3470247899370572,12.592902502801644,0.9205901896105745,13385,8479,8480,8649,8650,200011.8255569128,434.61959456303157,4023,"[[520683.0606025209,5662896.673861332],[520648.8717985227,5662990.272526192],[520686.69451162766,5662900.4684148645],[520599.4214516467,5662848.301367384],[520573.724335097,5662905.991302054]]",c3a107a1fc646545ced1bed510f83f2557068c38968fadd0196b04e59ec82149,f153b514c74d745983c7f9b5f08cdd699c312fc2ad87884afbef1637d1933f57,none,stationary,matched_prior_exact,1,0,"{""condition_id"":""w_025"",""evaluation"":""stationary"",""stage"":""c1-sensitivity""}",d3fe2ac77d42fbc7de79e9a302672c1a34fb85db107cd698d5b9495b5ed73325,w_025,w,1936919924,2575878980,none,none,revision_C_base@f0684f8459a1,f0684f8459a1f1424f630778b2c606434d0bce08,27784880a3418d09b46f5afe2a7042757968dd5494a542fdab85e6a06fc60fb2,c1-sensitivity_20260826_073133_703049_c676526b,c676526b916d560a4651031b0ad6002a640325534681ef2670109fbd500a6bef,evidence,revision_B_base,revision_B_base,5,200000.0,xlarge,45.0,80.0,5.0,0.5,1.0
1,46,online_static_3step,0.5,0.8,10000.0,0.25555156136819646,7172.242389132364,0.25581766724835997,22.55229357798165,0.9556586119925149,7630,8625,8626,8625,8626,200017.97112690134,404.84950968646444,4148,"[[520683.0606025209,5662896.673861332],[520648.8717985227,5662990.272526192],[520686.69451162766,5662900.4684148645],[520599.4214516467,5662848.301367384],[520573.724335097,5662905.991302054]]",c3a107a1fc646545ced1bed510f83f2557068c38968fadd0196b04e59ec82149,5f5e07af683d2d05ef33e0229b0385136fc24d439c7dafe91c23a0b4430c5669,none,stationary,matched_prior_exact,1,0,"{""condition_id"":""nominal"",""evaluation"":""stationary"",""stage"":""c1-sensitivity""}",33661ab33ce355b68312ce72c8f28ade62ec8305f639d3c5c5420d991c48f0d2,nominal,nominal,1617484396,2702267011,none,none,revision_C_base@f0684f8459a1,f0684f8459a1f1424f630778b2c606434d0bce08,27784880a3418d09b46f5afe2a7042757968dd5494a542fdab85e6a06fc60fb2,c1-sensitivity_20260826_073133_703049_c676526b,c676526b916d560a4651031b0ad6002a640325534681ef2670109fbd500a6bef,evidence,revision_B_base,revision_B_base,5,200000.0,xlarge,45.0,80.0,5.0,0.5,1.0
1,46,dynamic_3step,0.5,0.8,10000.0,0.3236052126431871,6971.6734117645055,0.32384958123177887,14.64469938756146,0.9317159080199793,11593,8522,8523,8625,8626,200018.8445497253,436.1431920528412,4081,"[[520683.0606025209,5662896.673861332],[520648.8717985227,5662990.272526192],[520686.69451162766,5662900.4684148645],[520599.4214516467,5662848.301367384],[520573.724335097,5662905.991302054]]",c3a107a1fc646545ced1bed510f83f2557068c38968fadd0196b04e59ec82149,b44436d8ebd0be21d4223f47e3a208c0bc8099ec1fa7d03293df3c9fd9777bb5,none,stationary,matched_prior_exact,1,0,"{""condition_id"":""nominal"",""evaluation"":""stationary"",""stage"":""c1-sensitivity""}",33661ab33ce355b68312ce72c8f28ade62ec8305f639d3c5c5420d991c48f0d2,nominal,nominal,1617484396,2702267011,none,none,revision_C_base@f0684f8459a1,f0684f8459a1f1424f630778b2c606434d0bce08,27784880a3418d09b46f5afe2a7042757968dd5494a542fdab85e6a06fc60fb2,c1-sensitivity_20260826_073133_703049_c676526b,c676526b916d560a4651031b0ad6002a640325534681ef2670109fbd500a6bef,evidence,revision_B_base,revision_B_base,5,200000.0,xlarge,45.0,80.0,5.0,0.5,1.0
1,46,online_static_3step,0.75,0.8,10000.0,0.032435647200145475,8986.543218968121,0.032469029234485164,297.27403846153845,0.9966361004641534,624,9277,9278,9277,9278,200008.7383261457,500.5674759657122,5266,"[[520683.0606025209,5662896.673861332],[520648.8717985227,5662990.272526192],[520686.69451162766,5662900.4684148645],[520599.4214516467,5662848.301367384],[520573.724335097,5662905.991302054]]",c3a107a1fc646545ced1bed510f83f2557068c38968fadd0196b04e59ec82149,8350916a7b0c06f05ef5088b0ffd4cb5c40a991f3317ddc674c04e8ba6bfea71,none,stationary,matched_prior_exact,1,0,"{""condition_id"":""w_075"",""evaluation"":""stationary"",""stage"":""c1-sensitivity""}",dd16bccb6fb666ed0827b0b565b90295f086cf20694f1dd0b5c1942221a74648,w_075,w,2533881426,2458453399,none,none,revision_C_base@f0684f8459a1,f0684f8459a1f1424f630778b2c606434d0bce08,27784880a3418d09b46f5afe2a7042757968dd5494a542fdab85e6a06fc60fb2,c1-sensitivity_20260826_073133_703049_c676526b,c676526b916d560a4651031b0ad6002a640325534681ef2670109fbd500a6bef,evidence,revision_B_base,revision_B_base,5,200000.0,xlarge,45.0,80.0,5.0,0.5,1.0
1,46,dynamic_3step,0.75,0.8,10000.0,0.3602815513527372,7111.96197771319,0.3606684636987374,12.176677430929315,0.9178757911858654,13935,8519,8520,9277,9278,200017.2882760976,439.02482619532384,4016,"[[520683.0606025209,5662896.673861332],[520648.8717985227,5662990.272526192],[520686.69451162766,5662900.4684148645],[520599.4214516467,5662848.301367384],[520573.724335097,5662905.991302054]]",c3a107a1fc646545ced1bed510f83f2557068c38968fadd0196b04e59ec82149,fa825e77e3f9a57fbd8ebf084ce5d62cffcfd6b2bc776b8f854164c4112605da,none,stationary,matched_prior_exact,1,0,"{""condition_id"":""w_075"",""evaluation"":""stationary"",""stage"":""c1-sensitivity""}",dd16bccb6fb666ed0827b0b565b90295f086cf20694f1dd0b5c1942221a74648,w_075,w,2533881426,2458453399,none,none,revision_C_base@f0684f8459a1,f0684f8459a1f1424f630778b2c606434d0bce08,27784880a3418d09b46f5afe2a7042757968dd5494a542fdab85e6a06fc60fb2,c1-sensitivity_20260826_073133_703049_c676526b,c676526b916d560a4651031b0ad6002a640325534681ef2670109fbd500a6bef,evidence,revision_B_base,revision_B_base,5,200000.0,xlarge,45.0,80.0,5.0,0.5,1.0
1,46,online_static_3step,1.0,0.8,10000.0,0.006684010179685576,8897.48804659857,0.006686959384033954,1279.4785714285715,0.9992184316155577,140,8956,8957,8956,8957,200013.95674352295,466.4847007957287,4963,"[[520683.0606025209,5662896.673861332],[520648.8717985227,5662990.272526192],[520686.69451162766,5662900.4684148645],[520599.4214516467,5662848.301367384],[520573.724335097,5662905.991302054]]",c3a107a1fc646545ced1bed510f83f2557068c38968fadd0196b04e59ec82149,d7005efdf7378fc854a47c19cca8b78933549a4b1322431f158937449588ca33,none,stationary,matched_prior_exact,1,0,"{""condition_id"":""w_1"",""evaluation"":""stationary"",""stage"":""c1-sensitivity""}",a7560dbaa977cea1795a4b0bd3ba265a0712530b452662170ae9efd74531b738,w_1,w,1601332066,137023744,none,none,revision_C_base@f0684f8459a1,f0684f8459a1f1424f630778b2c606434d0bce08,27784880a3418d09b46f5afe2a7042757968dd5494a542fdab85e6a06fc60fb2,c1-sensitivity_20260826_073133_703049_c676526b,c676526b916d560a4651031b0ad6002a640325534681ef2670109fbd500a6bef,evidence,revision_B_base,revision_B_base,5,200000.0,xlarge,45.0,80.0,5.0,0.5,1.0
1,46,dynamic_3step,1.0,0.8,10000.0,0.3733272594075637,6895.486144578605,0.3737800244934445,11.634091065174095,0.9140457132062997,14561,8506,8507,8956,8957,200006.0388305614,425.520933077205,3937,"[[520683.0606025209,5662896.673861332],[520648.8717985227,5662990.272526192],[520686.69451162766,5662900.4684148645],[520599.4214516467,5662848.301367384],[520573.724335097,5662905.991302054]]",c3a107a1fc646545ced1bed510f83f2557068c38968fadd0196b04e59ec82149,cc0e1fcf6956650b0e9b2e70248edf86226ebf58d7d8deeb4ca04813b54e522b,none,stationary,matched_prior_exact,1,0,"{""condition_id"":""w_1"",""evaluation"":""stationary"",""stage"":""c1-sensitivity""}",a7560dbaa977cea1795a4b0bd3ba265a0712530b452662170ae9efd74531b738,w_1,w,1601332066,137023744,none,none,revision_C_base@f0684f8459a1,f0684f8459a1f1424f630778b2c606434d0bce08,27784880a3418d09b46f5afe2a7042757968dd5494a542fdab85e6a06fc60fb2,c1-sensitivity_20260826_073133_703049_c676526b,c676526b916d560a4651031b0ad6002a640325534681ef2670109fbd500a6bef,evidence,revision_B_base,revision_B_base,5,200000.0,xlarge,45.0,80.0,5.0,0.5,1.0
1,46,online_static_3step,0.5,0.6,10000.0,0.25401984210748746,7181.286149274766,0.25581766724835997,22.55229357798165,0.9556586119925149,7630,8625,8626,8625,8626,200017.97112690134,406.63523559854366,4148,"[[520683.0606025209,5662896.673861332],[520648.8717985227,5662990.272526192],[520686.69451162766,5662900.4684148645],[520599.4214516467,5662848.301367384],[520573.724335097,5662905.991302054]]",c3a107a1fc646545ced1bed510f83f2557068c38968fadd0196b04e59ec82149,5f5e07af683d2d05ef33e0229b0385136fc24d439c7dafe91c23a0b4430c5669,none,stationary,matched_prior_exact,1,0,"{""condition_id"":""pd_060"",""evaluation"":""stationary"",""stage"":""c1-sensitivity""}",8bcc633790e55489f4fbf2bd9b0dc37e28e3051e2872807588f965813e490d2b,pd_060,p_d,1802159701,3174663969,none,none,revision_C_base@f0684f8459a1,f0684f8459a1f1424f630778b2c606434d0bce08,27784880a3418d09b46f5afe2a7042757968dd5494a542fdab85e6a06fc60fb2,c1-sensitivity_20260826_073133_703049_c676526b,c676526b916d560a4651031b0ad6002a640325534681ef2670109fbd500a6bef,evidence,revision_B_base,revision_B_base,5,200000.0,xlarge,45.0,80.0,5.0,0.5,1.0
1,46,dynamic_3step,0.5,0.6,10000.0,0.36050909257163594,6721.93610940398,0.3632861326036957,11.830829431905528,0.9154750724997195,14311,8491,8492,8625,8626,200002.42683098733,433.1888857134618,3977,"[[520683.0606025209,5662896.673861332],[520648.8717985227,5662990.272526192],[520686.69451162766,5662900.4684148645],[520599.4214516467,5662848.301367384],[520573.724335097,5662905.991302054]]",c3a107a1fc646545ced1bed510f83f2557068c38968fadd0196b04e59ec82149,c084d9e8e732eaadb029e0076d577fd34d6fc5e4a3f7c76cd525b3eef744e2ba,none,stationary,matched_prior_exact,1,0,"{""condition_id"":""pd_060"",""evaluation"":""stationary"",""stage"":""c1-sensitivity""}",8bcc633790e55489f4fbf2bd9b0dc37e28e3051e2872807588f965813e490d2b,pd_060,p_d,1802159701,3174663969,none,none,revision_C_base@f0684f8459a1,f0684f8459a1f1424f630778b2c606434d0bce08,27784880a3418d09b46f5afe2a7042757968dd5494a542fdab85e6a06fc60fb2,c1-sensitivity_20260826_073133_703049_c676526b,c676526b916d560a4651031b0ad6002a640325534681ef2670109fbd500a6bef,evidence,revision_B_base,revision_B_base,5,200000.0,xlarge,45.0,80.0,5.0,0.5,1.0
1,46,online_static_3step,0.5,0.95,10000.0,0.2558012794745286,7170.7031774456755,0.25581766724835997,22.55229357798165,0.9556586119925149,7630,8625,8626,8625,8626,200017.97112690134,410.46189405722544,4148,"[[520683.0606025209,5662896.673861332],[520648.8717985227,5662990.272526192],[520686.69451162766,5662900.4684148645],[520599.4214516467,5662848.301367384],[520573.724335097,5662905.991302054]]",c3a107a1fc646545ced1bed510f83f2557068c38968fadd0196b04e59ec82149,5f5e07af683d2d05ef33e0229b0385136fc24d439c7dafe91c23a0b4430c5669,none,stationary,matched_prior_exact,1,0,"{""condition_id"":""pd_095"",""evaluation"":""stationary"",""stage"":""c1-sensitivity""}",d6a45689f8c015d047506b0521b3bb8739ec6480e1dcbc30a7bddda4e459b8cc,pd_095,p_d,714310169,3594660626,none,none,revision_C_base@f0684f8459a1,f0684f8459a1f1424f630778b2c606434d0bce08,27784880a3418d09b46f5afe2a7042757968dd5494a542fdab85e6a06fc60fb2,c1-sensitivity_20260826_073133_703049_c676526b,c676526b916d560a4651031b0ad6002a640325534681ef2670109fbd500a6bef,evidence,revision_B_base,revision_B_base,5,200000.0,xlarge,45.0,80.0,5.0,0.5,1.0
1,46,dynamic_3step,0.5,0.95,10000.0,0.3612091417435832,6811.93923137611,0.36122610324781806,12.593722172751558,0.9205953580456417,13476,8521,8522,8625,8626,200021.43965077918,438.0403326698579,4022,"[[520683.0606025209,5662896.673861332],[520648.8717985227,5662990.272526192],[520686.69451162766,5662900.4684148645],[520599.4214516467,5662848.301367384],[520573.724335097,5662905.991302054]]",c3a107a1fc646545ced1bed510f83f2557068c38968fadd0196b04e59ec82149,b6dec3d63f688a6ee3af1e477b3fa7ad653ebff286a69b6bb190ab35bff5ce41,none,stationary,matched_prior_exact,1,0,"{""condition_id"":""pd_095"",""evaluation"":""stationary"",""stage"":""c1-sensitivity""}",d6a45689f8c015d047506b0521b3bb8739ec6480e1dcbc30a7bddda4e459b8cc,pd_095,p_d,714310169,3594660626,none,none,revision_C_base@f0684f8459a1,f0684f8459a1f1424f630778b2c606434d0bce08,27784880a3418d09b46f5afe2a7042757968dd5494a542fdab85e6a06fc60fb2,c1-sensitivity_20260826_073133_703049_c676526b,c676526b916d560a4651031b0ad6002a640325534681ef2670109fbd500a6bef,evidence,revision_B_base,revision_B_base,5,200000.0,xlarge,45.0,80.0,5.0,0.5,1.0
1,46,online_static_3step,0.5,0.8,2000.0,0.25555156136819646,7172.242389132364,0.25581766724835997,22.55229357798165,0.9556586119925149,7630,8625,8626,8625,8626,200017.97112690134,404.52449612529017,4148,"[[520683.0606025209,5662896.673861332],[520648.8717985227,5662990.272526192],[520686.69451162766,5662900.4684148645],[520599.4214516467,5662848.301367384],[520573.724335097,5662905.991302054]]",c3a107a1fc646545ced1bed510f83f2557068c38968fadd0196b04e59ec82149,5f5e07af683d2d05ef33e0229b0385136fc24d439c7dafe91c23a0b4430c5669,none,stationary,matched_prior_exact,1,0,"{""condition_id"":""tau_2000"",""evaluation"":""stationary"",""stage"":""c1-sensitivity""}",c6bec9d7ef8d6cc4c988a25905b1e25ac861fe33d4c60bda138851fd7ea3ac8b,tau_2000,tau,2077103637,1281926105,none,none,revision_C_base@f0684f8459a1,f0684f8459a1f1424f630778b2c606434d0bce08,27784880a3418d09b46f5afe2a7042757968dd5494a542fdab85e6a06fc60fb2,c1-sensitivity_20260826_073133_703049_c676526b,c676526b916d560a4651031b0ad6002a640325534681ef2670109fbd500a6bef,evidence,revision_B_base,revision_B_base,5,200000.0,xlarge,45.0,80.0,5.0,0.5,1.0
1,46,dynamic_3step,0.5,0.8,2000.0,0.3148562437347676,7021.1852811229455,0.31506676931850386,16.10789798046838,0.9379186532462181,10547,8522,8523,8625,8626,200020.79856826807,441.45678906561807,4146,"[[520683.0606025209,5662896.673861332],[520648.8717985227,5662990.272526192],[520686.69451162766,5662900.4684148645],[520599.4214516467,5662848.301367384],[520573.724335097,5662905.991302054]]",c3a107a1fc646545ced1bed510f83f2557068c38968fadd0196b04e59ec82149,fa5f5f7629a0f06c9ce9df00d26eb97e47a6755dc8a07a7be55ad7c17c15f7ce,none,stationary,matched_prior_exact,1,0,"{""condition_id"":""tau_2000"",""evaluation"":""stationary"",""stage"":""c1-sensitivity""}",c6bec9d7ef8d6cc4c988a25905b1e25ac861fe33d4c60bda138851fd7ea3ac8b,tau_2000,tau,2077103637,1281926105,none,none,revision_C_base@f0684f8459a1,f0684f8459a1f1424f630778b2c606434d0bce08,27784880a3418d09b46f5afe2a7042757968dd5494a542fdab85e6a06fc60fb2,c1-sensitivity_20260826_073133_703049_c676526b,c676526b916d560a4651031b0ad6002a640325534681ef2670109fbd500a6bef,evidence,revision_B_base,revision_B_base,5,200000.0,xlarge,45.0,80.0,5.0,0.5,1.0
1,46,online_static_3step,0.5,0.8,32000.0,0.25555156136819646,7172.242389132364,0.25581766724835997,22.55229357798165,0.9556586119925149,7630,8625,8626,8625,8626,200017.97112690134,412.2242426741868,4148,"[[520683.0606025209,5662896.673861332],[520648.8717985227,5662990.272526192],[520686.69451162766,5662900.4684148645],[520599.4214516467,5662848.301367384],[520573.724335097,5662905.991302054]]",c3a107a1fc646545ced1bed510f83f2557068c38968fadd0196b04e59ec82149,5f5e07af683d2d05ef33e0229b0385136fc24d439c7dafe91c23a0b4430c5669,none,stationary,matched_prior_exact,1,0,"{""condition_id"":""tau_32000"",""evaluation"":""stationary"",""stage"":""c1-sensitivity""}",8a58528425303c8d4847dd0f657d9dd8b3e59f2d0adcd442e9348c96ebfaa71e,tau_32000,tau,1641826612,4212291641,none,none,revision_C_base@f0684f8459a1,f0684f8459a1f1424f630778b2c606434d0bce08,27784880a3418d09b46f5afe2a7042757968dd5494a542fdab85e6a06fc60fb2,c1-sensitivity_20260826_073133_703049_c676526b,c676526b916d560a4651031b0ad6002a640325534681ef2670109fbd500a6bef,evidence,revision_B_base,revision_B_base,5,200000.0,xlarge,45.0,80.0,5.0,0.5,1.0
1,46,dynamic_3step,0.5,0.8,32000.0,0.35496050499385506,6812.812514849686,0.35531259736860205,12.269339111592632,0.9184960175193826,13845,8526,8527,8625,8626,200008.33111938453,454.84203828522004,4134,"[[520683.0606025209,5662896.673861332],[520648.8717985227,5662990.272526192],[520686.69451162766,5662900.4684148645],[520599.4214516467,5662848.301367384],[520573.724335097,5662905.991302054]]",c3a107a1fc646545ced1bed510f83f2557068c38968fadd0196b04e59ec82149,e28ffbe14a8bc14bc30c451b21d0819b2ebb5d15f58ec3647f353af593ad66a2,none,stationary,matched_prior_exact,1,0,"{""condition_id"":""tau_32000"",""evaluation"":""stationary"",""stage"":""c1-sensitivity""}",8a58528425303c8d4847dd0f657d9dd8b3e59f2d0adcd442e9348c96ebfaa71e,tau_32000,tau,1641826612,4212291641,none,none,revision_C_base@f0684f8459a1,f0684f8459a1f1424f630778b2c606434d0bce08,27784880a3418d09b46f5afe2a7042757968dd5494a542fdab85e6a06fc60fb2,c1-sensitivity_20260826_073133_703049_c676526b,c676526b916d560a4651031b0ad6002a640325534681ef2670109fbd500a6bef,evidence,revision_B_base,revision_B_base,5,200000.0,xlarge,45.0,80.0,5.0,0.5,1.0
1,46,online_static_3step,0.5,0.8,128000.0,0.25555156136819646,7172.242389132364,0.25581766724835997,22.55229357798165,0.9556586119925149,7630,8625,8626,8625,8626,200017.97112690134,410.5216338338796,4148,"[[520683.0606025209,5662896.673861332],[520648.8717985227,5662990.272526192],[520686.69451162766,5662900.4684148645],[520599.4214516467,5662848.301367384],[520573.724335097,5662905.991302054]]",c3a107a1fc646545ced1bed510f83f2557068c38968fadd0196b04e59ec82149,5f5e07af683d2d05ef33e0229b0385136fc24d439c7dafe91c23a0b4430c5669,none,stationary,matched_prior_exact,1,0,"{""condition_id"":""tau_128000"",""evaluation"":""stationary"",""stage"":""c1-sensitivity""}",a5c02adbe48ed5ee84f4ce8296410944cac16371cf65714dbb3f0b6d5aca5bba,tau_128000,tau,720918935,97991610,none,none,revision_C_base@f0684f8459a1,f0684f8459a1f1424f630778b2c606434d0bce08,27784880a3418d09b46f5afe2a7042757968dd5494a542fdab85e6a06fc60fb2,c1-sensitivity_20260826_073133_703049_c676526b,c676526b916d560a4651031b0ad6002a640325534681ef2670109fbd500a6bef,evidence,revision_B_base,revision_B_base,5,200000.0,xlarge,45.0,80.0,5.0,0.5,1.0
1,46,dynamic_3step,0.5,0.8,128000.0,0.3270143490384929,6895.574973711022,0.32720057424061016,14.680554352533564,0.9318826812675899,11545,8510,8511,8625,8626,200003.149573026,426.90702280704863,4015,"[[520683.0606025209,5662896.673861332],[520648.8717985227,5662990.272526192],[520686.69451162766,5662900.4684148645],[520599.4214516467,5662848.301367384],[520573.724335097,5662905.991302054]]",c3a107a1fc646545ced1bed510f83f2557068c38968fadd0196b04e59ec82149,3b4a63af62e455c98a25f068a936d873973971b9211c74f1b3b07ea93e945759,none,stationary,matched_prior_exact,1,0,"{""condition_id"":""tau_128000"",""evaluation"":""stationary"",""stage"":""c1-sensitivity""}",a5c02adbe48ed5ee84f4ce8296410944cac16371cf65714dbb3f0b6d5aca5bba,tau_128000,tau,720918935,97991610,none,none,revision_C_base@f0684f8459a1,f0684f8459a1f1424f630778b2c606434d0bce08,27784880a3418d09b46f5afe2a7042757968dd5494a542fdab85e6a06fc60fb2,c1-sensitivity_20260826_073133_703049_c676526b,c676526b916d560a4651031b0ad6002a640325534681ef2670109fbd500a6bef,evidence,revision_B_base,revision_B_base,5,200000.0,xlarge,45.0,80.0,5.0,0.5,1.0
7,42,online_static_3step,0.0,0.8,10000.0,0.1767238389264508,7342.739309660904,0.1769512417304594,9.637604290822408,0.8962397739288519,16780,8248,8249,8248,8249,200003.3513840029,413.1650778038893,4660,"[[686523.8362532025,5838927.075221443],[686566.5636703096,5838927.763184127],[686595.8818124438,5839047.670062982],[686520.1027265164,5838904.130887055],[686560.4193126771,5839040.947809029]]",006da335f256203469592a62a852eccffab880f7309f6633631136cbb4337c3b,574aa054a324c470285a42af3f7b55f8d208bfef131ef905540ce4e2f4022c30,none,stationary,matched_prior_exact,1,0,"{""condition_id"":""w_0"",""evaluation"":""stationary"",""stage"":""c1-sensitivity""}",80b02168b0975833d2c36bd6a41894c825064836584f37bc644dbaac89ab91cc,w_0,w,3521971624,1672938165,none,none,revision_C_base@f0684f8459a1,f0684f8459a1f1424f630778b2c606434d0bce08,27784880a3418d09b46f5afe2a7042757968dd5494a542fdab85e6a06fc60fb2,c1-sensitivity_20260826_073133_703049_c676526b,c676526b916d560a4651031b0ad6002a640325534681ef2670109fbd500a6bef,evidence,revision_B_base,revision_B_base,5,200000.0,xlarge,45.0,80.0,5.0,0.5,1.0
7,42,dynamic_3step,0.0,0.8,10000.0,0.1767238389264508,7342.739309660904,0.1769512417304594,9.637604290822408,0.8962397739288519,16780,8248,8249,8248,8249,200003.3513840029,456.9599280806724,4660,"[[686523.8362532025,5838927.075221443],[686566.5636703096,5838927.763184127],[686595.8818124438,5839047.670062982],[686520.1027265164,5838904.130887055],[686560.4193126771,5839040.947809029]]",006da335f256203469592a62a852eccffab880f7309f6633631136cbb4337c3b,574aa054a324c470285a42af3f7b55f8d208bfef131ef905540ce4e2f4022c30,none,stationary,matched_prior_exact,1,0,"{""condition_id"":""w_0"",""evaluation"":""stationary"",""stage"":""c1-sensitivity""}",80b02168b0975833d2c36bd6a41894c825064836584f37bc644dbaac89ab91cc,w_0,w,3521971624,1672938165,none,none,revision_C_base@f0684f8459a1,f0684f8459a1f1424f630778b2c606434d0bce08,27784880a3418d09b46f5afe2a7042757968dd5494a542fdab85e6a06fc60fb2,c1-sensitivity_20260826_073133_703049_c676526b,c676526b916d560a4651031b0ad6002a640325534681ef2670109fbd500a6bef,evidence,revision_B_base,revision_B_base,5,200000.0,xlarge,45.0,80.0,5.0,0.5,1.0
7,42,online_static_3step,0.25,0.8,10000.0,0.21172386354175557,7198.879444121543,0.21197096620523376,9.38852573829812,0.8934870044696419,17134,8223,8224,8247,8248,200021.74966628503,484.6640042976942,4813,"[[686523.8362532025,5838927.075221443],[686566.5636703096,5838927.763184127],[686595.8818124438,5839047.670062982],[686520.1027265164,5838904.130887055],[686560.4193126771,5839040.947809029]]",006da335f256203469592a62a852eccffab880f7309f6633631136cbb4337c3b,09d7ab006dd2cbca34e7b7ba8fae02cdb2ae773d7348a4be351841a229d4ae5a,none,stationary,matched_prior_exact,1,0,"{""condition_id"":""w_025"",""evaluation"":""stationary"",""stage"":""c1-sensitivity""}",d3fe2ac77d42fbc7de79e9a302672c1a34fb85db107cd698d5b9495b5ed73325,w_025,w,1481728005,895517901,none,none,revision_C_base@f0684f8459a1,f0684f8459a1f1424f630778b2c606434d0bce08,27784880a3418d09b46f5afe2a7042757968dd5494a542fdab85e6a06fc60fb2,c1-sensitivity_20260826_073133_703049_c676526b,c676526b916d560a4651031b0ad6002a640325534681ef2670109fbd500a6bef,evidence,revision_B_base,revision_B_base,5,200000.0,xlarge,45.0,80.0,5.0,0.5,1.0
7,42,dynamic_3step,0.25,0.8,10000.0,0.19728360920406748,7261.197731327464,0.19751623659016415,9.551275992438564,0.8953019470077435,16928,8247,8248,8247,8248,200006.66090842403,523.3185035130009,4825,"[[686523.8362532025,5838927.075221443],[686566.5636703096,5838927.763184127],[686595.8818124438,5839047.670062982],[686520.1027265164,5838904.130887055],[686560.4193126771,5839040.947809029]]",006da335f256203469592a62a852eccffab880f7309f6633631136cbb4337c3b,7b676f7cb2b04dc7041c5744e625a6d5cabd3f96d73e0a6ae44cdc972891a74f,none,stationary,matched_prior_exact,1,0,"{""condition_id"":""w_025"",""evaluation"":""stationary"",""stage"":""c1-sensitivity""}",d3fe2ac77d42fbc7de79e9a302672c1a34fb85db107cd698d5b9495b5ed73325,w_025,w,1481728005,895517901,none,none,revision_C_base@f0684f8459a1,f0684f8459a1f1424f630778b2c606434d0bce08,27784880a3418d09b46f5afe2a7042757968dd5494a542fdab85e6a06fc60fb2,c1-sensitivity_20260826_073133_703049_c676526b,c676526b916d560a4651031b0ad6002a640325534681ef2670109fbd500a6bef,evidence,revision_B_base,revision_B_base,5,200000.0,xlarge,45.0,80.0,5.0,0.5,1.0
7,42,online_static_3step,0.5,0.8,10000.0,0.09431636074764663,7675.489790993591,0.0944195892142644,24.62956629877196,0.9593983918405473,6433,8151,8152,8232,8233,200010.39689102108,541.9356132675894,5622,"[[686523.8362532025,5838927.075221443],[686566.5636703096,5838927.763184127],[686595.8818124438,5839047.670062982],[686520.1027265164,5838904.130887055],[686560.4193126771,5839040.947809029]]",006da335f256203469592a62a852eccffab880f7309f6633631136cbb4337c3b,f41e9a54a63718366b89b2216f3ebdd7969ce8409943bee0795a7e0805076ea7,none,stationary,matched_prior_exact,1,0,"{""condition_id"":""nominal"",""evaluation"":""stationary"",""stage"":""c1-sensitivity""}",33661ab33ce355b68312ce72c8f28ade62ec8305f639d3c5c5420d991c48f0d2,nominal,nominal,2970453035,1353140855,none,none,revision_C_base@f0684f8459a1,f0684f8459a1f1424f630778b2c606434d0bce08,27784880a3418d09b46f5afe2a7042757968dd5494a542fdab85e6a06fc60fb2,c1-sensitivity_20260826_073133_703049_c676526b,c676526b916d560a4651031b0ad6002a640325534681ef2670109fbd500a6bef,evidence,revision_B_base,revision_B_base,5,200000.0,xlarge,45.0,80.0,5.0,0.5,1.0
7,42,dynamic_3step,0.5,0.8,10000.0,0.16810052591560243,7444.081764847958,0.16830760477252937,10.141508840369974,0.901395343065784,15893,8232,8233,8232,8233,200004.8319121477,521.4920851332135,4811,"[[686523.8362532025,5838927.075221443],[686566.5636703096,5838927.763184127],[686595.8818124438,5839047.670062982],[686520.1027265164,5838904.130887055],[686560.4193126771,5839040.947809029]]",006da335f256203469592a62a852eccffab880f7309f6633631136cbb4337c3b,eead37c088456bdaf7b6d32cfbc41ce1e2f875fd8c6893d0faf4c4009feb6d6e,none,stationary,matched_prior_exact,1,0,"{""condition_id"":""nominal"",""evaluation"":""stationary"",""stage"":""c1-sensitivity""}",33661ab33ce355b68312ce72c8f28ade62ec8305f639d3c5c5420d991c48f0d2,nominal,nominal,2970453035,1353140855,none,none,revision_C_base@f0684f8459a1,f0684f8459a1f1424f630778b2c606434d0bce08,27784880a3418d09b46f5afe2a7042757968dd5494a542fdab85e6a06fc60fb2,c1-sensitivity_20260826_073133_703049_c676526b,c676526b916d560a4651031b0ad6002a640325534681ef2670109fbd500a6bef,evidence,revision_B_base,revision_B_base,5,200000.0,xlarge,45.0,80.0,5.0,0.5,1.0
7,42,online_static_3step,0.75,0.8,10000.0,0.030058016172499133,7988.587338448355,0.03007596854237042,91.3912009512485,0.9890580275826177,1682,8011,8012,8224,8225,200005.33636036734,625.2608296549879,6553,"[[686523.8362532025,5838927.075221443],[686566.5636703096,5838927.763184127],[686595.8818124438,5839047.670062982],[686520.1027265164,5838904.130887055],[686560.4193126771,5839040.947809029]]",006da335f256203469592a62a852eccffab880f7309f6633631136cbb4337c3b,b3c731f85e37902d45f0fa38e23077f8dc367d431a6b391ab98520aa035f7ed4,none,stationary,matched_prior_exact,1,0,"{""condition_id"":""w_075"",""evaluation"":""stationary"",""stage"":""c1-sensitivity""}",dd16bccb6fb666ed0827b0b565b90295f086cf20694f1dd0b5c1942221a74648,w_075,w,1413703915,3470236398,none,none,revision_C_base@f0684f8459a1,f0684f8459a1f1424f630778b2c606434d0bce08,27784880a3418d09b46f5afe2a7042757968dd5494a542fdab85e6a06fc60fb2,c1-sensitivity_20260826_073133_703049_c676526b,c676526b916d560a4651031b0ad6002a640325534681ef2670109fbd500a6bef,evidence,revision_B_base,revision_B_base,5,200000.0,xlarge,45.0,80.0,5.0,0.5,1.0
7,42,dynamic_3step,0.75,0.8,10000.0,0.17561321242122988,7393.5412596488095,0.17582137794205738,10.041000998502247,0.9004083357676029,16024,8224,8225,8224,8225,200021.01373499277,504.65744580328465,4772,"[[686523.8362532025,5838927.075221443],[686566.5636703096,5838927.763184127],[686595.8818124438,5839047.670062982],[686520.1027265164,5838904.130887055],[686560.4193126771,5839040.947809029]]",006da335f256203469592a62a852eccffab880f7309f6633631136cbb4337c3b,f6334f3847908a3a57f740f1b6844694b50a4fa0eba65a7c7c5b0f0544ba7ecd,none,stationary,matched_prior_exact,1,0,"{""condition_id"":""w_075"",""evaluation"":""stationary"",""stage"":""c1-sensitivity""}",dd16bccb6fb666ed0827b0b565b90295f086cf20694f1dd0b5c1942221a74648,w_075,w,1413703915,3470236398,none,none,revision_C_base@f0684f8459a1,f0684f8459a1f1424f630778b2c606434d0bce08,27784880a3418d09b46f5afe2a7042757968dd5494a542fdab85e6a06fc60fb2,c1-sensitivity_20260826_073133_703049_c676526b,c676526b916d560a4651031b0ad6002a640325534681ef2670109fbd500a6bef,evidence,revision_B_base,revision_B_base,5,200000.0,xlarge,45.0,80.0,5.0,0.5,1.0
7,42,online_static_3step,1.0,0.8,10000.0,0.005097748568035976,8183.411696458109,0.005103447483045187,971.8101265822785,0.9989709924061845,158,8006,8007,8224,8225,200013.34032432773,499.9043133025989,5316,"[[686523.8362532025,5838927.075221443],[686566.5636703096,5838927.763184127],[686595.8818124438,5839047.670062982],[686520.1027265164,5838904.130887055],[686560.4193126771,5839040.947809029]]",006da335f256203469592a62a852eccffab880f7309f6633631136cbb4337c3b,279680a62aa8c6d0c19143e290fb54c003913d93ef9cb3cde47af914389834ba,none,stationary,matched_prior_exact,1,0,"{""condition_id"":""w_1"",""evaluation"":""stationary"",""stage"":""c1-sensitivity""}",a7560dbaa977cea1795a4b0bd3ba265a0712530b452662170ae9efd74531b738,w_1,w,748450414,4046099931,none,none,revision_C_base@f0684f8459a1,f0684f8459a1f1424f630778b2c606434d0bce08,27784880a3418d09b46f5afe2a7042757968dd5494a542fdab85e6a06fc60fb2,c1-sensitivity_20260826_073133_703049_c676526b,c676526b916d560a4651031b0ad6002a640325534681ef2670109fbd500a6bef,evidence,revision_B_base,revision_B_base,5,200000.0,xlarge,45.0,80.0,5.0,0.5,1.0
7,42,dynamic_3step,1.0,0.8,10000.0,0.15859059837697181,7473.838939969154,0.1587747823397901,10.27247191011236,0.9026524473612251,15664,8224,8225,8224,8225,200008.14576934732,510.2801595425699,4779,"[[686523.8362532025,5838927.075221443],[686566.5636703096,5838927.763184127],[686595.8818124438,5839047.670062982],[686520.1027265164,5838904.130887055],[686560.4193126771,5839040.947809029]]",006da335f256203469592a62a852eccffab880f7309f6633631136cbb4337c3b,ecd8cc680b72bb5c4d9a6e8f2b917143f53e8a3c10b07658a52cd34d0ccad355,none,stationary,matched_prior_exact,1,0,"{""condition_id"":""w_1"",""evaluation"":""stationary"",""stage"":""c1-sensitivity""}",a7560dbaa977cea1795a4b0bd3ba265a0712530b452662170ae9efd74531b738,w_1,w,748450414,4046099931,none,none,revision_C_base@f0684f8459a1,f0684f8459a1f1424f630778b2c606434d0bce08,27784880a3418d09b46f5afe2a7042757968dd5494a542fdab85e6a06fc60fb2,c1-sensitivity_20260826_073133_703049_c676526b,c676526b916d560a4651031b0ad6002a640325534681ef2670109fbd500a6bef,evidence,revision_B_base,revision_B_base,5,200000.0,xlarge,45.0,80.0,5.0,0.5,1.0
7,42,online_static_3step,0.5,0.6,10000.0,0.09369812249578113,7731.538473113418,0.0944195892142644,24.62956629877196,0.9593983918405473,6433,8151,8152,8290,8291,200010.39689102108,550.0351245303173,5622,"[[686523.8362532025,5838927.075221443],[686566.5636703096,5838927.763184127],[686595.8818124438,5839047.670062982],[686520.1027265164,5838904.130887055],[686560.4193126771,5839040.947809029]]",006da335f256203469592a62a852eccffab880f7309f6633631136cbb4337c3b,f41e9a54a63718366b89b2216f3ebdd7969ce8409943bee0795a7e0805076ea7,none,stationary,matched_prior_exact,1,0,"{""condition_id"":""pd_060"",""evaluation"":""stationary"",""stage"":""c1-sensitivity""}",8bcc633790e55489f4fbf2bd9b0dc37e28e3051e2872807588f965813e490d2b,pd_060,p_d,208261275,1322400382,none,none,revision_C_base@f0684f8459a1,f0684f8459a1f1424f630778b2c606434d0bce08,27784880a3418d09b46f5afe2a7042757968dd5494a542fdab85e6a06fc60fb2,c1-sensitivity_20260826_073133_703049_c676526b,c676526b916d560a4651031b0ad6002a640325534681ef2670109fbd500a6bef,evidence,revision_B_base,revision_B_base,5,200000.0,xlarge,45.0,80.0,5.0,0.5,1.0
7,42,dynamic_3step,0.5,0.6,10000.0,0.19684152975800778,7281.342859637242,0.19853134553682192,10.060002466699556,0.9005964458448015,16216,8290,8291,8290,8291,200011.0461667108,506.47333967266604,4659,"[[686523.8362532025,5838927.075221443],[686566.5636703096,5838927.763184127],[686595.8818124438,5839047.670062982],[686520.1027265164,5838904.130887055],[686560.4193126771,5839040.947809029]]",006da335f256203469592a62a852eccffab880f7309f6633631136cbb4337c3b,861f7f8cbbb85e2d2aac9e6a26c68eb0a337b01e1960141257d180a08e312dae,none,stationary,matched_prior_exact,1,0,"{""condition_id"":""pd_060"",""evaluation"":""stationary"",""stage"":""c1-sensitivity""}",8bcc633790e55489f4fbf2bd9b0dc37e28e3051e2872807588f965813e490d2b,pd_060,p_d,208261275,1322400382,none,none,revision_C_base@f0684f8459a1,f0684f8459a1f1424f630778b2c606434d0bce08,27784880a3418d09b46f5afe2a7042757968dd5494a542fdab85e6a06fc60fb2,c1-sensitivity_20260826_073133_703049_c676526b,c676526b916d560a4651031b0ad6002a640325534681ef2670109fbd500a6bef,evidence,revision_B_base,revision_B_base,5,200000.0,xlarge,45.0,80.0,5.0,0.5,1.0
7,42,online_static_3step,0.5,0.95,10000.0,0.09441043404012446,7675.892970568953,0.0944195892142644,24.62956629877196,0.9593983918405473,6433,8151,8152,8233,8234,200010.39689102108,551.3659349922091,5622,"[[686523.8362532025,5838927.075221443],[686566.5636703096,5838927.763184127],[686595.8818124438,5839047.670062982],[686520.1027265164,5838904.130887055],[686560.4193126771,5839040.947809029]]",006da335f256203469592a62a852eccffab880f7309f6633631136cbb4337c3b,f41e9a54a63718366b89b2216f3ebdd7969ce8409943bee0795a7e0805076ea7,none,stationary,matched_prior_exact,1,0,"{""condition_id"":""pd_095"",""evaluation"":""stationary"",""stage"":""c1-sensitivity""}",d6a45689f8c015d047506b0521b3bb8739ec6480e1dcbc30a7bddda4e459b8cc,pd_095,p_d,1323396333,633827154,none,none,revision_C_base@f0684f8459a1,f0684f8459a1f1424f630778b2c606434d0bce08,27784880a3418d09b46f5afe2a7042757968dd5494a542fdab85e6a06fc60fb2,c1-sensitivity_20260826_073133_703049_c676526b,c676526b916d560a4651031b0ad6002a640325534681ef2670109fbd500a6bef,evidence,revision_B_base,revision_B_base,5,200000.0,xlarge,45.0,80.0,5.0,0.5,1.0
7,42,dynamic_3step,0.5,0.95,10000.0,0.1967816976800951,7239.945194841238,0.19679241043169002,9.424554223911137,0.8938941857363514,17105,8233,8234,8233,8234,200009.24316711392,518.760676902486,4724,"[[686523.8362532025,5838927.075221443],[686566.5636703096,5838927.763184127],[686595.8818124438,5839047.670062982],[686520.1027265164,5838904.130887055],[686560.4193126771,5839040.947809029]]",006da335f256203469592a62a852eccffab880f7309f6633631136cbb4337c3b,4d85c191422d3a62b57bd46cdeaad970bb1e70f628a99cc73641f0ff1de45401,none,stationary,matched_prior_exact,1,0,"{""condition_id"":""pd_095"",""evaluation"":""stationary"",""stage"":""c1-sensitivity""}",d6a45689f8c015d047506b0521b3bb8739ec6480e1dcbc30a7bddda4e459b8cc,pd_095,p_d,1323396333,633827154,none,none,revision_C_base@f0684f8459a1,f0684f8459a1f1424f630778b2c606434d0bce08,27784880a3418d09b46f5afe2a7042757968dd5494a542fdab85e6a06fc60fb2,c1-sensitivity_20260826_073133_703049_c676526b,c676526b916d560a4651031b0ad6002a640325534681ef2670109fbd500a6bef,evidence,revision_B_base,revision_B_base,5,200000.0,xlarge,45.0,80.0,5.0,0.5,1.0
7,42,online_static_3step,0.5,0.8,2000.0,0.09431636074764663,7673.678423715238,0.0944195892142644,24.62956629877196,0.9593983918405473,6433,8151,8152,8230,8231,200010.39689102108,549.3952413110528,5622,"[[686523.8362532025,5838927.075221443],[686566.5636703096,5838927.763184127],[686595.8818124438,5839047.670062982],[686520.1027265164,5838904.130887055],[686560.4193126771,5839040.947809029]]",006da335f256203469592a62a852eccffab880f7309f6633631136cbb4337c3b,f41e9a54a63718366b89b2216f3ebdd7969ce8409943bee0795a7e0805076ea7,none,stationary,matched_prior_exact,1,0,"{""condition_id"":""tau_2000"",""evaluation"":""stationary"",""stage"":""c1-sensitivity""}",c6bec9d7ef8d6cc4c988a25905b1e25ac861fe33d4c60bda138851fd7ea3ac8b,tau_2000,tau,3964876971,2355897834,none,none,revision_C_base@f0684f8459a1,f0684f8459a1f1424f630778b2c606434d0bce08,27784880a3418d09b46f5afe2a7042757968dd5494a542fdab85e6a06fc60fb2,c1-sensitivity_20260826_073133_703049_c676526b,c676526b916d560a4651031b0ad6002a640325534681ef2670109fbd500a6bef,evidence,revision_B_base,revision_B_base,5,200000.0,xlarge,45.0,80.0,5.0,0.5,1.0
7,42,dynamic_3step,0.5,0.8,2000.0,0.1851156225872865,7361.8328355781705,0.1853374872614583,10.393200438681376,0.9037832469507464,15501,8230,8231,8230,8231,200011.45096098754,511.5104548262898,4800,"[[686523.8362532025,5838927.075221443],[686566.5636703096,5838927.763184127],[686595.8818124438,5839047.670062982],[686520.1027265164,5838904.130887055],[686560.4193126771,5839040.947809029]]",006da335f256203469592a62a852eccffab880f7309f6633631136cbb4337c3b,9bc43aef17b3cc9874612abf8a2f3aa90db7cf0c6bd8c802ca080cc64aad8f5f,none,stationary,matched_prior_exact,1,0,"{""condition_id"":""tau_2000"",""evaluation"":""stationary"",""stage"":""c1-sensitivity""}",c6bec9d7ef8d6cc4c988a25905b1e25ac861fe33d4c60bda138851fd7ea3ac8b,tau_2000,tau,3964876971,2355897834,none,none,revision_C_base@f0684f8459a1,f0684f8459a1f1424f630778b2c606434d0bce08,27784880a3418d09b46f5afe2a7042757968dd5494a542fdab85e6a06fc60fb2,c1-sensitivity_20260826_073133_703049_c676526b,c676526b916d560a4651031b0ad6002a640325534681ef2670109fbd500a6bef,evidence,revision_B_base,revision_B_base,5,200000.0,xlarge,45.0,80.0,5.0,0.5,1.0
7,42,online_static_3step,0.5,0.8,32000.0,0.09431636074764663,7674.584107354543,0.0944195892142644,24.62956629877196,0.9593983918405473,6433,8151,8152,8231,8232,200010.39689102108,544.3770498621743,5622,"[[686523.8362532025,5838927.075221443],[686566.5636703096,5838927.763184127],[686595.8818124438,5839047.670062982],[686520.1027265164,5838904.130887055],[686560.4193126771,5839040.947809029]]",006da335f256203469592a62a852eccffab880f7309f6633631136cbb4337c3b,f41e9a54a63718366b89b2216f3ebdd7969ce8409943bee0795a7e0805076ea7,none,stationary,matched_prior_exact,1,0,"{""condition_id"":""tau_32000"",""evaluation"":""stationary"",""stage"":""c1-sensitivity""}",8a58528425303c8d4847dd0f657d9dd8b3e59f2d0adcd442e9348c96ebfaa71e,tau_32000,tau,2696472198,1430155033,none,none,revision_C_base@f0684f8459a1,f0684f8459a1f1424f630778b2c606434d0bce08,27784880a3418d09b46f5afe2a7042757968dd5494a542fdab85e6a06fc60fb2,c1-sensitivity_20260826_073133_703049_c676526b,c676526b916d560a4651031b0ad6002a640325534681ef2670109fbd500a6bef,evidence,revision_B_base,revision_B_base,5,200000.0,xlarge,45.0,80.0,5.0,0.5,1.0
7,42,dynamic_3step,0.5,0.8,32000.0,0.1685380454430988,7443.272877690647,0.16874233600236752,10.085304794091876,0.9008458325834817,15978,8231,8232,8231,8232,200002.99425030968,516.7603746817913,4822,"[[686523.8362532025,5838927.075221443],[686566.5636703096,5838927.763184127],[686595.8818124438,5839047.670062982],[686520.1027265164,5838904.130887055],[686560.4193126771,5839040.947809029]]",006da335f256203469592a62a852eccffab880f7309f6633631136cbb4337c3b,5acdbcce9bf6fa531514ed9fad6504730a80aa72304fbe53db4d14e9e1ddefa7,none,stationary,matched_prior_exact,1,0,"{""condition_id"":""tau_32000"",""evaluation"":""stationary"",""stage"":""c1-sensitivity""}",8a58528425303c8d4847dd0f657d9dd8b3e59f2d0adcd442e9348c96ebfaa71e,tau_32000,tau,2696472198,1430155033,none,none,revision_C_base@f0684f8459a1,f0684f8459a1f1424f630778b2c606434d0bce08,27784880a3418d09b46f5afe2a7042757968dd5494a542fdab85e6a06fc60fb2,c1-sensitivity_20260826_073133_703049_c676526b,c676526b916d560a4651031b0ad6002a640325534681ef2670109fbd500a6bef,evidence,revision_B_base,revision_B_base,5,200000.0,xlarge,45.0,80.0,5.0,0.5,1.0
7,42,online_static_3step,0.5,0.8,128000.0,0.09431636074764663,7674.584107354543,0.0944195892142644,24.62956629877196,0.9593983918405473,6433,8151,8152,8231,8232,200010.39689102108,552.2157135596499,5622,"[[686523.8362532025,5838927.075221443],[686566.5636703096,5838927.763184127],[686595.8818124438,5839047.670062982],[686520.1027265164,5838904.130887055],[686560.4193126771,5839040.947809029]]",006da335f256203469592a62a852eccffab880f7309f6633631136cbb4337c3b,f41e9a54a63718366b89b2216f3ebdd7969ce8409943bee0795a7e0805076ea7,none,stationary,matched_prior_exact,1,0,"{""condition_id"":""tau_128000"",""evaluation"":""stationary"",""stage"":""c1-sensitivity""}",a5c02adbe48ed5ee84f4ce8296410944cac16371cf65714dbb3f0b6d5aca5bba,tau_128000,tau,364756410,1420716843,none,none,revision_C_base@f0684f8459a1,f0684f8459a1f1424f630778b2c606434d0bce08,27784880a3418d09b46f5afe2a7042757968dd5494a542fdab85e6a06fc60fb2,c1-sensitivity_20260826_073133_703049_c676526b,c676526b916d560a4651031b0ad6002a640325534681ef2670109fbd500a6bef,evidence,revision_B_base,revision_B_base,5,200000.0,xlarge,45.0,80.0,5.0,0.5,1.0
7,42,dynamic_3step,0.5,0.8,128000.0,0.16857485603646605,7443.416967596785,0.168781815403595,10.088717756073128,0.9008793759347636,15972,8231,8232,8231,8232,200013.28862282608,516.838423512876,4853,"[[686523.8362532025,5838927.075221443],[686566.5636703096,5838927.763184127],[686595.8818124438,5839047.670062982],[686520.1027265164,5838904.130887055],[686560.4193126771,5839040.947809029]]",006da335f256203469592a62a852eccffab880f7309f6633631136cbb4337c3b,77971311be54295f7da77d8734a2f970202ddc3b2099dd01246008f98b9db9b8,none,stationary,matched_prior_exact,1,0,"{""condition_id"":""tau_128000"",""evaluation"":""stationary"",""stage"":""c1-sensitivity""}",a5c02adbe48ed5ee84f4ce8296410944cac16371cf65714dbb3f0b6d5aca5bba,tau_128000,tau,364756410,1420716843,none,none,revision_C_base@f0684f8459a1,f0684f8459a1f1424f630778b2c606434d0bce08,27784880a3418d09b46f5afe2a7042757968dd5494a542fdab85e6a06fc60fb2,c1-sensitivity_20260826_073133_703049_c676526b,c676526b916d560a4651031b0ad6002a640325534681ef2670109fbd500a6bef,evidence,revision_B_base,revision_B_base,5,200000.0,xlarge,45.0,80.0,5.0,0.5,1.0
7,43,online_static_3step,0.0,0.8,10000.0,0.18780311210527809,7291.892980904849,0.1880529651000219,9.73181135476119,0.8972442062894325,16645,8256,8257,8256,8257,200004.7613648055,393.71533112227917,4477,"[[686501.850052101,5838975.471476613],[686604.7862606267,5839004.072561169],[686473.4289899769,5838967.896738424],[686514.4804707655,5838941.2263576565],[686455.0549351819,5839024.936270974]]",70146d654c8d3e205eae3a8c1c32c196b80ae26034bb8660a9cf58293ef56344,b03f1e19881c4d460c9aec1183ff7e3fb6a0419322175de758cc1bbfec847fc3,none,stationary,matched_prior_exact,1,0,"{""condition_id"":""w_0"",""evaluation"":""stationary"",""stage"":""c1-sensitivity""}",80b02168b0975833d2c36bd6a41894c825064836584f37bc644dbaac89ab91cc,w_0,w,12775781,1401998165,none,none,revision_C_base@f0684f8459a1,f0684f8459a1f1424f630778b2c606434d0bce08,27784880a3418d09b46f5afe2a7042757968dd5494a542fdab85e6a06fc60fb2,c1-sensitivity_20260826_073133_703049_c676526b,c676526b916d560a4651031b0ad6002a640325534681ef2670109fbd500a6bef,evidence,revision_B_base,revision_B_base,5,200000.0,xlarge,45.0,80.0,5.0,0.5,1.0
7,43,dynamic_3step,0.0,0.8,10000.0,0.18780311210527809,7291.892980904849,0.1880529651000219,9.73181135476119,0.8972442062894325,16645,8256,8257,8256,8257,200004.7613648055,435.28405199898407,4477,"[[686501.850052101,5838975.471476613],[686604.7862606267,5839004.072561169],[686473.4289899769,5838967.896738424],[686514.4804707655,5838941.2263576565],[686455.0549351819,5839024.936270974]]",70146d654c8d3e205eae3a8c1c32c196b80ae26034bb8660a9cf58293ef56344,b03f1e19881c4d460c9aec1183ff7e3fb6a0419322175de758cc1bbfec847fc3,none,stationary,matched_prior_exact,1,0,"{""condition_id"":""w_0"",""evaluation"":""stationary"",""stage"":""c1-sensitivity""}",80b02168b0975833d2c36bd6a41894c825064836584f37bc644dbaac89ab91cc,w_0,w,12775781,1401998165,none,none,revision_C_base@f0684f8459a1,f0684f8459a1f1424f630778b2c606434d0bce08,27784880a3418d09b46f5afe2a7042757968dd5494a542fdab85e6a06fc60fb2,c1-sensitivity_20260826_073133_703049_c676526b,c676526b916d560a4651031b0ad6002a640325534681ef2670109fbd500a6bef,evidence,revision_B_base,revision_B_base,5,200000.0,xlarge,45.0,80.0,5.0,0.5,1.0
7,43,online_static_3step,0.25,0.8,10000.0,0.1853166577441176,7330.392575502003,0.1854942751558053,9.488777614138439,0.8946123472732691,16975,8229,8230,8242,8243,200014.33713715145,448.5738302394748,4555,"[[686501.850052101,5838975.471476613],[686604.7862606267,5839004.072561169],[686473.4289899769,5838967.896738424],[686514.4804707655,5838941.2263576565],[686455.0549351819,5839024.936270974]]",70146d654c8d3e205eae3a8c1c32c196b80ae26034bb8660a9cf58293ef56344,e93fb9587b6daa0cf3873a837c0da22195748205950e3901106ac00f8336538c,none,stationary,matched_prior_exact,1,0,"{""condition_id"":""w_025"",""evaluation"":""stationary"",""stage"":""c1-sensitivity""}",d3fe2ac77d42fbc7de79e9a302672c1a34fb85db107cd698d5b9495b5ed73325,w_025,w,2151021673,646071207,none,none,revision_C_base@f0684f8459a1,f0684f8459a1f1424f630778b2c606434d0bce08,27784880a3418d09b46f5afe2a7042757968dd5494a542fdab85e6a06fc60fb2,c1-sensitivity_20260826_073133_703049_c676526b,c676526b916d560a4651031b0ad6002a640325534681ef2670109fbd500a6bef,evidence,revision_B_base,revision_B_base,5,200000.0,xlarge,45.0,80.0,5.0,0.5,1.0
7,43,dynamic_3step,0.25,0.8,10000.0,0.16944632248920588,7346.761980027058,0.16965009249698518,9.500882352941176,0.89474661796118,17000,8242,8243,8242,8243,200004.77003036597,483.55457440554164,4431,"[[686501.850052101,5838975.471476613],[686604.7862606267,5839004.072561169],[686473.4289899769,5838967.896738424],[686514.4804707655,5838941.2263576565],[686455.0549351819,5839024.936270974]]",70146d654c8d3e205eae3a8c1c32c196b80ae26034bb8660a9cf58293ef56344,ead6a21eaa46b8c059dfa7fd0260ac012e09172413bf7dadcb7a8de4ca907bba,none,stationary,matched_prior_exact,1,0,"{""condition_id"":""w_025"",""evaluation"":""stationary"",""stage"":""c1-sensitivity""}",d3fe2ac77d42fbc7de79e9a302672c1a34fb85db107cd698d5b9495b5ed73325,w_025,w,2151021673,646071207,none,none,revision_C_base@f0684f8459a1,f0684f8459a1f1424f630778b2c606434d0bce08,27784880a3418d09b46f5afe2a7042757968dd5494a542fdab85e6a06fc60fb2,c1-sensitivity_20260826_073133_703049_c676526b,c676526b916d560a4651031b0ad6002a640325534681ef2670109fbd500a6bef,evidence,revision_B_base,revision_B_base,5,200000.0,xlarge,45.0,80.0,5.0,0.5,1.0
7,43,online_static_3step,0.5,0.8,10000.0,0.04716963371783856,7904.146121492292,0.04720527649273838,57.58216654384672,0.9826335120746362,2714,8087,8088,8245,8246,200021.04284159545,421.72328917565756,4503,"[[686501.850052101,5838975.471476613],[686604.7862606267,5839004.072561169],[686473.4289899769,5838967.896738424],[686514.4804707655,5838941.2263576565],[686455.0549351819,5839024.936270974]]",70146d654c8d3e205eae3a8c1c32c196b80ae26034bb8660a9cf58293ef56344,aec5e025c52359aee661809d7450170115adaa0459272e540b4769370d85e9e5,none,stationary,matched_prior_exact,1,0,"{""condition_id"":""nominal"",""evaluation"":""stationary"",""stage"":""c1-sensitivity""}",33661ab33ce355b68312ce72c8f28ade62ec8305f639d3c5c5420d991c48f0d2,nominal,nominal,2767783271,502913228,none,none,revision_C_base@f0684f8459a1,f0684f8459a1f1424f630778b2c606434d0bce08,27784880a3418d09b46f5afe2a7042757968dd5494a542fdab85e6a06fc60fb2,c1-sensitivity_20260826_073133_703049_c676526b,c676526b916d560a4651031b0ad6002a640325534681ef2670109fbd500a6bef,evidence,revision_B_base,revision_B_base,5,200000.0,xlarge,45.0,80.0,5.0,0.5,1.0
7,43,dynamic_3step,0.5,0.8,10000.0,0.1662902550348909,7303.5003796782985,0.16647385640224252,9.524163130598774,0.8950038983701101,16968,8245,8246,8245,8246,200020.57738839602,474.8749164897017,4436,"[[686501.850052101,5838975.471476613],[686604.7862606267,5839004.072561169],[686473.4289899769,5838967.896738424],[686514.4804707655,5838941.2263576565],[686455.0549351819,5839024.936270974]]",70146d654c8d3e205eae3a8c1c32c196b80ae26034bb8660a9cf58293ef56344,55dff513ef381d0ef509f93b9fa94e86cb13f21130b37983e7ef8c0a9e51c2bd,none,stationary,matched_prior_exact,1,0,"{""condition_id"":""nominal"",""evaluation"":""stationary"",""stage"":""c1-sensitivity""}",33661ab33ce355b68312ce72c8f28ade62ec8305f639d3c5c5420d991c48f0d2,nominal,nominal,2767783271,502913228,none,none,revision_C_base@f0684f8459a1,f0684f8459a1f1424f630778b2c606434d0bce08,27784880a3418d09b46f5afe2a7042757968dd5494a542fdab85e6a06fc60fb2,c1-sensitivity_20260826_073133_703049_c676526b,c676526b916d560a4651031b0ad6002a640325534681ef2670109fbd500a6bef,evidence,revision_B_base,revision_B_base,5,200000.0,xlarge,45.0,80.0,5.0,0.5,1.0
7,43,online_static_3step,0.75,0.8,10000.0,0.04170655900310216,7919.041476949181,0.04172976865467041,60.27086553323029,0.9834082356184407,2588,8078,8079,8228,8229,200009.65107131252,478.92780118458904,5021,"[[686501.850052101,5838975.471476613],[686604.7862606267,5839004.072561169],[686473.4289899769,5838967.896738424],[686514.4804707655,5838941.2263576565],[686455.0549351819,5839024.936270974]]",70146d654c8d3e205eae3a8c1c32c196b80ae26034bb8660a9cf58293ef56344,21951d4180d92d31771cccbdd9de5161760353d9969e454699fdfa8a81c9e759,none,stationary,matched_prior_exact,1,0,"{""condition_id"":""w_075"",""evaluation"":""stationary"",""stage"":""c1-sensitivity""}",dd16bccb6fb666ed0827b0b565b90295f086cf20694f1dd0b5c1942221a74648,w_075,w,1173904593,1283556539,none,none,revision_C_base@f0684f8459a1,f0684f8459a1f1424f630778b2c606434d0bce08,27784880a3418d09b46f5afe2a7042757968dd5494a542fdab85e6a06fc60fb2,c1-sensitivity_20260826_073133_703049_c676526b,c676526b916d560a4651031b0ad6002a640325534681ef2670109fbd500a6bef,evidence,revision_B_base,revision_B_base,5,200000.0,xlarge,45.0,80.0,5.0,0.5,1.0
7,43,dynamic_3step,0.75,0.8,10000.0,0.1815487342483587,7271.976743097317,0.18174997715338778,9.379266161910309,0.8933818506973337,17170,8228,8229,8228,8229,200007.35228905443,480.46051329467446,4475,"[[686501.850052101,5838975.471476613],[686604.7862606267,5839004.072561169],[686473.4289899769,5838967.896738424],[686514.4804707655,5838941.2263576565],[686455.0549351819,5839024.936270974]]",70146d654c8d3e205eae3a8c1c32c196b80ae26034bb8660a9cf58293ef56344,4ad782d97d2e2989fb20781f7f1c7e6a9d43a8b3184eb8253489f079f1515bcf,none,stationary,matched_prior_exact,1,0,"{""condition_id"":""w_075"",""evaluation"":""stationary"",""stage"":""c1-sensitivity""}",dd16bccb6fb666ed0827b0b565b90295f086cf20694f1dd0b5c1942221a74648,w_075,w,1173904593,1283556539,none,none,revision_C_base@f0684f8459a1,f0684f8459a1f1424f630778b2c606434d0bce08,27784880a3418d09b46f5afe2a7042757968dd5494a542fdab85e6a06fc60fb2,c1-sensitivity_20260826_073133_703049_c676526b,c676526b916d560a4651031b0ad6002a640325534681ef2670109fbd500a6bef,evidence,revision_B_base,revision_B_base,5,200000.0,xlarge,45.0,80.0,5.0,0.5,1.0
7,43,online_static_3step,1.0,0.8,10000.0,0.004937322246901496,8222.522777626458,0.004945619423959604,949.3878787878788,0.9989466897330975,165,8098,8099,8262,8263,200019.58445894194,464.02329616760835,4935,"[[686501.850052101,5838975.471476613],[686604.7862606267,5839004.072561169],[686473.4289899769,5838967.896738424],[686514.4804707655,5838941.2263576565],[686455.0549351819,5839024.936270974]]",70146d654c8d3e205eae3a8c1c32c196b80ae26034bb8660a9cf58293ef56344,fa47b233ab6c5e111752f45101a309f0cab544e654bb3050f5212e2da3a88697,none,stationary,matched_prior_exact,1,0,"{""condition_id"":""w_1"",""evaluation"":""stationary"",""stage"":""c1-sensitivity""}",a7560dbaa977cea1795a4b0bd3ba265a0712530b452662170ae9efd74531b738,w_1,w,2715508658,213424959,none,none,revision_C_base@f0684f8459a1,f0684f8459a1f1424f630778b2c606434d0bce08,27784880a3418d09b46f5afe2a7042757968dd5494a542fdab85e6a06fc60fb2,c1-sensitivity_20260826_073133_703049_c676526b,c676526b916d560a4651031b0ad6002a640325534681ef2670109fbd500a6bef,evidence,revision_B_base,revision_B_base,5,200000.0,xlarge,45.0,80.0,5.0,0.5,1.0
7,43,dynamic_3step,1.0,0.8,10000.0,0.1911697215917671,7334.611374231295,0.19138494987368276,9.916783858147356,0.899160855545074,16355,8262,8263,8262,8263,200008.06655644445,468.7170222105924,4353,"[[686501.850052101,5838975.471476613],[686604.7862606267,5839004.072561169],[686473.4289899769,5838967.896738424],[686514.4804707655,5838941.2263576565],[686455.0549351819,5839024.936270974]]",70146d654c8d3e205eae3a8c1c32c196b80ae26034bb8660a9cf58293ef56344,8f1966f4dcb0f4615a0e55beba8c1e85278d67f3531ef5ed53c7bbfc7db2a189,none,stationary,matched_prior_exact,1,0,"{""condition_id"":""w_1"",""evaluation"":""stationary"",""stage"":""c1-sensitivity""}",a7560dbaa977cea1795a4b0bd3ba265a0712530b452662170ae9efd74531b738,w_1,w,2715508658,213424959,none,none,revision_C_base@f0684f8459a1,f0684f8459a1f1424f630778b2c606434d0bce08,27784880a3418d09b46f5afe2a7042757968dd5494a542fdab85e6a06fc60fb2,c1-sensitivity_20260826_073133_703049_c676526b,c676526b916d560a4651031b0ad6002a640325534681ef2670109fbd500a6bef,evidence,revision_B_base,revision_B_base,5,200000.0,xlarge,45.0,80.0,5.0,0.5,1.0
7,43,online_static_3step,0.5,0.6,10000.0,0.046892768760046014,7954.786875891596,0.04720527649273838,57.58216654384672,0.9826335120746362,2714,8087,8088,8296,8297,200021.04284159545,427.66230080323294,4503,"[[686501.850052101,5838975.471476613],[686604.7862606267,5839004.072561169],[686473.4289899769,5838967.896738424],[686514.4804707655,5838941.2263576565],[686455.0549351819,5839024.936270974]]",70146d654c8d3e205eae3a8c1c32c196b80ae26034bb8660a9cf58293ef56344,aec5e025c52359aee661809d7450170115adaa0459272e540b4769370d85e9e5,none,stationary,matched_prior_exact,1,0,"{""condition_id"":""pd_060"",""evaluation"":""stationary"",""stage"":""c1-sensitivity""}",8bcc633790e55489f4fbf2bd9b0dc37e28e3051e2872807588f965813e490d2b,pd_060,p_d,4142128568,2462041011,none,none,revision_C_base@f0684f8459a1,f0684f8459a1f1424f630778b2c606434d0bce08,27784880a3418d09b46f5afe2a7042757968dd5494a542fdab85e6a06fc60fb2,c1-sensitivity_20260826_073133_703049_c676526b,c676526b916d560a4651031b0ad6002a640325534681ef2670109fbd500a6bef,evidence,revision_B_base,revision_B_base,5,200000.0,xlarge,45.0,80.0,5.0,0.5,1.0
7,43,dynamic_3step,0.5,0.6,10000.0,0.2073327456433429,7355.998886379998,0.20916577122741256,10.039523019239043,0.9003936742728046,16269,8296,8297,8296,8297,200011.35441696423,469.48873779317364,4377,"[[686501.850052101,5838975.471476613],[686604.7862606267,5839004.072561169],[686473.4289899769,5838967.896738424],[686514.4804707655,5838941.2263576565],[686455.0549351819,5839024.936270974]]",70146d654c8d3e205eae3a8c1c32c196b80ae26034bb8660a9cf58293ef56344,662bafed08e6b46eb7a07a564eb331c45ba4de0a15480462e7c0241f7a05a10c,none,stationary,matched_prior_exact,1,0,"{""condition_id"":""pd_060"",""evaluation"":""stationary"",""stage"":""c1-sensitivity""}",8bcc633790e55489f4fbf2bd9b0dc37e28e3051e2872807588f965813e490d2b,pd_060,p_d,4142128568,2462041011,none,none,revision_C_base@f0684f8459a1,f0684f8459a1f1424f630778b2c606434d0bce08,27784880a3418d09b46f5afe2a7042757968dd5494a542fdab85e6a06fc60fb2,c1-sensitivity_20260826_073133_703049_c676526b,c676526b916d560a4651031b0ad6002a640325534681ef2670109fbd500a6bef,evidence,revision_B_base,revision_B_base,5,200000.0,xlarge,45.0,80.0,5.0,0.5,1.0
7,43,online_static_3step,0.5,0.95,10000.0,0.04720340963515471,7879.11892976492,0.04720527649273838,57.58216654384672,0.9826335120746362,2714,8087,8088,8219,8220,200021.04284159545,431.5569097592961,4503,"[[686501.850052101,5838975.471476613],[686604.7862606267,5839004.072561169],[686473.4289899769,5838967.896738424],[686514.4804707655,5838941.2263576565],[686455.0549351819,5839024.936270974]]",70146d654c8d3e205eae3a8c1c32c196b80ae26034bb8660a9cf58293ef56344,aec5e025c52359aee661809d7450170115adaa0459272e540b4769370d85e9e5,none,stationary,matched_prior_exact,1,0,"{""condition_id"":""pd_095"",""evaluation"":""stationary"",""stage"":""c1-sensitivity""}",d6a45689f8c015d047506b0521b3bb8739ec6480e1dcbc30a7bddda4e459b8cc,pd_095,p_d,294931093,1819745031,none,none,revision_C_base@f0684f8459a1,f0684f8459a1f1424f630778b2c606434d0bce08,27784880a3418d09b46f5afe2a7042757968dd5494a542fdab85e6a06fc60fb2,c1-sensitivity_20260826_073133_703049_c676526b,c676526b916d560a4651031b0ad6002a640325534681ef2670109fbd500a6bef,evidence,revision_B_base,revision_B_base,5,200000.0,xlarge,45.0,80.0,5.0,0.5,1.0
7,43,dynamic_3step,0.5,0.95,10000.0,0.15748229855844664,7335.999262555704,0.15748849317079242,9.296703296703297,0.892434988179669,17290,8219,8220,8219,8220,200001.10770503036,491.0859140737448,4525,"[[686501.850052101,5838975.471476613],[686604.7862606267,5839004.072561169],[686473.4289899769,5838967.896738424],[686514.4804707655,5838941.2263576565],[686455.0549351819,5839024.936270974]]",70146d654c8d3e205eae3a8c1c32c196b80ae26034bb8660a9cf58293ef56344,e0ee0303e9583a3d5388077b2bd1447caa468d48eb3430eae97308c3abc1f662,none,stationary,matched_prior_exact,1,0,"{""condition_id"":""pd_095"",""evaluation"":""stationary"",""stage"":""c1-sensitivity""}",d6a45689f8c015d047506b0521b3bb8739ec6480e1dcbc30a7bddda4e459b8cc,pd_095,p_d,294931093,1819745031,none,none,revision_C_base@f0684f8459a1,f0684f8459a1f1424f630778b2c606434d0bce08,27784880a3418d09b46f5afe2a7042757968dd5494a542fdab85e6a06fc60fb2,c1-sensitivity_20260826_073133_703049_c676526b,c676526b916d560a4651031b0ad6002a640325534681ef2670109fbd500a6bef,evidence,revision_B_base,revision_B_base,5,200000.0,xlarge,45.0,80.0,5.0,0.5,1.0
7,43,online_static_3step,0.5,0.8,2000.0,0.04716963371783856,7905.098951858306,0.04720527649273838,57.58216654384672,0.9826335120746362,2714,8087,8088,8246,8247,200021.04284159545,431.24053439241834,4503,"[[686501.850052101,5838975.471476613],[686604.7862606267,5839004.072561169],[686473.4289899769,5838967.896738424],[686514.4804707655,5838941.2263576565],[686455.0549351819,5839024.936270974]]",70146d654c8d3e205eae3a8c1c32c196b80ae26034bb8660a9cf58293ef56344,aec5e025c52359aee661809d7450170115adaa0459272e540b4769370d85e9e5,none,stationary,matched_prior_exact,1,0,"{""condition_id"":""tau_2000"",""evaluation"":""stationary"",""stage"":""c1-sensitivity""}",c6bec9d7ef8d6cc4c988a25905b1e25ac861fe33d4c60bda138851fd7ea3ac8b,tau_2000,tau,1307616174,1746843618,none,none,revision_C_base@f0684f8459a1,f0684f8459a1f1424f630778b2c606434d0bce08,27784880a3418d09b46f5afe2a7042757968dd5494a542fdab85e6a06fc60fb2,c1-sensitivity_20260826_073133_703049_c676526b,c676526b916d560a4651031b0ad6002a640325534681ef2670109fbd500a6bef,evidence,revision_B_base,revision_B_base,5,200000.0,xlarge,45.0,80.0,5.0,0.5,1.0
7,43,dynamic_3step,0.5,0.8,2000.0,0.17095018760638353,7293.4503022405315,0.17115415677759613,9.650925373134328,0.8963829932014872,16750,8246,8247,8246,8247,200001.82630520157,475.38206530571915,4424,"[[686501.850052101,5838975.471476613],[686604.7862606267,5839004.072561169],[686473.4289899769,5838967.896738424],[686514.4804707655,5838941.2263576565],[686455.0549351819,5839024.936270974]]",70146d654c8d3e205eae3a8c1c32c196b80ae26034bb8660a9cf58293ef56344,c48c0647524e18443558e37d178e8d4adfc6a7d395eddcfb11607808f47e84bc,none,stationary,matched_prior_exact,1,0,"{""condition_id"":""tau_2000"",""evaluation"":""stationary"",""stage"":""c1-sensitivity""}",c6bec9d7ef8d6cc4c988a25905b1e25ac861fe33d4c60bda138851fd7ea3ac8b,tau_2000,tau,1307616174,1746843618,none,none,revision_C_base@f0684f8459a1,f0684f8459a1f1424f630778b2c606434d0bce08,27784880a3418d09b46f5afe2a7042757968dd5494a542fdab85e6a06fc60fb2,c1-sensitivity_20260826_073133_703049_c676526b,c676526b916d560a4651031b0ad6002a640325534681ef2670109fbd500a6bef,evidence,revision_B_base,revision_B_base,5,200000.0,xlarge,45.0,80.0,5.0,0.5,1.0
7,43,online_static_3step,0.5,0.8,32000.0,0.04716963371783856,7904.146121492292,0.04720527649273838,57.58216654384672,0.9826335120746362,2714,8087,8088,8245,8246,200021.04284159545,428.01770566240884,4503,"[[686501.850052101,5838975.471476613],[686604.7862606267,5839004.072561169],[686473.4289899769,5838967.896738424],[686514.4804707655,5838941.2263576565],[686455.0549351819,5839024.936270974]]",70146d654c8d3e205eae3a8c1c32c196b80ae26034bb8660a9cf58293ef56344,aec5e025c52359aee661809d7450170115adaa0459272e540b4769370d85e9e5,none,stationary,matched_prior_exact,1,0,"{""condition_id"":""tau_32000"",""evaluation"":""stationary"",""stage"":""c1-sensitivity""}",8a58528425303c8d4847dd0f657d9dd8b3e59f2d0adcd442e9348c96ebfaa71e,tau_32000,tau,2208862195,3400319981,none,none,revision_C_base@f0684f8459a1,f0684f8459a1f1424f630778b2c606434d0bce08,27784880a3418d09b46f5afe2a7042757968dd5494a542fdab85e6a06fc60fb2,c1-sensitivity_20260826_073133_703049_c676526b,c676526b916d560a4651031b0ad6002a640325534681ef2670109fbd500a6bef,evidence,revision_B_base,revision_B_base,5,200000.0,xlarge,45.0,80.0,5.0,0.5,1.0
7,43,dynamic_3step,0.5,0.8,32000.0,0.1663059506975324,7303.439653857532,0.166489351058232,9.524842341014912,0.8950113855749715,16967,8245,8246,8245,8246,200018.0037952669,479.6768049118109,4482,"[[686501.850052101,5838975.471476613],[686604.7862606267,5839004.072561169],[686473.4289899769,5838967.896738424],[686514.4804707655,5838941.2263576565],[686455.0549351819,5839024.936270974]]",70146d654c8d3e205eae3a8c1c32c196b80ae26034bb8660a9cf58293ef56344,5815e248c88167c122f36fd10da23411ca181ab4114c174d8d628f054e29e1ca,none,stationary,matched_prior_exact,1,0,"{""condition_id"":""tau_32000"",""evaluation"":""stationary"",""stage"":""c1-sensitivity""}",8a58528425303c8d4847dd0f657d9dd8b3e59f2d0adcd442e9348c96ebfaa71e,tau_32000,tau,2208862195,3400319981,none,none,revision_C_base@f0684f8459a1,f0684f8459a1f1424f630778b2c606434d0bce08,27784880a3418d09b46f5afe2a7042757968dd5494a542fdab85e6a06fc60fb2,c1-sensitivity_20260826_073133_703049_c676526b,c676526b916d560a4651031b0ad6002a640325534681ef2670109fbd500a6bef,evidence,revision_B_base,revision_B_base,5,200000.0,xlarge,45.0,80.0,5.0,0.5,1.0
7,43,online_static_3step,0.5,0.8,128000.0,0.04716963371783856,7904.146121492292,0.04720527649273838,57.58216654384672,0.9826335120746362,2714,8087,8088,8245,8246,200021.04284159545,432.30387797555886,4503,"[[686501.850052101,5838975.471476613],[686604.7862606267,5839004.072561169],[686473.4289899769,5838967.896738424],[686514.4804707655,5838941.2263576565],[686455.0549351819,5839024.936270974]]",70146d654c8d3e205eae3a8c1c32c196b80ae26034bb8660a9cf58293ef56344,aec5e025c52359aee661809d7450170115adaa0459272e540b4769370d85e9e5,none,stationary,matched_prior_exact,1,0,"{""condition_id"":""tau_128000"",""evaluation"":""stationary"",""stage"":""c1-sensitivity""}",a5c02adbe48ed5ee84f4ce8296410944cac16371cf65714dbb3f0b6d5aca5bba,tau_128000,tau,452471756,392189629,none,none,revision_C_base@f0684f8459a1,f0684f8459a1f1424f630778b2c606434d0bce08,27784880a3418d09b46f5afe2a7042757968dd5494a542fdab85e6a06fc60fb2,c1-sensitivity_20260826_073133_703049_c676526b,c676526b916d560a4651031b0ad6002a640325534681ef2670109fbd500a6bef,evidence,revision_B_base,revision_B_base,5,200000.0,xlarge,45.0,80.0,5.0,0.5,1.0
7,43,dynamic_3step,0.5,0.8,128000.0,0.16635282723003436,7303.3676127587805,0.16653766605205556,9.525462690086055,0.8950182229950064,16966,8245,8246,8245,8246,200018.00379526688,479.62754023843445,4436,"[[686501.850052101,5838975.471476613],[686604.7862606267,5839004.072561169],[686473.4289899769,5838967.896738424],[686514.4804707655,5838941.2263576565],[686455.0549351819,5839024.936270974]]",70146d654c8d3e205eae3a8c1c32c196b80ae26034bb8660a9cf58293ef56344,c52b220b2ac6cf6f5c08e0d4b76e3972311b070f827e2c6d7776965bc1f53b08,none,stationary,matched_prior_exact,1,0,"{""condition_id"":""tau_128000"",""evaluation"":""stationary"",""stage"":""c1-sensitivity""}",a5c02adbe48ed5ee84f4ce8296410944cac16371cf65714dbb3f0b6d5aca5bba,tau_128000,tau,452471756,392189629,none,none,revision_C_base@f0684f8459a1,f0684f8459a1f1424f630778b2c606434d0bce08,27784880a3418d09b46f5afe2a7042757968dd5494a542fdab85e6a06fc60fb2,c1-sensitivity_20260826_073133_703049_c676526b,c676526b916d560a4651031b0ad6002a640325534681ef2670109fbd500a6bef,evidence,revision_B_base,revision_B_base,5,200000.0,xlarge,45.0,80.0,5.0,0.5,1.0
7,44,online_static_3step,0.0,0.8,10000.0,0.2072573386496559,7260.5084884497455,0.20748741942921808,9.678432312578654,0.8966774816722806,16687,8242,8243,8242,8243,200021.67742603988,421.0328929007519,4753,"[[686550.3719393034,5839027.944815845],[686432.2114798157,5839047.514619678],[686562.3711137616,5839071.464514369],[686544.1074016276,5839042.245650976],[686479.4570754749,5838922.012930993]]",11105a2cc12ea269694f1fa8b45ff83d4588344c41b1c28dbb5cea328ef765c7,0401b90ff8d63375725cd2f6e2d6a7ec02bd3a814002120b8e4fbf715f4fa7b0,none,stationary,matched_prior_exact,1,0,"{""condition_id"":""w_0"",""evaluation"":""stationary"",""stage"":""c1-sensitivity""}",80b02168b0975833d2c36bd6a41894c825064836584f37bc644dbaac89ab91cc,w_0,w,631480078,3946678919,none,none,revision_C_base@f0684f8459a1,f0684f8459a1f1424f630778b2c606434d0bce08,27784880a3418d09b46f5afe2a7042757968dd5494a542fdab85e6a06fc60fb2,c1-sensitivity_20260826_073133_703049_c676526b,c676526b916d560a4651031b0ad6002a640325534681ef2670109fbd500a6bef,evidence,revision_B_base,revision_B_base,5,200000.0,xlarge,45.0,80.0,5.0,0.5,1.0
7,44,dynamic_3step,0.0,0.8,10000.0,0.2072573386496559,7260.5084884497455,0.20748741942921808,9.678432312578654,0.8966774816722806,16687,8242,8243,8242,8243,200021.67742603988,473.1453029627446,4753,"[[686550.3719393034,5839027.944815845],[686432.2114798157,5839047.514619678],[686562.3711137616,5839071.464514369],[686544.1074016276,5839042.245650976],[686479.4570754749,5838922.012930993]]",11105a2cc12ea269694f1fa8b45ff83d4588344c41b1c28dbb5cea328ef765c7,0401b90ff8d63375725cd2f6e2d6a7ec02bd3a814002120b8e4fbf715f4fa7b0,none,stationary,matched_prior_exact,1,0,"{""condition_id"":""w_0"",""evaluation"":""stationary"",""stage"":""c1-sensitivity""}",80b02168b0975833d2c36bd6a41894c825064836584f37bc644dbaac89ab91cc,w_0,w,631480078,3946678919,none,none,revision_C_base@f0684f8459a1,f0684f8459a1f1424f630778b2c606434d0bce08,27784880a3418d09b46f5afe2a7042757968dd5494a542fdab85e6a06fc60fb2,c1-sensitivity_20260826_073133_703049_c676526b,c676526b916d560a4651031b0ad6002a640325534681ef2670109fbd500a6bef,evidence,revision_B_base,revision_B_base,5,200000.0,xlarge,45.0,80.0,5.0,0.5,1.0
7,44,online_static_3step,0.25,0.8,10000.0,0.21299478033235497,7221.529847414688,0.21323583777188107,9.38070503093265,0.893398204431061,17134,8219,8220,8257,8258,200024.12829616974,479.40251818532124,4822,"[[686550.3719393034,5839027.944815845],[686432.2114798157,5839047.514619678],[686562.3711137616,5839071.464514369],[686544.1074016276,5839042.245650976],[686479.4570754749,5838922.012930993]]",11105a2cc12ea269694f1fa8b45ff83d4588344c41b1c28dbb5cea328ef765c7,fad3b175d3d8d744b6d67add49481d1f357e2e86739d4827ad67a37ca18a2771,none,stationary,matched_prior_exact,1,0,"{""condition_id"":""w_025"",""evaluation"":""stationary"",""stage"":""c1-sensitivity""}",d3fe2ac77d42fbc7de79e9a302672c1a34fb85db107cd698d5b9495b5ed73325,w_025,w,590802473,809845973,none,none,revision_C_base@f0684f8459a1,f0684f8459a1f1424f630778b2c606434d0bce08,27784880a3418d09b46f5afe2a7042757968dd5494a542fdab85e6a06fc60fb2,c1-sensitivity_20260826_073133_703049_c676526b,c676526b916d560a4651031b0ad6002a640325534681ef2670109fbd500a6bef,evidence,revision_B_base,revision_B_base,5,200000.0,xlarge,45.0,80.0,5.0,0.5,1.0
7,44,dynamic_3step,0.25,0.8,10000.0,0.20729755867506752,7273.976553481126,0.20755262728351412,9.68380155409444,0.8967347694586754,16730,8257,8258,8257,8258,200023.5064223181,502.4617636271287,4676,"[[686550.3719393034,5839027.944815845],[686432.2114798157,5839047.514619678],[686562.3711137616,5839071.464514369],[686544.1074016276,5839042.245650976],[686479.4570754749,5838922.012930993]]",11105a2cc12ea269694f1fa8b45ff83d4588344c41b1c28dbb5cea328ef765c7,8e143d9481955a7ce1131d455cc0efe0437063d43eae268dc4eb0cdb30d6e7ae,none,stationary,matched_prior_exact,1,0,"{""condition_id"":""w_025"",""evaluation"":""stationary"",""stage"":""c1-sensitivity""}",d3fe2ac77d42fbc7de79e9a302672c1a34fb85db107cd698d5b9495b5ed73325,w_025,w,590802473,809845973,none,none,revision_C_base@f0684f8459a1,f0684f8459a1f1424f630778b2c606434d0bce08,27784880a3418d09b46f5afe2a7042757968dd5494a542fdab85e6a06fc60fb2,c1-sensitivity_20260826_073133_703049_c676526b,c676526b916d560a4651031b0ad6002a640325534681ef2670109fbd500a6bef,evidence,revision_B_base,revision_B_base,5,200000.0,xlarge,45.0,80.0,5.0,0.5,1.0
7,44,online_static_3step,0.5,0.8,10000.0,0.0434620322779693,7931.519996773128,0.04350111611457751,40.003819709702064,0.9750023870906139,3927,8111,8112,8254,8255,200000.17277430842,549.2786743093748,5735,"[[686550.3719393034,5839027.944815845],[686432.2114798157,5839047.514619678],[686562.3711137616,5839071.464514369],[686544.1074016276,5839042.245650976],[686479.4570754749,5838922.012930993]]",11105a2cc12ea269694f1fa8b45ff83d4588344c41b1c28dbb5cea328ef765c7,df559f706ece68394817e3194509442ba210687e035fee47d891fb0c894f44b2,none,stationary,matched_prior_exact,1,0,"{""condition_id"":""nominal"",""evaluation"":""stationary"",""stage"":""c1-sensitivity""}",33661ab33ce355b68312ce72c8f28ade62ec8305f639d3c5c5420d991c48f0d2,nominal,nominal,3854305115,922965990,none,none,revision_C_base@f0684f8459a1,f0684f8459a1f1424f630778b2c606434d0bce08,27784880a3418d09b46f5afe2a7042757968dd5494a542fdab85e6a06fc60fb2,c1-sensitivity_20260826_073133_703049_c676526b,c676526b916d560a4651031b0ad6002a640325534681ef2670109fbd500a6bef,evidence,revision_B_base,revision_B_base,5,200000.0,xlarge,45.0,80.0,5.0,0.5,1.0
7,44,dynamic_3step,0.5,0.8,10000.0,0.20790906644872081,7276.721371426612,0.20815701645128756,9.661137299361537,0.8964925174941789,16759,8254,8255,8254,8255,200020.56702993307,502.1532473305706,4676,"[[686550.3719393034,5839027.944815845],[686432.2114798157,5839047.514619678],[686562.3711137616,5839071.464514369],[686544.1074016276,5839042.245650976],[686479.4570754749,5838922.012930993]]",11105a2cc12ea269694f1fa8b45ff83d4588344c41b1c28dbb5cea328ef765c7,a1f807c262de14dd184d111a2c29529dcf67c05b57046b2420729cf404e67a24,none,stationary,matched_prior_exact,1,0,"{""condition_id"":""nominal"",""evaluation"":""stationary"",""stage"":""c1-sensitivity""}",33661ab33ce355b68312ce72c8f28ade62ec8305f639d3c5c5420d991c48f0d2,nominal,nominal,3854305115,922965990,none,none,revision_C_base@f0684f8459a1,f0684f8459a1f1424f630778b2c606434d0bce08,27784880a3418d09b46f5afe2a7042757968dd5494a542fdab85e6a06fc60fb2,c1-sensitivity_20260826_073133_703049_c676526b,c676526b916d560a4651031b0ad6002a640325534681ef2670109fbd500a6bef,evidence,revision_B_base,revision_B_base,5,200000.0,xlarge,45.0,80.0,5.0,0.5,1.0
7,44,online_static_3step,0.75,0.8,10000.0,0.05237827984849362,7851.827599048337,0.05240941524276891,52.27829872739451,0.9808716040050479,2986,8082,8083,8247,8248,200024.08837488337,536.6825765352696,5628,"[[686550.3719393034,5839027.944815845],[686432.2114798157,5839047.514619678],[686562.3711137616,5839071.464514369],[686544.1074016276,5839042.245650976],[686479.4570754749,5838922.012930993]]",11105a2cc12ea269694f1fa8b45ff83d4588344c41b1c28dbb5cea328ef765c7,d0679bc0a6de3b1ad51634cb249d9f142d425a73b8059a1429d127aa54d9a15a,none,stationary,matched_prior_exact,1,0,"{""condition_id"":""w_075"",""evaluation"":""stationary"",""stage"":""c1-sensitivity""}",dd16bccb6fb666ed0827b0b565b90295f086cf20694f1dd0b5c1942221a74648,w_075,w,4015438653,181869734,none,none,revision_C_base@f0684f8459a1,f0684f8459a1f1424f630778b2c606434d0bce08,27784880a3418d09b46f5afe2a7042757968dd5494a542fdab85e6a06fc60fb2,c1-sensitivity_20260826_073133_703049_c676526b,c676526b916d560a4651031b0ad6002a640325534681ef2670109fbd500a6bef,evidence,revision_B_base,revision_B_base,5,200000.0,xlarge,45.0,80.0,5.0,0.5,1.0
7,44,dynamic_3step,0.75,0.8,10000.0,0.1921303718546769,7267.871362686669,0.19235851717846666,9.750376937458537,0.897439862436677,16581,8247,8248,8247,8248,200020.5713627137,509.46485782344826,4730,"[[686550.3719393034,5839027.944815845],[686432.2114798157,5839047.514619678],[686562.3711137616,5839071.464514369],[686544.1074016276,5839042.245650976],[686479.4570754749,5838922.012930993]]",11105a2cc12ea269694f1fa8b45ff83d4588344c41b1c28dbb5cea328ef765c7,4a7f5464021af8bfbf6c17829391fd1f9b7f75b61bb82db7ab0f2860c95c099a,none,stationary,matched_prior_exact,1,0,"{""condition_id"":""w_075"",""evaluation"":""stationary"",""stage"":""c1-sensitivity""}",dd16bccb6fb666ed0827b0b565b90295f086cf20694f1dd0b5c1942221a74648,w_075,w,4015438653,181869734,none,none,revision_C_base@f0684f8459a1,f0684f8459a1f1424f630778b2c606434d0bce08,27784880a3418d09b46f5afe2a7042757968dd5494a542fdab85e6a06fc60fb2,c1-sensitivity_20260826_073133_703049_c676526b,c676526b916d560a4651031b0ad6002a640325534681ef2670109fbd500a6bef,evidence,revision_B_base,revision_B_base,5,200000.0,xlarge,45.0,80.0,5.0,0.5,1.0
7,44,online_static_3step,1.0,0.8,10000.0,0.0046268002899437465,8198.200954145474,0.004631708377265699,1017.2272727272727,0.999016935519907,154,8098,8099,8235,8236,200012.31347422395,424.0510305298958,4497,"[[686550.3719393034,5839027.944815845],[686432.2114798157,5839047.514619678],[686562.3711137616,5839071.464514369],[686544.1074016276,5839042.245650976],[686479.4570754749,5838922.012930993]]",11105a2cc12ea269694f1fa8b45ff83d4588344c41b1c28dbb5cea328ef765c7,999a16ed4abfed4a9f84b840cab2173c76c75f5b923b844f48b3d6606db50982,none,stationary,matched_prior_exact,1,0,"{""condition_id"":""w_1"",""evaluation"":""stationary"",""stage"":""c1-sensitivity""}",a7560dbaa977cea1795a4b0bd3ba265a0712530b452662170ae9efd74531b738,w_1,w,122876220,3844805116,none,none,revision_C_base@f0684f8459a1,f0684f8459a1f1424f630778b2c606434d0bce08,27784880a3418d09b46f5afe2a7042757968dd5494a542fdab85e6a06fc60fb2,c1-sensitivity_20260826_073133_703049_c676526b,c676526b916d560a4651031b0ad6002a640325534681ef2670109fbd500a6bef,evidence,revision_B_base,revision_B_base,5,200000.0,xlarge,45.0,80.0,5.0,0.5,1.0
7,44,dynamic_3step,1.0,0.8,10000.0,0.141892219723597,7524.426346784017,0.14206189174146933,11.17235885001732,0.9104933869897627,14435,8235,8236,8235,8236,200007.20620924994,499.875105939107,4706,"[[686550.3719393034,5839027.944815845],[686432.2114798157,5839047.514619678],[686562.3711137616,5839071.464514369],[686544.1074016276,5839042.245650976],[686479.4570754749,5838922.012930993]]",11105a2cc12ea269694f1fa8b45ff83d4588344c41b1c28dbb5cea328ef765c7,a27bf379512e3d81e1b2c1b5c95a061df5079c637e14269f0422aea014b4eec3,none,stationary,matched_prior_exact,1,0,"{""condition_id"":""w_1"",""evaluation"":""stationary"",""stage"":""c1-sensitivity""}",a7560dbaa977cea1795a4b0bd3ba265a0712530b452662170ae9efd74531b738,w_1,w,122876220,3844805116,none,none,revision_C_base@f0684f8459a1,f0684f8459a1f1424f630778b2c606434d0bce08,27784880a3418d09b46f5afe2a7042757968dd5494a542fdab85e6a06fc60fb2,c1-sensitivity_20260826_073133_703049_c676526b,c676526b916d560a4651031b0ad6002a640325534681ef2670109fbd500a6bef,evidence,revision_B_base,revision_B_base,5,200000.0,xlarge,45.0,80.0,5.0,0.5,1.0
7,44,online_static_3step,0.5,0.6,10000.0,0.04323255194062271,7953.2528175821235,0.04350111611457751,40.003819709702064,0.9750023870906139,3927,8111,8112,8275,8276,200000.17277430842,558.0173321841285,5735,"[[686550.3719393034,5839027.944815845],[686432.2114798157,5839047.514619678],[686562.3711137616,5839071.464514369],[686544.1074016276,5839042.245650976],[686479.4570754749,5838922.012930993]]",11105a2cc12ea269694f1fa8b45ff83d4588344c41b1c28dbb5cea328ef765c7,df559f706ece68394817e3194509442ba210687e035fee47d891fb0c894f44b2,none,stationary,matched_prior_exact,1,0,"{""condition_id"":""pd_060"",""evaluation"":""stationary"",""stage"":""c1-sensitivity""}",8bcc633790e55489f4fbf2bd9b0dc37e28e3051e2872807588f965813e490d2b,pd_060,p_d,198091632,1075981771,none,none,revision_C_base@f0684f8459a1,f0684f8459a1f1424f630778b2c606434d0bce08,27784880a3418d09b46f5afe2a7042757968dd5494a542fdab85e6a06fc60fb2,c1-sensitivity_20260826_073133_703049_c676526b,c676526b916d560a4651031b0ad6002a640325534681ef2670109fbd500a6bef,evidence,revision_B_base,revision_B_base,5,200000.0,xlarge,45.0,80.0,5.0,0.5,1.0
7,44,dynamic_3step,0.5,0.6,10000.0,0.18607379292609097,7494.10898008505,0.18771399056803542,10.096541876202894,0.90095618754804,16107,8275,8276,8275,8276,200011.22566828056,500.24721647426486,4625,"[[686550.3719393034,5839027.944815845],[686432.2114798157,5839047.514619678],[686562.3711137616,5839071.464514369],[686544.1074016276,5839042.245650976],[686479.4570754749,5838922.012930993]]",11105a2cc12ea269694f1fa8b45ff83d4588344c41b1c28dbb5cea328ef765c7,84f58fbeb934de90936da563ce475f64d166ce49f85fa82558264a237aca68a1,none,stationary,matched_prior_exact,1,0,"{""condition_id"":""pd_060"",""evaluation"":""stationary"",""stage"":""c1-sensitivity""}",8bcc633790e55489f4fbf2bd9b0dc37e28e3051e2872807588f965813e490d2b,pd_060,p_d,198091632,1075981771,none,none,revision_C_base@f0684f8459a1,f0684f8459a1f1424f630778b2c606434d0bce08,27784880a3418d09b46f5afe2a7042757968dd5494a542fdab85e6a06fc60fb2,c1-sensitivity_20260826_073133_703049_c676526b,c676526b916d560a4651031b0ad6002a640325534681ef2670109fbd500a6bef,evidence,revision_B_base,revision_B_base,5,200000.0,xlarge,45.0,80.0,5.0,0.5,1.0
7,44,online_static_3step,0.5,0.95,10000.0,0.04349769237338179,7906.399656258386,0.04350111611457751,40.003819709702064,0.9750023870906139,3927,8111,8112,8228,8229,200000.17277430842,548.5021446428727,5735,"[[686550.3719393034,5839027.944815845],[686432.2114798157,5839047.514619678],[686562.3711137616,5839071.464514369],[686544.1074016276,5839042.245650976],[686479.4570754749,5838922.012930993]]",11105a2cc12ea269694f1fa8b45ff83d4588344c41b1c28dbb5cea328ef765c7,df559f706ece68394817e3194509442ba210687e035fee47d891fb0c894f44b2,none,stationary,matched_prior_exact,1,0,"{""condition_id"":""pd_095"",""evaluation"":""stationary"",""stage"":""c1-sensitivity""}",d6a45689f8c015d047506b0521b3bb8739ec6480e1dcbc30a7bddda4e459b8cc,pd_095,p_d,306511289,340632587,none,none,revision_C_base@f0684f8459a1,f0684f8459a1f1424f630778b2c606434d0bce08,27784880a3418d09b46f5afe2a7042757968dd5494a542fdab85e6a06fc60fb2,c1-sensitivity_20260826_073133_703049_c676526b,c676526b916d560a4651031b0ad6002a640325534681ef2670109fbd500a6bef,evidence,revision_B_base,revision_B_base,5,200000.0,xlarge,45.0,80.0,5.0,0.5,1.0
7,44,dynamic_3step,0.5,0.95,10000.0,0.19520598673038175,7276.978419877914,0.1952207789269161,9.400385266475979,0.8936213812888884,17131,8228,8229,8228,8229,200013.96531221218,517.5180053722579,4807,"[[686550.3719393034,5839027.944815845],[686432.2114798157,5839047.514619678],[686562.3711137616,5839071.464514369],[686544.1074016276,5839042.245650976],[686479.4570754749,5838922.012930993]]",11105a2cc12ea269694f1fa8b45ff83d4588344c41b1c28dbb5cea328ef765c7,20176dfdf6da5516940155ce3cb8f9dc4a027682df03f6f299daf2216c5a36b3,none,stationary,matched_prior_exact,1,0,"{""condition_id"":""pd_095"",""evaluation"":""stationary"",""stage"":""c1-sensitivity""}",d6a45689f8c015d047506b0521b3bb8739ec6480e1dcbc30a7bddda4e459b8cc,pd_095,p_d,306511289,340632587,none,none,revision_C_base@f0684f8459a1,f0684f8459a1f1424f630778b2c606434d0bce08,27784880a3418d09b46f5afe2a7042757968dd5494a542fdab85e6a06fc60fb2,c1-sensitivity_20260826_073133_703049_c676526b,c676526b916d560a4651031b0ad6002a640325534681ef2670109fbd500a6bef,evidence,revision_B_base,revision_B_base,5,200000.0,xlarge,45.0,80.0,5.0,0.5,1.0
7,44,online_static_3step,0.5,0.8,2000.0,0.0434620322779693,7929.606920838084,0.04350111611457751,40.003819709702064,0.9750023870906139,3927,8111,8112,8252,8253,200000.17277430842,555.5098692032043,5735,"[[686550.3719393034,5839027.944815845],[686432.2114798157,5839047.514619678],[686562.3711137616,5839071.464514369],[686544.1074016276,5839042.245650976],[686479.4570754749,5838922.012930993]]",11105a2cc12ea269694f1fa8b45ff83d4588344c41b1c28dbb5cea328ef765c7,df559f706ece68394817e3194509442ba210687e035fee47d891fb0c894f44b2,none,stationary,matched_prior_exact,1,0,"{""condition_id"":""tau_2000"",""evaluation"":""stationary"",""stage"":""c1-sensitivity""}",c6bec9d7ef8d6cc4c988a25905b1e25ac861fe33d4c60bda138851fd7ea3ac8b,tau_2000,tau,2407289378,2575554084,none,none,revision_C_base@f0684f8459a1,f0684f8459a1f1424f630778b2c606434d0bce08,27784880a3418d09b46f5afe2a7042757968dd5494a542fdab85e6a06fc60fb2,c1-sensitivity_20260826_073133_703049_c676526b,c676526b916d560a4651031b0ad6002a640325534681ef2670109fbd500a6bef,evidence,revision_B_base,revision_B_base,5,200000.0,xlarge,45.0,80.0,5.0,0.5,1.0
7,44,dynamic_3step,0.5,0.8,2000.0,0.1894940703458728,7305.025428995205,0.18973947903667407,9.813909774436091,0.8981038115303581,16492,8252,8253,8252,8253,200006.59733374085,508.9886450311169,4700,"[[686550.3719393034,5839027.944815845],[686432.2114798157,5839047.514619678],[686562.3711137616,5839071.464514369],[686544.1074016276,5839042.245650976],[686479.4570754749,5838922.012930993]]",11105a2cc12ea269694f1fa8b45ff83d4588344c41b1c28dbb5cea328ef765c7,e8ea49a613b896a82f3117c1f2ecfac7dc817d8c5ef6642c5991d42ad0d4f19d,none,stationary,matched_prior_exact,1,0,"{""condition_id"":""tau_2000"",""evaluation"":""stationary"",""stage"":""c1-sensitivity""}",c6bec9d7ef8d6cc4c988a25905b1e25ac861fe33d4c60bda138851fd7ea3ac8b,tau_2000,tau,2407289378,2575554084,none,none,revision_C_base@f0684f8459a1,f0684f8459a1f1424f630778b2c606434d0bce08,27784880a3418d09b46f5afe2a7042757968dd5494a542fdab85e6a06fc60fb2,c1-sensitivity_20260826_073133_703049_c676526b,c676526b916d560a4651031b0ad6002a640325534681ef2670109fbd500a6bef,evidence,revision_B_base,revision_B_base,5,200000.0,xlarge,45.0,80.0,5.0,0.5,1.0
7,44,online_static_3step,0.5,0.8,32000.0,0.0434620322779693,7930.5634588056855,0.04350111611457751,40.003819709702064,0.9750023870906139,3927,8111,8112,8253,8254,200000.17277430842,553.5701496007387,5735,"[[686550.3719393034,5839027.944815845],[686432.2114798157,5839047.514619678],[686562.3711137616,5839071.464514369],[686544.1074016276,5839042.245650976],[686479.4570754749,5838922.012930993]]",11105a2cc12ea269694f1fa8b45ff83d4588344c41b1c28dbb5cea328ef765c7,df559f706ece68394817e3194509442ba210687e035fee47d891fb0c894f44b2,none,stationary,matched_prior_exact,1,0,"{""condition_id"":""tau_32000"",""evaluation"":""stationary"",""stage"":""c1-sensitivity""}",8a58528425303c8d4847dd0f657d9dd8b3e59f2d0adcd442e9348c96ebfaa71e,tau_32000,tau,139873327,1330632552,none,none,revision_C_base@f0684f8459a1,f0684f8459a1f1424f630778b2c606434d0bce08,27784880a3418d09b46f5afe2a7042757968dd5494a542fdab85e6a06fc60fb2,c1-sensitivity_20260826_073133_703049_c676526b,c676526b916d560a4651031b0ad6002a640325534681ef2670109fbd500a6bef,evidence,revision_B_base,revision_B_base,5,200000.0,xlarge,45.0,80.0,5.0,0.5,1.0
7,44,dynamic_3step,0.5,0.8,32000.0,0.20520847225484934,7279.222347422947,0.20547265240862725,9.69723836338585,0.896877857125207,16693,8253,8254,8253,8254,200021.3029612242,505.0541540135164,4685,"[[686550.3719393034,5839027.944815845],[686432.2114798157,5839047.514619678],[686562.3711137616,5839071.464514369],[686544.1074016276,5839042.245650976],[686479.4570754749,5838922.012930993]]",11105a2cc12ea269694f1fa8b45ff83d4588344c41b1c28dbb5cea328ef765c7,3790653270598114ece7a37b62356aaadac9980d805fde8a13e22d47c31e3155,none,stationary,matched_prior_exact,1,0,"{""condition_id"":""tau_32000"",""evaluation"":""stationary"",""stage"":""c1-sensitivity""}",8a58528425303c8d4847dd0f657d9dd8b3e59f2d0adcd442e9348c96ebfaa71e,tau_32000,tau,139873327,1330632552,none,none,revision_C_base@f0684f8459a1,f0684f8459a1f1424f630778b2c606434d0bce08,27784880a3418d09b46f5afe2a7042757968dd5494a542fdab85e6a06fc60fb2,c1-sensitivity_20260826_073133_703049_c676526b,c676526b916d560a4651031b0ad6002a640325534681ef2670109fbd500a6bef,evidence,revision_B_base,revision_B_base,5,200000.0,xlarge,45.0,80.0,5.0,0.5,1.0
7,44,online_static_3step,0.5,0.8,128000.0,0.0434620322779693,7927.693844902253,0.04350111611457751,40.003819709702064,0.9750023870906139,3927,8111,8112,8250,8251,200000.17277430842,563.3831964593846,5735,"[[686550.3719393034,5839027.944815845],[686432.2114798157,5839047.514619678],[686562.3711137616,5839071.464514369],[686544.1074016276,5839042.245650976],[686479.4570754749,5838922.012930993]]",11105a2cc12ea269694f1fa8b45ff83d4588344c41b1c28dbb5cea328ef765c7,df559f706ece68394817e3194509442ba210687e035fee47d891fb0c894f44b2,none,stationary,matched_prior_exact,1,0,"{""condition_id"":""tau_128000"",""evaluation"":""stationary"",""stage"":""c1-sensitivity""}",a5c02adbe48ed5ee84f4ce8296410944cac16371cf65714dbb3f0b6d5aca5bba,tau_128000,tau,952193723,3319606550,none,none,revision_C_base@f0684f8459a1,f0684f8459a1f1424f630778b2c606434d0bce08,27784880a3418d09b46f5afe2a7042757968dd5494a542fdab85e6a06fc60fb2,c1-sensitivity_20260826_073133_703049_c676526b,c676526b916d560a4651031b0ad6002a640325534681ef2670109fbd500a6bef,evidence,revision_B_base,revision_B_base,5,200000.0,xlarge,45.0,80.0,5.0,0.5,1.0
7,44,dynamic_3step,0.5,0.8,128000.0,0.20634091914740496,7274.112987716488,0.20659455263241286,9.593903813081896,0.8957671434399377,16863,8250,8251,8250,8251,200005.4956031938,504.70194731489755,4673,"[[686550.3719393034,5839027.944815845],[686432.2114798157,5839047.514619678],[686562.3711137616,5839071.464514369],[686544.1074016276,5839042.245650976],[686479.4570754749,5838922.012930993]]",11105a2cc12ea269694f1fa8b45ff83d4588344c41b1c28dbb5cea328ef765c7,f6af85f7bb00db657bf3a51c2dd26238f63ff1eebd3c499c0a4ce900191b44bb,none,stationary,matched_prior_exact,1,0,"{""condition_id"":""tau_128000"",""evaluation"":""stationary"",""stage"":""c1-sensitivity""}",a5c02adbe48ed5ee84f4ce8296410944cac16371cf65714dbb3f0b6d5aca5bba,tau_128000,tau,952193723,3319606550,none,none,revision_C_base@f0684f8459a1,f0684f8459a1f1424f630778b2c606434d0bce08,27784880a3418d09b46f5afe2a7042757968dd5494a542fdab85e6a06fc60fb2,c1-sensitivity_20260826_073133_703049_c676526b,c676526b916d560a4651031b0ad6002a640325534681ef2670109fbd500a6bef,evidence,revision_B_base,revision_B_base,5,200000.0,xlarge,45.0,80.0,5.0,0.5,1.0
7,45,online_static_3step,0.0,0.8,10000.0,0.1632787564576486,7429.903491439122,0.16339562717116987,11.72291696960884,0.9146969988278125,13754,8234,8235,8234,8235,200020.9031268889,350.5356579287909,4018,"[[686448.745187684,5838960.333198625],[686521.6198310931,5838902.811238282],[686425.8042562932,5838986.904224213],[686535.9356191684,5838918.668191239],[686445.1201749505,5839037.091437179]]",b98c42be92a0d05dad7817d60024cbaa2a663d58f33ed7d93a3770ce5fd54421,0e2bf2a18bb87aca36bc588be8dc8d4ba3182d1a68582897860de10f27e6c72b,none,stationary,matched_prior_exact,1,0,"{""condition_id"":""w_0"",""evaluation"":""stationary"",""stage"":""c1-sensitivity""}",80b02168b0975833d2c36bd6a41894c825064836584f37bc644dbaac89ab91cc,w_0,w,2504512309,578812755,none,none,revision_C_base@f0684f8459a1,f0684f8459a1f1424f630778b2c606434d0bce08,27784880a3418d09b46f5afe2a7042757968dd5494a542fdab85e6a06fc60fb2,c1-sensitivity_20260826_073133_703049_c676526b,c676526b916d560a4651031b0ad6002a640325534681ef2670109fbd500a6bef,evidence,revision_B_base,revision_B_base,5,200000.0,xlarge,45.0,80.0,5.0,0.5,1.0
7,45,dynamic_3step,0.0,0.8,10000.0,0.1632787564576486,7429.903491439122,0.16339562717116987,11.72291696960884,0.9146969988278125,13754,8234,8235,8234,8235,200020.9031268889,381.83606695733033,4018,"[[686448.745187684,5838960.333198625],[686521.6198310931,5838902.811238282],[686425.8042562932,5838986.904224213],[686535.9356191684,5838918.668191239],[686445.1201749505,5839037.091437179]]",b98c42be92a0d05dad7817d60024cbaa2a663d58f33ed7d93a3770ce5fd54421,0e2bf2a18bb87aca36bc588be8dc8d4ba3182d1a68582897860de10f27e6c72b,none,stationary,matched_prior_exact,1,0,"{""condition_id"":""w_0"",""evaluation"":""stationary"",""stage"":""c1-sensitivity""}",80b02168b0975833d2c36bd6a41894c825064836584f37bc644dbaac89ab91cc,w_0,w,2504512309,578812755,none,none,revision_C_base@f0684f8459a1,f0684f8459a1f1424f630778b2c606434d0bce08,27784880a3418d09b46f5afe2a7042757968dd5494a542fdab85e6a06fc60fb2,c1-sensitivity_20260826_073133_703049_c676526b,c676526b916d560a4651031b0ad6002a640325534681ef2670109fbd500a6bef,evidence,revision_B_base,revision_B_base,5,200000.0,xlarge,45.0,80.0,5.0,0.5,1.0
7,45,online_static_3step,0.25,0.8,10000.0,0.18845396912879694,7325.247661679221,0.18864506679069365,10.93176438763779,0.9085234583786994,14787,8246,8247,8260,8261,200009.49835826445,396.35536758531816,4040,"[[686448.745187684,5838960.333198625],[686521.6198310931,5838902.811238282],[686425.8042562932,5838986.904224213],[686535.9356191684,5838918.668191239],[686445.1201749505,5839037.091437179]]",b98c42be92a0d05dad7817d60024cbaa2a663d58f33ed7d93a3770ce5fd54421,2a10b0f8be694969443ba3c7cb0f5b43daa7e7307660a77d40db7fbd1f2bd8d6,none,stationary,matched_prior_exact,1,0,"{""condition_id"":""w_025"",""evaluation"":""stationary"",""stage"":""c1-sensitivity""}",d3fe2ac77d42fbc7de79e9a302672c1a34fb85db107cd698d5b9495b5ed73325,w_025,w,2120248470,3079373823,none,none,revision_C_base@f0684f8459a1,f0684f8459a1f1424f630778b2c606434d0bce08,27784880a3418d09b46f5afe2a7042757968dd5494a542fdab85e6a06fc60fb2,c1-sensitivity_20260826_073133_703049_c676526b,c676526b916d560a4651031b0ad6002a640325534681ef2670109fbd500a6bef,evidence,revision_B_base,revision_B_base,5,200000.0,xlarge,45.0,80.0,5.0,0.5,1.0
7,45,dynamic_3step,0.25,0.8,10000.0,0.1319918901387987,7549.740915272759,0.13214492314229956,12.212128060263653,0.9181141898393743,13275,8260,8261,8260,8261,200019.78406522144,424.0362586060073,4001,"[[686448.745187684,5838960.333198625],[686521.6198310931,5838902.811238282],[686425.8042562932,5838986.904224213],[686535.9356191684,5838918.668191239],[686445.1201749505,5839037.091437179]]",b98c42be92a0d05dad7817d60024cbaa2a663d58f33ed7d93a3770ce5fd54421,a7bb187d0e3d6d97b789f9c236a3305a56962fbd8036aea9ac679809057b3744,none,stationary,matched_prior_exact,1,0,"{""condition_id"":""w_025"",""evaluation"":""stationary"",""stage"":""c1-sensitivity""}",d3fe2ac77d42fbc7de79e9a302672c1a34fb85db107cd698d5b9495b5ed73325,w_025,w,2120248470,3079373823,none,none,revision_C_base@f0684f8459a1,f0684f8459a1f1424f630778b2c606434d0bce08,27784880a3418d09b46f5afe2a7042757968dd5494a542fdab85e6a06fc60fb2,c1-sensitivity_20260826_073133_703049_c676526b,c676526b916d560a4651031b0ad6002a640325534681ef2670109fbd500a6bef,evidence,revision_B_base,revision_B_base,5,200000.0,xlarge,45.0,80.0,5.0,0.5,1.0
7,45,online_static_3step,0.5,0.8,10000.0,0.06822825658231588,7787.800900840991,0.0682931648579073,31.14429729195493,0.9678913930654548,5059,8125,8126,8262,8263,200023.9118437539,426.813018867746,4465,"[[686448.745187684,5838960.333198625],[686521.6198310931,5838902.811238282],[686425.8042562932,5838986.904224213],[686535.9356191684,5838918.668191239],[686445.1201749505,5839037.091437179]]",b98c42be92a0d05dad7817d60024cbaa2a663d58f33ed7d93a3770ce5fd54421,1607ab903eaf53f6fcd425b25f71d8fab49463cbfc9feebdaa6c92b2690eabee,none,stationary,matched_prior_exact,1,0,"{""condition_id"":""nominal"",""evaluation"":""stationary"",""stage"":""c1-sensitivity""}",33661ab33ce355b68312ce72c8f28ade62ec8305f639d3c5c5420d991c48f0d2,nominal,nominal,1446556131,3059368034,none,none,revision_C_base@f0684f8459a1,f0684f8459a1f1424f630778b2c606434d0bce08,27784880a3418d09b46f5afe2a7042757968dd5494a542fdab85e6a06fc60fb2,c1-sensitivity_20260826_073133_703049_c676526b,c676526b916d560a4651031b0ad6002a640325534681ef2670109fbd500a6bef,evidence,revision_B_base,revision_B_base,5,200000.0,xlarge,45.0,80.0,5.0,0.5,1.0
7,45,dynamic_3step,0.5,0.8,10000.0,0.19214557964534976,7350.2681786883995,0.19237160298423836,9.774770973963356,0.8976958127547277,16592,8262,8263,8262,8263,200020.8857957677,420.2886302177794,3920,"[[686448.745187684,5838960.333198625],[686521.6198310931,5838902.811238282],[686425.8042562932,5838986.904224213],[686535.9356191684,5838918.668191239],[686445.1201749505,5839037.091437179]]",b98c42be92a0d05dad7817d60024cbaa2a663d58f33ed7d93a3770ce5fd54421,31ff0a70535ff7c82d617eb6b1c19f174b95a288a9f15033305d0e9de4c09a0c,none,stationary,matched_prior_exact,1,0,"{""condition_id"":""nominal"",""evaluation"":""stationary"",""stage"":""c1-sensitivity""}",33661ab33ce355b68312ce72c8f28ade62ec8305f639d3c5c5420d991c48f0d2,nominal,nominal,1446556131,3059368034,none,none,revision_C_base@f0684f8459a1,f0684f8459a1f1424f630778b2c606434d0bce08,27784880a3418d09b46f5afe2a7042757968dd5494a542fdab85e6a06fc60fb2,c1-sensitivity_20260826_073133_703049_c676526b,c676526b916d560a4651031b0ad6002a640325534681ef2670109fbd500a6bef,evidence,revision_B_base,revision_B_base,5,200000.0,xlarge,45.0,80.0,5.0,0.5,1.0
7,45,online_static_3step,0.75,0.8,10000.0,0.03174834870212304,8016.777285734177,0.03176106427168534,88.41230592294423,0.9886893573291533,1739,8012,8013,8267,8268,200014.42272701277,395.35758437099867,4177,"[[686448.745187684,5838960.333198625],[686521.6198310931,5838902.811238282],[686425.8042562932,5838986.904224213],[686535.9356191684,5838918.668191239],[686445.1201749505,5839037.091437179]]",b98c42be92a0d05dad7817d60024cbaa2a663d58f33ed7d93a3770ce5fd54421,824c35d9ebf0adfb779486a0e1f4364a0463209b0eb0710d3d2dce89d5e3122c,none,stationary,matched_prior_exact,1,0,"{""condition_id"":""w_075"",""evaluation"":""stationary"",""stage"":""c1-sensitivity""}",dd16bccb6fb666ed0827b0b565b90295f086cf20694f1dd0b5c1942221a74648,w_075,w,3042836176,2022011751,none,none,revision_C_base@f0684f8459a1,f0684f8459a1f1424f630778b2c606434d0bce08,27784880a3418d09b46f5afe2a7042757968dd5494a542fdab85e6a06fc60fb2,c1-sensitivity_20260826_073133_703049_c676526b,c676526b916d560a4651031b0ad6002a640325534681ef2670109fbd500a6bef,evidence,revision_B_base,revision_B_base,5,200000.0,xlarge,45.0,80.0,5.0,0.5,1.0
7,45,dynamic_3step,0.75,0.8,10000.0,0.19392244592965296,7345.73976598049,0.19414858826818346,9.784427168082926,0.8977967761605884,16593,8267,8268,8267,8268,200017.2061393126,421.74766268231906,3944,"[[686448.745187684,5838960.333198625],[686521.6198310931,5838902.811238282],[686425.8042562932,5838986.904224213],[686535.9356191684,5838918.668191239],[686445.1201749505,5839037.091437179]]",b98c42be92a0d05dad7817d60024cbaa2a663d58f33ed7d93a3770ce5fd54421,3482ba0879613d4961de242eaea1db7cc4ba80d866aee261307350ac3d6bfaad,none,stationary,matched_prior_exact,1,0,"{""condition_id"":""w_075"",""evaluation"":""stationary"",""stage"":""c1-sensitivity""}",dd16bccb6fb666ed0827b0b565b90295f086cf20694f1dd0b5c1942221a74648,w_075,w,3042836176,2022011751,none,none,revision_C_base@f0684f8459a1,f0684f8459a1f1424f630778b2c606434d0bce08,27784880a3418d09b46f5afe2a7042757968dd5494a542fdab85e6a06fc60fb2,c1-sensitivity_20260826_073133_703049_c676526b,c676526b916d560a4651031b0ad6002a640325534681ef2670109fbd500a6bef,evidence,revision_B_base,revision_B_base,5,200000.0,xlarge,45.0,80.0,5.0,0.5,1.0
7,45,online_static_3step,1.0,0.8,10000.0,0.004939458335115481,8194.606178181299,0.004945396737661067,1004.0064102564103,0.9990039904229848,156,8097,8098,8234,8235,200005.71904676128,455.13910283055156,4936,"[[686448.745187684,5838960.333198625],[686521.6198310931,5838902.811238282],[686425.8042562932,5838986.904224213],[686535.9356191684,5838918.668191239],[686445.1201749505,5839037.091437179]]",b98c42be92a0d05dad7817d60024cbaa2a663d58f33ed7d93a3770ce5fd54421,2ee830a7ca61008ccb787431d5ec80c8ec0eaaaeac6148dcd55662d568216e32,none,stationary,matched_prior_exact,1,0,"{""condition_id"":""w_1"",""evaluation"":""stationary"",""stage"":""c1-sensitivity""}",a7560dbaa977cea1795a4b0bd3ba265a0712530b452662170ae9efd74531b738,w_1,w,3271865654,768608339,none,none,revision_C_base@f0684f8459a1,f0684f8459a1f1424f630778b2c606434d0bce08,27784880a3418d09b46f5afe2a7042757968dd5494a542fdab85e6a06fc60fb2,c1-sensitivity_20260826_073133_703049_c676526b,c676526b916d560a4651031b0ad6002a640325534681ef2670109fbd500a6bef,evidence,revision_B_base,revision_B_base,5,200000.0,xlarge,45.0,80.0,5.0,0.5,1.0
7,45,dynamic_3step,1.0,0.8,10000.0,0.16321334439454377,7473.074888752868,0.16336498397486665,11.337364646322598,0.9117960803770776,14222,8234,8235,8234,8235,200013.18234750105,428.41145758749917,4042,"[[686448.745187684,5838960.333198625],[686521.6198310931,5838902.811238282],[686425.8042562932,5838986.904224213],[686535.9356191684,5838918.668191239],[686445.1201749505,5839037.091437179]]",b98c42be92a0d05dad7817d60024cbaa2a663d58f33ed7d93a3770ce5fd54421,38d81e79d4471c3f148837d1dff3986c9ba14478d088d296bf80914bbf3ae111,none,stationary,matched_prior_exact,1,0,"{""condition_id"":""w_1"",""evaluation"":""stationary"",""stage"":""c1-sensitivity""}",a7560dbaa977cea1795a4b0bd3ba265a0712530b452662170ae9efd74531b738,w_1,w,3271865654,768608339,none,none,revision_C_base@f0684f8459a1,f0684f8459a1f1424f630778b2c606434d0bce08,27784880a3418d09b46f5afe2a7042757968dd5494a542fdab85e6a06fc60fb2,c1-sensitivity_20260826_073133_703049_c676526b,c676526b916d560a4651031b0ad6002a640325534681ef2670109fbd500a6bef,evidence,revision_B_base,revision_B_base,5,200000.0,xlarge,45.0,80.0,5.0,0.5,1.0
7,45,online_static_3step,0.5,0.6,10000.0,0.06779868661461551,7819.543871937459,0.0682931648579073,31.14429729195493,0.9678913930654548,5059,8125,8126,8293,8294,200023.9118437539,421.2860568719916,4465,"[[686448.745187684,5838960.333198625],[686521.6198310931,5838902.811238282],[686425.8042562932,5838986.904224213],[686535.9356191684,5838918.668191239],[686445.1201749505,5839037.091437179]]",b98c42be92a0d05dad7817d60024cbaa2a663d58f33ed7d93a3770ce5fd54421,1607ab903eaf53f6fcd425b25f71d8fab49463cbfc9feebdaa6c92b2690eabee,none,stationary,matched_prior_exact,1,0,"{""condition_id"":""pd_060"",""evaluation"":""stationary"",""stage"":""c1-sensitivity""}",8bcc633790e55489f4fbf2bd9b0dc37e28e3051e2872807588f965813e490d2b,pd_060,p_d,1318038643,245388190,none,none,revision_C_base@f0684f8459a1,f0684f8459a1f1424f630778b2c606434d0bce08,27784880a3418d09b46f5afe2a7042757968dd5494a542fdab85e6a06fc60fb2,c1-sensitivity_20260826_073133_703049_c676526b,c676526b916d560a4651031b0ad6002a640325534681ef2670109fbd500a6bef,evidence,revision_B_base,revision_B_base,5,200000.0,xlarge,45.0,80.0,5.0,0.5,1.0
7,45,dynamic_3step,0.5,0.6,10000.0,0.19581011438466756,7360.122962177325,0.1974637452547678,10.135991058122206,0.9013416651350855,16104,8293,8294,8293,8294,200018.66067077237,412.3898430445697,3919,"[[686448.745187684,5838960.333198625],[686521.6198310931,5838902.811238282],[686425.8042562932,5838986.904224213],[686535.9356191684,5838918.668191239],[686445.1201749505,5839037.091437179]]",b98c42be92a0d05dad7817d60024cbaa2a663d58f33ed7d93a3770ce5fd54421,729a1273988114b7402ce4c3cffc7fa3a991d589a387e9311c56a3883d8c3936,none,stationary,matched_prior_exact,1,0,"{""condition_id"":""pd_060"",""evaluation"":""stationary"",""stage"":""c1-sensitivity""}",8bcc633790e55489f4fbf2bd9b0dc37e28e3051e2872807588f965813e490d2b,pd_060,p_d,1318038643,245388190,none,none,revision_C_base@f0684f8459a1,f0684f8459a1f1424f630778b2c606434d0bce08,27784880a3418d09b46f5afe2a7042757968dd5494a542fdab85e6a06fc60fb2,c1-sensitivity_20260826_073133_703049_c676526b,c676526b916d560a4651031b0ad6002a640325534681ef2670109fbd500a6bef,evidence,revision_B_base,revision_B_base,5,200000.0,xlarge,45.0,80.0,5.0,0.5,1.0
7,45,online_static_3step,0.5,0.95,10000.0,0.0682874467413134,7747.364876949385,0.0682931648579073,31.14429729195493,0.9678913930654548,5059,8125,8126,8219,8220,200023.9118437539,432.36714729946107,4465,"[[686448.745187684,5838960.333198625],[686521.6198310931,5838902.811238282],[686425.8042562932,5838986.904224213],[686535.9356191684,5838918.668191239],[686445.1201749505,5839037.091437179]]",b98c42be92a0d05dad7817d60024cbaa2a663d58f33ed7d93a3770ce5fd54421,1607ab903eaf53f6fcd425b25f71d8fab49463cbfc9feebdaa6c92b2690eabee,none,stationary,matched_prior_exact,1,0,"{""condition_id"":""pd_095"",""evaluation"":""stationary"",""stage"":""c1-sensitivity""}",d6a45689f8c015d047506b0521b3bb8739ec6480e1dcbc30a7bddda4e459b8cc,pd_095,p_d,760602523,1244062641,none,none,revision_C_base@f0684f8459a1,f0684f8459a1f1424f630778b2c606434d0bce08,27784880a3418d09b46f5afe2a7042757968dd5494a542fdab85e6a06fc60fb2,c1-sensitivity_20260826_073133_703049_c676526b,c676526b916d560a4651031b0ad6002a640325534681ef2670109fbd500a6bef,evidence,revision_B_base,revision_B_base,5,200000.0,xlarge,45.0,80.0,5.0,0.5,1.0
7,45,dynamic_3step,0.5,0.95,10000.0,0.1436709447245561,7502.764302647706,0.14367949051159862,11.627748842592593,0.9139988304239092,13824,8219,8220,8219,8220,200003.6325718351,427.5390086157713,4028,"[[686448.745187684,5838960.333198625],[686521.6198310931,5838902.811238282],[686425.8042562932,5838986.904224213],[686535.9356191684,5838918.668191239],[686445.1201749505,5839037.091437179]]",b98c42be92a0d05dad7817d60024cbaa2a663d58f33ed7d93a3770ce5fd54421,f992a4b2dcecdf4c37b9523698ff5c54f78a53762442f635358a618aa006a113,none,stationary,matched_prior_exact,1,0,"{""condition_id"":""pd_095"",""evaluation"":""stationary"",""stage"":""c1-sensitivity""}",d6a45689f8c015d047506b0521b3bb8739ec6480e1dcbc30a7bddda4e459b8cc,pd_095,p_d,760602523,1244062641,none,none,revision_C_base@f0684f8459a1,f0684f8459a1f1424f630778b2c606434d0bce08,27784880a3418d09b46f5afe2a7042757968dd5494a542fdab85e6a06fc60fb2,c1-sensitivity_20260826_073133_703049_c676526b,c676526b916d560a4651031b0ad6002a640325534681ef2670109fbd500a6bef,evidence,revision_B_base,revision_B_base,5,200000.0,xlarge,45.0,80.0,5.0,0.5,1.0
7,45,online_static_3step,0.5,0.8,2000.0,0.06822825658231588,7775.68786817655,0.0682931648579073,31.14429729195493,0.9678913930654548,5059,8125,8126,8249,8250,200023.9118437539,426.63699320866726,4465,"[[686448.745187684,5838960.333198625],[686521.6198310931,5838902.811238282],[686425.8042562932,5838986.904224213],[686535.9356191684,5838918.668191239],[686445.1201749505,5839037.091437179]]",b98c42be92a0d05dad7817d60024cbaa2a663d58f33ed7d93a3770ce5fd54421,1607ab903eaf53f6fcd425b25f71d8fab49463cbfc9feebdaa6c92b2690eabee,none,stationary,matched_prior_exact,1,0,"{""condition_id"":""tau_2000"",""evaluation"":""stationary"",""stage"":""c1-sensitivity""}",c6bec9d7ef8d6cc4c988a25905b1e25ac861fe33d4c60bda138851fd7ea3ac8b,tau_2000,tau,1012886378,2570699883,none,none,revision_C_base@f0684f8459a1,f0684f8459a1f1424f630778b2c606434d0bce08,27784880a3418d09b46f5afe2a7042757968dd5494a542fdab85e6a06fc60fb2,c1-sensitivity_20260826_073133_703049_c676526b,c676526b916d560a4651031b0ad6002a640325534681ef2670109fbd500a6bef,evidence,revision_B_base,revision_B_base,5,200000.0,xlarge,45.0,80.0,5.0,0.5,1.0
7,45,dynamic_3step,0.5,0.8,2000.0,0.19717048782607333,7301.112010325201,0.19741113589590137,9.921666053245001,0.8992104758783996,16302,8249,8250,8249,8250,200022.73212316557,428.6132356377784,3998,"[[686448.745187684,5838960.333198625],[686521.6198310931,5838902.811238282],[686425.8042562932,5838986.904224213],[686535.9356191684,5838918.668191239],[686445.1201749505,5839037.091437179]]",b98c42be92a0d05dad7817d60024cbaa2a663d58f33ed7d93a3770ce5fd54421,980c4d07ab4ca1894fb83be14d3d4410903204025b5c90ba9fd392b4354cf6f2,none,stationary,matched_prior_exact,1,0,"{""condition_id"":""tau_2000"",""evaluation"":""stationary"",""stage"":""c1-sensitivity""}",c6bec9d7ef8d6cc4c988a25905b1e25ac861fe33d4c60bda138851fd7ea3ac8b,tau_2000,tau,1012886378,2570699883,none,none,revision_C_base@f0684f8459a1,f0684f8459a1f1424f630778b2c606434d0bce08,27784880a3418d09b46f5afe2a7042757968dd5494a542fdab85e6a06fc60fb2,c1-sensitivity_20260826_073133_703049_c676526b,c676526b916d560a4651031b0ad6002a640325534681ef2670109fbd500a6bef,evidence,revision_B_base,revision_B_base,5,200000.0,xlarge,45.0,80.0,5.0,0.5,1.0
7,45,online_static_3step,0.5,0.8,32000.0,0.06822825658231588,7785.937357354243,0.0682931648579073,31.14429729195493,0.9678913930654548,5059,8125,8126,8260,8261,200023.9118437539,429.3238189169206,4465,"[[686448.745187684,5838960.333198625],[686521.6198310931,5838902.811238282],[686425.8042562932,5838986.904224213],[686535.9356191684,5838918.668191239],[686445.1201749505,5839037.091437179]]",b98c42be92a0d05dad7817d60024cbaa2a663d58f33ed7d93a3770ce5fd54421,1607ab903eaf53f6fcd425b25f71d8fab49463cbfc9feebdaa6c92b2690eabee,none,stationary,matched_prior_exact,1,0,"{""condition_id"":""tau_32000"",""evaluation"":""stationary"",""stage"":""c1-sensitivity""}",8a58528425303c8d4847dd0f657d9dd8b3e59f2d0adcd442e9348c96ebfaa71e,tau_32000,tau,2763624384,1074166709,none,none,revision_C_base@f0684f8459a1,f0684f8459a1f1424f630778b2c606434d0bce08,27784880a3418d09b46f5afe2a7042757968dd5494a542fdab85e6a06fc60fb2,c1-sensitivity_20260826_073133_703049_c676526b,c676526b916d560a4651031b0ad6002a640325534681ef2670109fbd500a6bef,evidence,revision_B_base,revision_B_base,5,200000.0,xlarge,45.0,80.0,5.0,0.5,1.0
7,45,dynamic_3step,0.5,0.8,32000.0,0.19178069516713603,7348.515819320137,0.19200671672476818,9.77397962259601,0.8976875296846183,16587,8260,8261,8260,8261,200009.4896927044,421.22224475699477,3905,"[[686448.745187684,5838960.333198625],[686521.6198310931,5838902.811238282],[686425.8042562932,5838986.904224213],[686535.9356191684,5838918.668191239],[686445.1201749505,5839037.091437179]]",b98c42be92a0d05dad7817d60024cbaa2a663d58f33ed7d93a3770ce5fd54421,73032daf4c1d34985e7aa29c75c4d515ae2ca502b973f013c0ef5c3cef6ffe43,none,stationary,matched_prior_exact,1,0,"{""condition_id"":""tau_32000"",""evaluation"":""stationary"",""stage"":""c1-sensitivity""}",8a58528425303c8d4847dd0f657d9dd8b3e59f2d0adcd442e9348c96ebfaa71e,tau_32000,tau,2763624384,1074166709,none,none,revision_C_base@f0684f8459a1,f0684f8459a1f1424f630778b2c606434d0bce08,27784880a3418d09b46f5afe2a7042757968dd5494a542fdab85e6a06fc60fb2,c1-sensitivity_20260826_073133_703049_c676526b,c676526b916d560a4651031b0ad6002a640325534681ef2670109fbd500a6bef,evidence,revision_B_base,revision_B_base,5,200000.0,xlarge,45.0,80.0,5.0,0.5,1.0
7,45,online_static_3step,0.5,0.8,128000.0,0.06822825658231588,7785.937357354243,0.0682931648579073,31.14429729195493,0.9678913930654548,5059,8125,8126,8260,8261,200023.9118437539,429.6806508472655,4465,"[[686448.745187684,5838960.333198625],[686521.6198310931,5838902.811238282],[686425.8042562932,5838986.904224213],[686535.9356191684,5838918.668191239],[686445.1201749505,5839037.091437179]]",b98c42be92a0d05dad7817d60024cbaa2a663d58f33ed7d93a3770ce5fd54421,1607ab903eaf53f6fcd425b25f71d8fab49463cbfc9feebdaa6c92b2690eabee,none,stationary,matched_prior_exact,1,0,"{""condition_id"":""tau_128000"",""evaluation"":""stationary"",""stage"":""c1-sensitivity""}",a5c02adbe48ed5ee84f4ce8296410944cac16371cf65714dbb3f0b6d5aca5bba,tau_128000,tau,1250960303,2387776278,none,none,revision_C_base@f0684f8459a1,f0684f8459a1f1424f630778b2c606434d0bce08,27784880a3418d09b46f5afe2a7042757968dd5494a542fdab85e6a06fc60fb2,c1-sensitivity_20260826_073133_703049_c676526b,c676526b916d560a4651031b0ad6002a640325534681ef2670109fbd500a6bef,evidence,revision_B_base,revision_B_base,5,200000.0,xlarge,45.0,80.0,5.0,0.5,1.0
7,45,dynamic_3step,0.5,0.8,128000.0,0.1918259100007948,7348.537193219163,0.19204904784520008,9.77302869544249,0.8976775745612683,16588,8260,8261,8260,8261,200017.21047209174,415.9644848066382,3898,"[[686448.745187684,5838960.333198625],[686521.6198310931,5838902.811238282],[686425.8042562932,5838986.904224213],[686535.9356191684,5838918.668191239],[686445.1201749505,5839037.091437179]]",b98c42be92a0d05dad7817d60024cbaa2a663d58f33ed7d93a3770ce5fd54421,4330964a281acef1027e9af0b70362d454d236847df1eb0018f5f3045d221a02,none,stationary,matched_prior_exact,1,0,"{""condition_id"":""tau_128000"",""evaluation"":""stationary"",""stage"":""c1-sensitivity""}",a5c02adbe48ed5ee84f4ce8296410944cac16371cf65714dbb3f0b6d5aca5bba,tau_128000,tau,1250960303,2387776278,none,none,revision_C_base@f0684f8459a1,f0684f8459a1f1424f630778b2c606434d0bce08,27784880a3418d09b46f5afe2a7042757968dd5494a542fdab85e6a06fc60fb2,c1-sensitivity_20260826_073133_703049_c676526b,c676526b916d560a4651031b0ad6002a640325534681ef2670109fbd500a6bef,evidence,revision_B_base,revision_B_base,5,200000.0,xlarge,45.0,80.0,5.0,0.5,1.0
7,46,online_static_3step,0.0,0.8,10000.0,0.18631846900996635,7369.988619598695,0.18652392400263,9.63573514512188,0.8962196464577741,16779,8247,8248,8247,8248,200010.51058354945,416.55804887833074,4738,"[[686536.9456797002,5838977.041315573],[686502.756875702,5839070.639980433],[686540.579588807,5838980.8358691055],[686453.306528826,5838928.668821625],[686427.6094122763,5838986.358756295]]",72b2a4b6cfa190859e858989a9c94ff8592eebd82cfee1e5bcbe8e4fddf368a3,353afc63358e875c2333503c5078625b7fda7bcffebef823afc25af230b6fc0b,none,stationary,matched_prior_exact,1,0,"{""condition_id"":""w_0"",""evaluation"":""stationary"",""stage"":""c1-sensitivity""}",80b02168b0975833d2c36bd6a41894c825064836584f37bc644dbaac89ab91cc,w_0,w,2388470956,3962586427,none,none,revision_C_base@f0684f8459a1,f0684f8459a1f1424f630778b2c606434d0bce08,27784880a3418d09b46f5afe2a7042757968dd5494a542fdab85e6a06fc60fb2,c1-sensitivity_20260826_073133_703049_c676526b,c676526b916d560a4651031b0ad6002a640325534681ef2670109fbd500a6bef,evidence,revision_B_base,revision_B_base,5,200000.0,xlarge,45.0,80.0,5.0,0.5,1.0
7,46,dynamic_3step,0.0,0.8,10000.0,0.18631846900996635,7369.988619598695,0.18652392400263,9.63573514512188,0.8962196464577741,16779,8247,8248,8247,8248,200010.51058354945,460.5546268785838,4738,"[[686536.9456797002,5838977.041315573],[686502.756875702,5839070.639980433],[686540.579588807,5838980.8358691055],[686453.306528826,5838928.668821625],[686427.6094122763,5838986.358756295]]",72b2a4b6cfa190859e858989a9c94ff8592eebd82cfee1e5bcbe8e4fddf368a3,353afc63358e875c2333503c5078625b7fda7bcffebef823afc25af230b6fc0b,none,stationary,matched_prior_exact,1,0,"{""condition_id"":""w_0"",""evaluation"":""stationary"",""stage"":""c1-sensitivity""}",80b02168b0975833d2c36bd6a41894c825064836584f37bc644dbaac89ab91cc,w_0,w,2388470956,3962586427,none,none,revision_C_base@f0684f8459a1,f0684f8459a1f1424f630778b2c606434d0bce08,27784880a3418d09b46f5afe2a7042757968dd5494a542fdab85e6a06fc60fb2,c1-sensitivity_20260826_073133_703049_c676526b,c676526b916d560a4651031b0ad6002a640325534681ef2670109fbd500a6bef,evidence,revision_B_base,revision_B_base,5,200000.0,xlarge,45.0,80.0,5.0,0.5,1.0
7,46,online_static_3step,0.25,0.8,10000.0,0.2236161603776807,7235.199426212004,0.2238913133323922,9.463527890436724,0.8943311615311516,17013,8227,8228,8245,8246,200012.36124372817,469.13432831224054,4767,"[[686536.9456797002,5838977.041315573],[686502.756875702,5839070.639980433],[686540.579588807,5838980.8358691055],[686453.306528826,5838928.668821625],[686427.6094122763,5838986.358756295]]",72b2a4b6cfa190859e858989a9c94ff8592eebd82cfee1e5bcbe8e4fddf368a3,17abfc5d1b46833f1f36ef5b66ec874521c92dbac8545cbd2740874064ee12f3,none,stationary,matched_prior_exact,1,0,"{""condition_id"":""w_025"",""evaluation"":""stationary"",""stage"":""c1-sensitivity""}",d3fe2ac77d42fbc7de79e9a302672c1a34fb85db107cd698d5b9495b5ed73325,w_025,w,750704004,3658186112,none,none,revision_C_base@f0684f8459a1,f0684f8459a1f1424f630778b2c606434d0bce08,27784880a3418d09b46f5afe2a7042757968dd5494a542fdab85e6a06fc60fb2,c1-sensitivity_20260826_073133_703049_c676526b,c676526b916d560a4651031b0ad6002a640325534681ef2670109fbd500a6bef,evidence,revision_B_base,revision_B_base,5,200000.0,xlarge,45.0,80.0,5.0,0.5,1.0
7,46,dynamic_3step,0.25,0.8,10000.0,0.20064618712306254,7317.229164800339,0.20089393148887744,9.542335852621635,0.8952038562208788,16936,8245,8246,8245,8246,200011.98244613156,510.9427230709698,4729,"[[686536.9456797002,5838977.041315573],[686502.756875702,5839070.639980433],[686540.579588807,5838980.8358691055],[686453.306528826,5838928.668821625],[686427.6094122763,5838986.358756295]]",72b2a4b6cfa190859e858989a9c94ff8592eebd82cfee1e5bcbe8e4fddf368a3,85884e9f86f5ee5401238b8c6bd34db7c21f4286cccefd39295111a95a773b05,none,stationary,matched_prior_exact,1,0,"{""condition_id"":""w_025"",""evaluation"":""stationary"",""stage"":""c1-sensitivity""}",d3fe2ac77d42fbc7de79e9a302672c1a34fb85db107cd698d5b9495b5ed73325,w_025,w,750704004,3658186112,none,none,revision_C_base@f0684f8459a1,f0684f8459a1f1424f630778b2c606434d0bce08,27784880a3418d09b46f5afe2a7042757968dd5494a542fdab85e6a06fc60fb2,c1-sensitivity_20260826_073133_703049_c676526b,c676526b916d560a4651031b0ad6002a640325534681ef2670109fbd500a6bef,evidence,revision_B_base,revision_B_base,5,200000.0,xlarge,45.0,80.0,5.0,0.5,1.0
7,46,online_static_3step,0.5,0.8,10000.0,0.09724596650470911,7632.791893557962,0.09735164891239181,24.00946420393833,0.9583497577661076,6551,8117,8118,8252,8253,200018.67948501406,511.3363270233385,5282,"[[686536.9456797002,5838977.041315573],[686502.756875702,5839070.639980433],[686540.579588807,5838980.8358691055],[686453.306528826,5838928.668821625],[686427.6094122763,5838986.358756295]]",72b2a4b6cfa190859e858989a9c94ff8592eebd82cfee1e5bcbe8e4fddf368a3,8f60d7c409155f73f1e85e01bf10b5b3c00e034f16db3234902ffd5091a2c82c,none,stationary,matched_prior_exact,1,0,"{""condition_id"":""nominal"",""evaluation"":""stationary"",""stage"":""c1-sensitivity""}",33661ab33ce355b68312ce72c8f28ade62ec8305f639d3c5c5420d991c48f0d2,nominal,nominal,3317983027,2111523239,none,none,revision_C_base@f0684f8459a1,f0684f8459a1f1424f630778b2c606434d0bce08,27784880a3418d09b46f5afe2a7042757968dd5494a542fdab85e6a06fc60fb2,c1-sensitivity_20260826_073133_703049_c676526b,c676526b916d560a4651031b0ad6002a640325534681ef2670109fbd500a6bef,evidence,revision_B_base,revision_B_base,5,200000.0,xlarge,45.0,80.0,5.0,0.5,1.0
7,46,dynamic_3step,0.5,0.8,10000.0,0.2030827688167457,7321.75709318287,0.20334832217976231,9.629105188005711,0.8961481902549338,16808,8252,8253,8252,8253,200006.83092709296,511.85551458690315,4696,"[[686536.9456797002,5838977.041315573],[686502.756875702,5839070.639980433],[686540.579588807,5838980.8358691055],[686453.306528826,5838928.668821625],[686427.6094122763,5838986.358756295]]",72b2a4b6cfa190859e858989a9c94ff8592eebd82cfee1e5bcbe8e4fddf368a3,60c92f1107b702a17a7865e19fbad87bf4f6bb3691b247ee6f4cd0821232c42e,none,stationary,matched_prior_exact,1,0,"{""condition_id"":""nominal"",""evaluation"":""stationary"",""stage"":""c1-sensitivity""}",33661ab33ce355b68312ce72c8f28ade62ec8305f639d3c5c5420d991c48f0d2,nominal,nominal,3317983027,2111523239,none,none,revision_C_base@f0684f8459a1,f0684f8459a1f1424f630778b2c606434d0bce08,27784880a3418d09b46f5afe2a7042757968dd5494a542fdab85e6a06fc60fb2,c1-sensitivity_20260826_073133_703049_c676526b,c676526b916d560a4651031b0ad6002a640325534681ef2670109fbd500a6bef,evidence,revision_B_base,revision_B_base,5,200000.0,xlarge,45.0,80.0,5.0,0.5,1.0
7,46,online_static_3step,0.75,0.8,10000.0,0.02998606380569108,8023.681486093113,0.030016398678135443,90.26232394366197,0.9889211804404221,1704,8014,8015,8258,8259,200022.91721983434,487.24219146184623,5145,"[[686536.9456797002,5838977.041315573],[686502.756875702,5839070.639980433],[686540.579588807,5838980.8358691055],[686453.306528826,5838928.668821625],[686427.6094122763,5838986.358756295]]",72b2a4b6cfa190859e858989a9c94ff8592eebd82cfee1e5bcbe8e4fddf368a3,16b44323ac46e53dadf4c2729bc05e5b5ac035d488e0ec062a5d4adcba9e66fb,none,stationary,matched_prior_exact,1,0,"{""condition_id"":""w_075"",""evaluation"":""stationary"",""stage"":""c1-sensitivity""}",dd16bccb6fb666ed0827b0b565b90295f086cf20694f1dd0b5c1942221a74648,w_075,w,3600941082,797109323,none,none,revision_C_base@f0684f8459a1,f0684f8459a1f1424f630778b2c606434d0bce08,27784880a3418d09b46f5afe2a7042757968dd5494a542fdab85e6a06fc60fb2,c1-sensitivity_20260826_073133_703049_c676526b,c676526b916d560a4651031b0ad6002a640325534681ef2670109fbd500a6bef,evidence,revision_B_base,revision_B_base,5,200000.0,xlarge,45.0,80.0,5.0,0.5,1.0
7,46,dynamic_3step,0.75,0.8,10000.0,0.21429294220554257,7313.830049722265,0.2145608831914865,9.769096280219449,0.8976363860775117,16587,8258,8259,8258,8259,200023.00408437938,507.04949131654575,4688,"[[686536.9456797002,5838977.041315573],[686502.756875702,5839070.639980433],[686540.579588807,5838980.8358691055],[686453.306528826,5838928.668821625],[686427.6094122763,5838986.358756295]]",72b2a4b6cfa190859e858989a9c94ff8592eebd82cfee1e5bcbe8e4fddf368a3,682be1f4c8ce3b3c7611a3c0b3892ac3b194e296cf08c776de7403a7d9dd36dd,none,stationary,matched_prior_exact,1,0,"{""condition_id"":""w_075"",""evaluation"":""stationary"",""stage"":""c1-sensitivity""}",dd16bccb6fb666ed0827b0b565b90295f086cf20694f1dd0b5c1942221a74648,w_075,w,3600941082,797109323,none,none,revision_C_base@f0684f8459a1,f0684f8459a1f1424f630778b2c606434d0bce08,27784880a3418d09b46f5afe2a7042757968dd5494a542fdab85e6a06fc60fb2,c1-sensitivity_20260826_073133_703049_c676526b,c676526b916d560a4651031b0ad6002a640325534681ef2670109fbd500a6bef,evidence,revision_B_base,revision_B_base,5,200000.0,xlarge,45.0,80.0,5.0,0.5,1.0
7,46,online_static_3step,1.0,0.8,10000.0,0.0048289137020164075,8222.420688854007,0.004833512274647516,991.4240506329114,0.9989913498675349,158,8098,8099,8261,8262,200018.7425351666,545.883023063885,5821,"[[686536.9456797002,5838977.041315573],[686502.756875702,5839070.639980433],[686540.579588807,5838980.8358691055],[686453.306528826,5838928.668821625],[686427.6094122763,5838986.358756295]]",72b2a4b6cfa190859e858989a9c94ff8592eebd82cfee1e5bcbe8e4fddf368a3,4d9094f9566c809e00dc7f979071631c8ae9a9570c6d230c9276d664250546d0,none,stationary,matched_prior_exact,1,0,"{""condition_id"":""w_1"",""evaluation"":""stationary"",""stage"":""c1-sensitivity""}",a7560dbaa977cea1795a4b0bd3ba265a0712530b452662170ae9efd74531b738,w_1,w,3364191473,1117392453,none,none,revision_C_base@f0684f8459a1,f0684f8459a1f1424f630778b2c606434d0bce08,27784880a3418d09b46f5afe2a7042757968dd5494a542fdab85e6a06fc60fb2,c1-sensitivity_20260826_073133_703049_c676526b,c676526b916d560a4651031b0ad6002a640325534681ef2670109fbd500a6bef,evidence,revision_B_base,revision_B_base,5,200000.0,xlarge,45.0,80.0,5.0,0.5,1.0
7,46,dynamic_3step,1.0,0.8,10000.0,0.17217001949175575,7393.203100514023,0.17240132494177554,10.028822365165759,0.9002873953103993,16168,8261,8262,8261,8262,200015.6491042468,508.1590440820437,4727,"[[686536.9456797002,5838977.041315573],[686502.756875702,5839070.639980433],[686540.579588807,5838980.8358691055],[686453.306528826,5838928.668821625],[686427.6094122763,5838986.358756295]]",72b2a4b6cfa190859e858989a9c94ff8592eebd82cfee1e5bcbe8e4fddf368a3,b4425aef715af786c054be1763c6d6a295c7c35695e1859005b5cbb3b4cf7ce9,none,stationary,matched_prior_exact,1,0,"{""condition_id"":""w_1"",""evaluation"":""stationary"",""stage"":""c1-sensitivity""}",a7560dbaa977cea1795a4b0bd3ba265a0712530b452662170ae9efd74531b738,w_1,w,3364191473,1117392453,none,none,revision_C_base@f0684f8459a1,f0684f8459a1f1424f630778b2c606434d0bce08,27784880a3418d09b46f5afe2a7042757968dd5494a542fdab85e6a06fc60fb2,c1-sensitivity_20260826_073133_703049_c676526b,c676526b916d560a4651031b0ad6002a640325534681ef2670109fbd500a6bef,evidence,revision_B_base,revision_B_base,5,200000.0,xlarge,45.0,80.0,5.0,0.5,1.0
7,46,online_static_3step,0.5,0.6,10000.0,0.09658981847891036,7678.541386586363,0.09735164891239181,24.00946420393833,0.9583497577661076,6551,8117,8118,8298,8299,200018.67948501406,510.62740494683385,5282,"[[686536.9456797002,5838977.041315573],[686502.756875702,5839070.639980433],[686540.579588807,5838980.8358691055],[686453.306528826,5838928.668821625],[686427.6094122763,5838986.358756295]]",72b2a4b6cfa190859e858989a9c94ff8592eebd82cfee1e5bcbe8e4fddf368a3,8f60d7c409155f73f1e85e01bf10b5b3c00e034f16db3234902ffd5091a2c82c,none,stationary,matched_prior_exact,1,0,"{""condition_id"":""pd_060"",""evaluation"":""stationary"",""stage"":""c1-sensitivity""}",8bcc633790e55489f4fbf2bd9b0dc37e28e3051e2872807588f965813e490d2b,pd_060,p_d,86041378,2669886208,none,none,revision_C_base@f0684f8459a1,f0684f8459a1f1424f630778b2c606434d0bce08,27784880a3418d09b46f5afe2a7042757968dd5494a542fdab85e6a06fc60fb2,c1-sensitivity_20260826_073133_703049_c676526b,c676526b916d560a4651031b0ad6002a640325534681ef2670109fbd500a6bef,evidence,revision_B_base,revision_B_base,5,200000.0,xlarge,45.0,80.0,5.0,0.5,1.0
7,46,dynamic_3step,0.5,0.6,10000.0,0.1601152202754537,7457.355259119324,0.16158847072991395,10.186210336013964,0.9018280629387321,16041,8298,8299,8298,8299,200011.5819846338,492.20636486122385,4543,"[[686536.9456797002,5838977.041315573],[686502.756875702,5839070.639980433],[686540.579588807,5838980.8358691055],[686453.306528826,5838928.668821625],[686427.6094122763,5838986.358756295]]",72b2a4b6cfa190859e858989a9c94ff8592eebd82cfee1e5bcbe8e4fddf368a3,cc9ee2fbeb32fe47b741af5b5c79eddb29a60d31001d1892736826362a9d3549,none,stationary,matched_prior_exact,1,0,"{""condition_id"":""pd_060"",""evaluation"":""stationary"",""stage"":""c1-sensitivity""}",8bcc633790e55489f4fbf2bd9b0dc37e28e3051e2872807588f965813e490d2b,pd_060,p_d,86041378,2669886208,none,none,revision_C_base@f0684f8459a1,f0684f8459a1f1424f630778b2c606434d0bce08,27784880a3418d09b46f5afe2a7042757968dd5494a542fdab85e6a06fc60fb2,c1-sensitivity_20260826_073133_703049_c676526b,c676526b916d560a4651031b0ad6002a640325534681ef2670109fbd500a6bef,evidence,revision_B_base,revision_B_base,5,200000.0,xlarge,45.0,80.0,5.0,0.5,1.0
7,46,online_static_3step,0.5,0.95,10000.0,0.09734444974322873,7603.274893698347,0.09735164891239181,24.00946420393833,0.9583497577661076,6551,8117,8118,8220,8221,200018.67948501406,509.33318278286606,5282,"[[686536.9456797002,5838977.041315573],[686502.756875702,5839070.639980433],[686540.579588807,5838980.8358691055],[686453.306528826,5838928.668821625],[686427.6094122763,5838986.358756295]]",72b2a4b6cfa190859e858989a9c94ff8592eebd82cfee1e5bcbe8e4fddf368a3,8f60d7c409155f73f1e85e01bf10b5b3c00e034f16db3234902ffd5091a2c82c,none,stationary,matched_prior_exact,1,0,"{""condition_id"":""pd_095"",""evaluation"":""stationary"",""stage"":""c1-sensitivity""}",d6a45689f8c015d047506b0521b3bb8739ec6480e1dcbc30a7bddda4e459b8cc,pd_095,p_d,3113304563,876512630,none,none,revision_C_base@f0684f8459a1,f0684f8459a1f1424f630778b2c606434d0bce08,27784880a3418d09b46f5afe2a7042757968dd5494a542fdab85e6a06fc60fb2,c1-sensitivity_20260826_073133_703049_c676526b,c676526b916d560a4651031b0ad6002a640325534681ef2670109fbd500a6bef,evidence,revision_B_base,revision_B_base,5,200000.0,xlarge,45.0,80.0,5.0,0.5,1.0
7,46,dynamic_3step,0.5,0.95,10000.0,0.1902569278629147,7304.528031095831,0.1902680579891013,9.330953624702536,0.8928298178063361,17229,8220,8221,8220,8221,200017.51276276555,523.8571008332074,4869,"[[686536.9456797002,5838977.041315573],[686502.756875702,5839070.639980433],[686540.579588807,5838980.8358691055],[686453.306528826,5838928.668821625],[686427.6094122763,5838986.358756295]]",72b2a4b6cfa190859e858989a9c94ff8592eebd82cfee1e5bcbe8e4fddf368a3,6b29212b1a6f0b7d292f254866558211840fc37965d17de3149c3a188a918361,none,stationary,matched_prior_exact,1,0,"{""condition_id"":""pd_095"",""evaluation"":""stationary"",""stage"":""c1-sensitivity""}",d6a45689f8c015d047506b0521b3bb8739ec6480e1dcbc30a7bddda4e459b8cc,pd_095,p_d,3113304563,876512630,none,none,revision_C_base@f0684f8459a1,f0684f8459a1f1424f630778b2c606434d0bce08,27784880a3418d09b46f5afe2a7042757968dd5494a542fdab85e6a06fc60fb2,c1-sensitivity_20260826_073133_703049_c676526b,c676526b916d560a4651031b0ad6002a640325534681ef2670109fbd500a6bef,evidence,revision_B_base,revision_B_base,5,200000.0,xlarge,45.0,80.0,5.0,0.5,1.0
7,46,online_static_3step,0.5,0.8,2000.0,0.09724596650470911,7627.37536935699,0.09735164891239181,24.00946420393833,0.9583497577661076,6551,8117,8118,8246,8247,200018.67948501406,514.8759922052268,5282,"[[686536.9456797002,5838977.041315573],[686502.756875702,5839070.639980433],[686540.579588807,5838980.8358691055],[686453.306528826,5838928.668821625],[686427.6094122763,5838986.358756295]]",72b2a4b6cfa190859e858989a9c94ff8592eebd82cfee1e5bcbe8e4fddf368a3,8f60d7c409155f73f1e85e01bf10b5b3c00e034f16db3234902ffd5091a2c82c,none,stationary,matched_prior_exact,1,0,"{""condition_id"":""tau_2000"",""evaluation"":""stationary"",""stage"":""c1-sensitivity""}",c6bec9d7ef8d6cc4c988a25905b1e25ac861fe33d4c60bda138851fd7ea3ac8b,tau_2000,tau,74492137,598206984,none,none,revision_C_base@f0684f8459a1,f0684f8459a1f1424f630778b2c606434d0bce08,27784880a3418d09b46f5afe2a7042757968dd5494a542fdab85e6a06fc60fb2,c1-sensitivity_20260826_073133_703049_c676526b,c676526b916d560a4651031b0ad6002a640325534681ef2670109fbd500a6bef,evidence,revision_B_base,revision_B_base,5,200000.0,xlarge,45.0,80.0,5.0,0.5,1.0
7,46,dynamic_3step,0.5,0.8,2000.0,0.17500403062033337,7312.419662200599,0.1752200858835745,9.828894564027728,0.8982591589027876,16446,8246,8247,8246,8247,200006.09932858188,503.6664636405185,4708,"[[686536.9456797002,5838977.041315573],[686502.756875702,5839070.639980433],[686540.579588807,5838980.8358691055],[686453.306528826,5838928.668821625],[686427.6094122763,5838986.358756295]]",72b2a4b6cfa190859e858989a9c94ff8592eebd82cfee1e5bcbe8e4fddf368a3,5e5f34b5fdebe28172bcbabc16aff76698c8e33f78ed93145ce734a57b8f4ce6,none,stationary,matched_prior_exact,1,0,"{""condition_id"":""tau_2000"",""evaluation"":""stationary"",""stage"":""c1-sensitivity""}",c6bec9d7ef8d6cc4c988a25905b1e25ac861fe33d4c60bda138851fd7ea3ac8b,tau_2000,tau,74492137,598206984,none,none,revision_C_base@f0684f8459a1,f0684f8459a1f1424f630778b2c606434d0bce08,27784880a3418d09b46f5afe2a7042757968dd5494a542fdab85e6a06fc60fb2,c1-sensitivity_20260826_073133_703049_c676526b,c676526b916d560a4651031b0ad6002a640325534681ef2670109fbd500a6bef,evidence,revision_B_base,revision_B_base,5,200000.0,xlarge,45.0,80.0,5.0,0.5,1.0
7,46,online_static_3step,0.5,0.8,32000.0,0.09724596650470911,7640.916679859589,0.09735164891239181,24.00946420393833,0.9583497577661076,6551,8117,8118,8261,8262,200018.67948501406,516.0071898780297,5282,"[[686536.9456797002,5838977.041315573],[686502.756875702,5839070.639980433],[686540.579588807,5838980.8358691055],[686453.306528826,5838928.668821625],[686427.6094122763,5838986.358756295]]",72b2a4b6cfa190859e858989a9c94ff8592eebd82cfee1e5bcbe8e4fddf368a3,8f60d7c409155f73f1e85e01bf10b5b3c00e034f16db3234902ffd5091a2c82c,none,stationary,matched_prior_exact,1,0,"{""condition_id"":""tau_32000"",""evaluation"":""stationary"",""stage"":""c1-sensitivity""}",8a58528425303c8d4847dd0f657d9dd8b3e59f2d0adcd442e9348c96ebfaa71e,tau_32000,tau,2490053943,3183824512,none,none,revision_C_base@f0684f8459a1,f0684f8459a1f1424f630778b2c606434d0bce08,27784880a3418d09b46f5afe2a7042757968dd5494a542fdab85e6a06fc60fb2,c1-sensitivity_20260826_073133_703049_c676526b,c676526b916d560a4651031b0ad6002a640325534681ef2670109fbd500a6bef,evidence,revision_B_base,revision_B_base,5,200000.0,xlarge,45.0,80.0,5.0,0.5,1.0
7,46,dynamic_3step,0.5,0.8,32000.0,0.1783282749573104,7379.194753281153,0.17857442366961188,9.745927751397488,0.8973930419444565,16637,8261,8262,8261,8262,200023.3698836341,509.15316420653835,4681,"[[686536.9456797002,5838977.041315573],[686502.756875702,5839070.639980433],[686540.579588807,5838980.8358691055],[686453.306528826,5838928.668821625],[686427.6094122763,5838986.358756295]]",72b2a4b6cfa190859e858989a9c94ff8592eebd82cfee1e5bcbe8e4fddf368a3,bfe0683379224eac67616a69e86250554aa500b5f7820f3cd81c54dc7164ce08,none,stationary,matched_prior_exact,1,0,"{""condition_id"":""tau_32000"",""evaluation"":""stationary"",""stage"":""c1-sensitivity""}",8a58528425303c8d4847dd0f657d9dd8b3e59f2d0adcd442e9348c96ebfaa71e,tau_32000,tau,2490053943,3183824512,none,none,revision_C_base@f0684f8459a1,f0684f8459a1f1424f630778b2c606434d0bce08,27784880a3418d09b46f5afe2a7042757968dd5494a542fdab85e6a06fc60fb2,c1-sensitivity_20260826_073133_703049_c676526b,c676526b916d560a4651031b0ad6002a640325534681ef2670109fbd500a6bef,evidence,revision_B_base,revision_B_base,5,200000.0,xlarge,45.0,80.0,5.0,0.5,1.0
7,46,online_static_3step,0.5,0.8,128000.0,0.09724596650470911,7639.111171792266,0.09735164891239181,24.00946420393833,0.9583497577661076,6551,8117,8118,8259,8260,200018.67948501406,522.7542663651984,5282,"[[686536.9456797002,5838977.041315573],[686502.756875702,5839070.639980433],[686540.579588807,5838980.8358691055],[686453.306528826,5838928.668821625],[686427.6094122763,5838986.358756295]]",72b2a4b6cfa190859e858989a9c94ff8592eebd82cfee1e5bcbe8e4fddf368a3,8f60d7c409155f73f1e85e01bf10b5b3c00e034f16db3234902ffd5091a2c82c,none,stationary,matched_prior_exact,1,0,"{""condition_id"":""tau_128000"",""evaluation"":""stationary"",""stage"":""c1-sensitivity""}",a5c02adbe48ed5ee84f4ce8296410944cac16371cf65714dbb3f0b6d5aca5bba,tau_128000,tau,291722208,1742917199,none,none,revision_C_base@f0684f8459a1,f0684f8459a1f1424f630778b2c606434d0bce08,27784880a3418d09b46f5afe2a7042757968dd5494a542fdab85e6a06fc60fb2,c1-sensitivity_20260826_073133_703049_c676526b,c676526b916d560a4651031b0ad6002a640325534681ef2670109fbd500a6bef,evidence,revision_B_base,revision_B_base,5,200000.0,xlarge,45.0,80.0,5.0,0.5,1.0
7,46,dynamic_3step,0.5,0.8,128000.0,0.1785159761844277,7378.125630494401,0.17875148702861773,9.721509117082533,0.8971353122281385,16672,8259,8260,8259,8260,200022.26815308712,506.98703778209165,4661,"[[686536.9456797002,5838977.041315573],[686502.756875702,5839070.639980433],[686540.579588807,5838980.8358691055],[686453.306528826,5838928.668821625],[686427.6094122763,5838986.358756295]]",72b2a4b6cfa190859e858989a9c94ff8592eebd82cfee1e5bcbe8e4fddf368a3,9ce27a7c491341194b3272838da3cb1463c69aa757ba331906a8f3502c0dda30,none,stationary,matched_prior_exact,1,0,"{""condition_id"":""tau_128000"",""evaluation"":""stationary"",""stage"":""c1-sensitivity""}",a5c02adbe48ed5ee84f4ce8296410944cac16371cf65714dbb3f0b6d5aca5bba,tau_128000,tau,291722208,1742917199,none,none,revision_C_base@f0684f8459a1,f0684f8459a1f1424f630778b2c606434d0bce08,27784880a3418d09b46f5afe2a7042757968dd5494a542fdab85e6a06fc60fb2,c1-sensitivity_20260826_073133_703049_c676526b,c676526b916d560a4651031b0ad6002a640325534681ef2670109fbd500a6bef,evidence,revision_B_base,revision_B_base,5,200000.0,xlarge,45.0,80.0,5.0,0.5,1.0
10,42,online_static_3step,0.0,0.8,10000.0,0.23685332316770658,7279.865200879413,0.23711430849694196,16.486407949006374,0.9393439733450082,10668,8793,8794,8793,8794,200005.8025887073,370.5724851868581,4250,"[[334289.4483734565,5724948.214511063],[334332.1757905636,5724948.902473748],[334361.4939326978,5725068.809352602],[334285.71484677034,5724925.270176675],[334326.0314329311,5725062.08709865]]",3c195b87f1445e5f24bb317d5a82c31328f4e3a706c1cec8193eed5382ff055c,43fd65afbf4bce0b5073ebb2462e06068f2ca7d132eb22d0ba2d1020f2f0263e,none,stationary,matched_prior_exact,1,0,"{""condition_id"":""w_0"",""evaluation"":""stationary"",""stage"":""c1-sensitivity""}",80b02168b0975833d2c36bd6a41894c825064836584f37bc644dbaac89ab91cc,w_0,w,3109095928,508712113,none,none,revision_C_base@f0684f8459a1,f0684f8459a1f1424f630778b2c606434d0bce08,27784880a3418d09b46f5afe2a7042757968dd5494a542fdab85e6a06fc60fb2,c1-sensitivity_20260826_073133_703049_c676526b,c676526b916d560a4651031b0ad6002a640325534681ef2670109fbd500a6bef,evidence,revision_B_base,revision_B_base,5,200000.0,xlarge,45.0,80.0,5.0,0.5,1.0
10,42,dynamic_3step,0.0,0.8,10000.0,0.23685332316770658,7279.865200879413,0.23711430849694196,16.486407949006374,0.9393439733450082,10668,8793,8794,8793,8794,200005.8025887073,407.32438621507026,4250,"[[334289.4483734565,5724948.214511063],[334332.1757905636,5724948.902473748],[334361.4939326978,5725068.809352602],[334285.71484677034,5724925.270176675],[334326.0314329311,5725062.08709865]]",3c195b87f1445e5f24bb317d5a82c31328f4e3a706c1cec8193eed5382ff055c,43fd65afbf4bce0b5073ebb2462e06068f2ca7d132eb22d0ba2d1020f2f0263e,none,stationary,matched_prior_exact,1,0,"{""condition_id"":""w_0"",""evaluation"":""stationary"",""stage"":""c1-sensitivity""}",80b02168b0975833d2c36bd6a41894c825064836584f37bc644dbaac89ab91cc,w_0,w,3109095928,508712113,none,none,revision_C_base@f0684f8459a1,f0684f8459a1f1424f630778b2c606434d0bce08,27784880a3418d09b46f5afe2a7042757968dd5494a542fdab85e6a06fc60fb2,c1-sensitivity_20260826_073133_703049_c676526b,c676526b916d560a4651031b0ad6002a640325534681ef2670109fbd500a6bef,evidence,revision_B_base,revision_B_base,5,200000.0,xlarge,45.0,80.0,5.0,0.5,1.0
10,42,online_static_3step,0.25,0.8,10000.0,0.18560564760516338,7519.465426567044,0.1856950160175483,33.767760617760615,0.9703859544812683,5180,8745,8746,8787,8788,200011.08005072054,418.7999283564277,4330,"[[334289.4483734565,5724948.214511063],[334332.1757905636,5724948.902473748],[334361.4939326978,5725068.809352602],[334285.71484677034,5724925.270176675],[334326.0314329311,5725062.08709865]]",3c195b87f1445e5f24bb317d5a82c31328f4e3a706c1cec8193eed5382ff055c,1f88e5b0096c819cd2e10a152ba757206bbf9a8e4acf09553212bd53b589cf7e,none,stationary,matched_prior_exact,1,0,"{""condition_id"":""w_025"",""evaluation"":""stationary"",""stage"":""c1-sensitivity""}",d3fe2ac77d42fbc7de79e9a302672c1a34fb85db107cd698d5b9495b5ed73325,w_025,w,1068900182,2321632352,none,none,revision_C_base@f0684f8459a1,f0684f8459a1f1424f630778b2c606434d0bce08,27784880a3418d09b46f5afe2a7042757968dd5494a542fdab85e6a06fc60fb2,c1-sensitivity_20260826_073133_703049_c676526b,c676526b916d560a4651031b0ad6002a640325534681ef2670109fbd500a6bef,evidence,revision_B_base,revision_B_base,5,200000.0,xlarge,45.0,80.0,5.0,0.5,1.0
10,42,dynamic_3step,0.25,0.8,10000.0,0.28742924010701565,7078.449421651865,0.28773241402060085,11.96127671158296,0.9163968843700749,14694,8787,8788,8787,8788,200000.9044728094,459.3080485735554,4224,"[[334289.4483734565,5724948.214511063],[334332.1757905636,5724948.902473748],[334361.4939326978,5725068.809352602],[334285.71484677034,5724925.270176675],[334326.0314329311,5725062.08709865]]",3c195b87f1445e5f24bb317d5a82c31328f4e3a706c1cec8193eed5382ff055c,acb6da45c39eff4ae9e6d89d82a318961728a065acb7dc5c81f2c013e7ba844b,none,stationary,matched_prior_exact,1,0,"{""condition_id"":""w_025"",""evaluation"":""stationary"",""stage"":""c1-sensitivity""}",d3fe2ac77d42fbc7de79e9a302672c1a34fb85db107cd698d5b9495b5ed73325,w_025,w,1068900182,2321632352,none,none,revision_C_base@f0684f8459a1,f0684f8459a1f1424f630778b2c606434d0bce08,27784880a3418d09b46f5afe2a7042757968dd5494a542fdab85e6a06fc60fb2,c1-sensitivity_20260826_073133_703049_c676526b,c676526b916d560a4651031b0ad6002a640325534681ef2670109fbd500a6bef,evidence,revision_B_base,revision_B_base,5,200000.0,xlarge,45.0,80.0,5.0,0.5,1.0
10,42,online_static_3step,0.5,0.8,10000.0,0.12051429235195033,8039.689173295479,0.12057727496240961,91.83993902439025,0.989111491028599,1968,9036,9037,9036,9037,200005.19026440257,423.12663389439695,4426,"[[334289.4483734565,5724948.214511063],[334332.1757905636,5724948.902473748],[334361.4939326978,5725068.809352602],[334285.71484677034,5724925.270176675],[334326.0314329311,5725062.08709865]]",3c195b87f1445e5f24bb317d5a82c31328f4e3a706c1cec8193eed5382ff055c,2019451c93ce18c11f35a2c919930eedba687636f8f2ff43887e7f2beda88734,none,stationary,matched_prior_exact,1,0,"{""condition_id"":""nominal"",""evaluation"":""stationary"",""stage"":""c1-sensitivity""}",33661ab33ce355b68312ce72c8f28ade62ec8305f639d3c5c5420d991c48f0d2,nominal,nominal,2403089824,618543804,none,none,revision_C_base@f0684f8459a1,f0684f8459a1f1424f630778b2c606434d0bce08,27784880a3418d09b46f5afe2a7042757968dd5494a542fdab85e6a06fc60fb2,c1-sensitivity_20260826_073133_703049_c676526b,c676526b916d560a4651031b0ad6002a640325534681ef2670109fbd500a6bef,evidence,revision_B_base,revision_B_base,5,200000.0,xlarge,45.0,80.0,5.0,0.5,1.0
10,42,dynamic_3step,0.5,0.8,10000.0,0.2820990329961003,7342.861269800105,0.28227522985947534,15.473851309639297,0.9353748475418618,11339,8772,8773,9036,9037,200009.66774586606,454.56860201782547,4227,"[[334289.4483734565,5724948.214511063],[334332.1757905636,5724948.902473748],[334361.4939326978,5725068.809352602],[334285.71484677034,5724925.270176675],[334326.0314329311,5725062.08709865]]",3c195b87f1445e5f24bb317d5a82c31328f4e3a706c1cec8193eed5382ff055c,966d6dd359b0c2e97fdceb3efcaa6b67c5b952db3f30e76506076e86aee2deac,none,stationary,matched_prior_exact,1,0,"{""condition_id"":""nominal"",""evaluation"":""stationary"",""stage"":""c1-sensitivity""}",33661ab33ce355b68312ce72c8f28ade62ec8305f639d3c5c5420d991c48f0d2,nominal,nominal,2403089824,618543804,none,none,revision_C_base@f0684f8459a1,f0684f8459a1f1424f630778b2c606434d0bce08,27784880a3418d09b46f5afe2a7042757968dd5494a542fdab85e6a06fc60fb2,c1-sensitivity_20260826_073133_703049_c676526b,c676526b916d560a4651031b0ad6002a640325534681ef2670109fbd500a6bef,evidence,revision_B_base,revision_B_base,5,200000.0,xlarge,45.0,80.0,5.0,0.5,1.0
10,42,online_static_3step,0.75,0.8,10000.0,0.10988294231336612,7868.883378710665,0.10995393958860224,103.55673758865248,0.9903434578639181,1692,8760,8761,8760,8761,200012.16178013096,428.6838697101921,4495,"[[334289.4483734565,5724948.214511063],[334332.1757905636,5724948.902473748],[334361.4939326978,5725068.809352602],[334285.71484677034,5724925.270176675],[334326.0314329311,5725062.08709865]]",3c195b87f1445e5f24bb317d5a82c31328f4e3a706c1cec8193eed5382ff055c,c8d17fef59ad476842edf7f81fe1c5f40bc7514e19a7eeb4053d250190d93d13,none,stationary,matched_prior_exact,1,0,"{""condition_id"":""w_075"",""evaluation"":""stationary"",""stage"":""c1-sensitivity""}",dd16bccb6fb666ed0827b0b565b90295f086cf20694f1dd0b5c1942221a74648,w_075,w,69549600,2973599571,none,none,revision_C_base@f0684f8459a1,f0684f8459a1f1424f630778b2c606434d0bce08,27784880a3418d09b46f5afe2a7042757968dd5494a542fdab85e6a06fc60fb2,c1-sensitivity_20260826_073133_703049_c676526b,c676526b916d560a4651031b0ad6002a640325534681ef2670109fbd500a6bef,evidence,revision_B_base,revision_B_base,5,200000.0,xlarge,45.0,80.0,5.0,0.5,1.0
10,42,dynamic_3step,0.75,0.8,10000.0,0.2703323569711159,7141.138097519954,0.2705135072751248,16.55042573320719,0.9395785935588609,10570,8746,8747,8760,8761,200016.3900442209,440.8359352655243,4196,"[[334289.4483734565,5724948.214511063],[334332.1757905636,5724948.902473748],[334361.4939326978,5725068.809352602],[334285.71484677034,5724925.270176675],[334326.0314329311,5725062.08709865]]",3c195b87f1445e5f24bb317d5a82c31328f4e3a706c1cec8193eed5382ff055c,9095218a7905d7714ea3cb488619ffdfd3c887306c58bad262d5f311299cbb66,none,stationary,matched_prior_exact,1,0,"{""condition_id"":""w_075"",""evaluation"":""stationary"",""stage"":""c1-sensitivity""}",dd16bccb6fb666ed0827b0b565b90295f086cf20694f1dd0b5c1942221a74648,w_075,w,69549600,2973599571,none,none,revision_C_base@f0684f8459a1,f0684f8459a1f1424f630778b2c606434d0bce08,27784880a3418d09b46f5afe2a7042757968dd5494a542fdab85e6a06fc60fb2,c1-sensitivity_20260826_073133_703049_c676526b,c676526b916d560a4651031b0ad6002a640325534681ef2670109fbd500a6bef,evidence,revision_B_base,revision_B_base,5,200000.0,xlarge,45.0,80.0,5.0,0.5,1.0
10,42,online_static_3step,1.0,0.8,10000.0,0.001844433993414911,8753.921663611274,0.001844440177221925,3259.9423076923076,0.9996932461051105,52,8475,8476,8769,8770,200015.5499385554,438.7974417449441,4705,"[[334289.4483734565,5724948.214511063],[334332.1757905636,5724948.902473748],[334361.4939326978,5725068.809352602],[334285.71484677034,5724925.270176675],[334326.0314329311,5725062.08709865]]",3c195b87f1445e5f24bb317d5a82c31328f4e3a706c1cec8193eed5382ff055c,40f4c839d7cf97729d972930ed596e6d004aa1153411ab3044ea9fa5481493c2,none,stationary,matched_prior_exact,1,0,"{""condition_id"":""w_1"",""evaluation"":""stationary"",""stage"":""c1-sensitivity""}",a7560dbaa977cea1795a4b0bd3ba265a0712530b452662170ae9efd74531b738,w_1,w,355623898,3592104290,none,none,revision_C_base@f0684f8459a1,f0684f8459a1f1424f630778b2c606434d0bce08,27784880a3418d09b46f5afe2a7042757968dd5494a542fdab85e6a06fc60fb2,c1-sensitivity_20260826_073133_703049_c676526b,c676526b916d560a4651031b0ad6002a640325534681ef2670109fbd500a6bef,evidence,revision_B_base,revision_B_base,5,200000.0,xlarge,45.0,80.0,5.0,0.5,1.0
10,42,dynamic_3step,1.0,0.8,10000.0,0.30931206494248364,7003.46990363733,0.3096112842225028,12.105459313962315,0.9173926429337043,14489,8769,8770,8769,8770,200015.80908449026,454.1186515709851,4226,"[[334289.4483734565,5724948.214511063],[334332.1757905636,5724948.902473748],[334361.4939326978,5725068.809352602],[334285.71484677034,5724925.270176675],[334326.0314329311,5725062.08709865]]",3c195b87f1445e5f24bb317d5a82c31328f4e3a706c1cec8193eed5382ff055c,2fadf8dbba67fcad2bf1a440c54de4eccd5fd7e39850469e884c611d0d94496c,none,stationary,matched_prior_exact,1,0,"{""condition_id"":""w_1"",""evaluation"":""stationary"",""stage"":""c1-sensitivity""}",a7560dbaa977cea1795a4b0bd3ba265a0712530b452662170ae9efd74531b738,w_1,w,355623898,3592104290,none,none,revision_C_base@f0684f8459a1,f0684f8459a1f1424f630778b2c606434d0bce08,27784880a3418d09b46f5afe2a7042757968dd5494a542fdab85e6a06fc60fb2,c1-sensitivity_20260826_073133_703049_c676526b,c676526b916d560a4651031b0ad6002a640325534681ef2670109fbd500a6bef,evidence,revision_B_base,revision_B_base,5,200000.0,xlarge,45.0,80.0,5.0,0.5,1.0
10,42,online_static_3step,0.5,0.6,10000.0,0.12012492765152438,8042.976612949802,0.12057727496240961,91.83993902439025,0.989111491028599,1968,9036,9037,9036,9037,200005.19026440257,414.4434799863957,4426,"[[334289.4483734565,5724948.214511063],[334332.1757905636,5724948.902473748],[334361.4939326978,5725068.809352602],[334285.71484677034,5724925.270176675],[334326.0314329311,5725062.08709865]]",3c195b87f1445e5f24bb317d5a82c31328f4e3a706c1cec8193eed5382ff055c,2019451c93ce18c11f35a2c919930eedba687636f8f2ff43887e7f2beda88734,none,stationary,matched_prior_exact,1,0,"{""condition_id"":""pd_060"",""evaluation"":""stationary"",""stage"":""c1-sensitivity""}",8bcc633790e55489f4fbf2bd9b0dc37e28e3051e2872807588f965813e490d2b,pd_060,p_d,3480377651,2872584606,none,none,revision_C_base@f0684f8459a1,f0684f8459a1f1424f630778b2c606434d0bce08,27784880a3418d09b46f5afe2a7042757968dd5494a542fdab85e6a06fc60fb2,c1-sensitivity_20260826_073133_703049_c676526b,c676526b916d560a4651031b0ad6002a640325534681ef2670109fbd500a6bef,evidence,revision_B_base,revision_B_base,5,200000.0,xlarge,45.0,80.0,5.0,0.5,1.0
10,42,dynamic_3step,0.5,0.6,10000.0,0.2728884473534532,7360.5652514723415,0.27409586176315154,14.728846478635365,0.9321060205596867,11842,8720,8721,9036,9037,200005.86759962325,437.35888094175607,4150,"[[334289.4483734565,5724948.214511063],[334332.1757905636,5724948.902473748],[334361.4939326978,5725068.809352602],[334285.71484677034,5724925.270176675],[334326.0314329311,5725062.08709865]]",3c195b87f1445e5f24bb317d5a82c31328f4e3a706c1cec8193eed5382ff055c,adae9dee71c829a9f552fb0137d131a2d648f4bdcce932a048791cef7a353572,none,stationary,matched_prior_exact,1,0,"{""condition_id"":""pd_060"",""evaluation"":""stationary"",""stage"":""c1-sensitivity""}",8bcc633790e55489f4fbf2bd9b0dc37e28e3051e2872807588f965813e490d2b,pd_060,p_d,3480377651,2872584606,none,none,revision_C_base@f0684f8459a1,f0684f8459a1f1424f630778b2c606434d0bce08,27784880a3418d09b46f5afe2a7042757968dd5494a542fdab85e6a06fc60fb2,c1-sensitivity_20260826_073133_703049_c676526b,c676526b916d560a4651031b0ad6002a640325534681ef2670109fbd500a6bef,evidence,revision_B_base,revision_B_base,5,200000.0,xlarge,45.0,80.0,5.0,0.5,1.0
10,42,online_static_3step,0.5,0.95,10000.0,0.12057423404572332,8039.167494010791,0.12057727496240961,91.83993902439025,0.989111491028599,1968,9036,9037,9036,9037,200005.19026440257,426.209123182809,4426,"[[334289.4483734565,5724948.214511063],[334332.1757905636,5724948.902473748],[334361.4939326978,5725068.809352602],[334285.71484677034,5724925.270176675],[334326.0314329311,5725062.08709865]]",3c195b87f1445e5f24bb317d5a82c31328f4e3a706c1cec8193eed5382ff055c,2019451c93ce18c11f35a2c919930eedba687636f8f2ff43887e7f2beda88734,none,stationary,matched_prior_exact,1,0,"{""condition_id"":""pd_095"",""evaluation"":""stationary"",""stage"":""c1-sensitivity""}",d6a45689f8c015d047506b0521b3bb8739ec6480e1dcbc30a7bddda4e459b8cc,pd_095,p_d,1544795825,1648461420,none,none,revision_C_base@f0684f8459a1,f0684f8459a1f1424f630778b2c606434d0bce08,27784880a3418d09b46f5afe2a7042757968dd5494a542fdab85e6a06fc60fb2,c1-sensitivity_20260826_073133_703049_c676526b,c676526b916d560a4651031b0ad6002a640325534681ef2670109fbd500a6bef,evidence,revision_B_base,revision_B_base,5,200000.0,xlarge,45.0,80.0,5.0,0.5,1.0
10,42,dynamic_3step,0.5,0.95,10000.0,0.28352856850678443,7254.134690403817,0.2835391457550304,15.62314963438559,0.9359924200047945,11214,8759,8760,9036,9037,200019.14205335794,454.11416175588965,4201,"[[334289.4483734565,5724948.214511063],[334332.1757905636,5724948.902473748],[334361.4939326978,5725068.809352602],[334285.71484677034,5724925.270176675],[334326.0314329311,5725062.08709865]]",3c195b87f1445e5f24bb317d5a82c31328f4e3a706c1cec8193eed5382ff055c,10aed6cbfb5e652f9edc30c37027363cd7ccfc0419a0acfde0a03c1680ec02e7,none,stationary,matched_prior_exact,1,0,"{""condition_id"":""pd_095"",""evaluation"":""stationary"",""stage"":""c1-sensitivity""}",d6a45689f8c015d047506b0521b3bb8739ec6480e1dcbc30a7bddda4e459b8cc,pd_095,p_d,1544795825,1648461420,none,none,revision_C_base@f0684f8459a1,f0684f8459a1f1424f630778b2c606434d0bce08,27784880a3418d09b46f5afe2a7042757968dd5494a542fdab85e6a06fc60fb2,c1-sensitivity_20260826_073133_703049_c676526b,c676526b916d560a4651031b0ad6002a640325534681ef2670109fbd500a6bef,evidence,revision_B_base,revision_B_base,5,200000.0,xlarge,45.0,80.0,5.0,0.5,1.0
10,42,online_static_3step,0.5,0.8,2000.0,0.12051429235195033,8039.689173295479,0.12057727496240961,91.83993902439025,0.989111491028599,1968,9036,9037,9036,9037,200005.19026440257,425.6538811819628,4426,"[[334289.4483734565,5724948.214511063],[334332.1757905636,5724948.902473748],[334361.4939326978,5725068.809352602],[334285.71484677034,5724925.270176675],[334326.0314329311,5725062.08709865]]",3c195b87f1445e5f24bb317d5a82c31328f4e3a706c1cec8193eed5382ff055c,2019451c93ce18c11f35a2c919930eedba687636f8f2ff43887e7f2beda88734,none,stationary,matched_prior_exact,1,0,"{""condition_id"":""tau_2000"",""evaluation"":""stationary"",""stage"":""c1-sensitivity""}",c6bec9d7ef8d6cc4c988a25905b1e25ac861fe33d4c60bda138851fd7ea3ac8b,tau_2000,tau,1748083413,2414283738,none,none,revision_C_base@f0684f8459a1,f0684f8459a1f1424f630778b2c606434d0bce08,27784880a3418d09b46f5afe2a7042757968dd5494a542fdab85e6a06fc60fb2,c1-sensitivity_20260826_073133_703049_c676526b,c676526b916d560a4651031b0ad6002a640325534681ef2670109fbd500a6bef,evidence,revision_B_base,revision_B_base,5,200000.0,xlarge,45.0,80.0,5.0,0.5,1.0
10,42,dynamic_3step,0.5,0.8,2000.0,0.2613329624014847,7473.55467369322,0.261522202903109,16.73708425189303,0.9402524367476435,10433,8730,8731,9036,9037,200014.824897215,449.3362877171021,4192,"[[334289.4483734565,5724948.214511063],[334332.1757905636,5724948.902473748],[334361.4939326978,5725068.809352602],[334285.71484677034,5724925.270176675],[334326.0314329311,5725062.08709865]]",3c195b87f1445e5f24bb317d5a82c31328f4e3a706c1cec8193eed5382ff055c,9ae68b5f02128231cfc545142f0b15b5c9a2954b55778e11147b14e12ca0d477,none,stationary,matched_prior_exact,1,0,"{""condition_id"":""tau_2000"",""evaluation"":""stationary"",""stage"":""c1-sensitivity""}",c6bec9d7ef8d6cc4c988a25905b1e25ac861fe33d4c60bda138851fd7ea3ac8b,tau_2000,tau,1748083413,2414283738,none,none,revision_C_base@f0684f8459a1,f0684f8459a1f1424f630778b2c606434d0bce08,27784880a3418d09b46f5afe2a7042757968dd5494a542fdab85e6a06fc60fb2,c1-sensitivity_20260826_073133_703049_c676526b,c676526b916d560a4651031b0ad6002a640325534681ef2670109fbd500a6bef,evidence,revision_B_base,revision_B_base,5,200000.0,xlarge,45.0,80.0,5.0,0.5,1.0
10,42,online_static_3step,0.5,0.8,32000.0,0.12051429235195033,8039.689173295479,0.12057727496240961,91.83993902439025,0.989111491028599,1968,9036,9037,9036,9037,200005.19026440257,431.3798788522836,4426,"[[334289.4483734565,5724948.214511063],[334332.1757905636,5724948.902473748],[334361.4939326978,5725068.809352602],[334285.71484677034,5724925.270176675],[334326.0314329311,5725062.08709865]]",3c195b87f1445e5f24bb317d5a82c31328f4e3a706c1cec8193eed5382ff055c,2019451c93ce18c11f35a2c919930eedba687636f8f2ff43887e7f2beda88734,none,stationary,matched_prior_exact,1,0,"{""condition_id"":""tau_32000"",""evaluation"":""stationary"",""stage"":""c1-sensitivity""}",8a58528425303c8d4847dd0f657d9dd8b3e59f2d0adcd442e9348c96ebfaa71e,tau_32000,tau,3522341550,3505207880,none,none,revision_C_base@f0684f8459a1,f0684f8459a1f1424f630778b2c606434d0bce08,27784880a3418d09b46f5afe2a7042757968dd5494a542fdab85e6a06fc60fb2,c1-sensitivity_20260826_073133_703049_c676526b,c676526b916d560a4651031b0ad6002a640325534681ef2670109fbd500a6bef,evidence,revision_B_base,revision_B_base,5,200000.0,xlarge,45.0,80.0,5.0,0.5,1.0
10,42,dynamic_3step,0.5,0.8,32000.0,0.27901791516104385,7373.782600453077,0.2792075768894654,15.272608125819135,0.9345232987213593,11445,8739,8740,9036,9037,200011.13641111675,442.6214049279224,4193,"[[334289.4483734565,5724948.214511063],[334332.1757905636,5724948.902473748],[334361.4939326978,5725068.809352602],[334285.71484677034,5724925.270176675],[334326.0314329311,5725062.08709865]]",3c195b87f1445e5f24bb317d5a82c31328f4e3a706c1cec8193eed5382ff055c,3ee380a1c94f858473429b0c39e5040141d6f9c78ae2b74d704d6549d9d20c33,none,stationary,matched_prior_exact,1,0,"{""condition_id"":""tau_32000"",""evaluation"":""stationary"",""stage"":""c1-sensitivity""}",8a58528425303c8d4847dd0f657d9dd8b3e59f2d0adcd442e9348c96ebfaa71e,tau_32000,tau,3522341550,3505207880,none,none,revision_C_base@f0684f8459a1,f0684f8459a1f1424f630778b2c606434d0bce08,27784880a3418d09b46f5afe2a7042757968dd5494a542fdab85e6a06fc60fb2,c1-sensitivity_20260826_073133_703049_c676526b,c676526b916d560a4651031b0ad6002a640325534681ef2670109fbd500a6bef,evidence,revision_B_base,revision_B_base,5,200000.0,xlarge,45.0,80.0,5.0,0.5,1.0
10,42,online_static_3step,0.5,0.8,128000.0,0.12051429235195033,8039.689173295479,0.12057727496240961,91.83993902439025,0.989111491028599,1968,9036,9037,9036,9037,200005.19026440257,435.08732525538653,4426,"[[334289.4483734565,5724948.214511063],[334332.1757905636,5724948.902473748],[334361.4939326978,5725068.809352602],[334285.71484677034,5724925.270176675],[334326.0314329311,5725062.08709865]]",3c195b87f1445e5f24bb317d5a82c31328f4e3a706c1cec8193eed5382ff055c,2019451c93ce18c11f35a2c919930eedba687636f8f2ff43887e7f2beda88734,none,stationary,matched_prior_exact,1,0,"{""condition_id"":""tau_128000"",""evaluation"":""stationary"",""stage"":""c1-sensitivity""}",a5c02adbe48ed5ee84f4ce8296410944cac16371cf65714dbb3f0b6d5aca5bba,tau_128000,tau,1768131089,2179967603,none,none,revision_C_base@f0684f8459a1,f0684f8459a1f1424f630778b2c606434d0bce08,27784880a3418d09b46f5afe2a7042757968dd5494a542fdab85e6a06fc60fb2,c1-sensitivity_20260826_073133_703049_c676526b,c676526b916d560a4651031b0ad6002a640325534681ef2670109fbd500a6bef,evidence,revision_B_base,revision_B_base,5,200000.0,xlarge,45.0,80.0,5.0,0.5,1.0
10,42,dynamic_3step,0.5,0.8,128000.0,0.32197091783063236,7196.320711351233,0.32230804250484985,11.822193860415128,0.9154133309090496,14887,8799,8800,9036,9037,200008.19149140277,463.5541364753153,4279,"[[334289.4483734565,5724948.214511063],[334332.1757905636,5724948.902473748],[334361.4939326978,5725068.809352602],[334285.71484677034,5724925.270176675],[334326.0314329311,5725062.08709865]]",3c195b87f1445e5f24bb317d5a82c31328f4e3a706c1cec8193eed5382ff055c,ba05069733bfcc4545a123a4212bceb275e74c5fa201d380d7fe32b93e1f807c,none,stationary,matched_prior_exact,1,0,"{""condition_id"":""tau_128000"",""evaluation"":""stationary"",""stage"":""c1-sensitivity""}",a5c02adbe48ed5ee84f4ce8296410944cac16371cf65714dbb3f0b6d5aca5bba,tau_128000,tau,1768131089,2179967603,none,none,revision_C_base@f0684f8459a1,f0684f8459a1f1424f630778b2c606434d0bce08,27784880a3418d09b46f5afe2a7042757968dd5494a542fdab85e6a06fc60fb2,c1-sensitivity_20260826_073133_703049_c676526b,c676526b916d560a4651031b0ad6002a640325534681ef2670109fbd500a6bef,evidence,revision_B_base,revision_B_base,5,200000.0,xlarge,45.0,80.0,5.0,0.5,1.0
10,43,online_static_3step,0.0,0.8,10000.0,0.2523427261231369,7266.257453473907,0.25263047942914246,16.56613557084944,0.9396358918032973,10607,8785,8786,8785,8786,200017.74880268465,362.9794826277066,4130,"[[334267.462172355,5724996.610766233],[334370.39838088065,5725025.211850789],[334239.04111023084,5724989.036028044],[334280.0925910194,5724962.365647277],[334220.6670554358,5725046.075560594]]",5aae0438e1e54d69e9da0ba68887ca5e3f1f7a67ff645ed335b0fcf02051ca64,6ef4112d126ac758922e21336c7c2f4e6dde43610b9455a620eeed130441f3b4,none,stationary,matched_prior_exact,1,0,"{""condition_id"":""w_0"",""evaluation"":""stationary"",""stage"":""c1-sensitivity""}",80b02168b0975833d2c36bd6a41894c825064836584f37bc644dbaac89ab91cc,w_0,w,827907464,2624019846,none,none,revision_C_base@f0684f8459a1,f0684f8459a1f1424f630778b2c606434d0bce08,27784880a3418d09b46f5afe2a7042757968dd5494a542fdab85e6a06fc60fb2,c1-sensitivity_20260826_073133_703049_c676526b,c676526b916d560a4651031b0ad6002a640325534681ef2670109fbd500a6bef,evidence,revision_B_base,revision_B_base,5,200000.0,xlarge,45.0,80.0,5.0,0.5,1.0
10,43,dynamic_3step,0.0,0.8,10000.0,0.2523427261231369,7266.257453473907,0.25263047942914246,16.56613557084944,0.9396358918032973,10607,8785,8786,8785,8786,200017.74880268465,399.06463335547596,4130,"[[334267.462172355,5724996.610766233],[334370.39838088065,5725025.211850789],[334239.04111023084,5724989.036028044],[334280.0925910194,5724962.365647277],[334220.6670554358,5725046.075560594]]",5aae0438e1e54d69e9da0ba68887ca5e3f1f7a67ff645ed335b0fcf02051ca64,6ef4112d126ac758922e21336c7c2f4e6dde43610b9455a620eeed130441f3b4,none,stationary,matched_prior_exact,1,0,"{""condition_id"":""w_0"",""evaluation"":""stationary"",""stage"":""c1-sensitivity""}",80b02168b0975833d2c36bd6a41894c825064836584f37bc644dbaac89ab91cc,w_0,w,827907464,2624019846,none,none,revision_C_base@f0684f8459a1,f0684f8459a1f1424f630778b2c606434d0bce08,27784880a3418d09b46f5afe2a7042757968dd5494a542fdab85e6a06fc60fb2,c1-sensitivity_20260826_073133_703049_c676526b,c676526b916d560a4651031b0ad6002a640325534681ef2670109fbd500a6bef,evidence,revision_B_base,revision_B_base,5,200000.0,xlarge,45.0,80.0,5.0,0.5,1.0
10,43,online_static_3step,0.25,0.8,10000.0,0.21459188902201992,7489.987038144537,0.21490105525570982,23.122522061644712,0.9567521225697614,7819,9039,9040,9039,9040,200014.2229764054,397.68840527604334,4058,"[[334267.462172355,5724996.610766233],[334370.39838088065,5725025.211850789],[334239.04111023084,5724989.036028044],[334280.0925910194,5724962.365647277],[334220.6670554358,5725046.075560594]]",5aae0438e1e54d69e9da0ba68887ca5e3f1f7a67ff645ed335b0fcf02051ca64,bd161e6edf2546fff7e57e90e5ae363fe0893f11d0e1130e399d51a004f803a3,none,stationary,matched_prior_exact,1,0,"{""condition_id"":""w_025"",""evaluation"":""stationary"",""stage"":""c1-sensitivity""}",d3fe2ac77d42fbc7de79e9a302672c1a34fb85db107cd698d5b9495b5ed73325,w_025,w,2350155350,1712672173,none,none,revision_C_base@f0684f8459a1,f0684f8459a1f1424f630778b2c606434d0bce08,27784880a3418d09b46f5afe2a7042757968dd5494a542fdab85e6a06fc60fb2,c1-sensitivity_20260826_073133_703049_c676526b,c676526b916d560a4651031b0ad6002a640325534681ef2670109fbd500a6bef,evidence,revision_B_base,revision_B_base,5,200000.0,xlarge,45.0,80.0,5.0,0.5,1.0
10,43,dynamic_3step,0.25,0.8,10000.0,0.31218361931786875,7183.574116450008,0.3124262408666195,13.63752036620374,0.9266728867750634,12889,8788,8789,9039,9040,200006.65298754632,460.6241291395854,4223,"[[334267.462172355,5724996.610766233],[334370.39838088065,5725025.211850789],[334239.04111023084,5724989.036028044],[334280.0925910194,5724962.365647277],[334220.6670554358,5725046.075560594]]",5aae0438e1e54d69e9da0ba68887ca5e3f1f7a67ff645ed335b0fcf02051ca64,22d84368822dc0b2e3b9c485173e3bbcfaa02c61fd07f47ccc17335d8e83a351,none,stationary,matched_prior_exact,1,0,"{""condition_id"":""w_025"",""evaluation"":""stationary"",""stage"":""c1-sensitivity""}",d3fe2ac77d42fbc7de79e9a302672c1a34fb85db107cd698d5b9495b5ed73325,w_025,w,2350155350,1712672173,none,none,revision_C_base@f0684f8459a1,f0684f8459a1f1424f630778b2c606434d0bce08,27784880a3418d09b46f5afe2a7042757968dd5494a542fdab85e6a06fc60fb2,c1-sensitivity_20260826_073133_703049_c676526b,c676526b916d560a4651031b0ad6002a640325534681ef2670109fbd500a6bef,evidence,revision_B_base,revision_B_base,5,200000.0,xlarge,45.0,80.0,5.0,0.5,1.0
10,43,online_static_3step,0.5,0.8,10000.0,0.12256789769021881,7779.381705488333,0.12263950868522121,84.52169673330083,0.9881687183451204,2051,8667,8668,8740,8741,200014.56862358726,313.920784563059,3307,"[[334267.462172355,5724996.610766233],[334370.39838088065,5725025.211850789],[334239.04111023084,5724989.036028044],[334280.0925910194,5724962.365647277],[334220.6670554358,5725046.075560594]]",5aae0438e1e54d69e9da0ba68887ca5e3f1f7a67ff645ed335b0fcf02051ca64,0e188867ee646ea526a93387555e13f90bf1d9fc1b12027463e20214f2b9d8b4,none,stationary,matched_prior_exact,1,0,"{""condition_id"":""nominal"",""evaluation"":""stationary"",""stage"":""c1-sensitivity""}",33661ab33ce355b68312ce72c8f28ade62ec8305f639d3c5c5420d991c48f0d2,nominal,nominal,2191157752,3899145883,none,none,revision_C_base@f0684f8459a1,f0684f8459a1f1424f630778b2c606434d0bce08,27784880a3418d09b46f5afe2a7042757968dd5494a542fdab85e6a06fc60fb2,c1-sensitivity_20260826_073133_703049_c676526b,c676526b916d560a4651031b0ad6002a640325534681ef2670109fbd500a6bef,evidence,revision_B_base,revision_B_base,5,200000.0,xlarge,45.0,80.0,5.0,0.5,1.0
10,43,dynamic_3step,0.5,0.8,10000.0,0.24981510689727904,7185.833709378328,0.24994062357686242,19.967561393489433,0.9499187717371408,8755,8740,8741,8740,8741,200024.22071581153,457.5769239717629,4241,"[[334267.462172355,5724996.610766233],[334370.39838088065,5725025.211850789],[334239.04111023084,5724989.036028044],[334280.0925910194,5724962.365647277],[334220.6670554358,5725046.075560594]]",5aae0438e1e54d69e9da0ba68887ca5e3f1f7a67ff645ed335b0fcf02051ca64,8d85d0e7e4973513eb3c8146c35770b6be12cf4ad59224a612166fb6a80126f0,none,stationary,matched_prior_exact,1,0,"{""condition_id"":""nominal"",""evaluation"":""stationary"",""stage"":""c1-sensitivity""}",33661ab33ce355b68312ce72c8f28ade62ec8305f639d3c5c5420d991c48f0d2,nominal,nominal,2191157752,3899145883,none,none,revision_C_base@f0684f8459a1,f0684f8459a1f1424f630778b2c606434d0bce08,27784880a3418d09b46f5afe2a7042757968dd5494a542fdab85e6a06fc60fb2,c1-sensitivity_20260826_073133_703049_c676526b,c676526b916d560a4651031b0ad6002a640325534681ef2670109fbd500a6bef,evidence,revision_B_base,revision_B_base,5,200000.0,xlarge,45.0,80.0,5.0,0.5,1.0
10,43,online_static_3step,0.75,0.8,10000.0,0.10550548890141878,8086.27550980921,0.1056092089050276,110.85192069392812,0.9909789564877176,1614,8945,8946,8945,8946,200000.97235152483,463.1263353496324,4865,"[[334267.462172355,5724996.610766233],[334370.39838088065,5725025.211850789],[334239.04111023084,5724989.036028044],[334280.0925910194,5724962.365647277],[334220.6670554358,5725046.075560594]]",5aae0438e1e54d69e9da0ba68887ca5e3f1f7a67ff645ed335b0fcf02051ca64,f4d04543879a36ac0773b63d0d36d5e37fd6eaccfa85df25abd35f76a11bb781,none,stationary,matched_prior_exact,1,0,"{""condition_id"":""w_075"",""evaluation"":""stationary"",""stage"":""c1-sensitivity""}",dd16bccb6fb666ed0827b0b565b90295f086cf20694f1dd0b5c1942221a74648,w_075,w,3102240770,3921068877,none,none,revision_C_base@f0684f8459a1,f0684f8459a1f1424f630778b2c606434d0bce08,27784880a3418d09b46f5afe2a7042757968dd5494a542fdab85e6a06fc60fb2,c1-sensitivity_20260826_073133_703049_c676526b,c676526b916d560a4651031b0ad6002a640325534681ef2670109fbd500a6bef,evidence,revision_B_base,revision_B_base,5,200000.0,xlarge,45.0,80.0,5.0,0.5,1.0
10,43,dynamic_3step,0.75,0.8,10000.0,0.2782444806175415,7248.361991503729,0.2784303155829225,15.733333333333333,0.9364406779661016,11115,8743,8744,8945,8946,200003.27989755262,442.73309070407413,4202,"[[334267.462172355,5724996.610766233],[334370.39838088065,5725025.211850789],[334239.04111023084,5724989.036028044],[334280.0925910194,5724962.365647277],[334220.6670554358,5725046.075560594]]",5aae0438e1e54d69e9da0ba68887ca5e3f1f7a67ff645ed335b0fcf02051ca64,8e9218d4977ee5d313beb421d67c4a478e4664bdf1b8a97be301f5679acc67cf,none,stationary,matched_prior_exact,1,0,"{""condition_id"":""w_075"",""evaluation"":""stationary"",""stage"":""c1-sensitivity""}",dd16bccb6fb666ed0827b0b565b90295f086cf20694f1dd0b5c1942221a74648,w_075,w,3102240770,3921068877,none,none,revision_C_base@f0684f8459a1,f0684f8459a1f1424f630778b2c606434d0bce08,27784880a3418d09b46f5afe2a7042757968dd5494a542fdab85e6a06fc60fb2,c1-sensitivity_20260826_073133_703049_c676526b,c676526b916d560a4651031b0ad6002a640325534681ef2670109fbd500a6bef,evidence,revision_B_base,revision_B_base,5,200000.0,xlarge,45.0,80.0,5.0,0.5,1.0
10,43,online_static_3step,1.0,0.8,10000.0,0.0038140243600140976,8927.033832783189,0.0038141651636254483,1991.3111111111111,0.9994978182995011,90,8960,8961,8960,8961,200018.2594224233,471.74578294646926,4968,"[[334267.462172355,5724996.610766233],[334370.39838088065,5725025.211850789],[334239.04111023084,5724989.036028044],[334280.0925910194,5724962.365647277],[334220.6670554358,5725046.075560594]]",5aae0438e1e54d69e9da0ba68887ca5e3f1f7a67ff645ed335b0fcf02051ca64,373db7f3d2e25037d6afadbd75d10fbfae2e4cf202601ec443b20027db6cf5e5,none,stationary,matched_prior_exact,1,0,"{""condition_id"":""w_1"",""evaluation"":""stationary"",""stage"":""c1-sensitivity""}",a7560dbaa977cea1795a4b0bd3ba265a0712530b452662170ae9efd74531b738,w_1,w,395623073,1036394972,none,none,revision_C_base@f0684f8459a1,f0684f8459a1f1424f630778b2c606434d0bce08,27784880a3418d09b46f5afe2a7042757968dd5494a542fdab85e6a06fc60fb2,c1-sensitivity_20260826_073133_703049_c676526b,c676526b916d560a4651031b0ad6002a640325534681ef2670109fbd500a6bef,evidence,revision_B_base,revision_B_base,5,200000.0,xlarge,45.0,80.0,5.0,0.5,1.0
10,43,dynamic_3step,1.0,0.8,10000.0,0.2931553621664855,7176.855686250083,0.2933675932976403,13.968535377735186,0.9284105331763037,12522,8745,8746,8960,8961,200004.11883166176,455.72098575741984,4192,"[[334267.462172355,5724996.610766233],[334370.39838088065,5725025.211850789],[334239.04111023084,5724989.036028044],[334280.0925910194,5724962.365647277],[334220.6670554358,5725046.075560594]]",5aae0438e1e54d69e9da0ba68887ca5e3f1f7a67ff645ed335b0fcf02051ca64,c4062589f488e068953bd893369b5239c8509e3aa9689cf08076fdc1c94cc38f,none,stationary,matched_prior_exact,1,0,"{""condition_id"":""w_1"",""evaluation"":""stationary"",""stage"":""c1-sensitivity""}",a7560dbaa977cea1795a4b0bd3ba265a0712530b452662170ae9efd74531b738,w_1,w,395623073,1036394972,none,none,revision_C_base@f0684f8459a1,f0684f8459a1f1424f630778b2c606434d0bce08,27784880a3418d09b46f5afe2a7042757968dd5494a542fdab85e6a06fc60fb2,c1-sensitivity_20260826_073133_703049_c676526b,c676526b916d560a4651031b0ad6002a640325534681ef2670109fbd500a6bef,evidence,revision_B_base,revision_B_base,5,200000.0,xlarge,45.0,80.0,5.0,0.5,1.0
10,43,online_static_3step,0.5,0.6,10000.0,0.12210171016746826,7761.184695306615,0.12263950868522121,84.52169673330083,0.9881687183451204,2051,8667,8668,8715,8716,200014.56862358726,316.9107010110747,3307,"[[334267.462172355,5724996.610766233],[334370.39838088065,5725025.211850789],[334239.04111023084,5724989.036028044],[334280.0925910194,5724962.365647277],[334220.6670554358,5725046.075560594]]",5aae0438e1e54d69e9da0ba68887ca5e3f1f7a67ff645ed335b0fcf02051ca64,0e188867ee646ea526a93387555e13f90bf1d9fc1b12027463e20214f2b9d8b4,none,stationary,matched_prior_exact,1,0,"{""condition_id"":""pd_060"",""evaluation"":""stationary"",""stage"":""c1-sensitivity""}",8bcc633790e55489f4fbf2bd9b0dc37e28e3051e2872807588f965813e490d2b,pd_060,p_d,3620513222,1137905383,none,none,revision_C_base@f0684f8459a1,f0684f8459a1f1424f630778b2c606434d0bce08,27784880a3418d09b46f5afe2a7042757968dd5494a542fdab85e6a06fc60fb2,c1-sensitivity_20260826_073133_703049_c676526b,c676526b916d560a4651031b0ad6002a640325534681ef2670109fbd500a6bef,evidence,revision_B_base,revision_B_base,5,200000.0,xlarge,45.0,80.0,5.0,0.5,1.0
10,43,dynamic_3step,0.5,0.6,10000.0,0.27344453091118903,7078.064967849758,0.2745641300842086,15.355267794221282,0.9348757694492091,11352,8715,8716,8715,8716,200004.40063477866,443.34744407539256,4122,"[[334267.462172355,5724996.610766233],[334370.39838088065,5725025.211850789],[334239.04111023084,5724989.036028044],[334280.0925910194,5724962.365647277],[334220.6670554358,5725046.075560594]]",5aae0438e1e54d69e9da0ba68887ca5e3f1f7a67ff645ed335b0fcf02051ca64,a937b7b037006875375819c1c21e7037f9892ee3aec46ca48c4b46d4ebb3e0ac,none,stationary,matched_prior_exact,1,0,"{""condition_id"":""pd_060"",""evaluation"":""stationary"",""stage"":""c1-sensitivity""}",8bcc633790e55489f4fbf2bd9b0dc37e28e3051e2872807588f965813e490d2b,pd_060,p_d,3620513222,1137905383,none,none,revision_C_base@f0684f8459a1,f0684f8459a1f1424f630778b2c606434d0bce08,27784880a3418d09b46f5afe2a7042757968dd5494a542fdab85e6a06fc60fb2,c1-sensitivity_20260826_073133_703049_c676526b,c676526b916d560a4651031b0ad6002a640325534681ef2670109fbd500a6bef,evidence,revision_B_base,revision_B_base,5,200000.0,xlarge,45.0,80.0,5.0,0.5,1.0
10,43,online_static_3step,0.5,0.95,10000.0,0.12263607744461644,7792.859355491479,0.12263950868522121,84.52169673330083,0.9881687183451204,2051,8667,8668,8756,8757,200014.56862358726,314.6929271048866,3307,"[[334267.462172355,5724996.610766233],[334370.39838088065,5725025.211850789],[334239.04111023084,5724989.036028044],[334280.0925910194,5724962.365647277],[334220.6670554358,5725046.075560594]]",5aae0438e1e54d69e9da0ba68887ca5e3f1f7a67ff645ed335b0fcf02051ca64,0e188867ee646ea526a93387555e13f90bf1d9fc1b12027463e20214f2b9d8b4,none,stationary,matched_prior_exact,1,0,"{""condition_id"":""pd_095"",""evaluation"":""stationary"",""stage"":""c1-sensitivity""}",d6a45689f8c015d047506b0521b3bb8739ec6480e1dcbc30a7bddda4e459b8cc,pd_095,p_d,372662829,1323276471,none,none,revision_C_base@f0684f8459a1,f0684f8459a1f1424f630778b2c606434d0bce08,27784880a3418d09b46f5afe2a7042757968dd5494a542fdab85e6a06fc60fb2,c1-sensitivity_20260826_073133_703049_c676526b,c676526b916d560a4651031b0ad6002a640325534681ef2670109fbd500a6bef,evidence,revision_B_base,revision_B_base,5,200000.0,xlarge,45.0,80.0,5.0,0.5,1.0
10,43,dynamic_3step,0.5,0.95,10000.0,0.259870334812067,7154.090804617464,0.2598799922938669,17.268191678169988,0.9420900567565407,10142,8756,8757,8756,8757,200015.94085967384,440.64067321363837,4190,"[[334267.462172355,5724996.610766233],[334370.39838088065,5725025.211850789],[334239.04111023084,5724989.036028044],[334280.0925910194,5724962.365647277],[334220.6670554358,5725046.075560594]]",5aae0438e1e54d69e9da0ba68887ca5e3f1f7a67ff645ed335b0fcf02051ca64,5af4b2b053621010b8a434f8eca505c32dfec8e64518180c55983c37c8cc1f95,none,stationary,matched_prior_exact,1,0,"{""condition_id"":""pd_095"",""evaluation"":""stationary"",""stage"":""c1-sensitivity""}",d6a45689f8c015d047506b0521b3bb8739ec6480e1dcbc30a7bddda4e459b8cc,pd_095,p_d,372662829,1323276471,none,none,revision_C_base@f0684f8459a1,f0684f8459a1f1424f630778b2c606434d0bce08,27784880a3418d09b46f5afe2a7042757968dd5494a542fdab85e6a06fc60fb2,c1-sensitivity_20260826_073133_703049_c676526b,c676526b916d560a4651031b0ad6002a640325534681ef2670109fbd500a6bef,evidence,revision_B_base,revision_B_base,5,200000.0,xlarge,45.0,80.0,5.0,0.5,1.0
10,43,online_static_3step,0.5,0.8,2000.0,0.12256789769021881,7774.994544976478,0.12263950868522121,84.52169673330083,0.9881687183451204,2051,8667,8668,8735,8736,200014.56862358726,316.5549758847337,3307,"[[334267.462172355,5724996.610766233],[334370.39838088065,5725025.211850789],[334239.04111023084,5724989.036028044],[334280.0925910194,5724962.365647277],[334220.6670554358,5725046.075560594]]",5aae0438e1e54d69e9da0ba68887ca5e3f1f7a67ff645ed335b0fcf02051ca64,0e188867ee646ea526a93387555e13f90bf1d9fc1b12027463e20214f2b9d8b4,none,stationary,matched_prior_exact,1,0,"{""condition_id"":""tau_2000"",""evaluation"":""stationary"",""stage"":""c1-sensitivity""}",c6bec9d7ef8d6cc4c988a25905b1e25ac861fe33d4c60bda138851fd7ea3ac8b,tau_2000,tau,214706589,1737871194,none,none,revision_C_base@f0684f8459a1,f0684f8459a1f1424f630778b2c606434d0bce08,27784880a3418d09b46f5afe2a7042757968dd5494a542fdab85e6a06fc60fb2,c1-sensitivity_20260826_073133_703049_c676526b,c676526b916d560a4651031b0ad6002a640325534681ef2670109fbd500a6bef,evidence,revision_B_base,revision_B_base,5,200000.0,xlarge,45.0,80.0,5.0,0.5,1.0
10,43,dynamic_3step,0.5,0.8,2000.0,0.2659906517932502,7085.266594476513,0.266154048412672,17.11382113821138,0.9415676959619953,10209,8735,8736,8735,8736,200014.8515403438,447.6908059671987,4238,"[[334267.462172355,5724996.610766233],[334370.39838088065,5725025.211850789],[334239.04111023084,5724989.036028044],[334280.0925910194,5724962.365647277],[334220.6670554358,5725046.075560594]]",5aae0438e1e54d69e9da0ba68887ca5e3f1f7a67ff645ed335b0fcf02051ca64,4ae8c548d6b62141a7e2bff7ab0be9f667f2a2b3e1c40f9aa52c1ddd44f80b4c,none,stationary,matched_prior_exact,1,0,"{""condition_id"":""tau_2000"",""evaluation"":""stationary"",""stage"":""c1-sensitivity""}",c6bec9d7ef8d6cc4c988a25905b1e25ac861fe33d4c60bda138851fd7ea3ac8b,tau_2000,tau,214706589,1737871194,none,none,revision_C_base@f0684f8459a1,f0684f8459a1f1424f630778b2c606434d0bce08,27784880a3418d09b46f5afe2a7042757968dd5494a542fdab85e6a06fc60fb2,c1-sensitivity_20260826_073133_703049_c676526b,c676526b916d560a4651031b0ad6002a640325534681ef2670109fbd500a6bef,evidence,revision_B_base,revision_B_base,5,200000.0,xlarge,45.0,80.0,5.0,0.5,1.0
10,43,online_static_3step,0.5,0.8,32000.0,0.12256789769021881,7810.969261171288,0.12263950868522121,84.52169673330083,0.9881687183451204,2051,8667,8668,8776,8777,200014.56862358726,320.3578456866089,3307,"[[334267.462172355,5724996.610766233],[334370.39838088065,5725025.211850789],[334239.04111023084,5724989.036028044],[334280.0925910194,5724962.365647277],[334220.6670554358,5725046.075560594]]",5aae0438e1e54d69e9da0ba68887ca5e3f1f7a67ff645ed335b0fcf02051ca64,0e188867ee646ea526a93387555e13f90bf1d9fc1b12027463e20214f2b9d8b4,none,stationary,matched_prior_exact,1,0,"{""condition_id"":""tau_32000"",""evaluation"":""stationary"",""stage"":""c1-sensitivity""}",8a58528425303c8d4847dd0f657d9dd8b3e59f2d0adcd442e9348c96ebfaa71e,tau_32000,tau,1061735374,1998653534,none,none,revision_C_base@f0684f8459a1,f0684f8459a1f1424f630778b2c606434d0bce08,27784880a3418d09b46f5afe2a7042757968dd5494a542fdab85e6a06fc60fb2,c1-sensitivity_20260826_073133_703049_c676526b,c676526b916d560a4651031b0ad6002a640325534681ef2670109fbd500a6bef,evidence,revision_B_base,revision_B_base,5,200000.0,xlarge,45.0,80.0,5.0,0.5,1.0
10,43,dynamic_3step,0.5,0.8,32000.0,0.30679817683619354,7046.641299054659,0.30701643216263597,13.888440541182055,0.9279976756904567,12639,8776,8777,8776,8777,200006.76570877616,466.8304798051249,4277,"[[334267.462172355,5724996.610766233],[334370.39838088065,5725025.211850789],[334239.04111023084,5724989.036028044],[334280.0925910194,5724962.365647277],[334220.6670554358,5725046.075560594]]",5aae0438e1e54d69e9da0ba68887ca5e3f1f7a67ff645ed335b0fcf02051ca64,3cd751b884bfcafd6dc28f7c9bb91f4ea2470028ca62db504756ff01df1121e7,none,stationary,matched_prior_exact,1,0,"{""condition_id"":""tau_32000"",""evaluation"":""stationary"",""stage"":""c1-sensitivity""}",8a58528425303c8d4847dd0f657d9dd8b3e59f2d0adcd442e9348c96ebfaa71e,tau_32000,tau,1061735374,1998653534,none,none,revision_C_base@f0684f8459a1,f0684f8459a1f1424f630778b2c606434d0bce08,27784880a3418d09b46f5afe2a7042757968dd5494a542fdab85e6a06fc60fb2,c1-sensitivity_20260826_073133_703049_c676526b,c676526b916d560a4651031b0ad6002a640325534681ef2670109fbd500a6bef,evidence,revision_B_base,revision_B_base,5,200000.0,xlarge,45.0,80.0,5.0,0.5,1.0
10,43,online_static_3step,0.5,0.8,128000.0,0.12256789769021881,7792.543187022958,0.12263950868522121,84.52169673330083,0.9881687183451204,2051,8667,8668,8755,8756,200014.56862358726,323.5500438576564,3307,"[[334267.462172355,5724996.610766233],[334370.39838088065,5725025.211850789],[334239.04111023084,5724989.036028044],[334280.0925910194,5724962.365647277],[334220.6670554358,5725046.075560594]]",5aae0438e1e54d69e9da0ba68887ca5e3f1f7a67ff645ed335b0fcf02051ca64,0e188867ee646ea526a93387555e13f90bf1d9fc1b12027463e20214f2b9d8b4,none,stationary,matched_prior_exact,1,0,"{""condition_id"":""tau_128000"",""evaluation"":""stationary"",""stage"":""c1-sensitivity""}",a5c02adbe48ed5ee84f4ce8296410944cac16371cf65714dbb3f0b6d5aca5bba,tau_128000,tau,2535853435,3240523698,none,none,revision_C_base@f0684f8459a1,f0684f8459a1f1424f630778b2c606434d0bce08,27784880a3418d09b46f5afe2a7042757968dd5494a542fdab85e6a06fc60fb2,c1-sensitivity_20260826_073133_703049_c676526b,c676526b916d560a4651031b0ad6002a640325534681ef2670109fbd500a6bef,evidence,revision_B_base,revision_B_base,5,200000.0,xlarge,45.0,80.0,5.0,0.5,1.0
10,43,dynamic_3step,0.5,0.8,128000.0,0.2804940495778173,7056.800601336822,0.28067037294999214,15.684281236005374,0.9362418981811952,11165,8755,8756,8755,8756,200000.78586281123,446.8815447834786,4179,"[[334267.462172355,5724996.610766233],[334370.39838088065,5725025.211850789],[334239.04111023084,5724989.036028044],[334280.0925910194,5724962.365647277],[334220.6670554358,5725046.075560594]]",5aae0438e1e54d69e9da0ba68887ca5e3f1f7a67ff645ed335b0fcf02051ca64,3a95ecc41bdc2f1de5ece05a0cba1287a0aff0dac1182ab15e514d1d76d659e3,none,stationary,matched_prior_exact,1,0,"{""condition_id"":""tau_128000"",""evaluation"":""stationary"",""stage"":""c1-sensitivity""}",a5c02adbe48ed5ee84f4ce8296410944cac16371cf65714dbb3f0b6d5aca5bba,tau_128000,tau,2535853435,3240523698,none,none,revision_C_base@f0684f8459a1,f0684f8459a1f1424f630778b2c606434d0bce08,27784880a3418d09b46f5afe2a7042757968dd5494a542fdab85e6a06fc60fb2,c1-sensitivity_20260826_073133_703049_c676526b,c676526b916d560a4651031b0ad6002a640325534681ef2670109fbd500a6bef,evidence,revision_B_base,revision_B_base,5,200000.0,xlarge,45.0,80.0,5.0,0.5,1.0
10,44,online_static_3step,0.0,0.8,10000.0,0.2673068544188103,7199.614401246576,0.267581677567909,14.043512974051897,0.928792745672134,12525,8794,8795,8794,8795,200021.28034220033,378.0866178032011,4271,"[[334315.9840595574,5725049.084105466],[334197.8236000696,5725068.653909299],[334327.9832340155,5725092.6038039895],[334309.7195218816,5725063.384940596],[334245.0691957289,5724943.152220613]]",c7b98fa8a6fd7a67d10513d55076aade048023f35a0553cb06267d4f6ef018b5,050c342508cfcb8e57a032834a906ff994a6153b21c4915a6e972bca359e4003,none,stationary,matched_prior_exact,1,0,"{""condition_id"":""w_0"",""evaluation"":""stationary"",""stage"":""c1-sensitivity""}",80b02168b0975833d2c36bd6a41894c825064836584f37bc644dbaac89ab91cc,w_0,w,2829409989,3835045020,none,none,revision_C_base@f0684f8459a1,f0684f8459a1f1424f630778b2c606434d0bce08,27784880a3418d09b46f5afe2a7042757968dd5494a542fdab85e6a06fc60fb2,c1-sensitivity_20260826_073133_703049_c676526b,c676526b916d560a4651031b0ad6002a640325534681ef2670109fbd500a6bef,evidence,revision_B_base,revision_B_base,5,200000.0,xlarge,45.0,80.0,5.0,0.5,1.0
10,44,dynamic_3step,0.0,0.8,10000.0,0.2673068544188103,7199.614401246576,0.267581677567909,14.043512974051897,0.928792745672134,12525,8794,8795,8794,8795,200021.28034220033,417.0613024190534,4271,"[[334315.9840595574,5725049.084105466],[334197.8236000696,5725068.653909299],[334327.9832340155,5725092.6038039895],[334309.7195218816,5725063.384940596],[334245.0691957289,5724943.152220613]]",c7b98fa8a6fd7a67d10513d55076aade048023f35a0553cb06267d4f6ef018b5,050c342508cfcb8e57a032834a906ff994a6153b21c4915a6e972bca359e4003,none,stationary,matched_prior_exact,1,0,"{""condition_id"":""w_0"",""evaluation"":""stationary"",""stage"":""c1-sensitivity""}",80b02168b0975833d2c36bd6a41894c825064836584f37bc644dbaac89ab91cc,w_0,w,2829409989,3835045020,none,none,revision_C_base@f0684f8459a1,f0684f8459a1f1424f630778b2c606434d0bce08,27784880a3418d09b46f5afe2a7042757968dd5494a542fdab85e6a06fc60fb2,c1-sensitivity_20260826_073133_703049_c676526b,c676526b916d560a4651031b0ad6002a640325534681ef2670109fbd500a6bef,evidence,revision_B_base,revision_B_base,5,200000.0,xlarge,45.0,80.0,5.0,0.5,1.0
10,44,online_static_3step,0.25,0.8,10000.0,0.18911297353985876,7653.710464227561,0.18930052229804747,33.7391061452514,0.970360803404368,5370,9058,9059,9058,9059,200009.46707065438,464.06634092284366,4772,"[[334315.9840595574,5725049.084105466],[334197.8236000696,5725068.653909299],[334327.9832340155,5725092.6038039895],[334309.7195218816,5725063.384940596],[334245.0691957289,5724943.152220613]]",c7b98fa8a6fd7a67d10513d55076aade048023f35a0553cb06267d4f6ef018b5,0231c5b3367cbfea9f18a24c9b4bfe34f5ac72d3c468dcd5f8913279b9098c36,none,stationary,matched_prior_exact,1,0,"{""condition_id"":""w_025"",""evaluation"":""stationary"",""stage"":""c1-sensitivity""}",d3fe2ac77d42fbc7de79e9a302672c1a34fb85db107cd698d5b9495b5ed73325,w_025,w,4183173117,61453308,none,none,revision_C_base@f0684f8459a1,f0684f8459a1f1424f630778b2c606434d0bce08,27784880a3418d09b46f5afe2a7042757968dd5494a542fdab85e6a06fc60fb2,c1-sensitivity_20260826_073133_703049_c676526b,c676526b916d560a4651031b0ad6002a640325534681ef2670109fbd500a6bef,evidence,revision_B_base,revision_B_base,5,200000.0,xlarge,45.0,80.0,5.0,0.5,1.0
10,44,dynamic_3step,0.25,0.8,10000.0,0.29749057589207784,7313.984132987062,0.29773627495081456,14.520013231888852,0.9311295393447852,12092,8778,8779,9058,9059,200005.0436152521,461.40424340963364,4273,"[[334315.9840595574,5725049.084105466],[334197.8236000696,5725068.653909299],[334327.9832340155,5725092.6038039895],[334309.7195218816,5725063.384940596],[334245.0691957289,5724943.152220613]]",c7b98fa8a6fd7a67d10513d55076aade048023f35a0553cb06267d4f6ef018b5,e246ee20981f94ccba9a2d6f6fccda7b23cf8b9365eb81c5726e693a8879ffd6,none,stationary,matched_prior_exact,1,0,"{""condition_id"":""w_025"",""evaluation"":""stationary"",""stage"":""c1-sensitivity""}",d3fe2ac77d42fbc7de79e9a302672c1a34fb85db107cd698d5b9495b5ed73325,w_025,w,4183173117,61453308,none,none,revision_C_base@f0684f8459a1,f0684f8459a1f1424f630778b2c606434d0bce08,27784880a3418d09b46f5afe2a7042757968dd5494a542fdab85e6a06fc60fb2,c1-sensitivity_20260826_073133_703049_c676526b,c676526b916d560a4651031b0ad6002a640325534681ef2670109fbd500a6bef,evidence,revision_B_base,revision_B_base,5,200000.0,xlarge,45.0,80.0,5.0,0.5,1.0
10,44,online_static_3step,0.5,0.8,10000.0,0.12674251787261992,7896.983489790072,0.1268409909936899,83.92625645843118,0.9880847777298956,2129,8933,8934,8933,8934,200013.25957482753,389.90383878257126,4049,"[[334315.9840595574,5725049.084105466],[334197.8236000696,5725068.653909299],[334327.9832340155,5725092.6038039895],[334309.7195218816,5725063.384940596],[334245.0691957289,5724943.152220613]]",c7b98fa8a6fd7a67d10513d55076aade048023f35a0553cb06267d4f6ef018b5,83ecc71da33fbea1bf1a0ca5a84575720ebd4a5875630843872eb6a2bc2837e5,none,stationary,matched_prior_exact,1,0,"{""condition_id"":""nominal"",""evaluation"":""stationary"",""stage"":""c1-sensitivity""}",33661ab33ce355b68312ce72c8f28ade62ec8305f639d3c5c5420d991c48f0d2,nominal,nominal,2902923800,1621329141,none,none,revision_C_base@f0684f8459a1,f0684f8459a1f1424f630778b2c606434d0bce08,27784880a3418d09b46f5afe2a7042757968dd5494a542fdab85e6a06fc60fb2,c1-sensitivity_20260826_073133_703049_c676526b,c676526b916d560a4651031b0ad6002a640325534681ef2670109fbd500a6bef,evidence,revision_B_base,revision_B_base,5,200000.0,xlarge,45.0,80.0,5.0,0.5,1.0
10,44,dynamic_3step,0.5,0.8,10000.0,0.29417340695842653,7191.405879094817,0.29439622731991105,14.761262021258647,0.9322551148702709,11854,8748,8749,8933,8934,200012.5972585254,443.425596145913,4162,"[[334315.9840595574,5725049.084105466],[334197.8236000696,5725068.653909299],[334327.9832340155,5725092.6038039895],[334309.7195218816,5725063.384940596],[334245.0691957289,5724943.152220613]]",c7b98fa8a6fd7a67d10513d55076aade048023f35a0553cb06267d4f6ef018b5,4401ecc6be2ae525894c192b6f4cb189c33a98afe9b21efad626a1692ea19ba1,none,stationary,matched_prior_exact,1,0,"{""condition_id"":""nominal"",""evaluation"":""stationary"",""stage"":""c1-sensitivity""}",33661ab33ce355b68312ce72c8f28ade62ec8305f639d3c5c5420d991c48f0d2,nominal,nominal,2902923800,1621329141,none,none,revision_C_base@f0684f8459a1,f0684f8459a1f1424f630778b2c606434d0bce08,27784880a3418d09b46f5afe2a7042757968dd5494a542fdab85e6a06fc60fb2,c1-sensitivity_20260826_073133_703049_c676526b,c676526b916d560a4651031b0ad6002a640325534681ef2670109fbd500a6bef,evidence,revision_B_base,revision_B_base,5,200000.0,xlarge,45.0,80.0,5.0,0.5,1.0
10,44,online_static_3step,0.75,0.8,10000.0,0.10703881537798787,8257.352335994206,0.10708905034885313,108.7305854241338,0.9908029558003462,1674,9100,9101,9100,9101,200016.53623594402,520.2828034318518,5461,"[[334315.9840595574,5725049.084105466],[334197.8236000696,5725068.653909299],[334327.9832340155,5725092.6038039895],[334309.7195218816,5725063.384940596],[334245.0691957289,5724943.152220613]]",c7b98fa8a6fd7a67d10513d55076aade048023f35a0553cb06267d4f6ef018b5,c7517416f349240ebcb55bebc4733793054a79f21f6d2330a6d22426fa0e6a68,none,stationary,matched_prior_exact,1,0,"{""condition_id"":""w_075"",""evaluation"":""stationary"",""stage"":""c1-sensitivity""}",dd16bccb6fb666ed0827b0b565b90295f086cf20694f1dd0b5c1942221a74648,w_075,w,352425741,3270403369,none,none,revision_C_base@f0684f8459a1,f0684f8459a1f1424f630778b2c606434d0bce08,27784880a3418d09b46f5afe2a7042757968dd5494a542fdab85e6a06fc60fb2,c1-sensitivity_20260826_073133_703049_c676526b,c676526b916d560a4651031b0ad6002a640325534681ef2670109fbd500a6bef,evidence,revision_B_base,revision_B_base,5,200000.0,xlarge,45.0,80.0,5.0,0.5,1.0
10,44,dynamic_3step,0.75,0.8,10000.0,0.2751808205559342,7414.7130584308115,0.27534530946150393,17.538908945046128,0.9429839106221912,9972,8744,8745,9100,9101,200015.87386677496,452.22490217583254,4225,"[[334315.9840595574,5725049.084105466],[334197.8236000696,5725068.653909299],[334327.9832340155,5725092.6038039895],[334309.7195218816,5725063.384940596],[334245.0691957289,5724943.152220613]]",c7b98fa8a6fd7a67d10513d55076aade048023f35a0553cb06267d4f6ef018b5,e246d1201478b633af7c14c2e6338a0a23310476b866acae644c57bf5362975c,none,stationary,matched_prior_exact,1,0,"{""condition_id"":""w_075"",""evaluation"":""stationary"",""stage"":""c1-sensitivity""}",dd16bccb6fb666ed0827b0b565b90295f086cf20694f1dd0b5c1942221a74648,w_075,w,352425741,3270403369,none,none,revision_C_base@f0684f8459a1,f0684f8459a1f1424f630778b2c606434d0bce08,27784880a3418d09b46f5afe2a7042757968dd5494a542fdab85e6a06fc60fb2,c1-sensitivity_20260826_073133_703049_c676526b,c676526b916d560a4651031b0ad6002a640325534681ef2670109fbd500a6bef,evidence,revision_B_base,revision_B_base,5,200000.0,xlarge,45.0,80.0,5.0,0.5,1.0
10,44,online_static_3step,1.0,0.8,10000.0,0.003098233701781166,8765.919494575819,0.003104444727581693,2093.535714285714,0.9995223391733056,84,8792,8793,8792,8793,200022.95061845038,428.50752840936184,4598,"[[334315.9840595574,5725049.084105466],[334197.8236000696,5725068.653909299],[334327.9832340155,5725092.6038039895],[334309.7195218816,5725063.384940596],[334245.0691957289,5724943.152220613]]",c7b98fa8a6fd7a67d10513d55076aade048023f35a0553cb06267d4f6ef018b5,08559b91ce7574193eca03e854da67670020850eceac817afd7cf9b48c31fba3,none,stationary,matched_prior_exact,1,0,"{""condition_id"":""w_1"",""evaluation"":""stationary"",""stage"":""c1-sensitivity""}",a7560dbaa977cea1795a4b0bd3ba265a0712530b452662170ae9efd74531b738,w_1,w,569762887,2558649765,none,none,revision_C_base@f0684f8459a1,f0684f8459a1f1424f630778b2c606434d0bce08,27784880a3418d09b46f5afe2a7042757968dd5494a542fdab85e6a06fc60fb2,c1-sensitivity_20260826_073133_703049_c676526b,c676526b916d560a4651031b0ad6002a640325534681ef2670109fbd500a6bef,evidence,revision_B_base,revision_B_base,5,200000.0,xlarge,45.0,80.0,5.0,0.5,1.0
10,44,dynamic_3step,1.0,0.8,10000.0,0.2788753065325498,7156.094297705891,0.27905148309847433,16.617330923618375,0.9398218640167604,10513,8734,8735,8792,8793,200016.76157231705,443.91488511371426,4155,"[[334315.9840595574,5725049.084105466],[334197.8236000696,5725068.653909299],[334327.9832340155,5725092.6038039895],[334309.7195218816,5725063.384940596],[334245.0691957289,5724943.152220613]]",c7b98fa8a6fd7a67d10513d55076aade048023f35a0553cb06267d4f6ef018b5,6218b29258e0d4fe3c0bf51b0dd3647783505be0f246907111b9414004a945d4,none,stationary,matched_prior_exact,1,0,"{""condition_id"":""w_1"",""evaluation"":""stationary"",""stage"":""c1-sensitivity""}",a7560dbaa977cea1795a4b0bd3ba265a0712530b452662170ae9efd74531b738,w_1,w,569762887,2558649765,none,none,revision_C_base@f0684f8459a1,f0684f8459a1f1424f630778b2c606434d0bce08,27784880a3418d09b46f5afe2a7042757968dd5494a542fdab85e6a06fc60fb2,c1-sensitivity_20260826_073133_703049_c676526b,c676526b916d560a4651031b0ad6002a640325534681ef2670109fbd500a6bef,evidence,revision_B_base,revision_B_base,5,200000.0,xlarge,45.0,80.0,5.0,0.5,1.0
10,44,online_static_3step,0.5,0.6,10000.0,0.12621587820065192,7901.353098223733,0.1268409909936899,83.92625645843118,0.9880847777298956,2129,8933,8934,8933,8934,200013.25957482753,388.30901822494343,4049,"[[334315.9840595574,5725049.084105466],[334197.8236000696,5725068.653909299],[334327.9832340155,5725092.6038039895],[334309.7195218816,5725063.384940596],[334245.0691957289,5724943.152220613]]",c7b98fa8a6fd7a67d10513d55076aade048023f35a0553cb06267d4f6ef018b5,83ecc71da33fbea1bf1a0ca5a84575720ebd4a5875630843872eb6a2bc2837e5,none,stationary,matched_prior_exact,1,0,"{""condition_id"":""pd_060"",""evaluation"":""stationary"",""stage"":""c1-sensitivity""}",8bcc633790e55489f4fbf2bd9b0dc37e28e3051e2872807588f965813e490d2b,pd_060,p_d,1227004857,254586070,none,none,revision_C_base@f0684f8459a1,f0684f8459a1f1424f630778b2c606434d0bce08,27784880a3418d09b46f5afe2a7042757968dd5494a542fdab85e6a06fc60fb2,c1-sensitivity_20260826_073133_703049_c676526b,c676526b916d560a4651031b0ad6002a640325534681ef2670109fbd500a6bef,evidence,revision_B_base,revision_B_base,5,200000.0,xlarge,45.0,80.0,5.0,0.5,1.0
10,44,dynamic_3step,0.5,0.6,10000.0,0.2804994318617531,7209.178595428506,0.2818009407618292,14.387802261285797,0.9304966817141513,12117,8716,8717,8933,8934,200012.04012750072,447.1190411520656,4126,"[[334315.9840595574,5725049.084105466],[334197.8236000696,5725068.653909299],[334327.9832340155,5725092.6038039895],[334309.7195218816,5725063.384940596],[334245.0691957289,5724943.152220613]]",c7b98fa8a6fd7a67d10513d55076aade048023f35a0553cb06267d4f6ef018b5,e46ec9bbfe5618f3ea6319a971675dfe4928ed38c2a0d32c60159127f75cc945,none,stationary,matched_prior_exact,1,0,"{""condition_id"":""pd_060"",""evaluation"":""stationary"",""stage"":""c1-sensitivity""}",8bcc633790e55489f4fbf2bd9b0dc37e28e3051e2872807588f965813e490d2b,pd_060,p_d,1227004857,254586070,none,none,revision_C_base@f0684f8459a1,f0684f8459a1f1424f630778b2c606434d0bce08,27784880a3418d09b46f5afe2a7042757968dd5494a542fdab85e6a06fc60fb2,c1-sensitivity_20260826_073133_703049_c676526b,c676526b916d560a4651031b0ad6002a640325534681ef2670109fbd500a6bef,evidence,revision_B_base,revision_B_base,5,200000.0,xlarge,45.0,80.0,5.0,0.5,1.0
10,44,online_static_3step,0.5,0.95,10000.0,0.1268347509906006,7896.204728234032,0.1268409909936899,83.92625645843118,0.9880847777298956,2129,8933,8934,8933,8934,200013.25957482753,391.1211041933857,4049,"[[334315.9840595574,5725049.084105466],[334197.8236000696,5725068.653909299],[334327.9832340155,5725092.6038039895],[334309.7195218816,5725063.384940596],[334245.0691957289,5724943.152220613]]",c7b98fa8a6fd7a67d10513d55076aade048023f35a0553cb06267d4f6ef018b5,83ecc71da33fbea1bf1a0ca5a84575720ebd4a5875630843872eb6a2bc2837e5,none,stationary,matched_prior_exact,1,0,"{""condition_id"":""pd_095"",""evaluation"":""stationary"",""stage"":""c1-sensitivity""}",d6a45689f8c015d047506b0521b3bb8739ec6480e1dcbc30a7bddda4e459b8cc,pd_095,p_d,2977335336,2083999470,none,none,revision_C_base@f0684f8459a1,f0684f8459a1f1424f630778b2c606434d0bce08,27784880a3418d09b46f5afe2a7042757968dd5494a542fdab85e6a06fc60fb2,c1-sensitivity_20260826_073133_703049_c676526b,c676526b916d560a4651031b0ad6002a640325534681ef2670109fbd500a6bef,evidence,revision_B_base,revision_B_base,5,200000.0,xlarge,45.0,80.0,5.0,0.5,1.0
10,44,dynamic_3step,0.5,0.95,10000.0,0.2871893250724211,7242.981862363112,0.28720534635300116,13.22737556561086,0.9243992132044813,13260,8769,8770,8933,8934,200021.0863176331,456.1081246677786,4227,"[[334315.9840595574,5725049.084105466],[334197.8236000696,5725068.653909299],[334327.9832340155,5725092.6038039895],[334309.7195218816,5725063.384940596],[334245.0691957289,5724943.152220613]]",c7b98fa8a6fd7a67d10513d55076aade048023f35a0553cb06267d4f6ef018b5,d3fe705925e6ff2eea9e5347cee1d8600733c166d0e775c78c32466f3f6b4727,none,stationary,matched_prior_exact,1,0,"{""condition_id"":""pd_095"",""evaluation"":""stationary"",""stage"":""c1-sensitivity""}",d6a45689f8c015d047506b0521b3bb8739ec6480e1dcbc30a7bddda4e459b8cc,pd_095,p_d,2977335336,2083999470,none,none,revision_C_base@f0684f8459a1,f0684f8459a1f1424f630778b2c606434d0bce08,27784880a3418d09b46f5afe2a7042757968dd5494a542fdab85e6a06fc60fb2,c1-sensitivity_20260826_073133_703049_c676526b,c676526b916d560a4651031b0ad6002a640325534681ef2670109fbd500a6bef,evidence,revision_B_base,revision_B_base,5,200000.0,xlarge,45.0,80.0,5.0,0.5,1.0
10,44,online_static_3step,0.5,0.8,2000.0,0.12674251787261992,7896.983489790072,0.1268409909936899,83.92625645843118,0.9880847777298956,2129,8933,8934,8933,8934,200013.25957482753,387.65838148933835,4049,"[[334315.9840595574,5725049.084105466],[334197.8236000696,5725068.653909299],[334327.9832340155,5725092.6038039895],[334309.7195218816,5725063.384940596],[334245.0691957289,5724943.152220613]]",c7b98fa8a6fd7a67d10513d55076aade048023f35a0553cb06267d4f6ef018b5,83ecc71da33fbea1bf1a0ca5a84575720ebd4a5875630843872eb6a2bc2837e5,none,stationary,matched_prior_exact,1,0,"{""condition_id"":""tau_2000"",""evaluation"":""stationary"",""stage"":""c1-sensitivity""}",c6bec9d7ef8d6cc4c988a25905b1e25ac861fe33d4c60bda138851fd7ea3ac8b,tau_2000,tau,3498110322,4206605224,none,none,revision_C_base@f0684f8459a1,f0684f8459a1f1424f630778b2c606434d0bce08,27784880a3418d09b46f5afe2a7042757968dd5494a542fdab85e6a06fc60fb2,c1-sensitivity_20260826_073133_703049_c676526b,c676526b916d560a4651031b0ad6002a640325534681ef2670109fbd500a6bef,evidence,revision_B_base,revision_B_base,5,200000.0,xlarge,45.0,80.0,5.0,0.5,1.0
10,44,dynamic_3step,0.5,0.8,2000.0,0.26874747857009096,7283.937033732583,0.2689396500622505,16.23206007787873,0.9383935252086201,10786,8753,8754,8933,8934,200012.12143085556,454.3848385163583,4243,"[[334315.9840595574,5725049.084105466],[334197.8236000696,5725068.653909299],[334327.9832340155,5725092.6038039895],[334309.7195218816,5725063.384940596],[334245.0691957289,5724943.152220613]]",c7b98fa8a6fd7a67d10513d55076aade048023f35a0553cb06267d4f6ef018b5,80ce4017b33ebc37ea947f98c90a3dd52801cbcb8edde8d8c5e1e35d352263db,none,stationary,matched_prior_exact,1,0,"{""condition_id"":""tau_2000"",""evaluation"":""stationary"",""stage"":""c1-sensitivity""}",c6bec9d7ef8d6cc4c988a25905b1e25ac861fe33d4c60bda138851fd7ea3ac8b,tau_2000,tau,3498110322,4206605224,none,none,revision_C_base@f0684f8459a1,f0684f8459a1f1424f630778b2c606434d0bce08,27784880a3418d09b46f5afe2a7042757968dd5494a542fdab85e6a06fc60fb2,c1-sensitivity_20260826_073133_703049_c676526b,c676526b916d560a4651031b0ad6002a640325534681ef2670109fbd500a6bef,evidence,revision_B_base,revision_B_base,5,200000.0,xlarge,45.0,80.0,5.0,0.5,1.0
10,44,online_static_3step,0.5,0.8,32000.0,0.12674251787261992,7896.983489790072,0.1268409909936899,83.92625645843118,0.9880847777298956,2129,8933,8934,8933,8934,200013.25957482753,392.43995053786784,4049,"[[334315.9840595574,5725049.084105466],[334197.8236000696,5725068.653909299],[334327.9832340155,5725092.6038039895],[334309.7195218816,5725063.384940596],[334245.0691957289,5724943.152220613]]",c7b98fa8a6fd7a67d10513d55076aade048023f35a0553cb06267d4f6ef018b5,83ecc71da33fbea1bf1a0ca5a84575720ebd4a5875630843872eb6a2bc2837e5,none,stationary,matched_prior_exact,1,0,"{""condition_id"":""tau_32000"",""evaluation"":""stationary"",""stage"":""c1-sensitivity""}",8a58528425303c8d4847dd0f657d9dd8b3e59f2d0adcd442e9348c96ebfaa71e,tau_32000,tau,583565270,963328570,none,none,revision_C_base@f0684f8459a1,f0684f8459a1f1424f630778b2c606434d0bce08,27784880a3418d09b46f5afe2a7042757968dd5494a542fdab85e6a06fc60fb2,c1-sensitivity_20260826_073133_703049_c676526b,c676526b916d560a4651031b0ad6002a640325534681ef2670109fbd500a6bef,evidence,revision_B_base,revision_B_base,5,200000.0,xlarge,45.0,80.0,5.0,0.5,1.0
10,44,dynamic_3step,0.5,0.8,32000.0,0.2814423382317421,7211.884416234533,0.28163039311489596,14.947417760354526,0.933098812381338,11734,8769,8770,8933,8934,200006.3507878381,470.6100914692506,4354,"[[334315.9840595574,5725049.084105466],[334197.8236000696,5725068.653909299],[334327.9832340155,5725092.6038039895],[334309.7195218816,5725063.384940596],[334245.0691957289,5724943.152220613]]",c7b98fa8a6fd7a67d10513d55076aade048023f35a0553cb06267d4f6ef018b5,8f0b0b5ea6c33ac01176eec26be075dd7b9f0414876d6fa34eb57954f123dd0d,none,stationary,matched_prior_exact,1,0,"{""condition_id"":""tau_32000"",""evaluation"":""stationary"",""stage"":""c1-sensitivity""}",8a58528425303c8d4847dd0f657d9dd8b3e59f2d0adcd442e9348c96ebfaa71e,tau_32000,tau,583565270,963328570,none,none,revision_C_base@f0684f8459a1,f0684f8459a1f1424f630778b2c606434d0bce08,27784880a3418d09b46f5afe2a7042757968dd5494a542fdab85e6a06fc60fb2,c1-sensitivity_20260826_073133_703049_c676526b,c676526b916d560a4651031b0ad6002a640325534681ef2670109fbd500a6bef,evidence,revision_B_base,revision_B_base,5,200000.0,xlarge,45.0,80.0,5.0,0.5,1.0
10,44,online_static_3step,0.5,0.8,128000.0,0.12674251787261992,7896.983489790072,0.1268409909936899,83.92625645843118,0.9880847777298956,2129,8933,8934,8933,8934,200013.25957482753,393.5909084249288,4049,"[[334315.9840595574,5725049.084105466],[334197.8236000696,5725068.653909299],[334327.9832340155,5725092.6038039895],[334309.7195218816,5725063.384940596],[334245.0691957289,5724943.152220613]]",c7b98fa8a6fd7a67d10513d55076aade048023f35a0553cb06267d4f6ef018b5,83ecc71da33fbea1bf1a0ca5a84575720ebd4a5875630843872eb6a2bc2837e5,none,stationary,matched_prior_exact,1,0,"{""condition_id"":""tau_128000"",""evaluation"":""stationary"",""stage"":""c1-sensitivity""}",a5c02adbe48ed5ee84f4ce8296410944cac16371cf65714dbb3f0b6d5aca5bba,tau_128000,tau,816642262,606017862,none,none,revision_C_base@f0684f8459a1,f0684f8459a1f1424f630778b2c606434d0bce08,27784880a3418d09b46f5afe2a7042757968dd5494a542fdab85e6a06fc60fb2,c1-sensitivity_20260826_073133_703049_c676526b,c676526b916d560a4651031b0ad6002a640325534681ef2670109fbd500a6bef,evidence,revision_B_base,revision_B_base,5,200000.0,xlarge,45.0,80.0,5.0,0.5,1.0
10,44,dynamic_3step,0.5,0.8,128000.0,0.31178522652365404,7132.5403492399155,0.3120479639903804,13.501848144155245,0.925936065246528,12986,8766,8767,8933,8934,200002.64712335911,457.89211830031127,4277,"[[334315.9840595574,5725049.084105466],[334197.8236000696,5725068.653909299],[334327.9832340155,5725092.6038039895],[334309.7195218816,5725063.384940596],[334245.0691957289,5724943.152220613]]",c7b98fa8a6fd7a67d10513d55076aade048023f35a0553cb06267d4f6ef018b5,55d1332246cc6514cec6d06d088e2cd9a3ebd5bcf18a70268ca80b8f70a993e4,none,stationary,matched_prior_exact,1,0,"{""condition_id"":""tau_128000"",""evaluation"":""stationary"",""stage"":""c1-sensitivity""}",a5c02adbe48ed5ee84f4ce8296410944cac16371cf65714dbb3f0b6d5aca5bba,tau_128000,tau,816642262,606017862,none,none,revision_C_base@f0684f8459a1,f0684f8459a1f1424f630778b2c606434d0bce08,27784880a3418d09b46f5afe2a7042757968dd5494a542fdab85e6a06fc60fb2,c1-sensitivity_20260826_073133_703049_c676526b,c676526b916d560a4651031b0ad6002a640325534681ef2670109fbd500a6bef,evidence,revision_B_base,revision_B_base,5,200000.0,xlarge,45.0,80.0,5.0,0.5,1.0
10,45,online_static_3step,0.0,0.8,10000.0,0.2738494938937409,7136.546625677248,0.2741584777400586,14.195769758617907,0.9295564793594285,12387,8791,8792,8791,8792,200006.74693657144,387.63934478280134,4328,"[[334214.3573079379,5724981.472488245],[334287.2319513471,5724923.950527903],[334191.4163765472,5725008.043513834],[334301.54773942236,5724939.80748086],[334210.7322952044,5725058.230726799]]",8a7e98c8245c80a6f01e0226d2d2656885f2cb7610bee2dc775b06c99ab4ad79,1bd66f493c25cd28b774eb2a88dad17c4de98fc30383338388cbc67256e2dbea,none,stationary,matched_prior_exact,1,0,"{""condition_id"":""w_0"",""evaluation"":""stationary"",""stage"":""c1-sensitivity""}",80b02168b0975833d2c36bd6a41894c825064836584f37bc644dbaac89ab91cc,w_0,w,3888051114,3371539434,none,none,revision_C_base@f0684f8459a1,f0684f8459a1f1424f630778b2c606434d0bce08,27784880a3418d09b46f5afe2a7042757968dd5494a542fdab85e6a06fc60fb2,c1-sensitivity_20260826_073133_703049_c676526b,c676526b916d560a4651031b0ad6002a640325534681ef2670109fbd500a6bef,evidence,revision_B_base,revision_B_base,5,200000.0,xlarge,45.0,80.0,5.0,0.5,1.0
10,45,dynamic_3step,0.0,0.8,10000.0,0.2738494938937409,7136.546625677248,0.2741584777400586,14.195769758617907,0.9295564793594285,12387,8791,8792,8791,8792,200006.74693657144,422.4104632730596,4328,"[[334214.3573079379,5724981.472488245],[334287.2319513471,5724923.950527903],[334191.4163765472,5725008.043513834],[334301.54773942236,5724939.80748086],[334210.7322952044,5725058.230726799]]",8a7e98c8245c80a6f01e0226d2d2656885f2cb7610bee2dc775b06c99ab4ad79,1bd66f493c25cd28b774eb2a88dad17c4de98fc30383338388cbc67256e2dbea,none,stationary,matched_prior_exact,1,0,"{""condition_id"":""w_0"",""evaluation"":""stationary"",""stage"":""c1-sensitivity""}",80b02168b0975833d2c36bd6a41894c825064836584f37bc644dbaac89ab91cc,w_0,w,3888051114,3371539434,none,none,revision_C_base@f0684f8459a1,f0684f8459a1f1424f630778b2c606434d0bce08,27784880a3418d09b46f5afe2a7042757968dd5494a542fdab85e6a06fc60fb2,c1-sensitivity_20260826_073133_703049_c676526b,c676526b916d560a4651031b0ad6002a640325534681ef2670109fbd500a6bef,evidence,revision_B_base,revision_B_base,5,200000.0,xlarge,45.0,80.0,5.0,0.5,1.0
10,45,online_static_3step,0.25,0.8,10000.0,0.14782122556013602,7600.382452557791,0.1479681130744271,54.62094763092269,0.981692005661325,3208,8760,8761,8766,8767,200008.99058643167,429.7187212072313,4458,"[[334214.3573079379,5724981.472488245],[334287.2319513471,5724923.950527903],[334191.4163765472,5725008.043513834],[334301.54773942236,5724939.80748086],[334210.7322952044,5725058.230726799]]",8a7e98c8245c80a6f01e0226d2d2656885f2cb7610bee2dc775b06c99ab4ad79,ed531570eb7d33b2178f43b91e6f2dc00fbde5f13f1a5b217ffc6ceb14382bc6,none,stationary,matched_prior_exact,1,0,"{""condition_id"":""w_025"",""evaluation"":""stationary"",""stage"":""c1-sensitivity""}",d3fe2ac77d42fbc7de79e9a302672c1a34fb85db107cd698d5b9495b5ed73325,w_025,w,4149800342,1075552171,none,none,revision_C_base@f0684f8459a1,f0684f8459a1f1424f630778b2c606434d0bce08,27784880a3418d09b46f5afe2a7042757968dd5494a542fdab85e6a06fc60fb2,c1-sensitivity_20260826_073133_703049_c676526b,c676526b916d560a4651031b0ad6002a640325534681ef2670109fbd500a6bef,evidence,revision_B_base,revision_B_base,5,200000.0,xlarge,45.0,80.0,5.0,0.5,1.0
10,45,dynamic_3step,0.25,0.8,10000.0,0.28537585006128346,7096.343663304199,0.28558125443000903,14.758101169935191,0.9322406054488112,11881,8766,8767,8766,8767,200016.33396529118,445.4866450759582,4199,"[[334214.3573079379,5724981.472488245],[334287.2319513471,5724923.950527903],[334191.4163765472,5725008.043513834],[334301.54773942236,5724939.80748086],[334210.7322952044,5725058.230726799]]",8a7e98c8245c80a6f01e0226d2d2656885f2cb7610bee2dc775b06c99ab4ad79,1e825cc8ad98d39b734344654eac3d99725b676b5847e85f213aa960acb933a2,none,stationary,matched_prior_exact,1,0,"{""condition_id"":""w_025"",""evaluation"":""stationary"",""stage"":""c1-sensitivity""}",d3fe2ac77d42fbc7de79e9a302672c1a34fb85db107cd698d5b9495b5ed73325,w_025,w,4149800342,1075552171,none,none,revision_C_base@f0684f8459a1,f0684f8459a1f1424f630778b2c606434d0bce08,27784880a3418d09b46f5afe2a7042757968dd5494a542fdab85e6a06fc60fb2,c1-sensitivity_20260826_073133_703049_c676526b,c676526b916d560a4651031b0ad6002a640325534681ef2670109fbd500a6bef,evidence,revision_B_base,revision_B_base,5,200000.0,xlarge,45.0,80.0,5.0,0.5,1.0
10,45,online_static_3step,0.5,0.8,10000.0,0.13252531382396676,7990.134586144176,0.1326643383064388,69.58665644171779,0.9856294288138768,2608,9073,9074,9073,9074,200016.8998527769,518.0932623136323,5376,"[[334214.3573079379,5724981.472488245],[334287.2319513471,5724923.950527903],[334191.4163765472,5725008.043513834],[334301.54773942236,5724939.80748086],[334210.7322952044,5725058.230726799]]",8a7e98c8245c80a6f01e0226d2d2656885f2cb7610bee2dc775b06c99ab4ad79,9caddb731debdf4d73f89b18839ba97c8cdfca4d2137f1a2564e70b47c76641b,none,stationary,matched_prior_exact,1,0,"{""condition_id"":""nominal"",""evaluation"":""stationary"",""stage"":""c1-sensitivity""}",33661ab33ce355b68312ce72c8f28ade62ec8305f639d3c5c5420d991c48f0d2,nominal,nominal,166262237,4185520910,none,none,revision_C_base@f0684f8459a1,f0684f8459a1f1424f630778b2c606434d0bce08,27784880a3418d09b46f5afe2a7042757968dd5494a542fdab85e6a06fc60fb2,c1-sensitivity_20260826_073133_703049_c676526b,c676526b916d560a4651031b0ad6002a640325534681ef2670109fbd500a6bef,evidence,revision_B_base,revision_B_base,5,200000.0,xlarge,45.0,80.0,5.0,0.5,1.0
10,45,dynamic_3step,0.5,0.8,10000.0,0.2891278550543886,7350.955224546353,0.28933971504100564,15.403235733755386,0.9350785758729543,11373,8758,8759,9073,9074,200000.87981180876,454.6932866612915,4231,"[[334214.3573079379,5724981.472488245],[334287.2319513471,5724923.950527903],[334191.4163765472,5725008.043513834],[334301.54773942236,5724939.80748086],[334210.7322952044,5725058.230726799]]",8a7e98c8245c80a6f01e0226d2d2656885f2cb7610bee2dc775b06c99ab4ad79,dadf3fbe3e238333721d139f8e7009d55fb4c007acb2907451b5b1f72be8f8de,none,stationary,matched_prior_exact,1,0,"{""condition_id"":""nominal"",""evaluation"":""stationary"",""stage"":""c1-sensitivity""}",33661ab33ce355b68312ce72c8f28ade62ec8305f639d3c5c5420d991c48f0d2,nominal,nominal,166262237,4185520910,none,none,revision_C_base@f0684f8459a1,f0684f8459a1f1424f630778b2c606434d0bce08,27784880a3418d09b46f5afe2a7042757968dd5494a542fdab85e6a06fc60fb2,c1-sensitivity_20260826_073133_703049_c676526b,c676526b916d560a4651031b0ad6002a640325534681ef2670109fbd500a6bef,evidence,revision_B_base,revision_B_base,5,200000.0,xlarge,45.0,80.0,5.0,0.5,1.0
10,45,online_static_3step,0.75,0.8,10000.0,0.10577820698736648,8153.290403497328,0.1058676917104854,110.70197044334975,0.9909667371231505,1624,8988,8989,8988,8989,200009.80574485502,477.3577230852097,4973,"[[334214.3573079379,5724981.472488245],[334287.2319513471,5724923.950527903],[334191.4163765472,5725008.043513834],[334301.54773942236,5724939.80748086],[334210.7322952044,5725058.230726799]]",8a7e98c8245c80a6f01e0226d2d2656885f2cb7610bee2dc775b06c99ab4ad79,29c51da862a02be12933b158d152ccaaee0e59d9c580cc3c2730351fee76f1c1,none,stationary,matched_prior_exact,1,0,"{""condition_id"":""w_075"",""evaluation"":""stationary"",""stage"":""c1-sensitivity""}",dd16bccb6fb666ed0827b0b565b90295f086cf20694f1dd0b5c1942221a74648,w_075,w,2324258389,159081040,none,none,revision_C_base@f0684f8459a1,f0684f8459a1f1424f630778b2c606434d0bce08,27784880a3418d09b46f5afe2a7042757968dd5494a542fdab85e6a06fc60fb2,c1-sensitivity_20260826_073133_703049_c676526b,c676526b916d560a4651031b0ad6002a640325534681ef2670109fbd500a6bef,evidence,revision_B_base,revision_B_base,5,200000.0,xlarge,45.0,80.0,5.0,0.5,1.0
10,45,dynamic_3step,0.75,0.8,10000.0,0.2920248950348777,7233.308495169088,0.29222676506343703,14.000159706140701,0.9285722433893819,12523,8765,8766,8988,8989,200008.5147584143,453.3419591356069,4169,"[[334214.3573079379,5724981.472488245],[334287.2319513471,5724923.950527903],[334191.4163765472,5725008.043513834],[334301.54773942236,5724939.80748086],[334210.7322952044,5725058.230726799]]",8a7e98c8245c80a6f01e0226d2d2656885f2cb7610bee2dc775b06c99ab4ad79,71cbf9c8554af9703382b9391a0de4ae2e027bbfc88ad2c7e49e420d5487000c,none,stationary,matched_prior_exact,1,0,"{""condition_id"":""w_075"",""evaluation"":""stationary"",""stage"":""c1-sensitivity""}",dd16bccb6fb666ed0827b0b565b90295f086cf20694f1dd0b5c1942221a74648,w_075,w,2324258389,159081040,none,none,revision_C_base@f0684f8459a1,f0684f8459a1f1424f630778b2c606434d0bce08,27784880a3418d09b46f5afe2a7042757968dd5494a542fdab85e6a06fc60fb2,c1-sensitivity_20260826_073133_703049_c676526b,c676526b916d560a4651031b0ad6002a640325534681ef2670109fbd500a6bef,evidence,revision_B_base,revision_B_base,5,200000.0,xlarge,45.0,80.0,5.0,0.5,1.0
10,45,online_static_3step,1.0,0.8,10000.0,0.0031170108117914075,8933.232240148609,0.003117011424941185,2327.5454545454545,0.9995703628481037,77,8960,8961,8960,8961,200010.7985801348,472.8457038064953,4978,"[[334214.3573079379,5724981.472488245],[334287.2319513471,5724923.950527903],[334191.4163765472,5725008.043513834],[334301.54773942236,5724939.80748086],[334210.7322952044,5725058.230726799]]",8a7e98c8245c80a6f01e0226d2d2656885f2cb7610bee2dc775b06c99ab4ad79,1ea8e9582ed8f286f3ef768a952aeacc4fe0c405b87c0e8e9b8b3556b021ed88,none,stationary,matched_prior_exact,1,0,"{""condition_id"":""w_1"",""evaluation"":""stationary"",""stage"":""c1-sensitivity""}",a7560dbaa977cea1795a4b0bd3ba265a0712530b452662170ae9efd74531b738,w_1,w,3047531973,3201156316,none,none,revision_C_base@f0684f8459a1,f0684f8459a1f1424f630778b2c606434d0bce08,27784880a3418d09b46f5afe2a7042757968dd5494a542fdab85e6a06fc60fb2,c1-sensitivity_20260826_073133_703049_c676526b,c676526b916d560a4651031b0ad6002a640325534681ef2670109fbd500a6bef,evidence,revision_B_base,revision_B_base,5,200000.0,xlarge,45.0,80.0,5.0,0.5,1.0
10,45,dynamic_3step,1.0,0.8,10000.0,0.284202056121714,7164.522803730381,0.2844097721833039,13.531146018726302,0.9260964297764536,12923,8742,8743,8960,8961,200004.20519147534,456.1559613784775,4200,"[[334214.3573079379,5724981.472488245],[334287.2319513471,5724923.950527903],[334191.4163765472,5725008.043513834],[334301.54773942236,5724939.80748086],[334210.7322952044,5725058.230726799]]",8a7e98c8245c80a6f01e0226d2d2656885f2cb7610bee2dc775b06c99ab4ad79,e1f9657e6faff86ccc94184d05eedd19f3f532bf192d6b19ade2ddb50f411a7b,none,stationary,matched_prior_exact,1,0,"{""condition_id"":""w_1"",""evaluation"":""stationary"",""stage"":""c1-sensitivity""}",a7560dbaa977cea1795a4b0bd3ba265a0712530b452662170ae9efd74531b738,w_1,w,3047531973,3201156316,none,none,revision_C_base@f0684f8459a1,f0684f8459a1f1424f630778b2c606434d0bce08,27784880a3418d09b46f5afe2a7042757968dd5494a542fdab85e6a06fc60fb2,c1-sensitivity_20260826_073133_703049_c676526b,c676526b916d560a4651031b0ad6002a640325534681ef2670109fbd500a6bef,evidence,revision_B_base,revision_B_base,5,200000.0,xlarge,45.0,80.0,5.0,0.5,1.0
10,45,online_static_3step,0.5,0.6,10000.0,0.13183269680453447,7995.787097798379,0.1326643383064388,69.58665644171779,0.9856294288138768,2608,9073,9074,9073,9074,200016.8998527769,526.6701153817121,5376,"[[334214.3573079379,5724981.472488245],[334287.2319513471,5724923.950527903],[334191.4163765472,5725008.043513834],[334301.54773942236,5724939.80748086],[334210.7322952044,5725058.230726799]]",8a7e98c8245c80a6f01e0226d2d2656885f2cb7610bee2dc775b06c99ab4ad79,9caddb731debdf4d73f89b18839ba97c8cdfca4d2137f1a2564e70b47c76641b,none,stationary,matched_prior_exact,1,0,"{""condition_id"":""pd_060"",""evaluation"":""stationary"",""stage"":""c1-sensitivity""}",8bcc633790e55489f4fbf2bd9b0dc37e28e3051e2872807588f965813e490d2b,pd_060,p_d,87954353,163172884,none,none,revision_C_base@f0684f8459a1,f0684f8459a1f1424f630778b2c606434d0bce08,27784880a3418d09b46f5afe2a7042757968dd5494a542fdab85e6a06fc60fb2,c1-sensitivity_20260826_073133_703049_c676526b,c676526b916d560a4651031b0ad6002a640325534681ef2670109fbd500a6bef,evidence,revision_B_base,revision_B_base,5,200000.0,xlarge,45.0,80.0,5.0,0.5,1.0
10,45,dynamic_3step,0.5,0.6,10000.0,0.302857007134754,7296.783028639338,0.3044668586486462,13.432061657032754,0.9255512649112639,12975,8713,8714,9073,9074,200009.79698830322,450.3988273476716,4154,"[[334214.3573079379,5724981.472488245],[334287.2319513471,5724923.950527903],[334191.4163765472,5725008.043513834],[334301.54773942236,5724939.80748086],[334210.7322952044,5725058.230726799]]",8a7e98c8245c80a6f01e0226d2d2656885f2cb7610bee2dc775b06c99ab4ad79,e68325ffded59614e51de53ea1e45210313278b3bc7813affebc53de17a4c6d2,none,stationary,matched_prior_exact,1,0,"{""condition_id"":""pd_060"",""evaluation"":""stationary"",""stage"":""c1-sensitivity""}",8bcc633790e55489f4fbf2bd9b0dc37e28e3051e2872807588f965813e490d2b,pd_060,p_d,87954353,163172884,none,none,revision_C_base@f0684f8459a1,f0684f8459a1f1424f630778b2c606434d0bce08,27784880a3418d09b46f5afe2a7042757968dd5494a542fdab85e6a06fc60fb2,c1-sensitivity_20260826_073133_703049_c676526b,c676526b916d560a4651031b0ad6002a640325534681ef2670109fbd500a6bef,evidence,revision_B_base,revision_B_base,5,200000.0,xlarge,45.0,80.0,5.0,0.5,1.0
10,45,online_static_3step,0.5,0.95,10000.0,0.13265684272194883,7989.060968648034,0.1326643383064388,69.58665644171779,0.9856294288138768,2608,9073,9074,9073,9074,200016.8998527769,521.3653959571384,5376,"[[334214.3573079379,5724981.472488245],[334287.2319513471,5724923.950527903],[334191.4163765472,5725008.043513834],[334301.54773942236,5724939.80748086],[334210.7322952044,5725058.230726799]]",8a7e98c8245c80a6f01e0226d2d2656885f2cb7610bee2dc775b06c99ab4ad79,9caddb731debdf4d73f89b18839ba97c8cdfca4d2137f1a2564e70b47c76641b,none,stationary,matched_prior_exact,1,0,"{""condition_id"":""pd_095"",""evaluation"":""stationary"",""stage"":""c1-sensitivity""}",d6a45689f8c015d047506b0521b3bb8739ec6480e1dcbc30a7bddda4e459b8cc,pd_095,p_d,679572705,1114009319,none,none,revision_C_base@f0684f8459a1,f0684f8459a1f1424f630778b2c606434d0bce08,27784880a3418d09b46f5afe2a7042757968dd5494a542fdab85e6a06fc60fb2,c1-sensitivity_20260826_073133_703049_c676526b,c676526b916d560a4651031b0ad6002a640325534681ef2670109fbd500a6bef,evidence,revision_B_base,revision_B_base,5,200000.0,xlarge,45.0,80.0,5.0,0.5,1.0
10,45,dynamic_3step,0.5,0.95,10000.0,0.2984738322207541,7307.669357527265,0.2984858248253005,15.095127610208817,0.933753458346142,11637,8782,8783,9073,9074,200012.94463578975,457.3183536576107,4259,"[[334214.3573079379,5724981.472488245],[334287.2319513471,5724923.950527903],[334191.4163765472,5725008.043513834],[334301.54773942236,5724939.80748086],[334210.7322952044,5725058.230726799]]",8a7e98c8245c80a6f01e0226d2d2656885f2cb7610bee2dc775b06c99ab4ad79,77869d72f0b1ba9e18c9e258d442b731324e3eee224d9ce71488384ce9d98ade,none,stationary,matched_prior_exact,1,0,"{""condition_id"":""pd_095"",""evaluation"":""stationary"",""stage"":""c1-sensitivity""}",d6a45689f8c015d047506b0521b3bb8739ec6480e1dcbc30a7bddda4e459b8cc,pd_095,p_d,679572705,1114009319,none,none,revision_C_base@f0684f8459a1,f0684f8459a1f1424f630778b2c606434d0bce08,27784880a3418d09b46f5afe2a7042757968dd5494a542fdab85e6a06fc60fb2,c1-sensitivity_20260826_073133_703049_c676526b,c676526b916d560a4651031b0ad6002a640325534681ef2670109fbd500a6bef,evidence,revision_B_base,revision_B_base,5,200000.0,xlarge,45.0,80.0,5.0,0.5,1.0
10,45,online_static_3step,0.5,0.8,2000.0,0.13252531382396676,7990.134586144176,0.1326643383064388,69.58665644171779,0.9856294288138768,2608,9073,9074,9073,9074,200016.8998527769,519.8842587613035,5376,"[[334214.3573079379,5724981.472488245],[334287.2319513471,5724923.950527903],[334191.4163765472,5725008.043513834],[334301.54773942236,5724939.80748086],[334210.7322952044,5725058.230726799]]",8a7e98c8245c80a6f01e0226d2d2656885f2cb7610bee2dc775b06c99ab4ad79,9caddb731debdf4d73f89b18839ba97c8cdfca4d2137f1a2564e70b47c76641b,none,stationary,matched_prior_exact,1,0,"{""condition_id"":""tau_2000"",""evaluation"":""stationary"",""stage"":""c1-sensitivity""}",c6bec9d7ef8d6cc4c988a25905b1e25ac861fe33d4c60bda138851fd7ea3ac8b,tau_2000,tau,2172497173,137156843,none,none,revision_C_base@f0684f8459a1,f0684f8459a1f1424f630778b2c606434d0bce08,27784880a3418d09b46f5afe2a7042757968dd5494a542fdab85e6a06fc60fb2,c1-sensitivity_20260826_073133_703049_c676526b,c676526b916d560a4651031b0ad6002a640325534681ef2670109fbd500a6bef,evidence,revision_B_base,revision_B_base,5,200000.0,xlarge,45.0,80.0,5.0,0.5,1.0
10,45,dynamic_3step,0.5,0.8,2000.0,0.28273531706953586,7349.693183164081,0.28292860971787204,15.744363603700709,0.9364852066954964,11133,8763,8764,9073,9074,200015.13951392987,455.14826759696007,4242,"[[334214.3573079379,5724981.472488245],[334287.2319513471,5724923.950527903],[334191.4163765472,5725008.043513834],[334301.54773942236,5724939.80748086],[334210.7322952044,5725058.230726799]]",8a7e98c8245c80a6f01e0226d2d2656885f2cb7610bee2dc775b06c99ab4ad79,679968ed2cdf3c55bf4e1abb53389425ebcd5ffb1e597dfc8980763776301313,none,stationary,matched_prior_exact,1,0,"{""condition_id"":""tau_2000"",""evaluation"":""stationary"",""stage"":""c1-sensitivity""}",c6bec9d7ef8d6cc4c988a25905b1e25ac861fe33d4c60bda138851fd7ea3ac8b,tau_2000,tau,2172497173,137156843,none,none,revision_C_base@f0684f8459a1,f0684f8459a1f1424f630778b2c606434d0bce08,27784880a3418d09b46f5afe2a7042757968dd5494a542fdab85e6a06fc60fb2,c1-sensitivity_20260826_073133_703049_c676526b,c676526b916d560a4651031b0ad6002a640325534681ef2670109fbd500a6bef,evidence,revision_B_base,revision_B_base,5,200000.0,xlarge,45.0,80.0,5.0,0.5,1.0
10,45,online_static_3step,0.5,0.8,32000.0,0.13252531382396676,7990.134586144176,0.1326643383064388,69.58665644171779,0.9856294288138768,2608,9073,9074,9073,9074,200016.8998527769,530.6540616867132,5376,"[[334214.3573079379,5724981.472488245],[334287.2319513471,5724923.950527903],[334191.4163765472,5725008.043513834],[334301.54773942236,5724939.80748086],[334210.7322952044,5725058.230726799]]",8a7e98c8245c80a6f01e0226d2d2656885f2cb7610bee2dc775b06c99ab4ad79,9caddb731debdf4d73f89b18839ba97c8cdfca4d2137f1a2564e70b47c76641b,none,stationary,matched_prior_exact,1,0,"{""condition_id"":""tau_32000"",""evaluation"":""stationary"",""stage"":""c1-sensitivity""}",8a58528425303c8d4847dd0f657d9dd8b3e59f2d0adcd442e9348c96ebfaa71e,tau_32000,tau,3420201337,2733922867,none,none,revision_C_base@f0684f8459a1,f0684f8459a1f1424f630778b2c606434d0bce08,27784880a3418d09b46f5afe2a7042757968dd5494a542fdab85e6a06fc60fb2,c1-sensitivity_20260826_073133_703049_c676526b,c676526b916d560a4651031b0ad6002a640325534681ef2670109fbd500a6bef,evidence,revision_B_base,revision_B_base,5,200000.0,xlarge,45.0,80.0,5.0,0.5,1.0
10,45,dynamic_3step,0.5,0.8,32000.0,0.2988457543304267,7289.780181187444,0.2991394390817164,13.97572042668365,0.9284473379926295,12562,8777,8778,9073,9074,200013.3565136507,455.22939116926864,4283,"[[334214.3573079379,5724981.472488245],[334287.2319513471,5724923.950527903],[334191.4163765472,5725008.043513834],[334301.54773942236,5724939.80748086],[334210.7322952044,5725058.230726799]]",8a7e98c8245c80a6f01e0226d2d2656885f2cb7610bee2dc775b06c99ab4ad79,5ae054d41484a33bf77a66a4c77f3e86756b3d7b3dbf47834b4e211e4accdfc2,none,stationary,matched_prior_exact,1,0,"{""condition_id"":""tau_32000"",""evaluation"":""stationary"",""stage"":""c1-sensitivity""}",8a58528425303c8d4847dd0f657d9dd8b3e59f2d0adcd442e9348c96ebfaa71e,tau_32000,tau,3420201337,2733922867,none,none,revision_C_base@f0684f8459a1,f0684f8459a1f1424f630778b2c606434d0bce08,27784880a3418d09b46f5afe2a7042757968dd5494a542fdab85e6a06fc60fb2,c1-sensitivity_20260826_073133_703049_c676526b,c676526b916d560a4651031b0ad6002a640325534681ef2670109fbd500a6bef,evidence,revision_B_base,revision_B_base,5,200000.0,xlarge,45.0,80.0,5.0,0.5,1.0
10,45,online_static_3step,0.5,0.8,128000.0,0.13252531382396676,7990.134586144176,0.1326643383064388,69.58665644171779,0.9856294288138768,2608,9073,9074,9073,9074,200016.8998527769,532.1456127723213,5376,"[[334214.3573079379,5724981.472488245],[334287.2319513471,5724923.950527903],[334191.4163765472,5725008.043513834],[334301.54773942236,5724939.80748086],[334210.7322952044,5725058.230726799]]",8a7e98c8245c80a6f01e0226d2d2656885f2cb7610bee2dc775b06c99ab4ad79,9caddb731debdf4d73f89b18839ba97c8cdfca4d2137f1a2564e70b47c76641b,none,stationary,matched_prior_exact,1,0,"{""condition_id"":""tau_128000"",""evaluation"":""stationary"",""stage"":""c1-sensitivity""}",a5c02adbe48ed5ee84f4ce8296410944cac16371cf65714dbb3f0b6d5aca5bba,tau_128000,tau,1130503538,2195653004,none,none,revision_C_base@f0684f8459a1,f0684f8459a1f1424f630778b2c606434d0bce08,27784880a3418d09b46f5afe2a7042757968dd5494a542fdab85e6a06fc60fb2,c1-sensitivity_20260826_073133_703049_c676526b,c676526b916d560a4651031b0ad6002a640325534681ef2670109fbd500a6bef,evidence,revision_B_base,revision_B_base,5,200000.0,xlarge,45.0,80.0,5.0,0.5,1.0
10,45,dynamic_3step,0.5,0.8,128000.0,0.3131243298026512,7280.5201448399885,0.31334948075932656,13.992578405554225,0.9285335432100877,12531,8766,8767,9073,9074,200008.99817530476,452.73036317015067,4254,"[[334214.3573079379,5724981.472488245],[334287.2319513471,5724923.950527903],[334191.4163765472,5725008.043513834],[334301.54773942236,5724939.80748086],[334210.7322952044,5725058.230726799]]",8a7e98c8245c80a6f01e0226d2d2656885f2cb7610bee2dc775b06c99ab4ad79,e048bf0506fbf783085ff5a2b387fe0981a0f8891689f80f733ededab66eafce,none,stationary,matched_prior_exact,1,0,"{""condition_id"":""tau_128000"",""evaluation"":""stationary"",""stage"":""c1-sensitivity""}",a5c02adbe48ed5ee84f4ce8296410944cac16371cf65714dbb3f0b6d5aca5bba,tau_128000,tau,1130503538,2195653004,none,none,revision_C_base@f0684f8459a1,f0684f8459a1f1424f630778b2c606434d0bce08,27784880a3418d09b46f5afe2a7042757968dd5494a542fdab85e6a06fc60fb2,c1-sensitivity_20260826_073133_703049_c676526b,c676526b916d560a4651031b0ad6002a640325534681ef2670109fbd500a6bef,evidence,revision_B_base,revision_B_base,5,200000.0,xlarge,45.0,80.0,5.0,0.5,1.0
10,46,online_static_3step,0.0,0.8,10000.0,0.26472816486186457,7234.47702136173,0.264995087232308,15.017858668717423,0.9334126108082889,11703,8787,8788,8787,8788,200006.30032801817,386.57238332461566,4326,"[[334302.55779995414,5724998.180605194],[334268.36899595597,5725091.779270053],[334306.1917090609,5725001.975158726],[334218.91864908,5724949.808111246],[334193.22153253027,5725007.498045916]]",9ee63faabcca9d7ea56158b9a7b93c43e3bd66789637b328ac894e71f26729ce,ac222abd8b6e0bdb0aa6dc58a538ad75ba5859be8fbb4af4437552f80d38c2af,none,stationary,matched_prior_exact,1,0,"{""condition_id"":""w_0"",""evaluation"":""stationary"",""stage"":""c1-sensitivity""}",80b02168b0975833d2c36bd6a41894c825064836584f37bc644dbaac89ab91cc,w_0,w,3974016741,2571183500,none,none,revision_C_base@f0684f8459a1,f0684f8459a1f1424f630778b2c606434d0bce08,27784880a3418d09b46f5afe2a7042757968dd5494a542fdab85e6a06fc60fb2,c1-sensitivity_20260826_073133_703049_c676526b,c676526b916d560a4651031b0ad6002a640325534681ef2670109fbd500a6bef,evidence,revision_B_base,revision_B_base,5,200000.0,xlarge,45.0,80.0,5.0,0.5,1.0
10,46,dynamic_3step,0.0,0.8,10000.0,0.26472816486186457,7234.47702136173,0.264995087232308,15.017858668717423,0.9334126108082889,11703,8787,8788,8787,8788,200006.30032801817,414.5257277600467,4326,"[[334302.55779995414,5724998.180605194],[334268.36899595597,5725091.779270053],[334306.1917090609,5725001.975158726],[334218.91864908,5724949.808111246],[334193.22153253027,5725007.498045916]]",9ee63faabcca9d7ea56158b9a7b93c43e3bd66789637b328ac894e71f26729ce,ac222abd8b6e0bdb0aa6dc58a538ad75ba5859be8fbb4af4437552f80d38c2af,none,stationary,matched_prior_exact,1,0,"{""condition_id"":""w_0"",""evaluation"":""stationary"",""stage"":""c1-sensitivity""}",80b02168b0975833d2c36bd6a41894c825064836584f37bc644dbaac89ab91cc,w_0,w,3974016741,2571183500,none,none,revision_C_base@f0684f8459a1,f0684f8459a1f1424f630778b2c606434d0bce08,27784880a3418d09b46f5afe2a7042757968dd5494a542fdab85e6a06fc60fb2,c1-sensitivity_20260826_073133_703049_c676526b,c676526b916d560a4651031b0ad6002a640325534681ef2670109fbd500a6bef,evidence,revision_B_base,revision_B_base,5,200000.0,xlarge,45.0,80.0,5.0,0.5,1.0
10,46,online_static_3step,0.25,0.8,10000.0,0.16233440132674987,7864.131492318314,0.16249891950257203,39.33837510803803,0.974579529600457,4628,9102,9103,9102,9103,200005.07562599797,473.7577787260525,4947,"[[334302.55779995414,5724998.180605194],[334268.36899595597,5725091.779270053],[334306.1917090609,5725001.975158726],[334218.91864908,5724949.808111246],[334193.22153253027,5725007.498045916]]",9ee63faabcca9d7ea56158b9a7b93c43e3bd66789637b328ac894e71f26729ce,151f049eafb0b50b5521b727ab5551e1bd664ae8e533a8e4d6c4dd710c424e54,none,stationary,matched_prior_exact,1,0,"{""condition_id"":""w_025"",""evaluation"":""stationary"",""stage"":""c1-sensitivity""}",d3fe2ac77d42fbc7de79e9a302672c1a34fb85db107cd698d5b9495b5ed73325,w_025,w,2093563650,2563522336,none,none,revision_C_base@f0684f8459a1,f0684f8459a1f1424f630778b2c606434d0bce08,27784880a3418d09b46f5afe2a7042757968dd5494a542fdab85e6a06fc60fb2,c1-sensitivity_20260826_073133_703049_c676526b,c676526b916d560a4651031b0ad6002a640325534681ef2670109fbd500a6bef,evidence,revision_B_base,revision_B_base,5,200000.0,xlarge,45.0,80.0,5.0,0.5,1.0
10,46,dynamic_3step,0.25,0.8,10000.0,0.3139343350090934,7248.375659874408,0.31418536038954226,13.52405180388529,0.9260576627107631,12972,8771,8772,9102,9103,200021.91597413927,395.3147822963074,4219,"[[334302.55779995414,5724998.180605194],[334268.36899595597,5725091.779270053],[334306.1917090609,5725001.975158726],[334218.91864908,5724949.808111246],[334193.22153253027,5725007.498045916]]",9ee63faabcca9d7ea56158b9a7b93c43e3bd66789637b328ac894e71f26729ce,ef9f70f976bc920d84200df6dfb79710834128cd772a151de3f7a6699106d220,none,stationary,matched_prior_exact,1,0,"{""condition_id"":""w_025"",""evaluation"":""stationary"",""stage"":""c1-sensitivity""}",d3fe2ac77d42fbc7de79e9a302672c1a34fb85db107cd698d5b9495b5ed73325,w_025,w,2093563650,2563522336,none,none,revision_C_base@f0684f8459a1,f0684f8459a1f1424f630778b2c606434d0bce08,27784880a3418d09b46f5afe2a7042757968dd5494a542fdab85e6a06fc60fb2,c1-sensitivity_20260826_073133_703049_c676526b,c676526b916d560a4651031b0ad6002a640325534681ef2670109fbd500a6bef,evidence,revision_B_base,revision_B_base,5,200000.0,xlarge,45.0,80.0,5.0,0.5,1.0
10,46,online_static_3step,0.5,0.8,10000.0,0.14293529816712947,7684.491043820089,0.14304686988030732,62.30304101838755,0.9839494191029156,2828,8809,8810,8809,8810,200010.1904282522,380.9859355909284,4051,"[[334302.55779995414,5724998.180605194],[334268.36899595597,5725091.779270053],[334306.1917090609,5725001.975158726],[334218.91864908,5724949.808111246],[334193.22153253027,5725007.498045916]]",9ee63faabcca9d7ea56158b9a7b93c43e3bd66789637b328ac894e71f26729ce,fa4519f950dd49990ec24fd22f83a8dfbf45b7a8bd0c8595d0458a7aa24600db,none,stationary,matched_prior_exact,1,0,"{""condition_id"":""nominal"",""evaluation"":""stationary"",""stage"":""c1-sensitivity""}",33661ab33ce355b68312ce72c8f28ade62ec8305f639d3c5c5420d991c48f0d2,nominal,nominal,613702428,1414270279,none,none,revision_C_base@f0684f8459a1,f0684f8459a1f1424f630778b2c606434d0bce08,27784880a3418d09b46f5afe2a7042757968dd5494a542fdab85e6a06fc60fb2,c1-sensitivity_20260826_073133_703049_c676526b,c676526b916d560a4651031b0ad6002a640325534681ef2670109fbd500a6bef,evidence,revision_B_base,revision_B_base,5,200000.0,xlarge,45.0,80.0,5.0,0.5,1.0
10,46,dynamic_3step,0.5,0.8,10000.0,0.26929278380356575,7129.846280964748,0.2694729909991335,15.637760114316334,0.936052222780646,11197,8754,8755,8809,8810,200015.10478324493,384.74164022295736,4139,"[[334302.55779995414,5724998.180605194],[334268.36899595597,5725091.779270053],[334306.1917090609,5725001.975158726],[334218.91864908,5724949.808111246],[334193.22153253027,5725007.498045916]]",9ee63faabcca9d7ea56158b9a7b93c43e3bd66789637b328ac894e71f26729ce,5dc8eded9dfffc4c3f593e6729bdbba047bb11d4b306beb7fdffbf85f154a57b,none,stationary,matched_prior_exact,1,0,"{""condition_id"":""nominal"",""evaluation"":""stationary"",""stage"":""c1-sensitivity""}",33661ab33ce355b68312ce72c8f28ade62ec8305f639d3c5c5420d991c48f0d2,nominal,nominal,613702428,1414270279,none,none,revision_C_base@f0684f8459a1,f0684f8459a1f1424f630778b2c606434d0bce08,27784880a3418d09b46f5afe2a7042757968dd5494a542fdab85e6a06fc60fb2,c1-sensitivity_20260826_073133_703049_c676526b,c676526b916d560a4651031b0ad6002a640325534681ef2670109fbd500a6bef,evidence,revision_B_base,revision_B_base,5,200000.0,xlarge,45.0,80.0,5.0,0.5,1.0
10,46,online_static_3step,0.75,0.8,10000.0,0.10590282267724552,8375.517028197131,0.10599128433417528,113.07400611620795,0.9911562344490361,1635,9243,9244,9243,9244,200009.11264567304,555.2671707265545,6183,"[[334302.55779995414,5724998.180605194],[334268.36899595597,5725091.779270053],[334306.1917090609,5725001.975158726],[334218.91864908,5724949.808111246],[334193.22153253027,5725007.498045916]]",9ee63faabcca9d7ea56158b9a7b93c43e3bd66789637b328ac894e71f26729ce,2e977ae25b61e1e66729ecf93adae705b0df812b259626989933d19c08e09141,none,stationary,matched_prior_exact,1,0,"{""condition_id"":""w_075"",""evaluation"":""stationary"",""stage"":""c1-sensitivity""}",dd16bccb6fb666ed0827b0b565b90295f086cf20694f1dd0b5c1942221a74648,w_075,w,1488350515,2409514868,none,none,revision_C_base@f0684f8459a1,f0684f8459a1f1424f630778b2c606434d0bce08,27784880a3418d09b46f5afe2a7042757968dd5494a542fdab85e6a06fc60fb2,c1-sensitivity_20260826_073133_703049_c676526b,c676526b916d560a4651031b0ad6002a640325534681ef2670109fbd500a6bef,evidence,revision_B_base,revision_B_base,5,200000.0,xlarge,45.0,80.0,5.0,0.5,1.0
10,46,dynamic_3step,0.75,0.8,10000.0,0.2661747870623893,7517.848368956038,0.2663435261541598,16.627475247524753,0.9398585783401563,10504,8732,8733,9243,9244,200020.99573667877,354.4444710854441,4151,"[[334302.55779995414,5724998.180605194],[334268.36899595597,5725091.779270053],[334306.1917090609,5725001.975158726],[334218.91864908,5724949.808111246],[334193.22153253027,5725007.498045916]]",9ee63faabcca9d7ea56158b9a7b93c43e3bd66789637b328ac894e71f26729ce,b5cd4c5c8b1115a1e5fd974de35f2eb7134d6100f6c0fb59c7fdd99f9a9dc042,none,stationary,matched_prior_exact,1,0,"{""condition_id"":""w_075"",""evaluation"":""stationary"",""stage"":""c1-sensitivity""}",dd16bccb6fb666ed0827b0b565b90295f086cf20694f1dd0b5c1942221a74648,w_075,w,1488350515,2409514868,none,none,revision_C_base@f0684f8459a1,f0684f8459a1f1424f630778b2c606434d0bce08,27784880a3418d09b46f5afe2a7042757968dd5494a542fdab85e6a06fc60fb2,c1-sensitivity_20260826_073133_703049_c676526b,c676526b916d560a4651031b0ad6002a640325534681ef2670109fbd500a6bef,evidence,revision_B_base,revision_B_base,5,200000.0,xlarge,45.0,80.0,5.0,0.5,1.0
10,46,online_static_3step,1.0,0.8,10000.0,0.0034509202144371726,8930.252570462442,0.0034511954325478923,1906.5425531914893,0.9994754903328404,94,8960,8961,8960,8961,200018.23026700973,454.6656760845799,4970,"[[334302.55779995414,5724998.180605194],[334268.36899595597,5725091.779270053],[334306.1917090609,5725001.975158726],[334218.91864908,5724949.808111246],[334193.22153253027,5725007.498045916]]",9ee63faabcca9d7ea56158b9a7b93c43e3bd66789637b328ac894e71f26729ce,784d646bea1ce33c20cb3d2ed0c0e2f8e06a032bc9196a753b2fe9d1b5758070,none,stationary,matched_prior_exact,1,0,"{""condition_id"":""w_1"",""evaluation"":""stationary"",""stage"":""c1-sensitivity""}",a7560dbaa977cea1795a4b0bd3ba265a0712530b452662170ae9efd74531b738,w_1,w,2113969881,422233442,none,none,revision_C_base@f0684f8459a1,f0684f8459a1f1424f630778b2c606434d0bce08,27784880a3418d09b46f5afe2a7042757968dd5494a542fdab85e6a06fc60fb2,c1-sensitivity_20260826_073133_703049_c676526b,c676526b916d560a4651031b0ad6002a640325534681ef2670109fbd500a6bef,evidence,revision_B_base,revision_B_base,5,200000.0,xlarge,45.0,80.0,5.0,0.5,1.0
10,46,dynamic_3step,1.0,0.8,10000.0,0.28425601146214563,7233.945550619285,0.28447788466955715,13.728619581406287,0.9271594646446191,12757,8756,8757,8960,8961,200015.87976753656,374.78308643051423,4228,"[[334302.55779995414,5724998.180605194],[334268.36899595597,5725091.779270053],[334306.1917090609,5725001.975158726],[334218.91864908,5724949.808111246],[334193.22153253027,5725007.498045916]]",9ee63faabcca9d7ea56158b9a7b93c43e3bd66789637b328ac894e71f26729ce,38e0d5ed13fdf6620918122d3747efe93724c8aa3db8b7e486ec02287609b534,none,stationary,matched_prior_exact,1,0,"{""condition_id"":""w_1"",""evaluation"":""stationary"",""stage"":""c1-sensitivity""}",a7560dbaa977cea1795a4b0bd3ba265a0712530b452662170ae9efd74531b738,w_1,w,2113969881,422233442,none,none,revision_C_base@f0684f8459a1,f0684f8459a1f1424f630778b2c606434d0bce08,27784880a3418d09b46f5afe2a7042757968dd5494a542fdab85e6a06fc60fb2,c1-sensitivity_20260826_073133_703049_c676526b,c676526b916d560a4651031b0ad6002a640325534681ef2670109fbd500a6bef,evidence,revision_B_base,revision_B_base,5,200000.0,xlarge,45.0,80.0,5.0,0.5,1.0
10,46,online_static_3step,0.5,0.6,10000.0,0.14231709489832406,7689.437092136526,0.14304686988030732,62.30304101838755,0.9839494191029156,2828,8809,8810,8809,8810,200010.1904282522,381.5099490599241,4051,"[[334302.55779995414,5724998.180605194],[334268.36899595597,5725091.779270053],[334306.1917090609,5725001.975158726],[334218.91864908,5724949.808111246],[334193.22153253027,5725007.498045916]]",9ee63faabcca9d7ea56158b9a7b93c43e3bd66789637b328ac894e71f26729ce,fa4519f950dd49990ec24fd22f83a8dfbf45b7a8bd0c8595d0458a7aa24600db,none,stationary,matched_prior_exact,1,0,"{""condition_id"":""pd_060"",""evaluation"":""stationary"",""stage"":""c1-sensitivity""}",8bcc633790e55489f4fbf2bd9b0dc37e28e3051e2872807588f965813e490d2b,pd_060,p_d,1911883700,3812398108,none,none,revision_C_base@f0684f8459a1,f0684f8459a1f1424f630778b2c606434d0bce08,27784880a3418d09b46f5afe2a7042757968dd5494a542fdab85e6a06fc60fb2,c1-sensitivity_20260826_073133_703049_c676526b,c676526b916d560a4651031b0ad6002a640325534681ef2670109fbd500a6bef,evidence,revision_B_base,revision_B_base,5,200000.0,xlarge,45.0,80.0,5.0,0.5,1.0
10,46,dynamic_3step,0.5,0.6,10000.0,0.27303798522036926,7260.081730372882,0.27444314786238927,13.484909456740443,0.9258430319307669,12922,8712,8713,8809,8810,200008.09956777646,371.14394666277803,4185,"[[334302.55779995414,5724998.180605194],[334268.36899595597,5725091.779270053],[334306.1917090609,5725001.975158726],[334218.91864908,5724949.808111246],[334193.22153253027,5725007.498045916]]",9ee63faabcca9d7ea56158b9a7b93c43e3bd66789637b328ac894e71f26729ce,50fd260f81d585285e5b314a0c497eb6b9a05c1efc928f7fe9af535858743f63,none,stationary,matched_prior_exact,1,0,"{""condition_id"":""pd_060"",""evaluation"":""stationary"",""stage"":""c1-sensitivity""}",8bcc633790e55489f4fbf2bd9b0dc37e28e3051e2872807588f965813e490d2b,pd_060,p_d,1911883700,3812398108,none,none,revision_C_base@f0684f8459a1,f0684f8459a1f1424f630778b2c606434d0bce08,27784880a3418d09b46f5afe2a7042757968dd5494a542fdab85e6a06fc60fb2,c1-sensitivity_20260826_073133_703049_c676526b,c676526b916d560a4651031b0ad6002a640325534681ef2670109fbd500a6bef,evidence,revision_B_base,revision_B_base,5,200000.0,xlarge,45.0,80.0,5.0,0.5,1.0
10,46,online_static_3step,0.5,0.95,10000.0,0.14304112288078646,7683.63616276884,0.14304686988030732,62.30304101838755,0.9839494191029156,2828,8809,8810,8809,8810,200010.1904282522,373.46358868293464,4051,"[[334302.55779995414,5724998.180605194],[334268.36899595597,5725091.779270053],[334306.1917090609,5725001.975158726],[334218.91864908,5724949.808111246],[334193.22153253027,5725007.498045916]]",9ee63faabcca9d7ea56158b9a7b93c43e3bd66789637b328ac894e71f26729ce,fa4519f950dd49990ec24fd22f83a8dfbf45b7a8bd0c8595d0458a7aa24600db,none,stationary,matched_prior_exact,1,0,"{""condition_id"":""pd_095"",""evaluation"":""stationary"",""stage"":""c1-sensitivity""}",d6a45689f8c015d047506b0521b3bb8739ec6480e1dcbc30a7bddda4e459b8cc,pd_095,p_d,2660161402,3736408922,none,none,revision_C_base@f0684f8459a1,f0684f8459a1f1424f630778b2c606434d0bce08,27784880a3418d09b46f5afe2a7042757968dd5494a542fdab85e6a06fc60fb2,c1-sensitivity_20260826_073133_703049_c676526b,c676526b916d560a4651031b0ad6002a640325534681ef2670109fbd500a6bef,evidence,revision_B_base,revision_B_base,5,200000.0,xlarge,45.0,80.0,5.0,0.5,1.0
10,46,dynamic_3step,0.5,0.95,10000.0,0.2728833275322802,7176.731249923011,0.2728957690385626,16.94640611395956,0.9409904381332953,10337,8758,8759,8809,8810,200001.98317185996,361.71918623079546,4155,"[[334302.55779995414,5724998.180605194],[334268.36899595597,5725091.779270053],[334306.1917090609,5725001.975158726],[334218.91864908,5724949.808111246],[334193.22153253027,5725007.498045916]]",9ee63faabcca9d7ea56158b9a7b93c43e3bd66789637b328ac894e71f26729ce,76ecbf8db3195e4144dedaadfc76def9dc49d33ead64190dba53898221e6ec13,none,stationary,matched_prior_exact,1,0,"{""condition_id"":""pd_095"",""evaluation"":""stationary"",""stage"":""c1-sensitivity""}",d6a45689f8c015d047506b0521b3bb8739ec6480e1dcbc30a7bddda4e459b8cc,pd_095,p_d,2660161402,3736408922,none,none,revision_C_base@f0684f8459a1,f0684f8459a1f1424f630778b2c606434d0bce08,27784880a3418d09b46f5afe2a7042757968dd5494a542fdab85e6a06fc60fb2,c1-sensitivity_20260826_073133_703049_c676526b,c676526b916d560a4651031b0ad6002a640325534681ef2670109fbd500a6bef,evidence,revision_B_base,revision_B_base,5,200000.0,xlarge,45.0,80.0,5.0,0.5,1.0
10,46,online_static_3step,0.5,0.8,2000.0,0.14293529816712947,7684.491043820089,0.14304686988030732,62.30304101838755,0.9839494191029156,2828,8809,8810,8809,8810,200010.1904282522,376.0740235291887,4051,"[[334302.55779995414,5724998.180605194],[334268.36899595597,5725091.779270053],[334306.1917090609,5725001.975158726],[334218.91864908,5724949.808111246],[334193.22153253027,5725007.498045916]]",9ee63faabcca9d7ea56158b9a7b93c43e3bd66789637b328ac894e71f26729ce,fa4519f950dd49990ec24fd22f83a8dfbf45b7a8bd0c8595d0458a7aa24600db,none,stationary,matched_prior_exact,1,0,"{""condition_id"":""tau_2000"",""evaluation"":""stationary"",""stage"":""c1-sensitivity""}",c6bec9d7ef8d6cc4c988a25905b1e25ac861fe33d4c60bda138851fd7ea3ac8b,tau_2000,tau,1631991331,227094638,none,none,revision_C_base@f0684f8459a1,f0684f8459a1f1424f630778b2c606434d0bce08,27784880a3418d09b46f5afe2a7042757968dd5494a542fdab85e6a06fc60fb2,c1-sensitivity_20260826_073133_703049_c676526b,c676526b916d560a4651031b0ad6002a640325534681ef2670109fbd500a6bef,evidence,revision_B_base,revision_B_base,5,200000.0,xlarge,45.0,80.0,5.0,0.5,1.0
10,46,dynamic_3step,0.5,0.8,2000.0,0.2866174368379767,7101.062625806014,0.28681507174017323,15.345352704358481,0.9348336907423461,11426,8766,8767,8809,8810,200014.99206199776,358.10965122142807,4190,"[[334302.55779995414,5724998.180605194],[334268.36899595597,5725091.779270053],[334306.1917090609,5725001.975158726],[334218.91864908,5724949.808111246],[334193.22153253027,5725007.498045916]]",9ee63faabcca9d7ea56158b9a7b93c43e3bd66789637b328ac894e71f26729ce,c0fef0358e129cbc3e4a03677bb78c9195d310175728210f23815abc96b475cf,none,stationary,matched_prior_exact,1,0,"{""condition_id"":""tau_2000"",""evaluation"":""stationary"",""stage"":""c1-sensitivity""}",c6bec9d7ef8d6cc4c988a25905b1e25ac861fe33d4c60bda138851fd7ea3ac8b,tau_2000,tau,1631991331,227094638,none,none,revision_C_base@f0684f8459a1,f0684f8459a1f1424f630778b2c606434d0bce08,27784880a3418d09b46f5afe2a7042757968dd5494a542fdab85e6a06fc60fb2,c1-sensitivity_20260826_073133_703049_c676526b,c676526b916d560a4651031b0ad6002a640325534681ef2670109fbd500a6bef,evidence,revision_B_base,revision_B_base,5,200000.0,xlarge,45.0,80.0,5.0,0.5,1.0
10,46,online_static_3step,0.5,0.8,32000.0,0.14293529816712947,7684.491043820089,0.14304686988030732,62.30304101838755,0.9839494191029156,2828,8809,8810,8809,8810,200010.1904282522,375.07837020698935,4051,"[[334302.55779995414,5724998.180605194],[334268.36899595597,5725091.779270053],[334306.1917090609,5725001.975158726],[334218.91864908,5724949.808111246],[334193.22153253027,5725007.498045916]]",9ee63faabcca9d7ea56158b9a7b93c43e3bd66789637b328ac894e71f26729ce,fa4519f950dd49990ec24fd22f83a8dfbf45b7a8bd0c8595d0458a7aa24600db,none,stationary,matched_prior_exact,1,0,"{""condition_id"":""tau_32000"",""evaluation"":""stationary"",""stage"":""c1-sensitivity""}",8a58528425303c8d4847dd0f657d9dd8b3e59f2d0adcd442e9348c96ebfaa71e,tau_32000,tau,3803912362,3565178043,none,none,revision_C_base@f0684f8459a1,f0684f8459a1f1424f630778b2c606434d0bce08,27784880a3418d09b46f5afe2a7042757968dd5494a542fdab85e6a06fc60fb2,c1-sensitivity_20260826_073133_703049_c676526b,c676526b916d560a4651031b0ad6002a640325534681ef2670109fbd500a6bef,evidence,revision_B_base,revision_B_base,5,200000.0,xlarge,45.0,80.0,5.0,0.5,1.0
10,46,dynamic_3step,0.5,0.8,32000.0,0.29633410484514766,7061.584863097028,0.29655340472140657,13.539161972374412,0.9261401848917665,12959,8772,8773,8809,8810,200012.55438787938,336.57883449387737,4229,"[[334302.55779995414,5724998.180605194],[334268.36899595597,5725091.779270053],[334306.1917090609,5725001.975158726],[334218.91864908,5724949.808111246],[334193.22153253027,5725007.498045916]]",9ee63faabcca9d7ea56158b9a7b93c43e3bd66789637b328ac894e71f26729ce,11bd00239fceb5beb03b7a74eebbcbc90cdc13030780346a137585cdb964993a,none,stationary,matched_prior_exact,1,0,"{""condition_id"":""tau_32000"",""evaluation"":""stationary"",""stage"":""c1-sensitivity""}",8a58528425303c8d4847dd0f657d9dd8b3e59f2d0adcd442e9348c96ebfaa71e,tau_32000,tau,3803912362,3565178043,none,none,revision_C_base@f0684f8459a1,f0684f8459a1f1424f630778b2c606434d0bce08,27784880a3418d09b46f5afe2a7042757968dd5494a542fdab85e6a06fc60fb2,c1-sensitivity_20260826_073133_703049_c676526b,c676526b916d560a4651031b0ad6002a640325534681ef2670109fbd500a6bef,evidence,revision_B_base,revision_B_base,5,200000.0,xlarge,45.0,80.0,5.0,0.5,1.0
10,46,online_static_3step,0.5,0.8,128000.0,0.14293529816712947,7684.491043820089,0.14304686988030732,62.30304101838755,0.9839494191029156,2828,8809,8810,8809,8810,200010.1904282522,358.3922991750296,4051,"[[334302.55779995414,5724998.180605194],[334268.36899595597,5725091.779270053],[334306.1917090609,5725001.975158726],[334218.91864908,5724949.808111246],[334193.22153253027,5725007.498045916]]",9ee63faabcca9d7ea56158b9a7b93c43e3bd66789637b328ac894e71f26729ce,fa4519f950dd49990ec24fd22f83a8dfbf45b7a8bd0c8595d0458a7aa24600db,none,stationary,matched_prior_exact,1,0,"{""condition_id"":""tau_128000"",""evaluation"":""stationary"",""stage"":""c1-sensitivity""}",a5c02adbe48ed5ee84f4ce8296410944cac16371cf65714dbb3f0b6d5aca5bba,tau_128000,tau,1582462968,2287620919,none,none,revision_C_base@f0684f8459a1,f0684f8459a1f1424f630778b2c606434d0bce08,27784880a3418d09b46f5afe2a7042757968dd5494a542fdab85e6a06fc60fb2,c1-sensitivity_20260826_073133_703049_c676526b,c676526b916d560a4651031b0ad6002a640325534681ef2670109fbd500a6bef,evidence,revision_B_base,revision_B_base,5,200000.0,xlarge,45.0,80.0,5.0,0.5,1.0
10,46,dynamic_3step,0.5,0.8,128000.0,0.2972458432531483,7123.60517668205,0.2974350387218008,15.269462121872548,0.9345098083993697,11471,8757,8758,8809,8810,200013.8539712736,240.07312835706398,4220,"[[334302.55779995414,5724998.180605194],[334268.36899595597,5725091.779270053],[334306.1917090609,5725001.975158726],[334218.91864908,5724949.808111246],[334193.22153253027,5725007.498045916]]",9ee63faabcca9d7ea56158b9a7b93c43e3bd66789637b328ac894e71f26729ce,07e72529e73c4827dbacda4637e256ddd6aadc8b6ace70d884b708fe21a4efcb,none,stationary,matched_prior_exact,1,0,"{""condition_id"":""tau_128000"",""evaluation"":""stationary"",""stage"":""c1-sensitivity""}",a5c02adbe48ed5ee84f4ce8296410944cac16371cf65714dbb3f0b6d5aca5bba,tau_128000,tau,1582462968,2287620919,none,none,revision_C_base@f0684f8459a1,f0684f8459a1f1424f630778b2c606434d0bce08,27784880a3418d09b46f5afe2a7042757968dd5494a542fdab85e6a06fc60fb2,c1-sensitivity_20260826_073133_703049_c676526b,c676526b916d560a4651031b0ad6002a640325534681ef2670109fbd500a6bef,evidence,revision_B_base,revision_B_base,5,200000.0,xlarge,45.0,80.0,5.0,0.5,1.0
