dataset,planning_seed,control,method,dPdet,dRMST_rel,dL,H_common,exposure_multiplicity_control,exposure_multiplicity_method,revisit_fraction_control,revisit_fraction_method,replans_control,replans_method,planner_wall_time_control,planner_wall_time_method,initial_positions_hash,planning_seed_common,w
1,42,random_uniform_n8_uncoordinated,online_static_3step,0.2154509623199503,0.07538169472638492,0.21565322573399,8677.0,,26.572261429886467,0.9977262720719181,0.9623667709788796,8000.0,4219.0,0.0,407.1081165997312,e1541ec4c3203a188985ea123665c7c591f0a562c0e752375a546fd88a55f8b9,42,
1,43,random_uniform_n8_uncoordinated,online_static_3step,0.18200968980793406,0.045900340756151285,0.1820988569435025,8800.0,,32.17416144489495,0.9966220869599438,0.9689191588811814,8000.0,4919.0,0.0,471.8838514690288,523844ed78a0f583e442b643c9217c5abbf3c0623bfd68739147060cf00e4cb4,43,
1,44,random_uniform_n8_uncoordinated,online_static_3step,0.2194680407382056,0.08265480705719294,0.21965404194534188,8676.0,,25.704022561971204,0.9972120727091437,0.9610955834796268,8000.0,4234.0,0.0,412.6985668281559,2dab5376247a9528a31142c1fd9440d80012f57468cb93f8a65ac77b40067382,44,
1,45,random_uniform_n8_uncoordinated,online_static_3step,0.12838252951928236,0.03919109540407902,0.12845705227980275,8670.0,,48.3993851313583,0.9963028145891067,0.9793385804946498,8000.0,3929.0,0.0,380.4902595146559,ca931493022139a148c52ef6d877841359de94e3965a4155825ef527a006aee9,45,
1,46,random_uniform_n8_uncoordinated,online_static_3step,0.23270120126926375,0.08601264573064653,0.23288824790539803,8626.0,,22.55229357798165,0.9964748975947905,0.9556586119925148,8000.0,4148.0,0.0,403.1078805422876,c3a107a1fc646545ced1bed510f83f2557068c38968fadd0196b04e59ec82149,46,
1,47,random_uniform_n8_uncoordinated,online_static_3step,0.21660255090887784,0.04258957443323188,0.2168514037922539,8943.0,,26.5136660724896,0.9970499536796736,0.9622836013222028,8000.0,4051.0,0.0,396.4174379473552,2fe61a766d51c57514713696731290ae92df7697333ae2dbc77e0f14e0d3ee88,47,
1,48,random_uniform_n8_uncoordinated,online_static_3step,0.287826387766693,0.1140934947744884,0.2881013573483189,8710.0,,16.098961231682434,0.9968283778104644,0.9378841910599784,8000.0,4320.0,0.0,430.641050035134,4aae7d3fd5610a876fe9bbaab463a83d8aeb4baf283a46ff967cce3f9e26de26,48,
1,49,random_uniform_n8_uncoordinated,online_static_3step,0.19619832914672222,0.0702082381483179,0.19630725585858053,8619.0,,27.639562911778885,0.9960183144416457,0.9638199777908268,8000.0,4174.0,0.0,403.8801183346659,8542f702a4f00f38f331770accdb832ab7fd5821d0a61dc5c15feb3cec0e38d0,49,
1,50,random_uniform_n8_uncoordinated,online_static_3step,0.24334212111790152,0.10425674962940454,0.2436144341217238,8593.0,,20.74228675136116,0.9964923113303599,0.9517893079009536,8000.0,4166.0,0.0,403.8514762602281,0bcd08d9c5dd844ced37907c5e74335e22a8594076973ffb45d7b8eedb9ffc21,50,
1,51,random_uniform_n8_uncoordinated,online_static_3step,0.19159807716572608,0.040806189958529845,0.19168553002575256,8976.0,,28.973152191492805,0.9956329583587804,0.9654852881249966,8000.0,3549.0,0.0,346.48162174387835,6fd43b0bf15e2a3328db22762d4ed33f7ce69b03a8096df04e90603800be5e91,51,
2,42,random_uniform_n8_uncoordinated,online_static_3step,0.06583064759800397,0.02376007486448948,0.0659554549111504,8351.0,,56.400428265524624,0.9959488957791165,0.982269638179126,8000.0,5453.0,0.0,524.5087883931119,c360e77cbf9208eb59f877768a341b1ee56109539a0141aec1c11cf00737f360,42,
2,43,random_uniform_n8_uncoordinated,online_static_3step,0.12603127870471503,0.06094017424021288,0.12625707731962424,8358.0,,26.349201065246337,0.9972935602461352,0.9620481851603856,8000.0,4996.0,0.0,480.1176754131448,0e62c4ad1d0e7742f7978514de246c25478a67dddee6715440c3ab32561d520e,43,
2,44,random_uniform_n8_uncoordinated,online_static_3step,0.09755027175508361,0.04467050687037982,0.09763126282703014,8353.0,,29.85798273011207,0.9965448513696026,0.966508119150612,8000.0,4672.0,0.0,454.8247925757896,0d70ca331d92c748ebc27f4e7e5d1e311ed527bdd2afd7634f04394859659ace,44,
2,45,random_uniform_n8_uncoordinated,online_static_3step,0.0604195964032362,0.020152841189825625,0.060504450712182994,8364.0,,64.68677204658901,0.9963881641910406,0.9845408888345862,8000.0,4890.0,0.0,466.0630871851463,d3425e91c12782ca0d0e0fe9d88923d1b43baad26303f808c7533aaf5e56dc57,45,
2,46,random_uniform_n8_uncoordinated,online_static_3step,0.08875279530392846,0.035225794971057565,0.08887800752857827,8347.0,,31.035636936404803,0.9966368153985341,0.9677789760832328,8000.0,5894.0,0.0,569.4709375947714,43df327920651f8d8a2868d63fa20f885db7a645919e512e13e92d1dd7209fd1,46,
2,47,random_uniform_n8_uncoordinated,online_static_3step,0.06818493315616037,0.025135334371488977,0.0682997738977086,8355.0,,58.31326644370122,0.9965293040893852,0.9828512436194008,8000.0,5964.0,0.0,578.6644838263746,275881b972784a9f8e6b86ab40792a272b8569d6f6dc28fe2693be4b2c7c573e,47,
2,48,random_uniform_n8_uncoordinated,online_static_3step,0.1268552855745163,0.06692828299900154,0.1270652813069736,8351.0,,27.10402172068556,0.9966577978164279,0.963105106308382,8000.0,4918.0,0.0,484.0591182592325,19b73fb426414f211462ff0536025acdb560a71b5a028919bca41bf59c86e5dd,48,
2,49,random_uniform_n8_uncoordinated,online_static_3step,0.06652472645099963,0.020389050030246006,0.06662669732623216,8367.0,,67.47014297729184,0.9971362665303608,0.9851786293036824,8000.0,5179.0,0.0,488.970471998211,09f72ed3d5d6cacb4e058c3689636ec44d588e9249e5745b6f94c551a290cf51,49,
2,50,random_uniform_n8_uncoordinated,online_static_3step,0.06486090543022507,0.021255676428745422,0.0650020277110271,8356.0,,71.47397512666974,0.9976613626984076,0.9860088934716762,8000.0,5202.0,0.0,505.019051367417,183fe4afcb85edee069d5b151e37e11888df8765dd48e3eecba569d08da25f47,50,
2,51,random_uniform_n8_uncoordinated,online_static_3step,0.07270084562596447,0.02750305340743383,0.07275647768625283,8366.0,,56.76725062567037,0.9965484720275598,0.9823842093992872,8000.0,4959.0,0.0,478.4262650385499,001beb6e33cb37583676d8d112256ff90d3d3140f42e48beadce4b812ef2864d,51,
3,42,random_uniform_n8_uncoordinated,online_static_3step,0.08603586114951552,0.03975527984602231,0.08617294623228924,8351.0,,53.58998646820027,0.9971591841019282,0.9813397974900891,8000.0,4488.0,0.0,425.1681076728273,78b6301a32ee11bae9bf04eef594a95993c53cd686772fc110d159875c7841a7,42,
3,43,random_uniform_n8_uncoordinated,online_static_3step,0.10541331991346783,0.050239711297398196,0.105612061061018,8343.0,,33.43792662116041,0.9970090515545061,0.9700938395095594,8000.0,4535.0,0.0,431.5787552017719,b9d2ab5419352c1afc371a6279089c81c3dfdc4fe2474fec5333de4544414dd3,43,
3,44,random_uniform_n8_uncoordinated,online_static_3step,0.05404158180237979,0.015842039055429177,0.054137716133486107,8332.0,,76.65466926070039,0.9971791532223757,0.986954480273093,8000.0,5612.0,0.0,518.4244606201537,351cb2554f5e89c3f1a6b1a3b921b60e1688240503236848ab0bc5c9ea628dae,44,
3,45,random_uniform_n8_uncoordinated,online_static_3step,0.07654463682808454,0.03444759909268982,0.0766667889504042,8342.0,,50.50633322507308,0.9953277458503437,0.980200502864786,8000.0,5018.0,0.0,480.0388728152029,910e0ca2c86a2a47bedd9112f87bcc58f08489b378793c46b82c663831053eb5,45,
3,46,random_uniform_n8_uncoordinated,online_static_3step,0.07806191189914825,0.033092808362191105,0.07815616284942255,8339.0,,54.119777158774376,0.9964567626621523,0.981522466416182,8000.0,5206.0,0.0,496.2212015672121,e6b98d203c415f1a8c34b2b75a7e204e2d3e4b39022e095555c1486ea3c1d277,46,
3,47,random_uniform_n8_uncoordinated,online_static_3step,0.1538429215271718,0.07621008722634035,0.15411587864696166,8345.0,,21.289017341040463,0.996888917998428,0.953027423296226,8000.0,5500.0,0.0,535.8942626772914,dd3015a867cfc996eabb6fc00f5a1173d0286567e2c9082ab2bd0f83d5aa65a3,47,
3,48,random_uniform_n8_uncoordinated,online_static_3step,0.07852542910531388,0.036374724479284824,0.0786551696828483,8338.0,,48.82037617554859,0.9958200389168791,0.9795167493916024,8000.0,3947.0,0.0,379.14519764017314,aaec7a1c34c54a1bd039a1b8c18a5480353cfb7128f567430addb23f51f49801,48,
3,49,random_uniform_n8_uncoordinated,online_static_3step,0.12441067131317843,0.055806741212542754,0.12457405614500867,8342.0,,25.37805652588123,0.9971122868592682,0.9605958793976136,8000.0,4837.0,0.0,473.955266494304,650bb640d69c5e47dcd172790ed6271ade9dfaec816e703b4a3b9ca43387318b,49,
3,50,random_uniform_n8_uncoordinated,online_static_3step,0.05722054282214414,0.016362766888773188,0.05733417814825243,8335.0,,72.55529522024368,0.9971574162616749,0.9862174084336026,8000.0,5115.0,0.0,484.00492344168015,d620740098c790fc78b4cb8f00f8ec0164078ac4feaddb4fe434d42b87e1dc1b,50,
3,51,random_uniform_n8_uncoordinated,online_static_3step,0.09407420799557789,0.0371939638196279,0.09424237684891887,8329.0,,30.92652577523208,0.996557015818053,0.9676652978330704,8000.0,4584.0,0.0,444.0480830036104,66afefe803e1184e4b350ee305372fb8b28c8ad5acae401c4045a26a80212f03,51,
4,42,random_uniform_n8_uncoordinated,online_static_3step,0.23546189903352457,0.09743433132143695,0.2355921667723303,8499.0,,13.30215374941047,0.9956640278553363,0.9248242037463806,8000.0,4056.0,0.0,405.7055661061313,e498e96b657afb256b2918c44380f7421f2918a14b059ff7d8591b56c2a7d59e,42,
4,43,random_uniform_n8_uncoordinated,online_static_3step,0.18823115431139656,0.058170567924201236,0.18837679183150252,8559.0,,21.17952853598015,0.9976475690451627,0.9527845958279392,8000.0,4034.0,0.0,389.6540426376741,06e33eab45f5ec3553180be796337fcdf0dd1f787782f856cebb6255f584c18d,43,
4,44,random_uniform_n8_uncoordinated,online_static_3step,0.1572302362175479,0.046735421970381955,0.15726037772696494,8492.0,,24.984190307328607,0.9959921548563145,0.9599746884850348,8000.0,4092.0,0.0,403.0779402924236,12446b23479058cee913864dc4421ab4fa14764cf1988ed1c3a55e0d83d9031c,44,
4,45,random_uniform_n8_uncoordinated,online_static_3step,0.23623141942568995,0.1003107882753359,0.23641094628156664,8506.0,,14.274606132475013,0.9968305006890216,0.9299455276930564,8000.0,4109.0,0.0,412.7596623690333,1c0559b8be6391e094d7b2c47bd536b82d581afc126f163e1a71db87212b3092,45,
4,46,random_uniform_n8_uncoordinated,online_static_3step,0.24796578685602622,0.0997021898786238,0.24815881069597623,8534.0,,13.28031545248692,0.9969191152802686,0.9247005838394649,8000.0,4073.0,0.0,407.2058432751801,8a9b527e4b246b75a30334ce72e2bdbdfdf449c2051505e1daa58cd0aae3005e,46,
4,47,random_uniform_n8_uncoordinated,online_static_3step,0.22868202023631953,0.09591169078641025,0.2289009471539782,8498.0,,14.779406631762653,0.9962721403305763,0.9323382849585528,8000.0,3906.0,0.0,392.342152862344,2debedf1b10eb820ab15a9015a7e2e5dd7866ce1f7af039aa5580e53d638af84,47,
4,48,random_uniform_n8_uncoordinated,online_static_3step,0.2366059891632874,0.09613034725068798,0.2368219142274666,8527.0,,14.529633759327558,0.9972541368595996,0.9311751406426172,8000.0,3803.0,0.0,383.8719407506287,ba002e38c24f199a8f6e5434dbfdf2107bd0f19251c779322e86fa423167fc88,48,
4,49,random_uniform_n8_uncoordinated,online_static_3step,0.23758091632242537,0.0879252838951867,0.23773690093805283,8500.0,,13.839509202453987,0.9972100412257437,0.9277431023476842,8000.0,3914.0,0.0,394.922385631362,3f6d8ab46fee186a9e0d7bec1db491193cfeb0d4d2eb1323ebdeaf0dce514342,49,
4,50,random_uniform_n8_uncoordinated,online_static_3step,0.21146883424788426,0.07763455089672229,0.21156766090274565,8511.0,,16.36435758513932,0.9958372728227755,0.938891582220856,8000.0,3848.0,0.0,382.6785409364384,384ea614ac4baa72a0a943592629cbbca19f3e54d3ab80827b4269ac1938bcc5,50,
4,51,random_uniform_n8_uncoordinated,online_static_3step,0.19428802912015555,0.07485533868968484,0.1943833239533675,8488.0,,18.96884455900482,0.9963046346314152,0.9472819761430706,8000.0,3803.0,0.0,384.784544978058,19677be8e58aae74569733e531a5da24d6cf6522eb51938616c433c21a4bc20f,51,
5,42,random_uniform_n8_uncoordinated,online_static_3step,0.09632369157150256,-0.015226283521662503,0.09643071967065389,8951.0,,48.31594594594595,0.9963949265828115,0.9793028992722452,8000.0,4379.0,0.0,417.08337106416,63820a06c24988cd5b14cbccaf1cbb0f000c4927355b2b7a32db181cb86fa4f5,42,
5,43,random_uniform_n8_uncoordinated,online_static_3step,0.18490713940952908,0.07932603847145324,0.18510073919470887,8525.0,,20.11317143198947,0.9967202555440169,0.9502813366165852,8000.0,4362.0,0.0,425.6294547819998,15302fde53c7fee4048af64173d8a7965beeae9b802b541137bfbc6b42210ff6,43,
5,44,random_uniform_n8_uncoordinated,online_static_3step,0.14200566873015513,0.015831694411072888,0.14219998104354564,8861.0,,29.12135682529228,0.9971779036418169,0.9656609406629196,8000.0,4094.0,0.0,397.45195149839856,e6265b5a69412f436535d76f517c6ae7f5215604635f74720122e9b3df094cf3,44,
5,45,random_uniform_n8_uncoordinated,online_static_3step,0.1368028254703509,0.017886713530970155,0.13699872792212905,8824.0,,33.044456949915585,0.9980689655172413,0.9697377384196184,8000.0,4566.0,0.0,446.90728522255085,6a9590a55b7d3d64a1c0a95cfe759aa6fe59dfd2c1c23c28d656c95d4c988917,45,
5,46,random_uniform_n8_uncoordinated,online_static_3step,0.1858888262667476,0.07164878435033908,0.186166048743393,8595.0,,20.7059323061992,0.9977589968717963,0.9517046619677876,8000.0,4423.0,0.0,437.5969752408564,36d82214567af5aa5284a473cb0f40d353b96ec9aceecea67bf3d36f4990047c,46,
5,47,random_uniform_n8_uncoordinated,online_static_3step,0.10337012056864313,-0.011866768801224175,0.10344390034246023,8947.0,,42.71271510516252,0.996751329001772,0.9765877678921158,8000.0,4313.0,0.0,418.1552520880941,67f83638cfd623cd3b9779585e573e058ccacbe460f81f880259dd5c54027f56,47,
5,48,random_uniform_n8_uncoordinated,online_static_3step,0.18667719490509763,0.04093220990482133,0.1869089288212815,8841.0,,21.743403205918614,0.9971000990690138,0.9540090394070512,8000.0,3998.0,0.0,391.2171831007581,096d75f1a2a4ad7097adefed71cdbf20124d138d7ae6e149970f4c9c1a6e5cd3,48,
5,49,random_uniform_n8_uncoordinated,online_static_3step,0.1335189112752359,0.005451566420927301,0.1336756492495673,8988.0,,31.294261294261293,0.996233286441146,0.9680452594615684,8000.0,4236.0,0.0,414.5504486935679,6e26f93fd2805cf3cc1744ab108d70ccb3eee9161153ee8e1978b8fcc8a5f3c6,49,
5,50,random_uniform_n8_uncoordinated,online_static_3step,0.13472851388726453,0.02034262539084764,0.1348832324224133,8792.0,,31.270260621206717,0.9973213934006486,0.9680207334338036,8000.0,4622.0,0.0,449.4463568904903,28a17723e483e361e906553b02d9b7735f2e72540a6ab861c38f893f918280ba,50,
5,51,random_uniform_n8_uncoordinated,online_static_3step,0.19928049798275094,0.0755133775861948,0.19954270482835,8510.0,,18.59617947578854,0.9975951745798126,0.946225513616818,8000.0,4045.0,0.0,405.6416730138008,085478ade9679704a3f3853de68fe8e1c6a3b2b9328ccb65101897cc1e0d46f2,51,
6,42,random_uniform_n8_uncoordinated,online_static_3step,0.22493278547550397,0.07831445758105131,0.22501890646614509,8518.0,,13.998433893834488,0.9956688333453826,0.9285634373399124,8000.0,4114.0,0.0,405.6163976539392,18b2f0f369843e76e9c50d96b6e34fd31bf7bda2e8a89b0bec71629b106e9456,42,
6,43,random_uniform_n8_uncoordinated,online_static_3step,0.26303907113167974,0.09655149519034052,0.2631731006199202,8509.0,,11.30243869936034,0.9973935422876427,0.9115235192510628,8000.0,3927.0,0.0,392.8215494926553,bc38415fe8b1b692a07e76893173e91311c7cc58998e875fd881d7e9caf4f565,43,
6,44,random_uniform_n8_uncoordinated,online_static_3step,0.24934677977060699,0.09348010439727689,0.2495008605940484,8512.0,,12.031416211616197,0.9967782997821579,0.9168842651262856,8000.0,4107.0,0.0,415.7466882786248,11931ba3b2606720673fab484cd387b8c38bd1122400df06ded2cf949a538117,44,
6,45,random_uniform_n8_uncoordinated,online_static_3step,0.23138579291750203,0.08120808797074297,0.23148450475513166,8494.0,,13.678083851684304,0.9964967859818858,0.926890344375476,8000.0,4032.0,0.0,407.3811656336766,12552005c3b7dcefe6e0faf61ca7b7f591652f85e619dc40510fcf51611ff1a7,45,
6,46,random_uniform_n8_uncoordinated,online_static_3step,0.2316484194641558,0.0746143393164309,0.23177737966765766,8501.0,,13.21492117995942,0.9966722020570649,0.92432796333916,8000.0,4219.0,0.0,420.9542664263863,d149dc67b56dcaf541d65edc8d6897fe37b1f06d852ebca5858e5266f5dbac25,46,
6,47,random_uniform_n8_uncoordinated,online_static_3step,0.19491023124516835,0.05800455346747507,0.19503013683930415,8502.0,,17.930119462945342,0.9972737902854966,0.9442279231844152,8000.0,3973.0,0.0,399.3502298016101,6069ba6c504dc099683bda0ad8071d3118351515ee682d0db0c79422570e4068,47,
6,48,random_uniform_n8_uncoordinated,online_static_3step,0.22945794112619644,0.07906259602808172,0.2296004795299969,8506.0,,13.90489464622448,0.9972306076912981,0.9280828783358296,8000.0,3827.0,0.0,379.9702919225674,0c5ebd0726da0e28847294133027a59d77d46fefc0ba8c7ad9525095d8a96825,48,
6,49,random_uniform_n8_uncoordinated,online_static_3step,0.23180741112342534,0.082315950460036,0.23193911010604268,8490.0,,13.657518766647833,0.9965873224618622,0.92678025803325,8000.0,4006.0,0.0,403.2955556605011,bd2fe3251942199c9fb0a19883f0e4a31bbd2de8f045df6a2fafccc8ea790d4f,49,
6,50,random_uniform_n8_uncoordinated,online_static_3step,0.2283457420614315,0.07958657178605531,0.22842932659972068,8507.0,,14.01347028119212,0.9972322242554225,0.9286400884339028,8000.0,4242.0,0.0,425.9153158876579,53e8cf0d809f72f1d5e1250df324464f606775b46f1e1ed50186dea0e66da9fb,50,
6,51,random_uniform_n8_uncoordinated,online_static_3step,0.24564773688553532,0.08639106256003297,0.2457536226249951,8509.0,,12.0162227259847,0.9958159270644492,0.9167791723902112,8000.0,4104.0,0.0,417.4809783690144,b8ac6e56ffbb7f6f6d9b3e28a5e3ad271ca635c021faf58db48ad9ffc3929906,51,
7,42,random_uniform_n8_uncoordinated,online_static_3step,0.07905413396102715,0.03220127927143839,0.07908055050080079,8233.0,,24.62956629877196,0.9964147134392534,0.9593983918405472,8000.0,5622.0,0.0,541.4616831110325,006da335f256203469592a62a852eccffab880f7309f6633631136cbb4337c3b,42,
7,43,random_uniform_n8_uncoordinated,online_static_3step,0.03302433121980412,0.00490304376210017,0.03298041085428578,8246.0,,57.58216654384672,0.9962542394006783,0.9826335120746362,8000.0,4503.0,0.0,428.9485855111852,70146d654c8d3e205eae3a8c1c32c196b80ae26034bb8660a9cf58293ef56344,43,
7,44,random_uniform_n8_uncoordinated,online_static_3step,0.026704356574571667,-0.0002074855327682742,0.02669599272138456,8255.0,,40.003819709702064,0.995945264343873,0.975002387090614,8000.0,5735.0,0.0,550.3577397151385,11105a2cc12ea269694f1fa8b45ff83d4588344c41b1c28dbb5cea328ef765c7,44,
7,45,random_uniform_n8_uncoordinated,online_static_3step,0.050702954762284494,0.017566131005225746,0.050704442126875526,8263.0,,31.14429729195493,0.9957651840440526,0.9678913930654548,8000.0,4465.0,0.0,436.69600822078064,b98c42be92a0d05dad7817d60024cbaa2a663d58f33ed7d93a3770ce5fd54421,45,
7,46,random_uniform_n8_uncoordinated,online_static_3step,0.07809790616117943,0.03582739816973704,0.07815137466724224,8253.0,,24.00946420393833,0.9955742058158213,0.9583497577661076,8000.0,5282.0,0.0,512.502536212327,72b2a4b6cfa190859e858989a9c94ff8592eebd82cfee1e5bcbe8e4fddf368a3,46,
7,47,random_uniform_n8_uncoordinated,online_static_3step,0.07989641756708357,0.03637564833525731,0.07995606678531951,8267.0,,24.276194852941178,0.9959345595226387,0.9588073828679604,8000.0,5411.0,0.0,528.6974501479417,b7d406c52d39becdb0bc74a2cb1a4d4b67e866429a333098a2a57fcb23220f96,47,
7,48,random_uniform_n8_uncoordinated,online_static_3step,0.0314933323235626,-0.0002570419771813499,0.031498144667077406,8272.0,,61.69616752271829,0.9971015633196937,0.983791537786658,8000.0,5270.0,0.0,496.5655325029511,b85f9723792ce7b18415898fc551ccbb69b3a52f396789496392181de2ff1369,48,
7,49,random_uniform_n8_uncoordinated,online_static_3step,0.05893387493024587,0.020907145153170898,0.058966126899573215,8261.0,,30.668936004668357,0.9972489683631361,0.9673937172177156,8000.0,4641.0,0.0,449.3642921349965,7137273470d24672442ea78e63e70285e5d060f4e2f115c218a2de9cd51b6c0a,49,
7,50,random_uniform_n8_uncoordinated,online_static_3step,0.07331543691525859,0.03542955214078067,0.07336109409795219,8264.0,,27.15844646846537,0.9973348699848736,0.9631790426171418,8000.0,4893.0,0.0,478.4625314264558,fdf9951f218e61b913618a579bd13a77417b8831a28d26d86ea79bbbe03fffcf,50,
7,51,random_uniform_n8_uncoordinated,online_static_3step,0.05549786214631258,0.017497219096740218,0.055507852544550734,8275.0,,31.455670926517573,0.9970816610267307,0.9682092299879388,8000.0,4162.0,0.0,406.9891863402445,a8f19df2d616560c37b26732016a8ecb989b028f1788c364e916ef8c4d117ae0,51,
8,42,random_uniform_n8_uncoordinated,online_static_3step,0.053343906724071716,0.01108915168981018,0.05340137849917021,8310.0,,64.36855036855037,0.9967155940448017,0.984464462936102,8000.0,5210.0,0.0,490.0017364174128,32b2471b3d12212837087f0a422add5ae2f1e62927eb0f87dea0b211a06ace91,42,
8,43,random_uniform_n8_uncoordinated,online_static_3step,0.0747658947624639,0.01950258571929448,0.07489046275067346,8327.0,,36.669601482854496,0.9969759387053606,0.9727294554736962,8000.0,4724.0,0.0,448.5950508257374,c99ca94f24e1b26a7d442de52a2afe0f64b92812fe32e0c1bd920b2f3dc22673,43,
8,44,random_uniform_n8_uncoordinated,online_static_3step,0.1383738682100838,0.06208292876658307,0.13857283893890213,8317.0,,22.41659681475273,0.9971817139111913,0.9553901955651948,8000.0,4840.0,0.0,470.1128616339993,bf7607d2a46399450a0d8b28872bd4c19dccec9466d594d05291e33f5dcba1a3,44,
8,45,random_uniform_n8_uncoordinated,online_static_3step,0.07090651350092789,0.01538695353552472,0.07094865395792938,8330.0,,35.13803680981595,0.9965275270610013,0.9715408118725448,8000.0,3896.0,0.0,370.7962358316872,3817024ade47e07a7028ead4058f033bc30b91d440465fe8d5fe88b072985209,45,
8,46,random_uniform_n8_uncoordinated,online_static_3step,0.04110846245513331,0.0015814293687527552,0.041163846998835275,8329.0,,78.9773413897281,0.9973235020139335,0.9873381405045616,8000.0,4861.0,0.0,465.0088299473282,47ea3bba2b374311d16d10262081da457e91f256359e5d49dd192c45e22de269,46,
8,47,random_uniform_n8_uncoordinated,online_static_3step,0.039197041418820265,-0.0011687933350912354,0.03925393666431267,8332.0,,81.71167883211679,0.997186017985871,0.9877618473357452,8000.0,5718.0,0.0,547.5383636434563,88d79954925bc69736435b2bc74a414fad492fcb95589cc19fe5a6c73f7f738c,47,
8,48,random_uniform_n8_uncoordinated,online_static_3step,0.04709060245250462,0.006622646476948887,0.0471556192256675,8336.0,,61.224251846094056,0.9965641146693944,0.9836666031866946,8000.0,4920.0,0.0,473.2836359471548,2e2e98e8cdf30eef13a50b84c06a861b953f35bf1793101dafa6be23247bccc1,48,
8,49,random_uniform_n8_uncoordinated,online_static_3step,0.050185444159926755,0.009832542263096426,0.05023924785932546,8314.0,,53.49366244162776,0.9972019888210915,0.9813061967650616,8000.0,4344.0,0.0,410.08929367316887,0824f1280a294646d9378cd3d74b51dd9480122935da854e9a838cb61501e619,49,
8,50,random_uniform_n8_uncoordinated,online_static_3step,0.11055331278810986,0.04368485646762657,0.1106564979334994,8337.0,,29.92703461178672,0.9975237146900058,0.9665853963490872,8000.0,4079.0,0.0,397.7566745148506,5a03652e5dd3ba14a53b5cce1320cfeead6ca949bf967b214e4616f1abb129c9,50,
8,51,random_uniform_n8_uncoordinated,online_static_3step,0.0897428126472984,0.03409205941161547,0.08985932433240885,8319.0,,40.58399589638369,0.9976408448396757,0.975359745192338,8000.0,4681.0,0.0,453.9528783480637,069d846a2f710ce798a3af54daf42587519189c532fccffe470dc20848f63c76,51,
9,42,random_uniform_n8_uncoordinated,online_static_3step,0.09776472226547156,0.007661120419464538,0.09791151267590059,8645.0,,31.08543182242119,0.9965078573210276,0.9678305900425443,8000.0,4740.0,0.0,448.374221455073,c21ac681a28d524ba2c2aba7c53608418f2920fa576b622294c38a0627a85b61,42,
9,43,random_uniform_n8_uncoordinated,online_static_3step,0.09704417139199707,0.015338872671336372,0.09717106761178214,8584.0,,30.52370492403441,0.9961908633168992,0.9672385772798964,8000.0,4558.0,0.0,434.88484069518745,deb2b2f84e199f043bbc4476ed39e16bebe91e248ae393526fbae280c6b20c9a,43,
9,44,random_uniform_n8_uncoordinated,online_static_3step,0.09178883440203853,0.007785270906786536,0.0919179294791118,8598.0,,32.63100351425224,0.9968500933792777,0.9693542982959984,8000.0,3707.0,0.0,354.22635243530385,bca89301fb405b616816165e673b9542c4d562b7afff0ba26ef7b6a5c862f66c,44,
9,45,random_uniform_n8_uncoordinated,online_static_3step,0.0855218574895789,-0.00791388304049741,0.08565823203900509,8593.0,,40.81128307538692,0.9976099959947735,0.9754969722918831,8000.0,4330.0,0.0,416.7028414634988,d8efc804e9914d11df73f75b4e7c46661a9e8cc1237021cc70dfa8b1258c9129,45,
9,46,random_uniform_n8_uncoordinated,online_static_3step,0.07875062485413,-0.002035338202646384,0.07883286202423741,8611.0,,35.57223183391003,0.996874692229408,0.9718881850127062,8000.0,4128.0,0.0,399.9376244144514,c17c9bbfbc9a8141f5edff55ab05d52e0b32f93a580fbc682603072e46e362fb,46,
9,47,random_uniform_n8_uncoordinated,online_static_3step,0.08104516559669624,0.0048270121404334005,0.08114930231084325,8600.0,,34.23783326280152,0.996545700513548,0.9707925442499752,8000.0,4422.0,0.0,430.0471902191639,6e417477935c001be575a76c54e46d2036a5823438e67c44937423041e547599,47,
9,48,random_uniform_n8_uncoordinated,online_static_3step,0.1075383492431429,0.013933189002285714,0.10773552231122095,8607.0,,29.30349991293749,0.9967562740488791,0.9658743835046646,8000.0,4329.0,0.0,420.1576863026712,9938e58799aed3b0b1b694cddd15fcff3f77f1b9394ca8278c1969e01368f0c7,48,
9,49,random_uniform_n8_uncoordinated,online_static_3step,0.045704296768382474,-0.028407243175916655,0.04574662020631733,8641.0,,84.38457502623295,0.9962546324283124,0.9881494929649272,8000.0,5578.0,0.0,533.8650613736827,c879d5179f0a05a4f4e607632d787b5803512f67a1687f23e98ab1ab883128cd,49,
9,50,random_uniform_n8_uncoordinated,online_static_3step,0.07298585612712988,-0.0025317594457388193,0.07310091460543315,8630.0,,58.83990233693756,0.9969360373186718,0.9830047304587004,8000.0,4156.0,0.0,397.310969126178,553f945b9e00083d9b72c2fbcfaf42e0edc9d812554e84e6aa7e7767cbe762f1,50,
9,51,random_uniform_n8_uncoordinated,online_static_3step,0.04483762698533851,-0.02687647728433113,0.04488056388087473,8612.0,,57.67568493150685,0.9972467358377742,0.9826616710111452,8000.0,4412.0,0.0,427.28908310830593,20bec67710b9f0d1b4d257eb5c0df7fbad75f9099c94fe6b78b3f589517c4c63,51,
10,42,random_uniform_n8_uncoordinated,online_static_3step,0.11179452213756466,-0.007111580584769164,0.11182092534520864,9037.0,,91.83993902439023,0.9955815344962489,0.989111491028599,8000.0,4426.0,0.0,417.4849241722841,3c195b87f1445e5f24bb317d5a82c31328f4e3a706c1cec8193eed5382ff055c,42,
10,43,random_uniform_n8_uncoordinated,online_static_3step,0.11246880076282893,0.02199232433147788,0.11243299085213113,8741.0,,84.52169673330083,0.9966455754482432,0.9881687183451204,8000.0,3307.0,0.0,313.42848435021006,5aae0438e1e54d69e9da0ba68887ca5e3f1f7a67ff645ed335b0fcf02051ca64,43,
10,44,random_uniform_n8_uncoordinated,online_static_3step,0.1218531086564874,0.00888973330761059,0.12194545618698337,8934.0,,83.92625645843118,0.9978942658226182,0.9880847777298956,8000.0,4049.0,0.0,389.54548727860674,c7b98fa8a6fd7a67d10513d55076aade048023f35a0553cb06267d4f6ef018b5,44,
10,45,random_uniform_n8_uncoordinated,online_static_3step,0.11376502604252732,-0.003993046781192493,0.1138173916099828,9074.0,,69.58665644171779,0.9963661020519674,0.9856294288138768,8000.0,5376.0,0.0,512.5694920052774,8a7e98c8245c80a6f01e0226d2d2656885f2cb7610bee2dc775b06c99ab4ad79,45,
10,46,random_uniform_n8_uncoordinated,online_static_3step,0.13666173322064828,0.034054828765287336,0.13673118492551423,8810.0,,62.30304101838755,0.9971046155061001,0.9839494191029156,8000.0,4051.0,0.0,392.2051641880535,9ee63faabcca9d7ea56158b9a7b93c43e3bd66789637b328ac894e71f26729ce,46,
10,47,random_uniform_n8_uncoordinated,online_static_3step,0.10492639094934693,-0.014215469656422959,0.10496022574592573,9074.0,,89.52738036507154,0.995696009266084,0.988830232763181,8000.0,3485.0,0.0,340.9408912844956,534d6bf750939fd4a2adea1cb6e5bf6962100438a5d1f081e7ea7ace1d556989,47,
10,48,random_uniform_n8_uncoordinated,online_static_3step,0.13750618721292096,0.01894942370617576,0.13759184637345243,8943.0,,63.46983676366217,0.9966783090290796,0.9842444844513524,8000.0,4869.0,0.0,474.4423299613409,f1d4268a7fc06b15f7692db6342f402bb3f8002b9b7058c5a0ea51e1aecefd26,48,
10,49,random_uniform_n8_uncoordinated,online_static_3step,0.11626118047039155,-0.003299055066703428,0.1162848086834414,9057.0,,69.32070417145044,0.9959657516666777,0.985574295415022,8000.0,4450.0,0.0,428.5519454665482,60433548930247880d436336dc0c24b5722e1f405496f3395bc41214162a99f6,49,
10,50,random_uniform_n8_uncoordinated,online_static_3step,0.12644697940263558,0.014943244893731769,0.12651484220555986,8951.0,,64.27935368043087,0.9959298726274055,0.984442905182719,8000.0,4818.0,0.0,470.9138019327074,8283a2834388f9c63cfd0cea6a48fcee18a5ba4c6e6ba3aa66a9c3f28824aa66,50,
10,51,random_uniform_n8_uncoordinated,online_static_3step,0.1061759478070064,0.011630971968153986,0.10623585079097499,8807.0,,92.41080797481636,0.9963937333727461,0.9891787549322962,8000.0,4564.0,0.0,445.7298083463684,511218dd01b3f07057afc14325022c4e82154b26ec43f956302ef375f1badadf,51,
11,42,random_uniform_n8_uncoordinated,online_static_3step,0.24300466482443345,0.11574519005667816,0.24327765274192328,8370.0,,14.065887172484423,0.9955747571033343,0.928906012984649,8000.0,3797.0,0.0,375.0347702777945,1cb1e79d07c1a001fd4c5b9ce4fe3d27ab95c671552b93dc4f89281a9b88aa3d,42,
11,43,random_uniform_n8_uncoordinated,online_static_3step,0.17991902655744868,0.09229923007400093,0.18012787764553412,8364.0,,20.35608491730437,0.9963426485265535,0.9508746399878732,8000.0,4265.0,0.0,415.9419459858909,34a093634a379cccc3f19c065026cb0f022e187ed8a6685ddd38a12cadcab079,43,
11,44,random_uniform_n8_uncoordinated,online_static_3step,0.20640077744019802,0.11006762723181987,0.20670530892539354,8369.0,,17.766344086021505,0.9965639337395528,0.9437137998026957,8000.0,4267.0,0.0,422.88199698133394,53530657e9075a9c22d32ae92ddfae87139fe25651b2690a9ce00c2e03351761,44,
11,45,random_uniform_n8_uncoordinated,online_static_3step,0.2362662334483748,0.12025703196591107,0.23648708139673158,8367.0,,15.56873571972582,0.9968701608881657,0.935768708647743,8000.0,4455.0,0.0,448.00006472389214,78629cfa8aed03ddf734cf5143bee3141caa6f77ea5469d53b714c177795bef9,45,
11,46,random_uniform_n8_uncoordinated,online_static_3step,0.17556295204978034,0.08555740164386923,0.1757802188730697,8372.0,,19.566509604929323,0.9971252108506882,0.9488922643746296,8000.0,4751.0,0.0,471.3394758987706,9cddbfb99279cd5eee03d82086dbbdfb37f31abd1b94d5722a8b423fcbd08769,46,
11,47,random_uniform_n8_uncoordinated,online_static_3step,0.16558117883705872,0.0868458078662122,0.16577279960602653,8368.0,,21.3648439515089,0.9971946199627697,0.9531941350814606,8000.0,4688.0,0.0,462.1189282378182,7dfb5c16d5299f4f2e7d16a845b7ee594f2c60af63bdb532d93b3c97fcb66b17,47,
11,48,random_uniform_n8_uncoordinated,online_static_3step,0.1760531618951025,0.07946834039831133,0.1762827563362538,8370.0,,18.911985018726597,0.9970499927888713,0.9471234775720369,8000.0,4590.0,0.0,457.3754261219874,eddf1fdc23cb0d0f7d0b5404a81fac5fb89d735cb21ef86307be72d6b98e7a2f,48,
11,49,random_uniform_n8_uncoordinated,online_static_3step,0.17561506317212988,0.0841348857762643,0.17581337171771835,8374.0,,22.324095250908112,0.9970580719560218,0.9552053514930544,8000.0,4658.0,0.0,458.9401721097529,6380ff17fae2c5dce548cb122f24b97936c86bc6bd9dfc0abfbb7641ad272364,49,
11,50,random_uniform_n8_uncoordinated,online_static_3step,0.11657831429365131,0.04431898138670324,0.11665404792290629,8369.0,,28.3843367258927,0.9970644317906311,0.9647693018280824,8000.0,4293.0,0.0,416.7818245722447,9cae9e36224ee0c7d837b747e56e56000fc8156e89997c5413d8629d86db3879,50,
11,51,random_uniform_n8_uncoordinated,online_static_3step,0.1412370676148548,0.0582535557616816,0.14139593855578067,8386.0,,25.71980825730633,0.9957981265281775,0.96111946131185,8000.0,3968.0,0.0,394.9565801813733,61c8419046bfe151beda93afc059c785c9ca6fa5dfa17d9d9d9f2df57ac44ef7,51,
12,42,random_uniform_n8_uncoordinated,online_static_3step,0.28759262458912316,0.10441442607427176,0.2879582034790291,8730.0,,15.42974913571492,0.9967111957199593,0.9351901323084172,8000.0,3906.0,0.0,382.5289197084494,82db6a1c9a9ed13f8f79da86e48b7fd3f71bd5159343271bdca145178b0f5a30,42,
12,43,random_uniform_n8_uncoordinated,online_static_3step,0.2507708676964603,0.08584355283034667,0.2510085310990371,8709.0,,18.18545760218556,0.9970976998286198,0.9450110070433522,8000.0,4468.0,0.0,434.8438092442229,df7c40000b9e2514790e87b9c5c450a338dfac30d97e741c6387877c23fbcb9a,43,
12,44,random_uniform_n8_uncoordinated,online_static_3step,0.2870220462725269,0.11439852946329013,0.28734532207941144,8682.0,,15.778061457098568,0.9964349259081747,0.9366208578462534,8000.0,4281.0,0.0,424.0127650464419,3f3925747fbdba406133e07145fc3885a3bba5237adea2ea92ccfe9b51e184d0,44,
12,45,random_uniform_n8_uncoordinated,online_static_3step,0.2661876396885689,0.11286455524293652,0.26643593415334443,8588.0,,16.696669931439764,0.9967017082785808,0.9401078176602746,8000.0,4308.0,0.0,431.0237622288987,06968ba1e3ca84ed6771d74ce719107af57f1b47cf067d90211c88be539aa365,45,
12,46,random_uniform_n8_uncoordinated,online_static_3step,0.24526128036851608,0.08146112054912313,0.24557502704946432,8740.0,,19.206060606060607,0.9966477803047233,0.9479331019248974,8000.0,4450.0,0.0,442.3193391761743,3fa69cb7819eac24f15029b8d71fcde2a8e24f467fbaf89692eae804d1763799,46,
12,47,random_uniform_n8_uncoordinated,online_static_3step,0.29070970899891596,0.11462767079463132,0.29100234687241056,8624.0,,15.987340593875082,0.9971996345062877,0.9374505100377288,8000.0,4231.0,0.0,419.056245861575,1554c6d50630550bd52e0298fc5d660fbe9e1ea8244747742244420802cb7294,47,
12,48,random_uniform_n8_uncoordinated,online_static_3step,0.26090082682443383,0.09524044222761553,0.2611487876538836,8663.0,,16.727043292564552,0.9966022760814667,0.9402165713025616,8000.0,4421.0,0.0,428.5599902928807,fad9f0d3eda622c7749e70194b5cd25978ce3bcb9a77d02c9d66871074ac0911,48,
12,49,random_uniform_n8_uncoordinated,online_static_3step,0.2268918260005816,0.09207135046433963,0.22707533593783005,8625.0,,21.98286445012788,0.9967060927422271,0.9545100229195024,8000.0,4290.0,0.0,427.7574944463559,4edd7bce3419b6a5b41a81acb0a1ca08e47a104b81757baa54e26b327bd29be0,49,
12,50,random_uniform_n8_uncoordinated,online_static_3step,0.26927433861521693,0.11591221508447686,0.2695493229748242,8573.0,,16.8733214849921,0.9965070548300472,0.9407348457806932,8000.0,4117.0,0.0,412.8169262236916,a8338cc1cbf94848600b55a31a187ca8ae849b554d364f4e27af219197e2e699,50,
12,51,random_uniform_n8_uncoordinated,online_static_3step,0.2280552253035963,0.10359001565168487,0.22826180085679632,8524.0,,19.602039633793023,0.9967091002246482,0.9489849006184008,8000.0,4261.0,0.0,425.132437818218,9d9ce74bb5b0c3b575d70d077d35a080c6cbbecc9d9e050c0c1e562bdea05b31,51,
13,42,random_uniform_n8_uncoordinated,online_static_3step,0.3079105806486277,0.13150537942685198,0.30835205466592713,8653.0,,15.422027377650531,0.9973399538925342,0.9351576822221708,8000.0,4236.0,0.0,421.2063531812746,0f8fcacafaebdfd0b786747e508c9f689e31407599633e6017f5b5efe763c5b6,42,
13,43,random_uniform_n8_uncoordinated,online_static_3step,0.3326520428294557,0.14630263905219684,0.33293149342167,8553.0,,13.070556621880998,0.9965222536322398,0.9234921641878716,8000.0,4244.0,0.0,421.50757628912106,4248db5853daf0a7bc9a971e6b2ed214105d3c3f73655ac447b196df9901907e,43,
13,44,random_uniform_n8_uncoordinated,online_static_3step,0.2360025519696596,0.08198448335211513,0.2362891141187161,8620.0,,21.981973919713628,0.996994158955175,0.9545081800364074,8000.0,4230.0,0.0,411.90040088794194,9cdbc560543608ae4cc31718d26a48d4661653b8c2be83a5dfea5fd540c84647,44,
13,45,random_uniform_n8_uncoordinated,online_static_3step,0.32592777985224386,0.13521292947447835,0.3262845696832113,8545.0,,13.578497884907016,0.9963696044641391,0.9263541513592948,8000.0,4019.0,0.0,404.6958629898727,85e0ab3595e2e2ce269ce58bf3cc62d231aedcb8fcd24191fc1f49bd21d9a5d6,45,
13,46,random_uniform_n8_uncoordinated,online_static_3step,0.3508491219046414,0.14954661569077402,0.35129411416589995,8590.0,,12.136934762547028,0.9967597765363129,0.9176068735999252,8000.0,4200.0,0.0,424.6824085013941,5ee37c7f74597464633a166603c6419833c3ea4a4242b6499bc3005d6b431ce9,46,
13,47,random_uniform_n8_uncoordinated,online_static_3step,0.32175931137865493,0.1290095565150347,0.3222044724421432,8537.0,,13.921578258022263,0.996749665117012,0.9281690637752402,8000.0,4120.0,0.0,410.1191581271123,f105f9036b07cce736ba58e1ce42c4fce9ebc3827ce5ab00f7ca0dae52128cf4,47,
13,48,random_uniform_n8_uncoordinated,online_static_3step,0.32719035951867476,0.13701680168889704,0.32760972608539735,8534.0,,13.61755511022044,0.9973556950978655,0.9265653788873256,8000.0,4031.0,0.0,400.1104662960861,c01b3844cc93ff29612ae466571ad67e3799e3f69e24da7c016f06ef13149cd9,48,
13,49,random_uniform_n8_uncoordinated,online_static_3step,0.2989761768962905,0.11637606919662313,0.2993907660750512,8647.0,,15.880656160722516,0.9973934053812719,0.9370303097126874,8000.0,4201.0,0.0,422.9537014279049,2d7f9754d80d3bb60b250b074b0507f7cc0d1afe1e12b4f15b14acf710412ed5,49,
13,50,random_uniform_n8_uncoordinated,online_static_3step,0.32643733979572326,0.13735494354551003,0.32678194929518145,8545.0,,12.95091697739898,0.9953625549300771,0.9227853902742847,8000.0,4008.0,0.0,403.3998843689915,7f0e9f7ad3b2124f4204bb38a6fe0ae8bf2d0067044ec88a227dcee8ae3ebb81,50,
13,51,random_uniform_n8_uncoordinated,online_static_3step,0.2927941597090385,0.12311250885050157,0.2931964994269406,8528.0,,15.80617272473738,0.9967253779924401,0.9367335776082624,8000.0,4017.0,0.0,400.7931637172587,e3ebb4ca7cb9b621fd1aa6a6c6b9711d26f06e8bc11b140cbd1f5a28e68f4d73,51,
14,42,random_uniform_n8_uncoordinated,online_static_3step,0.17001923235683247,0.07859631584463297,0.17029012534018015,8340.0,,33.42804503582395,0.9963857551611024,0.9700849990201842,8000.0,4601.0,0.0,440.4495725354645,0413fd01a68a9486527e6b75662a7c393833213e9d35e01fff07e7b95f2d6ea8,42,
14,43,random_uniform_n8_uncoordinated,online_static_3step,0.20347572419038665,0.10786387563806807,0.20386185964095138,8346.0,,29.132976827094478,0.9974510523418866,0.965674637166842,8000.0,3420.0,0.0,331.5594006096944,402afea20fb6b9dd75e46a4df34493c51212c04f5bf2feaa4b7cfd587111fa37,43,
14,44,random_uniform_n8_uncoordinated,online_static_3step,0.13196709826507763,0.07689509120778025,0.13218417876115499,8345.0,,48.66421568627451,0.9974751946067534,0.9794510198942332,8000.0,4698.0,0.0,452.3338126367889,85c8e887588fa9df41f7118188129995f257d7fb88da6fca6d7eac449ae51742,44,
14,45,random_uniform_n8_uncoordinated,online_static_3step,0.11466106910425547,0.06593744544275369,0.11486967860909073,8343.0,,53.47140495867769,0.995633073241099,0.9812984154657468,8000.0,3829.0,0.0,367.054023551289,08325c001fd6b85518feb38dce9d8734add652ce60c284657541b49ed7f37d77,45,
14,46,random_uniform_n8_uncoordinated,online_static_3step,0.1842008802852241,0.09216021708195275,0.18447131780454235,8342.0,,30.204028830160784,0.9962152464018649,0.9668918340125066,8000.0,4514.0,0.0,442.884620748926,faceb7de243f60955a85fe4f1d1321538dfbb4d660ae40e82f6115f3b46a88ea,46,
14,47,random_uniform_n8_uncoordinated,online_static_3step,0.1626889647432965,0.09143648048239017,0.16291590130520855,8348.0,,28.195763580457808,0.9967696702835875,0.9645336790703872,8000.0,4703.0,0.0,461.2989952347707,42c86ec7e3b2d82e7647e432d1a4c7d4d0002af7ad485a3e80ea885420de1988,47,
14,48,random_uniform_n8_uncoordinated,online_static_3step,0.18255574957363732,0.09619634324044335,0.18281354179998904,8345.0,,29.694323144104803,0.9966108805810668,0.9663235294117648,8000.0,4141.0,0.0,404.384186366573,c8e5d721f287828bab73de7bd1b8a42ff2fb22adeeb65915ef12d880ebf71acf,48,
14,49,random_uniform_n8_uncoordinated,online_static_3step,0.19348613794411632,0.10131525732258823,0.19380458003940537,8342.0,,30.11037037037037,0.9976582946875431,0.9667888508942408,8000.0,4609.0,0.0,452.4730189717375,29b71c976a0e2dfe1c91afa74cecacc9128585608ae29168b9071393abf126ed,49,
14,50,random_uniform_n8_uncoordinated,online_static_3step,0.20409086022515902,0.11451351779050606,0.20449068898074152,8343.0,,24.835527311242245,0.9966323127624863,0.9597351009516384,8000.0,4612.0,0.0,456.4248953612987,e26e00475562478023bb8ed6b053d3653f8b7de6b7ab5f4cee035b8da37839eb,50,
14,51,random_uniform_n8_uncoordinated,online_static_3step,0.132427815536465,0.07891686186767904,0.13265417482473138,8339.0,,47.28780345130155,0.9963857476451604,0.9788528980621856,8000.0,3880.0,0.0,382.32313966052607,de65ae70a7bd8ed205f7ce13a883c9352c282af51785eff7b55d5ae0612423f3,51,
15,42,random_uniform_n8_uncoordinated,online_static_3step,0.061242550941226576,0.03060326631936556,0.061455459819249006,8360.0,,156.45210727969348,0.9970288457754516,0.9936082676201204,8000.0,3648.0,0.0,344.7372587618884,0950860b4cb66025e4cf1bbb78c57c0a8ad375cba90872b1c964b7f1335b5157,42,
15,43,random_uniform_n8_uncoordinated,online_static_3step,0.014020719016300899,-0.007546271285958297,0.013911006313822041,8348.0,,274.3385689354276,0.9955279275025901,0.9963548690806382,8000.0,3639.0,0.0,341.8265918032266,37ffc23b96bbdbb178ca972d64dafe1344a7a2697c8d55c6d7c2f1d5732c880c,43,
15,44,random_uniform_n8_uncoordinated,online_static_3step,0.08199385949730734,0.04681940733791431,0.08235008986080941,8356.0,,121.41263940520446,0.9972276474983287,0.9917636252296388,8000.0,5005.0,0.0,473.53189219906926,74faaaefe1e35cb7680fa7d8f5d4803a5e7537cde223c3675a97a449c5a5217a,44,
15,45,random_uniform_n8_uncoordinated,online_static_3step,0.0381545533934482,0.0022913552819936144,0.03817332083830253,8347.0,,269.23539518900344,0.9979686383979764,0.99628577810396,8000.0,5337.0,0.0,509.137160657905,37c2b191131534ff0a94f6afaa1c896b7ebb0dcb5a71dd2b93b6b3370ef43760,45,
15,46,random_uniform_n8_uncoordinated,online_static_3step,0.07012137927343307,0.033499116017845776,0.07040312357047726,8350.0,,143.89407540394973,0.9968509516030625,0.9930504435488902,8000.0,4947.0,0.0,469.9102485843469,93b79526ab2342a47ccb12376afddce47c631a86cc65c868bb4fca7934a32976,46,
15,47,random_uniform_n8_uncoordinated,online_static_3step,0.06163846873288792,0.029589785376199836,0.06178908904930973,8351.0,,149.81559633027524,0.9970533223954061,0.9933251275268068,8000.0,4097.0,0.0,394.7280713727232,1b47c21762f465594a7a28f9f1099af367323019d8a974ca3d55a90966532b2c,47,
15,48,random_uniform_n8_uncoordinated,online_static_3step,0.02763247495177016,-0.004994066428480219,0.027668223504563192,8348.0,,282.956678700361,0.9973330887026493,0.996465890098113,8000.0,4037.0,0.0,384.5031588820275,c012fa47d7c55485885993a4cff6e6e45b9006603d5ea1d8591b9fb90cdd5c37,48,
15,49,random_uniform_n8_uncoordinated,online_static_3step,0.02882770497157399,-0.00524546841711077,0.028884008501192472,8351.0,,284.7097966728281,0.9977522493889133,0.9964876515958138,8000.0,5263.0,0.0,503.3805876853876,8bffc58b0ffebb7273eaef1498ea17c2b3c1871c5deb17dac00eac72d8ad1ef3,49,
15,50,random_uniform_n8_uncoordinated,online_static_3step,0.05477235649927677,0.024618219607858993,0.054930683749168936,8355.0,,155.05029013539652,0.995970093506936,0.9935504796596848,8000.0,4179.0,0.0,404.2713124754373,6704fde7839051e72a9f3213e4780a81a3a2f1e25642cbbf98807db544e27862,50,
15,51,random_uniform_n8_uncoordinated,online_static_3step,0.05805207834330459,0.027775817485439863,0.05825233676633291,8353.0,,149.3716894977169,0.9966831851910118,0.993305290960003,8000.0,3739.0,0.0,358.42514767847024,91accd1f1f3cff0851b68f250b934103d3da159bf8e91e81729ea782fd95aa4b,51,
20,42,random_uniform_n8_uncoordinated,online_static_3step,0.10939184080570549,0.021422235469730246,0.10954619627038469,8485.0,,17.58122475015947,0.9971021524058036,0.9431211412054256,8000.0,4457.0,0.0,1677.5839074021203,9fabf0d8f759353d2f98bc1262445f494c2efd8fc6d2cdd1ebd19f7ce0bdd79c,42,
20,43,random_uniform_n8_uncoordinated,online_static_3step,0.06847032060680422,-0.0022862211732882476,0.06855524791466117,8500.0,,34.621386655074986,0.996829751762343,0.9711161193523884,8000.0,3703.0,0.0,1374.1659337056335,65a9702c31d3f4df9f8d359b567bee7dc75bea8ccb4d86cb6cf466eeb71c5e5e,43,
20,44,random_uniform_n8_uncoordinated,online_static_3step,0.0892706174245979,0.004770037376677616,0.08931068160793988,8471.0,,22.403975288745634,0.9971727508281676,0.9553650641409904,8000.0,4280.0,0.0,1626.681991073303,1ce2fdf5e82b5c4c5020d1639f778e4b473c82f2d83bc703d509c013e3610109,44,
20,45,random_uniform_n8_uncoordinated,online_static_3step,0.06682992957637297,-0.02832325606410483,0.06691510351223255,8755.0,,35.113493829658104,0.9959704147060174,0.9715209199958518,8000.0,4017.0,0.0,1555.4470020534936,7d4026ef9a393d3eb64993861a1cfe26eab61eae2aa3d3d3b0dc51ade46b5f30,45,
20,46,random_uniform_n8_uncoordinated,online_static_3step,0.1145827914823098,0.023575332736689134,0.11473258580602722,8494.0,,16.81998190772942,0.9957548595686517,0.940546903945214,8000.0,4497.0,0.0,1731.544597106753,1476a5a610b640fb782c76e31d9cfbd4cc1234ceb6ea7cd44ce9d0448243044a,46,
20,47,random_uniform_n8_uncoordinated,online_static_3step,0.08350689647841329,-0.03943079719946677,0.08362577604704971,8909.0,,29.149844083374365,0.9971065080604419,0.9656944991836044,8000.0,4948.0,0.0,1910.862654838944,7b500b9dd2fa6f6e08cf39ee80f3b122ad093607f27df7ff457cbf21d12be22d,47,
20,48,random_uniform_n8_uncoordinated,online_static_3step,0.09880735391538163,0.011923423327035334,0.09893632769320218,8537.0,,19.87202170323189,0.9965033818136493,0.9496779937676212,8000.0,4473.0,0.0,1716.2888630463276,9cdbba31fd5cf8166f02b89d28a81355b955f86d5a9cb99bedaecb598f6fde40,48,
20,49,random_uniform_n8_uncoordinated,online_static_3step,0.08260500731139492,-0.004046142533376204,0.08274542438308649,8610.0,,26.16791903082349,0.9973626373626374,0.9617852684876436,8000.0,4599.0,0.0,1774.6360576921145,41c195056434d3b3ab8ef271ad0dc4437e14033e513a1ddfb30f2b7c13b8ee67,49,
20,50,random_uniform_n8_uncoordinated,online_static_3step,0.09534335504291717,-0.01774175444868037,0.09547092733852576,8720.0,,21.60117411941044,0.9965834273273352,0.953706220112294,8000.0,4573.0,0.0,1774.0217769378796,47c09c977021b9577c043399d1e95b28b11186cde317dea7c73309d8b36b7534,50,
20,51,random_uniform_n8_uncoordinated,online_static_3step,0.08389651702670636,0.011976003617347167,0.08404755931284476,8467.0,,24.355512744516894,0.9959614828067037,0.9589415336687942,8000.0,4807.0,0.0,1871.686476664152,8b713aaa034513400fe86e1346db770eb27bee05f94a6ce20a068e8933693dc6,51,
25,42,random_uniform_n8_uncoordinated,online_static_3step,0.09727743210502109,-0.03262407342779719,0.09731312018720903,8771.0,,12.87079022672243,0.9971366087202086,0.9223046928444384,8000.0,4185.0,0.0,1587.9146990443114,38dbf86c15b720a45adbd2918968b107edcb649e273b5018f579e30c557f7d80,42,
25,43,random_uniform_n8_uncoordinated,online_static_3step,0.06576606644567266,-0.04270707920762315,0.0657853957431291,8738.0,,19.88156996587031,0.9958559720047887,0.949702161262081,8000.0,4197.0,0.0,1616.5690024525393,0432ffe7320af620cb3b947549360b8a3cdeccf9fdc76843b295db0a0c1822da,43,
25,44,random_uniform_n8_uncoordinated,online_static_3step,0.0851433567438605,-0.03504048073875569,0.0851739033324036,8751.0,,15.2455574912892,0.9971378868940165,0.9344071215125216,8000.0,4122.0,0.0,1595.3622307230253,cd1849d366802ebfd35b45f7e3edc95c9611a56337da7d3e4677edb54a6d0939,44,
25,45,random_uniform_n8_uncoordinated,online_static_3step,0.08754584528045248,-0.03485419800211751,0.08757695885302598,8770.0,,14.745607398066417,0.9966046707121654,0.9321831937468288,8000.0,4174.0,0.0,1627.0527365878224,9e80dfa7c9568a0bbf5bdf015ea65cdad60e085bd19c5df25a4d9eb657ef3182,45,
25,46,random_uniform_n8_uncoordinated,online_static_3step,0.08739699830601277,-0.0345364376122627,0.08742766858319613,8762.0,,14.922762496806609,0.9971216591860472,0.9329882787979776,8000.0,4278.0,0.0,1673.8725971688982,66d62b1ec8064d170fef11e55b8f973ba9d46fa2bac40f6fd552383bed081de8,46,
25,47,random_uniform_n8_uncoordinated,online_static_3step,0.08633453742072597,-0.033648943467537606,0.08636538353611635,8752.0,,14.805785823041786,0.9961940946020561,0.9324588365688952,8000.0,4196.0,0.0,1627.4773091322277,a2472723e5286105986d42a2c47e1e484a4e7fbe54513a9e8d4e4b30141c90fb,47,
25,48,random_uniform_n8_uncoordinated,online_static_3step,0.08179008409593667,-0.053835021317944175,0.08182309383052395,8898.0,,16.104886877828054,0.9974045430353048,0.9379070460049788,8000.0,4518.0,0.0,1739.79079763731,d12df8f575dc98a8bfe338e7e3bbeabcfb283482ec4ebaa3b9e51fd6bd217fed,48,
25,49,random_uniform_n8_uncoordinated,online_static_3step,0.08185793856282823,-0.037131416191586816,0.08188397450909166,8746.0,,15.604960299759124,0.9967246256949505,0.935917811978321,8000.0,4243.0,0.0,1661.171627021395,ce01880f5755f8567e0eb08957fa0fa119787dad8aaa25e96efc59b829c1485a,49,
25,50,random_uniform_n8_uncoordinated,online_static_3step,0.07257988665643228,-0.04783311751501839,0.07260882888481053,8842.0,,18.764431239388795,0.9975873516747198,0.9467076839557556,8000.0,3891.0,0.0,1528.4701314189006,1ab1e47a1ddd7297ac7dcc39f4d4a6f91dbd4d6b97a86efbd81da27d44c3790f,50,
25,51,random_uniform_n8_uncoordinated,online_static_3step,0.069541673329793,-0.04053717285276526,0.06955870540363962,8740.0,,19.24609116934596,0.9972882468811556,0.948041397538803,8000.0,4268.0,0.0,1676.1535966023805,4b9d454e0d099d9dd6dfcd1275d97827edca2e7e5a046a1b0bae4018bd09b18d,51,
30,42,random_uniform_n8_uncoordinated,online_static_3step,0.09430960807125392,0.022061209000674646,0.09445099865653524,8507.0,,41.88018085908063,0.9958075542754418,0.9761223571749889,8000.0,4802.0,0.0,1821.078354581492,5e988184f791cad29207e8f104d071ccae8829107b6b838f95cce54c7c04d684,42,
30,43,random_uniform_n8_uncoordinated,online_static_3step,0.04985807392514478,-0.011637506936784723,0.049930487082094153,8498.0,,76.87194841087057,0.9964877036803613,0.9869913535343852,8000.0,4352.0,0.0,1654.962857567938,2eb42da720f59580582ddd282ff51f701610ae2096317f290f49864d77876a49,43,
30,44,random_uniform_n8_uncoordinated,online_static_3step,0.1183066961243922,0.025767185062389012,0.11850656418433295,8483.0,,32.94374259771023,0.9975187733025258,0.9696452217888109,8000.0,3379.0,0.0,1299.500391246518,22b2e015cd312b912e0b6c1cdda0cdf9db757f97f92ad3d4762461ee8cf92498,44,
30,45,random_uniform_n8_uncoordinated,online_static_3step,0.017689723081020937,-0.03958745891341698,0.017685886525509606,8482.0,,185.02727272727276,0.9973972333311479,0.9945953913427996,8000.0,3681.0,0.0,1411.2443321598694,f6150b42ec826a4058505b813d170dc23d3d33c34d435fa12903e890ac4a5d9b,45,
30,46,random_uniform_n8_uncoordinated,online_static_3step,0.05139130371107401,-0.010861173753291754,0.05147065018678878,8496.0,,71.56014203284509,0.99695191898004,0.986025740424872,8000.0,4782.0,0.0,1849.65956752887,f38435657d671b9c9ebfdb5cccb25840575a73e2041670cd6983310a65a3fcbf,46,
30,47,random_uniform_n8_uncoordinated,online_static_3step,0.08228665756097124,0.009553460756822072,0.08241581353776427,8501.0,,45.52295353982301,0.9965644750990008,0.9780330597590684,8000.0,4536.0,0.0,1741.1711041321978,f37a78c45eea9b5fca1cf6577c3355577948612c6865c06f445652e9fb7a071d,47,
30,48,random_uniform_n8_uncoordinated,online_static_3step,0.034049444499066564,-0.0259727072150442,0.034111089266510033,8500.0,,101.30720606826802,0.996386814166836,0.9901290338682708,8000.0,2547.0,0.0,976.8430842855014,9eca73b0f7dd59c64dcfcbd09867e92dcaa5c375e437278a8ade507292b08f77,48,
30,49,random_uniform_n8_uncoordinated,online_static_3step,0.057184647274960546,-0.006686292048622478,0.057293377722421164,8486.0,,69.26862582781457,0.9964102900643129,0.9855634497140774,8000.0,2744.0,0.0,1057.4198045558296,da30d6b573da945a3a6089d72f8d2363a22a77cbec12abdad2839810c0e54864,49,
30,50,random_uniform_n8_uncoordinated,online_static_3step,0.050176452687275025,-0.011486910112760918,0.05024981077857172,8500.0,,71.45744680851064,0.9959322389743993,0.9860056572874796,8000.0,5485.0,0.0,2158.4883003600407,ae7d02ae14c4e0b1c8ff3ee3bd30cb8444c8da01794411da1a23022162abcbe3,50,
30,51,random_uniform_n8_uncoordinated,online_static_3step,0.05015320847181801,-0.012578078111645232,0.05022894405896964,8501.0,,72.42770299609205,0.9960272119564504,0.9861931283385592,8000.0,4625.0,0.0,1788.6913454837631,cd757de61f8e58f45a514a9223575275ab1433ea3f9a574d8616433d4ae94948,51,
1,42,random_uniform_n8_uncoordinated,dynamic_3step,0.3550233902393847,0.13701808272974458,0.3554236519021383,8677.0,,11.750780978826796,0.9977262720719181,0.9148992733502688,8000.0,3967.0,0.0,424.19235781393945,e1541ec4c3203a188985ea123665c7c591f0a562c0e752375a546fd88a55f8b9,42,
1,43,random_uniform_n8_uncoordinated,dynamic_3step,0.32568217277790884,0.10420813543508767,0.3258683319960202,8800.0,,13.238550066546622,0.9966220869599438,0.9244630269196196,8000.0,3905.0,0.0,422.53694350621663,523844ed78a0f583e442b643c9217c5abbf3c0623bfd68739147060cf00e4cb4,43,
1,44,random_uniform_n8_uncoordinated,dynamic_3step,0.3378064293780666,0.11064884487914875,0.3381147446717816,8676.0,,12.625307766917857,0.9972120727091437,0.9207940100580913,8000.0,4035.0,0.0,430.75324653903954,2dab5376247a9528a31142c1fd9440d80012f57468cb93f8a65ac77b40067382,44,
1,45,random_uniform_n8_uncoordinated,dynamic_3step,0.33947079018240056,0.1292370212178985,0.339736123409441,8670.0,,12.180301941049605,0.9963028145891067,0.9179002290058312,8000.0,3893.0,0.0,423.65703835873865,ca931493022139a148c52ef6d877841359de94e3965a4155825ef527a006aee9,45,
1,46,random_uniform_n8_uncoordinated,dynamic_3step,0.30075485254425444,0.1092643240714602,0.30092016188881693,8626.0,,14.64469938756146,0.9964748975947905,0.9317159080199792,8000.0,4081.0,0.0,437.50289303297177,c3a107a1fc646545ced1bed510f83f2557068c38968fadd0196b04e59ec82149,46,
1,47,random_uniform_n8_uncoordinated,dynamic_3step,0.33240704702338364,0.10272822480349228,0.3326800980880467,8943.0,,12.976128538638102,0.9970499536796736,0.9229354119741978,8000.0,3984.0,0.0,432.5721792182885,2fe61a766d51c57514713696731290ae92df7697333ae2dbc77e0f14e0d3ee88,47,
1,48,random_uniform_n8_uncoordinated,dynamic_3step,0.3323679777272381,0.12701899786074664,0.33261774527255045,8710.0,,12.232387264082986,0.9968283778104644,0.9182498086096224,8000.0,4024.0,0.0,430.4359934083186,4aae7d3fd5610a876fe9bbaab463a83d8aeb4baf283a46ff967cce3f9e26de26,48,
1,49,random_uniform_n8_uncoordinated,dynamic_3step,0.3414094186999502,0.13889911542239053,0.3416553249903571,8619.0,,11.591065056272305,0.9960183144416457,0.9137266510760488,8000.0,4006.0,0.0,434.257009988185,8542f702a4f00f38f331770accdb832ab7fd5821d0a61dc5c15feb3cec0e38d0,49,
1,50,random_uniform_n8_uncoordinated,dynamic_3step,0.3218049067258908,0.13361656789572693,0.3220497193391625,8593.0,,13.794802867383511,0.9964923113303599,0.9275089314712568,8000.0,4149.0,0.0,448.03715978981927,0bcd08d9c5dd844ced37907c5e74335e22a8594076973ffb45d7b8eedb9ffc21,50,
1,51,random_uniform_n8_uncoordinated,dynamic_3step,0.3356977245144251,0.10779308593903887,0.3359325423934673,8976.0,,11.897232368642875,0.9956329583587804,0.915946837969168,8000.0,4061.0,0.0,436.8547855189536,6fd43b0bf15e2a3328db22762d4ed33f7ce69b03a8096df04e90603800be5e91,51,
2,42,random_uniform_n8_uncoordinated,dynamic_3step,0.21989175441779396,0.10051732530534126,0.2201628979725968,8351.0,,11.696600566572238,0.9959488957791165,0.9145050739906512,8000.0,4453.0,0.0,483.00794449611567,c360e77cbf9208eb59f877768a341b1ee56109539a0141aec1c11cf00737f360,42,
2,43,random_uniform_n8_uncoordinated,dynamic_3step,0.24259061304485763,0.10182094296479875,0.24299761443507176,8358.0,,11.402895553257498,0.9972935602461352,0.9123029764387934,8000.0,4177.0,0.0,441.8916499936022,0e62c4ad1d0e7742f7978514de246c25478a67dddee6715440c3ab32561d520e,43,
2,44,random_uniform_n8_uncoordinated,dynamic_3step,0.23765058181822393,0.1053885271558413,0.23800946166386472,8353.0,,10.971644863536756,0.9965448513696026,0.9088559634915448,8000.0,4472.0,0.0,491.1606976359617,0d70ca331d92c748ebc27f4e7e5d1e311ed527bdd2afd7634f04394859659ace,44,
2,45,random_uniform_n8_uncoordinated,dynamic_3step,0.219784509952191,0.10022944249377021,0.2200564338368204,8364.0,,12.860438024231128,0.9963881641910406,0.9222421508415312,8000.0,3824.0,0.0,412.21000654506497,d3425e91c12782ca0d0e0fe9d88923d1b43baad26303f808c7533aaf5e56dc57,45,
2,46,random_uniform_n8_uncoordinated,dynamic_3step,0.23038141610139867,0.10509721714712153,0.23075660391253308,8347.0,,10.788558352402744,0.9966368153985341,0.907309209689051,8000.0,4495.0,0.0,481.0639714926947,43df327920651f8d8a2868d63fa20f885db7a645919e512e13e92d1dd7209fd1,46,
2,47,random_uniform_n8_uncoordinated,dynamic_3step,0.2359821461063521,0.1065700089429211,0.236419257558119,8355.0,,11.154811715481172,0.9965293040893852,0.9103525881470368,8000.0,4471.0,0.0,485.29484655335546,275881b972784a9f8e6b86ab40792a272b8569d6f6dc28fe2693be4b2c7c573e,47,
2,48,random_uniform_n8_uncoordinated,dynamic_3step,0.22936558352791908,0.10441074975122076,0.229690887911605,8351.0,,11.70994044242768,0.9966577978164279,0.914602469165703,8000.0,4193.0,0.0,458.7021124344319,19b73fb426414f211462ff0536025acdb560a71b5a028919bca41bf59c86e5dd,48,
2,49,random_uniform_n8_uncoordinated,dynamic_3step,0.21497555716691044,0.09805593649693817,0.21518320255317974,8367.0,,14.22971232288536,0.9971362665303608,0.9297245104251532,8000.0,4412.0,0.0,468.64410601346754,09f72ed3d5d6cacb4e058c3689636ec44d588e9249e5745b6f94c551a290cf51,49,
2,50,random_uniform_n8_uncoordinated,dynamic_3step,0.23035688684927466,0.0989759783631852,0.2307794492804163,8356.0,,10.733606025191534,0.9976613626984076,0.9068346651020148,8000.0,3787.0,0.0,412.4957339547109,183fe4afcb85edee069d5b151e37e11888df8765dd48e3eecba569d08da25f47,50,
2,51,random_uniform_n8_uncoordinated,dynamic_3step,0.2351114349951202,0.10529185072296693,0.23540452031471282,8366.0,,11.60186287555151,0.9965484720275598,0.9138069454253516,8000.0,3766.0,0.0,406.8494615771342,001beb6e33cb37583676d8d112256ff90d3d3140f42e48beadce4b812ef2864d,51,
3,42,random_uniform_n8_uncoordinated,dynamic_3step,0.2216194121345806,0.09941333878916461,0.22203808258912144,8351.0,,11.120328597400848,0.9971591841019282,0.9100745997529488,8000.0,4468.0,0.0,481.4182476636488,78b6301a32ee11bae9bf04eef594a95993c53cd686772fc110d159875c7841a7,42,
3,43,random_uniform_n8_uncoordinated,dynamic_3step,0.2449546943936686,0.11030996117787435,0.2453877204165076,8343.0,,11.012288786482335,0.9970090515545061,0.9091923559771238,8000.0,4499.0,0.0,472.0581119449344,b9d2ab5419352c1afc371a6279089c81c3dfdc4fe2474fec5333de4544414dd3,43,
3,44,random_uniform_n8_uncoordinated,dynamic_3step,0.2291786183586628,0.11289581868279656,0.2295931749990056,8332.0,,10.591064185926736,0.9971791532223757,0.905580781832218,8000.0,4259.0,0.0,452.7482528777328,351cb2554f5e89c3f1a6b1a3b921b60e1688240503236848ab0bc5c9ea628dae,44,
3,45,random_uniform_n8_uncoordinated,dynamic_3step,0.23057993286341755,0.10731307740684658,0.23094995994403078,8342.0,,11.26368295182781,0.9953277458503437,0.9112190919900026,8000.0,3885.0,0.0,421.5469995746389,910e0ca2c86a2a47bedd9112f87bcc58f08489b378793c46b82c663831053eb5,45,
3,46,random_uniform_n8_uncoordinated,dynamic_3step,0.22302969818834076,0.10521393931279076,0.22346405821841714,8339.0,,11.02174349367766,0.9964567626621523,0.9092702528802612,8000.0,4478.0,0.0,481.5042345938273,e6b98d203c415f1a8c34b2b75a7e204e2d3e4b39022e095555c1486ea3c1d277,46,
3,47,random_uniform_n8_uncoordinated,dynamic_3step,0.2373749214331818,0.10645273494566922,0.23779330651909586,8345.0,,10.79651809673408,0.996888917998428,0.907377546071775,8000.0,4490.0,0.0,479.5886627687141,dd3015a867cfc996eabb6fc00f5a1173d0286567e2c9082ab2bd0f83d5aa65a3,47,
3,48,random_uniform_n8_uncoordinated,dynamic_3step,0.2471225124035742,0.11175637449333087,0.2474959105833167,8338.0,,11.5078245074752,0.9958200389168791,0.9131026025509492,8000.0,3854.0,0.0,413.7821545263287,aaec7a1c34c54a1bd039a1b8c18a5480353cfb7128f567430addb23f51f49801,48,
3,49,random_uniform_n8_uncoordinated,dynamic_3step,0.23751935712973815,0.10087233102520037,0.2378851948946801,8342.0,,11.932826637712632,0.9971122868592682,0.9161975590226384,8000.0,4513.0,0.0,496.79679168760777,650bb640d69c5e47dcd172790ed6271ade9dfaec816e703b4a3b9ca43387318b,49,
3,50,random_uniform_n8_uncoordinated,dynamic_3step,0.23982257673868504,0.1137286750774616,0.24028806962126634,8335.0,,10.568631227529533,0.9971574162616749,0.9053803677627462,8000.0,4478.0,0.0,482.6984308005776,d620740098c790fc78b4cb8f00f8ec0164078ac4feaddb4fe434d42b87e1dc1b,50,
3,51,random_uniform_n8_uncoordinated,dynamic_3step,0.19885242659880858,0.09106179118577254,0.19926103944770115,8329.0,,10.588292117465224,0.996557015818053,0.9055560624030654,8000.0,3853.0,0.0,422.8241267062258,66afefe803e1184e4b350ee305372fb8b28c8ad5acae401c4045a26a80212f03,51,
4,42,random_uniform_n8_uncoordinated,dynamic_3step,0.2628117707587991,0.10029186253467294,0.2629545330994453,8499.0,,11.483851268828875,0.9956640278553363,0.9129211989435684,8000.0,4090.0,0.0,449.97795557254,e498e96b657afb256b2918c44380f7421f2918a14b059ff7d8591b56c2a7d59e,42,
4,43,random_uniform_n8_uncoordinated,dynamic_3step,0.25463228764883794,0.09821212594887796,0.25479157504888733,8559.0,,13.12644301541799,0.9976475690451627,0.9238178995767988,8000.0,4065.0,0.0,437.7645768437069,06e33eab45f5ec3553180be796337fcdf0dd1f787782f856cebb6255f584c18d,43,
4,44,random_uniform_n8_uncoordinated,dynamic_3step,0.24557468602363117,0.08142661648599658,0.24572061578312943,8492.0,,12.691296838627318,0.9959921548563145,0.9212058458079404,8000.0,4057.0,0.0,441.79712907318026,12446b23479058cee913864dc4421ab4fa14764cf1988ed1c3a55e0d83d9031c,44,
4,45,random_uniform_n8_uncoordinated,dynamic_3step,0.2598454898224182,0.10169273407738232,0.2600518510872554,8506.0,,11.378699416146569,0.9968305006890216,0.9121164938603632,8000.0,4014.0,0.0,441.5616143613588,1c0559b8be6391e094d7b2c47bd536b82d581afc126f163e1a71db87212b3092,45,
4,46,random_uniform_n8_uncoordinated,dynamic_3step,0.26504775039494155,0.09720310354920089,0.26527435763646073,8534.0,,11.695877714759996,0.9969191152802686,0.9144997900638088,8000.0,4002.0,0.0,429.31653918884695,8a9b527e4b246b75a30334ce72e2bdbdfdf449c2051505e1daa58cd0aae3005e,46,
4,47,random_uniform_n8_uncoordinated,dynamic_3step,0.26421754697190225,0.1025684961236554,0.26443877932479043,8498.0,,11.268805014670578,0.9962721403305763,0.911259445992887,8000.0,3980.0,0.0,429.4006974869408,2debedf1b10eb820ab15a9015a7e2e5dd7866ce1f7af039aa5580e53d638af84,47,
4,48,random_uniform_n8_uncoordinated,dynamic_3step,0.25556616189129777,0.09926858030602917,0.25575517918502844,8527.0,,12.17230262215217,0.9972541368595996,0.9178462751837836,8000.0,3977.0,0.0,436.1227018642239,ba002e38c24f199a8f6e5434dbfdf2107bd0f19251c779322e86fa423167fc88,48,
4,49,random_uniform_n8_uncoordinated,dynamic_3step,0.2638182037763929,0.09819034891882021,0.26398025969245836,8500.0,,11.841604921012165,0.9972100412257437,0.9155519875329092,8000.0,3951.0,0.0,428.6008646504488,3f6d8ab46fee186a9e0d7bec1db491193cfeb0d4d2eb1323ebdeaf0dce514342,49,
4,50,random_uniform_n8_uncoordinated,dynamic_3step,0.2588679926597284,0.09923278816444542,0.2590792469669544,8511.0,,11.47173001487894,0.9958372728227755,0.9128291897819256,8000.0,4055.0,0.0,432.9151919211727,384ea614ac4baa72a0a943592629cbbca19f3e54d3ab80827b4269ac1938bcc5,50,
4,51,random_uniform_n8_uncoordinated,dynamic_3step,0.2603872658277137,0.10403337570473406,0.26054499313236373,8488.0,,11.33588042093974,0.9963046346314152,0.911784531693472,8000.0,3879.0,0.0,428.0795043709222,19677be8e58aae74569733e531a5da24d6cf6522eb51938616c433c21a4bc20f,51,
5,42,random_uniform_n8_uncoordinated,dynamic_3step,0.25347745812368827,0.056146448956565384,0.25382663227675495,8951.0,,12.975432420021429,0.9963949265828115,0.9229312775382364,8000.0,4116.0,0.0,437.66808085516095,63820a06c24988cd5b14cbccaf1cbb0f000c4927355b2b7a32db181cb86fa4f5,42,
5,43,random_uniform_n8_uncoordinated,dynamic_3step,0.2556248926687083,0.10233984188285693,0.2558587100665294,8525.0,,13.025885244642446,0.9967202555440169,0.9232297858288516,8000.0,4120.0,0.0,445.0782717689872,15302fde53c7fee4048af64173d8a7965beeae9b802b541137bfbc6b42210ff6,43,
5,44,random_uniform_n8_uncoordinated,dynamic_3step,0.26420586734281243,0.06640584891219224,0.26457080936771776,8861.0,,12.198823698178169,0.9971779036418169,0.9180248829934852,8000.0,4107.0,0.0,447.4756849829573,e6265b5a69412f436535d76f517c6ae7f5215604635f74720122e9b3df094cf3,44,
5,45,random_uniform_n8_uncoordinated,dynamic_3step,0.27006399867105857,0.0744993846630514,0.2705208732731307,8824.0,,11.180151166611896,0.9980689655172413,0.9105557711074272,8000.0,4079.0,0.0,446.78968014614657,6a9590a55b7d3d64a1c0a95cfe759aa6fe59dfd2c1c23c28d656c95d4c988917,45,
5,46,random_uniform_n8_uncoordinated,dynamic_3step,0.2570822306275069,0.09413079188454927,0.2574340050707376,8595.0,,12.578729689807975,0.9977589968717963,0.9205007163155546,8000.0,4192.0,0.0,457.4930216821376,36d82214567af5aa5284a473cb0f40d353b96ec9aceecea67bf3d36f4990047c,46,
5,47,random_uniform_n8_uncoordinated,dynamic_3step,0.24650067311185997,0.056012602204306886,0.24673698850663922,8947.0,,13.198323371885431,0.996751329001772,0.9242328004987238,8000.0,4017.0,0.0,440.548914660234,67f83638cfd623cd3b9779585e573e058ccacbe460f81f880259dd5c54027f56,47,
5,48,random_uniform_n8_uncoordinated,dynamic_3step,0.26174525071881993,0.06807298684153269,0.2621242509180124,8841.0,,11.228116535641144,0.9971000990690138,0.9109378677335844,8000.0,4025.0,0.0,437.70380883989856,096d75f1a2a4ad7097adefed71cdbf20124d138d7ae6e149970f4c9c1a6e5cd3,48,
5,49,random_uniform_n8_uncoordinated,dynamic_3step,0.2541386308461986,0.04922482798336364,0.2544582023971804,8988.0,,12.016011850179869,0.996233286441146,0.9167777119007228,8000.0,4075.0,0.0,437.0634126726072,6e26f93fd2805cf3cc1744ab108d70ccb3eee9161153ee8e1978b8fcc8a5f3c6,49,
5,50,random_uniform_n8_uncoordinated,dynamic_3step,0.25738414728872705,0.07374814579605853,0.25769900927425965,8792.0,,12.278038903752982,0.9973213934006486,0.9185537684121252,8000.0,4063.0,0.0,446.71629428491,28a17723e483e361e906553b02d9b7735f2e72540a6ab861c38f893f918280ba,50,
5,51,random_uniform_n8_uncoordinated,dynamic_3step,0.257444976676225,0.09705195501452099,0.2578054147128341,8510.0,,11.84828117342295,0.9975951745798126,0.9155995721773454,8000.0,4152.0,0.0,460.54235260467976,085478ade9679704a3f3853de68fe8e1c6a3b2b9328ccb65101897cc1e0d46f2,51,
6,42,random_uniform_n8_uncoordinated,dynamic_3step,0.22073093948361835,0.07696060021954527,0.2207306524914615,8518.0,,14.405841399218884,0.9956688333453826,0.930583714460842,8000.0,4061.0,0.0,442.962254636921,18b2f0f369843e76e9c50d96b6e34fd31bf7bda2e8a89b0bec71629b106e9456,42,
6,43,random_uniform_n8_uncoordinated,dynamic_3step,0.25645314984634027,0.09501737316738726,0.25658644707392986,8509.0,,12.03548112404201,0.9973935422876427,0.9169123369731846,8000.0,4007.0,0.0,434.2621994290967,bc38415fe8b1b692a07e76893173e91311c7cc58998e875fd881d7e9caf4f565,43,
6,44,random_uniform_n8_uncoordinated,dynamic_3step,0.2582598593581438,0.09579377118140232,0.25841429262525406,8512.0,,11.575204918032789,0.9967782997821579,0.9136084408802024,8000.0,4077.0,0.0,455.55058179749176,11931ba3b2606720673fab484cd387b8c38bd1122400df06ded2cf949a538117,44,
6,45,random_uniform_n8_uncoordinated,dynamic_3step,0.23161771624120134,0.08177983502968521,0.23168561002987895,8494.0,,13.58646495533918,0.9964967859818858,0.9263973371081324,8000.0,4029.0,0.0,435.7809102474712,12552005c3b7dcefe6e0faf61ca7b7f591652f85e619dc40510fcf51611ff1a7,45,
6,46,random_uniform_n8_uncoordinated,dynamic_3step,0.25877724867467017,0.09570720984423756,0.25896474030954547,8501.0,,11.304580050741087,0.9966722020570649,0.9115402787621072,8000.0,3998.0,0.0,434.0199580315966,d149dc67b56dcaf541d65edc8d6897fe37b1f06d852ebca5858e5266f5dbac25,46,
6,47,random_uniform_n8_uncoordinated,dynamic_3step,0.26065266587150965,0.09543879686319846,0.2608881517640715,8502.0,,11.454674412320994,0.9972737902854966,0.9126993955476927,8000.0,3900.0,0.0,429.8256642501801,6069ba6c504dc099683bda0ad8071d3118351515ee682d0db0c79422570e4068,47,
6,48,random_uniform_n8_uncoordinated,dynamic_3step,0.26051154419816835,0.09543292392729774,0.260683366039741,8506.0,,11.400537634408602,0.9972306076912981,0.9122848384814902,8000.0,4018.0,0.0,437.2660311695654,0c5ebd0726da0e28847294133027a59d77d46fefc0ba8c7ad9525095d8a96825,48,
6,49,random_uniform_n8_uncoordinated,dynamic_3step,0.26036279680938823,0.0958986563994847,0.2605086300041206,8490.0,,11.47516960651289,0.9965873224618622,0.912855318545145,8000.0,3869.0,0.0,425.73864639992826,bd2fe3251942199c9fb0a19883f0e4a31bbd2de8f045df6a2fafccc8ea790d4f,49,
6,50,random_uniform_n8_uncoordinated,dynamic_3step,0.2222699517853517,0.06828512504067845,0.22232269595926576,8507.0,,14.833231253827982,0.9972322242554225,0.9325838057205552,8000.0,4140.0,0.0,442.69274059217423,53e8cf0d809f72f1d5e1250df324464f606775b46f1e1ed50186dea0e66da9fb,50,
6,51,random_uniform_n8_uncoordinated,dynamic_3step,0.188523509633245,0.05403500089593018,0.1884975342895702,8509.0,,17.955527318932656,0.9958159270644492,0.944306843110891,8000.0,3995.0,0.0,432.255771653261,b8ac6e56ffbb7f6f6d9b3e28a5e3ad271ca635c021faf58db48ad9ffc3929906,51,
7,42,random_uniform_n8_uncoordinated,dynamic_3step,0.15283829912898295,0.06030865521527817,0.15296856605906567,8233.0,,10.141508840369974,0.9964147134392534,0.901395343065784,8000.0,4811.0,0.0,513.5622899844311,006da335f256203469592a62a852eccffab880f7309f6633631136cbb4337c3b,42,
7,43,random_uniform_n8_uncoordinated,dynamic_3step,0.15214495253685653,0.0777439050056115,0.15224899076378998,8246.0,,9.524163130598774,0.9962542394006783,0.8950038983701101,8000.0,4436.0,0.0,478.8860767930746,70146d654c8d3e205eae3a8c1c32c196b80ae26034bb8660a9cf58293ef56344,43,
7,44,random_uniform_n8_uncoordinated,dynamic_3step,0.19115139074532317,0.07911397120212162,0.19135189305809458,8255.0,,9.661137299361537,0.995945264343873,0.8964925174941789,8000.0,4676.0,0.0,507.8665237056557,11105a2cc12ea269694f1fa8b45ff83d4588344c41b1c28dbb5cea328ef765c7,44,
7,45,random_uniform_n8_uncoordinated,dynamic_3step,0.17462027782531842,0.07051696268289635,0.17478288025320654,8263.0,,9.774770973963356,0.9957651840440526,0.8976958127547277,8000.0,3920.0,0.0,427.3135744943284,b98c42be92a0d05dad7817d60024cbaa2a663d58f33ed7d93a3770ce5fd54421,45,
7,46,random_uniform_n8_uncoordinated,dynamic_3step,0.18393470847321602,0.07351488155457787,0.18414804793461273,8253.0,,9.629105188005711,0.9955742058158213,0.8961481902549338,8000.0,4696.0,0.0,512.3317362868693,72b2a4b6cfa190859e858989a9c94ff8592eebd82cfee1e5bcbe8e4fddf368a3,46,
7,47,random_uniform_n8_uncoordinated,dynamic_3step,0.16282920886059077,0.07191015856202189,0.1630266471833135,8267.0,,9.84533268635895,0.9959345595226387,0.8984290290783638,8000.0,4692.0,0.0,508.99023408070207,b7d406c52d39becdb0bc74a2cb1a4d4b67e866429a333098a2a57fcb23220f96,47,
7,48,random_uniform_n8_uncoordinated,dynamic_3step,0.174446400239762,0.06975675592617932,0.1746543405130064,8272.0,,9.964736906660123,0.9971015633196937,0.8996461211804166,8000.0,4456.0,0.0,473.36909230286255,b85f9723792ce7b18415898fc551ccbb69b3a52f396789496392181de2ff1369,48,
7,49,random_uniform_n8_uncoordinated,dynamic_3step,0.20145704681218346,0.07537529216551775,0.20168227600778982,8261.0,,9.78512795750845,0.9972489683631361,0.8978040957315568,8000.0,4781.0,0.0,509.3774918206036,7137273470d24672442ea78e63e70285e5d060f4e2f115c218a2de9cd51b6c0a,49,
7,50,random_uniform_n8_uncoordinated,dynamic_3step,0.15576742504889948,0.058117424442392006,0.1558929731500868,8264.0,,11.763451776649749,0.9973348699848736,0.9149909381203072,8000.0,4760.0,0.0,499.3446336470079,fdf9951f218e61b913618a579bd13a77417b8831a28d26d86ea79bbbe03fffcf,50,
7,51,random_uniform_n8_uncoordinated,dynamic_3step,0.19136828938227687,0.0734979175013791,0.19154714440549855,8275.0,,9.89128847791702,0.9970816610267307,0.8989009366946916,8000.0,3990.0,0.0,429.302284588106,a8f19df2d616560c37b26732016a8ecb989b028f1788c364e916ef8c4d117ae0,51,
8,42,random_uniform_n8_uncoordinated,dynamic_3step,0.2381561458167658,0.1107672636953751,0.2384932216909388,8310.0,,11.258696548879415,0.9967155940448017,0.911179771507428,8000.0,4565.0,0.0,491.5943393737544,32b2471b3d12212837087f0a422add5ae2f1e62927eb0f87dea0b211a06ace91,42,
8,43,random_uniform_n8_uncoordinated,dynamic_3step,0.2397534274962929,0.10562421187103252,0.24010614960907917,8327.0,,11.653548890307029,0.9969759387053606,0.9141892303011864,8000.0,4268.0,0.0,460.6813554959372,c99ca94f24e1b26a7d442de52a2afe0f64b92812fe32e0c1bd920b2f3dc22673,43,
8,44,random_uniform_n8_uncoordinated,dynamic_3step,0.2484340317094449,0.11058137964609305,0.24879842103343905,8317.0,,11.153145188711322,0.9971817139111913,0.91033919283933,8000.0,4555.0,0.0,494.1647332049906,bf7607d2a46399450a0d8b28872bd4c19dccec9466d594d05291e33f5dcba1a3,44,
8,45,random_uniform_n8_uncoordinated,dynamic_3step,0.23769716967437518,0.09643257125437803,0.23807730573896058,8330.0,,10.67610205804064,0.9965275270610013,0.906332854953662,8000.0,3873.0,0.0,421.0030046214815,3817024ade47e07a7028ead4058f033bc30b91d440465fe8d5fe88b072985209,45,
8,46,random_uniform_n8_uncoordinated,dynamic_3step,0.24887086428792024,0.10415451650447484,0.24926619904573039,8329.0,,10.73847158719791,0.9973235020139335,0.9068768779728232,8000.0,4484.0,0.0,481.6776088513434,47ea3bba2b374311d16d10262081da457e91f256359e5d49dd192c45e22de269,46,
8,47,random_uniform_n8_uncoordinated,dynamic_3step,0.24344280171502589,0.09918645775771912,0.24379060671639308,8332.0,,10.96221763177184,0.997186017985871,0.9087775819099144,8000.0,4554.0,0.0,495.0732932866085,88d79954925bc69736435b2bc74a414fad492fcb95589cc19fe5a6c73f7f738c,47,
8,48,random_uniform_n8_uncoordinated,dynamic_3step,0.25029712246627933,0.10820115779970228,0.2506725845632514,8336.0,,11.107805437495784,0.9965641146693944,0.9099732160752136,8000.0,4225.0,0.0,461.498331383802,2e2e98e8cdf30eef13a50b84c06a861b953f35bf1793101dafa6be23247bccc1,48,
8,49,random_uniform_n8_uncoordinated,dynamic_3step,0.25178223074712275,0.11213034390338945,0.25219069533498706,8314.0,,10.630455930994229,0.9972019888210915,0.9059306574909556,8000.0,4543.0,0.0,490.7343368935399,0824f1280a294646d9378cd3d74b51dd9480122935da854e9a838cb61501e619,49,
8,50,random_uniform_n8_uncoordinated,dynamic_3step,0.24568654605730547,0.10714767009584843,0.2460449808659435,8337.0,,10.838488877188365,0.9975237146900058,0.9077362156910372,8000.0,4292.0,0.0,463.8764319133479,5a03652e5dd3ba14a53b5cce1320cfeead6ca949bf967b214e4616f1abb129c9,50,
8,51,random_uniform_n8_uncoordinated,dynamic_3step,0.2484853473105942,0.1085780496424329,0.24883328666958016,8319.0,,11.345688403291613,0.9976408448396757,0.911860791125739,8000.0,3863.0,0.0,418.45071340398863,069d846a2f710ce798a3af54daf42587519189c532fccffe470dc20848f63c76,51,
9,42,random_uniform_n8_uncoordinated,dynamic_3step,0.21611953720795476,0.06459006640971304,0.2164624171765679,8645.0,,10.937484133028688,0.9965078573210276,0.9085712959363086,8000.0,4234.0,0.0,452.9532073349692,c21ac681a28d524ba2c2aba7c53608418f2920fa576b622294c38a0627a85b61,42,
9,43,random_uniform_n8_uncoordinated,dynamic_3step,0.17761724845303156,0.05279549409696329,0.17786285058197954,8584.0,,10.83415778792491,0.9961908633168992,0.9076993320962576,8000.0,4157.0,0.0,446.40003247675486,deb2b2f84e199f043bbc4476ed39e16bebe91e248ae393526fbae280c6b20c9a,43,
9,44,random_uniform_n8_uncoordinated,dynamic_3step,0.22821958182030652,0.07557282718182533,0.22858969592890277,8598.0,,11.178021404333071,0.9968500933792777,0.9105387291875862,8000.0,4189.0,0.0,447.1632426606957,bca89301fb405b616816165e673b9542c4d562b7afff0ba26ef7b6a5c862f66c,44,
9,45,random_uniform_n8_uncoordinated,dynamic_3step,0.21747811225070068,0.07036824699126881,0.217846994901853,8593.0,,11.291842661034847,0.9976099959947735,0.9114404946988204,8000.0,4188.0,0.0,451.9701489119325,d8efc804e9914d11df73f75b4e7c46661a9e8cc1237021cc70dfa8b1258c9129,45,
9,46,random_uniform_n8_uncoordinated,dynamic_3step,0.189111157208782,0.05651328679674962,0.18940398489746793,8611.0,,11.1050928622274,0.996874692229408,0.9099512257658487,8000.0,4210.0,0.0,454.4927981724031,c17c9bbfbc9a8141f5edff55ab05d52e0b32f93a580fbc682603072e46e362fb,46,
9,47,random_uniform_n8_uncoordinated,dynamic_3step,0.22057861653515304,0.0724323673870621,0.22094624402803303,8600.0,,10.945349952061362,0.996545700513548,0.9086370007007708,8000.0,4145.0,0.0,450.15745976404287,6e417477935c001be575a76c54e46d2036a5823438e67c44937423041e547599,47,
9,48,random_uniform_n8_uncoordinated,dynamic_3step,0.2235146833512649,0.06553452829053082,0.22390397291193465,8607.0,,10.943181818181818,0.9967562740488791,0.9086188992731048,8000.0,4133.0,0.0,445.11060292692855,9938e58799aed3b0b1b694cddd15fcff3f77f1b9394ca8278c1969e01368f0c7,48,
9,49,random_uniform_n8_uncoordinated,dynamic_3step,0.17766343922989977,0.039526216518183784,0.17788662133866634,8641.0,,13.614301534567316,0.9962546324283124,0.9265478293204426,8000.0,4351.0,0.0,465.1092572461348,c879d5179f0a05a4f4e607632d787b5803512f67a1687f23e98ab1ab883128cd,49,
9,50,random_uniform_n8_uncoordinated,dynamic_3step,0.1948331940398746,0.060594953267552154,0.19511393975252675,8630.0,,11.194820406038522,0.9969360373186718,0.9106729752037294,8000.0,4154.0,0.0,448.2532453192398,553f945b9e00083d9b72c2fbcfaf42e0edc9d812554e84e6aa7e7767cbe762f1,50,
9,51,random_uniform_n8_uncoordinated,dynamic_3step,0.2265285554645984,0.0678494838053873,0.22686959211222382,8612.0,,11.266285789335434,0.9972467358377742,0.9112396029446908,8000.0,4161.0,0.0,447.6354213471059,20bec67710b9f0d1b4d257eb5c0df7fbad75f9099c94fe6b78b3f589517c4c63,51,
10,42,random_uniform_n8_uncoordinated,dynamic_3step,0.27337926278171465,0.06999674114759488,0.27351888024227433,9037.0,,15.473851309639295,0.9955815344962489,0.9353748475418618,8000.0,4227.0,0.0,455.7975538298488,3c195b87f1445e5f24bb317d5a82c31328f4e3a706c1cec8193eed5382ff055c,42,
10,43,random_uniform_n8_uncoordinated,dynamic_3step,0.23971600996988915,0.08989622504192343,0.23973410574377232,8741.0,,19.967561393489436,0.9966455754482432,0.9499187717371408,8000.0,4241.0,0.0,455.0629176571965,5aae0438e1e54d69e9da0ba68887ca5e3f1f7a67ff645ed335b0fcf02051ca64,43,
10,44,random_uniform_n8_uncoordinated,dynamic_3step,0.28928399774229396,0.08786640788733471,0.2895006925132045,8934.0,,14.761262021258649,0.9978942658226182,0.9322551148702708,8000.0,4162.0,0.0,453.5439383699559,c7b98fa8a6fd7a67d10513d55076aade048023f35a0553cb06267d4f6ef018b5,44,
10,45,random_uniform_n8_uncoordinated,dynamic_3step,0.2703675672729492,0.06644770278876817,0.27049276834454955,9074.0,,15.403235733755386,0.9963661020519674,0.9350785758729544,8000.0,4231.0,0.0,447.6189332429785,8a7e98c8245c80a6f01e0226d2d2656885f2cb7610bee2dc775b06c99ab4ad79,45,
10,46,random_uniform_n8_uncoordinated,dynamic_3step,0.26301921885708457,0.09701110150709671,0.26315730604434046,8810.0,,15.637760114316334,0.9971046155061001,0.936052222780646,8000.0,4139.0,0.0,448.1943822556641,9ee63faabcca9d7ea56158b9a7b93c43e3bd66789637b328ac894e71f26729ce,46,
10,47,random_uniform_n8_uncoordinated,dynamic_3step,0.27908853452838767,0.06590940438336322,0.279228935345047,9074.0,,14.462989000082706,0.995696009266084,0.9308579989935496,8000.0,4069.0,0.0,428.236698235618,534d6bf750939fd4a2adea1cb6e5bf6962100438a5d1f081e7ea7ace1d556989,47,
10,48,random_uniform_n8_uncoordinated,dynamic_3step,0.2626161528449934,0.07522195490013658,0.2627752349179655,8943.0,,15.057484103797904,0.9966783090290796,0.9335878428888548,8000.0,4266.0,0.0,460.59748771670274,f1d4268a7fc06b15f7692db6342f402bb3f8002b9b7058c5a0ea51e1aecefd26,48,
10,49,random_uniform_n8_uncoordinated,dynamic_3step,0.258583312747179,0.07088129854805633,0.2587186487653099,9057.0,,13.520589142504626,0.9959657516666777,0.9260387258676248,8000.0,4236.0,0.0,450.0028072630521,60433548930247880d436336dc0c24b5722e1f405496f3395bc41214162a99f6,49,
10,50,random_uniform_n8_uncoordinated,dynamic_3step,0.28288908251725015,0.08786001527152798,0.28302104876927725,8951.0,,14.543472834678424,0.9959298726274055,0.9312406320438448,8000.0,4138.0,0.0,441.8652663715184,8283a2834388f9c63cfd0cea6a48fcee18a5ba4c6e6ba3aa66a9c3f28824aa66,50,
10,51,random_uniform_n8_uncoordinated,dynamic_3step,0.2991848722286037,0.10686127192879238,0.29939203465997644,8807.0,,13.965022707353995,0.9963937333727461,0.9283925260305236,8000.0,4222.0,0.0,457.14513816242106,511218dd01b3f07057afc14325022c4e82154b26ec43f956302ef375f1badadf,51,
11,42,random_uniform_n8_uncoordinated,dynamic_3step,0.29544820136839034,0.12535472911236648,0.2958602143164664,8370.0,,11.799089032809052,0.9955747571033343,0.9152476943584918,8000.0,4405.0,0.0,477.81707987515256,1cb1e79d07c1a001fd4c5b9ce4fe3d27ab95c671552b93dc4f89281a9b88aa3d,42,
11,43,random_uniform_n8_uncoordinated,dynamic_3step,0.3005398949752833,0.1401822585479541,0.3010036519695456,8364.0,,10.997144375083012,0.9963426485265535,0.9090673027567258,8000.0,4217.0,0.0,453.8318980450276,34a093634a379cccc3f19c065026cb0f022e187ed8a6685ddd38a12cadcab079,43,
11,44,random_uniform_n8_uncoordinated,dynamic_3step,0.3013854056679787,0.1385765207712863,0.3018667346838356,8369.0,,11.620863712843525,0.9965639337395528,0.9139478764478765,8000.0,4120.0,0.0,444.9369169254787,53530657e9075a9c22d32ae92ddfae87139fe25651b2690a9ce00c2e03351761,44,
11,45,random_uniform_n8_uncoordinated,dynamic_3step,0.29140442599058564,0.12861187556768047,0.29186573391101356,8367.0,,11.253599565335506,0.9968701608881657,0.911139543024056,8000.0,3727.0,0.0,409.5823174691759,78629cfa8aed03ddf734cf5143bee3141caa6f77ea5469d53b714c177795bef9,45,
11,46,random_uniform_n8_uncoordinated,dynamic_3step,0.32012366566135875,0.1446866942069853,0.3206393357256966,8372.0,,11.507076453448036,0.9971252108506882,0.9130969535098244,8000.0,4383.0,0.0,474.6021226407029,9cddbfb99279cd5eee03d82086dbbdfb37f31abd1b94d5722a8b423fcbd08769,46,
11,47,random_uniform_n8_uncoordinated,dynamic_3step,0.30896165775581813,0.14546396523336905,0.3094969718061909,8368.0,,10.880186449579831,0.9971946199627697,0.9080898103507576,8000.0,4459.0,0.0,483.7645430169068,7dfb5c16d5299f4f2e7d16a845b7ee594f2c60af63bdb532d93b3c97fcb66b17,47,
11,48,random_uniform_n8_uncoordinated,dynamic_3step,0.3103947021207852,0.13957819127432347,0.3109900090660206,8370.0,,11.164164029358291,0.9970499927888713,0.910427686536107,8000.0,4213.0,0.0,455.4089834669139,eddf1fdc23cb0d0f7d0b5404a81fac5fb89d735cb21ef86307be72d6b98e7a2f,48,
11,49,random_uniform_n8_uncoordinated,dynamic_3step,0.2892326556749466,0.1407285909584462,0.2897160635749257,8374.0,,10.821543092729533,0.9970580719560218,0.9075917370165212,8000.0,4412.0,0.0,478.9908077712171,6380ff17fae2c5dce548cb122f24b97936c86bc6bd9dfc0abfbb7641ad272364,49,
11,50,random_uniform_n8_uncoordinated,dynamic_3step,0.3147674866981481,0.1457398528316832,0.31521778439377945,8369.0,,11.187082405345212,0.9970644317906311,0.9106111885327494,8000.0,4450.0,0.0,476.5891526425257,9cae9e36224ee0c7d837b747e56e56000fc8156e89997c5413d8629d86db3879,50,
11,51,random_uniform_n8_uncoordinated,dynamic_3step,0.2817090108595663,0.12925449062862765,0.2821622723936404,8386.0,,10.829163127980662,0.9957981265281775,0.9076567608981552,8000.0,3426.0,0.0,369.62080764304847,61c8419046bfe151beda93afc059c785c9ca6fa5dfa17d9d9d9f2df57ac44ef7,51,
12,42,random_uniform_n8_uncoordinated,dynamic_3step,0.30940412119575184,0.11450008862289408,0.3096946322966213,8730.0,,13.17361649356689,0.9967111957199593,0.9240907004930398,8000.0,4047.0,0.0,434.4251917034853,82db6a1c9a9ed13f8f79da86e48b7fd3f71bd5159343271bdca145178b0f5a30,42,
12,43,random_uniform_n8_uncoordinated,dynamic_3step,0.31063367879300446,0.11515409080333629,0.31086060830647944,8709.0,,14.287240306165362,0.9970976998286198,0.9300074767015384,8000.0,4020.0,0.0,428.5337227799464,df7c40000b9e2514790e87b9c5c450a338dfac30d97e741c6387877c23fbcb9a,43,
12,44,random_uniform_n8_uncoordinated,dynamic_3step,0.3099914362165441,0.12589890295175316,0.31030127660154977,8682.0,,12.312640837391871,0.9964349259081747,0.9187826548986038,8000.0,3998.0,0.0,433.2352752271108,3f3925747fbdba406133e07145fc3885a3bba5237adea2ea92ccfe9b51e184d0,44,
12,45,random_uniform_n8_uncoordinated,dynamic_3step,0.2995877248214376,0.12079282376235097,0.299823440367234,8588.0,,13.052441090405052,0.9967017082785808,0.9233859786783404,8000.0,4078.0,0.0,449.852941329591,06968ba1e3ca84ed6771d74ce719107af57f1b47cf067d90211c88be539aa365,45,
12,46,random_uniform_n8_uncoordinated,dynamic_3step,0.2920438968006925,0.10413711296980767,0.29230451115755174,8740.0,,13.521233367859134,0.9966477803047233,0.926042249786394,8000.0,4016.0,0.0,432.1372154934797,3fa69cb7819eac24f15029b8d71fcde2a8e24f467fbaf89692eae804d1763799,46,
12,47,random_uniform_n8_uncoordinated,dynamic_3step,0.31989725584234086,0.1223927538608615,0.32019272836584484,8624.0,,12.498417372101583,0.9971996345062877,0.9199898698988755,8000.0,4064.0,0.0,436.57964509539306,1554c6d50630550bd52e0298fc5d660fbe9e1ea8244747742244420802cb7294,47,
12,48,random_uniform_n8_uncoordinated,dynamic_3step,0.3065575505647896,0.12618508144945978,0.3067763667963771,8663.0,,13.001376252007034,0.9966022760814667,0.9230850657178982,8000.0,4035.0,0.0,434.3228643850889,fad9f0d3eda622c7749e70194b5cd25978ce3bcb9a77d02c9d66871074ac0911,48,
12,49,random_uniform_n8_uncoordinated,dynamic_3step,0.31121756561939523,0.1210227944762022,0.31145718362911157,8625.0,,12.17173023055376,0.9967060927422271,0.917842411796987,8000.0,4067.0,0.0,442.6697503279429,4edd7bce3419b6a5b41a81acb0a1ca08e47a104b81757baa54e26b327bd29be0,49,
12,50,random_uniform_n8_uncoordinated,dynamic_3step,0.3249947608853395,0.1386131066237869,0.3253287693453904,8573.0,,11.451484211238082,0.9965070548300472,0.912675074989962,8000.0,4092.0,0.0,451.6204492498655,a8338cc1cbf94848600b55a31a187ca8ae849b554d364f4e27af219197e2e699,50,
12,51,random_uniform_n8_uncoordinated,dynamic_3step,0.3298836395605536,0.14029339109155295,0.3302568437705235,8524.0,,11.173417638147928,0.9967091002246482,0.9105018685969608,8000.0,3984.0,0.0,426.7407596500125,9d9ce74bb5b0c3b575d70d077d35a080c6cbbecc9d9e050c0c1e562bdea05b31,51,
13,42,random_uniform_n8_uncoordinated,dynamic_3step,0.3390196671436566,0.1322374294275053,0.33936400827088564,8653.0,,13.19736434108527,0.9973399538925342,0.9242272946207252,8000.0,3970.0,0.0,431.64093098184094,0f8fcacafaebdfd0b786747e508c9f689e31407599633e6017f5b5efe763c5b6,42,
13,43,random_uniform_n8_uncoordinated,dynamic_3step,0.3642407841832593,0.14988792545449103,0.3646045709078224,8553.0,,11.40284678393984,0.9965222536322398,0.9123026013636846,8000.0,4033.0,0.0,432.6578905824572,4248db5853daf0a7bc9a971e6b2ed214105d3c3f73655ac447b196df9901907e,43,
13,44,random_uniform_n8_uncoordinated,dynamic_3step,0.3658903423521963,0.1474590893961437,0.36630548338204716,8620.0,,11.448375987575124,0.996994158955175,0.9126513663522848,8000.0,4064.0,0.0,440.5286140581593,9cdbc560543608ae4cc31718d26a48d4661653b8c2be83a5dfea5fd540c84647,44,
13,45,random_uniform_n8_uncoordinated,dynamic_3step,0.35724047203980147,0.15245642785796637,0.3576883846532929,8545.0,,11.574355135098346,0.9963696044641391,0.9136020980583552,8000.0,4101.0,0.0,455.23232795950025,85e0ab3595e2e2ce269ce58bf3cc62d231aedcb8fcd24191fc1f49bd21d9a5d6,45,
13,46,random_uniform_n8_uncoordinated,dynamic_3step,0.3386518113745582,0.14488631170239932,0.33896945412122126,8590.0,,13.121772639691716,0.9967597765363129,0.923790784411618,8000.0,4135.0,0.0,446.9801839152351,5ee37c7f74597464633a166603c6419833c3ea4a4242b6499bc3005d6b431ce9,46,
13,47,random_uniform_n8_uncoordinated,dynamic_3step,0.3619770997772536,0.14940900942574406,0.3624628624016294,8537.0,,11.484401434661974,0.996749665117012,0.9129253704958604,8000.0,4119.0,0.0,440.0841987263411,f105f9036b07cce736ba58e1ce42c4fce9ebc3827ce5ab00f7ca0dae52128cf4,47,
13,48,random_uniform_n8_uncoordinated,dynamic_3step,0.3673250648688227,0.15798194046749287,0.36774066480958834,8534.0,,11.598033189920098,0.9973556950978655,0.9137784843667196,8000.0,4068.0,0.0,438.0823259870522,c01b3844cc93ff29612ae466571ad67e3799e3f69e24da7c016f06ef13149cd9,48,
13,49,random_uniform_n8_uncoordinated,dynamic_3step,0.37043121974994114,0.1449962275560824,0.37089506143522477,8647.0,,11.340915172598342,0.9973934053812719,0.9118236945801184,8000.0,4085.0,0.0,445.8400334655307,2d7f9754d80d3bb60b250b074b0507f7cc0d1afe1e12b4f15b14acf710412ed5,49,
13,50,random_uniform_n8_uncoordinated,dynamic_3step,0.35950285229543244,0.15098895338201312,0.359949236741521,8545.0,,11.15997375328084,0.9953625549300771,0.9103940544926444,8000.0,4060.0,0.0,444.7232884345576,7f0e9f7ad3b2124f4204bb38a6fe0ae8bf2d0067044ec88a227dcee8ae3ebb81,50,
13,51,random_uniform_n8_uncoordinated,dynamic_3step,0.3706068002432615,0.15442777186507564,0.3710736576347439,8528.0,,11.276345514950163,0.9967253779924401,0.911318786864574,8000.0,4031.0,0.0,440.3135871968698,e3ebb4ca7cb9b621fd1aa6a6c6b9711d26f06e8bc11b140cbd1f5a28e68f4d73,51,
14,42,random_uniform_n8_uncoordinated,dynamic_3step,0.3547650371274749,0.18798917363044848,0.3551477020633729,8340.0,,12.666769159812436,0.9963857551611024,0.9210532703814736,8000.0,4476.0,0.0,477.97889840160497,0413fd01a68a9486527e6b75662a7c393833213e9d35e01fff07e7b95f2d6ea8,42,
14,43,random_uniform_n8_uncoordinated,dynamic_3step,0.3596934610067216,0.1883407183520773,0.3603497554198031,8346.0,,11.691064975554454,0.9974510523418866,0.9144645930810444,8000.0,3431.0,0.0,373.3578997764271,402afea20fb6b9dd75e46a4df34493c51212c04f5bf2feaa4b7cfd587111fa37,43,
14,44,random_uniform_n8_uncoordinated,dynamic_3step,0.36256521621890664,0.1908708564231338,0.36312436232074174,8345.0,,11.369012337170032,0.9974751946067534,0.9120416118530732,8000.0,4480.0,0.0,485.8113784727175,85c8e887588fa9df41f7118188129995f257d7fb88da6fca6d7eac449ae51742,44,
14,45,random_uniform_n8_uncoordinated,dynamic_3step,0.3484842531235573,0.18953393173677308,0.349072466953309,8343.0,,10.750048894973595,0.995633073241099,0.9069771672882744,8000.0,3783.0,0.0,406.986725842813,08325c001fd6b85518feb38dce9d8734add652ce60c284657541b49ed7f37d77,45,
14,46,random_uniform_n8_uncoordinated,dynamic_3step,0.35811241013300915,0.19037678538349825,0.3585767748524564,8342.0,,11.786786786786786,0.9962152464018649,0.9151592356687898,8000.0,4489.0,0.0,491.9378365869634,faceb7de243f60955a85fe4f1d1321538dfbb4d660ae40e82f6115f3b46a88ea,46,
14,47,random_uniform_n8_uncoordinated,dynamic_3step,0.3543258693780735,0.19320329791604698,0.35489509015167325,8348.0,,11.166632798211744,0.9967696702835875,0.9104474895816272,8000.0,4409.0,0.0,480.330495883245,42c86ec7e3b2d82e7647e432d1a4c7d4d0002af7ad485a3e80ea885420de1988,47,
14,48,random_uniform_n8_uncoordinated,dynamic_3step,0.34316403794077494,0.17725100944910002,0.3436136226250376,8345.0,,12.01967499817824,0.9966108805810668,0.91680307494574,8000.0,3825.0,0.0,416.6832469715737,c8e5d721f287828bab73de7bd1b8a42ff2fb22adeeb65915ef12d880ebf71acf,48,
14,49,random_uniform_n8_uncoordinated,dynamic_3step,0.3707932681682859,0.18131737240479404,0.37133557245093307,8342.0,,11.357423355149844,0.9976582946875431,0.911951860142066,8000.0,4506.0,0.0,483.2681532069109,29b71c976a0e2dfe1c91afa74cecacc9128585608ae29168b9071393abf126ed,49,
14,50,random_uniform_n8_uncoordinated,dynamic_3step,0.3538610721285142,0.18667606710777165,0.3545190903230238,8343.0,,10.806212726915264,0.9966323127624863,0.9074606409043496,8000.0,4497.0,0.0,481.8364955380093,e26e00475562478023bb8ed6b053d3653f8b7de6b7ab5f4cee035b8da37839eb,50,
14,51,random_uniform_n8_uncoordinated,dynamic_3step,0.3270374287758655,0.17969825129214306,0.32733589472859526,8339.0,,14.02059574468085,0.9963857476451604,0.928676354542254,8000.0,3430.0,0.0,374.39391013863496,de65ae70a7bd8ed205f7ce13a883c9352c282af51785eff7b55d5ae0612423f3,51,
15,42,random_uniform_n8_uncoordinated,dynamic_3step,0.37430578523038693,0.2058056082916648,0.3749536562148281,8360.0,,13.722093216122076,0.9970288457754516,0.9271248209547868,8000.0,3442.0,0.0,374.25554691650905,0950860b4cb66025e4cf1bbb78c57c0a8ad375cba90872b1c964b7f1335b5157,42,
15,43,random_uniform_n8_uncoordinated,dynamic_3step,0.37192971402376446,0.20619695809385633,0.3724753950522855,8348.0,,12.134465519776503,0.9955279275025901,0.9175901074200408,8000.0,4278.0,0.0,457.4922587361653,37ffc23b96bbdbb178ca972d64dafe1344a7a2697c8d55c6d7c2f1d5732c880c,43,
15,44,random_uniform_n8_uncoordinated,dynamic_3step,0.3857332672826142,0.20208097734159336,0.38666297536047833,8356.0,,12.001016260162602,0.9972276474983287,0.9166737234312812,8000.0,4462.0,0.0,484.42448284942657,74faaaefe1e35cb7680fa7d8f5d4803a5e7537cde223c3675a97a449c5a5217a,44,
15,45,random_uniform_n8_uncoordinated,dynamic_3step,0.40352807203248897,0.2167235136046112,0.4043735743473053,8347.0,,12.03712618526623,0.9979686383979764,0.9169236921995528,8000.0,3823.0,0.0,418.159462591866,37c2b191131534ff0a94f6afaa1c896b7ebb0dcb5a71dd2b93b6b3370ef43760,45,
15,46,random_uniform_n8_uncoordinated,dynamic_3step,0.3933022729370635,0.20793247539222287,0.39420248605732494,8350.0,,11.506759581881534,0.9968509516030625,0.9130945603856544,8000.0,4419.0,0.0,479.2540012476966,93b79526ab2342a47ccb12376afddce47c631a86cc65c868bb4fca7934a32976,46,
15,47,random_uniform_n8_uncoordinated,dynamic_3step,0.3859405635768437,0.21241881705408136,0.38668894836575335,8351.0,,11.867418798505318,0.9970533223954061,0.9157356779111944,8000.0,3791.0,0.0,409.3392418113072,1b47c21762f465594a7a28f9f1099af367323019d8a974ca3d55a90966532b2c,47,
15,48,random_uniform_n8_uncoordinated,dynamic_3step,0.35671562200025064,0.1976610852165697,0.3575953644370928,8348.0,,11.237557023217812,0.9973330887026493,0.9110126873720054,8000.0,4248.0,0.0,465.7945821583271,c012fa47d7c55485885993a4cff6e6e45b9006603d5ea1d8591b9fb90cdd5c37,48,
15,49,random_uniform_n8_uncoordinated,dynamic_3step,0.39275590389916,0.2097804686980217,0.39367256692696967,8351.0,,11.9405002891845,0.9977522493889133,0.916251415285691,8000.0,4404.0,0.0,492.8859875060152,8bffc58b0ffebb7273eaef1498ea17c2b3c1871c5deb17dac00eac72d8ad1ef3,49,
15,50,random_uniform_n8_uncoordinated,dynamic_3step,0.3667283984226328,0.20348661848596783,0.36742089903084224,8355.0,,12.24868469803631,0.995970093506936,0.9183585809698964,8000.0,4439.0,0.0,503.87578173400834,6704fde7839051e72a9f3213e4780a81a3a2f1e25642cbbf98807db544e27862,50,
15,51,random_uniform_n8_uncoordinated,dynamic_3step,0.3670555618048414,0.20066306166583245,0.3676933431783105,8353.0,,12.593216463414636,0.9966831851910118,0.9205921693710925,8000.0,3797.0,0.0,424.605102965841,91accd1f1f3cff0851b68f250b934103d3da159bf8e91e81729ea782fd95aa4b,51,
20,42,random_uniform_n8_uncoordinated,dynamic_3step,0.1477669623762902,0.03232864963986213,0.1479975026789261,8485.0,,11.33799690589897,0.9971021524058036,0.9118009990389292,8000.0,4043.0,0.0,1687.2014741527382,9fabf0d8f759353d2f98bc1262445f494c2efd8fc6d2cdd1ebd19f7ce0bdd79c,42,
20,43,random_uniform_n8_uncoordinated,dynamic_3step,0.14459291978103334,0.02770230927988921,0.14480537911246286,8500.0,,11.582853618421051,0.996829751762343,0.91366548927031,8000.0,4102.0,0.0,1710.279744433472,65a9702c31d3f4df9f8d359b567bee7dc75bea8ccb4d86cb6cf466eeb71c5e5e,43,
20,44,random_uniform_n8_uncoordinated,dynamic_3step,0.1569715378553567,0.03959574614956358,0.15721539278433086,8471.0,,11.039965874786718,0.9971727508281676,0.9094200098676194,8000.0,4085.0,0.0,1735.8495740732178,1ce2fdf5e82b5c4c5020d1639f778e4b473c82f2d83bc703d509c013e3610109,44,
20,45,random_uniform_n8_uncoordinated,dynamic_3step,0.14538651215984977,0.006628771447040089,0.14561660153694625,8755.0,,11.206095212801277,0.9959704147060174,0.9107628499481558,8000.0,4021.0,0.0,1675.7580587957054,7d4026ef9a393d3eb64993861a1cfe26eab61eae2aa3d3d3b0dc51ade46b5f30,45,
20,46,random_uniform_n8_uncoordinated,dynamic_3step,0.14132376383393688,0.029352054960998904,0.14152414633981802,8494.0,,12.126391382405744,0.9957548595686517,0.917535236290418,8000.0,4088.0,0.0,1709.088561884826,1476a5a610b640fb782c76e31d9cfbd4cc1234ceb6ea7cd44ce9d0448243044a,46,
20,47,random_uniform_n8_uncoordinated,dynamic_3step,0.14688264962032369,-0.012506273092286095,0.1471427512528165,8909.0,,11.333355745310294,0.9971065080604419,0.9117648803697178,8000.0,4068.0,0.0,1697.2488959804175,7b500b9dd2fa6f6e08cf39ee80f3b122ad093607f27df7ff457cbf21d12be22d,47,
20,48,random_uniform_n8_uncoordinated,dynamic_3step,0.14922154147060404,0.020373832283720205,0.14946006573015835,8537.0,,11.239669971388649,0.9965033818136493,0.9110294161175936,8000.0,4139.0,0.0,1723.3859412202146,9cdbba31fd5cf8166f02b89d28a81355b955f86d5a9cb99bedaecb598f6fde40,48,
20,49,random_uniform_n8_uncoordinated,dynamic_3step,0.1514554689980177,0.023537064757933702,0.15169142899549568,8610.0,,11.611756617394294,0.9973626373626374,0.9138803858063982,8000.0,3969.0,0.0,1679.575341633521,41c195056434d3b3ab8ef271ad0dc4437e14033e513a1ddfb30f2b7c13b8ee67,49,
20,50,random_uniform_n8_uncoordinated,dynamic_3step,0.14348308388627398,0.007469455796491199,0.14368133258883437,8720.0,,11.763372052583987,0.9965834273273352,0.9149903619872044,8000.0,4073.0,0.0,1718.5177838183008,47c09c977021b9577c043399d1e95b28b11186cde317dea7c73309d8b36b7534,50,
20,51,random_uniform_n8_uncoordinated,dynamic_3step,0.1426269076664756,0.033067581239422286,0.14284250081779715,8467.0,,12.327248735429954,0.9959614828067037,0.9188788981659888,8000.0,4097.0,0.0,1705.6933250350412,8b713aaa034513400fe86e1346db770eb27bee05f94a6ce20a068e8933693dc6,51,
25,42,random_uniform_n8_uncoordinated,dynamic_3step,0.09618349078119658,-0.03487890967779089,0.09627754242163342,8771.0,,11.85858170606372,0.9971366087202086,0.9156728835887123,8000.0,3957.0,0.0,1678.172622273676,38dbf86c15b720a45adbd2918968b107edcb649e273b5018f579e30c557f7d80,42,
25,43,random_uniform_n8_uncoordinated,dynamic_3step,0.09675734010555696,-0.031592016167794286,0.0968301108794285,8738.0,,11.651009863785816,0.9958559720047887,0.9141705301350534,8000.0,4145.0,0.0,1718.364981472958,0432ffe7320af620cb3b947549360b8a3cdeccf9fdc76843b295db0a0c1822da,43,
25,44,random_uniform_n8_uncoordinated,dynamic_3step,0.09702046636398731,-0.03115438926219711,0.0971122983065017,8751.0,,11.490133545943792,0.9971378868940165,0.9129688096311972,8000.0,4004.0,0.0,1694.3747810218483,cd1849d366802ebfd35b45f7e3edc95c9611a56337da7d3e4677edb54a6d0939,44,
25,45,random_uniform_n8_uncoordinated,dynamic_3step,0.09648469550231338,-0.03427172329448055,0.09657469509136699,8770.0,,11.730526743949564,0.9966046707121654,0.9147523362055514,8000.0,3984.0,0.0,1672.688805929618,9e80dfa7c9568a0bbf5bdf015ea65cdad60e085bd19c5df25a4d9eb657ef3182,45,
25,46,random_uniform_n8_uncoordinated,dynamic_3step,0.08639989979821477,-0.03736417458913513,0.08646272795111563,8762.0,,13.406472592133788,0.9971216591860472,0.9254091638850068,8000.0,3984.0,0.0,1693.6863466114737,66d62b1ec8064d170fef11e55b8f973ba9d46fa2bac40f6fd552383bed081de8,46,
25,47,random_uniform_n8_uncoordinated,dynamic_3step,0.08474384355014869,-0.03748478796764058,0.08479441267851466,8752.0,,13.357269571924412,0.9961940946020561,0.9251344000646736,8000.0,4088.0,0.0,1703.3631172322202,a2472723e5286105986d42a2c47e1e484a4e7fbe54513a9e8d4e4b30141c90fb,47,
25,48,random_uniform_n8_uncoordinated,dynamic_3step,0.08898928532297327,-0.05190187482292646,0.08905996395394446,8898.0,,12.935946248600224,0.9974045430353048,0.922696030055922,8000.0,4038.0,0.0,1676.8180935571436,d12df8f575dc98a8bfe338e7e3bbeabcfb283482ec4ebaa3b9e51fd6bd217fed,48,
25,49,random_uniform_n8_uncoordinated,dynamic_3step,0.09767533862172653,-0.030893479869219788,0.09775417084830507,8746.0,,11.587483266398928,0.9967246256949505,0.9136999832483234,8000.0,4081.0,0.0,1742.5672973801848,ce01880f5755f8567e0eb08957fa0fa119787dad8aaa25e96efc59b829c1485a,49,
25,50,random_uniform_n8_uncoordinated,dynamic_3step,0.07408499518264929,-0.046910068955918316,0.07412960986729503,8842.0,,15.476169225276688,0.9975873516747198,0.9353845266587848,8000.0,4109.0,0.0,1747.0208685104735,1ab1e47a1ddd7297ac7dcc39f4d4a6f91dbd4d6b97a86efbd81da27d44c3790f,50,
25,51,random_uniform_n8_uncoordinated,dynamic_3step,0.09901131230237639,-0.029650158562212637,0.09911501269566642,8740.0,,11.53340438286818,0.9972882468811556,0.9132953318202032,8000.0,4027.0,0.0,1707.4598293125164,4b9d454e0d099d9dd6dfcd1275d97827edca2e7e5a046a1b0bae4018bd09b18d,51,
30,42,random_uniform_n8_uncoordinated,dynamic_3step,0.21617243315886725,0.06730146457149577,0.21655276066868004,8507.0,,11.989222151315325,0.9958075542754418,0.9165917532114216,8000.0,4120.0,0.0,1715.7848735789305,5e988184f791cad29207e8f104d071ccae8829107b6b838f95cce54c7c04d684,42,
30,43,random_uniform_n8_uncoordinated,dynamic_3step,0.21354693935060837,0.06907871798122574,0.21392465411785563,8498.0,,12.48421675168182,0.9964877036803613,0.9198988595047196,8000.0,4112.0,0.0,1745.13004633761,2eb42da720f59580582ddd282ff51f701610ae2096317f290f49864d77876a49,43,
30,44,random_uniform_n8_uncoordinated,dynamic_3step,0.2368487519452602,0.08544854790675396,0.23730051532828372,8483.0,,12.432755440796754,0.9975187733025258,0.9195673071217496,8000.0,4120.0,0.0,1702.6503996665124,22b2e015cd312b912e0b6c1cdda0cdf9db757f97f92ad3d4762461ee8cf92498,44,
30,45,random_uniform_n8_uncoordinated,dynamic_3step,0.23624009856911554,0.07153359349151474,0.2366809962913474,8482.0,,12.672709493004362,0.9973972333311479,0.9210902766648266,8000.0,4171.0,0.0,1708.432678991696,f6150b42ec826a4058505b813d170dc23d3d33c34d435fa12903e890ac4a5d9b,45,
30,46,random_uniform_n8_uncoordinated,dynamic_3step,0.24607537694579942,0.08735856545053929,0.24658206338273797,8496.0,,11.843434343434344,0.99695191898004,0.9155650319829424,8000.0,4042.0,0.0,1480.766942948103,f38435657d671b9c9ebfdb5cccb25840575a73e2041670cd6983310a65a3fcbf,46,
30,47,random_uniform_n8_uncoordinated,dynamic_3step,0.21655904243379046,0.07208720468596187,0.21693124882118447,8501.0,,13.484802552852017,0.9965644750990008,0.9258424440342656,8000.0,4058.0,0.0,1482.0091289703269,f37a78c45eea9b5fca1cf6577c3355577948612c6865c06f445652e9fb7a071d,47,
30,48,random_uniform_n8_uncoordinated,dynamic_3step,0.23389644509738056,0.08310499876467432,0.23433725583062445,8500.0,,12.264392014519055,0.996386814166836,0.918463141196387,8000.0,4045.0,0.0,1632.1762732563077,9eca73b0f7dd59c64dcfcbd09867e92dcaa5c375e437278a8ade507292b08f77,48,
30,49,random_uniform_n8_uncoordinated,dynamic_3step,0.22750920016669723,0.0817084290053892,0.22792626456249,8486.0,,12.34082588958852,0.9964102900643129,0.918968146139744,8000.0,4172.0,0.0,1640.8814770223107,da30d6b573da945a3a6089d72f8d2363a22a77cbec12abdad2839810c0e54864,49,
30,50,random_uniform_n8_uncoordinated,dynamic_3step,0.2385621641472205,0.07941019151373054,0.23905462476989942,8500.0,,12.021985058697972,0.9959322389743993,0.916819061484651,8000.0,4128.0,0.0,1242.696444769157,ae7d02ae14c4e0b1c8ff3ee3bd30cb8444c8da01794411da1a23022162abcbe3,50,
30,51,random_uniform_n8_uncoordinated,dynamic_3step,0.2094595333975924,0.06324304537624072,0.20981889332143444,8501.0,,13.80832107242112,0.9960272119564504,0.9275798994855888,8000.0,4229.0,0.0,1338.4837495123502,cd757de61f8e58f45a514a9223575275ab1433ea3f9a574d8616433d4ae94948,51,
1,42,online_static_3step,dynamic_3step,0.1395724279194344,0.06163638800335964,0.1397704261681483,8677.0,26.572261429886467,11.750780978826796,0.9623667709788796,0.9148992733502688,4219.0,3967.0,407.1081165997312,424.19235781393945,e1541ec4c3203a188985ea123665c7c591f0a562c0e752375a546fd88a55f8b9,42,
1,43,online_static_3step,dynamic_3step,0.1436724829699748,0.05830779467893638,0.14376947505251772,8800.0,32.17416144489495,13.238550066546622,0.9689191588811814,0.9244630269196196,4919.0,3905.0,471.8838514690288,422.53694350621663,523844ed78a0f583e442b643c9217c5abbf3c0623bfd68739147060cf00e4cb4,43,
1,44,online_static_3step,dynamic_3step,0.11833838863986099,0.02799403782195581,0.11846070272643971,8676.0,25.704022561971204,12.625307766917857,0.9610955834796268,0.9207940100580913,4234.0,4035.0,412.6985668281559,430.75324653903954,2dab5376247a9528a31142c1fd9440d80012f57468cb93f8a65ac77b40067382,44,
1,45,online_static_3step,dynamic_3step,0.2110882606631182,0.09004592581381948,0.21127907112963823,8670.0,48.3993851313583,12.180301941049605,0.9793385804946498,0.9179002290058312,3929.0,3893.0,380.4902595146559,423.65703835873865,ca931493022139a148c52ef6d877841359de94e3965a4155825ef527a006aee9,45,
1,46,online_static_3step,dynamic_3step,0.06805365127499069,0.023251678340813667,0.0680319139834189,8626.0,22.55229357798165,14.64469938756146,0.9556586119925148,0.9317159080199792,4148.0,4081.0,403.1078805422876,437.50289303297177,c3a107a1fc646545ced1bed510f83f2557068c38968fadd0196b04e59ec82149,46,
1,47,online_static_3step,dynamic_3step,0.1158044961145058,0.0601386503702604,0.11582869429579282,8943.0,26.5136660724896,12.976128538638102,0.9622836013222028,0.9229354119741978,4051.0,3984.0,396.4174379473552,432.5721792182885,2fe61a766d51c57514713696731290ae92df7697333ae2dbc77e0f14e0d3ee88,47,
1,48,online_static_3step,dynamic_3step,0.04454158996054508,0.012925503086258252,0.04451638792423157,8710.0,16.098961231682434,12.232387264082986,0.9378841910599784,0.9182498086096224,4320.0,4024.0,430.641050035134,430.4359934083186,4aae7d3fd5610a876fe9bbaab463a83d8aeb4baf283a46ff967cce3f9e26de26,48,
1,49,online_static_3step,dynamic_3step,0.14521108955322798,0.06869087727407261,0.14534806913177659,8619.0,27.639562911778885,11.591065056272305,0.9638199777908268,0.9137266510760488,4174.0,4006.0,403.8801183346659,434.257009988185,8542f702a4f00f38f331770accdb832ab7fd5821d0a61dc5c15feb3cec0e38d0,49,
1,50,online_static_3step,dynamic_3step,0.0784627856079893,0.029359818266322404,0.0784352852174387,8593.0,20.74228675136116,13.794802867383511,0.9517893079009536,0.9275089314712568,4166.0,4149.0,403.8514762602281,448.03715978981927,0bcd08d9c5dd844ced37907c5e74335e22a8594076973ffb45d7b8eedb9ffc21,50,
1,51,online_static_3step,dynamic_3step,0.144099647348699,0.06698689598050903,0.14424701236771473,8976.0,28.973152191492805,11.897232368642875,0.9654852881249966,0.915946837969168,3549.0,4061.0,346.48162174387835,436.8547855189536,6fd43b0bf15e2a3328db22762d4ed33f7ce69b03a8096df04e90603800be5e91,51,
2,42,online_static_3step,dynamic_3step,0.15406110681979002,0.07675725044085178,0.1542074430614464,8351.0,56.400428265524624,11.696600566572238,0.982269638179126,0.9145050739906512,5453.0,4453.0,524.5087883931119,483.00794449611567,c360e77cbf9208eb59f877768a341b1ee56109539a0141aec1c11cf00737f360,42,
2,43,online_static_3step,dynamic_3step,0.1165593343401426,0.04088076872458588,0.11674053711544752,8358.0,26.349201065246337,11.402895553257498,0.9620481851603856,0.9123029764387934,4996.0,4177.0,480.1176754131448,441.8916499936022,0e62c4ad1d0e7742f7978514de246c25478a67dddee6715440c3ab32561d520e,43,
2,44,online_static_3step,dynamic_3step,0.1401003100631403,0.060718020285461465,0.14037819883683458,8353.0,29.85798273011207,10.971644863536756,0.966508119150612,0.9088559634915448,4672.0,4472.0,454.8247925757896,491.1606976359617,0d70ca331d92c748ebc27f4e7e5d1e311ed527bdd2afd7634f04394859659ace,44,
2,45,online_static_3step,dynamic_3step,0.1593649135489548,0.08007660130394458,0.1595519831246374,8364.0,64.68677204658901,12.860438024231128,0.9845408888345862,0.9222421508415312,4890.0,3824.0,466.0630871851463,412.21000654506497,d3425e91c12782ca0d0e0fe9d88923d1b43baad26303f808c7533aaf5e56dc57,45,
2,46,online_static_3step,dynamic_3step,0.14162862079747018,0.06987142217606397,0.14187859638395478,8347.0,31.035636936404803,10.788558352402744,0.9677789760832328,0.907309209689051,5894.0,4495.0,569.4709375947714,481.0639714926947,43df327920651f8d8a2868d63fa20f885db7a645919e512e13e92d1dd7209fd1,46,
2,47,online_static_3step,dynamic_3step,0.16779721295019173,0.08143467457143212,0.1681194836604104,8355.0,58.31326644370122,11.154811715481172,0.9828512436194008,0.9103525881470368,5964.0,4471.0,578.6644838263746,485.29484655335546,275881b972784a9f8e6b86ab40792a272b8569d6f6dc28fe2693be4b2c7c573e,47,
2,48,online_static_3step,dynamic_3step,0.1025102979534028,0.03748246675221922,0.10262560660463141,8351.0,27.10402172068556,11.70994044242768,0.963105106308382,0.914602469165703,4918.0,4193.0,484.0591182592325,458.7021124344319,19b73fb426414f211462ff0536025acdb560a71b5a028919bca41bf59c86e5dd,48,
2,49,online_static_3step,dynamic_3step,0.1484508307159108,0.07766688646669216,0.14855650522694758,8367.0,67.47014297729184,14.22971232288536,0.9851786293036824,0.9297245104251532,5179.0,4412.0,488.970471998211,468.64410601346754,09f72ed3d5d6cacb4e058c3689636ec44d588e9249e5745b6f94c551a290cf51,49,
2,50,online_static_3step,dynamic_3step,0.1654959814190496,0.07772030193443977,0.1657774215693892,8356.0,71.47397512666974,10.733606025191534,0.9860088934716762,0.9068346651020148,5202.0,3787.0,505.019051367417,412.4957339547109,183fe4afcb85edee069d5b151e37e11888df8765dd48e3eecba569d08da25f47,50,
2,51,online_static_3step,dynamic_3step,0.1624105893691557,0.07778879731553309,0.16264804262846,8366.0,56.76725062567037,11.60186287555151,0.9823842093992872,0.9138069454253516,4959.0,3766.0,478.4262650385499,406.8494615771342,001beb6e33cb37583676d8d112256ff90d3d3140f42e48beadce4b812ef2864d,51,
3,42,online_static_3step,dynamic_3step,0.13558355098506508,0.05965805894314231,0.1358651363568322,8351.0,53.58998646820027,11.120328597400848,0.9813397974900891,0.9100745997529488,4488.0,4468.0,425.1681076728273,481.4182476636488,78b6301a32ee11bae9bf04eef594a95993c53cd686772fc110d159875c7841a7,42,
3,43,online_static_3step,dynamic_3step,0.13954137448020076,0.060070249880476156,0.1397756593554896,8343.0,33.43792662116041,11.012288786482335,0.9700938395095594,0.9091923559771238,4535.0,4499.0,431.5787552017719,472.0581119449344,b9d2ab5419352c1afc371a6279089c81c3dfdc4fe2474fec5333de4544414dd3,43,
3,44,online_static_3step,dynamic_3step,0.175137036556283,0.09705377962736739,0.1754554588655195,8332.0,76.65466926070039,10.591064185926736,0.986954480273093,0.905580781832218,5612.0,4259.0,518.4244606201537,452.7482528777328,351cb2554f5e89c3f1a6b1a3b921b60e1688240503236848ab0bc5c9ea628dae,44,
3,45,online_static_3step,dynamic_3step,0.154035296035333,0.07286547831415677,0.1542831709936266,8342.0,50.50633322507308,11.26368295182781,0.980200502864786,0.9112190919900026,5018.0,3885.0,480.0388728152029,421.5469995746389,910e0ca2c86a2a47bedd9112f87bcc58f08489b378793c46b82c663831053eb5,45,
3,46,online_static_3step,dynamic_3step,0.1449677862891925,0.07212113095059965,0.14530789536899458,8339.0,54.119777158774376,11.02174349367766,0.981522466416182,0.9092702528802612,5206.0,4478.0,496.2212015672121,481.5042345938273,e6b98d203c415f1a8c34b2b75a7e204e2d3e4b39022e095555c1486ea3c1d277,46,
3,47,online_static_3step,dynamic_3step,0.08353199990601001,0.03024264771932886,0.0836774278721342,8345.0,21.289017341040463,10.79651809673408,0.953027423296226,0.907377546071775,5500.0,4490.0,535.8942626772914,479.5886627687141,dd3015a867cfc996eabb6fc00f5a1173d0286567e2c9082ab2bd0f83d5aa65a3,47,
3,48,online_static_3step,dynamic_3step,0.16859708329826031,0.07538165001404605,0.16884074090046838,8338.0,48.82037617554859,11.5078245074752,0.9795167493916024,0.9131026025509492,3947.0,3854.0,379.14519764017314,413.7821545263287,aaec7a1c34c54a1bd039a1b8c18a5480353cfb7128f567430addb23f51f49801,48,
3,49,online_static_3step,dynamic_3step,0.11310868581655972,0.04506558981265761,0.11331113874967141,8342.0,25.37805652588123,11.932826637712632,0.9605958793976136,0.9161975590226384,4837.0,4513.0,473.955266494304,496.79679168760777,650bb640d69c5e47dcd172790ed6271ade9dfaec816e703b4a3b9ca43387318b,49,
3,50,online_static_3step,dynamic_3step,0.1826020339165409,0.0973659081886884,0.18295389147301389,8335.0,72.55529522024368,10.568631227529533,0.9862174084336026,0.9053803677627462,5115.0,4478.0,484.00492344168015,482.6984308005776,d620740098c790fc78b4cb8f00f8ec0164078ac4feaddb4fe434d42b87e1dc1b,50,
3,51,online_static_3step,dynamic_3step,0.1047782186032307,0.05386782736614464,0.10501866259878229,8329.0,30.92652577523208,10.588292117465224,0.9676652978330704,0.9055560624030654,4584.0,3853.0,444.0480830036104,422.8241267062258,66afefe803e1184e4b350ee305372fb8b28c8ad5acae401c4045a26a80212f03,51,
4,42,online_static_3step,dynamic_3step,0.027349871725274533,0.0028575312132360026,0.027362366327114973,8499.0,13.30215374941047,11.483851268828875,0.9248242037463806,0.9129211989435684,4056.0,4090.0,405.7055661061313,449.97795557254,e498e96b657afb256b2918c44380f7421f2918a14b059ff7d8591b56c2a7d59e,42,
4,43,online_static_3step,dynamic_3step,0.06640113333744138,0.040041558024676724,0.06641478321738481,8559.0,21.17952853598015,13.12644301541799,0.9527845958279392,0.9238178995767988,4034.0,4065.0,389.6540426376741,437.7645768437069,06e33eab45f5ec3553180be796337fcdf0dd1f787782f856cebb6255f584c18d,43,
4,44,online_static_3step,dynamic_3step,0.08834444980608328,0.03469119451561462,0.08846023805616449,8492.0,24.984190307328607,12.691296838627318,0.9599746884850348,0.9212058458079404,4092.0,4057.0,403.0779402924236,441.79712907318026,12446b23479058cee913864dc4421ab4fa14764cf1988ed1c3a55e0d83d9031c,44,
4,45,online_static_3step,dynamic_3step,0.023614070396728193,0.0013819458020464066,0.02364090480568881,8506.0,14.274606132475013,11.378699416146569,0.9299455276930564,0.9121164938603632,4109.0,4014.0,412.7596623690333,441.5616143613588,1c0559b8be6391e094d7b2c47bd536b82d581afc126f163e1a71db87212b3092,45,
4,46,online_static_3step,dynamic_3step,0.017081963538915335,-0.0024990863294229,0.017115546940484505,8534.0,13.28031545248692,11.695877714759996,0.9247005838394649,0.9144997900638088,4073.0,4002.0,407.2058432751801,429.31653918884695,8a9b527e4b246b75a30334ce72e2bdbdfdf449c2051505e1daa58cd0aae3005e,46,
4,47,online_static_3step,dynamic_3step,0.03553552673558269,0.006656805337245156,0.03553783217081222,8498.0,14.779406631762653,11.268805014670578,0.9323382849585528,0.911259445992887,3906.0,3980.0,392.342152862344,429.4006974869408,2debedf1b10eb820ab15a9015a7e2e5dd7866ce1f7af039aa5580e53d638af84,47,
4,48,online_static_3step,dynamic_3step,0.01896017272801037,0.0031382330553411946,0.018933264957561813,8527.0,14.529633759327558,12.17230262215217,0.9311751406426172,0.9178462751837836,3803.0,3977.0,383.8719407506287,436.1227018642239,ba002e38c24f199a8f6e5434dbfdf2107bd0f19251c779322e86fa423167fc88,48,
4,49,online_static_3step,dynamic_3step,0.026237287453967584,0.01026506502363351,0.026243358754405532,8500.0,13.839509202453987,11.841604921012165,0.9277431023476842,0.9155519875329092,3914.0,3951.0,394.922385631362,428.6008646504488,3f6d8ab46fee186a9e0d7bec1db491193cfeb0d4d2eb1323ebdeaf0dce514342,49,
4,50,online_static_3step,dynamic_3step,0.04739915841184411,0.021598237267723124,0.04751158606420877,8511.0,16.36435758513932,11.47173001487894,0.938891582220856,0.9128291897819256,3848.0,4055.0,382.6785409364384,432.9151919211727,384ea614ac4baa72a0a943592629cbbca19f3e54d3ab80827b4269ac1938bcc5,50,
4,51,online_static_3step,dynamic_3step,0.06609923670755813,0.029178037015049212,0.06616166917899621,8488.0,18.96884455900482,11.33588042093974,0.9472819761430706,0.911784531693472,3803.0,3879.0,384.784544978058,428.0795043709222,19677be8e58aae74569733e531a5da24d6cf6522eb51938616c433c21a4bc20f,51,
5,42,online_static_3step,dynamic_3step,0.15715376655218571,0.07137273247822788,0.15739591260610103,8951.0,48.31594594594595,12.975432420021429,0.9793028992722452,0.9229312775382364,4379.0,4116.0,417.08337106416,437.66808085516095,63820a06c24988cd5b14cbccaf1cbb0f000c4927355b2b7a32db181cb86fa4f5,42,
5,43,online_static_3step,dynamic_3step,0.0707177532591792,0.023013803411403685,0.07075797087182051,8525.0,20.11317143198947,13.025885244642446,0.9502813366165852,0.9232297858288516,4362.0,4120.0,425.6294547819998,445.0782717689872,15302fde53c7fee4048af64173d8a7965beeae9b802b541137bfbc6b42210ff6,43,
5,44,online_static_3step,dynamic_3step,0.1222001986126573,0.05057415450111936,0.12237082832417209,8861.0,29.12135682529228,12.198823698178169,0.9656609406629196,0.9180248829934852,4094.0,4107.0,397.45195149839856,447.4756849829573,e6265b5a69412f436535d76f517c6ae7f5215604635f74720122e9b3df094cf3,44,
5,45,online_static_3step,dynamic_3step,0.1332611732007077,0.05661267113208124,0.13352214535100163,8824.0,33.044456949915585,11.180151166611896,0.9697377384196184,0.9105557711074272,4566.0,4079.0,446.90728522255085,446.78968014614657,6a9590a55b7d3d64a1c0a95cfe759aa6fe59dfd2c1c23c28d656c95d4c988917,45,
5,46,online_static_3step,dynamic_3step,0.0711934043607593,0.0224820075342102,0.07126795632734462,8595.0,20.7059323061992,12.578729689807975,0.9517046619677876,0.9205007163155546,4423.0,4192.0,437.5969752408564,457.4930216821376,36d82214567af5aa5284a473cb0f40d353b96ec9aceecea67bf3d36f4990047c,46,
5,47,online_static_3step,dynamic_3step,0.14313055254321683,0.06787937100553106,0.14329308816417902,8947.0,42.71271510516252,13.198323371885431,0.9765877678921158,0.9242328004987238,4313.0,4017.0,418.1552520880941,440.548914660234,67f83638cfd623cd3b9779585e573e058ccacbe460f81f880259dd5c54027f56,47,
5,48,online_static_3step,dynamic_3step,0.0750680558137223,0.02714077693671136,0.0752153220967309,8841.0,21.743403205918614,11.228116535641144,0.9540090394070512,0.9109378677335844,3998.0,4025.0,391.2171831007581,437.70380883989856,096d75f1a2a4ad7097adefed71cdbf20124d138d7ae6e149970f4c9c1a6e5cd3,48,
5,49,online_static_3step,dynamic_3step,0.12061971957096268,0.04377326156243634,0.1207825531476131,8988.0,31.294261294261293,12.016011850179869,0.9680452594615684,0.9167777119007228,4236.0,4075.0,414.5504486935679,437.0634126726072,6e26f93fd2805cf3cc1744ab108d70ccb3eee9161153ee8e1978b8fcc8a5f3c6,49,
5,50,online_static_3step,dynamic_3step,0.12265563340146249,0.053405520405210884,0.12281577685184639,8792.0,31.270260621206717,12.278038903752982,0.9680207334338036,0.9185537684121252,4622.0,4063.0,449.4463568904903,446.71629428491,28a17723e483e361e906553b02d9b7735f2e72540a6ab861c38f893f918280ba,50,
5,51,online_static_3step,dynamic_3step,0.058164478693474075,0.021538577428326204,0.05826270988448409,8510.0,18.59617947578854,11.84828117342295,0.946225513616818,0.9155995721773454,4045.0,4152.0,405.6416730138008,460.54235260467976,085478ade9679704a3f3853de68fe8e1c6a3b2b9328ccb65101897cc1e0d46f2,51,
6,42,online_static_3step,dynamic_3step,-0.004201845991885611,-0.00135385736150603,-0.004288253974683576,8518.0,13.998433893834488,14.405841399218884,0.9285634373399124,0.930583714460842,4114.0,4061.0,405.6163976539392,442.962254636921,18b2f0f369843e76e9c50d96b6e34fd31bf7bda2e8a89b0bec71629b106e9456,42,
6,43,online_static_3step,dynamic_3step,-0.006585921285339469,-0.0015341220229532658,-0.006586653545990362,8509.0,11.30243869936034,12.03548112404201,0.9115235192510628,0.9169123369731846,3927.0,4007.0,392.8215494926553,434.2621994290967,bc38415fe8b1b692a07e76893173e91311c7cc58998e875fd881d7e9caf4f565,43,
6,44,online_static_3step,dynamic_3step,0.008913079587536787,0.0023136667841254337,0.008913432031205648,8512.0,12.031416211616197,11.575204918032789,0.9168842651262856,0.9136084408802024,4107.0,4077.0,415.7466882786248,455.55058179749176,11931ba3b2606720673fab484cd387b8c38bd1122400df06ded2cf949a538117,44,
6,45,online_static_3step,dynamic_3step,0.00023192332369931234,0.0005717470589422483,0.00020110527474728745,8494.0,13.678083851684304,13.58646495533918,0.926890344375476,0.9263973371081324,4032.0,4029.0,407.3811656336766,435.7809102474712,12552005c3b7dcefe6e0faf61ca7b7f591652f85e619dc40510fcf51611ff1a7,45,
6,46,online_static_3step,dynamic_3step,0.027128829210514377,0.02109287052780666,0.027187360641887787,8501.0,13.21492117995942,11.304580050741087,0.92432796333916,0.9115402787621072,4219.0,3998.0,420.9542664263863,434.0199580315966,d149dc67b56dcaf541d65edc8d6897fe37b1f06d852ebca5858e5266f5dbac25,46,
6,47,online_static_3step,dynamic_3step,0.06574243462634127,0.03743424339572339,0.06585801492476731,8502.0,17.930119462945342,11.454674412320994,0.9442279231844152,0.9126993955476927,3973.0,3900.0,399.3502298016101,429.8256642501801,6069ba6c504dc099683bda0ad8071d3118351515ee682d0db0c79422570e4068,47,
6,48,online_static_3step,dynamic_3step,0.031053603071971886,0.01637032789921601,0.031082886509744112,8506.0,13.90489464622448,11.400537634408602,0.9280828783358296,0.9122848384814902,3827.0,4018.0,379.9702919225674,437.2660311695654,0c5ebd0726da0e28847294133027a59d77d46fefc0ba8c7ad9525095d8a96825,48,
6,49,online_static_3step,dynamic_3step,0.028555385685962886,0.0135827059394487,0.028569519898077905,8490.0,13.657518766647833,11.47516960651289,0.92678025803325,0.912855318545145,4006.0,3869.0,403.2955556605011,425.73864639992826,bd2fe3251942199c9fb0a19883f0e4a31bbd2de8f045df6a2fafccc8ea790d4f,49,
6,50,online_static_3step,dynamic_3step,-0.0060757902760797955,-0.011301446745376873,-0.006106630640454913,8507.0,14.01347028119212,14.833231253827982,0.9286400884339028,0.9325838057205552,4242.0,4140.0,425.9153158876579,442.69274059217423,53e8cf0d809f72f1d5e1250df324464f606775b46f1e1ed50186dea0e66da9fb,50,
6,51,online_static_3step,dynamic_3step,-0.05712422725229033,-0.0323560616641028,-0.05725608833542489,8509.0,12.0162227259847,17.955527318932656,0.9167791723902112,0.944306843110891,4104.0,3995.0,417.4809783690144,432.255771653261,b8ac6e56ffbb7f6f6d9b3e28a5e3ad271ca635c021faf58db48ad9ffc3929906,51,
7,42,online_static_3step,dynamic_3step,0.0737841651679558,0.028107375943839778,0.0738880155582649,8233.0,24.62956629877196,10.141508840369974,0.9593983918405472,0.901395343065784,5622.0,4811.0,541.4616831110325,513.5622899844311,006da335f256203469592a62a852eccffab880f7309f6633631136cbb4337c3b,42,
7,43,online_static_3step,dynamic_3step,0.1191206213170524,0.07284086124351133,0.1192685799095042,8246.0,57.58216654384672,9.524163130598774,0.9826335120746362,0.8950038983701101,4503.0,4436.0,428.9485855111852,478.8860767930746,70146d654c8d3e205eae3a8c1c32c196b80ae26034bb8660a9cf58293ef56344,43,
7,44,online_static_3step,dynamic_3step,0.1644470341707515,0.07932145673488988,0.16465590033671001,8255.0,40.003819709702064,9.661137299361537,0.975002387090614,0.8964925174941789,5735.0,4676.0,550.3577397151385,507.8665237056557,11105a2cc12ea269694f1fa8b45ff83d4588344c41b1c28dbb5cea328ef765c7,44,
7,45,online_static_3step,dynamic_3step,0.12391732306303391,0.052950831677670604,0.124078438126331,8263.0,31.14429729195493,9.774770973963356,0.9678913930654548,0.8976958127547277,4465.0,3920.0,436.69600822078064,427.3135744943284,b98c42be92a0d05dad7817d60024cbaa2a663d58f33ed7d93a3770ce5fd54421,45,
7,46,online_static_3step,dynamic_3step,0.1058368023120366,0.03768748338484084,0.10599667326737049,8253.0,24.00946420393833,9.629105188005711,0.9583497577661076,0.8961481902549338,5282.0,4696.0,512.502536212327,512.3317362868693,72b2a4b6cfa190859e858989a9c94ff8592eebd82cfee1e5bcbe8e4fddf368a3,46,
7,47,online_static_3step,dynamic_3step,0.08293279129350721,0.03553451022676458,0.083070580397994,8267.0,24.276194852941178,9.84533268635895,0.9588073828679604,0.8984290290783638,5411.0,4692.0,528.6974501479417,508.99023408070207,b7d406c52d39becdb0bc74a2cb1a4d4b67e866429a333098a2a57fcb23220f96,47,
7,48,online_static_3step,dynamic_3step,0.14295306791619938,0.07001379790336067,0.14315619584592898,8272.0,61.69616752271829,9.964736906660123,0.983791537786658,0.8996461211804166,5270.0,4456.0,496.5655325029511,473.36909230286255,b85f9723792ce7b18415898fc551ccbb69b3a52f396789496392181de2ff1369,48,
7,49,online_static_3step,dynamic_3step,0.14252317188193758,0.05446814701234685,0.14271614910821662,8261.0,30.668936004668357,9.78512795750845,0.9673937172177156,0.8978040957315568,4641.0,4781.0,449.3642921349965,509.3774918206036,7137273470d24672442ea78e63e70285e5d060f4e2f115c218a2de9cd51b6c0a,49,
7,50,online_static_3step,dynamic_3step,0.0824519881336409,0.022687872301611338,0.0825318790521346,8264.0,27.15844646846537,11.763451776649749,0.9631790426171418,0.9149909381203072,4893.0,4760.0,478.4625314264558,499.3446336470079,fdf9951f218e61b913618a579bd13a77417b8831a28d26d86ea79bbbe03fffcf,50,
7,51,online_static_3step,dynamic_3step,0.1358704272359643,0.05600069840463888,0.13603929186094782,8275.0,31.455670926517573,9.89128847791702,0.9682092299879388,0.8989009366946916,4162.0,3990.0,406.9891863402445,429.302284588106,a8f19df2d616560c37b26732016a8ecb989b028f1788c364e916ef8c4d117ae0,51,
8,42,online_static_3step,dynamic_3step,0.18481223909269412,0.09967811200556492,0.18509184319176858,8310.0,64.36855036855037,11.258696548879415,0.984464462936102,0.911179771507428,5210.0,4565.0,490.0017364174128,491.5943393737544,32b2471b3d12212837087f0a422add5ae2f1e62927eb0f87dea0b211a06ace91,42,
8,43,online_static_3step,dynamic_3step,0.164987532733829,0.08612162615173803,0.1652156868584057,8327.0,36.669601482854496,11.653548890307029,0.9727294554736962,0.9141892303011864,4724.0,4268.0,448.5950508257374,460.6813554959372,c99ca94f24e1b26a7d442de52a2afe0f64b92812fe32e0c1bd920b2f3dc22673,43,
8,44,online_static_3step,dynamic_3step,0.1100601634993611,0.048498450879509984,0.11022558209453692,8317.0,22.41659681475273,11.153145188711322,0.9553901955651948,0.91033919283933,4840.0,4555.0,470.1128616339993,494.1647332049906,bf7607d2a46399450a0d8b28872bd4c19dccec9466d594d05291e33f5dcba1a3,44,
8,45,online_static_3step,dynamic_3step,0.1667906561734473,0.08104561771885331,0.1671286517810312,8330.0,35.13803680981595,10.67610205804064,0.9715408118725448,0.906332854953662,3896.0,3873.0,370.7962358316872,421.0030046214815,3817024ade47e07a7028ead4058f033bc30b91d440465fe8d5fe88b072985209,45,
8,46,online_static_3step,dynamic_3step,0.20776240183278694,0.10257308713572208,0.20810235204689512,8329.0,78.9773413897281,10.73847158719791,0.9873381405045616,0.9068768779728232,4861.0,4484.0,465.0088299473282,481.6776088513434,47ea3bba2b374311d16d10262081da457e91f256359e5d49dd192c45e22de269,46,
8,47,online_static_3step,dynamic_3step,0.20424576029620561,0.10035525109281035,0.2045366700520804,8332.0,81.71167883211679,10.96221763177184,0.9877618473357452,0.9087775819099144,5718.0,4554.0,547.5383636434563,495.0732932866085,88d79954925bc69736435b2bc74a414fad492fcb95589cc19fe5a6c73f7f738c,47,
8,48,online_static_3step,dynamic_3step,0.2032065200137747,0.10157851132275339,0.2035169653375839,8336.0,61.224251846094056,11.107805437495784,0.9836666031866946,0.9099732160752136,4920.0,4225.0,473.2836359471548,461.498331383802,2e2e98e8cdf30eef13a50b84c06a861b953f35bf1793101dafa6be23247bccc1,48,
8,49,online_static_3step,dynamic_3step,0.201596786587196,0.10229780164029302,0.20195144747566163,8314.0,53.49366244162776,10.630455930994229,0.9813061967650616,0.9059306574909556,4344.0,4543.0,410.08929367316887,490.7343368935399,0824f1280a294646d9378cd3d74b51dd9480122935da854e9a838cb61501e619,49,
8,50,online_static_3step,dynamic_3step,0.13513323326919563,0.06346281362822186,0.1353884829324441,8337.0,29.92703461178672,10.838488877188365,0.9665853963490872,0.9077362156910372,4079.0,4292.0,397.7566745148506,463.8764319133479,5a03652e5dd3ba14a53b5cce1320cfeead6ca949bf967b214e4616f1abb129c9,50,
8,51,online_static_3step,dynamic_3step,0.1587425346632958,0.07448599023081742,0.1589739623371713,8319.0,40.58399589638369,11.345688403291613,0.975359745192338,0.911860791125739,4681.0,3863.0,453.9528783480637,418.45071340398863,069d846a2f710ce798a3af54daf42587519189c532fccffe470dc20848f63c76,51,
9,42,online_static_3step,dynamic_3step,0.1183548149424832,0.0569289459902485,0.1185509045006673,8645.0,31.08543182242119,10.937484133028688,0.9678305900425443,0.9085712959363086,4740.0,4234.0,448.374221455073,452.9532073349692,c21ac681a28d524ba2c2aba7c53608418f2920fa576b622294c38a0627a85b61,42,
9,43,online_static_3step,dynamic_3step,0.08057307706103449,0.03745662142562692,0.0806917829701974,8584.0,30.52370492403441,10.83415778792491,0.9672385772798964,0.9076993320962576,4558.0,4157.0,434.88484069518745,446.40003247675486,deb2b2f84e199f043bbc4476ed39e16bebe91e248ae393526fbae280c6b20c9a,43,
9,44,online_static_3step,dynamic_3step,0.136430747418268,0.06778755627503878,0.13667176644979098,8598.0,32.63100351425224,11.178021404333071,0.9693542982959984,0.9105387291875862,3707.0,4189.0,354.22635243530385,447.1632426606957,bca89301fb405b616816165e673b9542c4d562b7afff0ba26ef7b6a5c862f66c,44,
9,45,online_static_3step,dynamic_3step,0.13195625476112177,0.07828213003176622,0.13218876286284792,8593.0,40.81128307538692,11.291842661034847,0.9754969722918831,0.9114404946988204,4330.0,4188.0,416.7028414634988,451.9701489119325,d8efc804e9914d11df73f75b4e7c46661a9e8cc1237021cc70dfa8b1258c9129,45,
9,46,online_static_3step,dynamic_3step,0.11036053235465199,0.058548624999396004,0.11057112287323051,8611.0,35.57223183391003,11.1050928622274,0.9718881850127062,0.9099512257658487,4128.0,4210.0,399.9376244144514,454.4927981724031,c17c9bbfbc9a8141f5edff55ab05d52e0b32f93a580fbc682603072e46e362fb,46,
9,47,online_static_3step,dynamic_3step,0.13953345093845682,0.0676053552466287,0.13979694171718982,8600.0,34.23783326280152,10.945349952061362,0.9707925442499752,0.9086370007007708,4422.0,4145.0,430.0471902191639,450.15745976404287,6e417477935c001be575a76c54e46d2036a5823438e67c44937423041e547599,47,
9,48,online_static_3step,dynamic_3step,0.11597633410812198,0.051601339288245104,0.11616845060071371,8607.0,29.30349991293749,10.943181818181818,0.9658743835046646,0.9086188992731048,4329.0,4133.0,420.1576863026712,445.11060292692855,9938e58799aed3b0b1b694cddd15fcff3f77f1b9394ca8278c1969e01368f0c7,48,
9,49,online_static_3step,dynamic_3step,0.1319591424615173,0.06793345969410043,0.13214000113234903,8641.0,84.38457502623295,13.614301534567316,0.9881494929649272,0.9265478293204426,5578.0,4351.0,533.8650613736827,465.1092572461348,c879d5179f0a05a4f4e607632d787b5803512f67a1687f23e98ab1ab883128cd,49,
9,50,online_static_3step,dynamic_3step,0.12184733791274471,0.06312671271329097,0.12201302514709361,8630.0,58.83990233693756,11.194820406038522,0.9830047304587004,0.9106729752037294,4156.0,4154.0,397.310969126178,448.2532453192398,553f945b9e00083d9b72c2fbcfaf42e0edc9d812554e84e6aa7e7767cbe762f1,50,
9,51,online_static_3step,dynamic_3step,0.1816909284792599,0.09472596108971842,0.1819890282313491,8612.0,57.67568493150685,11.266285789335434,0.9826616710111452,0.9112396029446908,4412.0,4161.0,427.28908310830593,447.6354213471059,20bec67710b9f0d1b4d257eb5c0df7fbad75f9099c94fe6b78b3f589517c4c63,51,
10,42,online_static_3step,dynamic_3step,0.16158474064415,0.07710832173236405,0.16169795489706568,9037.0,91.83993902439023,15.473851309639295,0.989111491028599,0.9353748475418618,4426.0,4227.0,417.4849241722841,455.7975538298488,3c195b87f1445e5f24bb317d5a82c31328f4e3a706c1cec8193eed5382ff055c,42,
10,43,online_static_3step,dynamic_3step,0.12724720920706023,0.06790390071044555,0.1273011148916412,8741.0,84.52169673330083,19.967561393489436,0.9881687183451204,0.9499187717371408,3307.0,4241.0,313.42848435021006,455.0629176571965,5aae0438e1e54d69e9da0ba68887ca5e3f1f7a67ff645ed335b0fcf02051ca64,43,
10,44,online_static_3step,dynamic_3step,0.16743088908580658,0.07897667457972413,0.1675552363262211,8934.0,83.92625645843118,14.761262021258649,0.9880847777298956,0.9322551148702708,4049.0,4162.0,389.54548727860674,453.5439383699559,c7b98fa8a6fd7a67d10513d55076aade048023f35a0553cb06267d4f6ef018b5,44,
10,45,online_static_3step,dynamic_3step,0.1566025412304219,0.07044074956996067,0.15667537673456677,9074.0,69.58665644171779,15.403235733755386,0.9856294288138768,0.9350785758729544,5376.0,4231.0,512.5694920052774,447.6189332429785,8a7e98c8245c80a6f01e0226d2d2656885f2cb7610bee2dc775b06c99ab4ad79,45,
10,46,online_static_3step,dynamic_3step,0.12635748563643628,0.06295627274180937,0.12642612111882623,8810.0,62.30304101838755,15.637760114316334,0.9839494191029156,0.936052222780646,4051.0,4139.0,392.2051641880535,448.1943822556641,9ee63faabcca9d7ea56158b9a7b93c43e3bd66789637b328ac894e71f26729ce,46,
10,47,online_static_3step,dynamic_3step,0.1741621435790407,0.08012487403978619,0.1742687095991213,9074.0,89.52738036507154,14.462989000082706,0.988830232763181,0.9308579989935496,3485.0,4069.0,340.9408912844956,428.236698235618,534d6bf750939fd4a2adea1cb6e5bf6962100438a5d1f081e7ea7ace1d556989,47,
10,48,online_static_3step,dynamic_3step,0.12510996563207247,0.05627253119396082,0.12518338854451308,8943.0,63.46983676366217,15.057484103797904,0.9842444844513524,0.9335878428888548,4869.0,4266.0,474.4423299613409,460.59748771670274,f1d4268a7fc06b15f7692db6342f402bb3f8002b9b7058c5a0ea51e1aecefd26,48,
10,49,online_static_3step,dynamic_3step,0.14232213227678742,0.07418035361475976,0.1424338400818685,9057.0,69.32070417145044,13.520589142504626,0.985574295415022,0.9260387258676248,4450.0,4236.0,428.5519454665482,450.0028072630521,60433548930247880d436336dc0c24b5722e1f405496f3395bc41214162a99f6,49,
10,50,online_static_3step,dynamic_3step,0.15644210311461457,0.0729167703777962,0.1565062065637174,8951.0,64.27935368043087,14.543472834678424,0.984442905182719,0.9312406320438448,4818.0,4138.0,470.9138019327074,441.8652663715184,8283a2834388f9c63cfd0cea6a48fcee18a5ba4c6e6ba3aa66a9c3f28824aa66,50,
10,51,online_static_3step,dynamic_3step,0.1930089244215973,0.09523029996063839,0.19315618386900146,8807.0,92.41080797481636,13.965022707353995,0.9891787549322962,0.9283925260305236,4564.0,4222.0,445.7298083463684,457.14513816242106,511218dd01b3f07057afc14325022c4e82154b26ec43f956302ef375f1badadf,51,
11,42,online_static_3step,dynamic_3step,0.05244353654395689,0.009609539055688305,0.05258256157454316,8370.0,14.065887172484423,11.799089032809052,0.928906012984649,0.9152476943584918,3797.0,4405.0,375.0347702777945,477.81707987515256,1cb1e79d07c1a001fd4c5b9ce4fe3d27ab95c671552b93dc4f89281a9b88aa3d,42,
11,43,online_static_3step,dynamic_3step,0.12062086841783459,0.047883028473953156,0.1208757743240115,8364.0,20.35608491730437,10.997144375083012,0.9508746399878732,0.9090673027567258,4265.0,4217.0,415.9419459858909,453.8318980450276,34a093634a379cccc3f19c065026cb0f022e187ed8a6685ddd38a12cadcab079,43,
11,44,online_static_3step,dynamic_3step,0.09498462822778067,0.028508893539466413,0.09516142575844211,8369.0,17.766344086021505,11.620863712843525,0.9437137998026957,0.9139478764478765,4267.0,4120.0,422.88199698133394,444.9369169254787,53530657e9075a9c22d32ae92ddfae87139fe25651b2690a9ce00c2e03351761,44,
11,45,online_static_3step,dynamic_3step,0.05513819254221081,0.008354843601769392,0.05537865251428198,8367.0,15.56873571972582,11.253599565335506,0.935768708647743,0.911139543024056,4455.0,3727.0,448.00006472389214,409.5823174691759,78629cfa8aed03ddf734cf5143bee3141caa6f77ea5469d53b714c177795bef9,45,
11,46,online_static_3step,dynamic_3step,0.14456071361157838,0.05912929256311609,0.1448591168526269,8372.0,19.566509604929323,11.507076453448036,0.9488922643746296,0.9130969535098244,4751.0,4383.0,471.3394758987706,474.6021226407029,9cddbfb99279cd5eee03d82086dbbdfb37f31abd1b94d5722a8b423fcbd08769,46,
11,47,online_static_3step,dynamic_3step,0.1433804789187594,0.05861815736715685,0.1437241722001644,8368.0,21.3648439515089,10.880186449579831,0.9531941350814606,0.9080898103507576,4688.0,4459.0,462.1189282378182,483.7645430169068,7dfb5c16d5299f4f2e7d16a845b7ee594f2c60af63bdb532d93b3c97fcb66b17,47,
11,48,online_static_3step,dynamic_3step,0.1343415402256827,0.06010985087601216,0.13470725272976677,8370.0,18.911985018726597,11.164164029358291,0.9471234775720369,0.910427686536107,4590.0,4213.0,457.3754261219874,455.4089834669139,eddf1fdc23cb0d0f7d0b5404a81fac5fb89d735cb21ef86307be72d6b98e7a2f,48,
11,49,online_static_3step,dynamic_3step,0.1136175925028167,0.05659370518218188,0.1139026918572073,8374.0,22.324095250908112,10.821543092729533,0.9552053514930544,0.9075917370165212,4658.0,4412.0,458.9401721097529,478.9908077712171,6380ff17fae2c5dce548cb122f24b97936c86bc6bd9dfc0abfbb7641ad272364,49,
11,50,online_static_3step,dynamic_3step,0.1981891724044968,0.10142087144497995,0.1985637364708732,8369.0,28.3843367258927,11.187082405345212,0.9647693018280824,0.9106111885327494,4293.0,4450.0,416.7818245722447,476.5891526425257,9cae9e36224ee0c7d837b747e56e56000fc8156e89997c5413d8629d86db3879,50,
11,51,online_static_3step,dynamic_3step,0.1404719432447115,0.07100093486694607,0.14076633383785972,8386.0,25.71980825730633,10.829163127980662,0.96111946131185,0.9076567608981552,3968.0,3426.0,394.9565801813733,369.62080764304847,61c8419046bfe151beda93afc059c785c9ca6fa5dfa17d9d9d9f2df57ac44ef7,51,
12,42,online_static_3step,dynamic_3step,0.021811496606628678,0.010085662548622318,0.02173642881759219,8730.0,15.42974913571492,13.17361649356689,0.9351901323084172,0.9240907004930398,3906.0,4047.0,382.5289197084494,434.4251917034853,82db6a1c9a9ed13f8f79da86e48b7fd3f71bd5159343271bdca145178b0f5a30,42,
12,43,online_static_3step,dynamic_3step,0.05986281109654418,0.029310537972989607,0.059852077207442345,8709.0,18.18545760218556,14.287240306165362,0.9450110070433522,0.9300074767015384,4468.0,4020.0,434.8438092442229,428.5337227799464,df7c40000b9e2514790e87b9c5c450a338dfac30d97e741c6387877c23fbcb9a,43,
12,44,online_static_3step,dynamic_3step,0.022969389944017204,0.011500373488463039,0.022955954522138333,8682.0,15.778061457098568,12.312640837391871,0.9366208578462534,0.9187826548986038,4281.0,3998.0,424.0127650464419,433.2352752271108,3f3925747fbdba406133e07145fc3885a3bba5237adea2ea92ccfe9b51e184d0,44,
12,45,online_static_3step,dynamic_3step,0.033400085132868684,0.007928268519414446,0.033387506213889584,8588.0,16.696669931439764,13.052441090405052,0.9401078176602746,0.9233859786783404,4308.0,4078.0,431.0237622288987,449.852941329591,06968ba1e3ca84ed6771d74ce719107af57f1b47cf067d90211c88be539aa365,45,
12,46,online_static_3step,dynamic_3step,0.046782616432176405,0.02267599242068453,0.046729484108087416,8740.0,19.206060606060607,13.521233367859134,0.9479331019248974,0.926042249786394,4450.0,4016.0,442.3193391761743,432.1372154934797,3fa69cb7819eac24f15029b8d71fcde2a8e24f467fbaf89692eae804d1763799,46,
12,47,online_static_3step,dynamic_3step,0.029187546843424894,0.007765083066230186,0.02919038149343428,8624.0,15.987340593875082,12.498417372101583,0.9374505100377288,0.9199898698988755,4231.0,4064.0,419.056245861575,436.57964509539306,1554c6d50630550bd52e0298fc5d660fbe9e1ea8244747742244420802cb7294,47,
12,48,online_static_3step,dynamic_3step,0.04565672374035579,0.030944639221844237,0.04562757914249349,8663.0,16.727043292564552,13.001376252007034,0.9402165713025616,0.9230850657178982,4421.0,4035.0,428.5599902928807,434.3228643850889,fad9f0d3eda622c7749e70194b5cd25978ce3bcb9a77d02c9d66871074ac0911,48,
12,49,online_static_3step,dynamic_3step,0.08432573961881362,0.02895144401186258,0.08438184769128151,8625.0,21.98286445012788,12.17173023055376,0.9545100229195024,0.917842411796987,4290.0,4067.0,427.7574944463559,442.6697503279429,4edd7bce3419b6a5b41a81acb0a1ca08e47a104b81757baa54e26b327bd29be0,49,
12,50,online_static_3step,dynamic_3step,0.05572042227012258,0.022700891539310035,0.0557794463705662,8573.0,16.8733214849921,11.451484211238082,0.9407348457806932,0.912675074989962,4117.0,4092.0,412.8169262236916,451.6204492498655,a8338cc1cbf94848600b55a31a187ca8ae849b554d364f4e27af219197e2e699,50,
12,51,online_static_3step,dynamic_3step,0.10182841425695732,0.03670337543986809,0.10199504291372719,8524.0,19.602039633793023,11.173417638147928,0.9489849006184008,0.9105018685969608,4261.0,3984.0,425.132437818218,426.7407596500125,9d9ce74bb5b0c3b575d70d077d35a080c6cbbecc9d9e050c0c1e562bdea05b31,51,
13,42,online_static_3step,dynamic_3step,0.031109086495028915,0.0007320500006533026,0.03101195360495851,8653.0,15.422027377650531,13.19736434108527,0.9351576822221708,0.9242272946207252,4236.0,3970.0,421.2063531812746,431.64093098184094,0f8fcacafaebdfd0b786747e508c9f689e31407599633e6017f5b5efe763c5b6,42,
13,43,online_static_3step,dynamic_3step,0.03158874135380357,0.003585286402294175,0.03167307748615239,8553.0,13.070556621880998,11.40284678393984,0.9234921641878716,0.9123026013636846,4244.0,4033.0,421.50757628912106,432.6578905824572,4248db5853daf0a7bc9a971e6b2ed214105d3c3f73655ac447b196df9901907e,43,
13,44,online_static_3step,dynamic_3step,0.12988779038253673,0.06547460604402856,0.1300163692633311,8620.0,21.981973919713628,11.448375987575124,0.9545081800364074,0.9126513663522848,4230.0,4064.0,411.90040088794194,440.5286140581593,9cdbc560543608ae4cc31718d26a48d4661653b8c2be83a5dfea5fd540c84647,44,
13,45,online_static_3step,dynamic_3step,0.03131269218755761,0.017243498383488026,0.0314038149700816,8545.0,13.578497884907016,11.574355135098346,0.9263541513592948,0.9136020980583552,4019.0,4101.0,404.6958629898727,455.23232795950025,85e0ab3595e2e2ce269ce58bf3cc62d231aedcb8fcd24191fc1f49bd21d9a5d6,45,
13,46,online_static_3step,dynamic_3step,-0.012197310530083216,-0.004660303988374676,-0.012324660044678692,8590.0,12.136934762547028,13.121772639691716,0.9176068735999252,0.923790784411618,4200.0,4135.0,424.6824085013941,446.9801839152351,5ee37c7f74597464633a166603c6419833c3ea4a4242b6499bc3005d6b431ce9,46,
13,47,online_static_3step,dynamic_3step,0.040217788398598686,0.02039945291070934,0.04025838995948622,8537.0,13.921578258022263,11.484401434661974,0.9281690637752402,0.9129253704958604,4120.0,4119.0,410.1191581271123,440.0841987263411,f105f9036b07cce736ba58e1ce42c4fce9ebc3827ce5ab00f7ca0dae52128cf4,47,
13,48,online_static_3step,dynamic_3step,0.04013470535014796,0.02096513877859582,0.04013093872419099,8534.0,13.61755511022044,11.598033189920098,0.9265653788873256,0.9137784843667196,4031.0,4068.0,400.1104662960861,438.0823259870522,c01b3844cc93ff29612ae466571ad67e3799e3f69e24da7c016f06ef13149cd9,48,
13,49,online_static_3step,dynamic_3step,0.07145504285365062,0.028620158359459275,0.07150429536017355,8647.0,15.880656160722516,11.340915172598342,0.9370303097126874,0.9118236945801184,4201.0,4085.0,422.9537014279049,445.8400334655307,2d7f9754d80d3bb60b250b074b0507f7cc0d1afe1e12b4f15b14acf710412ed5,49,
13,50,online_static_3step,dynamic_3step,0.03306551249970918,0.013634009836503095,0.03316728744633951,8545.0,12.95091697739898,11.15997375328084,0.9227853902742847,0.9103940544926444,4008.0,4060.0,403.3998843689915,444.7232884345576,7f0e9f7ad3b2124f4204bb38a6fe0ae8bf2d0067044ec88a227dcee8ae3ebb81,50,
13,51,online_static_3step,dynamic_3step,0.07781264053422299,0.03131526301457407,0.07787715820780333,8528.0,15.80617272473738,11.276345514950163,0.9367335776082624,0.911318786864574,4017.0,4031.0,400.7931637172587,440.3135871968698,e3ebb4ca7cb9b621fd1aa6a6c6b9711d26f06e8bc11b140cbd1f5a28e68f4d73,51,
14,42,online_static_3step,dynamic_3step,0.18474580477064242,0.1093928577858155,0.18485757672319278,8340.0,33.42804503582395,12.666769159812436,0.9700849990201842,0.9210532703814736,4601.0,4476.0,440.4495725354645,477.97889840160497,0413fd01a68a9486527e6b75662a7c393833213e9d35e01fff07e7b95f2d6ea8,42,
14,43,online_static_3step,dynamic_3step,0.156217736816335,0.08047684271400923,0.1564878957788517,8346.0,29.132976827094478,11.691064975554454,0.965674637166842,0.9144645930810444,3420.0,3431.0,331.5594006096944,373.3578997764271,402afea20fb6b9dd75e46a4df34493c51212c04f5bf2feaa4b7cfd587111fa37,43,
14,44,online_static_3step,dynamic_3step,0.230598117953829,0.11397576521535356,0.2309401835595868,8345.0,48.66421568627451,11.369012337170032,0.9794510198942332,0.9120416118530732,4698.0,4480.0,452.3338126367889,485.8113784727175,85c8e887588fa9df41f7118188129995f257d7fb88da6fca6d7eac449ae51742,44,
14,45,online_static_3step,dynamic_3step,0.23382318401930183,0.1235964862940194,0.2342027883442183,8343.0,53.47140495867769,10.750048894973595,0.9812984154657468,0.9069771672882744,3829.0,3783.0,367.054023551289,406.986725842813,08325c001fd6b85518feb38dce9d8734add652ce60c284657541b49ed7f37d77,45,
14,46,online_static_3step,dynamic_3step,0.17391152984778507,0.09821656830154549,0.17410545704791408,8342.0,30.204028830160784,11.786786786786786,0.9668918340125066,0.9151592356687898,4514.0,4489.0,442.884620748926,491.9378365869634,faceb7de243f60955a85fe4f1d1321538dfbb4d660ae40e82f6115f3b46a88ea,46,
14,47,online_static_3step,dynamic_3step,0.19163690463477698,0.1017668174336568,0.1919791888464647,8348.0,28.195763580457808,11.166632798211744,0.9645336790703872,0.9104474895816272,4703.0,4409.0,461.2989952347707,480.330495883245,42c86ec7e3b2d82e7647e432d1a4c7d4d0002af7ad485a3e80ea885420de1988,47,
14,48,online_static_3step,dynamic_3step,0.1606082883671376,0.08105466620865666,0.1608000808250485,8345.0,29.694323144104803,12.01967499817824,0.9663235294117648,0.91680307494574,4141.0,3825.0,404.384186366573,416.6832469715737,c8e5d721f287828bab73de7bd1b8a42ff2fb22adeeb65915ef12d880ebf71acf,48,
14,49,online_static_3step,dynamic_3step,0.1773071302241696,0.0800021150822058,0.1775309924115277,8342.0,30.11037037037037,11.357423355149844,0.9667888508942408,0.911951860142066,4609.0,4506.0,452.4730189717375,483.2681532069109,29b71c976a0e2dfe1c91afa74cecacc9128585608ae29168b9071393abf126ed,49,
14,50,online_static_3step,dynamic_3step,0.14977021190335518,0.07216254931726561,0.15002840134228232,8343.0,24.835527311242245,10.806212726915264,0.9597351009516384,0.9074606409043496,4612.0,4497.0,456.4248953612987,481.8364955380093,e26e00475562478023bb8ed6b053d3653f8b7de6b7ab5f4cee035b8da37839eb,50,
14,51,online_static_3step,dynamic_3step,0.19460961323940051,0.10078138942446402,0.1946817199038639,8339.0,47.28780345130155,14.02059574468085,0.9788528980621856,0.928676354542254,3880.0,3430.0,382.32313966052607,374.39391013863496,de65ae70a7bd8ed205f7ce13a883c9352c282af51785eff7b55d5ae0612423f3,51,
15,42,online_static_3step,dynamic_3step,0.3130632342891604,0.17520234197229925,0.3134981963955791,8360.0,156.45210727969348,13.722093216122076,0.9936082676201204,0.9271248209547868,3648.0,3442.0,344.7372587618884,374.25554691650905,0950860b4cb66025e4cf1bbb78c57c0a8ad375cba90872b1c964b7f1335b5157,42,
15,43,online_static_3step,dynamic_3step,0.3579089950074636,0.21374322937981463,0.35856438873846347,8348.0,274.3385689354276,12.134465519776503,0.9963548690806382,0.9175901074200408,3639.0,4278.0,341.8265918032266,457.4922587361653,37ffc23b96bbdbb178ca972d64dafe1344a7a2697c8d55c6d7c2f1d5732c880c,43,
15,44,online_static_3step,dynamic_3step,0.3037394077853069,0.15526157000367907,0.3043128854996689,8356.0,121.41263940520446,12.001016260162602,0.9917636252296388,0.9166737234312812,5005.0,4462.0,473.53189219906926,484.42448284942657,74faaaefe1e35cb7680fa7d8f5d4803a5e7537cde223c3675a97a449c5a5217a,44,
15,45,online_static_3step,dynamic_3step,0.3653735186390408,0.21443215832261758,0.36620025350900276,8347.0,269.23539518900344,12.03712618526623,0.99628577810396,0.9169236921995528,5337.0,3823.0,509.137160657905,418.159462591866,37c2b191131534ff0a94f6afaa1c896b7ebb0dcb5a71dd2b93b6b3370ef43760,45,
15,46,online_static_3step,dynamic_3step,0.3231808936636304,0.17443335937437712,0.3237993624868477,8350.0,143.89407540394973,11.506759581881534,0.9930504435488902,0.9130945603856544,4947.0,4419.0,469.9102485843469,479.2540012476966,93b79526ab2342a47ccb12376afddce47c631a86cc65c868bb4fca7934a32976,46,
15,47,online_static_3step,dynamic_3step,0.3243020948439558,0.18282903167788153,0.3248998593164436,8351.0,149.81559633027524,11.867418798505318,0.9933251275268068,0.9157356779111944,4097.0,3791.0,394.7280713727232,409.3392418113072,1b47c21762f465594a7a28f9f1099af367323019d8a974ca3d55a90966532b2c,47,
15,48,online_static_3step,dynamic_3step,0.3290831470484805,0.2026551516450499,0.32992714093252956,8348.0,282.956678700361,11.237557023217812,0.996465890098113,0.9110126873720054,4037.0,4248.0,384.5031588820275,465.7945821583271,c012fa47d7c55485885993a4cff6e6e45b9006603d5ea1d8591b9fb90cdd5c37,48,
15,49,online_static_3step,dynamic_3step,0.363928198927586,0.21502593711513246,0.3647885584257772,8351.0,284.7097966728281,11.9405002891845,0.9964876515958138,0.916251415285691,5263.0,4404.0,503.3805876853876,492.8859875060152,8bffc58b0ffebb7273eaef1498ea17c2b3c1871c5deb17dac00eac72d8ad1ef3,49,
15,50,online_static_3step,dynamic_3step,0.311956041923356,0.17886839887810885,0.3124902152816733,8355.0,155.05029013539652,12.24868469803631,0.9935504796596848,0.9183585809698964,4179.0,4439.0,404.2713124754373,503.87578173400834,6704fde7839051e72a9f3213e4780a81a3a2f1e25642cbbf98807db544e27862,50,
15,51,online_static_3step,dynamic_3step,0.3090034834615368,0.17288724418039259,0.3094410064119776,8353.0,149.3716894977169,12.593216463414636,0.993305290960003,0.9205921693710925,3739.0,3797.0,358.42514767847024,424.605102965841,91accd1f1f3cff0851b68f250b934103d3da159bf8e91e81729ea782fd95aa4b,51,
20,42,online_static_3step,dynamic_3step,0.03837512157058469,0.010906414170131887,0.038451306408541414,8485.0,17.58122475015947,11.33799690589897,0.9431211412054256,0.9118009990389292,4457.0,4043.0,1677.5839074021203,1687.2014741527382,9fabf0d8f759353d2f98bc1262445f494c2efd8fc6d2cdd1ebd19f7ce0bdd79c,42,
20,43,online_static_3step,dynamic_3step,0.0761225991742291,0.029988530453177457,0.0762501311978017,8500.0,34.621386655074986,11.582853618421051,0.9711161193523884,0.91366548927031,3703.0,4102.0,1374.1659337056335,1710.279744433472,65a9702c31d3f4df9f8d359b567bee7dc75bea8ccb4d86cb6cf466eeb71c5e5e,43,
20,44,online_static_3step,dynamic_3step,0.0677009204307588,0.03482570877288596,0.06790471117639099,8471.0,22.403975288745634,11.039965874786718,0.9553650641409904,0.9094200098676194,4280.0,4085.0,1626.681991073303,1735.8495740732178,1ce2fdf5e82b5c4c5020d1639f778e4b473c82f2d83bc703d509c013e3610109,44,
20,45,online_static_3step,dynamic_3step,0.0785565825834768,0.03495202751114492,0.0787014980247137,8755.0,35.113493829658104,11.206095212801277,0.9715209199958518,0.9107628499481558,4017.0,4021.0,1555.4470020534936,1675.7580587957054,7d4026ef9a393d3eb64993861a1cfe26eab61eae2aa3d3d3b0dc51ade46b5f30,45,
20,46,online_static_3step,dynamic_3step,0.02674097235162709,0.00577672222430977,0.02679156053379081,8494.0,16.81998190772942,12.126391382405744,0.940546903945214,0.917535236290418,4497.0,4088.0,1731.544597106753,1709.088561884826,1476a5a610b640fb782c76e31d9cfbd4cc1234ceb6ea7cd44ce9d0448243044a,46,
20,47,online_static_3step,dynamic_3step,0.0633757531419104,0.026924524107180676,0.06351697520576681,8909.0,29.149844083374365,11.333355745310294,0.9656944991836044,0.9117648803697178,4948.0,4068.0,1910.862654838944,1697.2488959804175,7b500b9dd2fa6f6e08cf39ee80f3b122ad093607f27df7ff457cbf21d12be22d,47,
20,48,online_static_3step,dynamic_3step,0.05041418755522241,0.008450408956684871,0.05052373803695619,8537.0,19.87202170323189,11.239669971388649,0.9496779937676212,0.9110294161175936,4473.0,4139.0,1716.2888630463276,1723.3859412202146,9cdbba31fd5cf8166f02b89d28a81355b955f86d5a9cb99bedaecb598f6fde40,48,
20,49,online_static_3step,dynamic_3step,0.0688504616866228,0.027583207291309905,0.0689460046124092,8610.0,26.16791903082349,11.611756617394294,0.9617852684876436,0.9138803858063982,4599.0,3969.0,1774.6360576921145,1679.575341633521,41c195056434d3b3ab8ef271ad0dc4437e14033e513a1ddfb30f2b7c13b8ee67,49,
20,50,online_static_3step,dynamic_3step,0.048139728843356794,0.02521121024517157,0.048210405250308605,8720.0,21.60117411941044,11.763372052583987,0.953706220112294,0.9149903619872044,4573.0,4073.0,1774.0217769378796,1718.5177838183008,47c09c977021b9577c043399d1e95b28b11186cde317dea7c73309d8b36b7534,50,
20,51,online_static_3step,dynamic_3step,0.05873039063976922,0.021091577622075117,0.0587949415049524,8467.0,24.355512744516894,12.327248735429954,0.9589415336687942,0.9188788981659888,4807.0,4097.0,1871.686476664152,1705.6933250350412,8b713aaa034513400fe86e1346db770eb27bee05f94a6ce20a068e8933693dc6,51,
25,42,online_static_3step,dynamic_3step,-0.00109394132382451,-0.0022548362499937007,-0.0010355777655756127,8771.0,12.87079022672243,11.85858170606372,0.9223046928444384,0.9156728835887123,4185.0,3957.0,1587.9146990443114,1678.172622273676,38dbf86c15b720a45adbd2918968b107edcb649e273b5018f579e30c557f7d80,42,
25,43,online_static_3step,dynamic_3step,0.0309912736598843,0.011115063039828867,0.031044715136299403,8738.0,19.88156996587031,11.651009863785816,0.949702161262081,0.9141705301350534,4197.0,4145.0,1616.5690024525393,1718.364981472958,0432ffe7320af620cb3b947549360b8a3cdeccf9fdc76843b295db0a0c1822da,43,
25,44,online_static_3step,dynamic_3step,0.011877109620126808,0.003886091476558579,0.011938394974098099,8751.0,15.2455574912892,11.490133545943792,0.9344071215125216,0.9129688096311972,4122.0,4004.0,1595.3622307230253,1694.3747810218483,cd1849d366802ebfd35b45f7e3edc95c9611a56337da7d3e4677edb54a6d0939,44,
25,45,online_static_3step,dynamic_3step,0.008938850221860903,0.000582474707636965,0.008997736238341006,8770.0,14.745607398066417,11.730526743949564,0.9321831937468288,0.9147523362055514,4174.0,3984.0,1627.0527365878224,1672.688805929618,9e80dfa7c9568a0bbf5bdf015ea65cdad60e085bd19c5df25a4d9eb657ef3182,45,
25,46,online_static_3step,dynamic_3step,-0.000997098507798,-0.002827736976872427,-0.0009649406320804965,8762.0,14.922762496806609,13.406472592133788,0.9329882787979776,0.9254091638850068,4278.0,3984.0,1673.8725971688982,1693.6863466114737,66d62b1ec8064d170fef11e55b8f973ba9d46fa2bac40f6fd552383bed081de8,46,
25,47,online_static_3step,dynamic_3step,-0.001590693870577295,-0.0038358445001029752,-0.001570970857601689,8752.0,14.805785823041786,13.357269571924412,0.9324588365688952,0.9251344000646736,4196.0,4088.0,1627.4773091322277,1703.3631172322202,a2472723e5286105986d42a2c47e1e484a4e7fbe54513a9e8d4e4b30141c90fb,47,
25,48,online_static_3step,dynamic_3step,0.0071992012270366,0.0019331464950177151,0.007236870123420502,8898.0,16.104886877828054,12.935946248600224,0.9379070460049788,0.922696030055922,4518.0,4038.0,1739.79079763731,1676.8180935571436,d12df8f575dc98a8bfe338e7e3bbeabcfb283482ec4ebaa3b9e51fd6bd217fed,48,
25,49,online_static_3step,dynamic_3step,0.015817400058898298,0.00623793632236703,0.01587019633921341,8746.0,15.604960299759124,11.587483266398928,0.935917811978321,0.9136999832483234,4243.0,4081.0,1661.171627021395,1742.5672973801848,ce01880f5755f8567e0eb08957fa0fa119787dad8aaa25e96efc59b829c1485a,49,
25,50,online_static_3step,dynamic_3step,0.0015051085262170055,0.0009230485591000738,0.0015207809824844959,8842.0,18.764431239388795,15.476169225276688,0.9467076839557556,0.9353845266587848,3891.0,4109.0,1528.4701314189006,1747.0208685104735,1ab1e47a1ddd7297ac7dcc39f4d4a6f91dbd4d6b97a86efbd81da27d44c3790f,50,
25,51,online_static_3step,dynamic_3step,0.029469638972583395,0.010887014290552622,0.029556307292026796,8740.0,19.24609116934596,11.53340438286818,0.948041397538803,0.9132953318202032,4268.0,4027.0,1676.1535966023805,1707.4598293125164,4b9d454e0d099d9dd6dfcd1275d97827edca2e7e5a046a1b0bae4018bd09b18d,51,
30,42,online_static_3step,dynamic_3step,0.12186282508761331,0.04524025557082113,0.12210176201214479,8507.0,41.88018085908063,11.989222151315325,0.9761223571749889,0.9165917532114216,4802.0,4120.0,1821.078354581492,1715.7848735789305,5e988184f791cad29207e8f104d071ccae8829107b6b838f95cce54c7c04d684,42,
30,43,online_static_3step,dynamic_3step,0.1636888654254636,0.08071622491801046,0.16399416703576147,8498.0,76.87194841087057,12.48421675168182,0.9869913535343852,0.9198988595047196,4352.0,4112.0,1654.962857567938,1745.13004633761,2eb42da720f59580582ddd282ff51f701610ae2096317f290f49864d77876a49,43,
30,44,online_static_3step,dynamic_3step,0.118542055820868,0.059681362844364955,0.11879395114395079,8483.0,32.94374259771023,12.432755440796754,0.9696452217888109,0.9195673071217496,3379.0,4120.0,1299.500391246518,1702.6503996665124,22b2e015cd312b912e0b6c1cdda0cdf9db757f97f92ad3d4762461ee8cf92498,44,
30,45,online_static_3step,dynamic_3step,0.2185503754880946,0.11112105240493171,0.2189951097658378,8482.0,185.02727272727276,12.672709493004362,0.9945953913427996,0.9210902766648266,3681.0,4171.0,1411.2443321598694,1708.432678991696,f6150b42ec826a4058505b813d170dc23d3d33c34d435fa12903e890ac4a5d9b,45,
30,46,online_static_3step,dynamic_3step,0.19468407323472542,0.09821973920383104,0.19511141319594918,8496.0,71.56014203284509,11.843434343434344,0.986025740424872,0.9155650319829424,4782.0,4042.0,1849.65956752887,1480.766942948103,f38435657d671b9c9ebfdb5cccb25840575a73e2041670cd6983310a65a3fcbf,46,
30,47,online_static_3step,dynamic_3step,0.13427238487281923,0.06253374392913981,0.1345154352834202,8501.0,45.52295353982301,13.484802552852017,0.9780330597590684,0.9258424440342656,4536.0,4058.0,1741.1711041321978,1482.0091289703269,f37a78c45eea9b5fca1cf6577c3355577948612c6865c06f445652e9fb7a071d,47,
30,48,online_static_3step,dynamic_3step,0.199847000598314,0.10907770597971851,0.2002261665641144,8500.0,101.30720606826802,12.264392014519055,0.9901290338682708,0.918463141196387,2547.0,4045.0,976.8430842855014,1632.1762732563077,9eca73b0f7dd59c64dcfcbd09867e92dcaa5c375e437278a8ade507292b08f77,48,
30,49,online_static_3step,dynamic_3step,0.1703245528917367,0.08839472105401168,0.1706328868400688,8486.0,69.26862582781457,12.34082588958852,0.9855634497140774,0.918968146139744,2744.0,4172.0,1057.4198045558296,1640.8814770223107,da30d6b573da945a3a6089d72f8d2363a22a77cbec12abdad2839810c0e54864,49,
30,50,online_static_3step,dynamic_3step,0.18838571145994548,0.09089710162649145,0.1888048139913277,8500.0,71.45744680851064,12.021985058697972,0.9860056572874796,0.916819061484651,5485.0,4128.0,2158.4883003600407,1242.696444769157,ae7d02ae14c4e0b1c8ff3ee3bd30cb8444c8da01794411da1a23022162abcbe3,50,
30,51,online_static_3step,dynamic_3step,0.1593063249257744,0.07582112348788596,0.1595899492624648,8501.0,72.42770299609205,13.80832107242112,0.9861931283385592,0.9275798994855888,4625.0,4229.0,1788.6913454837631,1338.4837495123502,cd757de61f8e58f45a514a9223575275ab1433ea3f9a574d8616433d4ae94948,51,
