dataset,planning_seed,planning_mode,policy_seed,rng_scheme,P_detect,RMST,L,unique_cells_observed,total_exposure_events,revisit_fraction,mean_exposures_per_observed_cell,max_exposures_per_cell,number_of_steps,distance_travelled,wall_time,planner_wall_time,number_of_replans,duplicate_targets,fraction_cycles_with_duplicate_targets,random_invalid_actions,random_hold_events,random_number_of_target_conflicts,random_reservation_blocked,termination_reason,T,H,T_common,H_common,actual_distance_total,initial_positions,initial_positions_hash,trajectory_hash,active_uav_streams_derived,nominal_uav_streams_derived,uav_ids_active,w,tau,lookahead_N,belief_model,environment_belief_model,environment_tau,sensor_p_d,victim_seed,sensor_seed,distribution_seed,failure_seed,simulation_victim_model,evaluation_victim_model,victim_sampling_model,evaluation_num_victims,simulation_num_victims,domain_hash,environment_type,environment_climate,k,NRMST,budget_total,budget_utilization,budget_error,active_fleet,failed_drone_ids,survivor_ids,survivor_positions,max_step_distance,retention_Pdet,retention_invalid_reason,degradation_NRMST,environment_seed_origin,implementation_version,git_commit,source_hash,experiment_id,config_hash,fix_profile,behavior_profile,p_d,num_drones,budget,size,fov_deg,altitude,drone_speed,victim_speed,dt,condition_key,condition_key_hash
1,43,random_uniform_n8_uncoordinated,1723940930,"policy_seed = SeedSequence([planning_seed, dataset_id, hash('c6-random-policy')]); per-UAV stream = SeedSequence([policy_seed, uav_id]) -> default_rng(derived_seed); one stream per persistent UAV identity; streams are never shared or consumed sequentially across UAVs",0.02099907613819403,7905.0030916133965,0.02109607566213971,513,152485,0.9966357346624258,297.24171539961014,1937,8000,200000.0,618.662475286983,0.0,8000,135,0.016625,0,0,0,0,budget_exhausted,8000,8001,8000,8001,200000.0,"[[520645.01713351544,5662882.161092503],[520765.01713351544,5662912.206616024],[520615.01713351544,5662882.161092503],[520675.01713351544,5662852.115568982],[520615.01713351544,5662942.252139544]]",de6506683a628b61ccaed496db2f3af4d1a2f6b066f9ddd6ec3d9f87199cb9de,c3e90c9c2f3fb81948e89fd0a14b6cad74ec381633e00bc358a49dcbe7e0308b,"{""0"":3320363277,""1"":1475925038,""2"":1276386504,""3"":3574317487,""4"":2239657023}","{""0"":3320363277,""1"":1475925038,""2"":1276386504,""3"":3574317487,""4"":2239657023}","[0,1,2,3,4]",not_applicable,not_applicable,not_applicable,not_applicable,evidence,10000.0,0.8,none,none,none,143461485,none,stationary,matched_prior_exact,1,0,195114f1cc7e2281aceadba7f32b42335b9f813accc1177d689a729aef6cfcb4,flat,temperate,0,0.9880018862158976,200000.0,1.0,0.0,5,[],"[0,1,2,3,4]","[[520647.9649749217,5662895.104022372],[520750.9011834474,5662923.705106928],[520619.5439127976,5662887.529284183],[520660.59539358615,5662860.8589034155],[520601.16985800257,5662944.568816733]]",5.000000000465654,1.0,none,0.0,verbatim from frozen C4 row (C4 recorded none for victim/sensor/distribution; failure_seed real),revision_C_base@7c27a44,7c27a44,45e2af3666873b8389a0bd7936fd9b6029d41fa8169fa964adb24a85ca76dec6,c6-random_20260831_182014_803486_5cf558a2,5cf558a20d4e6c9ac5845bd72e390abc3dcd6217c904aa099c208da79cfb245f,revision_B_base,revision_B_base,0.8,5,200000.0,xlarge,45.0,80.0,5.0,0.5,1.0,"{""p_d"":0.8,""stage"":""c6-random"",""tau"":10000.0,""w"":0.5}",b7a677794b82ff1680841467faa35377b7d82f925e1dd78d94f0523c73551860
1,43,random_uniform_n8_uncoordinated,1723940930,"policy_seed = SeedSequence([planning_seed, dataset_id, hash('c6-random-policy')]); per-UAV stream = SeedSequence([policy_seed, uav_id]) -> default_rng(derived_seed); one stream per persistent UAV identity; streams are never shared or consumed sequentially across UAVs",0.015923949119707625,7928.190380421987,0.01600765156564052,418,121998,0.9965737143231856,291.8612440191388,1937,8000,160000.0,510.7673160219565,0.0,8000,99,0.012375,0,0,0,0,budget_exhausted,8000,8001,8000,8001,160000.0,"[[520645.01713351544,5662882.161092503],[520765.01713351544,5662912.206616024],[520675.01713351544,5662852.115568982],[520615.01713351544,5662942.252139544]]",fb54c3db6512a120b0f9ee2e19893eb96c60c4bfe6f0e9008e778b5743bcb777,1fe77a234e074a940a9043ec2e7d1dae0b7ef3ef751ad6426acf50be5a6f7a4c,"{""0"":3320363277,""1"":1475925038,""3"":3574317487,""4"":2239657023}","{""0"":3320363277,""1"":1475925038,""2"":1276386504,""3"":3574317487,""4"":2239657023}","[0,1,3,4]",not_applicable,not_applicable,not_applicable,not_applicable,evidence,10000.0,0.8,none,none,none,143461485,none,stationary,matched_prior_exact,1,0,195114f1cc7e2281aceadba7f32b42335b9f813accc1177d689a729aef6cfcb4,flat,temperate,1,0.9908999350608658,160000.0,1.0,0.0,4,[2],"[0,1,3,4]","[[520647.9649749217,5662895.104022372],[520750.9011834474,5662923.705106928],[520660.59539358615,5662860.8589034155],[520601.16985800257,5662944.568816733]]",5.000000000465654,0.7583166523571223,none,0.0028980488449682484,verbatim from frozen C4 row (C4 recorded none for victim/sensor/distribution; failure_seed real),revision_C_base@7c27a44,7c27a44,45e2af3666873b8389a0bd7936fd9b6029d41fa8169fa964adb24a85ca76dec6,c6-random_20260831_182014_803486_5cf558a2,5cf558a20d4e6c9ac5845bd72e390abc3dcd6217c904aa099c208da79cfb245f,revision_B_base,revision_B_base,0.8,5,200000.0,xlarge,45.0,80.0,5.0,0.5,1.0,"{""p_d"":0.8,""stage"":""c6-random"",""tau"":10000.0,""w"":0.5}",b7a677794b82ff1680841467faa35377b7d82f925e1dd78d94f0523c73551860
1,43,random_uniform_n8_uncoordinated,1723940930,"policy_seed = SeedSequence([planning_seed, dataset_id, hash('c6-random-policy')]); per-UAV stream = SeedSequence([policy_seed, uav_id]) -> default_rng(derived_seed); one stream per persistent UAV identity; streams are never shared or consumed sequentially across UAVs",0.01217662405266545,7943.390177725265,0.012255867021924853,346,91530,0.9962198186386977,264.53757225433526,1367,8000,120000.0,406.9786344342865,0.0,8000,52,0.0065,0,0,0,0,budget_exhausted,8000,8001,8000,8001,120000.0,"[[520645.01713351544,5662882.161092503],[520765.01713351544,5662912.206616024],[520675.01713351544,5662852.115568982]]",ab087f2eb753c2ea34d9ad6f7671994cb840a2b6f6f0be9f1de1bbe36545ea11,78e1100c19fd899a42abaa1a7d83b2d3eb49a1aad381fe2636f25dbc9fbb6508,"{""0"":3320363277,""1"":1475925038,""3"":3574317487}","{""0"":3320363277,""1"":1475925038,""2"":1276386504,""3"":3574317487,""4"":2239657023}","[0,1,3]",not_applicable,not_applicable,not_applicable,not_applicable,evidence,10000.0,0.8,none,none,none,143461485,none,stationary,matched_prior_exact,1,0,195114f1cc7e2281aceadba7f32b42335b9f813accc1177d689a729aef6cfcb4,flat,temperate,2,0.992799672256626,120000.0,1.0,0.0,3,"[2,4]","[0,1,3]","[[520647.9649749217,5662895.104022372],[520750.9011834474,5662923.705106928],[520660.59539358615,5662860.8589034155]]",5.000000000465654,0.579864750836256,none,0.004797786040728447,verbatim from frozen C4 row (C4 recorded none for victim/sensor/distribution; failure_seed real),revision_C_base@7c27a44,7c27a44,45e2af3666873b8389a0bd7936fd9b6029d41fa8169fa964adb24a85ca76dec6,c6-random_20260831_182014_803486_5cf558a2,5cf558a20d4e6c9ac5845bd72e390abc3dcd6217c904aa099c208da79cfb245f,revision_B_base,revision_B_base,0.8,5,200000.0,xlarge,45.0,80.0,5.0,0.5,1.0,"{""p_d"":0.8,""stage"":""c6-random"",""tau"":10000.0,""w"":0.5}",b7a677794b82ff1680841467faa35377b7d82f925e1dd78d94f0523c73551860
1,43,random_uniform_n8_uncoordinated,1723940930,"policy_seed = SeedSequence([planning_seed, dataset_id, hash('c6-random-policy')]); per-UAV stream = SeedSequence([policy_seed, uav_id]) -> default_rng(derived_seed); one stream per persistent UAV identity; streams are never shared or consumed sequentially across UAVs",0.010474245646272475,7947.764021085088,0.010550451749100796,308,61083,0.9949576805330452,198.32142857142858,1114,8000,80000.0,300.112312160898,0.0,8000,0,0.0,0,0,0,0,budget_exhausted,8000,8001,8000,8001,80000.0,"[[520645.01713351544,5662882.161092503],[520765.01713351544,5662912.206616024]]",7165e58257fcbe68a59452031b9f38ad042ad4f711052a657ee27477de171fe0,7ea00a8f4bb1ecbd59e0dff7cc8f825c989423bbb02618ec5d734aeb2ac46999,"{""0"":3320363277,""1"":1475925038}","{""0"":3320363277,""1"":1475925038,""2"":1276386504,""3"":3574317487,""4"":2239657023}","[0,1]",not_applicable,not_applicable,not_applicable,not_applicable,evidence,10000.0,0.8,none,none,none,143461485,none,stationary,matched_prior_exact,1,0,195114f1cc7e2281aceadba7f32b42335b9f813accc1177d689a729aef6cfcb4,flat,temperate,3,0.993346334343843,80000.0,1.0,0.0,2,"[2,4,3]","[0,1]","[[520647.9649749217,5662895.104022372],[520750.9011834474,5662923.705106928]]",5.000000000464659,0.4987955459250639,none,0.005344448127945434,verbatim from frozen C4 row (C4 recorded none for victim/sensor/distribution; failure_seed real),revision_C_base@7c27a44,7c27a44,45e2af3666873b8389a0bd7936fd9b6029d41fa8169fa964adb24a85ca76dec6,c6-random_20260831_182014_803486_5cf558a2,5cf558a20d4e6c9ac5845bd72e390abc3dcd6217c904aa099c208da79cfb245f,revision_B_base,revision_B_base,0.8,5,200000.0,xlarge,45.0,80.0,5.0,0.5,1.0,"{""p_d"":0.8,""stage"":""c6-random"",""tau"":10000.0,""w"":0.5}",b7a677794b82ff1680841467faa35377b7d82f925e1dd78d94f0523c73551860
1,48,random_uniform_n8_uncoordinated,3632189806,"policy_seed = SeedSequence([planning_seed, dataset_id, hash('c6-random-policy')]); per-UAV stream = SeedSequence([policy_seed, uav_id]) -> default_rng(derived_seed); one stream per persistent UAV identity; streams are never shared or consumed sequentially across UAVs",0.021843424832347972,7901.112455679939,0.02195137201778075,510,152284,0.9966509941950566,298.5960784313726,1485,8000,200000.0,625.7615343751386,0.0,8000,140,0.0175,0,0,0,0,budget_exhausted,8000,8001,8000,8001,200000.0,"[[520615.01713351544,5662972.297663065],[520585.01713351544,5662912.206616024],[520615.01713351544,5662822.070045462],[520585.01713351544,5662882.161092503],[520675.01713351544,5662852.115568982]]",6a770aa80b8b9a32e0208d4e57fa414f4e132f94048c63345cf70e2879ceaf9c,fb97be0d5dcd21e5c1d71eb253d63afa78819f1e4bd54b92f367ad4358d854aa,"{""0"":3253451733,""1"":730812991,""2"":1796752364,""3"":2685987438,""4"":285361026}","{""0"":3253451733,""1"":730812991,""2"":1796752364,""3"":2685987438,""4"":285361026}","[0,1,2,3,4]",not_applicable,not_applicable,not_applicable,not_applicable,evidence,10000.0,0.8,none,none,none,3781670433,none,stationary,matched_prior_exact,1,0,195114f1cc7e2281aceadba7f32b42335b9f813accc1177d689a729aef6cfcb4,flat,temperate,0,0.9875156175078038,200000.0,1.0,0.0,5,[],"[0,1,2,3,4]","[[520601.26125446317,5662962.26140178],[520576.994053098,5662904.989472677],[520606.5952474223,5662836.198260312],[520598.62839204696,5662873.333030157],[520666.2597041656,5662866.748449267]]",5.000000000465331,1.0,none,0.0,verbatim from frozen C4 row (C4 recorded none for victim/sensor/distribution; failure_seed real),revision_C_base@7c27a44,7c27a44,45e2af3666873b8389a0bd7936fd9b6029d41fa8169fa964adb24a85ca76dec6,c6-random_20260831_182014_803486_5cf558a2,5cf558a20d4e6c9ac5845bd72e390abc3dcd6217c904aa099c208da79cfb245f,revision_B_base,revision_B_base,0.8,5,200000.0,xlarge,45.0,80.0,5.0,0.5,1.0,"{""p_d"":0.8,""stage"":""c6-random"",""tau"":10000.0,""w"":0.5}",b7a677794b82ff1680841467faa35377b7d82f925e1dd78d94f0523c73551860
1,48,random_uniform_n8_uncoordinated,3632189806,"policy_seed = SeedSequence([planning_seed, dataset_id, hash('c6-random-policy')]); per-UAV stream = SeedSequence([policy_seed, uav_id]) -> default_rng(derived_seed); one stream per persistent UAV identity; streams are never shared or consumed sequentially across UAVs",0.021235153270585876,7909.786202522138,0.021328121944540174,498,121727,0.995908878063207,244.43172690763052,1308,8000,160000.0,516.2562494128942,0.0,8000,46,0.00575,0,0,0,0,budget_exhausted,8000,8001,8000,8001,160000.0,"[[520615.01713351544,5662972.297663065],[520585.01713351544,5662912.206616024],[520615.01713351544,5662822.070045462],[520675.01713351544,5662852.115568982]]",1f9349e1ee0c6316f4f37a2121d0b9426700ba35d9c4d567a0828fa992122f6d,e71d1d568f29992dbb5352c704cdea556bac73af61e7aeae5151d7507fea233c,"{""0"":3253451733,""1"":730812991,""2"":1796752364,""4"":285361026}","{""0"":3253451733,""1"":730812991,""2"":1796752364,""3"":2685987438,""4"":285361026}","[0,1,2,4]",not_applicable,not_applicable,not_applicable,not_applicable,evidence,10000.0,0.8,none,none,none,3781670433,none,stationary,matched_prior_exact,1,0,195114f1cc7e2281aceadba7f32b42335b9f813accc1177d689a729aef6cfcb4,flat,temperate,1,0.9885997003527233,160000.0,1.0,0.0,4,[3],"[0,1,2,4]","[[520601.26125446317,5662962.26140178],[520576.994053098,5662904.989472677],[520606.5952474223,5662836.198260312],[520666.2597041656,5662866.748449267]]",5.000000000465331,0.9721531048161777,none,0.001084082844919454,verbatim from frozen C4 row (C4 recorded none for victim/sensor/distribution; failure_seed real),revision_C_base@7c27a44,7c27a44,45e2af3666873b8389a0bd7936fd9b6029d41fa8169fa964adb24a85ca76dec6,c6-random_20260831_182014_803486_5cf558a2,5cf558a20d4e6c9ac5845bd72e390abc3dcd6217c904aa099c208da79cfb245f,revision_B_base,revision_B_base,0.8,5,200000.0,xlarge,45.0,80.0,5.0,0.5,1.0,"{""p_d"":0.8,""stage"":""c6-random"",""tau"":10000.0,""w"":0.5}",b7a677794b82ff1680841467faa35377b7d82f925e1dd78d94f0523c73551860
1,48,random_uniform_n8_uncoordinated,3632189806,"policy_seed = SeedSequence([planning_seed, dataset_id, hash('c6-random-policy')]); per-UAV stream = SeedSequence([policy_seed, uav_id]) -> default_rng(derived_seed); one stream per persistent UAV identity; streams are never shared or consumed sequentially across UAVs",0.01714974059794739,7931.443149141096,0.01723197820987518,374,91296,0.9959034349807221,244.10695187165774,1308,8000,120000.0,408.9708021823317,0.0,8000,43,0.005375,0,0,0,0,budget_exhausted,8000,8001,8000,8001,120000.0,"[[520615.01713351544,5662972.297663065],[520585.01713351544,5662912.206616024],[520675.01713351544,5662852.115568982]]",4b28ef46d2ae3ace1c185a9e8158fdf062d7b95e2f026f2b9e433acd7143909e,6a03600e4a49b1ba1d0bfeb2f9c39c90188f4b840adf3a5eb06be48a890ff669,"{""0"":3253451733,""1"":730812991,""4"":285361026}","{""0"":3253451733,""1"":730812991,""2"":1796752364,""3"":2685987438,""4"":285361026}","[0,1,4]",not_applicable,not_applicable,not_applicable,not_applicable,evidence,10000.0,0.8,none,none,none,3781670433,none,stationary,matched_prior_exact,1,0,195114f1cc7e2281aceadba7f32b42335b9f813accc1177d689a729aef6cfcb4,flat,temperate,2,0.9913064803325954,120000.0,1.0,0.0,3,"[3,2]","[0,1,4]","[[520601.26125446317,5662962.26140178],[520576.994053098,5662904.989472677],[520666.2597041656,5662866.748449267]]",5.000000000465331,0.785121414319164,none,0.0037908628247915743,verbatim from frozen C4 row (C4 recorded none for victim/sensor/distribution; failure_seed real),revision_C_base@7c27a44,7c27a44,45e2af3666873b8389a0bd7936fd9b6029d41fa8169fa964adb24a85ca76dec6,c6-random_20260831_182014_803486_5cf558a2,5cf558a20d4e6c9ac5845bd72e390abc3dcd6217c904aa099c208da79cfb245f,revision_B_base,revision_B_base,0.8,5,200000.0,xlarge,45.0,80.0,5.0,0.5,1.0,"{""p_d"":0.8,""stage"":""c6-random"",""tau"":10000.0,""w"":0.5}",b7a677794b82ff1680841467faa35377b7d82f925e1dd78d94f0523c73551860
1,48,random_uniform_n8_uncoordinated,3632189806,"policy_seed = SeedSequence([planning_seed, dataset_id, hash('c6-random-policy')]); per-UAV stream = SeedSequence([policy_seed, uav_id]) -> default_rng(derived_seed); one stream per persistent UAV identity; streams are never shared or consumed sequentially across UAVs",0.011807163067209242,7955.417396956356,0.011853492178763081,271,60915,0.9955511778708036,224.77859778597787,1242,8000,80000.0,302.3514940049499,0.0,8000,15,0.001875,0,0,0,0,budget_exhausted,8000,8001,8000,8001,80000.0,"[[520585.01713351544,5662912.206616024],[520675.01713351544,5662852.115568982]]",d702fbc00246e247d3cfea32374e5b9538d8b581d22866734a71c3067c3f07d6,6ed45a28177cd20a36538aa5dd759d5711dd324c5a95ef9b39a75ebed6f465d7,"{""1"":730812991,""4"":285361026}","{""0"":3253451733,""1"":730812991,""2"":1796752364,""3"":2685987438,""4"":285361026}","[1,4]",not_applicable,not_applicable,not_applicable,not_applicable,evidence,10000.0,0.8,none,none,none,3781670433,none,stationary,matched_prior_exact,1,0,195114f1cc7e2281aceadba7f32b42335b9f813accc1177d689a729aef6cfcb4,flat,temperate,3,0.9943028867586997,80000.0,1.0,0.0,2,"[3,2,0]","[1,4]","[[520576.994053098,5662904.989472677],[520666.2597041656,5662866.748449267]]",5.000000000465331,0.5405362555474356,none,0.0067872692508959,verbatim from frozen C4 row (C4 recorded none for victim/sensor/distribution; failure_seed real),revision_C_base@7c27a44,7c27a44,45e2af3666873b8389a0bd7936fd9b6029d41fa8169fa964adb24a85ca76dec6,c6-random_20260831_182014_803486_5cf558a2,5cf558a20d4e6c9ac5845bd72e390abc3dcd6217c904aa099c208da79cfb245f,revision_B_base,revision_B_base,0.8,5,200000.0,xlarge,45.0,80.0,5.0,0.5,1.0,"{""p_d"":0.8,""stage"":""c6-random"",""tau"":10000.0,""w"":0.5}",b7a677794b82ff1680841467faa35377b7d82f925e1dd78d94f0523c73551860
1,49,random_uniform_n8_uncoordinated,2101923733,"policy_seed = SeedSequence([planning_seed, dataset_id, hash('c6-random-policy')]); per-UAV stream = SeedSequence([policy_seed, uav_id]) -> default_rng(derived_seed); one stream per persistent UAV identity; streams are never shared or consumed sequentially across UAVs",0.026978062483789197,7898.298544477579,0.027072664051442867,607,152437,0.9960180271194001,251.1317957166392,2065,8000,200000.0,627.9056698610075,0.0,8000,223,0.027625,0,0,0,0,budget_exhausted,8000,8001,8000,8001,200000.0,"[[520615.01713351544,5662972.297663065],[520585.01713351544,5662972.297663065],[520645.01713351544,5662912.206616024],[520675.01713351544,5662822.070045462],[520615.01713351544,5662912.206616024]]",30dcd531ac44796a9d76860400f92ce1445a8ba0c1900d0a11fd4ded50ecd1bf,6d60390e041d218737dcd6ec503a0d53da3c62655431f321664788638891f10a,"{""0"":2750785714,""1"":245520859,""2"":2849860812,""3"":2688674635,""4"":3328375683}","{""0"":2750785714,""1"":245520859,""2"":2849860812,""3"":2688674635,""4"":3328375683}","[0,1,2,3,4]",not_applicable,not_applicable,not_applicable,not_applicable,evidence,10000.0,0.8,none,none,none,3094825738,none,stationary,matched_prior_exact,1,0,195114f1cc7e2281aceadba7f32b42335b9f813accc1177d689a729aef6cfcb4,flat,temperate,0,0.9871639225693761,200000.0,1.0,0.0,5,[],"[0,1,2,3,4]","[[520609.86604198645,5662970.662074452],[520598.553868358,5662961.797541534],[520653.51501144096,5662902.532887409],[520676.4538689765,5662813.7821344],[520626.6578384796,5662910.2576500075]]",5.000000000466184,1.0,none,0.0,verbatim from frozen C4 row (C4 recorded none for victim/sensor/distribution; failure_seed real),revision_C_base@7c27a44,7c27a44,45e2af3666873b8389a0bd7936fd9b6029d41fa8169fa964adb24a85ca76dec6,c6-random_20260831_182014_803486_5cf558a2,5cf558a20d4e6c9ac5845bd72e390abc3dcd6217c904aa099c208da79cfb245f,revision_B_base,revision_B_base,0.8,5,200000.0,xlarge,45.0,80.0,5.0,0.5,1.0,"{""p_d"":0.8,""stage"":""c6-random"",""tau"":10000.0,""w"":0.5}",b7a677794b82ff1680841467faa35377b7d82f925e1dd78d94f0523c73551860
1,49,random_uniform_n8_uncoordinated,2101923733,"policy_seed = SeedSequence([planning_seed, dataset_id, hash('c6-random-policy')]); per-UAV stream = SeedSequence([policy_seed, uav_id]) -> default_rng(derived_seed); one stream per persistent UAV identity; streams are never shared or consumed sequentially across UAVs",0.02266856924295851,7916.253776023328,0.022738887096467812,524,121931,0.995702487472423,232.69274809160305,2065,8000,160000.0,521.3762778532691,0.0,8000,173,0.0215,0,0,0,0,budget_exhausted,8000,8001,8000,8001,160000.0,"[[520615.01713351544,5662972.297663065],[520585.01713351544,5662972.297663065],[520645.01713351544,5662912.206616024],[520615.01713351544,5662912.206616024]]",3c2d835d9e554c7d7bbfc10c20b5643577ac7d1a7c24b8dd1a5defdcc5b63261,5c8762620daedf7ebc1ffcb479d1d16d41bca67c04062b8f621fecb04c2723ca,"{""0"":2750785714,""1"":245520859,""2"":2849860812,""4"":3328375683}","{""0"":2750785714,""1"":245520859,""2"":2849860812,""3"":2688674635,""4"":3328375683}","[0,1,2,4]",not_applicable,not_applicable,not_applicable,not_applicable,evidence,10000.0,0.8,none,none,none,3094825738,none,stationary,matched_prior_exact,1,0,195114f1cc7e2281aceadba7f32b42335b9f813accc1177d689a729aef6cfcb4,flat,temperate,1,0.9894080459971664,160000.0,1.0,0.0,4,[3],"[0,1,2,4]","[[520609.86604198645,5662970.662074452],[520598.553868358,5662961.797541534],[520653.51501144096,5662902.532887409],[520626.6578384796,5662910.2576500075]]",5.000000000466184,0.8402593498543415,none,0.0022441234277902344,verbatim from frozen C4 row (C4 recorded none for victim/sensor/distribution; failure_seed real),revision_C_base@7c27a44,7c27a44,45e2af3666873b8389a0bd7936fd9b6029d41fa8169fa964adb24a85ca76dec6,c6-random_20260831_182014_803486_5cf558a2,5cf558a20d4e6c9ac5845bd72e390abc3dcd6217c904aa099c208da79cfb245f,revision_B_base,revision_B_base,0.8,5,200000.0,xlarge,45.0,80.0,5.0,0.5,1.0,"{""p_d"":0.8,""stage"":""c6-random"",""tau"":10000.0,""w"":0.5}",b7a677794b82ff1680841467faa35377b7d82f925e1dd78d94f0523c73551860
1,49,random_uniform_n8_uncoordinated,2101923733,"policy_seed = SeedSequence([planning_seed, dataset_id, hash('c6-random-policy')]); per-UAV stream = SeedSequence([policy_seed, uav_id]) -> default_rng(derived_seed); one stream per persistent UAV identity; streams are never shared or consumed sequentially across UAVs",0.01819597595597759,7934.2115844556065,0.01825322183220861,414,91416,0.9954712522971909,220.81159420289856,1920,8000,120000.0,410.983796604909,0.0,8000,127,0.015875,0,0,0,0,budget_exhausted,8000,8001,8000,8001,120000.0,"[[520615.01713351544,5662972.297663065],[520645.01713351544,5662912.206616024],[520615.01713351544,5662912.206616024]]",5be9051340e3426604e6d5ce8b37929b6bfaf22820f814a39526efb5b3af176a,7035ce94867f5c98ac739f5b6014acf6ebee11465f72e4f264a063940aa626e3,"{""0"":2750785714,""2"":2849860812,""4"":3328375683}","{""0"":2750785714,""1"":245520859,""2"":2849860812,""3"":2688674635,""4"":3328375683}","[0,2,4]",not_applicable,not_applicable,not_applicable,not_applicable,evidence,10000.0,0.8,none,none,none,3094825738,none,stationary,matched_prior_exact,1,0,195114f1cc7e2281aceadba7f32b42335b9f813accc1177d689a729aef6cfcb4,flat,temperate,2,0.9916524914955138,120000.0,1.0,0.0,3,"[3,1]","[0,2,4]","[[520609.86604198645,5662970.662074452],[520653.51501144096,5662902.532887409],[520626.6578384796,5662910.2576500075]]",5.000000000463549,0.6744730451607241,none,0.004488568926137693,verbatim from frozen C4 row (C4 recorded none for victim/sensor/distribution; failure_seed real),revision_C_base@7c27a44,7c27a44,45e2af3666873b8389a0bd7936fd9b6029d41fa8169fa964adb24a85ca76dec6,c6-random_20260831_182014_803486_5cf558a2,5cf558a20d4e6c9ac5845bd72e390abc3dcd6217c904aa099c208da79cfb245f,revision_B_base,revision_B_base,0.8,5,200000.0,xlarge,45.0,80.0,5.0,0.5,1.0,"{""p_d"":0.8,""stage"":""c6-random"",""tau"":10000.0,""w"":0.5}",b7a677794b82ff1680841467faa35377b7d82f925e1dd78d94f0523c73551860
1,49,random_uniform_n8_uncoordinated,2101923733,"policy_seed = SeedSequence([planning_seed, dataset_id, hash('c6-random-policy')]); per-UAV stream = SeedSequence([policy_seed, uav_id]) -> default_rng(derived_seed); one stream per persistent UAV identity; streams are never shared or consumed sequentially across UAVs",0.016600529255059178,7943.083672230134,0.01664812452388521,379,60930,0.9937797472509438,160.7651715039578,872,8000,80000.0,308.27595337014645,0.0,8000,20,0.0025,0,0,0,0,budget_exhausted,8000,8001,8000,8001,80000.0,"[[520645.01713351544,5662912.206616024],[520615.01713351544,5662912.206616024]]",554f96634f3c2716926a1737e0e11ec28e866a53c1c5321514dccdf917617d16,adfc4909040bba69d6551009c8de811c93e1cf8c80dfc05959e615f97644afc9,"{""2"":2849860812,""4"":3328375683}","{""0"":2750785714,""1"":245520859,""2"":2849860812,""3"":2688674635,""4"":3328375683}","[2,4]",not_applicable,not_applicable,not_applicable,not_applicable,evidence,10000.0,0.8,none,none,none,3094825738,none,stationary,matched_prior_exact,1,0,195114f1cc7e2281aceadba7f32b42335b9f813accc1177d689a729aef6cfcb4,flat,temperate,3,0.9927613638582844,80000.0,1.0,0.0,2,"[3,1,0]","[2,4]","[[520653.51501144096,5662902.532887409],[520626.6578384796,5662910.2576500075]]",5.000000000463549,0.615334376404319,none,0.005597441288908267,verbatim from frozen C4 row (C4 recorded none for victim/sensor/distribution; failure_seed real),revision_C_base@7c27a44,7c27a44,45e2af3666873b8389a0bd7936fd9b6029d41fa8169fa964adb24a85ca76dec6,c6-random_20260831_182014_803486_5cf558a2,5cf558a20d4e6c9ac5845bd72e390abc3dcd6217c904aa099c208da79cfb245f,revision_B_base,revision_B_base,0.8,5,200000.0,xlarge,45.0,80.0,5.0,0.5,1.0,"{""p_d"":0.8,""stage"":""c6-random"",""tau"":10000.0,""w"":0.5}",b7a677794b82ff1680841467faa35377b7d82f925e1dd78d94f0523c73551860
1,50,random_uniform_n8_uncoordinated,3688532206,"policy_seed = SeedSequence([planning_seed, dataset_id, hash('c6-random-policy')]); per-UAV stream = SeedSequence([policy_seed, uav_id]) -> default_rng(derived_seed); one stream per persistent UAV identity; streams are never shared or consumed sequentially across UAVs",0.02307254092548534,7908.417343368148,0.02307762081296441,524,152242,0.9965581114278583,290.5381679389313,1613,8000,200000.0,650.8359020780772,0.0,8000,172,0.021375,0,0,0,0,budget_exhausted,8000,8001,8000,8001,200000.0,"[[520675.01713351544,5662822.070045462],[520555.01713351544,5662882.161092503],[520675.01713351544,5663002.343186585],[520735.01713351544,5662942.252139544],[520615.01713351544,5662942.252139544]]",7cadefccf80f82f4b65a03191613879c8a3d1f83bddd097e9b78bd77bff707a3,0c61a98a67fe39ff4ef3d9eacb2ecc944c591e97bffed68f4fc03ba44eecacfb,"{""0"":387657852,""1"":2391125453,""2"":2471806178,""3"":4240117482,""4"":3315037956}","{""0"":387657852,""1"":2391125453,""2"":2471806178,""3"":4240117482,""4"":3315037956}","[0,1,2,3,4]",not_applicable,not_applicable,not_applicable,not_applicable,evidence,10000.0,0.8,none,none,none,4224204660,none,stationary,matched_prior_exact,1,0,195114f1cc7e2281aceadba7f32b42335b9f813accc1177d689a729aef6cfcb4,flat,temperate,0,0.9884286143442255,200000.0,1.0,0.0,5,[],"[0,1,2,3,4]","[[520681.28884999023,5662823.413556474],[520565.7892566675,5662882.956006011],[520666.6634226377,5662992.363089708],[520728.41903202015,5662941.820064784],[520617.85019205464,5662941.898483964]]",5.00000000046506,1.0,none,0.0,verbatim from frozen C4 row (C4 recorded none for victim/sensor/distribution; failure_seed real),revision_C_base@7c27a44,7c27a44,45e2af3666873b8389a0bd7936fd9b6029d41fa8169fa964adb24a85ca76dec6,c6-random_20260831_182014_803486_5cf558a2,5cf558a20d4e6c9ac5845bd72e390abc3dcd6217c904aa099c208da79cfb245f,revision_B_base,revision_B_base,0.8,5,200000.0,xlarge,45.0,80.0,5.0,0.5,1.0,"{""p_d"":0.8,""stage"":""c6-random"",""tau"":10000.0,""w"":0.5}",b7a677794b82ff1680841467faa35377b7d82f925e1dd78d94f0523c73551860
1,50,random_uniform_n8_uncoordinated,3688532206,"policy_seed = SeedSequence([planning_seed, dataset_id, hash('c6-random-policy')]); per-UAV stream = SeedSequence([policy_seed, uav_id]) -> default_rng(derived_seed); one stream per persistent UAV identity; streams are never shared or consumed sequentially across UAVs",0.02111637675983752,7914.714599013121,0.02112388711477,459,121745,0.9962298246334552,265.239651416122,1318,8000,160000.0,508.43747302982956,0.0,8000,112,0.014,0,0,0,0,budget_exhausted,8000,8001,8000,8001,160000.0,"[[520675.01713351544,5662822.070045462],[520555.01713351544,5662882.161092503],[520735.01713351544,5662942.252139544],[520615.01713351544,5662942.252139544]]",8c9a79f34df3263572004df8e23f5325241cb5d22f3f8b9e2c610f1ee7c9b04b,b8ae14e53ca73a59358e295ca8f773a7963ddcd08c9c10f3738536921c6209eb,"{""0"":387657852,""1"":2391125453,""3"":4240117482,""4"":3315037956}","{""0"":387657852,""1"":2391125453,""2"":2471806178,""3"":4240117482,""4"":3315037956}","[0,1,3,4]",not_applicable,not_applicable,not_applicable,not_applicable,evidence,10000.0,0.8,none,none,none,4224204660,none,stationary,matched_prior_exact,1,0,195114f1cc7e2281aceadba7f32b42335b9f813accc1177d689a729aef6cfcb4,flat,temperate,1,0.9892156729175254,160000.0,1.0,0.0,4,[2],"[0,1,3,4]","[[520681.28884999023,5662823.413556474],[520565.7892566675,5662882.956006011],[520728.41903202015,5662941.820064784],[520617.85019205464,5662941.898483964]]",5.000000000464697,0.9152167863970677,none,0.0007870585732999702,verbatim from frozen C4 row (C4 recorded none for victim/sensor/distribution; failure_seed real),revision_C_base@7c27a44,7c27a44,45e2af3666873b8389a0bd7936fd9b6029d41fa8169fa964adb24a85ca76dec6,c6-random_20260831_182014_803486_5cf558a2,5cf558a20d4e6c9ac5845bd72e390abc3dcd6217c904aa099c208da79cfb245f,revision_B_base,revision_B_base,0.8,5,200000.0,xlarge,45.0,80.0,5.0,0.5,1.0,"{""p_d"":0.8,""stage"":""c6-random"",""tau"":10000.0,""w"":0.5}",b7a677794b82ff1680841467faa35377b7d82f925e1dd78d94f0523c73551860
1,50,random_uniform_n8_uncoordinated,3688532206,"policy_seed = SeedSequence([planning_seed, dataset_id, hash('c6-random-policy')]); per-UAV stream = SeedSequence([policy_seed, uav_id]) -> default_rng(derived_seed); one stream per persistent UAV identity; streams are never shared or consumed sequentially across UAVs",0.017087217100262266,7931.542305496567,0.01711579431041253,381,91245,0.9958244287358211,239.48818897637796,1318,8000,120000.0,428.3257584818639,0.0,8000,79,0.009875,0,0,0,0,budget_exhausted,8000,8001,8000,8001,120000.0,"[[520675.01713351544,5662822.070045462],[520555.01713351544,5662882.161092503],[520735.01713351544,5662942.252139544]]",b0290ff4e1c2e3ef3914b6eac655810d2e9c61f526f980c972305634aa7a68bb,622bbc7fe3e2fb5180971a0fcf8bfdf4e45f9de03b017e3c7e85f2512f8e7933,"{""0"":387657852,""1"":2391125453,""3"":4240117482}","{""0"":387657852,""1"":2391125453,""2"":2471806178,""3"":4240117482,""4"":3315037956}","[0,1,3]",not_applicable,not_applicable,not_applicable,not_applicable,evidence,10000.0,0.8,none,none,none,4224204660,none,stationary,matched_prior_exact,1,0,195114f1cc7e2281aceadba7f32b42335b9f813accc1177d689a729aef6cfcb4,flat,temperate,2,0.9913188733279048,120000.0,1.0,0.0,3,"[2,4]","[0,1,3]","[[520681.28884999023,5662823.413556474],[520565.7892566675,5662882.956006011],[520728.41903202015,5662941.820064784]]",5.000000000464697,0.7405867067457733,none,0.002890258983679339,verbatim from frozen C4 row (C4 recorded none for victim/sensor/distribution; failure_seed real),revision_C_base@7c27a44,7c27a44,45e2af3666873b8389a0bd7936fd9b6029d41fa8169fa964adb24a85ca76dec6,c6-random_20260831_182014_803486_5cf558a2,5cf558a20d4e6c9ac5845bd72e390abc3dcd6217c904aa099c208da79cfb245f,revision_B_base,revision_B_base,0.8,5,200000.0,xlarge,45.0,80.0,5.0,0.5,1.0,"{""p_d"":0.8,""stage"":""c6-random"",""tau"":10000.0,""w"":0.5}",b7a677794b82ff1680841467faa35377b7d82f925e1dd78d94f0523c73551860
1,50,random_uniform_n8_uncoordinated,3688532206,"policy_seed = SeedSequence([planning_seed, dataset_id, hash('c6-random-policy')]); per-UAV stream = SeedSequence([policy_seed, uav_id]) -> default_rng(derived_seed); one stream per persistent UAV identity; streams are never shared or consumed sequentially across UAVs",0.015067401983745123,7942.623907789703,0.015105143447643861,336,60923,0.9944848415212646,181.31845238095238,1031,8000,80000.0,295.4210526710376,0.0,8000,1,0.000125,0,0,0,0,budget_exhausted,8000,8001,8000,8001,80000.0,"[[520675.01713351544,5662822.070045462],[520735.01713351544,5662942.252139544]]",5d9ed8940bca0b270ab13591ac3a08e48863be0a93abc9c12d421b313952e084,d26f610e82cac015a4b4eb03cdfeb87b9c0f0ded3a1469bd41644fe112ede55e,"{""0"":387657852,""3"":4240117482}","{""0"":387657852,""1"":2391125453,""2"":2471806178,""3"":4240117482,""4"":3315037956}","[0,3]",not_applicable,not_applicable,not_applicable,not_applicable,evidence,10000.0,0.8,none,none,none,4224204660,none,stationary,matched_prior_exact,1,0,195114f1cc7e2281aceadba7f32b42335b9f813accc1177d689a729aef6cfcb4,flat,temperate,3,0.9927039004861521,80000.0,1.0,0.0,2,"[2,4,1]","[0,3]","[[520681.28884999023,5662823.413556474],[520728.41903202015,5662941.820064784]]",5.000000000464697,0.65304476140736,none,0.004275286141926626,verbatim from frozen C4 row (C4 recorded none for victim/sensor/distribution; failure_seed real),revision_C_base@7c27a44,7c27a44,45e2af3666873b8389a0bd7936fd9b6029d41fa8169fa964adb24a85ca76dec6,c6-random_20260831_182014_803486_5cf558a2,5cf558a20d4e6c9ac5845bd72e390abc3dcd6217c904aa099c208da79cfb245f,revision_B_base,revision_B_base,0.8,5,200000.0,xlarge,45.0,80.0,5.0,0.5,1.0,"{""p_d"":0.8,""stage"":""c6-random"",""tau"":10000.0,""w"":0.5}",b7a677794b82ff1680841467faa35377b7d82f925e1dd78d94f0523c73551860
1,51,random_uniform_n8_uncoordinated,173536346,"policy_seed = SeedSequence([planning_seed, dataset_id, hash('c6-random-policy')]); per-UAV stream = SeedSequence([policy_seed, uav_id]) -> default_rng(derived_seed); one stream per persistent UAV identity; streams are never shared or consumed sequentially across UAVs",0.02849440441748998,7876.538458349953,0.028616457990624216,656,152272,0.9956919197226016,232.1219512195122,1087,8000,200000.0,621.5821018861607,0.0,8000,100,0.0125,0,0,0,0,budget_exhausted,8000,8001,8000,8001,200000.0,"[[520705.01713351544,5662882.161092503],[520645.01713351544,5662972.297663065],[520675.01713351544,5662852.115568982],[520675.01713351544,5662822.070045462],[520585.01713351544,5662942.252139544]]",d9588e28756852faae53baba628ced39401b5f0ffc3fe6073de431542207aa40,a0f8403f7032831f444c95fa5a6c451afcc4058369682b13984ba56d15e4bfab,"{""0"":1647129958,""1"":2187436832,""2"":1984324614,""3"":1942934699,""4"":1818570144}","{""0"":1647129958,""1"":2187436832,""2"":1984324614,""3"":1942934699,""4"":1818570144}","[0,1,2,3,4]",not_applicable,not_applicable,not_applicable,not_applicable,evidence,10000.0,0.8,none,none,none,1429229625,none,stationary,matched_prior_exact,1,0,195114f1cc7e2281aceadba7f32b42335b9f813accc1177d689a729aef6cfcb4,flat,temperate,0,0.9844442517622738,200000.0,1.0,0.0,5,[],"[0,1,2,3,4]","[[520711.8522611355,5662892.597864088],[520658.5627617937,5662959.366663233],[520670.5155692668,5662866.853961261],[520689.3788789926,5662831.804692118],[520598.1880891093,5662945.3050262295]]",5.000000000465614,1.0,none,0.0,verbatim from frozen C4 row (C4 recorded none for victim/sensor/distribution; failure_seed real),revision_C_base@7c27a44,7c27a44,45e2af3666873b8389a0bd7936fd9b6029d41fa8169fa964adb24a85ca76dec6,c6-random_20260831_182014_803486_5cf558a2,5cf558a20d4e6c9ac5845bd72e390abc3dcd6217c904aa099c208da79cfb245f,revision_B_base,revision_B_base,0.8,5,200000.0,xlarge,45.0,80.0,5.0,0.5,1.0,"{""p_d"":0.8,""stage"":""c6-random"",""tau"":10000.0,""w"":0.5}",b7a677794b82ff1680841467faa35377b7d82f925e1dd78d94f0523c73551860
1,51,random_uniform_n8_uncoordinated,173536346,"policy_seed = SeedSequence([planning_seed, dataset_id, hash('c6-random-policy')]); per-UAV stream = SeedSequence([policy_seed, uav_id]) -> default_rng(derived_seed); one stream per persistent UAV identity; streams are never shared or consumed sequentially across UAVs",0.023941842207526414,7891.075836458871,0.02402713783609341,516,121815,0.9957640684644748,236.07558139534885,1087,8000,160000.0,543.156304072123,0.0,8000,87,0.010875,0,0,0,0,budget_exhausted,8000,8001,8000,8001,160000.0,"[[520705.01713351544,5662882.161092503],[520675.01713351544,5662852.115568982],[520675.01713351544,5662822.070045462],[520585.01713351544,5662942.252139544]]",568af365b3b005bbf0d96606bcb3b9d23f4dd0e84c93edd3680ccd3ed0a7ffb1,567187f3ea2c8e9f22284fccc062edec9ef5fe41d5733b643135f4c62746d6a9,"{""0"":1647129958,""2"":1984324614,""3"":1942934699,""4"":1818570144}","{""0"":1647129958,""1"":2187436832,""2"":1984324614,""3"":1942934699,""4"":1818570144}","[0,2,3,4]",not_applicable,not_applicable,not_applicable,not_applicable,evidence,10000.0,0.8,none,none,none,1429229625,none,stationary,matched_prior_exact,1,0,195114f1cc7e2281aceadba7f32b42335b9f813accc1177d689a729aef6cfcb4,flat,temperate,1,0.9862611969077454,160000.0,1.0,0.0,4,[1],"[0,2,3,4]","[[520711.8522611355,5662892.597864088],[520670.5155692668,5662866.853961261],[520689.3788789926,5662831.804692118],[520598.1880891093,5662945.3050262295]]",5.000000000464695,0.8402296063724993,none,0.0018169451454715935,verbatim from frozen C4 row (C4 recorded none for victim/sensor/distribution; failure_seed real),revision_C_base@7c27a44,7c27a44,45e2af3666873b8389a0bd7936fd9b6029d41fa8169fa964adb24a85ca76dec6,c6-random_20260831_182014_803486_5cf558a2,5cf558a20d4e6c9ac5845bd72e390abc3dcd6217c904aa099c208da79cfb245f,revision_B_base,revision_B_base,0.8,5,200000.0,xlarge,45.0,80.0,5.0,0.5,1.0,"{""p_d"":0.8,""stage"":""c6-random"",""tau"":10000.0,""w"":0.5}",b7a677794b82ff1680841467faa35377b7d82f925e1dd78d94f0523c73551860
1,51,random_uniform_n8_uncoordinated,173536346,"policy_seed = SeedSequence([planning_seed, dataset_id, hash('c6-random-policy')]); per-UAV stream = SeedSequence([policy_seed, uav_id]) -> default_rng(derived_seed); one stream per persistent UAV identity; streams are never shared or consumed sequentially across UAVs",0.019676147173048036,7917.343154950249,0.01971541325293581,424,91313,0.9953566304907296,215.36084905660377,1043,8000,120000.0,407.3805302521214,0.0,8000,52,0.0065,0,0,0,0,budget_exhausted,8000,8001,8000,8001,120000.0,"[[520675.01713351544,5662852.115568982],[520675.01713351544,5662822.070045462],[520585.01713351544,5662942.252139544]]",0b9271cf8b8a0549035a85b219786976c90d9a6f53fddb1245005e6b00248108,087de953de0e39630a9b422865537b487e677a5cf05eced71ab29b8d7ed75a79,"{""2"":1984324614,""3"":1942934699,""4"":1818570144}","{""0"":1647129958,""1"":2187436832,""2"":1984324614,""3"":1942934699,""4"":1818570144}","[2,3,4]",not_applicable,not_applicable,not_applicable,not_applicable,evidence,10000.0,0.8,none,none,none,1429229625,none,stationary,matched_prior_exact,1,0,195114f1cc7e2281aceadba7f32b42335b9f813accc1177d689a729aef6cfcb4,flat,temperate,2,0.9895442013436132,120000.0,1.0,0.0,3,"[1,0]","[2,3,4]","[[520670.5155692668,5662866.853961261],[520689.3788789926,5662831.804692118],[520598.1880891093,5662945.3050262295]]",5.000000000464695,0.6905267042876228,none,0.0050999495813394136,verbatim from frozen C4 row (C4 recorded none for victim/sensor/distribution; failure_seed real),revision_C_base@7c27a44,7c27a44,45e2af3666873b8389a0bd7936fd9b6029d41fa8169fa964adb24a85ca76dec6,c6-random_20260831_182014_803486_5cf558a2,5cf558a20d4e6c9ac5845bd72e390abc3dcd6217c904aa099c208da79cfb245f,revision_B_base,revision_B_base,0.8,5,200000.0,xlarge,45.0,80.0,5.0,0.5,1.0,"{""p_d"":0.8,""stage"":""c6-random"",""tau"":10000.0,""w"":0.5}",b7a677794b82ff1680841467faa35377b7d82f925e1dd78d94f0523c73551860
1,51,random_uniform_n8_uncoordinated,173536346,"policy_seed = SeedSequence([planning_seed, dataset_id, hash('c6-random-policy')]); per-UAV stream = SeedSequence([policy_seed, uav_id]) -> default_rng(derived_seed); one stream per persistent UAV identity; streams are never shared or consumed sequentially across UAVs",0.01258688139317726,7943.415954607155,0.012610223119116937,275,60887,0.9954834365299653,221.40727272727273,1043,8000,80000.0,319.6076914151199,0.0,8000,40,0.005,0,0,0,0,budget_exhausted,8000,8001,8000,8001,80000.0,"[[520675.01713351544,5662852.115568982],[520675.01713351544,5662822.070045462]]",761812013f00c322eba2fd9b940d1e8ef23ddd29a4f2acdb7e450ef449e63d28,10cff96708bbf073ed056fd6ac8c630d98bbcd50f8891bd91cf72aa025e9feb6,"{""2"":1984324614,""3"":1942934699}","{""0"":1647129958,""1"":2187436832,""2"":1984324614,""3"":1942934699,""4"":1818570144}","[2,3]",not_applicable,not_applicable,not_applicable,not_applicable,evidence,10000.0,0.8,none,none,none,1429229625,none,stationary,matched_prior_exact,1,0,195114f1cc7e2281aceadba7f32b42335b9f813accc1177d689a729aef6cfcb4,flat,temperate,3,0.9928028939641489,80000.0,1.0,0.0,2,"[1,0,4]","[2,3]","[[520670.5155692668,5662866.853961261],[520689.3788789926,5662831.804692118]]",5.000000000464695,0.4417316890979262,none,0.0083586422018751,verbatim from frozen C4 row (C4 recorded none for victim/sensor/distribution; failure_seed real),revision_C_base@7c27a44,7c27a44,45e2af3666873b8389a0bd7936fd9b6029d41fa8169fa964adb24a85ca76dec6,c6-random_20260831_182014_803486_5cf558a2,5cf558a20d4e6c9ac5845bd72e390abc3dcd6217c904aa099c208da79cfb245f,revision_B_base,revision_B_base,0.8,5,200000.0,xlarge,45.0,80.0,5.0,0.5,1.0,"{""p_d"":0.8,""stage"":""c6-random"",""tau"":10000.0,""w"":0.5}",b7a677794b82ff1680841467faa35377b7d82f925e1dd78d94f0523c73551860
1,46,random_uniform_n8_uncoordinated,2229480630,"policy_seed = SeedSequence([planning_seed, dataset_id, hash('c6-random-policy')]); per-UAV stream = SeedSequence([policy_seed, uav_id]) -> default_rng(derived_seed); one stream per persistent UAV identity; streams are never shared or consumed sequentially across UAVs",0.02246018435287584,7917.274340931261,0.022539049310905626,527,152340,0.9965406327950637,289.07020872865274,2104,8000,200000.0,647.9198411479592,0.0,8000,280,0.034625,0,0,0,0,budget_exhausted,8000,8001,8000,8001,200000.0,"[[520675.01713351544,5662882.161092503],[520645.01713351544,5663002.343186585],[520675.01713351544,5662912.206616024],[520585.01713351544,5662852.115568982],[520585.01713351544,5662912.206616024]]",7482e6ea62a6b135ff55058c80dad20021c30ae106d60958d5d68f631031de0b,c90668046e917953e343b462836adafbac657d9b341252b5adb93afc83220e69,"{""0"":85672074,""1"":3502856663,""2"":1789560090,""3"":797454604,""4"":3115379246}","{""0"":85672074,""1"":3502856663,""2"":1789560090,""3"":797454604,""4"":3115379246}","[0,1,2,3,4]",not_applicable,not_applicable,not_applicable,not_applicable,evidence,10000.0,0.8,none,none,none,2170202023,none,stationary,matched_prior_exact,1,0,195114f1cc7e2281aceadba7f32b42335b9f813accc1177d689a729aef6cfcb4,flat,temperate,0,0.9895356006663243,200000.0,1.0,0.0,5,[],"[0,1,2,3,4]","[[520683.0606025209,5662896.673861332],[520648.8717985227,5662990.272526192],[520686.69451162766,5662900.4684148645],[520599.4214516467,5662848.301367384],[520573.724335097,5662905.991302054]]",5.000000000465575,1.0,none,0.0,verbatim from frozen C4 row (C4 recorded none for victim/sensor/distribution; failure_seed real),revision_C_base@7c27a44,7c27a44,45e2af3666873b8389a0bd7936fd9b6029d41fa8169fa964adb24a85ca76dec6,c6-random_20260831_182014_803486_5cf558a2,5cf558a20d4e6c9ac5845bd72e390abc3dcd6217c904aa099c208da79cfb245f,revision_B_base,revision_B_base,0.8,5,200000.0,xlarge,45.0,80.0,5.0,0.5,1.0,"{""p_d"":0.8,""stage"":""c6-random"",""tau"":10000.0,""w"":0.5}",b7a677794b82ff1680841467faa35377b7d82f925e1dd78d94f0523c73551860
1,46,random_uniform_n8_uncoordinated,2229480630,"policy_seed = SeedSequence([planning_seed, dataset_id, hash('c6-random-policy')]); per-UAV stream = SeedSequence([policy_seed, uav_id]) -> default_rng(derived_seed); one stream per persistent UAV identity; streams are never shared or consumed sequentially across UAVs",0.019476750921338,7927.752853138863,0.019543876207553657,422,121904,0.9965382596141226,288.87203791469193,1957,8000,160000.0,520.9949365369976,0.0,8000,145,0.018125,0,0,0,0,budget_exhausted,8000,8001,8000,8001,160000.0,"[[520675.01713351544,5662882.161092503],[520645.01713351544,5663002.343186585],[520675.01713351544,5662912.206616024],[520585.01713351544,5662912.206616024]]",f54ee3d9e368b30a536789add60fd740049da459c884aac5cfa5886dbcc5b2a9,dfeafc14242b3984fed472416d17cbf7c12a179523b6506c5cb04e8d0a37d8cf,"{""0"":85672074,""1"":3502856663,""2"":1789560090,""4"":3115379246}","{""0"":85672074,""1"":3502856663,""2"":1789560090,""3"":797454604,""4"":3115379246}","[0,1,2,4]",not_applicable,not_applicable,not_applicable,not_applicable,evidence,10000.0,0.8,none,none,none,2170202023,none,stationary,matched_prior_exact,1,0,195114f1cc7e2281aceadba7f32b42335b9f813accc1177d689a729aef6cfcb4,flat,temperate,1,0.9908452509859846,160000.0,1.0,0.0,4,[3],"[0,1,2,4]","[[520683.0606025209,5662896.673861332],[520648.8717985227,5662990.272526192],[520686.69451162766,5662900.4684148645],[520573.724335097,5662905.991302054]]",5.000000000464705,0.8671679009991814,none,0.0013096503196603493,verbatim from frozen C4 row (C4 recorded none for victim/sensor/distribution; failure_seed real),revision_C_base@7c27a44,7c27a44,45e2af3666873b8389a0bd7936fd9b6029d41fa8169fa964adb24a85ca76dec6,c6-random_20260831_182014_803486_5cf558a2,5cf558a20d4e6c9ac5845bd72e390abc3dcd6217c904aa099c208da79cfb245f,revision_B_base,revision_B_base,0.8,5,200000.0,xlarge,45.0,80.0,5.0,0.5,1.0,"{""p_d"":0.8,""stage"":""c6-random"",""tau"":10000.0,""w"":0.5}",b7a677794b82ff1680841467faa35377b7d82f925e1dd78d94f0523c73551860
1,46,random_uniform_n8_uncoordinated,2229480630,"policy_seed = SeedSequence([planning_seed, dataset_id, hash('c6-random-policy')]); per-UAV stream = SeedSequence([policy_seed, uav_id]) -> default_rng(derived_seed); one stream per persistent UAV identity; streams are never shared or consumed sequentially across UAVs",0.01372515154177453,7948.62505523079,0.01377676573848007,308,91434,0.9966314500076559,296.8636363636364,1845,8000,120000.0,427.1285382392816,0.0,8000,89,0.011125,0,0,0,0,budget_exhausted,8000,8001,8000,8001,120000.0,"[[520675.01713351544,5662882.161092503],[520645.01713351544,5663002.343186585],[520675.01713351544,5662912.206616024]]",7d0fc6da630f35db981692fd0c0c5748503c335d35f5a6edae8a7b49f4f4f03c,d874af59ef034b89073a3ad21380984b0f5d7fa20004e05c1d7095a0f9f454c4,"{""0"":85672074,""1"":3502856663,""2"":1789560090}","{""0"":85672074,""1"":3502856663,""2"":1789560090,""3"":797454604,""4"":3115379246}","[0,1,2]",not_applicable,not_applicable,not_applicable,not_applicable,evidence,10000.0,0.8,none,none,none,2170202023,none,stationary,matched_prior_exact,1,0,195114f1cc7e2281aceadba7f32b42335b9f813accc1177d689a729aef6cfcb4,flat,temperate,2,0.9934539501600788,120000.0,1.0,0.0,3,"[3,4]","[0,1,2]","[[520683.0606025209,5662896.673861332],[520648.8717985227,5662990.272526192],[520686.69451162766,5662900.4684148645]]",5.000000000464705,0.6110881071204181,none,0.003918349493754469,verbatim from frozen C4 row (C4 recorded none for victim/sensor/distribution; failure_seed real),revision_C_base@7c27a44,7c27a44,45e2af3666873b8389a0bd7936fd9b6029d41fa8169fa964adb24a85ca76dec6,c6-random_20260831_182014_803486_5cf558a2,5cf558a20d4e6c9ac5845bd72e390abc3dcd6217c904aa099c208da79cfb245f,revision_B_base,revision_B_base,0.8,5,200000.0,xlarge,45.0,80.0,5.0,0.5,1.0,"{""p_d"":0.8,""stage"":""c6-random"",""tau"":10000.0,""w"":0.5}",b7a677794b82ff1680841467faa35377b7d82f925e1dd78d94f0523c73551860
1,46,random_uniform_n8_uncoordinated,2229480630,"policy_seed = SeedSequence([planning_seed, dataset_id, hash('c6-random-policy')]); per-UAV stream = SeedSequence([policy_seed, uav_id]) -> default_rng(derived_seed); one stream per persistent UAV identity; streams are never shared or consumed sequentially across UAVs",0.010492692971283558,7967.441849962106,0.010563988256412426,245,60925,0.9959786622897004,248.6734693877551,1606,8000,80000.0,303.2616126909852,0.0,8000,43,0.005375,0,0,0,0,budget_exhausted,8000,8001,8000,8001,80000.0,"[[520675.01713351544,5662882.161092503],[520645.01713351544,5663002.343186585]]",b9664d21d4b105a37aec2cd251045f7b3d2eab306eebc2d756af2d2b30ab6660,49b6b7f9cebecf8e6f992d838cfb472126566812b4f03a6e1def6994a833328a,"{""0"":85672074,""1"":3502856663}","{""0"":85672074,""1"":3502856663,""2"":1789560090,""3"":797454604,""4"":3115379246}","[0,1]",not_applicable,not_applicable,not_applicable,not_applicable,evidence,10000.0,0.8,none,none,none,2170202023,none,stationary,matched_prior_exact,1,0,195114f1cc7e2281aceadba7f32b42335b9f813accc1177d689a729aef6cfcb4,flat,temperate,3,0.9958057555258225,80000.0,1.0,0.0,2,"[3,4,2]","[0,1]","[[520683.0606025209,5662896.673861332],[520648.8717985227,5662990.272526192]]",5.000000000463858,0.46716860406980837,none,0.006270154859498223,verbatim from frozen C4 row (C4 recorded none for victim/sensor/distribution; failure_seed real),revision_C_base@7c27a44,7c27a44,45e2af3666873b8389a0bd7936fd9b6029d41fa8169fa964adb24a85ca76dec6,c6-random_20260831_182014_803486_5cf558a2,5cf558a20d4e6c9ac5845bd72e390abc3dcd6217c904aa099c208da79cfb245f,revision_B_base,revision_B_base,0.8,5,200000.0,xlarge,45.0,80.0,5.0,0.5,1.0,"{""p_d"":0.8,""stage"":""c6-random"",""tau"":10000.0,""w"":0.5}",b7a677794b82ff1680841467faa35377b7d82f925e1dd78d94f0523c73551860
1,47,random_uniform_n8_uncoordinated,2061208408,"policy_seed = SeedSequence([planning_seed, dataset_id, hash('c6-random-policy')]); per-UAV stream = SeedSequence([policy_seed, uav_id]) -> default_rng(derived_seed); one stream per persistent UAV identity; streams are never shared or consumed sequentially across UAVs",0.018020266933942344,7917.2014276567315,0.018066942404153758,441,152197,0.9971024396013062,345.1179138321995,1831,8000,200000.0,647.4247626108117,0.0,8000,201,0.025125,0,0,0,0,budget_exhausted,8000,8001,8000,8001,200000.0,"[[520645.01713351544,5662822.070045462],[520615.01713351544,5662912.206616024],[520705.01713351544,5662912.206616024],[520675.01713351544,5663002.343186585],[520615.01713351544,5662912.206616024]]",a800830691d2167d6a15ff4497b6c4227ef9a8749ffdbfffc327a1bea4d2471f,dad30410cc6424c1982e285eb5f014cd053ec9a7adec7f4d87e680602067a6ee,"{""0"":2245316333,""1"":3528376685,""2"":4085678436,""3"":4254782055,""4"":3707600770}","{""0"":2245316333,""1"":3528376685,""2"":4085678436,""3"":4254782055,""4"":3707600770}","[0,1,2,3,4]",not_applicable,not_applicable,not_applicable,not_applicable,evidence,10000.0,0.8,none,none,none,3230704898,none,stationary,matched_prior_exact,1,0,195114f1cc7e2281aceadba7f32b42335b9f813accc1177d689a729aef6cfcb4,flat,temperate,0,0.9895264876461357,200000.0,1.0,0.0,5,[],"[0,1,2,3,4]","[[520655.5473522094,5662825.507658554],[520628.5784474643,5662919.196559933],[520715.42801326327,5662900.496038994],[520688.45327700884,5663000.348420152],[520617.8247240626,5662908.713604079]]",5.000000000464838,1.0,none,0.0,verbatim from frozen C4 row (C4 recorded none for victim/sensor/distribution; failure_seed real),revision_C_base@7c27a44,7c27a44,45e2af3666873b8389a0bd7936fd9b6029d41fa8169fa964adb24a85ca76dec6,c6-random_20260831_182014_803486_5cf558a2,5cf558a20d4e6c9ac5845bd72e390abc3dcd6217c904aa099c208da79cfb245f,revision_B_base,revision_B_base,0.8,5,200000.0,xlarge,45.0,80.0,5.0,0.5,1.0,"{""p_d"":0.8,""stage"":""c6-random"",""tau"":10000.0,""w"":0.5}",b7a677794b82ff1680841467faa35377b7d82f925e1dd78d94f0523c73551860
1,47,random_uniform_n8_uncoordinated,2061208408,"policy_seed = SeedSequence([planning_seed, dataset_id, hash('c6-random-policy')]); per-UAV stream = SeedSequence([policy_seed, uav_id]) -> default_rng(derived_seed); one stream per persistent UAV identity; streams are never shared or consumed sequentially across UAVs",0.016312145044319114,7922.865883564735,0.016369321763462976,408,121743,0.9966486779527365,298.3897058823529,1831,8000,160000.0,534.5685846847482,0.0,8000,73,0.009125,0,0,0,0,budget_exhausted,8000,8001,8000,8001,160000.0,"[[520645.01713351544,5662822.070045462],[520705.01713351544,5662912.206616024],[520675.01713351544,5663002.343186585],[520615.01713351544,5662912.206616024]]",7ccf2bf5d2cbbe7d012e424a8ea9e5cd3cc48f4baf602c988e406e60c55fb868,f8ba3fcfd53814cab5757b45dc6682efbb575cc7a7d3e5e995e3fec61ec335aa,"{""0"":2245316333,""2"":4085678436,""3"":4254782055,""4"":3707600770}","{""0"":2245316333,""1"":3528376685,""2"":4085678436,""3"":4254782055,""4"":3707600770}","[0,2,3,4]",not_applicable,not_applicable,not_applicable,not_applicable,evidence,10000.0,0.8,none,none,none,3230704898,none,stationary,matched_prior_exact,1,0,195114f1cc7e2281aceadba7f32b42335b9f813accc1177d689a729aef6cfcb4,flat,temperate,1,0.9902344561385745,160000.0,1.0,0.0,4,[1],"[0,2,3,4]","[[520655.5473522094,5662825.507658554],[520715.42801326327,5662900.496038994],[520688.45327700884,5663000.348420152],[520617.8247240626,5662908.713604079]]",5.000000000464838,0.9052110661909303,none,0.0007079684924388152,verbatim from frozen C4 row (C4 recorded none for victim/sensor/distribution; failure_seed real),revision_C_base@7c27a44,7c27a44,45e2af3666873b8389a0bd7936fd9b6029d41fa8169fa964adb24a85ca76dec6,c6-random_20260831_182014_803486_5cf558a2,5cf558a20d4e6c9ac5845bd72e390abc3dcd6217c904aa099c208da79cfb245f,revision_B_base,revision_B_base,0.8,5,200000.0,xlarge,45.0,80.0,5.0,0.5,1.0,"{""p_d"":0.8,""stage"":""c6-random"",""tau"":10000.0,""w"":0.5}",b7a677794b82ff1680841467faa35377b7d82f925e1dd78d94f0523c73551860
1,47,random_uniform_n8_uncoordinated,2061208408,"policy_seed = SeedSequence([planning_seed, dataset_id, hash('c6-random-policy')]); per-UAV stream = SeedSequence([policy_seed, uav_id]) -> default_rng(derived_seed); one stream per persistent UAV identity; streams are never shared or consumed sequentially across UAVs",0.014375375255333993,7935.479118399351,0.014401531810352242,358,91314,0.9960794620759139,255.06703910614524,1831,8000,120000.0,427.0338327428326,0.0,8000,25,0.003125,0,0,0,0,budget_exhausted,8000,8001,8000,8001,120000.0,"[[520705.01713351544,5662912.206616024],[520675.01713351544,5663002.343186585],[520615.01713351544,5662912.206616024]]",3a931db3a6576e9780866fbee2e8cded6230881a6b5a382b6bbab61483c94318,ffb047815fad4ea4e4da1ecdf0665f617194ada7df06c0e3031cecc5bd56eb5e,"{""2"":4085678436,""3"":4254782055,""4"":3707600770}","{""0"":2245316333,""1"":3528376685,""2"":4085678436,""3"":4254782055,""4"":3707600770}","[2,3,4]",not_applicable,not_applicable,not_applicable,not_applicable,evidence,10000.0,0.8,none,none,none,3230704898,none,stationary,matched_prior_exact,1,0,195114f1cc7e2281aceadba7f32b42335b9f813accc1177d689a729aef6cfcb4,flat,temperate,2,0.9918109134357395,120000.0,1.0,0.0,3,"[1,0]","[2,3,4]","[[520715.42801326327,5662900.496038994],[520688.45327700884,5663000.348420152],[520617.8247240626,5662908.713604079]]",5.000000000464198,0.7977337576646569,none,0.00228442578960375,verbatim from frozen C4 row (C4 recorded none for victim/sensor/distribution; failure_seed real),revision_C_base@7c27a44,7c27a44,45e2af3666873b8389a0bd7936fd9b6029d41fa8169fa964adb24a85ca76dec6,c6-random_20260831_182014_803486_5cf558a2,5cf558a20d4e6c9ac5845bd72e390abc3dcd6217c904aa099c208da79cfb245f,revision_B_base,revision_B_base,0.8,5,200000.0,xlarge,45.0,80.0,5.0,0.5,1.0,"{""p_d"":0.8,""stage"":""c6-random"",""tau"":10000.0,""w"":0.5}",b7a677794b82ff1680841467faa35377b7d82f925e1dd78d94f0523c73551860
1,47,random_uniform_n8_uncoordinated,2061208408,"policy_seed = SeedSequence([planning_seed, dataset_id, hash('c6-random-policy')]); per-UAV stream = SeedSequence([policy_seed, uav_id]) -> default_rng(derived_seed); one stream per persistent UAV identity; streams are never shared or consumed sequentially across UAVs",0.011146537525681531,7952.184954267148,0.011162603755517187,252,60788,0.9958544449562413,241.22222222222223,1831,8000,80000.0,310.7991777439602,0.0,8000,9,0.001125,0,0,0,0,budget_exhausted,8000,8001,8000,8001,80000.0,"[[520705.01713351544,5662912.206616024],[520675.01713351544,5663002.343186585]]",5531f66c1f73e1d25c81df55d53beae40ce986bf7a359a23f665ac86a5bcdc0b,654d2b41da1f7608f31fb3b6e9a1564452781bba8be5b5ec5a7f17f137e7c688,"{""2"":4085678436,""3"":4254782055}","{""0"":2245316333,""1"":3528376685,""2"":4085678436,""3"":4254782055,""4"":3707600770}","[2,3]",not_applicable,not_applicable,not_applicable,not_applicable,evidence,10000.0,0.8,none,none,none,3230704898,none,stationary,matched_prior_exact,1,0,195114f1cc7e2281aceadba7f32b42335b9f813accc1177d689a729aef6cfcb4,flat,temperate,3,0.9938988819231531,80000.0,1.0,0.0,2,"[1,0,4]","[2,3]","[[520715.42801326327,5662900.496038994],[520688.45327700884,5663000.348420152]]",5.000000000464198,0.6185556277574503,none,0.004372394277017411,verbatim from frozen C4 row (C4 recorded none for victim/sensor/distribution; failure_seed real),revision_C_base@7c27a44,7c27a44,45e2af3666873b8389a0bd7936fd9b6029d41fa8169fa964adb24a85ca76dec6,c6-random_20260831_182014_803486_5cf558a2,5cf558a20d4e6c9ac5845bd72e390abc3dcd6217c904aa099c208da79cfb245f,revision_B_base,revision_B_base,0.8,5,200000.0,xlarge,45.0,80.0,5.0,0.5,1.0,"{""p_d"":0.8,""stage"":""c6-random"",""tau"":10000.0,""w"":0.5}",b7a677794b82ff1680841467faa35377b7d82f925e1dd78d94f0523c73551860
1,44,random_uniform_n8_uncoordinated,498084916,"policy_seed = SeedSequence([planning_seed, dataset_id, hash('c6-random-policy')]); per-UAV stream = SeedSequence([policy_seed, uav_id]) -> default_rng(derived_seed); one stream per persistent UAV identity; streams are never shared or consumed sequentially across UAVs",0.016810818182935124,7925.583009729975,0.01682493088884022,421,152431,0.9972380946133005,362.0688836104513,2686,8000,200000.0,645.7736389413476,0.0,8000,328,0.03975,0,0,0,0,budget_exhausted,8000,8001,8000,8001,200000.0,"[[520705.01713351544,5662942.252139544],[520585.01713351544,5662972.297663065],[520705.01713351544,5663002.343186585],[520705.01713351544,5662972.297663065],[520615.01713351544,5662852.115568982]]",3b959359867fcb2b45b92315bf9568b79d943432b1b3c27e35f71a092ea0c61e,e9067035250d600c64dbd44559bcdff07ca29066fde074bada93f08eb5562722,"{""0"":1716714320,""1"":422248712,""2"":3955083849,""3"":1468423981,""4"":3329984624}","{""0"":1716714320,""1"":422248712,""2"":3955083849,""3"":1468423981,""4"":3329984624}","[0,1,2,3,4]",not_applicable,not_applicable,not_applicable,not_applicable,evidence,10000.0,0.8,none,none,none,2798862237,none,stationary,matched_prior_exact,1,0,195114f1cc7e2281aceadba7f32b42335b9f813accc1177d689a729aef6cfcb4,flat,temperate,0,0.9905740544594395,200000.0,1.0,0.0,5,[],"[0,1,2,3,4]","[[520696.4868621241,5662947.577361604],[520578.32640263636,5662967.147165437],[520708.48603658227,5662991.097060128],[520690.22232444835,5662961.878196735],[520625.57199829567,5662841.645476752]]",5.000000000465438,1.0,none,0.0,verbatim from frozen C4 row (C4 recorded none for victim/sensor/distribution; failure_seed real),revision_C_base@7c27a44,7c27a44,45e2af3666873b8389a0bd7936fd9b6029d41fa8169fa964adb24a85ca76dec6,c6-random_20260831_182014_803486_5cf558a2,5cf558a20d4e6c9ac5845bd72e390abc3dcd6217c904aa099c208da79cfb245f,revision_B_base,revision_B_base,0.8,5,200000.0,xlarge,45.0,80.0,5.0,0.5,1.0,"{""p_d"":0.8,""stage"":""c6-random"",""tau"":10000.0,""w"":0.5}",b7a677794b82ff1680841467faa35377b7d82f925e1dd78d94f0523c73551860
1,44,random_uniform_n8_uncoordinated,498084916,"policy_seed = SeedSequence([planning_seed, dataset_id, hash('c6-random-policy')]); per-UAV stream = SeedSequence([policy_seed, uav_id]) -> default_rng(derived_seed); one stream per persistent UAV identity; streams are never shared or consumed sequentially across UAVs",0.010533952419601193,7951.5506438650045,0.010557096540719355,308,122017,0.9974757615742069,396.15909090909093,2686,8000,160000.0,537.6159527683631,0.0,8000,313,0.038125,0,0,0,0,budget_exhausted,8000,8001,8000,8001,160000.0,"[[520705.01713351544,5662942.252139544],[520585.01713351544,5662972.297663065],[520705.01713351544,5663002.343186585],[520705.01713351544,5662972.297663065]]",4451ae8f03c66c4fb47da1ae587a991fc4d2cb32dc6ac9f3e381d1d2c991162a,6e7cb7ad611d067d974b15268d6534b9f3e8cab64ff6de3fe91ba7420a949e6c,"{""0"":1716714320,""1"":422248712,""2"":3955083849,""3"":1468423981}","{""0"":1716714320,""1"":422248712,""2"":3955083849,""3"":1468423981,""4"":3329984624}","[0,1,2,3]",not_applicable,not_applicable,not_applicable,not_applicable,evidence,10000.0,0.8,none,none,none,2798862237,none,stationary,matched_prior_exact,1,0,195114f1cc7e2281aceadba7f32b42335b9f813accc1177d689a729aef6cfcb4,flat,temperate,1,0.9938196030327465,160000.0,1.0,0.0,4,[4],"[0,1,2,3]","[[520696.4868621241,5662947.577361604],[520578.32640263636,5662967.147165437],[520708.48603658227,5662991.097060128],[520690.22232444835,5662961.878196735]]",5.000000000465438,0.6266174736393463,none,0.0032455485733070555,verbatim from frozen C4 row (C4 recorded none for victim/sensor/distribution; failure_seed real),revision_C_base@7c27a44,7c27a44,45e2af3666873b8389a0bd7936fd9b6029d41fa8169fa964adb24a85ca76dec6,c6-random_20260831_182014_803486_5cf558a2,5cf558a20d4e6c9ac5845bd72e390abc3dcd6217c904aa099c208da79cfb245f,revision_B_base,revision_B_base,0.8,5,200000.0,xlarge,45.0,80.0,5.0,0.5,1.0,"{""p_d"":0.8,""stage"":""c6-random"",""tau"":10000.0,""w"":0.5}",b7a677794b82ff1680841467faa35377b7d82f925e1dd78d94f0523c73551860
1,44,random_uniform_n8_uncoordinated,498084916,"policy_seed = SeedSequence([planning_seed, dataset_id, hash('c6-random-policy')]); per-UAV stream = SeedSequence([policy_seed, uav_id]) -> default_rng(derived_seed); one stream per persistent UAV identity; streams are never shared or consumed sequentially across UAVs",0.008446099227102571,7959.474883664359,0.008458440663772644,262,91545,0.9971380195532252,349.4083969465649,2508,8000,120000.0,425.5897029582411,0.0,8000,200,0.024625,0,0,0,0,budget_exhausted,8000,8001,8000,8001,120000.0,"[[520705.01713351544,5662942.252139544],[520705.01713351544,5663002.343186585],[520705.01713351544,5662972.297663065]]",9fe857adedb076d43f3bfab0da54b8e83de95cd30f11723a748a77202273ae83,08bcfeaf9180984cafb4092793cc228f77c2a5a244ad0551c5e2f9103a8e3b44,"{""0"":1716714320,""2"":3955083849,""3"":1468423981}","{""0"":1716714320,""1"":422248712,""2"":3955083849,""3"":1468423981,""4"":3329984624}","[0,2,3]",not_applicable,not_applicable,not_applicable,not_applicable,evidence,10000.0,0.8,none,none,none,2798862237,none,stationary,matched_prior_exact,1,0,195114f1cc7e2281aceadba7f32b42335b9f813accc1177d689a729aef6cfcb4,flat,temperate,2,0.9948100092068941,120000.0,1.0,0.0,3,"[4,1]","[0,2,3]","[[520696.4868621241,5662947.577361604],[520708.48603658227,5662991.097060128],[520690.22232444835,5662961.878196735]]",5.000000000465438,0.5024204732448011,none,0.00423595474745464,verbatim from frozen C4 row (C4 recorded none for victim/sensor/distribution; failure_seed real),revision_C_base@7c27a44,7c27a44,45e2af3666873b8389a0bd7936fd9b6029d41fa8169fa964adb24a85ca76dec6,c6-random_20260831_182014_803486_5cf558a2,5cf558a20d4e6c9ac5845bd72e390abc3dcd6217c904aa099c208da79cfb245f,revision_B_base,revision_B_base,0.8,5,200000.0,xlarge,45.0,80.0,5.0,0.5,1.0,"{""p_d"":0.8,""stage"":""c6-random"",""tau"":10000.0,""w"":0.5}",b7a677794b82ff1680841467faa35377b7d82f925e1dd78d94f0523c73551860
1,44,random_uniform_n8_uncoordinated,498084916,"policy_seed = SeedSequence([planning_seed, dataset_id, hash('c6-random-policy')]); per-UAV stream = SeedSequence([policy_seed, uav_id]) -> default_rng(derived_seed); one stream per persistent UAV identity; streams are never shared or consumed sequentially across UAVs",0.006422941479354619,7973.399523298753,0.006464918403770906,164,61026,0.9973126208501295,372.109756097561,2055,8000,80000.0,312.82939704461023,0.0,8000,92,0.0115,0,0,0,0,budget_exhausted,8000,8001,8000,8001,80000.0,"[[520705.01713351544,5662942.252139544],[520705.01713351544,5663002.343186585]]",f1f6161a010414ab110edec944579b7392997e92f387bdaf414be7fe0f287b9c,b1be0376f333d95d9fd2a8bb6d6e53404b9f36fcc9cb3f86956dc09919a22e6b,"{""0"":1716714320,""2"":3955083849}","{""0"":1716714320,""1"":422248712,""2"":3955083849,""3"":1468423981,""4"":3329984624}","[0,2]",not_applicable,not_applicable,not_applicable,not_applicable,evidence,10000.0,0.8,none,none,none,2798862237,none,stationary,matched_prior_exact,1,0,195114f1cc7e2281aceadba7f32b42335b9f813accc1177d689a729aef6cfcb4,flat,temperate,3,0.9965503716158921,80000.0,1.0,0.0,2,"[4,1,3]","[0,2]","[[520696.4868621241,5662947.577361604],[520708.48603658227,5662991.097060128]]",5.000000000465438,0.3820719140175241,none,0.005976317156452637,verbatim from frozen C4 row (C4 recorded none for victim/sensor/distribution; failure_seed real),revision_C_base@7c27a44,7c27a44,45e2af3666873b8389a0bd7936fd9b6029d41fa8169fa964adb24a85ca76dec6,c6-random_20260831_182014_803486_5cf558a2,5cf558a20d4e6c9ac5845bd72e390abc3dcd6217c904aa099c208da79cfb245f,revision_B_base,revision_B_base,0.8,5,200000.0,xlarge,45.0,80.0,5.0,0.5,1.0,"{""p_d"":0.8,""stage"":""c6-random"",""tau"":10000.0,""w"":0.5}",b7a677794b82ff1680841467faa35377b7d82f925e1dd78d94f0523c73551860
1,42,random_uniform_n8_uncoordinated,697467652,"policy_seed = SeedSequence([planning_seed, dataset_id, hash('c6-random-policy')]); per-UAV stream = SeedSequence([policy_seed, uav_id]) -> default_rng(derived_seed); one stream per persistent UAV identity; streams are never shared or consumed sequentially across UAVs",0.013874890073689972,7924.621614243228,0.01390488590935585,342,152162,0.9977523954732456,444.91812865497076,1929,8000,200000.0,645.6292713000439,0.0,8000,279,0.034375,0,0,0,0,budget_exhausted,8000,8001,8000,8001,200000.0,"[[520675.01713351544,5662852.115568982],[520705.01713351544,5662852.115568982],[520735.01713351544,5662972.297663065],[520675.01713351544,5662822.070045462],[520705.01713351544,5662972.297663065]]",30c155ffbc9a6fbd3effb7d8ee5b520261c472508e4a88bedcd430719d2c0104,382fcb0e76876c8d2881fe09aa0c9dbc096baa1b3017d366a8f580cd81b83300,"{""0"":3296938675,""1"":806941781,""2"":3897477785,""3"":1794246394,""4"":3794413664}","{""0"":3296938675,""1"":806941781,""2"":3897477785,""3"":1794246394,""4"":3794413664}","[0,1,2,3,4]",not_applicable,not_applicable,not_applicable,not_applicable,evidence,10000.0,0.8,none,none,none,2135276945,none,stationary,matched_prior_exact,1,0,195114f1cc7e2281aceadba7f32b42335b9f813accc1177d689a729aef6cfcb4,flat,temperate,0,0.990453895043523,200000.0,1.0,0.0,5,[],"[0,1,2,3,4]","[[520669.9511760232,5662846.707767202],[520712.6785931303,5662847.395729886],[520741.99673526455,5662967.3026087405],[520666.2176493371,5662823.763432814],[520706.5342354978,5662960.580354788]]",5.000000000464245,1.0,none,0.0,verbatim from frozen C4 row (C4 recorded none for victim/sensor/distribution; failure_seed real),revision_C_base@7c27a44,7c27a44,45e2af3666873b8389a0bd7936fd9b6029d41fa8169fa964adb24a85ca76dec6,c6-random_20260831_182014_803486_5cf558a2,5cf558a20d4e6c9ac5845bd72e390abc3dcd6217c904aa099c208da79cfb245f,revision_B_base,revision_B_base,0.8,5,200000.0,xlarge,45.0,80.0,5.0,0.5,1.0,"{""p_d"":0.8,""stage"":""c6-random"",""tau"":10000.0,""w"":0.5}",b7a677794b82ff1680841467faa35377b7d82f925e1dd78d94f0523c73551860
1,42,random_uniform_n8_uncoordinated,697467652,"policy_seed = SeedSequence([planning_seed, dataset_id, hash('c6-random-policy')]); per-UAV stream = SeedSequence([policy_seed, uav_id]) -> default_rng(derived_seed); one stream per persistent UAV identity; streams are never shared or consumed sequentially across UAVs",0.013772492008537009,7927.093409266983,0.01380040649574745,340,121712,0.9972065203102406,357.9764705882353,1928,8000,160000.0,543.5594786182046,0.0,8000,61,0.0075,0,0,0,0,budget_exhausted,8000,8001,8000,8001,160000.0,"[[520675.01713351544,5662852.115568982],[520735.01713351544,5662972.297663065],[520675.01713351544,5662822.070045462],[520705.01713351544,5662972.297663065]]",4729e895afd8d3e655477039196aa316ac97fc91ab0331671bf934245615d5e3,31d2b2b84fdbdc212ba02e18247ef5bafca7135a63fc710d9ea054ba3c2157b7,"{""0"":3296938675,""2"":3897477785,""3"":1794246394,""4"":3794413664}","{""0"":3296938675,""1"":806941781,""2"":3897477785,""3"":1794246394,""4"":3794413664}","[0,2,3,4]",not_applicable,not_applicable,not_applicable,not_applicable,evidence,10000.0,0.8,none,none,none,2135276945,none,stationary,matched_prior_exact,1,0,195114f1cc7e2281aceadba7f32b42335b9f813accc1177d689a729aef6cfcb4,flat,temperate,1,0.9907628308045223,160000.0,1.0,0.0,4,[1],"[0,2,3,4]","[[520669.9511760232,5662846.707767202],[520741.99673526455,5662967.3026087405],[520666.2176493371,5662823.763432814],[520706.5342354978,5662960.580354788]]",5.000000000462916,0.992619900798556,none,0.0003089357609993293,verbatim from frozen C4 row (C4 recorded none for victim/sensor/distribution; failure_seed real),revision_C_base@7c27a44,7c27a44,45e2af3666873b8389a0bd7936fd9b6029d41fa8169fa964adb24a85ca76dec6,c6-random_20260831_182014_803486_5cf558a2,5cf558a20d4e6c9ac5845bd72e390abc3dcd6217c904aa099c208da79cfb245f,revision_B_base,revision_B_base,0.8,5,200000.0,xlarge,45.0,80.0,5.0,0.5,1.0,"{""p_d"":0.8,""stage"":""c6-random"",""tau"":10000.0,""w"":0.5}",b7a677794b82ff1680841467faa35377b7d82f925e1dd78d94f0523c73551860
1,42,random_uniform_n8_uncoordinated,697467652,"policy_seed = SeedSequence([planning_seed, dataset_id, hash('c6-random-policy')]); per-UAV stream = SeedSequence([policy_seed, uav_id]) -> default_rng(derived_seed); one stream per persistent UAV identity; streams are never shared or consumed sequentially across UAVs",0.011904166377326608,7945.374848777903,0.011944546031940975,302,91275,0.9966913174472747,302.23509933774835,1449,8000,120000.0,425.46805788204074,0.0,8000,30,0.00375,0,0,0,0,budget_exhausted,8000,8001,8000,8001,120000.0,"[[520675.01713351544,5662852.115568982],[520735.01713351544,5662972.297663065],[520675.01713351544,5662822.070045462]]",8845a21646fb26d134fabcbdad0ac049aa0e0b2fbe97d94a05662ab92f5a2123,d5c1e42ac49d90e903b9f8784b452fd6442f119a4d0dd36f2f0791d118c16742,"{""0"":3296938675,""2"":3897477785,""3"":1794246394}","{""0"":3296938675,""1"":806941781,""2"":3897477785,""3"":1794246394,""4"":3794413664}","[0,2,3]",not_applicable,not_applicable,not_applicable,not_applicable,evidence,10000.0,0.8,none,none,none,2135276945,none,stationary,matched_prior_exact,1,0,195114f1cc7e2281aceadba7f32b42335b9f813accc1177d689a729aef6cfcb4,flat,temperate,2,0.9930477251315964,120000.0,1.0,0.0,3,"[1,4]","[0,2,3]","[[520669.9511760232,5662846.707767202],[520741.99673526455,5662967.3026087405],[520666.2176493371,5662823.763432814]]",5.000000000462916,0.8579647344305584,none,0.0025938300880734566,verbatim from frozen C4 row (C4 recorded none for victim/sensor/distribution; failure_seed real),revision_C_base@7c27a44,7c27a44,45e2af3666873b8389a0bd7936fd9b6029d41fa8169fa964adb24a85ca76dec6,c6-random_20260831_182014_803486_5cf558a2,5cf558a20d4e6c9ac5845bd72e390abc3dcd6217c904aa099c208da79cfb245f,revision_B_base,revision_B_base,0.8,5,200000.0,xlarge,45.0,80.0,5.0,0.5,1.0,"{""p_d"":0.8,""stage"":""c6-random"",""tau"":10000.0,""w"":0.5}",b7a677794b82ff1680841467faa35377b7d82f925e1dd78d94f0523c73551860
1,42,random_uniform_n8_uncoordinated,697467652,"policy_seed = SeedSequence([planning_seed, dataset_id, hash('c6-random-policy')]); per-UAV stream = SeedSequence([policy_seed, uav_id]) -> default_rng(derived_seed); one stream per persistent UAV identity; streams are never shared or consumed sequentially across UAVs",0.008684086436642327,7960.770218224303,0.008700495448167629,229,60876,0.9962382548130626,265.8340611353712,1449,8000,80000.0,315.7811494991183,0.0,8000,30,0.00375,0,0,0,0,budget_exhausted,8000,8001,8000,8001,80000.0,"[[520675.01713351544,5662852.115568982],[520675.01713351544,5662822.070045462]]",761812013f00c322eba2fd9b940d1e8ef23ddd29a4f2acdb7e450ef449e63d28,0f61d5c9579531babd8b12398edabdf534c1a3bf6100c0626059d150cd088b74,"{""0"":3296938675,""3"":1794246394}","{""0"":3296938675,""1"":806941781,""2"":3897477785,""3"":1794246394,""4"":3794413664}","[0,3]",not_applicable,not_applicable,not_applicable,not_applicable,evidence,10000.0,0.8,none,none,none,2135276945,none,stationary,matched_prior_exact,1,0,195114f1cc7e2281aceadba7f32b42335b9f813accc1177d689a729aef6cfcb4,flat,temperate,3,0.9949719057898141,80000.0,1.0,0.0,2,"[1,4,2]","[0,3]","[[520669.9511760232,5662846.707767202],[520666.2176493371,5662823.763432814]]",5.000000000462539,0.6258850621893849,none,0.004518010746291101,verbatim from frozen C4 row (C4 recorded none for victim/sensor/distribution; failure_seed real),revision_C_base@7c27a44,7c27a44,45e2af3666873b8389a0bd7936fd9b6029d41fa8169fa964adb24a85ca76dec6,c6-random_20260831_182014_803486_5cf558a2,5cf558a20d4e6c9ac5845bd72e390abc3dcd6217c904aa099c208da79cfb245f,revision_B_base,revision_B_base,0.8,5,200000.0,xlarge,45.0,80.0,5.0,0.5,1.0,"{""p_d"":0.8,""stage"":""c6-random"",""tau"":10000.0,""w"":0.5}",b7a677794b82ff1680841467faa35377b7d82f925e1dd78d94f0523c73551860
1,45,random_uniform_n8_uncoordinated,2675218570,"policy_seed = SeedSequence([planning_seed, dataset_id, hash('c6-random-policy')]); per-UAV stream = SeedSequence([policy_seed, uav_id]) -> default_rng(derived_seed); one stream per persistent UAV identity; streams are never shared or consumed sequentially across UAVs",0.023329945693960814,7897.2903596392225,0.02335869534952052,582,152285,0.9961782184719441,261.65807560137455,1564,8000,200000.0,643.813577581197,0.0,8000,223,0.027375,0,0,0,0,budget_exhausted,8000,8001,8000,8001,200000.0,"[[520585.01713351544,5662882.161092503],[520675.01713351544,5662822.070045462],[520585.01713351544,5662912.206616024],[520675.01713351544,5662852.115568982],[520585.01713351544,5662942.252139544]]",1b4c81a4155d247c0780659c994bcaad89ba7496050ee134f1a379251ebddddb,464f1ce18f8513292c4c47d30664c9c666905f354b72671c428df2f5b2548408,"{""0"":896545324,""1"":4090603598,""2"":998710996,""3"":1426275488,""4"":550551251}","{""0"":896545324,""1"":4090603598,""2"":998710996,""3"":1426275488,""4"":550551251}","[0,1,2,3,4]",not_applicable,not_applicable,not_applicable,not_applicable,evidence,10000.0,0.8,none,none,none,1638234634,none,stationary,matched_prior_exact,1,0,195114f1cc7e2281aceadba7f32b42335b9f813accc1177d689a729aef6cfcb4,flat,temperate,0,0.9870379152155009,200000.0,1.0,0.0,5,[],"[0,1,2,3,4]","[[520594.86011050467,5662879.965744384],[520667.7347539138,5662822.443784041],[520571.91917911393,5662906.536769972],[520682.0505419891,5662838.300736998],[520591.23509777116,5662956.723982938]]",5.000000000464554,1.0,none,0.0,verbatim from frozen C4 row (C4 recorded none for victim/sensor/distribution; failure_seed real),revision_C_base@7c27a44,7c27a44,45e2af3666873b8389a0bd7936fd9b6029d41fa8169fa964adb24a85ca76dec6,c6-random_20260831_182014_803486_5cf558a2,5cf558a20d4e6c9ac5845bd72e390abc3dcd6217c904aa099c208da79cfb245f,revision_B_base,revision_B_base,0.8,5,200000.0,xlarge,45.0,80.0,5.0,0.5,1.0,"{""p_d"":0.8,""stage"":""c6-random"",""tau"":10000.0,""w"":0.5}",b7a677794b82ff1680841467faa35377b7d82f925e1dd78d94f0523c73551860
1,45,random_uniform_n8_uncoordinated,2675218570,"policy_seed = SeedSequence([planning_seed, dataset_id, hash('c6-random-policy')]); per-UAV stream = SeedSequence([policy_seed, uav_id]) -> default_rng(derived_seed); one stream per persistent UAV identity; streams are never shared or consumed sequentially across UAVs",0.02254738106345723,7905.749415046286,0.022576523750228634,566,121790,0.9953526562115116,215.17667844522967,1341,8000,160000.0,545.8047453663312,0.0,8000,105,0.013125,0,0,0,0,budget_exhausted,8000,8001,8000,8001,160000.0,"[[520675.01713351544,5662822.070045462],[520585.01713351544,5662912.206616024],[520675.01713351544,5662852.115568982],[520585.01713351544,5662942.252139544]]",ba68278294976cca4f68aaba6db97bf7bc0017954c0e37db028996bad2d510f1,dd8178536d710a94c3b8091e37f8e0d2123194045c9c09a6c70e4644d87c1683,"{""1"":4090603598,""2"":998710996,""3"":1426275488,""4"":550551251}","{""0"":896545324,""1"":4090603598,""2"":998710996,""3"":1426275488,""4"":550551251}","[1,2,3,4]",not_applicable,not_applicable,not_applicable,not_applicable,evidence,10000.0,0.8,none,none,none,1638234634,none,stationary,matched_prior_exact,1,0,195114f1cc7e2281aceadba7f32b42335b9f813accc1177d689a729aef6cfcb4,flat,temperate,1,0.9880951649851626,160000.0,1.0,0.0,4,[0],"[1,2,3,4]","[[520667.7347539138,5662822.443784041],[520571.91917911393,5662906.536769972],[520682.0505419891,5662838.300736998],[520591.23509777116,5662956.723982938]]",5.000000000464554,0.9664566458589675,none,0.0010572497696617056,verbatim from frozen C4 row (C4 recorded none for victim/sensor/distribution; failure_seed real),revision_C_base@7c27a44,7c27a44,45e2af3666873b8389a0bd7936fd9b6029d41fa8169fa964adb24a85ca76dec6,c6-random_20260831_182014_803486_5cf558a2,5cf558a20d4e6c9ac5845bd72e390abc3dcd6217c904aa099c208da79cfb245f,revision_B_base,revision_B_base,0.8,5,200000.0,xlarge,45.0,80.0,5.0,0.5,1.0,"{""p_d"":0.8,""stage"":""c6-random"",""tau"":10000.0,""w"":0.5}",b7a677794b82ff1680841467faa35377b7d82f925e1dd78d94f0523c73551860
1,45,random_uniform_n8_uncoordinated,2675218570,"policy_seed = SeedSequence([planning_seed, dataset_id, hash('c6-random-policy')]); per-UAV stream = SeedSequence([policy_seed, uav_id]) -> default_rng(derived_seed); one stream per persistent UAV identity; streams are never shared or consumed sequentially across UAVs",0.016473492470790253,7933.730831121662,0.016504618715534103,412,91317,0.9954882442480589,221.64320388349515,1341,8000,120000.0,423.9537998633459,0.0,8000,84,0.0105,0,0,0,0,budget_exhausted,8000,8001,8000,8001,120000.0,"[[520585.01713351544,5662912.206616024],[520675.01713351544,5662852.115568982],[520585.01713351544,5662942.252139544]]",811150c7f6d10485906e3043bce386b4b9aebf50fb9feffee1d5c25afd75c9ac,a9a49ecdef9f6baec6f8f734e69bae8e84f611a4ae1b8ff7dd0cb1d647d9588d,"{""2"":998710996,""3"":1426275488,""4"":550551251}","{""0"":896545324,""1"":4090603598,""2"":998710996,""3"":1426275488,""4"":550551251}","[2,3,4]",not_applicable,not_applicable,not_applicable,not_applicable,evidence,10000.0,0.8,none,none,none,1638234634,none,stationary,matched_prior_exact,1,0,195114f1cc7e2281aceadba7f32b42335b9f813accc1177d689a729aef6cfcb4,flat,temperate,2,0.9915924048396028,120000.0,1.0,0.0,3,"[0,1]","[2,3,4]","[[520571.91917911393,5662906.536769972],[520682.0505419891,5662838.300736998],[520591.23509777116,5662956.723982938]]",5.000000000464554,0.7061093363391145,none,0.004554489624101876,verbatim from frozen C4 row (C4 recorded none for victim/sensor/distribution; failure_seed real),revision_C_base@7c27a44,7c27a44,45e2af3666873b8389a0bd7936fd9b6029d41fa8169fa964adb24a85ca76dec6,c6-random_20260831_182014_803486_5cf558a2,5cf558a20d4e6c9ac5845bd72e390abc3dcd6217c904aa099c208da79cfb245f,revision_B_base,revision_B_base,0.8,5,200000.0,xlarge,45.0,80.0,5.0,0.5,1.0,"{""p_d"":0.8,""stage"":""c6-random"",""tau"":10000.0,""w"":0.5}",b7a677794b82ff1680841467faa35377b7d82f925e1dd78d94f0523c73551860
1,45,random_uniform_n8_uncoordinated,2675218570,"policy_seed = SeedSequence([planning_seed, dataset_id, hash('c6-random-policy')]); per-UAV stream = SeedSequence([policy_seed, uav_id]) -> default_rng(derived_seed); one stream per persistent UAV identity; streams are never shared or consumed sequentially across UAVs",0.01165261804214319,7957.998653882045,0.011725213950582371,312,60836,0.9948714576895259,194.98717948717947,1341,8000,80000.0,316.71890768874437,0.0,8000,27,0.003375,0,0,0,0,budget_exhausted,8000,8001,8000,8001,80000.0,"[[520585.01713351544,5662912.206616024],[520585.01713351544,5662942.252139544]]",1a2769378fa6ab9d0f3525bbc897180981b85f4772f3e7b7ea14e61612b8be1f,4d0c1e2b1369245fbe2c2f33491d308671ba4a6141e26d8ad8d18a5af7c64aa1,"{""2"":998710996,""4"":550551251}","{""0"":896545324,""1"":4090603598,""2"":998710996,""3"":1426275488,""4"":550551251}","[2,4]",not_applicable,not_applicable,not_applicable,not_applicable,evidence,10000.0,0.8,none,none,none,1638234634,none,stationary,matched_prior_exact,1,0,195114f1cc7e2281aceadba7f32b42335b9f813accc1177d689a729aef6cfcb4,flat,temperate,3,0.9946255035473122,80000.0,1.0,0.0,2,"[0,1,3]","[2,4]","[[520571.91917911393,5662906.536769972],[520591.23509777116,5662956.723982938]]",5.000000000463663,0.49947043147895476,none,0.007587588331811279,verbatim from frozen C4 row (C4 recorded none for victim/sensor/distribution; failure_seed real),revision_C_base@7c27a44,7c27a44,45e2af3666873b8389a0bd7936fd9b6029d41fa8169fa964adb24a85ca76dec6,c6-random_20260831_182014_803486_5cf558a2,5cf558a20d4e6c9ac5845bd72e390abc3dcd6217c904aa099c208da79cfb245f,revision_B_base,revision_B_base,0.8,5,200000.0,xlarge,45.0,80.0,5.0,0.5,1.0,"{""p_d"":0.8,""stage"":""c6-random"",""tau"":10000.0,""w"":0.5}",b7a677794b82ff1680841467faa35377b7d82f925e1dd78d94f0523c73551860
5,42,random_uniform_n8_uncoordinated,1495355770,"policy_seed = SeedSequence([planning_seed, dataset_id, hash('c6-random-policy')]); per-UAV stream = SeedSequence([policy_seed, uav_id]) -> default_rng(derived_seed); one stream per persistent UAV identity; streams are never shared or consumed sequentially across UAVs",0.017771926958459923,7919.959508710185,0.017801307179267464,548,152036,0.9963955905180352,277.4379562043796,1577,8000,200000.0,635.884124847129,0.0,8000,148,0.018375,0,0,0,0,budget_exhausted,8000,8001,8000,8001,200000.0,"[[488944.06180331705,5514303.110834124],[489004.152850358,5514303.110834124],[489034.1983738785,5514423.110834124],[488944.06180331705,5514303.110834124],[489004.152850358,5514423.110834124]]",641b62252d091ddc0527b4329f6d01215628a08d4a585e52c94b97bf947caef3,6b1a868696fe8f7f16359469495d1bf5933cb91179a382b8ab761af32ce88f3e,"{""0"":977993409,""1"":3668592917,""2"":2302713995,""3"":4259868323,""4"":458054105}","{""0"":977993409,""1"":3668592917,""2"":2302713995,""3"":4259868323,""4"":458054105}","[0,1,2,3,4]",not_applicable,not_applicable,not_applicable,not_applicable,evidence,10000.0,0.8,none,none,none,2003303993,none,stationary,matched_prior_exact,1,0,474685938998c00b5508839f91d28bb223c2e8154b33f9fb036b594e0be42afd,flat,temperate,0,0.9898712046881871,200000.0,1.0,0.0,5,[],"[0,1,2,3,4]","[[488953.99584582483,5514312.611985302],[488996.7232629319,5514313.299947986],[489026.04140506615,5514433.2068268405],[488950.2623191387,5514289.667650914],[488990.5789052994,5514426.484572888]]",5.0000000004656115,1.0,none,0.0,verbatim from frozen C4 row (C4 recorded none for victim/sensor/distribution; failure_seed real),revision_C_base@7c27a44,7c27a44,45e2af3666873b8389a0bd7936fd9b6029d41fa8169fa964adb24a85ca76dec6,c6-random_20260831_182014_803486_5cf558a2,5cf558a20d4e6c9ac5845bd72e390abc3dcd6217c904aa099c208da79cfb245f,revision_B_base,revision_B_base,0.8,5,200000.0,xlarge,45.0,80.0,5.0,0.5,1.0,"{""p_d"":0.8,""stage"":""c6-random"",""tau"":10000.0,""w"":0.5}",b7a677794b82ff1680841467faa35377b7d82f925e1dd78d94f0523c73551860
5,42,random_uniform_n8_uncoordinated,1495355770,"policy_seed = SeedSequence([planning_seed, dataset_id, hash('c6-random-policy')]); per-UAV stream = SeedSequence([policy_seed, uav_id]) -> default_rng(derived_seed); one stream per persistent UAV identity; streams are never shared or consumed sequentially across UAVs",0.01632600827017903,7933.7259471621755,0.01634627783273273,509,121629,0.9958151427702275,238.9567779960707,1577,8000,160000.0,520.7894781609066,0.0,8000,94,0.01175,0,0,0,0,budget_exhausted,8000,8001,8000,8001,160000.0,"[[488944.06180331705,5514303.110834124],[489004.152850358,5514303.110834124],[489034.1983738785,5514423.110834124],[489004.152850358,5514423.110834124]]",ace5d591a3b33e5f175d29bc454335c3af35c5e03ca1d4dcccd0581102d3f1db,16dad0925aa545573d2d4721ac0fff09a9e46d0baf3c5a694fc18bf8c169f37a,"{""0"":977993409,""1"":3668592917,""2"":2302713995,""4"":458054105}","{""0"":977993409,""1"":3668592917,""2"":2302713995,""3"":4259868323,""4"":458054105}","[0,1,2,4]",not_applicable,not_applicable,not_applicable,not_applicable,evidence,10000.0,0.8,none,none,none,2003303993,none,stationary,matched_prior_exact,1,0,474685938998c00b5508839f91d28bb223c2e8154b33f9fb036b594e0be42afd,flat,temperate,1,0.9915917944209693,160000.0,1.0,0.0,4,[3],"[0,1,2,4]","[[488953.99584582483,5514312.611985302],[488996.7232629319,5514313.299947986],[489026.04140506615,5514433.2068268405],[488990.5789052994,5514426.484572888]]",5.0000000004656115,0.9186402976075368,none,0.0017205897327822184,verbatim from frozen C4 row (C4 recorded none for victim/sensor/distribution; failure_seed real),revision_C_base@7c27a44,7c27a44,45e2af3666873b8389a0bd7936fd9b6029d41fa8169fa964adb24a85ca76dec6,c6-random_20260831_182014_803486_5cf558a2,5cf558a20d4e6c9ac5845bd72e390abc3dcd6217c904aa099c208da79cfb245f,revision_B_base,revision_B_base,0.8,5,200000.0,xlarge,45.0,80.0,5.0,0.5,1.0,"{""p_d"":0.8,""stage"":""c6-random"",""tau"":10000.0,""w"":0.5}",b7a677794b82ff1680841467faa35377b7d82f925e1dd78d94f0523c73551860
5,42,random_uniform_n8_uncoordinated,1495355770,"policy_seed = SeedSequence([planning_seed, dataset_id, hash('c6-random-policy')]); per-UAV stream = SeedSequence([policy_seed, uav_id]) -> default_rng(derived_seed); one stream per persistent UAV identity; streams are never shared or consumed sequentially across UAVs",0.011571883437853286,7957.274640715831,0.011578725388237631,365,91241,0.9959996054405366,249.9753424657534,1577,8000,120000.0,421.9263635929674,0.0,8000,89,0.011125,0,0,0,0,budget_exhausted,8000,8001,8000,8001,120000.0,"[[488944.06180331705,5514303.110834124],[489004.152850358,5514303.110834124],[489034.1983738785,5514423.110834124]]",b7aa57eb9048b8a64625b5d088fda36bb1854e8f863874bbe3f1ab928d1658a8,60f533e12d07a122257ef482a1dda9d407ef6818a89c9a10438f7d56fe9c574d,"{""0"":977993409,""1"":3668592917,""2"":2302713995}","{""0"":977993409,""1"":3668592917,""2"":2302713995,""3"":4259868323,""4"":458054105}","[0,1,2]",not_applicable,not_applicable,not_applicable,not_applicable,evidence,10000.0,0.8,none,none,none,2003303993,none,stationary,matched_prior_exact,1,0,474685938998c00b5508839f91d28bb223c2e8154b33f9fb036b594e0be42afd,flat,temperate,2,0.9945350132128273,120000.0,1.0,0.0,3,"[3,4]","[0,1,2]","[[488953.99584582483,5514312.611985302],[488996.7232629319,5514313.299947986],[489026.04140506615,5514433.2068268405]]",5.0000000004656115,0.6511327367539486,none,0.004663808524640212,verbatim from frozen C4 row (C4 recorded none for victim/sensor/distribution; failure_seed real),revision_C_base@7c27a44,7c27a44,45e2af3666873b8389a0bd7936fd9b6029d41fa8169fa964adb24a85ca76dec6,c6-random_20260831_182014_803486_5cf558a2,5cf558a20d4e6c9ac5845bd72e390abc3dcd6217c904aa099c208da79cfb245f,revision_B_base,revision_B_base,0.8,5,200000.0,xlarge,45.0,80.0,5.0,0.5,1.0,"{""p_d"":0.8,""stage"":""c6-random"",""tau"":10000.0,""w"":0.5}",b7a677794b82ff1680841467faa35377b7d82f925e1dd78d94f0523c73551860
5,42,random_uniform_n8_uncoordinated,1495355770,"policy_seed = SeedSequence([planning_seed, dataset_id, hash('c6-random-policy')]); per-UAV stream = SeedSequence([policy_seed, uav_id]) -> default_rng(derived_seed); one stream per persistent UAV identity; streams are never shared or consumed sequentially across UAVs",0.010550492613288852,7964.086143686668,0.010562077772584381,328,60750,0.9946008230452675,185.21341463414635,1333,8000,80000.0,304.85788935795426,0.0,8000,52,0.0065,0,0,0,0,budget_exhausted,8000,8001,8000,8001,80000.0,"[[488944.06180331705,5514303.110834124],[489004.152850358,5514303.110834124]]",02817105f509939182573ece6c41714c4571fca5b17db221ee39c395cb3fc197,2561f3c24b22dab8cd466d4a67af2069967ce2356dffd1f92a0a9308fbe7e59c,"{""0"":977993409,""1"":3668592917}","{""0"":977993409,""1"":3668592917,""2"":2302713995,""3"":4259868323,""4"":458054105}","[0,1]",not_applicable,not_applicable,not_applicable,not_applicable,evidence,10000.0,0.8,none,none,none,2003303993,none,stationary,matched_prior_exact,1,0,474685938998c00b5508839f91d28bb223c2e8154b33f9fb036b594e0be42afd,flat,temperate,3,0.99538634466775,80000.0,1.0,0.0,2,"[3,4,2]","[0,1]","[[488953.99584582483,5514312.611985302],[488996.7232629319,5514313.299947986]]",5.0000000004656115,0.5936605882946491,none,0.0055151399795628775,verbatim from frozen C4 row (C4 recorded none for victim/sensor/distribution; failure_seed real),revision_C_base@7c27a44,7c27a44,45e2af3666873b8389a0bd7936fd9b6029d41fa8169fa964adb24a85ca76dec6,c6-random_20260831_182014_803486_5cf558a2,5cf558a20d4e6c9ac5845bd72e390abc3dcd6217c904aa099c208da79cfb245f,revision_B_base,revision_B_base,0.8,5,200000.0,xlarge,45.0,80.0,5.0,0.5,1.0,"{""p_d"":0.8,""stage"":""c6-random"",""tau"":10000.0,""w"":0.5}",b7a677794b82ff1680841467faa35377b7d82f925e1dd78d94f0523c73551860
5,49,random_uniform_n8_uncoordinated,2287669104,"policy_seed = SeedSequence([planning_seed, dataset_id, hash('c6-random-policy')]); per-UAV stream = SeedSequence([policy_seed, uav_id]) -> default_rng(derived_seed); one stream per persistent UAV identity; streams are never shared or consumed sequentially across UAVs",0.018302270755453837,7920.918484965941,0.018374272335088905,564,152144,0.9962929855925965,269.7588652482269,1419,8000,200000.0,591.8699768530205,0.0,8000,133,0.01625,0,0,0,0,budget_exhausted,8000,8001,8000,8001,200000.0,"[[488883.97075627604,5514423.110834124],[488883.97075627604,5514423.110834124],[488944.06180331705,5514363.110834124],[488974.1073268375,5514273.110834124],[488914.01627979655,5514363.110834124]]",cf958bd9521c895ee01de032e1f38c70d1630d6b1740110f850603932b1940f5,ad7f9e3e757aecf7288476ce190357bfe85a3198af2d396b27678c9d192a4075,"{""0"":3467945376,""1"":2014447727,""2"":2382879000,""3"":3513251313,""4"":4031319062}","{""0"":3467945376,""1"":2014447727,""2"":2382879000,""3"":3513251313,""4"":4031319062}","[0,1,2,3,4]",not_applicable,not_applicable,not_applicable,not_applicable,evidence,10000.0,0.8,none,none,none,1522885522,none,stationary,matched_prior_exact,1,0,474685938998c00b5508839f91d28bb223c2e8154b33f9fb036b594e0be42afd,flat,temperate,0,0.9899910617380254,200000.0,1.0,0.0,5,[],"[0,1,2,3,4]","[[488893.91071178805,5514436.566292552],[488882.5985381596,5514427.701759634],[488937.55968124256,5514368.437105509],[488960.4985387781,5514279.6863525],[488910.7025082812,5514376.1618681075]]",5.000000000464668,1.0,none,0.0,verbatim from frozen C4 row (C4 recorded none for victim/sensor/distribution; failure_seed real),revision_C_base@7c27a44,7c27a44,45e2af3666873b8389a0bd7936fd9b6029d41fa8169fa964adb24a85ca76dec6,c6-random_20260831_182014_803486_5cf558a2,5cf558a20d4e6c9ac5845bd72e390abc3dcd6217c904aa099c208da79cfb245f,revision_B_base,revision_B_base,0.8,5,200000.0,xlarge,45.0,80.0,5.0,0.5,1.0,"{""p_d"":0.8,""stage"":""c6-random"",""tau"":10000.0,""w"":0.5}",b7a677794b82ff1680841467faa35377b7d82f925e1dd78d94f0523c73551860
5,49,random_uniform_n8_uncoordinated,2287669104,"policy_seed = SeedSequence([planning_seed, dataset_id, hash('c6-random-policy')]); per-UAV stream = SeedSequence([policy_seed, uav_id]) -> default_rng(derived_seed); one stream per persistent UAV identity; streams are never shared or consumed sequentially across UAVs",0.01453829745718579,7942.474336092176,0.014583765762141342,462,121672,0.9962029061739759,263.35930735930737,1186,8000,160000.0,523.9445472247899,0.0,8000,87,0.010875,0,0,0,0,budget_exhausted,8000,8001,8000,8001,160000.0,"[[488883.97075627604,5514423.110834124],[488944.06180331705,5514363.110834124],[488974.1073268375,5514273.110834124],[488914.01627979655,5514363.110834124]]",bfe7e4a578ac99656b3ccce2beb0835ada86ffd2b555c7e746e4288f766cee2e,be6581bb4ebfac62716df1e4b1e0ee7383b6033c51560d1531218b72338ffcd6,"{""1"":2014447727,""2"":2382879000,""3"":3513251313,""4"":4031319062}","{""0"":3467945376,""1"":2014447727,""2"":2382879000,""3"":3513251313,""4"":4031319062}","[1,2,3,4]",not_applicable,not_applicable,not_applicable,not_applicable,evidence,10000.0,0.8,none,none,none,1522885522,none,stationary,matched_prior_exact,1,0,474685938998c00b5508839f91d28bb223c2e8154b33f9fb036b594e0be42afd,flat,temperate,1,0.9926852063607269,160000.0,1.0,0.0,4,[0],"[1,2,3,4]","[[488882.5985381596,5514427.701759634],[488937.55968124256,5514368.437105509],[488960.4985387781,5514279.6863525],[488910.7025082812,5514376.1618681075]]",5.000000000464668,0.7943439178361825,none,0.0026941446227014554,verbatim from frozen C4 row (C4 recorded none for victim/sensor/distribution; failure_seed real),revision_C_base@7c27a44,7c27a44,45e2af3666873b8389a0bd7936fd9b6029d41fa8169fa964adb24a85ca76dec6,c6-random_20260831_182014_803486_5cf558a2,5cf558a20d4e6c9ac5845bd72e390abc3dcd6217c904aa099c208da79cfb245f,revision_B_base,revision_B_base,0.8,5,200000.0,xlarge,45.0,80.0,5.0,0.5,1.0,"{""p_d"":0.8,""stage"":""c6-random"",""tau"":10000.0,""w"":0.5}",b7a677794b82ff1680841467faa35377b7d82f925e1dd78d94f0523c73551860
5,49,random_uniform_n8_uncoordinated,2287669104,"policy_seed = SeedSequence([planning_seed, dataset_id, hash('c6-random-policy')]); per-UAV stream = SeedSequence([policy_seed, uav_id]) -> default_rng(derived_seed); one stream per persistent UAV identity; streams are never shared or consumed sequentially across UAVs",0.012985988675287934,7947.945890654056,0.013033417763089004,402,91264,0.9955951963534362,227.02487562189054,1135,8000,120000.0,389.39985368726775,0.0,8000,39,0.004875,0,0,0,0,budget_exhausted,8000,8001,8000,8001,120000.0,"[[488883.97075627604,5514423.110834124],[488974.1073268375,5514273.110834124],[488914.01627979655,5514363.110834124]]",6248e3f7cd8ac634af3f935ca754a8564631019c04a6a3e9d1e39755a83d984d,e4cd158a59184946252ad6de9ab4eab4e7a009cc5aa7b76972fded9b6cf43283,"{""1"":2014447727,""3"":3513251313,""4"":4031319062}","{""0"":3467945376,""1"":2014447727,""2"":2382879000,""3"":3513251313,""4"":4031319062}","[1,3,4]",not_applicable,not_applicable,not_applicable,not_applicable,evidence,10000.0,0.8,none,none,none,1522885522,none,stationary,matched_prior_exact,1,0,474685938998c00b5508839f91d28bb223c2e8154b33f9fb036b594e0be42afd,flat,temperate,2,0.9933690651986071,120000.0,1.0,0.0,3,"[0,2]","[1,3,4]","[[488882.5985381596,5514427.701759634],[488960.4985387781,5514279.6863525],[488910.7025082812,5514376.1618681075]]",5.000000000464668,0.7095288256195357,none,0.003378003460581702,verbatim from frozen C4 row (C4 recorded none for victim/sensor/distribution; failure_seed real),revision_C_base@7c27a44,7c27a44,45e2af3666873b8389a0bd7936fd9b6029d41fa8169fa964adb24a85ca76dec6,c6-random_20260831_182014_803486_5cf558a2,5cf558a20d4e6c9ac5845bd72e390abc3dcd6217c904aa099c208da79cfb245f,revision_B_base,revision_B_base,0.8,5,200000.0,xlarge,45.0,80.0,5.0,0.5,1.0,"{""p_d"":0.8,""stage"":""c6-random"",""tau"":10000.0,""w"":0.5}",b7a677794b82ff1680841467faa35377b7d82f925e1dd78d94f0523c73551860
5,49,random_uniform_n8_uncoordinated,2287669104,"policy_seed = SeedSequence([planning_seed, dataset_id, hash('c6-random-policy')]); per-UAV stream = SeedSequence([policy_seed, uav_id]) -> default_rng(derived_seed); one stream per persistent UAV identity; streams are never shared or consumed sequentially across UAVs",0.011228842168769532,7957.797828561706,0.011269465954287903,338,60822,0.9944428003025221,179.9467455621302,1135,8000,80000.0,309.1463894848712,0.0,8000,1,0.000125,0,0,0,0,budget_exhausted,8000,8001,8000,8001,80000.0,"[[488883.97075627604,5514423.110834124],[488914.01627979655,5514363.110834124]]",010de9ae80b0a47ae8f68b2137e2bc95fbe03c0be8358d2b3dd2f80530a3607f,5d2fa324994d20bcca29f310ba41a3dd6a780de51f36dfa97d3bc069cd396a2b,"{""1"":2014447727,""4"":4031319062}","{""0"":3467945376,""1"":2014447727,""2"":2382879000,""3"":3513251313,""4"":4031319062}","[1,4]",not_applicable,not_applicable,not_applicable,not_applicable,evidence,10000.0,0.8,none,none,none,1522885522,none,stationary,matched_prior_exact,1,0,474685938998c00b5508839f91d28bb223c2e8154b33f9fb036b594e0be42afd,flat,temperate,3,0.9946004035197733,80000.0,1.0,0.0,2,"[0,2,3]","[1,4]","[[488882.5985381596,5514427.701759634],[488910.7025082812,5514376.1618681075]]",5.000000000464668,0.6135218038681612,none,0.004609341781747878,verbatim from frozen C4 row (C4 recorded none for victim/sensor/distribution; failure_seed real),revision_C_base@7c27a44,7c27a44,45e2af3666873b8389a0bd7936fd9b6029d41fa8169fa964adb24a85ca76dec6,c6-random_20260831_182014_803486_5cf558a2,5cf558a20d4e6c9ac5845bd72e390abc3dcd6217c904aa099c208da79cfb245f,revision_B_base,revision_B_base,0.8,5,200000.0,xlarge,45.0,80.0,5.0,0.5,1.0,"{""p_d"":0.8,""stage"":""c6-random"",""tau"":10000.0,""w"":0.5}",b7a677794b82ff1680841467faa35377b7d82f925e1dd78d94f0523c73551860
5,43,random_uniform_n8_uncoordinated,2902095203,"policy_seed = SeedSequence([planning_seed, dataset_id, hash('c6-random-policy')]); per-UAV stream = SeedSequence([policy_seed, uav_id]) -> default_rng(derived_seed); one stream per persistent UAV identity; streams are never shared or consumed sequentially across UAVs",0.016135432938915027,7937.206995864244,0.01623242054185454,499,152157,0.9967204926490402,304.9238476953908,1655,8000,200000.0,637.196238047909,0.0,8000,283,0.033875,0,0,0,0,budget_exhausted,8000,8001,8000,8001,200000.0,"[[488944.06180331705,5514363.110834124],[489034.1983738785,5514393.110834124],[488914.01627979655,5514363.110834124],[488944.06180331705,5514333.110834124],[488883.97075627604,5514423.110834124]]",bde004228fe99a98919b7fb2b32ff622f2c3cff1d6312c60a61068b6050f8bb4,6724b2e77825be37211cc14226409183bb7fed0e54f8cb6f79df7599da35a3cb,"{""0"":4017926350,""1"":4294544619,""2"":800293772,""3"":3941592725,""4"":3853967589}","{""0"":4017926350,""1"":4294544619,""2"":800293772,""3"":3941592725,""4"":3853967589}","[0,1,2,3,4]",not_applicable,not_applicable,not_applicable,not_applicable,evidence,10000.0,0.8,none,none,none,1240473512,none,stationary,matched_prior_exact,1,0,474685938998c00b5508839f91d28bb223c2e8154b33f9fb036b594e0be42afd,flat,temperate,0,0.99202687112414,200000.0,1.0,0.0,5,[],"[0,1,2,3,4]","[[488932.0096447233,5514361.008240472],[489034.945853249,5514389.609325028],[488903.5885825992,5514353.433502283],[488944.64006338775,5514326.7631215155],[488885.2145278042,5514410.473034833]]",5.0000000004656036,1.0,none,0.0,verbatim from frozen C4 row (C4 recorded none for victim/sensor/distribution; failure_seed real),revision_C_base@7c27a44,7c27a44,45e2af3666873b8389a0bd7936fd9b6029d41fa8169fa964adb24a85ca76dec6,c6-random_20260831_182014_803486_5cf558a2,5cf558a20d4e6c9ac5845bd72e390abc3dcd6217c904aa099c208da79cfb245f,revision_B_base,revision_B_base,0.8,5,200000.0,xlarge,45.0,80.0,5.0,0.5,1.0,"{""p_d"":0.8,""stage"":""c6-random"",""tau"":10000.0,""w"":0.5}",b7a677794b82ff1680841467faa35377b7d82f925e1dd78d94f0523c73551860
5,43,random_uniform_n8_uncoordinated,2902095203,"policy_seed = SeedSequence([planning_seed, dataset_id, hash('c6-random-policy')]); per-UAV stream = SeedSequence([policy_seed, uav_id]) -> default_rng(derived_seed); one stream per persistent UAV identity; streams are never shared or consumed sequentially across UAVs",0.014561006674673277,7940.630769820038,0.01465630929514576,449,121657,0.9963092958070642,270.9510022271715,1163,8000,160000.0,526.8932820670307,0.0,8000,146,0.017625,0,0,0,0,budget_exhausted,8000,8001,8000,8001,160000.0,"[[488944.06180331705,5514363.110834124],[489034.1983738785,5514393.110834124],[488914.01627979655,5514363.110834124],[488883.97075627604,5514423.110834124]]",5950e6580b96f62f4b9f44468a141c6b1b46b1305f87550706c99cda960d8e5b,33a2846ceec8f843ba854dc00b443c66c2104d361998c5109004ca1d182da25e,"{""0"":4017926350,""1"":4294544619,""2"":800293772,""4"":3853967589}","{""0"":4017926350,""1"":4294544619,""2"":800293772,""3"":3941592725,""4"":3853967589}","[0,1,2,4]",not_applicable,not_applicable,not_applicable,not_applicable,evidence,10000.0,0.8,none,none,none,1240473512,none,stationary,matched_prior_exact,1,0,474685938998c00b5508839f91d28bb223c2e8154b33f9fb036b594e0be42afd,flat,temperate,1,0.9924547893788324,160000.0,1.0,0.0,4,[3],"[0,1,2,4]","[[488932.0096447233,5514361.008240472],[489034.945853249,5514389.609325028],[488903.5885825992,5514353.433502283],[488885.2145278042,5514410.473034833]]",5.000000000463913,0.9024242937761782,none,0.0004279182546923499,verbatim from frozen C4 row (C4 recorded none for victim/sensor/distribution; failure_seed real),revision_C_base@7c27a44,7c27a44,45e2af3666873b8389a0bd7936fd9b6029d41fa8169fa964adb24a85ca76dec6,c6-random_20260831_182014_803486_5cf558a2,5cf558a20d4e6c9ac5845bd72e390abc3dcd6217c904aa099c208da79cfb245f,revision_B_base,revision_B_base,0.8,5,200000.0,xlarge,45.0,80.0,5.0,0.5,1.0,"{""p_d"":0.8,""stage"":""c6-random"",""tau"":10000.0,""w"":0.5}",b7a677794b82ff1680841467faa35377b7d82f925e1dd78d94f0523c73551860
5,43,random_uniform_n8_uncoordinated,2902095203,"policy_seed = SeedSequence([planning_seed, dataset_id, hash('c6-random-policy')]); per-UAV stream = SeedSequence([policy_seed, uav_id]) -> default_rng(derived_seed); one stream per persistent UAV identity; streams are never shared or consumed sequentially across UAVs",0.010645782626614246,7954.162367238935,0.0107034197346066,342,91293,0.9962538201176432,266.93859649122805,1011,8000,120000.0,420.3310991781764,0.0,8000,32,0.004,0,0,0,0,budget_exhausted,8000,8001,8000,8001,120000.0,"[[489034.1983738785,5514393.110834124],[488914.01627979655,5514363.110834124],[488883.97075627604,5514423.110834124]]",21f7b4fd73c44bcea6346e749b1b64878a10b866b7636dd8cd18802a5132588a,c751608a9158f099b9b273e36fc7b936044518b16132cab73dddad0e97e83f95,"{""1"":4294544619,""2"":800293772,""4"":3853967589}","{""0"":4017926350,""1"":4294544619,""2"":800293772,""3"":3941592725,""4"":3853967589}","[1,2,4]",not_applicable,not_applicable,not_applicable,not_applicable,evidence,10000.0,0.8,none,none,none,1240473512,none,stationary,matched_prior_exact,1,0,474685938998c00b5508839f91d28bb223c2e8154b33f9fb036b594e0be42afd,flat,temperate,2,0.9941460276514105,120000.0,1.0,0.0,3,"[3,0]","[1,2,4]","[[489034.945853249,5514389.609325028],[488903.5885825992,5514353.433502283],[488885.2145278042,5514410.473034833]]",5.000000000463168,0.65977669560629,none,0.0021191565272704604,verbatim from frozen C4 row (C4 recorded none for victim/sensor/distribution; failure_seed real),revision_C_base@7c27a44,7c27a44,45e2af3666873b8389a0bd7936fd9b6029d41fa8169fa964adb24a85ca76dec6,c6-random_20260831_182014_803486_5cf558a2,5cf558a20d4e6c9ac5845bd72e390abc3dcd6217c904aa099c208da79cfb245f,revision_B_base,revision_B_base,0.8,5,200000.0,xlarge,45.0,80.0,5.0,0.5,1.0,"{""p_d"":0.8,""stage"":""c6-random"",""tau"":10000.0,""w"":0.5}",b7a677794b82ff1680841467faa35377b7d82f925e1dd78d94f0523c73551860
5,43,random_uniform_n8_uncoordinated,2902095203,"policy_seed = SeedSequence([planning_seed, dataset_id, hash('c6-random-policy')]); per-UAV stream = SeedSequence([policy_seed, uav_id]) -> default_rng(derived_seed); one stream per persistent UAV identity; streams are never shared or consumed sequentially across UAVs",0.007873597442007765,7967.138724291129,0.007935151428297989,254,60839,0.9958250464340308,239.5236220472441,1001,8000,80000.0,307.7506473446265,0.0,8000,1,0.000125,0,0,0,0,budget_exhausted,8000,8001,8000,8001,80000.0,"[[489034.1983738785,5514393.110834124],[488883.97075627604,5514423.110834124]]",f265cb54e55849d9dca6e6cc769db285dc4357e41ffc29936e5eb29b2837584a,29ae612bd0430fd4be5cbfbe8f26537b4acc04c4bf19f7c94da1ff4064e3f677,"{""1"":4294544619,""4"":3853967589}","{""0"":4017926350,""1"":4294544619,""2"":800293772,""3"":3941592725,""4"":3853967589}","[1,4]",not_applicable,not_applicable,not_applicable,not_applicable,evidence,10000.0,0.8,none,none,none,1240473512,none,stationary,matched_prior_exact,1,0,474685938998c00b5508839f91d28bb223c2e8154b33f9fb036b594e0be42afd,flat,temperate,3,0.995767869552697,80000.0,1.0,0.0,2,"[3,0,2]","[1,4]","[[489034.945853249,5514389.609325028],[488885.2145278042,5514410.473034833]]",5.000000000463168,0.4879693945502028,none,0.0037409984285570186,verbatim from frozen C4 row (C4 recorded none for victim/sensor/distribution; failure_seed real),revision_C_base@7c27a44,7c27a44,45e2af3666873b8389a0bd7936fd9b6029d41fa8169fa964adb24a85ca76dec6,c6-random_20260831_182014_803486_5cf558a2,5cf558a20d4e6c9ac5845bd72e390abc3dcd6217c904aa099c208da79cfb245f,revision_B_base,revision_B_base,0.8,5,200000.0,xlarge,45.0,80.0,5.0,0.5,1.0,"{""p_d"":0.8,""stage"":""c6-random"",""tau"":10000.0,""w"":0.5}",b7a677794b82ff1680841467faa35377b7d82f925e1dd78d94f0523c73551860
5,45,random_uniform_n8_uncoordinated,3097837959,"policy_seed = SeedSequence([planning_seed, dataset_id, hash('c6-random-policy')]); per-UAV stream = SeedSequence([policy_seed, uav_id]) -> default_rng(derived_seed); one stream per persistent UAV identity; streams are never shared or consumed sequentially across UAVs",0.008892104614516672,7947.8466675090785,0.008902186815584632,304,152246,0.9980032316119963,500.8092105263158,2001,8000,200000.0,639.4845224991441,0.0,8000,290,0.036,0,0,0,0,budget_exhausted,8000,8001,8000,8001,200000.0,"[[488883.97075627604,5514333.110834124],[488944.06180331705,5514303.110834124],[488853.92523275554,5514363.110834124],[488974.1073268375,5514303.110834124],[488883.97075627604,5514423.110834124]]",df1a8490359a34f6b7838fd59a2dfd0505a237242c27fa3236111dc28509e06c,e880c28b5fbeff1a5f176a39af87e6f91a24abd78720061d4e1c2a236084ba9b,"{""0"":448878444,""1"":2359184056,""2"":2788762021,""3"":3601268656,""4"":3335580812}","{""0"":448878444,""1"":2359184056,""2"":2788762021,""3"":3601268656,""4"":3335580812}","[0,1,2,3,4]",not_applicable,not_applicable,not_applicable,not_applicable,evidence,10000.0,0.8,none,none,none,1173828954,none,stationary,matched_prior_exact,1,0,474685938998c00b5508839f91d28bb223c2e8154b33f9fb036b594e0be42afd,flat,temperate,0,0.9933566638556529,200000.0,1.0,0.0,5,[],"[0,1,2,3,4]","[[488878.9047803063,5514345.869962484],[488951.77942371543,5514288.348002141],[488855.96384891553,5514372.440988072],[488966.0952117907,5514304.204955098],[488875.27976757276,5514422.628201038]]",5.000000000465123,1.0,none,0.0,verbatim from frozen C4 row (C4 recorded none for victim/sensor/distribution; failure_seed real),revision_C_base@7c27a44,7c27a44,45e2af3666873b8389a0bd7936fd9b6029d41fa8169fa964adb24a85ca76dec6,c6-random_20260831_182014_803486_5cf558a2,5cf558a20d4e6c9ac5845bd72e390abc3dcd6217c904aa099c208da79cfb245f,revision_B_base,revision_B_base,0.8,5,200000.0,xlarge,45.0,80.0,5.0,0.5,1.0,"{""p_d"":0.8,""stage"":""c6-random"",""tau"":10000.0,""w"":0.5}",b7a677794b82ff1680841467faa35377b7d82f925e1dd78d94f0523c73551860
5,45,random_uniform_n8_uncoordinated,3097837959,"policy_seed = SeedSequence([planning_seed, dataset_id, hash('c6-random-policy')]); per-UAV stream = SeedSequence([policy_seed, uav_id]) -> default_rng(derived_seed); one stream per persistent UAV identity; streams are never shared or consumed sequentially across UAVs",0.006378759663461762,7964.021359901529,0.006386718480224037,237,121842,0.9980548579307628,514.1012658227849,2001,8000,160000.0,510.4177754120901,0.0,8000,281,0.034875,0,0,0,0,budget_exhausted,8000,8001,8000,8001,160000.0,"[[488883.97075627604,5514333.110834124],[488944.06180331705,5514303.110834124],[488974.1073268375,5514303.110834124],[488883.97075627604,5514423.110834124]]",99f9464f853fcd1c6a8a8b7ea7c03c03772ed78cc57c067c398164e7db2871c9,859cc0df41bf22a4e525e7caa62eac3a0c7d67f83e1d25bb8928c978bdbe0e1c,"{""0"":448878444,""1"":2359184056,""3"":3601268656,""4"":3335580812}","{""0"":448878444,""1"":2359184056,""2"":2788762021,""3"":3601268656,""4"":3335580812}","[0,1,3,4]",not_applicable,not_applicable,not_applicable,not_applicable,evidence,10000.0,0.8,none,none,none,1173828954,none,stationary,matched_prior_exact,1,0,474685938998c00b5508839f91d28bb223c2e8154b33f9fb036b594e0be42afd,flat,temperate,1,0.9953782477067278,160000.0,1.0,0.0,4,[2],"[0,1,3,4]","[[488878.9047803063,5514345.869962484],[488951.77942371543,5514288.348002141],[488966.0952117907,5514304.204955098],[488875.27976757276,5514422.628201038]]",5.000000000465123,0.7173509467093104,none,0.0020215838510748707,verbatim from frozen C4 row (C4 recorded none for victim/sensor/distribution; failure_seed real),revision_C_base@7c27a44,7c27a44,45e2af3666873b8389a0bd7936fd9b6029d41fa8169fa964adb24a85ca76dec6,c6-random_20260831_182014_803486_5cf558a2,5cf558a20d4e6c9ac5845bd72e390abc3dcd6217c904aa099c208da79cfb245f,revision_B_base,revision_B_base,0.8,5,200000.0,xlarge,45.0,80.0,5.0,0.5,1.0,"{""p_d"":0.8,""stage"":""c6-random"",""tau"":10000.0,""w"":0.5}",b7a677794b82ff1680841467faa35377b7d82f925e1dd78d94f0523c73551860
5,45,random_uniform_n8_uncoordinated,3097837959,"policy_seed = SeedSequence([planning_seed, dataset_id, hash('c6-random-policy')]); per-UAV stream = SeedSequence([policy_seed, uav_id]) -> default_rng(derived_seed); one stream per persistent UAV identity; streams are never shared or consumed sequentially across UAVs",0.005266461415670708,7971.563076960334,0.00527612789981525,204,91369,0.9977672952533135,447.8872549019608,1885,8000,120000.0,421.076257518027,0.0,8000,158,0.01975,0,0,0,0,budget_exhausted,8000,8001,8000,8001,120000.0,"[[488883.97075627604,5514333.110834124],[488944.06180331705,5514303.110834124],[488883.97075627604,5514423.110834124]]",d6245e2f06ca986c03a09ff242d9ace4e79f3a7b2d07097bd1f7077fe994de92,f42c104d36a5a3ef2462cbf87c552bb99a6d685ebe15061e6b277ce553a221fa,"{""0"":448878444,""1"":2359184056,""4"":3335580812}","{""0"":448878444,""1"":2359184056,""2"":2788762021,""3"":3601268656,""4"":3335580812}","[0,1,4]",not_applicable,not_applicable,not_applicable,not_applicable,evidence,10000.0,0.8,none,none,none,1173828954,none,stationary,matched_prior_exact,1,0,474685938998c00b5508839f91d28bb223c2e8154b33f9fb036b594e0be42afd,flat,temperate,2,0.9963208445144774,120000.0,1.0,0.0,3,"[2,3]","[0,1,4]","[[488878.9047803063,5514345.869962484],[488951.77942371543,5514288.348002141],[488875.27976757276,5514422.628201038]]",5.000000000465123,0.5922626469185963,none,0.0029641806588245334,verbatim from frozen C4 row (C4 recorded none for victim/sensor/distribution; failure_seed real),revision_C_base@7c27a44,7c27a44,45e2af3666873b8389a0bd7936fd9b6029d41fa8169fa964adb24a85ca76dec6,c6-random_20260831_182014_803486_5cf558a2,5cf558a20d4e6c9ac5845bd72e390abc3dcd6217c904aa099c208da79cfb245f,revision_B_base,revision_B_base,0.8,5,200000.0,xlarge,45.0,80.0,5.0,0.5,1.0,"{""p_d"":0.8,""stage"":""c6-random"",""tau"":10000.0,""w"":0.5}",b7a677794b82ff1680841467faa35377b7d82f925e1dd78d94f0523c73551860
5,45,random_uniform_n8_uncoordinated,3097837959,"policy_seed = SeedSequence([planning_seed, dataset_id, hash('c6-random-policy')]); per-UAV stream = SeedSequence([policy_seed, uav_id]) -> default_rng(derived_seed); one stream per persistent UAV identity; streams are never shared or consumed sequentially across UAVs",0.0050716028817340665,7975.484291175144,0.005088026948064391,198,60966,0.9967522881606141,307.90909090909093,1332,8000,80000.0,296.06673836382106,0.0,8000,53,0.006625,0,0,0,0,budget_exhausted,8000,8001,8000,8001,80000.0,"[[488883.97075627604,5514333.110834124],[488944.06180331705,5514303.110834124]]",cd0430e9a367b80f90ab49a6b360f5b3216d2880494f4b03d3fbb2a9292364b2,73ed8654f1a78219bd85f9d83095d0e1034b89b72e914f1c3e5526429b45a0d3,"{""0"":448878444,""1"":2359184056}","{""0"":448878444,""1"":2359184056,""2"":2788762021,""3"":3601268656,""4"":3335580812}","[0,1]",not_applicable,not_applicable,not_applicable,not_applicable,evidence,10000.0,0.8,none,none,none,1173828954,none,stationary,matched_prior_exact,1,0,474685938998c00b5508839f91d28bb223c2e8154b33f9fb036b594e0be42afd,flat,temperate,3,0.9968109350300143,80000.0,1.0,0.0,2,"[2,3,4]","[0,1]","[[488878.9047803063,5514345.869962484],[488951.77942371543,5514288.348002141]]",5.000000000465123,0.5703489895355591,none,0.0034542711743613674,verbatim from frozen C4 row (C4 recorded none for victim/sensor/distribution; failure_seed real),revision_C_base@7c27a44,7c27a44,45e2af3666873b8389a0bd7936fd9b6029d41fa8169fa964adb24a85ca76dec6,c6-random_20260831_182014_803486_5cf558a2,5cf558a20d4e6c9ac5845bd72e390abc3dcd6217c904aa099c208da79cfb245f,revision_B_base,revision_B_base,0.8,5,200000.0,xlarge,45.0,80.0,5.0,0.5,1.0,"{""p_d"":0.8,""stage"":""c6-random"",""tau"":10000.0,""w"":0.5}",b7a677794b82ff1680841467faa35377b7d82f925e1dd78d94f0523c73551860
5,47,random_uniform_n8_uncoordinated,559765009,"policy_seed = SeedSequence([planning_seed, dataset_id, hash('c6-random-policy')]); per-UAV stream = SeedSequence([policy_seed, uav_id]) -> default_rng(derived_seed); one stream per persistent UAV identity; streams are never shared or consumed sequentially across UAVs",0.01550886591921492,7928.998295819819,0.015604342957786186,486,152375,0.9968105004101723,313.52880658436214,2189,8000,200000.0,631.2956512458622,0.0,8000,125,0.015375,0,0,0,0,budget_exhausted,8000,8001,8000,8001,200000.0,"[[488944.06180331705,5514303.110834124],[488914.01627979655,5514393.110834124],[489004.152850358,5514363.110834124],[488974.1073268375,5514453.110834124],[488914.01627979655,5514363.110834124]]",16032c3d3dcc3d7c5626339453b69f0160b805ad82d5118c5de473931a86bd4c,4c91c033476f4598ac01fa0d8d89d54688c97d4ab2bb3695f2ac247a5014beb0,"{""0"":2519255190,""1"":1656157827,""2"":1408983860,""3"":1694581476,""4"":330045989}","{""0"":2519255190,""1"":1656157827,""2"":1408983860,""3"":1694581476,""4"":330045989}","[0,1,2,3,4]",not_applicable,not_applicable,not_applicable,not_applicable,evidence,10000.0,0.8,none,none,none,4188120730,none,stationary,matched_prior_exact,1,0,474685938998c00b5508839f91d28bb223c2e8154b33f9fb036b594e0be42afd,flat,temperate,0,0.9910009118634944,200000.0,1.0,0.0,5,[],"[0,1,2,3,4]","[[488939.592022011,5514291.411876654],[488912.6231172659,5514385.100778033],[488999.4726830649,5514366.400257094],[488972.49794681044,5514466.252638252],[488901.8693938642,5514374.617822179]]",5.000000000465429,1.0,none,0.0,verbatim from frozen C4 row (C4 recorded none for victim/sensor/distribution; failure_seed real),revision_C_base@7c27a44,7c27a44,45e2af3666873b8389a0bd7936fd9b6029d41fa8169fa964adb24a85ca76dec6,c6-random_20260831_182014_803486_5cf558a2,5cf558a20d4e6c9ac5845bd72e390abc3dcd6217c904aa099c208da79cfb245f,revision_B_base,revision_B_base,0.8,5,200000.0,xlarge,45.0,80.0,5.0,0.5,1.0,"{""p_d"":0.8,""stage"":""c6-random"",""tau"":10000.0,""w"":0.5}",b7a677794b82ff1680841467faa35377b7d82f925e1dd78d94f0523c73551860
5,47,random_uniform_n8_uncoordinated,559765009,"policy_seed = SeedSequence([planning_seed, dataset_id, hash('c6-random-policy')]); per-UAV stream = SeedSequence([policy_seed, uav_id]) -> default_rng(derived_seed); one stream per persistent UAV identity; streams are never shared or consumed sequentially across UAVs",0.014141597466168056,7936.597374019868,0.01423168436396121,445,121973,0.9963516515950251,274.09662921348314,2188,8000,160000.0,516.1443281867541,0.0,8000,73,0.009125,0,0,0,0,budget_exhausted,8000,8001,8000,8001,160000.0,"[[488914.01627979655,5514393.110834124],[489004.152850358,5514363.110834124],[488974.1073268375,5514453.110834124],[488914.01627979655,5514363.110834124]]",48f770fbe2e1ab93de888fc097b09ab2d4cec4b1f33662c5fcab88311e310c26,17d6c263635c1b69f2669d3102f32b0ebd66e1576f6af819abb76528a61a6f16,"{""1"":1656157827,""2"":1408983860,""3"":1694581476,""4"":330045989}","{""0"":2519255190,""1"":1656157827,""2"":1408983860,""3"":1694581476,""4"":330045989}","[1,2,3,4]",not_applicable,not_applicable,not_applicable,not_applicable,evidence,10000.0,0.8,none,none,none,4188120730,none,stationary,matched_prior_exact,1,0,474685938998c00b5508839f91d28bb223c2e8154b33f9fb036b594e0be42afd,flat,temperate,1,0.9919506779177437,160000.0,1.0,0.0,4,[0],"[1,2,3,4]","[[488912.6231172659,5514385.100778033],[488999.4726830649,5514366.400257094],[488972.49794681044,5514466.252638252],[488901.8693938642,5514374.617822179]]",5.000000000465429,0.9118395593740437,none,0.0009497660542493458,verbatim from frozen C4 row (C4 recorded none for victim/sensor/distribution; failure_seed real),revision_C_base@7c27a44,7c27a44,45e2af3666873b8389a0bd7936fd9b6029d41fa8169fa964adb24a85ca76dec6,c6-random_20260831_182014_803486_5cf558a2,5cf558a20d4e6c9ac5845bd72e390abc3dcd6217c904aa099c208da79cfb245f,revision_B_base,revision_B_base,0.8,5,200000.0,xlarge,45.0,80.0,5.0,0.5,1.0,"{""p_d"":0.8,""stage"":""c6-random"",""tau"":10000.0,""w"":0.5}",b7a677794b82ff1680841467faa35377b7d82f925e1dd78d94f0523c73551860
5,47,random_uniform_n8_uncoordinated,559765009,"policy_seed = SeedSequence([planning_seed, dataset_id, hash('c6-random-policy')]); per-UAV stream = SeedSequence([policy_seed, uav_id]) -> default_rng(derived_seed); one stream per persistent UAV identity; streams are never shared or consumed sequentially across UAVs",0.013044873059408763,7945.680261076288,0.013135098777316298,415,91386,0.9954588230144661,220.20722891566265,1328,8000,120000.0,416.3811086509377,0.0,8000,35,0.004375,0,0,0,0,budget_exhausted,8000,8001,8000,8001,120000.0,"[[488914.01627979655,5514393.110834124],[488974.1073268375,5514453.110834124],[488914.01627979655,5514363.110834124]]",930e815159e3e0c88c46a5c720e90336405911853c0aad669e9d363a82c8f15b,89be2c024a7d8988bd1cb6adea2bab9ee841ef4e8549a3df691b05f7e926d7e8,"{""1"":1656157827,""3"":1694581476,""4"":330045989}","{""0"":2519255190,""1"":1656157827,""2"":1408983860,""3"":1694581476,""4"":330045989}","[1,3,4]",not_applicable,not_applicable,not_applicable,not_applicable,evidence,10000.0,0.8,none,none,none,4188120730,none,stationary,matched_prior_exact,1,0,474685938998c00b5508839f91d28bb223c2e8154b33f9fb036b594e0be42afd,flat,temperate,2,0.9930858968974238,120000.0,1.0,0.0,3,"[0,2]","[1,3,4]","[[488912.6231172659,5514385.100778033],[488972.49794681044,5514466.252638252],[488901.8693938642,5514374.617822179]]",5.000000000465429,0.841123595197676,none,0.0020849850339293985,verbatim from frozen C4 row (C4 recorded none for victim/sensor/distribution; failure_seed real),revision_C_base@7c27a44,7c27a44,45e2af3666873b8389a0bd7936fd9b6029d41fa8169fa964adb24a85ca76dec6,c6-random_20260831_182014_803486_5cf558a2,5cf558a20d4e6c9ac5845bd72e390abc3dcd6217c904aa099c208da79cfb245f,revision_B_base,revision_B_base,0.8,5,200000.0,xlarge,45.0,80.0,5.0,0.5,1.0,"{""p_d"":0.8,""stage"":""c6-random"",""tau"":10000.0,""w"":0.5}",b7a677794b82ff1680841467faa35377b7d82f925e1dd78d94f0523c73551860
5,47,random_uniform_n8_uncoordinated,559765009,"policy_seed = SeedSequence([planning_seed, dataset_id, hash('c6-random-policy')]); per-UAV stream = SeedSequence([policy_seed, uav_id]) -> default_rng(derived_seed); one stream per persistent UAV identity; streams are never shared or consumed sequentially across UAVs",0.00517722113250999,7979.409380178611,0.005217601953845947,194,60938,0.9968164363779579,314.11340206185565,1328,8000,80000.0,302.8203156529926,0.0,8000,35,0.004375,0,0,0,0,budget_exhausted,8000,8001,8000,8001,80000.0,"[[488914.01627979655,5514393.110834124],[488914.01627979655,5514363.110834124]]",55f6d962bc2d9544cdaec5b935f5d7c4d8adc9ba01f433d32ad41ba30429dbe0,b03c9396777f1160c864d3ffec22ceeded690c2c5a7fb31a26011f75245a92f6,"{""1"":1656157827,""4"":330045989}","{""0"":2519255190,""1"":1656157827,""2"":1408983860,""3"":1694581476,""4"":330045989}","[1,4]",not_applicable,not_applicable,not_applicable,not_applicable,evidence,10000.0,0.8,none,none,none,4188120730,none,stationary,matched_prior_exact,1,0,474685938998c00b5508839f91d28bb223c2e8154b33f9fb036b594e0be42afd,flat,temperate,3,0.9973015098335972,80000.0,1.0,0.0,2,"[0,2,3]","[1,4]","[[488912.6231172659,5514385.100778033],[488901.8693938642,5514374.617822179]]",5.000000000465429,0.3338233214135665,none,0.00630059797010285,verbatim from frozen C4 row (C4 recorded none for victim/sensor/distribution; failure_seed real),revision_C_base@7c27a44,7c27a44,45e2af3666873b8389a0bd7936fd9b6029d41fa8169fa964adb24a85ca76dec6,c6-random_20260831_182014_803486_5cf558a2,5cf558a20d4e6c9ac5845bd72e390abc3dcd6217c904aa099c208da79cfb245f,revision_B_base,revision_B_base,0.8,5,200000.0,xlarge,45.0,80.0,5.0,0.5,1.0,"{""p_d"":0.8,""stage"":""c6-random"",""tau"":10000.0,""w"":0.5}",b7a677794b82ff1680841467faa35377b7d82f925e1dd78d94f0523c73551860
5,44,random_uniform_n8_uncoordinated,4309051,"policy_seed = SeedSequence([planning_seed, dataset_id, hash('c6-random-policy')]); per-UAV stream = SeedSequence([policy_seed, uav_id]) -> default_rng(derived_seed); one stream per persistent UAV identity; streams are never shared or consumed sequentially across UAVs",0.013511895662290777,7944.812347659369,0.013529269720868957,430,152383,0.9971781629184358,354.3790697674419,2234,8000,200000.0,654.4345782632008,0.0,8000,326,0.04,0,0,0,0,budget_exhausted,8000,8001,8000,8001,200000.0,"[[488974.1073268375,5514423.110834124],[488853.92523275554,5514423.110834124],[489004.152850358,5514453.110834124],[488974.1073268375,5514423.110834124],[488914.01627979655,5514303.110834124]]",f8afb1ebb42ce0e31e4c1c624a23577c2574521cce1a4321cbcdd0642a45b6e0,4681bdb6cb546df90a43936cf2ab6a574f5a8ab29716bdba58cbb00a36d69738,"{""0"":3430798329,""1"":1617584659,""2"":975293275,""3"":3472273997,""4"":4147123117}","{""0"":3430798329,""1"":1617584659,""2"":975293275,""3"":3472273997,""4"":4147123117}","[0,1,2,3,4]",not_applicable,not_applicable,not_applicable,not_applicable,evidence,10000.0,0.8,none,none,none,3669628876,none,stationary,matched_prior_exact,1,0,474685938998c00b5508839f91d28bb223c2e8154b33f9fb036b594e0be42afd,flat,temperate,0,0.9929774212797612,200000.0,1.0,0.0,5,[],"[0,1,2,3,4]","[[488980.5315319257,5514413.481579704],[488862.37107243796,5514433.051383537],[488992.53070638387,5514457.001278228],[488974.26699424995,5514427.782414835],[488909.61666809727,5514307.549694852]]",5.000000000465147,1.0,none,0.0,verbatim from frozen C4 row (C4 recorded none for victim/sensor/distribution; failure_seed real),revision_C_base@7c27a44,7c27a44,45e2af3666873b8389a0bd7936fd9b6029d41fa8169fa964adb24a85ca76dec6,c6-random_20260831_182014_803486_5cf558a2,5cf558a20d4e6c9ac5845bd72e390abc3dcd6217c904aa099c208da79cfb245f,revision_B_base,revision_B_base,0.8,5,200000.0,xlarge,45.0,80.0,5.0,0.5,1.0,"{""p_d"":0.8,""stage"":""c6-random"",""tau"":10000.0,""w"":0.5}",b7a677794b82ff1680841467faa35377b7d82f925e1dd78d94f0523c73551860
5,44,random_uniform_n8_uncoordinated,4309051,"policy_seed = SeedSequence([planning_seed, dataset_id, hash('c6-random-policy')]); per-UAV stream = SeedSequence([policy_seed, uav_id]) -> default_rng(derived_seed); one stream per persistent UAV identity; streams are never shared or consumed sequentially across UAVs",0.011108420564799985,7952.220362953241,0.011125657790348924,365,121961,0.9970072400193505,334.1397260273973,2234,8000,160000.0,530.855765348766,0.0,8000,234,0.029125,0,0,0,0,budget_exhausted,8000,8001,8000,8001,160000.0,"[[488974.1073268375,5514423.110834124],[488853.92523275554,5514423.110834124],[488974.1073268375,5514423.110834124],[488914.01627979655,5514303.110834124]]",06293382e6f873547bb88e66215a0d195674b33d01dc6647ec7831ff2eb7cc27,7ad606257c7ce7b480664f33f4b5e67d97d6f9c04a1cef8e95e0fd935fd908e3,"{""0"":3430798329,""1"":1617584659,""3"":3472273997,""4"":4147123117}","{""0"":3430798329,""1"":1617584659,""2"":975293275,""3"":3472273997,""4"":4147123117}","[0,1,3,4]",not_applicable,not_applicable,not_applicable,not_applicable,evidence,10000.0,0.8,none,none,none,3669628876,none,stationary,matched_prior_exact,1,0,474685938998c00b5508839f91d28bb223c2e8154b33f9fb036b594e0be42afd,flat,temperate,1,0.9939033074557232,160000.0,1.0,0.0,4,[2],"[0,1,3,4]","[[488980.5315319257,5514413.481579704],[488862.37107243796,5514433.051383537],[488974.26699424995,5514427.782414835],[488909.61666809727,5514307.549694852]]",5.000000000465147,0.8221215470011028,none,0.0009258861759620096,verbatim from frozen C4 row (C4 recorded none for victim/sensor/distribution; failure_seed real),revision_C_base@7c27a44,7c27a44,45e2af3666873b8389a0bd7936fd9b6029d41fa8169fa964adb24a85ca76dec6,c6-random_20260831_182014_803486_5cf558a2,5cf558a20d4e6c9ac5845bd72e390abc3dcd6217c904aa099c208da79cfb245f,revision_B_base,revision_B_base,0.8,5,200000.0,xlarge,45.0,80.0,5.0,0.5,1.0,"{""p_d"":0.8,""stage"":""c6-random"",""tau"":10000.0,""w"":0.5}",b7a677794b82ff1680841467faa35377b7d82f925e1dd78d94f0523c73551860
5,44,random_uniform_n8_uncoordinated,4309051,"policy_seed = SeedSequence([planning_seed, dataset_id, hash('c6-random-policy')]); per-UAV stream = SeedSequence([policy_seed, uav_id]) -> default_rng(derived_seed); one stream per persistent UAV identity; streams are never shared or consumed sequentially across UAVs",0.007469501968591333,7970.5420100599,0.007491945272655097,269,91440,0.9970581802274716,339.9256505576208,1782,8000,120000.0,433.5758180906996,0.0,8000,205,0.0255,0,0,0,0,budget_exhausted,8000,8001,8000,8001,120000.0,"[[488974.1073268375,5514423.110834124],[488974.1073268375,5514423.110834124],[488914.01627979655,5514303.110834124]]",3e8a4b7dcfea54f27851454916ba8b4bc5b38608df1a19e30bef72dbe1953edf,4e9b211941a32124d1abe94d61bb60d475017584e28564fd82cc334e9d9522e0,"{""0"":3430798329,""3"":3472273997,""4"":4147123117}","{""0"":3430798329,""1"":1617584659,""2"":975293275,""3"":3472273997,""4"":4147123117}","[0,3,4]",not_applicable,not_applicable,not_applicable,not_applicable,evidence,10000.0,0.8,none,none,none,3669628876,none,stationary,matched_prior_exact,1,0,474685938998c00b5508839f91d28bb223c2e8154b33f9fb036b594e0be42afd,flat,temperate,2,0.9961932271040995,120000.0,1.0,0.0,3,"[2,1]","[0,3,4]","[[488980.5315319257,5514413.481579704],[488974.26699424995,5514427.782414835],[488909.61666809727,5514307.549694852]]",5.000000000465147,0.5528093285561213,none,0.003215805824338336,verbatim from frozen C4 row (C4 recorded none for victim/sensor/distribution; failure_seed real),revision_C_base@7c27a44,7c27a44,45e2af3666873b8389a0bd7936fd9b6029d41fa8169fa964adb24a85ca76dec6,c6-random_20260831_182014_803486_5cf558a2,5cf558a20d4e6c9ac5845bd72e390abc3dcd6217c904aa099c208da79cfb245f,revision_B_base,revision_B_base,0.8,5,200000.0,xlarge,45.0,80.0,5.0,0.5,1.0,"{""p_d"":0.8,""stage"":""c6-random"",""tau"":10000.0,""w"":0.5}",b7a677794b82ff1680841467faa35377b7d82f925e1dd78d94f0523c73551860
5,44,random_uniform_n8_uncoordinated,4309051,"policy_seed = SeedSequence([planning_seed, dataset_id, hash('c6-random-policy')]); per-UAV stream = SeedSequence([policy_seed, uav_id]) -> default_rng(derived_seed); one stream per persistent UAV identity; streams are never shared or consumed sequentially across UAVs",0.005863165793725678,7974.083774734346,0.005886765065419791,222,60983,0.9963596412114851,274.6981981981982,1278,8000,80000.0,312.5802788049914,0.0,8000,70,0.00875,0,0,0,0,budget_exhausted,8000,8001,8000,8001,80000.0,"[[488974.1073268375,5514423.110834124],[488914.01627979655,5514303.110834124]]",c1630fcc30b5270603fb49597e25ce70a66d1dbf2bb06b759f7b18999b789d44,3584d5b0c06ef44b626c729ad444089ffcbd02aecf571449a9c400f020b5a324,"{""0"":3430798329,""4"":4147123117}","{""0"":3430798329,""1"":1617584659,""2"":975293275,""3"":3472273997,""4"":4147123117}","[0,4]",not_applicable,not_applicable,not_applicable,not_applicable,evidence,10000.0,0.8,none,none,none,3669628876,none,stationary,matched_prior_exact,1,0,474685938998c00b5508839f91d28bb223c2e8154b33f9fb036b594e0be42afd,flat,temperate,3,0.9966358923552489,80000.0,1.0,0.0,2,"[2,1,3]","[0,4]","[[488980.5315319257,5514413.481579704],[488909.61666809727,5514307.549694852]]",5.000000000465147,0.4339262188124127,none,0.003658471075487668,verbatim from frozen C4 row (C4 recorded none for victim/sensor/distribution; failure_seed real),revision_C_base@7c27a44,7c27a44,45e2af3666873b8389a0bd7936fd9b6029d41fa8169fa964adb24a85ca76dec6,c6-random_20260831_182014_803486_5cf558a2,5cf558a20d4e6c9ac5845bd72e390abc3dcd6217c904aa099c208da79cfb245f,revision_B_base,revision_B_base,0.8,5,200000.0,xlarge,45.0,80.0,5.0,0.5,1.0,"{""p_d"":0.8,""stage"":""c6-random"",""tau"":10000.0,""w"":0.5}",b7a677794b82ff1680841467faa35377b7d82f925e1dd78d94f0523c73551860
5,51,random_uniform_n8_uncoordinated,3037366208,"policy_seed = SeedSequence([planning_seed, dataset_id, hash('c6-random-policy')]); per-UAV stream = SeedSequence([policy_seed, uav_id]) -> default_rng(derived_seed); one stream per persistent UAV identity; streams are never shared or consumed sequentially across UAVs",0.011169511563313519,7949.476367090742,0.011208796965061274,372,152154,0.9975551086399306,409.01612903225805,2817,8000,200000.0,632.7713503618725,0.0,8000,418,0.05125,0,0,0,0,budget_exhausted,8000,8001,8000,8001,200000.0,"[[489004.152850358,5514363.110834124],[488944.06180331705,5514423.110834124],[488944.06180331705,5514333.110834124],[488974.1073268375,5514303.110834124],[488883.97075627604,5514423.110834124]]",8fe1cd6d82d7fc5aa985197edfb9e7d842fe31316527dd42dfcdb207a45ad25c,cafd77228ea2fb8ef0c613a309e46a2256e4b41435ea2af5839680f4c7e3d7fa,"{""0"":3864274983,""1"":3957768603,""2"":1286424919,""3"":77739518,""4"":2226879386}","{""0"":3864274983,""1"":3957768603,""2"":1286424919,""3"":77739518,""4"":2226879386}","[0,1,2,3,4]",not_applicable,not_applicable,not_applicable,not_applicable,evidence,10000.0,0.8,none,none,none,1954673922,none,stationary,matched_prior_exact,1,0,474685938998c00b5508839f91d28bb223c2e8154b33f9fb036b594e0be42afd,flat,temperate,0,0.9935603508424875,200000.0,1.0,0.0,5,[],"[0,1,2,3,4]","[[488995.8969309371,5514358.502082188],[488942.60743159533,5514425.270881333],[488954.5602390684,5514332.758179361],[488973.4235487942,5514297.708910218],[488882.2327589109,5514411.2092443295]]",5.000000000466379,1.0,none,0.0,verbatim from frozen C4 row (C4 recorded none for victim/sensor/distribution; failure_seed real),revision_C_base@7c27a44,7c27a44,45e2af3666873b8389a0bd7936fd9b6029d41fa8169fa964adb24a85ca76dec6,c6-random_20260831_182014_803486_5cf558a2,5cf558a20d4e6c9ac5845bd72e390abc3dcd6217c904aa099c208da79cfb245f,revision_B_base,revision_B_base,0.8,5,200000.0,xlarge,45.0,80.0,5.0,0.5,1.0,"{""p_d"":0.8,""stage"":""c6-random"",""tau"":10000.0,""w"":0.5}",b7a677794b82ff1680841467faa35377b7d82f925e1dd78d94f0523c73551860
5,51,random_uniform_n8_uncoordinated,3037366208,"policy_seed = SeedSequence([planning_seed, dataset_id, hash('c6-random-policy')]); per-UAV stream = SeedSequence([policy_seed, uav_id]) -> default_rng(derived_seed); one stream per persistent UAV identity; streams are never shared or consumed sequentially across UAVs",0.010047545146946404,7951.806831031926,0.010085745540081138,338,121710,0.9972229069098677,360.0887573964497,2634,8000,160000.0,519.8879297939129,0.0,8000,197,0.0245,0,0,0,0,budget_exhausted,8000,8001,8000,8001,160000.0,"[[489004.152850358,5514363.110834124],[488944.06180331705,5514333.110834124],[488974.1073268375,5514303.110834124],[488883.97075627604,5514423.110834124]]",c9a487ecdba95f62afb51224539229dc8541d5afa6c9ba8969cb97fbb20f1ed8,88384302b4b2393f2215256817ba7ef9b20b63b8421d656701d45101394ba5aa,"{""0"":3864274983,""2"":1286424919,""3"":77739518,""4"":2226879386}","{""0"":3864274983,""1"":3957768603,""2"":1286424919,""3"":77739518,""4"":2226879386}","[0,2,3,4]",not_applicable,not_applicable,not_applicable,not_applicable,evidence,10000.0,0.8,none,none,none,1954673922,none,stationary,matched_prior_exact,1,0,474685938998c00b5508839f91d28bb223c2e8154b33f9fb036b594e0be42afd,flat,temperate,1,0.9938516224261874,160000.0,1.0,0.0,4,[1],"[0,2,3,4]","[[488995.8969309371,5514358.502082188],[488954.5602390684,5514332.758179361],[488973.4235487942,5514297.708910218],[488882.2327589109,5514411.2092443295]]",5.000000000466379,0.8995509866293316,none,0.0002912715836999036,verbatim from frozen C4 row (C4 recorded none for victim/sensor/distribution; failure_seed real),revision_C_base@7c27a44,7c27a44,45e2af3666873b8389a0bd7936fd9b6029d41fa8169fa964adb24a85ca76dec6,c6-random_20260831_182014_803486_5cf558a2,5cf558a20d4e6c9ac5845bd72e390abc3dcd6217c904aa099c208da79cfb245f,revision_B_base,revision_B_base,0.8,5,200000.0,xlarge,45.0,80.0,5.0,0.5,1.0,"{""p_d"":0.8,""stage"":""c6-random"",""tau"":10000.0,""w"":0.5}",b7a677794b82ff1680841467faa35377b7d82f925e1dd78d94f0523c73551860
5,51,random_uniform_n8_uncoordinated,3037366208,"policy_seed = SeedSequence([planning_seed, dataset_id, hash('c6-random-policy')]); per-UAV stream = SeedSequence([policy_seed, uav_id]) -> default_rng(derived_seed); one stream per persistent UAV identity; streams are never shared or consumed sequentially across UAVs",0.006529560771475265,7967.965512326628,0.006557765697543136,238,91213,0.9973907228136341,383.24789915966386,2384,8000,120000.0,415.6897922921926,0.0,8000,137,0.017125,0,0,0,0,budget_exhausted,8000,8001,8000,8001,120000.0,"[[488944.06180331705,5514333.110834124],[488974.1073268375,5514303.110834124],[488883.97075627604,5514423.110834124]]",fe8f753a42425b6619a4458a17f56a778250ef1d9f1b5ff0aff7c92f765a22ef,c902606daf8e432a07bfbb72d793de45198a6bca20e1f0513eace1c36b2223b2,"{""2"":1286424919,""3"":77739518,""4"":2226879386}","{""0"":3864274983,""1"":3957768603,""2"":1286424919,""3"":77739518,""4"":2226879386}","[2,3,4]",not_applicable,not_applicable,not_applicable,not_applicable,evidence,10000.0,0.8,none,none,none,1954673922,none,stationary,matched_prior_exact,1,0,474685938998c00b5508839f91d28bb223c2e8154b33f9fb036b594e0be42afd,flat,temperate,2,0.995871205140186,120000.0,1.0,0.0,3,"[1,0]","[2,3,4]","[[488954.5602390684,5514332.758179361],[488973.4235487942,5514297.708910218],[488882.2327589109,5514411.2092443295]]",5.000000000464996,0.5845878518915488,none,0.002310854297698506,verbatim from frozen C4 row (C4 recorded none for victim/sensor/distribution; failure_seed real),revision_C_base@7c27a44,7c27a44,45e2af3666873b8389a0bd7936fd9b6029d41fa8169fa964adb24a85ca76dec6,c6-random_20260831_182014_803486_5cf558a2,5cf558a20d4e6c9ac5845bd72e390abc3dcd6217c904aa099c208da79cfb245f,revision_B_base,revision_B_base,0.8,5,200000.0,xlarge,45.0,80.0,5.0,0.5,1.0,"{""p_d"":0.8,""stage"":""c6-random"",""tau"":10000.0,""w"":0.5}",b7a677794b82ff1680841467faa35377b7d82f925e1dd78d94f0523c73551860
5,51,random_uniform_n8_uncoordinated,3037366208,"policy_seed = SeedSequence([planning_seed, dataset_id, hash('c6-random-policy')]); per-UAV stream = SeedSequence([policy_seed, uav_id]) -> default_rng(derived_seed); one stream per persistent UAV identity; streams are never shared or consumed sequentially across UAVs",0.004252661646151528,7982.51913020355,0.004275860901930286,169,60877,0.9972239105080737,360.2189349112426,2384,8000,80000.0,305.1947599230334,0.0,8000,101,0.012625,0,0,0,0,budget_exhausted,8000,8001,8000,8001,80000.0,"[[488944.06180331705,5514333.110834124],[488974.1073268375,5514303.110834124]]",caa956b7a1e4001cd29a1f55e08ad116b74842b78a2c500ed4502c33378e5943,035365e0299e176410003df05440130b8d557d436e67e97e0f84894609bc6379,"{""2"":1286424919,""3"":77739518}","{""0"":3864274983,""1"":3957768603,""2"":1286424919,""3"":77739518,""4"":2226879386}","[2,3]",not_applicable,not_applicable,not_applicable,not_applicable,evidence,10000.0,0.8,none,none,none,1954673922,none,stationary,matched_prior_exact,1,0,474685938998c00b5508839f91d28bb223c2e8154b33f9fb036b594e0be42afd,flat,temperate,3,0.9976901800029434,80000.0,1.0,0.0,2,"[1,0,4]","[2,3]","[[488954.5602390684,5514332.758179361],[488973.4235487942,5514297.708910218]]",5.000000000464996,0.38073837177620895,none,0.0041298291604559,verbatim from frozen C4 row (C4 recorded none for victim/sensor/distribution; failure_seed real),revision_C_base@7c27a44,7c27a44,45e2af3666873b8389a0bd7936fd9b6029d41fa8169fa964adb24a85ca76dec6,c6-random_20260831_182014_803486_5cf558a2,5cf558a20d4e6c9ac5845bd72e390abc3dcd6217c904aa099c208da79cfb245f,revision_B_base,revision_B_base,0.8,5,200000.0,xlarge,45.0,80.0,5.0,0.5,1.0,"{""p_d"":0.8,""stage"":""c6-random"",""tau"":10000.0,""w"":0.5}",b7a677794b82ff1680841467faa35377b7d82f925e1dd78d94f0523c73551860
5,48,random_uniform_n8_uncoordinated,879416245,"policy_seed = SeedSequence([planning_seed, dataset_id, hash('c6-random-policy')]); per-UAV stream = SeedSequence([policy_seed, uav_id]) -> default_rng(derived_seed); one stream per persistent UAV identity; streams are never shared or consumed sequentially across UAVs",0.013371861555031212,7942.660833097106,0.013427980352011417,435,152417,0.997145987652296,350.383908045977,3071,8000,200000.0,640.0671218000352,0.0,8000,350,0.042375,0,0,0,0,budget_exhausted,8000,8001,8000,8001,200000.0,"[[488883.97075627604,5514423.110834124],[488853.92523275554,5514363.110834124],[488883.97075627604,5514303.110834124],[488883.97075627604,5514333.110834124],[488944.06180331705,5514333.110834124]]",f092b0bf81c12aff7aed800fe96ae6865f7b0c5c56f3940ce419f6c91e850313,f1e829faa9a214a22327054b616da66cf9eca263806e53c77a94c19c5a52f0fe,"{""0"":1056923540,""1"":2738226347,""2"":2889171848,""3"":1337146582,""4"":929043853}","{""0"":1056923540,""1"":2738226347,""2"":2889171848,""3"":1337146582,""4"":929043853}","[0,1,2,3,4]",not_applicable,not_applicable,not_applicable,not_applicable,evidence,10000.0,0.8,none,none,none,2554995583,none,stationary,matched_prior_exact,1,0,474685938998c00b5508839f91d28bb223c2e8154b33f9fb036b594e0be42afd,flat,temperate,0,0.9927085155726917,200000.0,1.0,0.0,5,[],"[0,1,2,3,4]","[[488885.3059242648,5514428.16561988],[488861.0387228996,5514370.893690777],[488890.6399172239,5514302.102478412],[488882.67306184856,5514339.237248257],[488950.3043739672,5514332.652667367]]",5.000000000465426,1.0,none,0.0,verbatim from frozen C4 row (C4 recorded none for victim/sensor/distribution; failure_seed real),revision_C_base@7c27a44,7c27a44,45e2af3666873b8389a0bd7936fd9b6029d41fa8169fa964adb24a85ca76dec6,c6-random_20260831_182014_803486_5cf558a2,5cf558a20d4e6c9ac5845bd72e390abc3dcd6217c904aa099c208da79cfb245f,revision_B_base,revision_B_base,0.8,5,200000.0,xlarge,45.0,80.0,5.0,0.5,1.0,"{""p_d"":0.8,""stage"":""c6-random"",""tau"":10000.0,""w"":0.5}",b7a677794b82ff1680841467faa35377b7d82f925e1dd78d94f0523c73551860
5,48,random_uniform_n8_uncoordinated,879416245,"policy_seed = SeedSequence([planning_seed, dataset_id, hash('c6-random-policy')]); per-UAV stream = SeedSequence([policy_seed, uav_id]) -> default_rng(derived_seed); one stream per persistent UAV identity; streams are never shared or consumed sequentially across UAVs",0.007694180377406867,7962.9671345126135,0.007705396083251069,268,121930,0.9978020175510539,454.96268656716416,2993,8000,160000.0,532.0400019651279,0.0,8000,304,0.037375,0,0,0,0,budget_exhausted,8000,8001,8000,8001,160000.0,"[[488883.97075627604,5514423.110834124],[488853.92523275554,5514363.110834124],[488883.97075627604,5514303.110834124],[488883.97075627604,5514333.110834124]]",d83459b29eb23ac53f644f3b58c8dbce101dccf8d17b782c14dc90d3778ed67b,073da181e510b6578e8ebcb1bd2e22bf49f6a717cb5cf9e14f1d5271e2709087,"{""0"":1056923540,""1"":2738226347,""2"":2889171848,""3"":1337146582}","{""0"":1056923540,""1"":2738226347,""2"":2889171848,""3"":1337146582,""4"":929043853}","[0,1,2,3]",not_applicable,not_applicable,not_applicable,not_applicable,evidence,10000.0,0.8,none,none,none,2554995583,none,stationary,matched_prior_exact,1,0,474685938998c00b5508839f91d28bb223c2e8154b33f9fb036b594e0be42afd,flat,temperate,1,0.9952464860033263,160000.0,1.0,0.0,4,[4],"[0,1,2,3]","[[488885.3059242648,5514428.16561988],[488861.0387228996,5514370.893690777],[488890.6399172239,5514302.102478412],[488882.67306184856,5514339.237248257]]",5.000000000465426,0.5754008404695083,none,0.0025379704306346396,verbatim from frozen C4 row (C4 recorded none for victim/sensor/distribution; failure_seed real),revision_C_base@7c27a44,7c27a44,45e2af3666873b8389a0bd7936fd9b6029d41fa8169fa964adb24a85ca76dec6,c6-random_20260831_182014_803486_5cf558a2,5cf558a20d4e6c9ac5845bd72e390abc3dcd6217c904aa099c208da79cfb245f,revision_B_base,revision_B_base,0.8,5,200000.0,xlarge,45.0,80.0,5.0,0.5,1.0,"{""p_d"":0.8,""stage"":""c6-random"",""tau"":10000.0,""w"":0.5}",b7a677794b82ff1680841467faa35377b7d82f925e1dd78d94f0523c73551860
5,48,random_uniform_n8_uncoordinated,879416245,"policy_seed = SeedSequence([planning_seed, dataset_id, hash('c6-random-policy')]); per-UAV stream = SeedSequence([policy_seed, uav_id]) -> default_rng(derived_seed); one stream per persistent UAV identity; streams are never shared or consumed sequentially across UAVs",0.007426366459614491,7964.325105726993,0.007432887914116783,258,91386,0.9971768104523668,354.2093023255814,2934,8000,120000.0,422.6949609830044,0.0,8000,115,0.014375,0,0,0,0,budget_exhausted,8000,8001,8000,8001,120000.0,"[[488883.97075627604,5514423.110834124],[488883.97075627604,5514303.110834124],[488883.97075627604,5514333.110834124]]",89acffe167793ffa5e65c448a089bde679f8528b27f81243a1b0afa5ecbdf644,d47af0dcd1531c3e99834b170e754d310f70022bc45ffbd4dcd190d4f013e9a2,"{""0"":1056923540,""2"":2889171848,""3"":1337146582}","{""0"":1056923540,""1"":2738226347,""2"":2889171848,""3"":1337146582,""4"":929043853}","[0,2,3]",not_applicable,not_applicable,not_applicable,not_applicable,evidence,10000.0,0.8,none,none,none,2554995583,none,stationary,matched_prior_exact,1,0,474685938998c00b5508839f91d28bb223c2e8154b33f9fb036b594e0be42afd,flat,temperate,2,0.9954162111894754,120000.0,1.0,0.0,3,"[4,1]","[0,2,3]","[[488885.3059242648,5514428.16561988],[488890.6399172239,5514302.102478412],[488882.67306184856,5514339.237248257]]",5.000000000462698,0.5553726703684195,none,0.002707695616783745,verbatim from frozen C4 row (C4 recorded none for victim/sensor/distribution; failure_seed real),revision_C_base@7c27a44,7c27a44,45e2af3666873b8389a0bd7936fd9b6029d41fa8169fa964adb24a85ca76dec6,c6-random_20260831_182014_803486_5cf558a2,5cf558a20d4e6c9ac5845bd72e390abc3dcd6217c904aa099c208da79cfb245f,revision_B_base,revision_B_base,0.8,5,200000.0,xlarge,45.0,80.0,5.0,0.5,1.0,"{""p_d"":0.8,""stage"":""c6-random"",""tau"":10000.0,""w"":0.5}",b7a677794b82ff1680841467faa35377b7d82f925e1dd78d94f0523c73551860
5,48,random_uniform_n8_uncoordinated,879416245,"policy_seed = SeedSequence([planning_seed, dataset_id, hash('c6-random-policy')]); per-UAV stream = SeedSequence([policy_seed, uav_id]) -> default_rng(derived_seed); one stream per persistent UAV identity; streams are never shared or consumed sequentially across UAVs",0.005142723705829371,7975.33921958711,0.005155893659318088,169,60926,0.9972261431900995,360.50887573964496,2053,8000,80000.0,313.38388632889837,0.0,8000,9,0.001125,0,0,0,0,budget_exhausted,8000,8001,8000,8001,80000.0,"[[488883.97075627604,5514423.110834124],[488883.97075627604,5514303.110834124]]",e918d3205f8910fd02c735bed9ad43d70080642cba6ecb4a9da7e4693a3c190d,5f34470cfcb434445d44b66c2fc7dd1028e784fb1045412182a0e5fbfec39c66,"{""0"":1056923540,""2"":2889171848}","{""0"":1056923540,""1"":2738226347,""2"":2889171848,""3"":1337146582,""4"":929043853}","[0,2]",not_applicable,not_applicable,not_applicable,not_applicable,evidence,10000.0,0.8,none,none,none,2554995583,none,stationary,matched_prior_exact,1,0,474685938998c00b5508839f91d28bb223c2e8154b33f9fb036b594e0be42afd,flat,temperate,3,0.9967928033479703,80000.0,1.0,0.0,2,"[4,1,3]","[0,2]","[[488885.3059242648,5514428.16561988],[488890.6399172239,5514302.102478412]]",5.000000000462698,0.38459295174907054,none,0.004084287775278583,verbatim from frozen C4 row (C4 recorded none for victim/sensor/distribution; failure_seed real),revision_C_base@7c27a44,7c27a44,45e2af3666873b8389a0bd7936fd9b6029d41fa8169fa964adb24a85ca76dec6,c6-random_20260831_182014_803486_5cf558a2,5cf558a20d4e6c9ac5845bd72e390abc3dcd6217c904aa099c208da79cfb245f,revision_B_base,revision_B_base,0.8,5,200000.0,xlarge,45.0,80.0,5.0,0.5,1.0,"{""p_d"":0.8,""stage"":""c6-random"",""tau"":10000.0,""w"":0.5}",b7a677794b82ff1680841467faa35377b7d82f925e1dd78d94f0523c73551860
5,50,random_uniform_n8_uncoordinated,593934498,"policy_seed = SeedSequence([planning_seed, dataset_id, hash('c6-random-policy')]); per-UAV stream = SeedSequence([policy_seed, uav_id]) -> default_rng(derived_seed); one stream per persistent UAV identity; streams are never shared or consumed sequentially across UAVs",0.012226893804793998,7943.028454979516,0.012253766994093473,390,152328,0.9974397353080195,390.5846153846154,3213,8000,200000.0,633.5088077099063,0.0,8000,332,0.040375,0,0,0,0,budget_exhausted,8000,8001,8000,8001,200000.0,"[[488974.1073268375,5514303.110834124],[488853.92523275554,5514363.110834124],[488944.06180331705,5514453.110834124],[489004.152850358,5514393.110834124],[488914.01627979655,5514393.110834124]]",a9870407c9be3f8cada061a5c5350e112c9f130eb89718ecbe80ebea8df39327,8a1d7fdac1e3d9e832055c6da10c34dba0b80eab0a0320bc890354e0fd1fc92b,"{""0"":3071867346,""1"":218017999,""2"":4106339335,""3"":2973441964,""4"":3092732017}","{""0"":3071867346,""1"":218017999,""2"":4106339335,""3"":2973441964,""4"":3092732017}","[0,1,2,3,4]",not_applicable,not_applicable,not_applicable,not_applicable,evidence,10000.0,0.8,none,none,none,759396235,none,stationary,matched_prior_exact,1,0,474685938998c00b5508839f91d28bb223c2e8154b33f9fb036b594e0be42afd,flat,temperate,0,0.992754462564619,200000.0,1.0,0.0,5,[],"[0,1,2,3,4]","[[488965.33351979183,5514289.317774574],[488849.8339264691,5514348.860224111],[488950.7080924393,5514458.267307808],[489012.46370182175,5514407.724282884],[488901.89486185624,5514407.802702064]]",5.000000000464833,1.0,none,0.0,verbatim from frozen C4 row (C4 recorded none for victim/sensor/distribution; failure_seed real),revision_C_base@7c27a44,7c27a44,45e2af3666873b8389a0bd7936fd9b6029d41fa8169fa964adb24a85ca76dec6,c6-random_20260831_182014_803486_5cf558a2,5cf558a20d4e6c9ac5845bd72e390abc3dcd6217c904aa099c208da79cfb245f,revision_B_base,revision_B_base,0.8,5,200000.0,xlarge,45.0,80.0,5.0,0.5,1.0,"{""p_d"":0.8,""stage"":""c6-random"",""tau"":10000.0,""w"":0.5}",b7a677794b82ff1680841467faa35377b7d82f925e1dd78d94f0523c73551860
5,50,random_uniform_n8_uncoordinated,593934498,"policy_seed = SeedSequence([planning_seed, dataset_id, hash('c6-random-policy')]); per-UAV stream = SeedSequence([policy_seed, uav_id]) -> default_rng(derived_seed); one stream per persistent UAV identity; streams are never shared or consumed sequentially across UAVs",0.011690921674749853,7945.620773513934,0.011717728450802087,376,121895,0.996915377989253,324.18882978723406,2549,8000,160000.0,534.8496988620609,0.0,8000,129,0.016125,0,0,0,0,budget_exhausted,8000,8001,8000,8001,160000.0,"[[488974.1073268375,5514303.110834124],[488944.06180331705,5514453.110834124],[489004.152850358,5514393.110834124],[488914.01627979655,5514393.110834124]]",3913eea08519f79c713cdb281701a6d1fa0b18acdf2bf7c1a9c9ce73313e6c98,86e285fbf3dc2abc63b5197550eb197a9bb452c06c1e6496d8627363db7c1c3c,"{""0"":3071867346,""2"":4106339335,""3"":2973441964,""4"":3092732017}","{""0"":3071867346,""1"":218017999,""2"":4106339335,""3"":2973441964,""4"":3092732017}","[0,2,3,4]",not_applicable,not_applicable,not_applicable,not_applicable,evidence,10000.0,0.8,none,none,none,759396235,none,stationary,matched_prior_exact,1,0,474685938998c00b5508839f91d28bb223c2e8154b33f9fb036b594e0be42afd,flat,temperate,1,0.9930784618815066,160000.0,1.0,0.0,4,[1],"[0,2,3,4]","[[488965.33351979183,5514289.317774574],[488950.7080924393,5514458.267307808],[489012.46370182175,5514407.724282884],[488901.89486185624,5514407.802702064]]",5.000000000464833,0.9561644896405335,none,0.0003239993168876465,verbatim from frozen C4 row (C4 recorded none for victim/sensor/distribution; failure_seed real),revision_C_base@7c27a44,7c27a44,45e2af3666873b8389a0bd7936fd9b6029d41fa8169fa964adb24a85ca76dec6,c6-random_20260831_182014_803486_5cf558a2,5cf558a20d4e6c9ac5845bd72e390abc3dcd6217c904aa099c208da79cfb245f,revision_B_base,revision_B_base,0.8,5,200000.0,xlarge,45.0,80.0,5.0,0.5,1.0,"{""p_d"":0.8,""stage"":""c6-random"",""tau"":10000.0,""w"":0.5}",b7a677794b82ff1680841467faa35377b7d82f925e1dd78d94f0523c73551860
5,50,random_uniform_n8_uncoordinated,593934498,"policy_seed = SeedSequence([planning_seed, dataset_id, hash('c6-random-policy')]); per-UAV stream = SeedSequence([policy_seed, uav_id]) -> default_rng(derived_seed); one stream per persistent UAV identity; streams are never shared or consumed sequentially across UAVs",0.010017293452417263,7954.696696764229,0.010049960762209653,311,91402,0.9965974486335091,293.89710610932474,1298,8000,120000.0,418.25802008993924,0.0,8000,50,0.00625,0,0,0,0,budget_exhausted,8000,8001,8000,8001,120000.0,"[[488974.1073268375,5514303.110834124],[489004.152850358,5514393.110834124],[488914.01627979655,5514393.110834124]]",5e03da9d83308652e6a9247a51d0ebb3f3b5adb9c90a6bd2e37a3618557b9fe4,ea3aa8e3adfc37189be012b8c84ce8e4536b6f86739f6dd7029c0a6974c75da4,"{""0"":3071867346,""3"":2973441964,""4"":3092732017}","{""0"":3071867346,""1"":218017999,""2"":4106339335,""3"":2973441964,""4"":3092732017}","[0,3,4]",not_applicable,not_applicable,not_applicable,not_applicable,evidence,10000.0,0.8,none,none,none,759396235,none,stationary,matched_prior_exact,1,0,474685938998c00b5508839f91d28bb223c2e8154b33f9fb036b594e0be42afd,flat,temperate,2,0.9942128104942168,120000.0,1.0,0.0,3,"[1,2]","[0,3,4]","[[488965.33351979183,5514289.317774574],[489012.46370182175,5514407.724282884],[488901.89486185624,5514407.802702064]]",5.000000000464833,0.8192835901207892,none,0.0014583479295978696,verbatim from frozen C4 row (C4 recorded none for victim/sensor/distribution; failure_seed real),revision_C_base@7c27a44,7c27a44,45e2af3666873b8389a0bd7936fd9b6029d41fa8169fa964adb24a85ca76dec6,c6-random_20260831_182014_803486_5cf558a2,5cf558a20d4e6c9ac5845bd72e390abc3dcd6217c904aa099c208da79cfb245f,revision_B_base,revision_B_base,0.8,5,200000.0,xlarge,45.0,80.0,5.0,0.5,1.0,"{""p_d"":0.8,""stage"":""c6-random"",""tau"":10000.0,""w"":0.5}",b7a677794b82ff1680841467faa35377b7d82f925e1dd78d94f0523c73551860
5,50,random_uniform_n8_uncoordinated,593934498,"policy_seed = SeedSequence([planning_seed, dataset_id, hash('c6-random-policy')]); per-UAV stream = SeedSequence([policy_seed, uav_id]) -> default_rng(derived_seed); one stream per persistent UAV identity; streams are never shared or consumed sequentially across UAVs",0.008067604124788455,7966.874867533844,0.008105220423643578,258,60937,0.9957661191066183,236.18992248062017,1256,8000,80000.0,314.1180880619213,0.0,8000,1,0.000125,0,0,0,0,budget_exhausted,8000,8001,8000,8001,80000.0,"[[489004.152850358,5514393.110834124],[488914.01627979655,5514393.110834124]]",f995d0f42bca614ec2bbaa34cba9b449f22c34a3d6bbee77f9c41e08548c00bd,0764a328e80490e4c75ba2430472d0fa2e9398ca03230370ecd06768b17d9fdb,"{""3"":2973441964,""4"":3092732017}","{""0"":3071867346,""1"":218017999,""2"":4106339335,""3"":2973441964,""4"":3092732017}","[3,4]",not_applicable,not_applicable,not_applicable,not_applicable,evidence,10000.0,0.8,none,none,none,759396235,none,stationary,matched_prior_exact,1,0,474685938998c00b5508839f91d28bb223c2e8154b33f9fb036b594e0be42afd,flat,temperate,3,0.9957348915802829,80000.0,1.0,0.0,2,"[1,2,0]","[3,4]","[[489012.46370182175,5514407.724282884],[488901.89486185624,5514407.802702064]]",5.000000000464833,0.6598245027388115,none,0.0029804290156639768,verbatim from frozen C4 row (C4 recorded none for victim/sensor/distribution; failure_seed real),revision_C_base@7c27a44,7c27a44,45e2af3666873b8389a0bd7936fd9b6029d41fa8169fa964adb24a85ca76dec6,c6-random_20260831_182014_803486_5cf558a2,5cf558a20d4e6c9ac5845bd72e390abc3dcd6217c904aa099c208da79cfb245f,revision_B_base,revision_B_base,0.8,5,200000.0,xlarge,45.0,80.0,5.0,0.5,1.0,"{""p_d"":0.8,""stage"":""c6-random"",""tau"":10000.0,""w"":0.5}",b7a677794b82ff1680841467faa35377b7d82f925e1dd78d94f0523c73551860
5,46,random_uniform_n8_uncoordinated,2061604248,"policy_seed = SeedSequence([planning_seed, dataset_id, hash('c6-random-policy')]); per-UAV stream = SeedSequence([policy_seed, uav_id]) -> default_rng(derived_seed); one stream per persistent UAV identity; streams are never shared or consumed sequentially across UAVs",0.010036252368609451,7958.836213271312,0.01005338385475456,333,152182,0.9978118305712896,457.003003003003,2633,8000,200000.0,661.1812720629387,0.0,8000,277,0.034375,0,0,0,0,budget_exhausted,8000,8001,8000,8001,200000.0,"[[488974.1073268375,5514363.110834124],[488944.06180331705,5514453.110834124],[488974.1073268375,5514363.110834124],[488883.97075627604,5514303.110834124],[488853.92523275554,5514363.110834124]]",c67220906d652b067a7cf8b397fe7e22dc6d5c155ae6f5ff67c986d3e8edd122,f8576a06fc01139502c90f4401943e0e3205e896b48f2febaa3d31ed556551b9,"{""0"":3944753108,""1"":4083175250,""2"":2630204704,""3"":3297779016,""4"":2645261779}","{""0"":3944753108,""1"":4083175250,""2"":2630204704,""3"":3297779016,""4"":2645261779}","[0,1,2,3,4]",not_applicable,not_applicable,not_applicable,not_applicable,evidence,10000.0,0.8,none,none,none,2375558030,none,stationary,matched_prior_exact,1,0,474685938998c00b5508839f91d28bb223c2e8154b33f9fb036b594e0be42afd,flat,temperate,0,0.9947301853857408,200000.0,1.0,0.0,5,[],"[0,1,2,3,4]","[[488967.1052723225,5514362.578079432],[488932.9164683243,5514456.176744292],[488970.73918142926,5514366.3726329645],[488883.4661214483,5514314.205585484],[488857.7690048986,5514371.895520154]]",5.000000000466276,1.0,none,0.0,verbatim from frozen C4 row (C4 recorded none for victim/sensor/distribution; failure_seed real),revision_C_base@7c27a44,7c27a44,45e2af3666873b8389a0bd7936fd9b6029d41fa8169fa964adb24a85ca76dec6,c6-random_20260831_182014_803486_5cf558a2,5cf558a20d4e6c9ac5845bd72e390abc3dcd6217c904aa099c208da79cfb245f,revision_B_base,revision_B_base,0.8,5,200000.0,xlarge,45.0,80.0,5.0,0.5,1.0,"{""p_d"":0.8,""stage"":""c6-random"",""tau"":10000.0,""w"":0.5}",b7a677794b82ff1680841467faa35377b7d82f925e1dd78d94f0523c73551860
5,46,random_uniform_n8_uncoordinated,2061604248,"policy_seed = SeedSequence([planning_seed, dataset_id, hash('c6-random-policy')]); per-UAV stream = SeedSequence([policy_seed, uav_id]) -> default_rng(derived_seed); one stream per persistent UAV identity; streams are never shared or consumed sequentially across UAVs",0.008550053767823335,7963.203546993276,0.0085668828101695,291,121779,0.9976104254428103,418.4845360824742,1894,8000,160000.0,531.5090112602338,0.0,8000,120,0.015,0,0,0,0,budget_exhausted,8000,8001,8000,8001,160000.0,"[[488974.1073268375,5514363.110834124],[488944.06180331705,5514453.110834124],[488974.1073268375,5514363.110834124],[488883.97075627604,5514303.110834124]]",49c998b67cf0b577be36fc5e312520841b6f0cbb32faa14d0152b13d04a71b05,6b06e9361fc24e7bf4aad13c465f16bd7db90f295ef022e4f1a74acaa3e964e8,"{""0"":3944753108,""1"":4083175250,""2"":2630204704,""3"":3297779016}","{""0"":3944753108,""1"":4083175250,""2"":2630204704,""3"":3297779016,""4"":2645261779}","[0,1,2,3]",not_applicable,not_applicable,not_applicable,not_applicable,evidence,10000.0,0.8,none,none,none,2375558030,none,stationary,matched_prior_exact,1,0,474685938998c00b5508839f91d28bb223c2e8154b33f9fb036b594e0be42afd,flat,temperate,1,0.9952760338699258,160000.0,1.0,0.0,4,[4],"[0,1,2,3]","[[488967.1052723225,5514362.578079432],[488932.9164683243,5514456.176744292],[488970.73918142926,5514366.3726329645],[488883.4661214483,5514314.205585484]]",5.000000000466276,0.8519169759586234,none,0.0005458484841850408,verbatim from frozen C4 row (C4 recorded none for victim/sensor/distribution; failure_seed real),revision_C_base@7c27a44,7c27a44,45e2af3666873b8389a0bd7936fd9b6029d41fa8169fa964adb24a85ca76dec6,c6-random_20260831_182014_803486_5cf558a2,5cf558a20d4e6c9ac5845bd72e390abc3dcd6217c904aa099c208da79cfb245f,revision_B_base,revision_B_base,0.8,5,200000.0,xlarge,45.0,80.0,5.0,0.5,1.0,"{""p_d"":0.8,""stage"":""c6-random"",""tau"":10000.0,""w"":0.5}",b7a677794b82ff1680841467faa35377b7d82f925e1dd78d94f0523c73551860
5,46,random_uniform_n8_uncoordinated,2061604248,"policy_seed = SeedSequence([planning_seed, dataset_id, hash('c6-random-policy')]); per-UAV stream = SeedSequence([policy_seed, uav_id]) -> default_rng(derived_seed); one stream per persistent UAV identity; streams are never shared or consumed sequentially across UAVs",0.007956052450580293,7966.5843912484015,0.007976502564312288,273,91344,0.9970112979506043,334.5934065934066,1364,8000,120000.0,437.7917966870591,0.0,8000,54,0.00675,0,0,0,0,budget_exhausted,8000,8001,8000,8001,120000.0,"[[488974.1073268375,5514363.110834124],[488974.1073268375,5514363.110834124],[488883.97075627604,5514303.110834124]]",64eb8d1c8096d97629e399953acb6609f11aaf6758abfb7c16dcc6f8fb8e5aac,2f669f074d977351047a8ea02f640ceac4785616e305c3f759ded18c9cdadea0,"{""0"":3944753108,""2"":2630204704,""3"":3297779016}","{""0"":3944753108,""1"":4083175250,""2"":2630204704,""3"":3297779016,""4"":2645261779}","[0,2,3]",not_applicable,not_applicable,not_applicable,not_applicable,evidence,10000.0,0.8,none,none,none,2375558030,none,stationary,matched_prior_exact,1,0,474685938998c00b5508839f91d28bb223c2e8154b33f9fb036b594e0be42afd,flat,temperate,2,0.9956985865827274,120000.0,1.0,0.0,3,"[4,1]","[0,2,3]","[[488967.1052723225,5514362.578079432],[488970.73918142926,5514366.3726329645],[488883.4661214483,5514314.205585484]]",5.000000000466276,0.792731405944371,none,0.0009684011969866013,verbatim from frozen C4 row (C4 recorded none for victim/sensor/distribution; failure_seed real),revision_C_base@7c27a44,7c27a44,45e2af3666873b8389a0bd7936fd9b6029d41fa8169fa964adb24a85ca76dec6,c6-random_20260831_182014_803486_5cf558a2,5cf558a20d4e6c9ac5845bd72e390abc3dcd6217c904aa099c208da79cfb245f,revision_B_base,revision_B_base,0.8,5,200000.0,xlarge,45.0,80.0,5.0,0.5,1.0,"{""p_d"":0.8,""stage"":""c6-random"",""tau"":10000.0,""w"":0.5}",b7a677794b82ff1680841467faa35377b7d82f925e1dd78d94f0523c73551860
5,46,random_uniform_n8_uncoordinated,2061604248,"policy_seed = SeedSequence([planning_seed, dataset_id, hash('c6-random-policy')]); per-UAV stream = SeedSequence([policy_seed, uav_id]) -> default_rng(derived_seed); one stream per persistent UAV identity; streams are never shared or consumed sequentially across UAVs",0.007043717299023696,7970.410136273093,0.00706112623661659,240,60888,0.9960583366180528,253.7,1284,8000,80000.0,312.5493858847767,0.0,8000,18,0.00225,0,0,0,0,budget_exhausted,8000,8001,8000,8001,80000.0,"[[488974.1073268375,5514363.110834124],[488883.97075627604,5514303.110834124]]",a2a702a3f1a9795d29ab6d1b155726470055877b17aedac48e29947b7bbc4624,26a0adb6aa0302762f80177e8c4906e46724d919ab3b629fa14dca3b4cd9f159,"{""2"":2630204704,""3"":3297779016}","{""0"":3944753108,""1"":4083175250,""2"":2630204704,""3"":3297779016,""4"":2645261779}","[2,3]",not_applicable,not_applicable,not_applicable,not_applicable,evidence,10000.0,0.8,none,none,none,2375558030,none,stationary,matched_prior_exact,1,0,474685938998c00b5508839f91d28bb223c2e8154b33f9fb036b594e0be42afd,flat,temperate,3,0.9961767449410189,80000.0,1.0,0.0,2,"[4,1,0]","[2,3]","[[488970.73918142926,5514366.3726329645],[488883.4661214483,5514314.205585484]]",5.000000000466276,0.70182743919976,none,0.0014465595552781707,verbatim from frozen C4 row (C4 recorded none for victim/sensor/distribution; failure_seed real),revision_C_base@7c27a44,7c27a44,45e2af3666873b8389a0bd7936fd9b6029d41fa8169fa964adb24a85ca76dec6,c6-random_20260831_182014_803486_5cf558a2,5cf558a20d4e6c9ac5845bd72e390abc3dcd6217c904aa099c208da79cfb245f,revision_B_base,revision_B_base,0.8,5,200000.0,xlarge,45.0,80.0,5.0,0.5,1.0,"{""p_d"":0.8,""stage"":""c6-random"",""tau"":10000.0,""w"":0.5}",b7a677794b82ff1680841467faa35377b7d82f925e1dd78d94f0523c73551860
10,45,random_uniform_n8_uncoordinated,4078075203,"policy_seed = SeedSequence([planning_seed, dataset_id, hash('c6-random-policy')]); per-UAV stream = SeedSequence([policy_seed, uav_id]) -> default_rng(derived_seed); one stream per persistent UAV identity; streams are never shared or consumed sequentially across UAVs",0.019284187454299793,7953.166857086828,0.019356358738159454,545,151917,0.9964125147284373,278.7467889908257,1734,8000,200000.0,602.7747378051281,0.0,8000,364,0.044375,0,0,0,0,budget_exhausted,8000,8001,8000,8001,200000.0,"[[334219.4232839077,5724983.667836364],[334279.5143309487,5724923.576789323],[334189.3777603872,5725013.713359885],[334309.55985446915,5724953.622312844],[334219.4232839077,5725043.7588834055]]",61c2bff68b2e5a656ff70e00d0e795080c7c6ad4a2b77ac2c2721ff4d34574c2,535add3c64e5825e485ab0b0f1469e12813db16795e21fc1a4155928a011d7d0,"{""0"":1401154244,""1"":2428082638,""2"":3369973028,""3"":2005781837,""4"":328479776}","{""0"":1401154244,""1"":2428082638,""2"":3369973028,""3"":2005781837,""4"":328479776}","[0,1,2,3,4]",not_applicable,not_applicable,not_applicable,not_applicable,evidence,10000.0,0.8,none,none,none,401026166,none,stationary,matched_prior_exact,1,0,456bd8986bed7e66f08fa8c990d8346adc5088c8289034b42a9f6161c440d0bb,flat,temperate,0,0.9940216044352991,200000.0,1.0,0.0,5,[],"[0,1,2,3,4]","[[334214.3573079379,5724981.472488245],[334287.2319513471,5724923.950527903],[334191.4163765472,5725008.043513834],[334301.54773942236,5724939.80748086],[334210.7322952044,5725058.230726799]]",5.000000000466206,1.0,none,0.0,verbatim from frozen C4 row (C4 recorded none for victim/sensor/distribution; failure_seed real),revision_C_base@7c27a44,7c27a44,45e2af3666873b8389a0bd7936fd9b6029d41fa8169fa964adb24a85ca76dec6,c6-random_20260831_182014_803486_5cf558a2,5cf558a20d4e6c9ac5845bd72e390abc3dcd6217c904aa099c208da79cfb245f,revision_B_base,revision_B_base,0.8,5,200000.0,xlarge,45.0,80.0,5.0,0.5,1.0,"{""p_d"":0.8,""stage"":""c6-random"",""tau"":10000.0,""w"":0.5}",b7a677794b82ff1680841467faa35377b7d82f925e1dd78d94f0523c73551860
10,45,random_uniform_n8_uncoordinated,4078075203,"policy_seed = SeedSequence([planning_seed, dataset_id, hash('c6-random-policy')]); per-UAV stream = SeedSequence([policy_seed, uav_id]) -> default_rng(derived_seed); one stream per persistent UAV identity; streams are never shared or consumed sequentially across UAVs",0.019223467567437272,7953.327194768688,0.019295149174789975,543,121496,0.995530717060644,223.74953959484347,1234,8000,160000.0,527.5708122551441,0.0,8000,192,0.024,0,0,0,0,budget_exhausted,8000,8001,8000,8001,160000.0,"[[334219.4232839077,5724983.667836364],[334279.5143309487,5724923.576789323],[334189.3777603872,5725013.713359885],[334309.55985446915,5724953.622312844]]",f5d55ef7003e28279cf1c05e772d12f8a7de967dff5c0ffebf7b9f06c059a46c,93b8f6fff8123853357765189752fecea5fb5a119378e0b15da98bc3ccd7b6ae,"{""0"":1401154244,""1"":2428082638,""2"":3369973028,""3"":2005781837}","{""0"":1401154244,""1"":2428082638,""2"":3369973028,""3"":2005781837,""4"":328479776}","[0,1,2,3]",not_applicable,not_applicable,not_applicable,not_applicable,evidence,10000.0,0.8,none,none,none,401026166,none,stationary,matched_prior_exact,1,0,456bd8986bed7e66f08fa8c990d8346adc5088c8289034b42a9f6161c440d0bb,flat,temperate,1,0.9940416441405684,160000.0,1.0,0.0,4,[4],"[0,1,2,3]","[[334214.3573079379,5724981.472488245],[334287.2319513471,5724923.950527903],[334191.4163765472,5725008.043513834],[334301.54773942236,5724939.80748086]]",5.000000000465697,0.9968513121433601,none,2.0039705269314645e-05,verbatim from frozen C4 row (C4 recorded none for victim/sensor/distribution; failure_seed real),revision_C_base@7c27a44,7c27a44,45e2af3666873b8389a0bd7936fd9b6029d41fa8169fa964adb24a85ca76dec6,c6-random_20260831_182014_803486_5cf558a2,5cf558a20d4e6c9ac5845bd72e390abc3dcd6217c904aa099c208da79cfb245f,revision_B_base,revision_B_base,0.8,5,200000.0,xlarge,45.0,80.0,5.0,0.5,1.0,"{""p_d"":0.8,""stage"":""c6-random"",""tau"":10000.0,""w"":0.5}",b7a677794b82ff1680841467faa35377b7d82f925e1dd78d94f0523c73551860
10,45,random_uniform_n8_uncoordinated,4078075203,"policy_seed = SeedSequence([planning_seed, dataset_id, hash('c6-random-policy')]); per-UAV stream = SeedSequence([policy_seed, uav_id]) -> default_rng(derived_seed); one stream per persistent UAV identity; streams are never shared or consumed sequentially across UAVs",0.01170248025228276,7981.416945473811,0.011754809015622073,438,91142,0.9951943121722148,208.08675799086757,1234,8000,120000.0,396.9522574702278,0.0,8000,101,0.012625,0,0,0,0,budget_exhausted,8000,8001,8000,8001,120000.0,"[[334219.4232839077,5724983.667836364],[334279.5143309487,5724923.576789323],[334189.3777603872,5725013.713359885]]",b827ce382f11a4147f425dc94756ce4cbe4b4fc47e109e1c1e2580fcd008b128,a8efd4a42a8396d96ea3eebb7a314fb766be20022ea2d09647dc4303239d46a8,"{""0"":1401154244,""1"":2428082638,""2"":3369973028}","{""0"":1401154244,""1"":2428082638,""2"":3369973028,""3"":2005781837,""4"":328479776}","[0,1,2]",not_applicable,not_applicable,not_applicable,not_applicable,evidence,10000.0,0.8,none,none,none,401026166,none,stationary,matched_prior_exact,1,0,456bd8986bed7e66f08fa8c990d8346adc5088c8289034b42a9f6161c440d0bb,flat,temperate,2,0.99755242413121,120000.0,1.0,0.0,3,"[4,3]","[0,1,2]","[[334214.3573079379,5724981.472488245],[334287.2319513471,5724923.950527903],[334191.4163765472,5725008.043513834]]",5.000000000465697,0.6068433155410683,none,0.0035308196959109583,verbatim from frozen C4 row (C4 recorded none for victim/sensor/distribution; failure_seed real),revision_C_base@7c27a44,7c27a44,45e2af3666873b8389a0bd7936fd9b6029d41fa8169fa964adb24a85ca76dec6,c6-random_20260831_182014_803486_5cf558a2,5cf558a20d4e6c9ac5845bd72e390abc3dcd6217c904aa099c208da79cfb245f,revision_B_base,revision_B_base,0.8,5,200000.0,xlarge,45.0,80.0,5.0,0.5,1.0,"{""p_d"":0.8,""stage"":""c6-random"",""tau"":10000.0,""w"":0.5}",b7a677794b82ff1680841467faa35377b7d82f925e1dd78d94f0523c73551860
10,45,random_uniform_n8_uncoordinated,4078075203,"policy_seed = SeedSequence([planning_seed, dataset_id, hash('c6-random-policy')]); per-UAV stream = SeedSequence([policy_seed, uav_id]) -> default_rng(derived_seed); one stream per persistent UAV identity; streams are never shared or consumed sequentially across UAVs",0.005640624048380406,7990.195281655728,0.00566154082128119,301,60732,0.9950437989857077,201.7674418604651,1034,8000,80000.0,314.0666741821915,0.0,8000,17,0.002125,0,0,0,0,budget_exhausted,8000,8001,8000,8001,80000.0,"[[334219.4232839077,5724983.667836364],[334189.3777603872,5725013.713359885]]",6feda1451455c880cabc09a224ab733b695f37bb10de6cafd0e1a4534f2f39f8,bb69d3df1e41cc1dde1c9ef45f7b74a60587b3aeb41f9df90ace256f253933fd,"{""0"":1401154244,""2"":3369973028}","{""0"":1401154244,""1"":2428082638,""2"":3369973028,""3"":2005781837,""4"":328479776}","[0,2]",not_applicable,not_applicable,not_applicable,not_applicable,evidence,10000.0,0.8,none,none,none,401026166,none,stationary,matched_prior_exact,1,0,456bd8986bed7e66f08fa8c990d8346adc5088c8289034b42a9f6161c440d0bb,flat,temperate,3,0.9986495790095897,80000.0,1.0,0.0,2,"[4,3,1]","[0,2]","[[334214.3573079379,5724981.472488245],[334191.4163765472,5725008.043513834]]",5.000000000465697,0.29249995944852303,none,0.00462797457429065,verbatim from frozen C4 row (C4 recorded none for victim/sensor/distribution; failure_seed real),revision_C_base@7c27a44,7c27a44,45e2af3666873b8389a0bd7936fd9b6029d41fa8169fa964adb24a85ca76dec6,c6-random_20260831_182014_803486_5cf558a2,5cf558a20d4e6c9ac5845bd72e390abc3dcd6217c904aa099c208da79cfb245f,revision_B_base,revision_B_base,0.8,5,200000.0,xlarge,45.0,80.0,5.0,0.5,1.0,"{""p_d"":0.8,""stage"":""c6-random"",""tau"":10000.0,""w"":0.5}",b7a677794b82ff1680841467faa35377b7d82f925e1dd78d94f0523c73551860
10,43,random_uniform_n8_uncoordinated,1717360071,"policy_seed = SeedSequence([planning_seed, dataset_id, hash('c6-random-policy')]); per-UAV stream = SeedSequence([policy_seed, uav_id]) -> default_rng(derived_seed); one stream per persistent UAV identity; streams are never shared or consumed sequentially across UAVs",0.010333917060005322,7970.4052447523245,0.010441667895378268,510,152045,0.9966457298826006,298.12745098039215,1803,8000,200000.0,610.5292633171193,0.0,8000,177,0.022,0,0,0,0,budget_exhausted,8000,8001,8000,8001,200000.0,"[[334279.5143309487,5724983.667836364],[334369.65090151015,5725013.713359885],[334249.4688074282,5724983.667836364],[334279.5143309487,5724953.622312844],[334219.4232839077,5725043.7588834055]]",f6c8eacd52200e5d87cb440cb59a1ac48d05a35e3dc2ced7ce1160db7bb3a978,5d561416503c195812bbcc2ccfe52413196549ab566c223d8c63fd40786fb9d5,"{""0"":994793069,""1"":1560366641,""2"":2773768322,""3"":3994411504,""4"":1267870199}","{""0"":994793069,""1"":1560366641,""2"":2773768322,""3"":3994411504,""4"":1267870199}","[0,1,2,3,4]",not_applicable,not_applicable,not_applicable,not_applicable,evidence,10000.0,0.8,none,none,none,4273844901,none,stationary,matched_prior_exact,1,0,456bd8986bed7e66f08fa8c990d8346adc5088c8289034b42a9f6161c440d0bb,flat,temperate,0,0.9961761335773434,200000.0,1.0,0.0,5,[],"[0,1,2,3,4]","[[334267.462172355,5724996.610766233],[334370.39838088065,5725025.211850789],[334239.04111023084,5724989.036028044],[334280.0925910194,5724962.365647277],[334220.6670554358,5725046.075560594]]",5.000000000465831,1.0,none,0.0,verbatim from frozen C4 row (C4 recorded none for victim/sensor/distribution; failure_seed real),revision_C_base@7c27a44,7c27a44,45e2af3666873b8389a0bd7936fd9b6029d41fa8169fa964adb24a85ca76dec6,c6-random_20260831_182014_803486_5cf558a2,5cf558a20d4e6c9ac5845bd72e390abc3dcd6217c904aa099c208da79cfb245f,revision_B_base,revision_B_base,0.8,5,200000.0,xlarge,45.0,80.0,5.0,0.5,1.0,"{""p_d"":0.8,""stage"":""c6-random"",""tau"":10000.0,""w"":0.5}",b7a677794b82ff1680841467faa35377b7d82f925e1dd78d94f0523c73551860
10,43,random_uniform_n8_uncoordinated,1717360071,"policy_seed = SeedSequence([planning_seed, dataset_id, hash('c6-random-policy')]); per-UAV stream = SeedSequence([policy_seed, uav_id]) -> default_rng(derived_seed); one stream per persistent UAV identity; streams are never shared or consumed sequentially across UAVs",0.009038043936347107,7974.858113388065,0.009145176116016684,439,121622,0.9963904556741379,277.04328018223237,1803,8000,160000.0,531.2160946088843,0.0,8000,114,0.01425,0,0,0,0,budget_exhausted,8000,8001,8000,8001,160000.0,"[[334279.5143309487,5724983.667836364],[334369.65090151015,5725013.713359885],[334279.5143309487,5724953.622312844],[334219.4232839077,5725043.7588834055]]",d09a11df5fbdc6fbac9583426a77888b7361254d181219586d9470574d3cd727,83c4a7d6eb78dd48d0eaa67afc0ec9503268492a7f3d4361e0dba51effc82e67,"{""0"":994793069,""1"":1560366641,""3"":3994411504,""4"":1267870199}","{""0"":994793069,""1"":1560366641,""2"":2773768322,""3"":3994411504,""4"":1267870199}","[0,1,3,4]",not_applicable,not_applicable,not_applicable,not_applicable,evidence,10000.0,0.8,none,none,none,4273844901,none,stationary,matched_prior_exact,1,0,456bd8986bed7e66f08fa8c990d8346adc5088c8289034b42a9f6161c440d0bb,flat,temperate,1,0.9967326725894344,160000.0,1.0,0.0,4,[2],"[0,1,3,4]","[[334267.462172355,5724996.610766233],[334370.39838088065,5725025.211850789],[334280.0925910194,5724962.365647277],[334220.6670554358,5725046.075560594]]",5.000000000465831,0.8746000073221463,none,0.0005565390120910729,verbatim from frozen C4 row (C4 recorded none for victim/sensor/distribution; failure_seed real),revision_C_base@7c27a44,7c27a44,45e2af3666873b8389a0bd7936fd9b6029d41fa8169fa964adb24a85ca76dec6,c6-random_20260831_182014_803486_5cf558a2,5cf558a20d4e6c9ac5845bd72e390abc3dcd6217c904aa099c208da79cfb245f,revision_B_base,revision_B_base,0.8,5,200000.0,xlarge,45.0,80.0,5.0,0.5,1.0,"{""p_d"":0.8,""stage"":""c6-random"",""tau"":10000.0,""w"":0.5}",b7a677794b82ff1680841467faa35377b7d82f925e1dd78d94f0523c73551860
10,43,random_uniform_n8_uncoordinated,1717360071,"policy_seed = SeedSequence([planning_seed, dataset_id, hash('c6-random-policy')]); per-UAV stream = SeedSequence([policy_seed, uav_id]) -> default_rng(derived_seed); one stream per persistent UAV identity; streams are never shared or consumed sequentially across UAVs",0.009038043688994826,7974.8603021345025,0.009145176116016684,427,91259,0.9953210094346859,213.72131147540983,1684,8000,120000.0,402.1841069860384,0.0,8000,13,0.001625,0,0,0,0,budget_exhausted,8000,8001,8000,8001,120000.0,"[[334369.65090151015,5725013.713359885],[334279.5143309487,5724953.622312844],[334219.4232839077,5725043.7588834055]]",7a592f3c1504a05dd22fc48977ca9fc672a52f09a36aec9f2c074e108152d676,c7811a5631fdfc528dfa6cf298c0f5fb4516aaed0f239d31fa512ee20fa2daef,"{""1"":1560366641,""3"":3994411504,""4"":1267870199}","{""0"":994793069,""1"":1560366641,""2"":2773768322,""3"":3994411504,""4"":1267870199}","[1,3,4]",not_applicable,not_applicable,not_applicable,not_applicable,evidence,10000.0,0.8,none,none,none,4273844901,none,stationary,matched_prior_exact,1,0,456bd8986bed7e66f08fa8c990d8346adc5088c8289034b42a9f6161c440d0bb,flat,temperate,2,0.9967329461485442,120000.0,1.0,0.0,3,"[2,0]","[1,3,4]","[[334370.39838088065,5725025.211850789],[334280.0925910194,5724962.365647277],[334220.6670554358,5725046.075560594]]",5.000000000463497,0.8745999833861808,none,0.000556812571200882,verbatim from frozen C4 row (C4 recorded none for victim/sensor/distribution; failure_seed real),revision_C_base@7c27a44,7c27a44,45e2af3666873b8389a0bd7936fd9b6029d41fa8169fa964adb24a85ca76dec6,c6-random_20260831_182014_803486_5cf558a2,5cf558a20d4e6c9ac5845bd72e390abc3dcd6217c904aa099c208da79cfb245f,revision_B_base,revision_B_base,0.8,5,200000.0,xlarge,45.0,80.0,5.0,0.5,1.0,"{""p_d"":0.8,""stage"":""c6-random"",""tau"":10000.0,""w"":0.5}",b7a677794b82ff1680841467faa35377b7d82f925e1dd78d94f0523c73551860
10,43,random_uniform_n8_uncoordinated,1717360071,"policy_seed = SeedSequence([planning_seed, dataset_id, hash('c6-random-policy')]); per-UAV stream = SeedSequence([policy_seed, uav_id]) -> default_rng(derived_seed); one stream per persistent UAV identity; streams are never shared or consumed sequentially across UAVs",0.003206162337132136,7988.048351380456,0.003274918050906153,241,60879,0.9960413278798929,252.60995850622407,1684,8000,80000.0,311.4593378282152,0.0,8000,0,0.0,0,0,0,0,budget_exhausted,8000,8001,8000,8001,80000.0,"[[334369.65090151015,5725013.713359885],[334219.4232839077,5725043.7588834055]]",3b2036bae807a40683b568ab83cf5586d02dd8e414fb4801cd8ff3cfa80f85d9,806fa8e16fe672d4f059a8e6c0eaf3608336965306bcc124c129229f0aee1365,"{""1"":1560366641,""4"":1267870199}","{""0"":994793069,""1"":1560366641,""2"":2773768322,""3"":3994411504,""4"":1267870199}","[1,4]",not_applicable,not_applicable,not_applicable,not_applicable,evidence,10000.0,0.8,none,none,none,4273844901,none,stationary,matched_prior_exact,1,0,456bd8986bed7e66f08fa8c990d8346adc5088c8289034b42a9f6161c440d0bb,flat,temperate,3,0.9983812462667736,80000.0,1.0,0.0,2,"[2,0,3]","[1,4]","[[334370.39838088065,5725025.211850789],[334220.6670554358,5725046.075560594]]",5.000000000463343,0.31025624828563164,none,0.002205112689430244,verbatim from frozen C4 row (C4 recorded none for victim/sensor/distribution; failure_seed real),revision_C_base@7c27a44,7c27a44,45e2af3666873b8389a0bd7936fd9b6029d41fa8169fa964adb24a85ca76dec6,c6-random_20260831_182014_803486_5cf558a2,5cf558a20d4e6c9ac5845bd72e390abc3dcd6217c904aa099c208da79cfb245f,revision_B_base,revision_B_base,0.8,5,200000.0,xlarge,45.0,80.0,5.0,0.5,1.0,"{""p_d"":0.8,""stage"":""c6-random"",""tau"":10000.0,""w"":0.5}",b7a677794b82ff1680841467faa35377b7d82f925e1dd78d94f0523c73551860
10,42,random_uniform_n8_uncoordinated,2375072754,"policy_seed = SeedSequence([planning_seed, dataset_id, hash('c6-random-policy')]); per-UAV stream = SeedSequence([policy_seed, uav_id]) -> default_rng(derived_seed); one stream per persistent UAV identity; streams are never shared or consumed sequentially across UAVs",0.00863601633767006,7974.47802176718,0.008666349125402453,679,152085,0.995535391392971,223.9837997054492,1867,8000,200000.0,658.4869255712256,0.0,8000,211,0.026125,0,0,0,0,budget_exhausted,8000,8001,8000,8001,200000.0,"[[334279.5143309487,5724953.622312844],[334339.60537798965,5724953.622312844],[334369.65090151015,5725073.804406926],[334279.5143309487,5724923.576789323],[334339.60537798965,5725073.804406926]]",bf8648c958dc56b9817789881f463fceb77d3e5d0f270480b609ac49aec5581c,e92740d08c63623046b96e4b5b72215199747893268c4cbf894db976a3de7e9e,"{""0"":3252568771,""1"":1581797010,""2"":4137392409,""3"":2627906693,""4"":1771306255}","{""0"":3252568771,""1"":1581797010,""2"":4137392409,""3"":2627906693,""4"":1771306255}","[0,1,2,3,4]",not_applicable,not_applicable,not_applicable,not_applicable,evidence,10000.0,0.8,none,none,none,2976144255,none,stationary,matched_prior_exact,1,0,456bd8986bed7e66f08fa8c990d8346adc5088c8289034b42a9f6161c440d0bb,flat,temperate,0,0.9966851670750131,200000.0,1.0,0.0,5,[],"[0,1,2,3,4]","[[334289.4483734565,5724948.214511063],[334332.1757905636,5724948.902473748],[334361.4939326978,5725068.809352602],[334285.71484677034,5724925.270176675],[334326.0314329311,5725062.08709865]]",5.000000000465136,1.0,none,0.0,verbatim from frozen C4 row (C4 recorded none for victim/sensor/distribution; failure_seed real),revision_C_base@7c27a44,7c27a44,45e2af3666873b8389a0bd7936fd9b6029d41fa8169fa964adb24a85ca76dec6,c6-random_20260831_182014_803486_5cf558a2,5cf558a20d4e6c9ac5845bd72e390abc3dcd6217c904aa099c208da79cfb245f,revision_B_base,revision_B_base,0.8,5,200000.0,xlarge,45.0,80.0,5.0,0.5,1.0,"{""p_d"":0.8,""stage"":""c6-random"",""tau"":10000.0,""w"":0.5}",b7a677794b82ff1680841467faa35377b7d82f925e1dd78d94f0523c73551860
10,42,random_uniform_n8_uncoordinated,2375072754,"policy_seed = SeedSequence([planning_seed, dataset_id, hash('c6-random-policy')]); per-UAV stream = SeedSequence([policy_seed, uav_id]) -> default_rng(derived_seed); one stream per persistent UAV identity; streams are never shared or consumed sequentially across UAVs",0.00863601633767006,7974.47802176718,0.008666349125402454,547,121713,0.9955058210708798,222.51005484460694,1867,8000,160000.0,506.85680124815553,0.0,8000,207,0.02575,0,0,0,0,budget_exhausted,8000,8001,8000,8001,160000.0,"[[334279.5143309487,5724953.622312844],[334339.60537798965,5724953.622312844],[334369.65090151015,5725073.804406926],[334339.60537798965,5725073.804406926]]",a176a94f34d86832c9fdf39cc6c5530e9c7600ca5ab8d6d6a14e8be37a68900a,fe57d0146df45a4e24ac70853af8ae0a9e01070adb7b6ca4a478ad7558b1a2dd,"{""0"":3252568771,""1"":1581797010,""2"":4137392409,""4"":1771306255}","{""0"":3252568771,""1"":1581797010,""2"":4137392409,""3"":2627906693,""4"":1771306255}","[0,1,2,4]",not_applicable,not_applicable,not_applicable,not_applicable,evidence,10000.0,0.8,none,none,none,2976144255,none,stationary,matched_prior_exact,1,0,456bd8986bed7e66f08fa8c990d8346adc5088c8289034b42a9f6161c440d0bb,flat,temperate,1,0.9966851670750131,160000.0,1.0,0.0,4,[3],"[0,1,2,4]","[[334289.4483734565,5724948.214511063],[334332.1757905636,5724948.902473748],[334361.4939326978,5725068.809352602],[334326.0314329311,5725062.08709865]]",5.000000000465136,1.0,none,0.0,verbatim from frozen C4 row (C4 recorded none for victim/sensor/distribution; failure_seed real),revision_C_base@7c27a44,7c27a44,45e2af3666873b8389a0bd7936fd9b6029d41fa8169fa964adb24a85ca76dec6,c6-random_20260831_182014_803486_5cf558a2,5cf558a20d4e6c9ac5845bd72e390abc3dcd6217c904aa099c208da79cfb245f,revision_B_base,revision_B_base,0.8,5,200000.0,xlarge,45.0,80.0,5.0,0.5,1.0,"{""p_d"":0.8,""stage"":""c6-random"",""tau"":10000.0,""w"":0.5}",b7a677794b82ff1680841467faa35377b7d82f925e1dd78d94f0523c73551860
10,42,random_uniform_n8_uncoordinated,2375072754,"policy_seed = SeedSequence([planning_seed, dataset_id, hash('c6-random-policy')]); per-UAV stream = SeedSequence([policy_seed, uav_id]) -> default_rng(derived_seed); one stream per persistent UAV identity; streams are never shared or consumed sequentially across UAVs",0.007476332678390797,7978.234277618907,0.007520787770487263,439,91283,0.9951907803205416,207.93394077448747,1370,8000,120000.0,435.34651891794056,0.0,8000,74,0.00925,0,0,0,0,budget_exhausted,8000,8001,8000,8001,120000.0,"[[334279.5143309487,5724953.622312844],[334369.65090151015,5725073.804406926],[334339.60537798965,5725073.804406926]]",e3119d3c042c11f4472528e418d4176ebed5d9c78313abd90da13d7c6fc4b2f5,c53be56ecaf32ce8155c9ff585c6f92a72f83c89c40c7b563ef97d8f7fcc7b83,"{""0"":3252568771,""2"":4137392409,""4"":1771306255}","{""0"":3252568771,""1"":1581797010,""2"":4137392409,""3"":2627906693,""4"":1771306255}","[0,2,4]",not_applicable,not_applicable,not_applicable,not_applicable,evidence,10000.0,0.8,none,none,none,2976144255,none,stationary,matched_prior_exact,1,0,456bd8986bed7e66f08fa8c990d8346adc5088c8289034b42a9f6161c440d0bb,flat,temperate,2,0.9971546403723168,120000.0,1.0,0.0,3,"[3,1]","[0,2,4]","[[334289.4483734565,5724948.214511063],[334361.4939326978,5725068.809352602],[334326.0314329311,5725062.08709865]]",5.000000000464845,0.8657154393952735,none,0.0004694732973037352,verbatim from frozen C4 row (C4 recorded none for victim/sensor/distribution; failure_seed real),revision_C_base@7c27a44,7c27a44,45e2af3666873b8389a0bd7936fd9b6029d41fa8169fa964adb24a85ca76dec6,c6-random_20260831_182014_803486_5cf558a2,5cf558a20d4e6c9ac5845bd72e390abc3dcd6217c904aa099c208da79cfb245f,revision_B_base,revision_B_base,0.8,5,200000.0,xlarge,45.0,80.0,5.0,0.5,1.0,"{""p_d"":0.8,""stage"":""c6-random"",""tau"":10000.0,""w"":0.5}",b7a677794b82ff1680841467faa35377b7d82f925e1dd78d94f0523c73551860
10,42,random_uniform_n8_uncoordinated,2375072754,"policy_seed = SeedSequence([planning_seed, dataset_id, hash('c6-random-policy')]); per-UAV stream = SeedSequence([policy_seed, uav_id]) -> default_rng(derived_seed); one stream per persistent UAV identity; streams are never shared or consumed sequentially across UAVs",0.007001340065070574,7980.9034353682455,0.007033553244493104,365,60861,0.9940027275266591,166.74246575342465,1370,8000,80000.0,292.8738219360821,0.0,8000,46,0.00575,0,0,0,0,budget_exhausted,8000,8001,8000,8001,80000.0,"[[334369.65090151015,5725073.804406926],[334339.60537798965,5725073.804406926]]",c4828ca9dcf60e503daece02333346e4bb0bfbacc77ad3dd3aab0cb28e5cfefc,6a8e52571e1e1e34e3f435da274124d3beb8b931aa1e217ac89222fb705546c9,"{""2"":4137392409,""4"":1771306255}","{""0"":3252568771,""1"":1581797010,""2"":4137392409,""3"":2627906693,""4"":1771306255}","[2,4]",not_applicable,not_applicable,not_applicable,not_applicable,evidence,10000.0,0.8,none,none,none,2976144255,none,stationary,matched_prior_exact,1,0,456bd8986bed7e66f08fa8c990d8346adc5088c8289034b42a9f6161c440d0bb,flat,temperate,3,0.9974882433906068,80000.0,1.0,0.0,2,"[3,1,0]","[2,4]","[[334361.4939326978,5725068.809352602],[334326.0314329311,5725062.08709865]]",5.000000000464845,0.8107140828961759,none,0.0008030763155937315,verbatim from frozen C4 row (C4 recorded none for victim/sensor/distribution; failure_seed real),revision_C_base@7c27a44,7c27a44,45e2af3666873b8389a0bd7936fd9b6029d41fa8169fa964adb24a85ca76dec6,c6-random_20260831_182014_803486_5cf558a2,5cf558a20d4e6c9ac5845bd72e390abc3dcd6217c904aa099c208da79cfb245f,revision_B_base,revision_B_base,0.8,5,200000.0,xlarge,45.0,80.0,5.0,0.5,1.0,"{""p_d"":0.8,""stage"":""c6-random"",""tau"":10000.0,""w"":0.5}",b7a677794b82ff1680841467faa35377b7d82f925e1dd78d94f0523c73551860
10,44,random_uniform_n8_uncoordinated,233262710,"policy_seed = SeedSequence([planning_seed, dataset_id, hash('c6-random-policy')]); per-UAV stream = SeedSequence([policy_seed, uav_id]) -> default_rng(derived_seed); one stream per persistent UAV identity; streams are never shared or consumed sequentially across UAVs",0.0057907847591978975,7971.842566349926,0.005797484928953159,329,151967,0.9978350562951167,461.90577507598783,2472,8000,200000.0,636.6077876184136,0.0,8000,468,0.058,0,0,0,0,budget_exhausted,8000,8001,8000,8001,200000.0,"[[334309.55985446915,5725043.7588834055],[334189.3777603872,5725073.804406926],[334339.60537798965,5725103.849930447],[334309.55985446915,5725073.804406926],[334249.4688074282,5724953.622312844]]",e277508cac457b731eb44b76763894102f97b5fe1776e3c2f23345e28a9e6b6f,a04d158dbd2d5423d49fbbf89ec301062414df72d20a7ba127e7ed5cd6b1415e,"{""0"":153488220,""1"":722500772,""2"":2189251682,""3"":1647391411,""4"":3587200496}","{""0"":153488220,""1"":722500772,""2"":2189251682,""3"":1647391411,""4"":3587200496}","[0,1,2,3,4]",not_applicable,not_applicable,not_applicable,not_applicable,evidence,10000.0,0.8,none,none,none,2423362899,none,stationary,matched_prior_exact,1,0,456bd8986bed7e66f08fa8c990d8346adc5088c8289034b42a9f6161c440d0bb,flat,temperate,0,0.9963557763217005,200000.0,1.0,0.0,5,[],"[0,1,2,3,4]","[[334315.9840595574,5725049.084105466],[334197.8236000696,5725068.653909299],[334327.9832340155,5725092.6038039895],[334309.7195218816,5725063.384940596],[334245.0691957289,5724943.152220613]]",5.000000000464474,1.0,none,0.0,verbatim from frozen C4 row (C4 recorded none for victim/sensor/distribution; failure_seed real),revision_C_base@7c27a44,7c27a44,45e2af3666873b8389a0bd7936fd9b6029d41fa8169fa964adb24a85ca76dec6,c6-random_20260831_182014_803486_5cf558a2,5cf558a20d4e6c9ac5845bd72e390abc3dcd6217c904aa099c208da79cfb245f,revision_B_base,revision_B_base,0.8,5,200000.0,xlarge,45.0,80.0,5.0,0.5,1.0,"{""p_d"":0.8,""stage"":""c6-random"",""tau"":10000.0,""w"":0.5}",b7a677794b82ff1680841467faa35377b7d82f925e1dd78d94f0523c73551860
10,44,random_uniform_n8_uncoordinated,233262710,"policy_seed = SeedSequence([planning_seed, dataset_id, hash('c6-random-policy')]); per-UAV stream = SeedSequence([policy_seed, uav_id]) -> default_rng(derived_seed); one stream per persistent UAV identity; streams are never shared or consumed sequentially across UAVs",0.005424347919512467,7972.802095940773,0.005440953493905159,320,121566,0.9973676850435155,379.89375,2203,8000,160000.0,522.1650766208768,0.0,8000,209,0.025875,0,0,0,0,budget_exhausted,8000,8001,8000,8001,160000.0,"[[334309.55985446915,5725043.7588834055],[334189.3777603872,5725073.804406926],[334339.60537798965,5725103.849930447],[334309.55985446915,5725073.804406926]]",2d1e28a1f467579d0310b8737911018992fd8fff3d60eb60e86ebfb1d4badd44,187576128a7c29657d3825e11ae13a67405b15e2cdd4bff0c20277b174b44c84,"{""0"":153488220,""1"":722500772,""2"":2189251682,""3"":1647391411}","{""0"":153488220,""1"":722500772,""2"":2189251682,""3"":1647391411,""4"":3587200496}","[0,1,2,3]",not_applicable,not_applicable,not_applicable,not_applicable,evidence,10000.0,0.8,none,none,none,2423362899,none,stationary,matched_prior_exact,1,0,456bd8986bed7e66f08fa8c990d8346adc5088c8289034b42a9f6161c440d0bb,flat,temperate,1,0.9964757025297805,160000.0,1.0,0.0,4,[4],"[0,1,2,3]","[[334315.9840595574,5725049.084105466],[334197.8236000696,5725068.653909299],[334327.9832340155,5725092.6038039895],[334309.7195218816,5725063.384940596]]",5.000000000464474,0.9367206941851199,none,0.0001199262080799901,verbatim from frozen C4 row (C4 recorded none for victim/sensor/distribution; failure_seed real),revision_C_base@7c27a44,7c27a44,45e2af3666873b8389a0bd7936fd9b6029d41fa8169fa964adb24a85ca76dec6,c6-random_20260831_182014_803486_5cf558a2,5cf558a20d4e6c9ac5845bd72e390abc3dcd6217c904aa099c208da79cfb245f,revision_B_base,revision_B_base,0.8,5,200000.0,xlarge,45.0,80.0,5.0,0.5,1.0,"{""p_d"":0.8,""stage"":""c6-random"",""tau"":10000.0,""w"":0.5}",b7a677794b82ff1680841467faa35377b7d82f925e1dd78d94f0523c73551860
10,44,random_uniform_n8_uncoordinated,233262710,"policy_seed = SeedSequence([planning_seed, dataset_id, hash('c6-random-policy')]); per-UAV stream = SeedSequence([policy_seed, uav_id]) -> default_rng(derived_seed); one stream per persistent UAV identity; streams are never shared or consumed sequentially across UAVs",0.0013387578002761742,7993.416364996061,0.0013546218176192447,242,91175,0.9973457636413491,376.75619834710744,1932,8000,120000.0,420.3694850751199,0.0,8000,167,0.020625,0,0,0,0,budget_exhausted,8000,8001,8000,8001,120000.0,"[[334309.55985446915,5725043.7588834055],[334189.3777603872,5725073.804406926],[334309.55985446915,5725073.804406926]]",e50bf9254cee26c2eb94ccc2efaf969d93918038ab220d210abef4f10207df2b,458ad4484e02bf98f96954ba98ae4c24c210b5a3defbe9ad4ad1e73995108694,"{""0"":153488220,""1"":722500772,""3"":1647391411}","{""0"":153488220,""1"":722500772,""2"":2189251682,""3"":1647391411,""4"":3587200496}","[0,1,3]",not_applicable,not_applicable,not_applicable,not_applicable,evidence,10000.0,0.8,none,none,none,2423362899,none,stationary,matched_prior_exact,1,0,456bd8986bed7e66f08fa8c990d8346adc5088c8289034b42a9f6161c440d0bb,flat,temperate,2,0.9990521641039947,120000.0,1.0,0.0,3,"[4,2]","[0,1,3]","[[334315.9840595574,5725049.084105466],[334197.8236000696,5725068.653909299],[334309.7195218816,5725063.384940596]]",5.000000000464474,0.23118762930183756,none,0.002696387782294196,verbatim from frozen C4 row (C4 recorded none for victim/sensor/distribution; failure_seed real),revision_C_base@7c27a44,7c27a44,45e2af3666873b8389a0bd7936fd9b6029d41fa8169fa964adb24a85ca76dec6,c6-random_20260831_182014_803486_5cf558a2,5cf558a20d4e6c9ac5845bd72e390abc3dcd6217c904aa099c208da79cfb245f,revision_B_base,revision_B_base,0.8,5,200000.0,xlarge,45.0,80.0,5.0,0.5,1.0,"{""p_d"":0.8,""stage"":""c6-random"",""tau"":10000.0,""w"":0.5}",b7a677794b82ff1680841467faa35377b7d82f925e1dd78d94f0523c73551860
10,44,random_uniform_n8_uncoordinated,233262710,"policy_seed = SeedSequence([planning_seed, dataset_id, hash('c6-random-policy')]); per-UAV stream = SeedSequence([policy_seed, uav_id]) -> default_rng(derived_seed); one stream per persistent UAV identity; streams are never shared or consumed sequentially across UAVs",0.0010702516350299112,7994.96175978863,0.0010732421483219685,206,60782,0.9966108387351519,295.05825242718447,1496,8000,80000.0,294.56636607274413,0.0,8000,40,0.005,0,0,0,0,budget_exhausted,8000,8001,8000,8001,80000.0,"[[334309.55985446915,5725043.7588834055],[334189.3777603872,5725073.804406926]]",f190438e1e9ad29b1e55600379ea5211721c9b0e7d87abbf435247e84a421be9,c85a8ad132a1dfbf7b34c58069d74e46371f8497d6a9ba52fa5cbccaf03adaf4,"{""0"":153488220,""1"":722500772}","{""0"":153488220,""1"":722500772,""2"":2189251682,""3"":1647391411,""4"":3587200496}","[0,1]",not_applicable,not_applicable,not_applicable,not_applicable,evidence,10000.0,0.8,none,none,none,2423362899,none,stationary,matched_prior_exact,1,0,456bd8986bed7e66f08fa8c990d8346adc5088c8289034b42a9f6161c440d0bb,flat,temperate,3,0.9992453143092901,80000.0,1.0,0.0,2,"[4,2,3]","[0,1]","[[334315.9840595574,5725049.084105466],[334197.8236000696,5725068.653909299]]",5.0000000004641905,0.1848197920549469,none,0.0028895379875896188,verbatim from frozen C4 row (C4 recorded none for victim/sensor/distribution; failure_seed real),revision_C_base@7c27a44,7c27a44,45e2af3666873b8389a0bd7936fd9b6029d41fa8169fa964adb24a85ca76dec6,c6-random_20260831_182014_803486_5cf558a2,5cf558a20d4e6c9ac5845bd72e390abc3dcd6217c904aa099c208da79cfb245f,revision_B_base,revision_B_base,0.8,5,200000.0,xlarge,45.0,80.0,5.0,0.5,1.0,"{""p_d"":0.8,""stage"":""c6-random"",""tau"":10000.0,""w"":0.5}",b7a677794b82ff1680841467faa35377b7d82f925e1dd78d94f0523c73551860
10,47,random_uniform_n8_uncoordinated,2454435525,"policy_seed = SeedSequence([planning_seed, dataset_id, hash('c6-random-policy')]); per-UAV stream = SeedSequence([policy_seed, uav_id]) -> default_rng(derived_seed); one stream per persistent UAV identity; streams are never shared or consumed sequentially across UAVs",0.01634075465691367,7936.70807758376,0.016423662870590806,643,151970,0.9957689017569257,236.3452566096423,1418,8000,200000.0,609.437661726959,0.0,8000,105,0.013125,0,0,0,0,budget_exhausted,8000,8001,8000,8001,200000.0,"[[334279.5143309487,5724923.576789323],[334249.4688074282,5725013.713359885],[334339.60537798965,5725013.713359885],[334309.55985446915,5725103.849930447],[334249.4688074282,5725013.713359885]]",86acef197abba91ad432c41bbaaa79eac06cb00f3811ca9fda24e1da389d2362,ce6d32ab86c903e1de4eaccf02e763a133bdaaf39a0739b2085518aafc8c9468,"{""0"":1123613566,""1"":846299642,""2"":1554623826,""3"":538016592,""4"":2630983992}","{""0"":1123613566,""1"":846299642,""2"":1554623826,""3"":538016592,""4"":2630983992}","[0,1,2,3,4]",not_applicable,not_applicable,not_applicable,not_applicable,evidence,10000.0,0.8,none,none,none,2875081238,none,stationary,matched_prior_exact,1,0,456bd8986bed7e66f08fa8c990d8346adc5088c8289034b42a9f6161c440d0bb,flat,temperate,0,0.9919645141337033,200000.0,1.0,0.0,5,[],"[0,1,2,3,4]","[[334275.04454964265,5724927.014402416],[334248.07564489753,5725020.703303794],[334334.9252106965,5725002.002782855],[334307.9504744421,5725101.855164014],[334237.32192149584,5725010.22034794]]",5.000000000464896,1.0,none,0.0,verbatim from frozen C4 row (C4 recorded none for victim/sensor/distribution; failure_seed real),revision_C_base@7c27a44,7c27a44,45e2af3666873b8389a0bd7936fd9b6029d41fa8169fa964adb24a85ca76dec6,c6-random_20260831_182014_803486_5cf558a2,5cf558a20d4e6c9ac5845bd72e390abc3dcd6217c904aa099c208da79cfb245f,revision_B_base,revision_B_base,0.8,5,200000.0,xlarge,45.0,80.0,5.0,0.5,1.0,"{""p_d"":0.8,""stage"":""c6-random"",""tau"":10000.0,""w"":0.5}",b7a677794b82ff1680841467faa35377b7d82f925e1dd78d94f0523c73551860
10,47,random_uniform_n8_uncoordinated,2454435525,"policy_seed = SeedSequence([planning_seed, dataset_id, hash('c6-random-policy')]); per-UAV stream = SeedSequence([policy_seed, uav_id]) -> default_rng(derived_seed); one stream per persistent UAV identity; streams are never shared or consumed sequentially across UAVs",0.015534520642891004,7939.314397603177,0.015617303804656394,524,121521,0.995687988084364,231.91030534351145,1418,8000,160000.0,529.2911217212677,0.0,8000,82,0.01025,0,0,0,0,budget_exhausted,8000,8001,8000,8001,160000.0,"[[334279.5143309487,5724923.576789323],[334249.4688074282,5725013.713359885],[334339.60537798965,5725013.713359885],[334309.55985446915,5725103.849930447]]",b13c6758b66d7a146b41c565a02d43dc31e15f2388508541ab835d1ec7174a4a,9feb0c3011d46b9af8cb42b93faa35f104b8016dfb35ee46e3f7bf3f1ae8304e,"{""0"":1123613566,""1"":846299642,""2"":1554623826,""3"":538016592}","{""0"":1123613566,""1"":846299642,""2"":1554623826,""3"":538016592,""4"":2630983992}","[0,1,2,3]",not_applicable,not_applicable,not_applicable,not_applicable,evidence,10000.0,0.8,none,none,none,2875081238,none,stationary,matched_prior_exact,1,0,456bd8986bed7e66f08fa8c990d8346adc5088c8289034b42a9f6161c440d0bb,flat,temperate,1,0.99229026341747,160000.0,1.0,0.0,4,[4],"[0,1,2,3]","[[334275.04454964265,5724927.014402416],[334248.07564489753,5725020.703303794],[334334.9252106965,5725002.002782855],[334307.9504744421,5725101.855164014]]",5.000000000464896,0.9506611517674581,none,0.0003257492837666076,verbatim from frozen C4 row (C4 recorded none for victim/sensor/distribution; failure_seed real),revision_C_base@7c27a44,7c27a44,45e2af3666873b8389a0bd7936fd9b6029d41fa8169fa964adb24a85ca76dec6,c6-random_20260831_182014_803486_5cf558a2,5cf558a20d4e6c9ac5845bd72e390abc3dcd6217c904aa099c208da79cfb245f,revision_B_base,revision_B_base,0.8,5,200000.0,xlarge,45.0,80.0,5.0,0.5,1.0,"{""p_d"":0.8,""stage"":""c6-random"",""tau"":10000.0,""w"":0.5}",b7a677794b82ff1680841467faa35377b7d82f925e1dd78d94f0523c73551860
10,47,random_uniform_n8_uncoordinated,2454435525,"policy_seed = SeedSequence([planning_seed, dataset_id, hash('c6-random-policy')]); per-UAV stream = SeedSequence([policy_seed, uav_id]) -> default_rng(derived_seed); one stream per persistent UAV identity; streams are never shared or consumed sequentially across UAVs",0.002535350095398097,7991.728198259147,0.0025678460364872793,348,91110,0.996180441224893,261.8103448275862,1418,8000,120000.0,401.25309951929376,0.0,8000,72,0.009,0,0,0,0,budget_exhausted,8000,8001,8000,8001,120000.0,"[[334279.5143309487,5724923.576789323],[334249.4688074282,5725013.713359885],[334309.55985446915,5725103.849930447]]",5496f77148b85cd7a6320de0ed69bbb5063ae38367e728cc17841174af2effcc,05a7b7051e62ba1eb82abe22fadee4d27b3c14a707a6cca614ccf689c99d1b2c,"{""0"":1123613566,""1"":846299642,""3"":538016592}","{""0"":1123613566,""1"":846299642,""2"":1554623826,""3"":538016592,""4"":2630983992}","[0,1,3]",not_applicable,not_applicable,not_applicable,not_applicable,evidence,10000.0,0.8,none,none,none,2875081238,none,stationary,matched_prior_exact,1,0,456bd8986bed7e66f08fa8c990d8346adc5088c8289034b42a9f6161c440d0bb,flat,temperate,2,0.9988411696361889,120000.0,1.0,0.0,3,"[4,2]","[0,1,3]","[[334275.04454964265,5724927.014402416],[334248.07564489753,5725020.703303794],[334307.9504744421,5725101.855164014]]",5.000000000464896,0.15515501876318832,none,0.006876655502485507,verbatim from frozen C4 row (C4 recorded none for victim/sensor/distribution; failure_seed real),revision_C_base@7c27a44,7c27a44,45e2af3666873b8389a0bd7936fd9b6029d41fa8169fa964adb24a85ca76dec6,c6-random_20260831_182014_803486_5cf558a2,5cf558a20d4e6c9ac5845bd72e390abc3dcd6217c904aa099c208da79cfb245f,revision_B_base,revision_B_base,0.8,5,200000.0,xlarge,45.0,80.0,5.0,0.5,1.0,"{""p_d"":0.8,""stage"":""c6-random"",""tau"":10000.0,""w"":0.5}",b7a677794b82ff1680841467faa35377b7d82f925e1dd78d94f0523c73551860
10,47,random_uniform_n8_uncoordinated,2454435525,"policy_seed = SeedSequence([planning_seed, dataset_id, hash('c6-random-policy')]); per-UAV stream = SeedSequence([policy_seed, uav_id]) -> default_rng(derived_seed); one stream per persistent UAV identity; streams are never shared or consumed sequentially across UAVs",0.0017259888969009354,7993.435765882634,0.001743729495598841,316,60692,0.9947933829829302,192.0632911392405,1141,8000,80000.0,291.6624852786772,0.0,8000,0,0.0,0,0,0,0,budget_exhausted,8000,8001,8000,8001,80000.0,"[[334279.5143309487,5724923.576789323],[334249.4688074282,5725013.713359885]]",c89d5408254f677a9611b6fa110dcdeb4ea614d296e9897f8889262de232f370,db0223b79b0dd76cbf134b983bf8f4ebf28117a0e7a61f3a281e1d108a5d8bda,"{""0"":1123613566,""1"":846299642}","{""0"":1123613566,""1"":846299642,""2"":1554623826,""3"":538016592,""4"":2630983992}","[0,1]",not_applicable,not_applicable,not_applicable,not_applicable,evidence,10000.0,0.8,none,none,none,2875081238,none,stationary,matched_prior_exact,1,0,456bd8986bed7e66f08fa8c990d8346adc5088c8289034b42a9f6161c440d0bb,flat,temperate,3,0.9990545889117153,80000.0,1.0,0.0,2,"[4,2,3]","[0,1]","[[334275.04454964265,5724927.014402416],[334248.07564489753,5725020.703303794]]",5.000000000464896,0.10562479721037123,none,0.007090074778011934,verbatim from frozen C4 row (C4 recorded none for victim/sensor/distribution; failure_seed real),revision_C_base@7c27a44,7c27a44,45e2af3666873b8389a0bd7936fd9b6029d41fa8169fa964adb24a85ca76dec6,c6-random_20260831_182014_803486_5cf558a2,5cf558a20d4e6c9ac5845bd72e390abc3dcd6217c904aa099c208da79cfb245f,revision_B_base,revision_B_base,0.8,5,200000.0,xlarge,45.0,80.0,5.0,0.5,1.0,"{""p_d"":0.8,""stage"":""c6-random"",""tau"":10000.0,""w"":0.5}",b7a677794b82ff1680841467faa35377b7d82f925e1dd78d94f0523c73551860
10,46,random_uniform_n8_uncoordinated,3966077233,"policy_seed = SeedSequence([planning_seed, dataset_id, hash('c6-random-policy')]); per-UAV stream = SeedSequence([policy_seed, uav_id]) -> default_rng(derived_seed); one stream per persistent UAV identity; streams are never shared or consumed sequentially across UAVs",0.006329145721313795,7984.06330900857,0.00637427409366831,445,151955,0.9970715014313448,341.4719101123595,1892,8000,200000.0,656.9269729410298,0.0,8000,305,0.037875,0,0,0,0,budget_exhausted,8000,8001,8000,8001,200000.0,"[[334309.55985446915,5724983.667836364],[334279.5143309487,5725103.849930447],[334309.55985446915,5725013.713359885],[334219.4232839077,5724953.622312844],[334189.3777603872,5725013.713359885]]",34d08ebcb484b8ac7a604bf7341a37d1b0ed8216ef0a5fa38e652a0cf12689e2,ab232cd8a7e4c344114cad99b44ad209448637cfd8360931d31c09a6bb1fb5c1,"{""0"":3337732389,""1"":1358308200,""2"":2070514783,""3"":3188851508,""4"":1761287517}","{""0"":3337732389,""1"":1358308200,""2"":2070514783,""3"":3188851508,""4"":1761287517}","[0,1,2,3,4]",not_applicable,not_applicable,not_applicable,not_applicable,evidence,10000.0,0.8,none,none,none,3395191265,none,stationary,matched_prior_exact,1,0,456bd8986bed7e66f08fa8c990d8346adc5088c8289034b42a9f6161c440d0bb,flat,temperate,0,0.9978831782287927,200000.0,1.0,0.0,5,[],"[0,1,2,3,4]","[[334302.55779995414,5724998.180605194],[334268.36899595597,5725091.779270053],[334306.1917090609,5725001.975158726],[334218.91864908,5724949.808111246],[334193.22153253027,5725007.498045916]]",5.000000000465848,1.0,none,0.0,verbatim from frozen C4 row (C4 recorded none for victim/sensor/distribution; failure_seed real),revision_C_base@7c27a44,7c27a44,45e2af3666873b8389a0bd7936fd9b6029d41fa8169fa964adb24a85ca76dec6,c6-random_20260831_182014_803486_5cf558a2,5cf558a20d4e6c9ac5845bd72e390abc3dcd6217c904aa099c208da79cfb245f,revision_B_base,revision_B_base,0.8,5,200000.0,xlarge,45.0,80.0,5.0,0.5,1.0,"{""p_d"":0.8,""stage"":""c6-random"",""tau"":10000.0,""w"":0.5}",b7a677794b82ff1680841467faa35377b7d82f925e1dd78d94f0523c73551860
10,46,random_uniform_n8_uncoordinated,3966077233,"policy_seed = SeedSequence([planning_seed, dataset_id, hash('c6-random-policy')]); per-UAV stream = SeedSequence([policy_seed, uav_id]) -> default_rng(derived_seed); one stream per persistent UAV identity; streams are never shared or consumed sequentially across UAVs",0.0021716847608939,7988.574118865654,0.0021900987760242827,378,121574,0.9968907825686413,321.62433862433863,1815,8000,160000.0,516.7695518340915,0.0,8000,109,0.013625,0,0,0,0,budget_exhausted,8000,8001,8000,8001,160000.0,"[[334309.55985446915,5724983.667836364],[334279.5143309487,5725103.849930447],[334219.4232839077,5724953.622312844],[334189.3777603872,5725013.713359885]]",6b59407636afd1f2c98eadd43892d106181060f49a08ff33668ad34e98972b38,d04b511cdbb9dc9624c71fee956425ab7ad4a1558ee01997f7392b6ecc761ba7,"{""0"":3337732389,""1"":1358308200,""3"":3188851508,""4"":1761287517}","{""0"":3337732389,""1"":1358308200,""2"":2070514783,""3"":3188851508,""4"":1761287517}","[0,1,3,4]",not_applicable,not_applicable,not_applicable,not_applicable,evidence,10000.0,0.8,none,none,none,3395191265,none,stationary,matched_prior_exact,1,0,456bd8986bed7e66f08fa8c990d8346adc5088c8289034b42a9f6161c440d0bb,flat,temperate,1,0.9984469589883332,160000.0,1.0,0.0,4,[2],"[0,1,3,4]","[[334302.55779995414,5724998.180605194],[334268.36899595597,5725091.779270053],[334218.91864908,5724949.808111246],[334193.22153253027,5725007.498045916]]",5.000000000465848,0.34312446837503136,none,0.0005637807595405553,verbatim from frozen C4 row (C4 recorded none for victim/sensor/distribution; failure_seed real),revision_C_base@7c27a44,7c27a44,45e2af3666873b8389a0bd7936fd9b6029d41fa8169fa964adb24a85ca76dec6,c6-random_20260831_182014_803486_5cf558a2,5cf558a20d4e6c9ac5845bd72e390abc3dcd6217c904aa099c208da79cfb245f,revision_B_base,revision_B_base,0.8,5,200000.0,xlarge,45.0,80.0,5.0,0.5,1.0,"{""p_d"":0.8,""stage"":""c6-random"",""tau"":10000.0,""w"":0.5}",b7a677794b82ff1680841467faa35377b7d82f925e1dd78d94f0523c73551860
10,46,random_uniform_n8_uncoordinated,3966077233,"policy_seed = SeedSequence([planning_seed, dataset_id, hash('c6-random-policy')]); per-UAV stream = SeedSequence([policy_seed, uav_id]) -> default_rng(derived_seed); one stream per persistent UAV identity; streams are never shared or consumed sequentially across UAVs",0.002110159840329959,7989.1112454668255,0.002113192625319356,339,91157,0.9962811413275996,268.89970501474926,1377,8000,120000.0,433.74958155164495,0.0,8000,37,0.004625,0,0,0,0,budget_exhausted,8000,8001,8000,8001,120000.0,"[[334309.55985446915,5724983.667836364],[334279.5143309487,5725103.849930447],[334219.4232839077,5724953.622312844]]",2eeb303e52eb1fa86f2e1846e3f277ecefdd8a24d0b9c39363d79bdf1e9e3eca,5e5a5fc2e5349390c4b19fe81176b1c897104c3bef68f6f72dbdf3a436644b9f,"{""0"":3337732389,""1"":1358308200,""3"":3188851508}","{""0"":3337732389,""1"":1358308200,""2"":2070514783,""3"":3188851508,""4"":1761287517}","[0,1,3]",not_applicable,not_applicable,not_applicable,not_applicable,evidence,10000.0,0.8,none,none,none,3395191265,none,stationary,matched_prior_exact,1,0,456bd8986bed7e66f08fa8c990d8346adc5088c8289034b42a9f6161c440d0bb,flat,temperate,2,0.9985140914219255,120000.0,1.0,0.0,3,"[2,4]","[0,1,3]","[[334302.55779995414,5724998.180605194],[334268.36899595597,5725091.779270053],[334218.91864908,5724949.808111246]]",5.000000000465848,0.3334035797633579,none,0.0006309131931327983,verbatim from frozen C4 row (C4 recorded none for victim/sensor/distribution; failure_seed real),revision_C_base@7c27a44,7c27a44,45e2af3666873b8389a0bd7936fd9b6029d41fa8169fa964adb24a85ca76dec6,c6-random_20260831_182014_803486_5cf558a2,5cf558a20d4e6c9ac5845bd72e390abc3dcd6217c904aa099c208da79cfb245f,revision_B_base,revision_B_base,0.8,5,200000.0,xlarge,45.0,80.0,5.0,0.5,1.0,"{""p_d"":0.8,""stage"":""c6-random"",""tau"":10000.0,""w"":0.5}",b7a677794b82ff1680841467faa35377b7d82f925e1dd78d94f0523c73551860
10,46,random_uniform_n8_uncoordinated,3966077233,"policy_seed = SeedSequence([planning_seed, dataset_id, hash('c6-random-policy')]); per-UAV stream = SeedSequence([policy_seed, uav_id]) -> default_rng(derived_seed); one stream per persistent UAV identity; streams are never shared or consumed sequentially across UAVs",0.001883102202512739,7991.243908230843,0.0018861349875607353,218,60716,0.9964095131431583,278.51376146788994,1377,8000,80000.0,271.3411624250002,0.0,8000,19,0.002375,0,0,0,0,budget_exhausted,8000,8001,8000,8001,80000.0,"[[334309.55985446915,5724983.667836364],[334279.5143309487,5725103.849930447]]",51c2a1af77bc9590fd4b7f29d877616199a4e29e1a23463eef03d894eddfb556,bb7ad55ff4f9eba553418ce8d26f02579742bfb11ae8112d091e1ed792e342b9,"{""0"":3337732389,""1"":1358308200}","{""0"":3337732389,""1"":1358308200,""2"":2070514783,""3"":3188851508,""4"":1761287517}","[0,1]",not_applicable,not_applicable,not_applicable,not_applicable,evidence,10000.0,0.8,none,none,none,3395191265,none,stationary,matched_prior_exact,1,0,456bd8986bed7e66f08fa8c990d8346adc5088c8289034b42a9f6161c440d0bb,flat,temperate,3,0.9987806409487368,80000.0,1.0,0.0,2,"[2,4,3]","[0,1]","[[334302.55779995414,5724998.180605194],[334268.36899595597,5725091.779270053]]",5.000000000465848,0.297528653222705,none,0.0008974627199440643,verbatim from frozen C4 row (C4 recorded none for victim/sensor/distribution; failure_seed real),revision_C_base@7c27a44,7c27a44,45e2af3666873b8389a0bd7936fd9b6029d41fa8169fa964adb24a85ca76dec6,c6-random_20260831_182014_803486_5cf558a2,5cf558a20d4e6c9ac5845bd72e390abc3dcd6217c904aa099c208da79cfb245f,revision_B_base,revision_B_base,0.8,5,200000.0,xlarge,45.0,80.0,5.0,0.5,1.0,"{""p_d"":0.8,""stage"":""c6-random"",""tau"":10000.0,""w"":0.5}",b7a677794b82ff1680841467faa35377b7d82f925e1dd78d94f0523c73551860
10,51,random_uniform_n8_uncoordinated,2225564405,"policy_seed = SeedSequence([planning_seed, dataset_id, hash('c6-random-policy')]); per-UAV stream = SeedSequence([policy_seed, uav_id]) -> default_rng(derived_seed); one stream per persistent UAV identity; streams are never shared or consumed sequentially across UAVs",0.010748961130570424,7958.5274576228,0.010781890815236377,562,152247,0.9963086300551078,270.9021352313167,1848,8000,200000.0,615.4016140410677,0.0,8000,129,0.01575,0,0,0,0,budget_exhausted,8000,8001,8000,8001,200000.0,"[[334339.60537798965,5724983.667836364],[334279.5143309487,5725073.804406926],[334279.5143309487,5724953.622312844],[334309.55985446915,5724923.576789323],[334219.4232839077,5725043.7588834055]]",5cde012c487dc830c7c2bc0e8ce231023f9bc13b55394a6740c49ae0cc56e10b,55a747c2ea9623e923d2dee64173bcd6942abcf1cfe2c36b23894fc96470c964,"{""0"":4262359256,""1"":2800254492,""2"":3419532356,""3"":3402325454,""4"":1796081472}","{""0"":4262359256,""1"":2800254492,""2"":3419532356,""3"":3402325454,""4"":1796081472}","[0,1,2,3,4]",not_applicable,not_applicable,not_applicable,not_applicable,evidence,10000.0,0.8,none,none,none,594469579,none,stationary,matched_prior_exact,1,0,456bd8986bed7e66f08fa8c990d8346adc5088c8289034b42a9f6161c440d0bb,flat,temperate,0,0.9946915957533808,200000.0,1.0,0.0,5,[],"[0,1,2,3,4]","[[334331.34945856873,5724994.104607949],[334278.059959227,5725060.873407095],[334290.01276670006,5724968.360705122],[334308.87607642583,5724933.31143598],[334217.6852865426,5725046.811770091]]",5.000000000465358,1.0,none,0.0,verbatim from frozen C4 row (C4 recorded none for victim/sensor/distribution; failure_seed real),revision_C_base@7c27a44,7c27a44,45e2af3666873b8389a0bd7936fd9b6029d41fa8169fa964adb24a85ca76dec6,c6-random_20260831_182014_803486_5cf558a2,5cf558a20d4e6c9ac5845bd72e390abc3dcd6217c904aa099c208da79cfb245f,revision_B_base,revision_B_base,0.8,5,200000.0,xlarge,45.0,80.0,5.0,0.5,1.0,"{""p_d"":0.8,""stage"":""c6-random"",""tau"":10000.0,""w"":0.5}",b7a677794b82ff1680841467faa35377b7d82f925e1dd78d94f0523c73551860
10,51,random_uniform_n8_uncoordinated,2225564405,"policy_seed = SeedSequence([planning_seed, dataset_id, hash('c6-random-policy')]); per-UAV stream = SeedSequence([policy_seed, uav_id]) -> default_rng(derived_seed); one stream per persistent UAV identity; streams are never shared or consumed sequentially across UAVs",0.010284997800541842,7960.066219237182,0.01031745137199081,527,121838,0.9956745842840493,231.19165085388994,1617,8000,160000.0,532.3510708687827,0.0,8000,33,0.004125,0,0,0,0,budget_exhausted,8000,8001,8000,8001,160000.0,"[[334279.5143309487,5725073.804406926],[334279.5143309487,5724953.622312844],[334309.55985446915,5724923.576789323],[334219.4232839077,5725043.7588834055]]",1967fcaeb654aa77e7e8907337d0fe6e68ebe33eba23fb891cfab512cb5ebf26,5aa37e5a8d42df07e5da6dedaeaf357b807a45188555769e264bd130a54c347e,"{""1"":2800254492,""2"":3419532356,""3"":3402325454,""4"":1796081472}","{""0"":4262359256,""1"":2800254492,""2"":3419532356,""3"":3402325454,""4"":1796081472}","[1,2,3,4]",not_applicable,not_applicable,not_applicable,not_applicable,evidence,10000.0,0.8,none,none,none,594469579,none,stationary,matched_prior_exact,1,0,456bd8986bed7e66f08fa8c990d8346adc5088c8289034b42a9f6161c440d0bb,flat,temperate,1,0.9948839169150334,160000.0,1.0,0.0,4,[0],"[1,2,3,4]","[[334278.059959227,5725060.873407095],[334290.01276670006,5724968.360705122],[334308.87607642583,5724933.31143598],[334217.6852865426,5725046.811770091]]",5.000000000465358,0.9568364491793487,none,0.0001923211616525755,verbatim from frozen C4 row (C4 recorded none for victim/sensor/distribution; failure_seed real),revision_C_base@7c27a44,7c27a44,45e2af3666873b8389a0bd7936fd9b6029d41fa8169fa964adb24a85ca76dec6,c6-random_20260831_182014_803486_5cf558a2,5cf558a20d4e6c9ac5845bd72e390abc3dcd6217c904aa099c208da79cfb245f,revision_B_base,revision_B_base,0.8,5,200000.0,xlarge,45.0,80.0,5.0,0.5,1.0,"{""p_d"":0.8,""stage"":""c6-random"",""tau"":10000.0,""w"":0.5}",b7a677794b82ff1680841467faa35377b7d82f925e1dd78d94f0523c73551860
10,51,random_uniform_n8_uncoordinated,2225564405,"policy_seed = SeedSequence([planning_seed, dataset_id, hash('c6-random-policy')]); per-UAV stream = SeedSequence([policy_seed, uav_id]) -> default_rng(derived_seed); one stream per persistent UAV identity; streams are never shared or consumed sequentially across UAVs",0.006786366796389212,7969.545724773063,0.006803358111399408,419,91324,0.9954119399062678,217.95704057279235,1617,8000,120000.0,402.25761542283,0.0,8000,25,0.003125,0,0,0,0,budget_exhausted,8000,8001,8000,8001,120000.0,"[[334279.5143309487,5725073.804406926],[334279.5143309487,5724953.622312844],[334219.4232839077,5725043.7588834055]]",205b13e52025008384a48e890cec56bd18b95aeca9b59b2a83ec20d25608ec29,615b980ac2caf4a1a5347cb4db20d31c9cd238f4e842262f52d8ea30a409ee99,"{""1"":2800254492,""2"":3419532356,""4"":1796081472}","{""0"":4262359256,""1"":2800254492,""2"":3419532356,""3"":3402325454,""4"":1796081472}","[1,2,4]",not_applicable,not_applicable,not_applicable,not_applicable,evidence,10000.0,0.8,none,none,none,594469579,none,stationary,matched_prior_exact,1,0,456bd8986bed7e66f08fa8c990d8346adc5088c8289034b42a9f6161c440d0bb,flat,temperate,2,0.9960687070082568,120000.0,1.0,0.0,3,"[0,3]","[1,2,4]","[[334278.059959227,5725060.873407095],[334290.01276670006,5724968.360705122],[334217.6852865426,5725046.811770091]]",5.000000000464819,0.6313509476826134,none,0.00137711125487594,verbatim from frozen C4 row (C4 recorded none for victim/sensor/distribution; failure_seed real),revision_C_base@7c27a44,7c27a44,45e2af3666873b8389a0bd7936fd9b6029d41fa8169fa964adb24a85ca76dec6,c6-random_20260831_182014_803486_5cf558a2,5cf558a20d4e6c9ac5845bd72e390abc3dcd6217c904aa099c208da79cfb245f,revision_B_base,revision_B_base,0.8,5,200000.0,xlarge,45.0,80.0,5.0,0.5,1.0,"{""p_d"":0.8,""stage"":""c6-random"",""tau"":10000.0,""w"":0.5}",b7a677794b82ff1680841467faa35377b7d82f925e1dd78d94f0523c73551860
10,51,random_uniform_n8_uncoordinated,2225564405,"policy_seed = SeedSequence([planning_seed, dataset_id, hash('c6-random-policy')]); per-UAV stream = SeedSequence([policy_seed, uav_id]) -> default_rng(derived_seed); one stream per persistent UAV identity; streams are never shared or consumed sequentially across UAVs",0.005170298918058529,7975.651765638195,0.005187290231266384,374,60854,0.9938541427022053,162.71122994652407,960,8000,80000.0,262.16098117176443,0.0,8000,0,0.0,0,0,0,0,budget_exhausted,8000,8001,8000,8001,80000.0,"[[334279.5143309487,5724953.622312844],[334219.4232839077,5725043.7588834055]]",62e15518a6e7a554aa925e9f36b97a32991148c3fec9086520f1c587797c1601,856fd1f7a4eb4aeb043bd7590447cf92527c41d96517a2dbab04f2f939f089cc,"{""2"":3419532356,""4"":1796081472}","{""0"":4262359256,""1"":2800254492,""2"":3419532356,""3"":3402325454,""4"":1796081472}","[2,4]",not_applicable,not_applicable,not_applicable,not_applicable,evidence,10000.0,0.8,none,none,none,594469579,none,stationary,matched_prior_exact,1,0,456bd8986bed7e66f08fa8c990d8346adc5088c8289034b42a9f6161c440d0bb,flat,temperate,3,0.9968318667214342,80000.0,1.0,0.0,2,"[0,3,1]","[2,4]","[[334290.01276670006,5724968.360705122],[334217.6852865426,5725046.811770091]]",5.000000000464819,0.4810045226932691,none,0.0021402709680533594,verbatim from frozen C4 row (C4 recorded none for victim/sensor/distribution; failure_seed real),revision_C_base@7c27a44,7c27a44,45e2af3666873b8389a0bd7936fd9b6029d41fa8169fa964adb24a85ca76dec6,c6-random_20260831_182014_803486_5cf558a2,5cf558a20d4e6c9ac5845bd72e390abc3dcd6217c904aa099c208da79cfb245f,revision_B_base,revision_B_base,0.8,5,200000.0,xlarge,45.0,80.0,5.0,0.5,1.0,"{""p_d"":0.8,""stage"":""c6-random"",""tau"":10000.0,""w"":0.5}",b7a677794b82ff1680841467faa35377b7d82f925e1dd78d94f0523c73551860
10,48,random_uniform_n8_uncoordinated,1446888020,"policy_seed = SeedSequence([planning_seed, dataset_id, hash('c6-random-policy')]); per-UAV stream = SeedSequence([policy_seed, uav_id]) -> default_rng(derived_seed); one stream per persistent UAV identity; streams are never shared or consumed sequentially across UAVs",0.004991271633812553,7979.964513946952,0.005025728260484574,514,152035,0.9966191995264249,295.78793774319064,1971,8000,200000.0,627.2516834209673,0.0,8000,263,0.032125,0,0,0,0,budget_exhausted,8000,8001,8000,8001,200000.0,"[[334219.4232839077,5725073.804406926],[334189.3777603872,5725013.713359885],[334219.4232839077,5724923.576789323],[334219.4232839077,5724983.667836364],[334279.5143309487,5724953.622312844]]",72de94d103216530d7b39d2938a5ba94a9218ad02ff675db15e52e3a8dcfd981,589dc26c8325042611dbb77259cac18d4f0e4184cdbd76ec37336e58421d49b6,"{""0"":2559513839,""1"":286135186,""2"":1411244983,""3"":3802656562,""4"":151614248}","{""0"":2559513839,""1"":286135186,""2"":1411244983,""3"":3802656562,""4"":151614248}","[0,1,2,3,4]",not_applicable,not_applicable,not_applicable,not_applicable,evidence,10000.0,0.8,none,none,none,1773811642,none,stationary,matched_prior_exact,1,0,456bd8986bed7e66f08fa8c990d8346adc5088c8289034b42a9f6161c440d0bb,flat,temperate,0,0.9973708928817588,200000.0,1.0,0.0,5,[],"[0,1,2,3,4]","[[334220.7584518964,5725063.768145641],[334196.4912505313,5725006.496216538],[334226.09244485555,5724937.705004173],[334218.1255894802,5724974.839774018],[334285.7569015989,5724968.255193128]]",5.000000000465503,1.0,none,0.0,verbatim from frozen C4 row (C4 recorded none for victim/sensor/distribution; failure_seed real),revision_C_base@7c27a44,7c27a44,45e2af3666873b8389a0bd7936fd9b6029d41fa8169fa964adb24a85ca76dec6,c6-random_20260831_182014_803486_5cf558a2,5cf558a20d4e6c9ac5845bd72e390abc3dcd6217c904aa099c208da79cfb245f,revision_B_base,revision_B_base,0.8,5,200000.0,xlarge,45.0,80.0,5.0,0.5,1.0,"{""p_d"":0.8,""stage"":""c6-random"",""tau"":10000.0,""w"":0.5}",b7a677794b82ff1680841467faa35377b7d82f925e1dd78d94f0523c73551860
10,48,random_uniform_n8_uncoordinated,1446888020,"policy_seed = SeedSequence([planning_seed, dataset_id, hash('c6-random-policy')]); per-UAV stream = SeedSequence([policy_seed, uav_id]) -> default_rng(derived_seed); one stream per persistent UAV identity; streams are never shared or consumed sequentially across UAVs",0.0044392119504904,7981.796945701841,0.004458938476660226,446,121693,0.9963350398133007,272.8542600896861,1232,8000,160000.0,537.771215246059,0.0,8000,201,0.02475,0,0,0,0,budget_exhausted,8000,8001,8000,8001,160000.0,"[[334219.4232839077,5725073.804406926],[334189.3777603872,5725013.713359885],[334219.4232839077,5724923.576789323],[334219.4232839077,5724983.667836364]]",422de537697b7d2dceb546711736fc02ea1393ef948c24efbc2ac7261305adac,bc0c14174fcf621784cb93d07bee3e9dd69e8eec77c8a0e9fc9774926f616aca,"{""0"":2559513839,""1"":286135186,""2"":1411244983,""3"":3802656562}","{""0"":2559513839,""1"":286135186,""2"":1411244983,""3"":3802656562,""4"":151614248}","[0,1,2,3]",not_applicable,not_applicable,not_applicable,not_applicable,evidence,10000.0,0.8,none,none,none,1773811642,none,stationary,matched_prior_exact,1,0,456bd8986bed7e66f08fa8c990d8346adc5088c8289034b42a9f6161c440d0bb,flat,temperate,1,0.9975999182229522,160000.0,1.0,0.0,4,[4],"[0,1,2,3]","[[334220.7584518964,5725063.768145641],[334196.4912505313,5725006.496216538],[334226.09244485555,5724937.705004173],[334218.1255894802,5724974.839774018]]",5.000000000465413,0.8893949831176658,none,0.00022902534119340068,verbatim from frozen C4 row (C4 recorded none for victim/sensor/distribution; failure_seed real),revision_C_base@7c27a44,7c27a44,45e2af3666873b8389a0bd7936fd9b6029d41fa8169fa964adb24a85ca76dec6,c6-random_20260831_182014_803486_5cf558a2,5cf558a20d4e6c9ac5845bd72e390abc3dcd6217c904aa099c208da79cfb245f,revision_B_base,revision_B_base,0.8,5,200000.0,xlarge,45.0,80.0,5.0,0.5,1.0,"{""p_d"":0.8,""stage"":""c6-random"",""tau"":10000.0,""w"":0.5}",b7a677794b82ff1680841467faa35377b7d82f925e1dd78d94f0523c73551860
10,48,random_uniform_n8_uncoordinated,1446888020,"policy_seed = SeedSequence([planning_seed, dataset_id, hash('c6-random-policy')]); per-UAV stream = SeedSequence([policy_seed, uav_id]) -> default_rng(derived_seed); one stream per persistent UAV identity; streams are never shared or consumed sequentially across UAVs",0.0028611663431322696,7989.6749782033185,0.002876274627161154,396,91287,0.9956620329291137,230.52272727272728,817,8000,120000.0,413.6190283820033,0.0,8000,79,0.009875,0,0,0,0,budget_exhausted,8000,8001,8000,8001,120000.0,"[[334219.4232839077,5725073.804406926],[334219.4232839077,5724923.576789323],[334219.4232839077,5724983.667836364]]",072a1d06a289cd6fa8c57d427f6ead6da8b704ab063b24c88056c6b1fa004589,695429ddaa642aa8cf1e9a07c872e1d931ae47e582ba46175d012240a04a1080,"{""0"":2559513839,""2"":1411244983,""3"":3802656562}","{""0"":2559513839,""1"":286135186,""2"":1411244983,""3"":3802656562,""4"":151614248}","[0,2,3]",not_applicable,not_applicable,not_applicable,not_applicable,evidence,10000.0,0.8,none,none,none,1773811642,none,stationary,matched_prior_exact,1,0,456bd8986bed7e66f08fa8c990d8346adc5088c8289034b42a9f6161c440d0bb,flat,temperate,2,0.998584549206764,120000.0,1.0,0.0,3,"[4,1]","[0,2,3]","[[334220.7584518964,5725063.768145641],[334226.09244485555,5724937.705004173],[334218.1255894802,5724974.839774018]]",5.000000000465413,0.5732339477879277,none,0.0012136563250051413,verbatim from frozen C4 row (C4 recorded none for victim/sensor/distribution; failure_seed real),revision_C_base@7c27a44,7c27a44,45e2af3666873b8389a0bd7936fd9b6029d41fa8169fa964adb24a85ca76dec6,c6-random_20260831_182014_803486_5cf558a2,5cf558a20d4e6c9ac5845bd72e390abc3dcd6217c904aa099c208da79cfb245f,revision_B_base,revision_B_base,0.8,5,200000.0,xlarge,45.0,80.0,5.0,0.5,1.0,"{""p_d"":0.8,""stage"":""c6-random"",""tau"":10000.0,""w"":0.5}",b7a677794b82ff1680841467faa35377b7d82f925e1dd78d94f0523c73551860
10,48,random_uniform_n8_uncoordinated,1446888020,"policy_seed = SeedSequence([planning_seed, dataset_id, hash('c6-random-policy')]); per-UAV stream = SeedSequence([policy_seed, uav_id]) -> default_rng(derived_seed); one stream per persistent UAV identity; streams are never shared or consumed sequentially across UAVs",0.0008939549823903342,7999.686857646504,0.0008939549826947716,295,60802,0.995148185914937,206.1084745762712,813,8000,80000.0,268.38439052924514,0.0,8000,76,0.0095,0,0,0,0,budget_exhausted,8000,8001,8000,8001,80000.0,"[[334219.4232839077,5724923.576789323],[334219.4232839077,5724983.667836364]]",1c175adff9e7af9c7ecff8966669fc89f5fd09a1cf4457fc2f9b8288e5599d1b,a140475bfb4f286428e1691000bea3d51621c1335b466d816444b51ecb176227,"{""2"":1411244983,""3"":3802656562}","{""0"":2559513839,""1"":286135186,""2"":1411244983,""3"":3802656562,""4"":151614248}","[2,3]",not_applicable,not_applicable,not_applicable,not_applicable,evidence,10000.0,0.8,none,none,none,1773811642,none,stationary,matched_prior_exact,1,0,456bd8986bed7e66f08fa8c990d8346adc5088c8289034b42a9f6161c440d0bb,flat,temperate,3,0.9998358777210978,80000.0,1.0,0.0,2,"[4,1,0]","[2,3]","[[334226.09244485555,5724937.705004173],[334218.1255894802,5724974.839774018]]",5.000000000465413,0.17910365293172634,none,0.0024649848393389906,verbatim from frozen C4 row (C4 recorded none for victim/sensor/distribution; failure_seed real),revision_C_base@7c27a44,7c27a44,45e2af3666873b8389a0bd7936fd9b6029d41fa8169fa964adb24a85ca76dec6,c6-random_20260831_182014_803486_5cf558a2,5cf558a20d4e6c9ac5845bd72e390abc3dcd6217c904aa099c208da79cfb245f,revision_B_base,revision_B_base,0.8,5,200000.0,xlarge,45.0,80.0,5.0,0.5,1.0,"{""p_d"":0.8,""stage"":""c6-random"",""tau"":10000.0,""w"":0.5}",b7a677794b82ff1680841467faa35377b7d82f925e1dd78d94f0523c73551860
10,50,random_uniform_n8_uncoordinated,1429593651,"policy_seed = SeedSequence([planning_seed, dataset_id, hash('c6-random-policy')]); per-UAV stream = SeedSequence([policy_seed, uav_id]) -> default_rng(derived_seed); one stream per persistent UAV identity; streams are never shared or consumed sequentially across UAVs",0.014413220550131741,7954.7977995813635,0.014489008492426273,619,151829,0.9959230450045775,245.28109854604202,1383,8000,200000.0,660.5029694279656,0.0,8000,104,0.013,0,0,0,0,budget_exhausted,8000,8001,8000,8001,200000.0,"[[334309.55985446915,5724923.576789323],[334189.3777603872,5724983.667836364],[334279.5143309487,5725103.849930447],[334339.60537798965,5725043.7588834055],[334249.4688074282,5725043.7588834055]]",6b35575434fe69a5180e3cd097f178baeb7758b3aaea7a7216e176426fef5009,985a57d9811ff0fecbf140bb3bfc471f252a0ab15ee29b06dc509b499f6dd953,"{""0"":3277997863,""1"":3335204265,""2"":3775706206,""3"":704261138,""4"":3806740248}","{""0"":3277997863,""1"":3335204265,""2"":3775706206,""3"":704261138,""4"":3806740248}","[0,1,2,3,4]",not_applicable,not_applicable,not_applicable,not_applicable,evidence,10000.0,0.8,none,none,none,1678786266,none,stationary,matched_prior_exact,1,0,456bd8986bed7e66f08fa8c990d8346adc5088c8289034b42a9f6161c440d0bb,flat,temperate,0,0.9942254467668246,200000.0,1.0,0.0,5,[],"[0,1,2,3,4]","[[334300.7860474235,5724924.920300336],[334185.28645410074,5724984.462749872],[334286.16062007094,5725093.869833569],[334347.9162294534,5725043.326808645],[334237.3473894879,5725043.405227825]]",5.000000000465436,1.0,none,0.0,verbatim from frozen C4 row (C4 recorded none for victim/sensor/distribution; failure_seed real),revision_C_base@7c27a44,7c27a44,45e2af3666873b8389a0bd7936fd9b6029d41fa8169fa964adb24a85ca76dec6,c6-random_20260831_182014_803486_5cf558a2,5cf558a20d4e6c9ac5845bd72e390abc3dcd6217c904aa099c208da79cfb245f,revision_B_base,revision_B_base,0.8,5,200000.0,xlarge,45.0,80.0,5.0,0.5,1.0,"{""p_d"":0.8,""stage"":""c6-random"",""tau"":10000.0,""w"":0.5}",b7a677794b82ff1680841467faa35377b7d82f925e1dd78d94f0523c73551860
10,50,random_uniform_n8_uncoordinated,1429593651,"policy_seed = SeedSequence([planning_seed, dataset_id, hash('c6-random-policy')]); per-UAV stream = SeedSequence([policy_seed, uav_id]) -> default_rng(derived_seed); one stream per persistent UAV identity; streams are never shared or consumed sequentially across UAVs",0.013073026968234897,7959.226546232972,0.01311634119358722,501,121454,0.9958749814744677,242.42315369261476,1383,8000,160000.0,539.5143437338993,0.0,8000,82,0.01025,0,0,0,0,budget_exhausted,8000,8001,8000,8001,160000.0,"[[334189.3777603872,5724983.667836364],[334279.5143309487,5725103.849930447],[334339.60537798965,5725043.7588834055],[334249.4688074282,5725043.7588834055]]",3de027417bb9d18fa8635c31a55dabdbf08ef100055ba9b1f5d91d0776354a01,23ec5684f32a49dbcdfb943323709eda964afdde08bfdf4c00be2293da66f0ea,"{""1"":3335204265,""2"":3775706206,""3"":704261138,""4"":3806740248}","{""0"":3277997863,""1"":3335204265,""2"":3775706206,""3"":704261138,""4"":3806740248}","[1,2,3,4]",not_applicable,not_applicable,not_applicable,not_applicable,evidence,10000.0,0.8,none,none,none,1678786266,none,stationary,matched_prior_exact,1,0,456bd8986bed7e66f08fa8c990d8346adc5088c8289034b42a9f6161c440d0bb,flat,temperate,1,0.9947789709077581,160000.0,1.0,0.0,4,[0],"[1,2,3,4]","[[334185.28645410074,5724984.462749872],[334286.16062007094,5725093.869833569],[334347.9162294534,5725043.326808645],[334237.3473894879,5725043.405227825]]",5.000000000465436,0.9070163689485349,none,0.00055352414093357,verbatim from frozen C4 row (C4 recorded none for victim/sensor/distribution; failure_seed real),revision_C_base@7c27a44,7c27a44,45e2af3666873b8389a0bd7936fd9b6029d41fa8169fa964adb24a85ca76dec6,c6-random_20260831_182014_803486_5cf558a2,5cf558a20d4e6c9ac5845bd72e390abc3dcd6217c904aa099c208da79cfb245f,revision_B_base,revision_B_base,0.8,5,200000.0,xlarge,45.0,80.0,5.0,0.5,1.0,"{""p_d"":0.8,""stage"":""c6-random"",""tau"":10000.0,""w"":0.5}",b7a677794b82ff1680841467faa35377b7d82f925e1dd78d94f0523c73551860
10,50,random_uniform_n8_uncoordinated,1429593651,"policy_seed = SeedSequence([planning_seed, dataset_id, hash('c6-random-policy')]); per-UAV stream = SeedSequence([policy_seed, uav_id]) -> default_rng(derived_seed); one stream per persistent UAV identity; streams are never shared or consumed sequentially across UAVs",0.0128432348600946,7959.397349497744,0.012886549083895114,406,91080,0.995542380324989,224.33497536945814,1244,8000,120000.0,433.9092273870483,0.0,8000,39,0.004875,0,0,0,0,budget_exhausted,8000,8001,8000,8001,120000.0,"[[334189.3777603872,5724983.667836364],[334279.5143309487,5725103.849930447],[334339.60537798965,5725043.7588834055]]",f0596e14aa4df72e7aee996baac1536b4bd9e0eb9691adfbe3f6ef3ae37a490c,f5be24f64f885cb2054e86c9683c55dfbc427572e47ea0db37cd0607bd4fddce,"{""1"":3335204265,""2"":3775706206,""3"":704261138}","{""0"":3277997863,""1"":3335204265,""2"":3775706206,""3"":704261138,""4"":3806740248}","[1,2,3]",not_applicable,not_applicable,not_applicable,not_applicable,evidence,10000.0,0.8,none,none,none,1678786266,none,stationary,matched_prior_exact,1,0,456bd8986bed7e66f08fa8c990d8346adc5088c8289034b42a9f6161c440d0bb,flat,temperate,2,0.994800318647387,120000.0,1.0,0.0,3,"[0,4]","[1,2,3]","[[334185.28645410074,5724984.462749872],[334286.16062007094,5725093.869833569],[334347.9162294534,5725043.326808645]]",5.000000000462617,0.8910732209656785,none,0.0005748718805624886,verbatim from frozen C4 row (C4 recorded none for victim/sensor/distribution; failure_seed real),revision_C_base@7c27a44,7c27a44,45e2af3666873b8389a0bd7936fd9b6029d41fa8169fa964adb24a85ca76dec6,c6-random_20260831_182014_803486_5cf558a2,5cf558a20d4e6c9ac5845bd72e390abc3dcd6217c904aa099c208da79cfb245f,revision_B_base,revision_B_base,0.8,5,200000.0,xlarge,45.0,80.0,5.0,0.5,1.0,"{""p_d"":0.8,""stage"":""c6-random"",""tau"":10000.0,""w"":0.5}",b7a677794b82ff1680841467faa35377b7d82f925e1dd78d94f0523c73551860
10,50,random_uniform_n8_uncoordinated,1429593651,"policy_seed = SeedSequence([planning_seed, dataset_id, hash('c6-random-policy')]); per-UAV stream = SeedSequence([policy_seed, uav_id]) -> default_rng(derived_seed); one stream per persistent UAV identity; streams are never shared or consumed sequentially across UAVs",0.006728924689028502,7977.3827880075405,0.006770683042801566,278,60754,0.9954241696020015,218.53956834532374,952,8000,80000.0,196.53812842210755,0.0,8000,0,0.0,0,0,0,0,budget_exhausted,8000,8001,8000,8001,80000.0,"[[334189.3777603872,5724983.667836364],[334339.60537798965,5725043.7588834055]]",8979a5324d5bb9d1ad94536ed8090eb0915fceedef83f3079ce0c3d61edf18b9,aa2a69a060e70de8bd8b67b471b90913df3b77e7ec097bc645a801f6081d90b3,"{""1"":3335204265,""3"":704261138}","{""0"":3277997863,""1"":3335204265,""2"":3775706206,""3"":704261138,""4"":3806740248}","[1,3]",not_applicable,not_applicable,not_applicable,not_applicable,evidence,10000.0,0.8,none,none,none,1678786266,none,stationary,matched_prior_exact,1,0,456bd8986bed7e66f08fa8c990d8346adc5088c8289034b42a9f6161c440d0bb,flat,temperate,3,0.9970482174737584,80000.0,1.0,0.0,2,"[0,4,2]","[1,3]","[[334185.28645410074,5724984.462749872],[334347.9162294534,5725043.326808645]]",5.000000000462617,0.46685781748944355,none,0.0028227707069338193,verbatim from frozen C4 row (C4 recorded none for victim/sensor/distribution; failure_seed real),revision_C_base@7c27a44,7c27a44,45e2af3666873b8389a0bd7936fd9b6029d41fa8169fa964adb24a85ca76dec6,c6-random_20260831_182014_803486_5cf558a2,5cf558a20d4e6c9ac5845bd72e390abc3dcd6217c904aa099c208da79cfb245f,revision_B_base,revision_B_base,0.8,5,200000.0,xlarge,45.0,80.0,5.0,0.5,1.0,"{""p_d"":0.8,""stage"":""c6-random"",""tau"":10000.0,""w"":0.5}",b7a677794b82ff1680841467faa35377b7d82f925e1dd78d94f0523c73551860
10,49,random_uniform_n8_uncoordinated,3040873587,"policy_seed = SeedSequence([planning_seed, dataset_id, hash('c6-random-policy')]); per-UAV stream = SeedSequence([policy_seed, uav_id]) -> default_rng(derived_seed); one stream per persistent UAV identity; streams are never shared or consumed sequentially across UAVs",0.016394160736870812,7942.485046944603,0.016470810993045693,592,151939,0.996103699510988,256.6537162162162,1214,8000,200000.0,670.2547938688658,0.0,8000,150,0.0185,0,0,0,0,budget_exhausted,8000,8001,8000,8001,200000.0,"[[334219.4232839077,5725073.804406926],[334219.4232839077,5725073.804406926],[334279.5143309487,5725013.713359885],[334309.55985446915,5724923.576789323],[334249.4688074282,5725013.713359885]]",0cd5dccbd897ccc017b296a3c5b82fdc6147ac4bfbf109a86c283b14a8a4a990,f97d035e88cb218f3d921ade7f20c44daa500f609bd79df384052797f569ff50,"{""0"":579515310,""1"":3886324140,""2"":1328055341,""3"":2136298714,""4"":539111476}","{""0"":579515310,""1"":3886324140,""2"":1328055341,""3"":2136298714,""4"":539111476}","[0,1,2,3,4]",not_applicable,not_applicable,not_applicable,not_applicable,evidence,10000.0,0.8,none,none,none,599794624,none,stationary,matched_prior_exact,1,0,456bd8986bed7e66f08fa8c990d8346adc5088c8289034b42a9f6161c440d0bb,flat,temperate,0,0.9926865450499441,200000.0,1.0,0.0,5,[],"[0,1,2,3,4]","[[334229.3632394197,5725072.168818314],[334218.0510657913,5725063.304285395],[334273.0122088742,5725004.039631271],[334295.95106640976,5724915.288878261],[334246.1550359129,5725011.764393869]]",5.000000000464159,1.0,none,0.0,verbatim from frozen C4 row (C4 recorded none for victim/sensor/distribution; failure_seed real),revision_C_base@7c27a44,7c27a44,45e2af3666873b8389a0bd7936fd9b6029d41fa8169fa964adb24a85ca76dec6,c6-random_20260831_182014_803486_5cf558a2,5cf558a20d4e6c9ac5845bd72e390abc3dcd6217c904aa099c208da79cfb245f,revision_B_base,revision_B_base,0.8,5,200000.0,xlarge,45.0,80.0,5.0,0.5,1.0,"{""p_d"":0.8,""stage"":""c6-random"",""tau"":10000.0,""w"":0.5}",b7a677794b82ff1680841467faa35377b7d82f925e1dd78d94f0523c73551860
10,49,random_uniform_n8_uncoordinated,3040873587,"policy_seed = SeedSequence([planning_seed, dataset_id, hash('c6-random-policy')]); per-UAV stream = SeedSequence([policy_seed, uav_id]) -> default_rng(derived_seed); one stream per persistent UAV identity; streams are never shared or consumed sequentially across UAVs",0.005635112767330499,7979.045029366636,0.005635734948887992,450,121607,0.9962995551242938,270.23777777777775,1214,8000,160000.0,540.0087556969374,0.0,8000,108,0.01325,0,0,0,0,budget_exhausted,8000,8001,8000,8001,160000.0,"[[334219.4232839077,5725073.804406926],[334219.4232839077,5725073.804406926],[334279.5143309487,5725013.713359885],[334249.4688074282,5725013.713359885]]",1fd3841648da14c376a961676f20d6844c07c388c4e783b7bf5c3b4df42a81c4,dda4c13e66a4c49bdbea594bd57eb990c9567df60a6ce3631847f6274fd4738b,"{""0"":579515310,""1"":3886324140,""2"":1328055341,""4"":539111476}","{""0"":579515310,""1"":3886324140,""2"":1328055341,""3"":2136298714,""4"":539111476}","[0,1,2,4]",not_applicable,not_applicable,not_applicable,not_applicable,evidence,10000.0,0.8,none,none,none,599794624,none,stationary,matched_prior_exact,1,0,456bd8986bed7e66f08fa8c990d8346adc5088c8289034b42a9f6161c440d0bb,flat,temperate,1,0.9972559716743702,160000.0,1.0,0.0,4,[3],"[0,1,2,4]","[[334229.3632394197,5725072.168818314],[334218.0510657913,5725063.304285395],[334273.0122088742,5725004.039631271],[334246.1550359129,5725011.764393869]]",5.000000000464159,0.34372682187121734,none,0.004569426624426054,verbatim from frozen C4 row (C4 recorded none for victim/sensor/distribution; failure_seed real),revision_C_base@7c27a44,7c27a44,45e2af3666873b8389a0bd7936fd9b6029d41fa8169fa964adb24a85ca76dec6,c6-random_20260831_182014_803486_5cf558a2,5cf558a20d4e6c9ac5845bd72e390abc3dcd6217c904aa099c208da79cfb245f,revision_B_base,revision_B_base,0.8,5,200000.0,xlarge,45.0,80.0,5.0,0.5,1.0,"{""p_d"":0.8,""stage"":""c6-random"",""tau"":10000.0,""w"":0.5}",b7a677794b82ff1680841467faa35377b7d82f925e1dd78d94f0523c73551860
10,49,random_uniform_n8_uncoordinated,3040873587,"policy_seed = SeedSequence([planning_seed, dataset_id, hash('c6-random-policy')]); per-UAV stream = SeedSequence([policy_seed, uav_id]) -> default_rng(derived_seed); one stream per persistent UAV identity; streams are never shared or consumed sequentially across UAVs",0.00503865063293525,7982.532975406448,0.005039296507470616,371,91225,0.9959331323650316,245.88948787061994,1214,8000,120000.0,439.79413046268746,0.0,8000,71,0.008875,0,0,0,0,budget_exhausted,8000,8001,8000,8001,120000.0,"[[334219.4232839077,5725073.804406926],[334279.5143309487,5725013.713359885],[334249.4688074282,5725013.713359885]]",2ab6185e93ac810eb64b55f865006dbc7d8622751f53c2e68bca30ce4bd03069,7f898e325a080e0f3f497f55b8df8d5f82d6094c562d32637370c0af42986cb3,"{""0"":579515310,""2"":1328055341,""4"":539111476}","{""0"":579515310,""1"":3886324140,""2"":1328055341,""3"":2136298714,""4"":539111476}","[0,2,4]",not_applicable,not_applicable,not_applicable,not_applicable,evidence,10000.0,0.8,none,none,none,599794624,none,stationary,matched_prior_exact,1,0,456bd8986bed7e66f08fa8c990d8346adc5088c8289034b42a9f6161c440d0bb,flat,temperate,2,0.9976919104370013,120000.0,1.0,0.0,3,"[3,1]","[0,2,4]","[[334229.3632394197,5725072.168818314],[334273.0122088742,5725004.039631271],[334246.1550359129,5725011.764393869]]",5.000000000464159,0.3073442254108939,none,0.0050053653870572035,verbatim from frozen C4 row (C4 recorded none for victim/sensor/distribution; failure_seed real),revision_C_base@7c27a44,7c27a44,45e2af3666873b8389a0bd7936fd9b6029d41fa8169fa964adb24a85ca76dec6,c6-random_20260831_182014_803486_5cf558a2,5cf558a20d4e6c9ac5845bd72e390abc3dcd6217c904aa099c208da79cfb245f,revision_B_base,revision_B_base,0.8,5,200000.0,xlarge,45.0,80.0,5.0,0.5,1.0,"{""p_d"":0.8,""stage"":""c6-random"",""tau"":10000.0,""w"":0.5}",b7a677794b82ff1680841467faa35377b7d82f925e1dd78d94f0523c73551860
10,49,random_uniform_n8_uncoordinated,3040873587,"policy_seed = SeedSequence([planning_seed, dataset_id, hash('c6-random-policy')]); per-UAV stream = SeedSequence([policy_seed, uav_id]) -> default_rng(derived_seed); one stream per persistent UAV identity; streams are never shared or consumed sequentially across UAVs",0.004526196498085033,7986.165714736118,0.004529302644202254,296,60771,0.9951292557305293,205.30743243243242,990,8000,80000.0,183.99627368198708,0.0,8000,5,0.000625,0,0,0,0,budget_exhausted,8000,8001,8000,8001,80000.0,"[[334279.5143309487,5725013.713359885],[334249.4688074282,5725013.713359885]]",9723a68d6b3178f379f8f416f3bc31fb45fef62882c142a29c2a7ad542819876,85a0aefec55afa8bdb37ad64c7f18f6813cddce881b93d37ae14f3388b33793f,"{""2"":1328055341,""4"":539111476}","{""0"":579515310,""1"":3886324140,""2"":1328055341,""3"":2136298714,""4"":539111476}","[2,4]",not_applicable,not_applicable,not_applicable,not_applicable,evidence,10000.0,0.8,none,none,none,599794624,none,stationary,matched_prior_exact,1,0,456bd8986bed7e66f08fa8c990d8346adc5088c8289034b42a9f6161c440d0bb,flat,temperate,3,0.9981459460987524,80000.0,1.0,0.0,2,"[3,1,0]","[2,4]","[[334273.0122088742,5725004.039631271],[334246.1550359129,5725011.764393869]]",5.000000000464159,0.27608589245471543,none,0.005459401048808266,verbatim from frozen C4 row (C4 recorded none for victim/sensor/distribution; failure_seed real),revision_C_base@7c27a44,7c27a44,45e2af3666873b8389a0bd7936fd9b6029d41fa8169fa964adb24a85ca76dec6,c6-random_20260831_182014_803486_5cf558a2,5cf558a20d4e6c9ac5845bd72e390abc3dcd6217c904aa099c208da79cfb245f,revision_B_base,revision_B_base,0.8,5,200000.0,xlarge,45.0,80.0,5.0,0.5,1.0,"{""p_d"":0.8,""stage"":""c6-random"",""tau"":10000.0,""w"":0.5}",b7a677794b82ff1680841467faa35377b7d82f925e1dd78d94f0523c73551860
