dataset,planning_seed,planning_mode,policy_seed,rng_scheme,P_detect,RMST,L,unique_cells_observed,total_exposure_events,revisit_fraction,mean_exposures_per_observed_cell,max_exposures_per_cell,number_of_steps,distance_travelled,wall_time,planner_wall_time,number_of_replans,duplicate_targets,fraction_cycles_with_duplicate_targets,random_invalid_actions,random_hold_events,random_number_of_target_conflicts,random_reservation_blocked,termination_reason,T,H,T_common,H_common,actual_distance_total,initial_positions,initial_positions_hash,trajectory_hash,active_uav_streams_derived,nominal_uav_streams_derived,uav_ids_active,w,tau,lookahead_N,belief_model,environment_belief_model,environment_tau,sensor_p_d,victim_seed,sensor_seed,distribution_seed,failure_seed,simulation_victim_model,evaluation_victim_model,victim_sampling_model,evaluation_num_victims,simulation_num_victims,domain_hash,environment_type,environment_climate,parent_trial_id,parent_experiment_id,implementation_version,git_commit,source_hash,experiment_id,config_hash,fix_profile,behavior_profile,p_d,num_drones,budget,size,fov_deg,altitude,drone_speed,victim_speed,dt,condition_key,condition_key_hash
1,47,random_uniform_n8_uncoordinated,2061208408,"policy_seed = SeedSequence([planning_seed, dataset_id, hash('c6-random-policy')]); per-UAV stream = SeedSequence([policy_seed, uav_id]) -> default_rng(derived_seed); one stream per persistent UAV identity; streams are never shared or consumed sequentially across UAVs",0.018518522187742848,7913.811576139031,0.01857561075946329,449,152201,0.9970499536796736,338.97772828507794,1831,8000,200000.0,942.3620364530943,0.0,8000,163,0.020375,0,0,0,0,budget_exhausted,8000,8001,8000,8001,200000.0,"[[520655.5473522094,5662825.507658554],[520628.5784474643,5662919.196559933],[520715.42801326327,5662900.496038994],[520688.45327700884,5663000.348420152],[520617.8247240626,5662908.713604079]]",2fe61a766d51c57514713696731290ae92df7697333ae2dbc77e0f14e0d3ee88,a916296c4b2e856614f8b5085abc12d6367c3ea76f06c25faafc2c025d5882a3,"{""0"":2245316333,""1"":3528376685,""2"":4085678436,""3"":4254782055,""4"":3707600770}","{""0"":2245316333,""1"":3528376685,""2"":4085678436,""3"":4254782055,""4"":3707600770}","[0,1,2,3,4]",not_applicable,not_applicable,not_applicable,not_applicable,evidence,10000.0,0.8,none,none,none,none,none,stationary,matched_prior_exact,1,0,195114f1cc7e2281aceadba7f32b42335b9f813accc1177d689a729aef6cfcb4,flat,temperate,1:47,c5-generalization_20260827_181139_043334_662411fc,revision_C_base@7c27a44,7c27a44,45e2af3666873b8389a0bd7936fd9b6029d41fa8169fa964adb24a85ca76dec6,c6-random_20260831_182014_803486_5cf558a2,5cf558a20d4e6c9ac5845bd72e390abc3dcd6217c904aa099c208da79cfb245f,revision_B_base,revision_B_base,0.8,5,200000.0,xlarge,45.0,80.0,5.0,0.5,1.0,"{""p_d"":0.8,""stage"":""c6-random"",""tau"":10000.0,""w"":0.5}",b7a677794b82ff1680841467faa35377b7d82f925e1dd78d94f0523c73551860
1,50,random_uniform_n8_uncoordinated,3688532206,"policy_seed = SeedSequence([planning_seed, dataset_id, hash('c6-random-policy')]); per-UAV stream = SeedSequence([policy_seed, uav_id]) -> default_rng(derived_seed); one stream per persistent UAV identity; streams are never shared or consumed sequentially across UAVs",0.023035290181720486,7907.4176254451995,0.02304972726487381,534,152237,0.9964923113303599,285.08801498127343,1602,8000,200000.0,1014.1805278658867,0.0,8000,218,0.027125,0,0,0,0,budget_exhausted,8000,8001,8000,8001,200000.0,"[[520681.28884999023,5662823.413556474],[520565.7892566675,5662882.956006011],[520666.6634226377,5662992.363089708],[520728.41903202015,5662941.820064784],[520617.85019205464,5662941.898483964]]",0bcd08d9c5dd844ced37907c5e74335e22a8594076973ffb45d7b8eedb9ffc21,bff6aa7cc1b997890a1c63a79162acbc331a351afa55de6012108b2c13acc1a8,"{""0"":387657852,""1"":2391125453,""2"":2471806178,""3"":4240117482,""4"":3315037956}","{""0"":387657852,""1"":2391125453,""2"":2471806178,""3"":4240117482,""4"":3315037956}","[0,1,2,3,4]",not_applicable,not_applicable,not_applicable,not_applicable,evidence,10000.0,0.8,none,none,none,none,none,stationary,matched_prior_exact,1,0,195114f1cc7e2281aceadba7f32b42335b9f813accc1177d689a729aef6cfcb4,flat,temperate,1:50,c5-generalization_20260827_181139_043334_662411fc,revision_C_base@7c27a44,7c27a44,45e2af3666873b8389a0bd7936fd9b6029d41fa8169fa964adb24a85ca76dec6,c6-random_20260831_182014_803486_5cf558a2,5cf558a20d4e6c9ac5845bd72e390abc3dcd6217c904aa099c208da79cfb245f,revision_B_base,revision_B_base,0.8,5,200000.0,xlarge,45.0,80.0,5.0,0.5,1.0,"{""p_d"":0.8,""stage"":""c6-random"",""tau"":10000.0,""w"":0.5}",b7a677794b82ff1680841467faa35377b7d82f925e1dd78d94f0523c73551860
1,49,random_uniform_n8_uncoordinated,2101923733,"policy_seed = SeedSequence([planning_seed, dataset_id, hash('c6-random-policy')]); per-UAV stream = SeedSequence([policy_seed, uav_id]) -> default_rng(derived_seed); one stream per persistent UAV identity; streams are never shared or consumed sequentially across UAVs",0.02684271218212689,7896.410257464311,0.026927130840424862,607,152448,0.9960183144416457,251.1499176276771,2046,8000,200000.0,1014.7910961969756,0.0,8000,212,0.02625,0,0,0,0,budget_exhausted,8000,8001,8000,8001,200000.0,"[[520609.86604198645,5662970.662074452],[520598.553868358,5662961.797541534],[520653.51501144096,5662902.532887409],[520676.4538689765,5662813.7821344],[520626.6578384796,5662910.2576500075]]",8542f702a4f00f38f331770accdb832ab7fd5821d0a61dc5c15feb3cec0e38d0,ea01e1ae336378f2333c1d122c6e2f30ed406309e56d86929dce28f2d2af05e6,"{""0"":2750785714,""1"":245520859,""2"":2849860812,""3"":2688674635,""4"":3328375683}","{""0"":2750785714,""1"":245520859,""2"":2849860812,""3"":2688674635,""4"":3328375683}","[0,1,2,3,4]",not_applicable,not_applicable,not_applicable,not_applicable,evidence,10000.0,0.8,none,none,none,none,none,stationary,matched_prior_exact,1,0,195114f1cc7e2281aceadba7f32b42335b9f813accc1177d689a729aef6cfcb4,flat,temperate,1:49,c5-generalization_20260827_181139_043334_662411fc,revision_C_base@7c27a44,7c27a44,45e2af3666873b8389a0bd7936fd9b6029d41fa8169fa964adb24a85ca76dec6,c6-random_20260831_182014_803486_5cf558a2,5cf558a20d4e6c9ac5845bd72e390abc3dcd6217c904aa099c208da79cfb245f,revision_B_base,revision_B_base,0.8,5,200000.0,xlarge,45.0,80.0,5.0,0.5,1.0,"{""p_d"":0.8,""stage"":""c6-random"",""tau"":10000.0,""w"":0.5}",b7a677794b82ff1680841467faa35377b7d82f925e1dd78d94f0523c73551860
1,43,random_uniform_n8_uncoordinated,1723940930,"policy_seed = SeedSequence([planning_seed, dataset_id, hash('c6-random-policy')]); per-UAV stream = SeedSequence([policy_seed, uav_id]) -> default_rng(derived_seed); one stream per persistent UAV identity; streams are never shared or consumed sequentially across UAVs",0.021044051690536452,7905.295628105796,0.021133233919589493,515,152461,0.9966220869599438,296.04077669902915,1728,8000,200000.0,1058.5096161100082,0.0,8000,131,0.016125,0,0,0,0,budget_exhausted,8000,8001,8000,8001,200000.0,"[[520647.9649749217,5662895.104022372],[520750.9011834474,5662923.705106928],[520619.5439127976,5662887.529284183],[520660.59539358615,5662860.8589034155],[520601.16985800257,5662944.568816733]]",523844ed78a0f583e442b643c9217c5abbf3c0623bfd68739147060cf00e4cb4,da0e3f0de23726627e66ba2273c97dfd50a24c4ff3d251a173a1c774d41cc3dc,"{""0"":3320363277,""1"":1475925038,""2"":1276386504,""3"":3574317487,""4"":2239657023}","{""0"":3320363277,""1"":1475925038,""2"":1276386504,""3"":3574317487,""4"":2239657023}","[0,1,2,3,4]",not_applicable,not_applicable,not_applicable,not_applicable,evidence,10000.0,0.8,none,none,none,none,none,stationary,matched_prior_exact,1,0,195114f1cc7e2281aceadba7f32b42335b9f813accc1177d689a729aef6cfcb4,flat,temperate,1:43,c5-generalization_20260827_181139_043334_662411fc,revision_C_base@7c27a44,7c27a44,45e2af3666873b8389a0bd7936fd9b6029d41fa8169fa964adb24a85ca76dec6,c6-random_20260831_182014_803486_5cf558a2,5cf558a20d4e6c9ac5845bd72e390abc3dcd6217c904aa099c208da79cfb245f,revision_B_base,revision_B_base,0.8,5,200000.0,xlarge,45.0,80.0,5.0,0.5,1.0,"{""p_d"":0.8,""stage"":""c6-random"",""tau"":10000.0,""w"":0.5}",b7a677794b82ff1680841467faa35377b7d82f925e1dd78d94f0523c73551860
1,42,random_uniform_n8_uncoordinated,697467652,"policy_seed = SeedSequence([planning_seed, dataset_id, hash('c6-random-policy')]); per-UAV stream = SeedSequence([policy_seed, uav_id]) -> default_rng(derived_seed); one stream per persistent UAV identity; streams are never shared or consumed sequentially across UAVs",0.01377824346582339,7923.5198823787505,0.013807848440544772,346,152173,0.9977262720719181,439.8063583815029,1751,8000,200000.0,1059.0850511840545,0.0,8000,254,0.031375,0,0,0,0,budget_exhausted,8000,8001,8000,8001,200000.0,"[[520669.9511760232,5662846.707767202],[520712.6785931303,5662847.395729886],[520741.99673526455,5662967.3026087405],[520666.2176493371,5662823.763432814],[520706.5342354978,5662960.580354788]]",e1541ec4c3203a188985ea123665c7c591f0a562c0e752375a546fd88a55f8b9,5825886b25267c78eae6422f08ff3c92089978cae73674b60926a3312f632f25,"{""0"":3296938675,""1"":806941781,""2"":3897477785,""3"":1794246394,""4"":3794413664}","{""0"":3296938675,""1"":806941781,""2"":3897477785,""3"":1794246394,""4"":3794413664}","[0,1,2,3,4]",not_applicable,not_applicable,not_applicable,not_applicable,evidence,10000.0,0.8,none,none,none,none,none,stationary,matched_prior_exact,1,0,195114f1cc7e2281aceadba7f32b42335b9f813accc1177d689a729aef6cfcb4,flat,temperate,1:42,c5-generalization_20260827_181139_043334_662411fc,revision_C_base@7c27a44,7c27a44,45e2af3666873b8389a0bd7936fd9b6029d41fa8169fa964adb24a85ca76dec6,c6-random_20260831_182014_803486_5cf558a2,5cf558a20d4e6c9ac5845bd72e390abc3dcd6217c904aa099c208da79cfb245f,revision_B_base,revision_B_base,0.8,5,200000.0,xlarge,45.0,80.0,5.0,0.5,1.0,"{""p_d"":0.8,""stage"":""c6-random"",""tau"":10000.0,""w"":0.5}",b7a677794b82ff1680841467faa35377b7d82f925e1dd78d94f0523c73551860
1,46,random_uniform_n8_uncoordinated,2229480630,"policy_seed = SeedSequence([planning_seed, dataset_id, hash('c6-random-policy')]); per-UAV stream = SeedSequence([policy_seed, uav_id]) -> default_rng(derived_seed); one stream per persistent UAV identity; streams are never shared or consumed sequentially across UAVs",0.022850360098932647,7914.187471204921,0.022929419342961884,537,152336,0.9964748975947905,283.67970204841714,1679,8000,200000.0,1064.2851685867645,0.0,8000,234,0.029125,0,0,0,0,budget_exhausted,8000,8001,8000,8001,200000.0,"[[520683.0606025209,5662896.673861332],[520648.8717985227,5662990.272526192],[520686.69451162766,5662900.4684148645],[520599.4214516467,5662848.301367384],[520573.724335097,5662905.991302054]]",c3a107a1fc646545ced1bed510f83f2557068c38968fadd0196b04e59ec82149,84a91ed0dd178ae9bdb59be4bda74cfbe7fa22420de6b281ba40fcf3b5ebaa02,"{""0"":85672074,""1"":3502856663,""2"":1789560090,""3"":797454604,""4"":3115379246}","{""0"":85672074,""1"":3502856663,""2"":1789560090,""3"":797454604,""4"":3115379246}","[0,1,2,3,4]",not_applicable,not_applicable,not_applicable,not_applicable,evidence,10000.0,0.8,none,none,none,none,none,stationary,matched_prior_exact,1,0,195114f1cc7e2281aceadba7f32b42335b9f813accc1177d689a729aef6cfcb4,flat,temperate,1:46,c5-generalization_20260827_181139_043334_662411fc,revision_C_base@7c27a44,7c27a44,45e2af3666873b8389a0bd7936fd9b6029d41fa8169fa964adb24a85ca76dec6,c6-random_20260831_182014_803486_5cf558a2,5cf558a20d4e6c9ac5845bd72e390abc3dcd6217c904aa099c208da79cfb245f,revision_B_base,revision_B_base,0.8,5,200000.0,xlarge,45.0,80.0,5.0,0.5,1.0,"{""p_d"":0.8,""stage"":""c6-random"",""tau"":10000.0,""w"":0.5}",b7a677794b82ff1680841467faa35377b7d82f925e1dd78d94f0523c73551860
1,44,random_uniform_n8_uncoordinated,498084916,"policy_seed = SeedSequence([planning_seed, dataset_id, hash('c6-random-policy')]); per-UAV stream = SeedSequence([policy_seed, uav_id]) -> default_rng(derived_seed); one stream per persistent UAV identity; streams are never shared or consumed sequentially across UAVs",0.016560522506968985,7926.140257746982,0.01658528545370441,425,152443,0.9972120727091437,358.6894117647059,2585,8000,200000.0,1072.8921269709244,0.0,8000,346,0.041875,0,0,0,0,budget_exhausted,8000,8001,8000,8001,200000.0,"[[520696.4868621241,5662947.577361604],[520578.32640263636,5662967.147165437],[520708.48603658227,5662991.097060128],[520690.22232444835,5662961.878196735],[520625.57199829567,5662841.645476752]]",2dab5376247a9528a31142c1fd9440d80012f57468cb93f8a65ac77b40067382,24375266f2ebdfd446d6c4d41d3d16991ebd30ee244a16c232bcdc666979eabe,"{""0"":1716714320,""1"":422248712,""2"":3955083849,""3"":1468423981,""4"":3329984624}","{""0"":1716714320,""1"":422248712,""2"":3955083849,""3"":1468423981,""4"":3329984624}","[0,1,2,3,4]",not_applicable,not_applicable,not_applicable,not_applicable,evidence,10000.0,0.8,none,none,none,none,none,stationary,matched_prior_exact,1,0,195114f1cc7e2281aceadba7f32b42335b9f813accc1177d689a729aef6cfcb4,flat,temperate,1:44,c5-generalization_20260827_181139_043334_662411fc,revision_C_base@7c27a44,7c27a44,45e2af3666873b8389a0bd7936fd9b6029d41fa8169fa964adb24a85ca76dec6,c6-random_20260831_182014_803486_5cf558a2,5cf558a20d4e6c9ac5845bd72e390abc3dcd6217c904aa099c208da79cfb245f,revision_B_base,revision_B_base,0.8,5,200000.0,xlarge,45.0,80.0,5.0,0.5,1.0,"{""p_d"":0.8,""stage"":""c6-random"",""tau"":10000.0,""w"":0.5}",b7a677794b82ff1680841467faa35377b7d82f925e1dd78d94f0523c73551860
1,45,random_uniform_n8_uncoordinated,2675218570,"policy_seed = SeedSequence([planning_seed, dataset_id, hash('c6-random-policy')]); per-UAV stream = SeedSequence([policy_seed, uav_id]) -> default_rng(derived_seed); one stream per persistent UAV identity; streams are never shared or consumed sequentially across UAVs",0.02269977200490802,7899.969839181251,0.022760083242282743,563,152278,0.9963028145891067,270.4760213143872,1454,8000,200000.0,1075.4164663958363,0.0,8000,210,0.026,0,0,0,0,budget_exhausted,8000,8001,8000,8001,200000.0,"[[520594.86011050467,5662879.965744384],[520667.7347539138,5662822.443784041],[520571.91917911393,5662906.536769972],[520682.0505419891,5662838.300736998],[520591.23509777116,5662956.723982938]]",ca931493022139a148c52ef6d877841359de94e3965a4155825ef527a006aee9,00b96be9d0c2351088f8b2281374446a172accae9c575565f7e4090939ffbf7e,"{""0"":896545324,""1"":4090603598,""2"":998710996,""3"":1426275488,""4"":550551251}","{""0"":896545324,""1"":4090603598,""2"":998710996,""3"":1426275488,""4"":550551251}","[0,1,2,3,4]",not_applicable,not_applicable,not_applicable,not_applicable,evidence,10000.0,0.8,none,none,none,none,none,stationary,matched_prior_exact,1,0,195114f1cc7e2281aceadba7f32b42335b9f813accc1177d689a729aef6cfcb4,flat,temperate,1:45,c5-generalization_20260827_181139_043334_662411fc,revision_C_base@7c27a44,7c27a44,45e2af3666873b8389a0bd7936fd9b6029d41fa8169fa964adb24a85ca76dec6,c6-random_20260831_182014_803486_5cf558a2,5cf558a20d4e6c9ac5845bd72e390abc3dcd6217c904aa099c208da79cfb245f,revision_B_base,revision_B_base,0.8,5,200000.0,xlarge,45.0,80.0,5.0,0.5,1.0,"{""p_d"":0.8,""stage"":""c6-random"",""tau"":10000.0,""w"":0.5}",b7a677794b82ff1680841467faa35377b7d82f925e1dd78d94f0523c73551860
1,51,random_uniform_n8_uncoordinated,173536346,"policy_seed = SeedSequence([planning_seed, dataset_id, hash('c6-random-policy')]); per-UAV stream = SeedSequence([policy_seed, uav_id]) -> default_rng(derived_seed); one stream per persistent UAV identity; streams are never shared or consumed sequentially across UAVs",0.028956224673918604,7875.55925594015,0.02908016447660862,665,152277,0.9956329583587804,228.98796992481203,1095,8000,200000.0,1084.7965405797586,0.0,8000,115,0.014125,0,0,0,0,budget_exhausted,8000,8001,8000,8001,200000.0,"[[520711.8522611355,5662892.597864088],[520658.5627617937,5662959.366663233],[520670.5155692668,5662866.853961261],[520689.3788789926,5662831.804692118],[520598.1880891093,5662945.3050262295]]",6fd43b0bf15e2a3328db22762d4ed33f7ce69b03a8096df04e90603800be5e91,ab96d8b4e71f79922937e8bc9226d8e4459c6d5dabc4dca31206e5839976486a,"{""0"":1647129958,""1"":2187436832,""2"":1984324614,""3"":1942934699,""4"":1818570144}","{""0"":1647129958,""1"":2187436832,""2"":1984324614,""3"":1942934699,""4"":1818570144}","[0,1,2,3,4]",not_applicable,not_applicable,not_applicable,not_applicable,evidence,10000.0,0.8,none,none,none,none,none,stationary,matched_prior_exact,1,0,195114f1cc7e2281aceadba7f32b42335b9f813accc1177d689a729aef6cfcb4,flat,temperate,1:51,c5-generalization_20260827_181139_043334_662411fc,revision_C_base@7c27a44,7c27a44,45e2af3666873b8389a0bd7936fd9b6029d41fa8169fa964adb24a85ca76dec6,c6-random_20260831_182014_803486_5cf558a2,5cf558a20d4e6c9ac5845bd72e390abc3dcd6217c904aa099c208da79cfb245f,revision_B_base,revision_B_base,0.8,5,200000.0,xlarge,45.0,80.0,5.0,0.5,1.0,"{""p_d"":0.8,""stage"":""c6-random"",""tau"":10000.0,""w"":0.5}",b7a677794b82ff1680841467faa35377b7d82f925e1dd78d94f0523c73551860
1,48,random_uniform_n8_uncoordinated,3632189806,"policy_seed = SeedSequence([planning_seed, dataset_id, hash('c6-random-policy')]); per-UAV stream = SeedSequence([policy_seed, uav_id]) -> default_rng(derived_seed); one stream per persistent UAV identity; streams are never shared or consumed sequentially across UAVs",0.020808021262591292,7907.4680924774275,0.02091261835596055,483,152288,0.9968283778104644,315.296066252588,1903,8000,200000.0,1097.5172389149666,0.0,8000,243,0.030375,0,0,0,0,budget_exhausted,8000,8001,8000,8001,200000.0,"[[520601.26125446317,5662962.26140178],[520576.994053098,5662904.989472677],[520606.5952474223,5662836.198260312],[520598.62839204696,5662873.333030157],[520666.2597041656,5662866.748449267]]",4aae7d3fd5610a876fe9bbaab463a83d8aeb4baf283a46ff967cce3f9e26de26,22a0848fdda70d4f5df9b1baac89fa36ed1e91de53b46d03c62d0533179e79c7,"{""0"":3253451733,""1"":730812991,""2"":1796752364,""3"":2685987438,""4"":285361026}","{""0"":3253451733,""1"":730812991,""2"":1796752364,""3"":2685987438,""4"":285361026}","[0,1,2,3,4]",not_applicable,not_applicable,not_applicable,not_applicable,evidence,10000.0,0.8,none,none,none,none,none,stationary,matched_prior_exact,1,0,195114f1cc7e2281aceadba7f32b42335b9f813accc1177d689a729aef6cfcb4,flat,temperate,1:48,c5-generalization_20260827_181139_043334_662411fc,revision_C_base@7c27a44,7c27a44,45e2af3666873b8389a0bd7936fd9b6029d41fa8169fa964adb24a85ca76dec6,c6-random_20260831_182014_803486_5cf558a2,5cf558a20d4e6c9ac5845bd72e390abc3dcd6217c904aa099c208da79cfb245f,revision_B_base,revision_B_base,0.8,5,200000.0,xlarge,45.0,80.0,5.0,0.5,1.0,"{""p_d"":0.8,""stage"":""c6-random"",""tau"":10000.0,""w"":0.5}",b7a677794b82ff1680841467faa35377b7d82f925e1dd78d94f0523c73551860
2,42,random_uniform_n8_uncoordinated,783945230,"policy_seed = SeedSequence([planning_seed, dataset_id, hash('c6-random-policy')]); per-UAV stream = SeedSequence([policy_seed, uav_id]) -> default_rng(derived_seed); one stream per persistent UAV identity; streams are never shared or consumed sequentially across UAVs",0.02217381562899464,7905.8742322136995,0.022255742131024197,618,152551,0.9959488957791165,246.8462783171521,1161,8000,200000.0,669.225720831193,0.0,8000,108,0.013375,0,0,0,0,budget_exhausted,8000,8001,8000,8001,200000.0,"[[662166.7157282404,6137781.45000616],[662209.4431453475,6137782.137968845],[662238.7612874818,6137902.044847699],[662162.9822015543,6137758.505671772],[662203.298787715,6137895.322593747]]",c360e77cbf9208eb59f877768a341b1ee56109539a0141aec1c11cf00737f360,beb50506c0aac64657ed7f76dc678fdaabf8b8c6eda18bfc62d0772de189bc60,"{""0"":3548116558,""1"":2934994264,""2"":3538032614,""3"":426913781,""4"":3999167788}","{""0"":3548116558,""1"":2934994264,""2"":3538032614,""3"":426913781,""4"":3999167788}","[0,1,2,3,4]",not_applicable,not_applicable,not_applicable,not_applicable,evidence,10000.0,0.8,none,none,none,none,none,stationary,matched_prior_exact,1,0,29d867844e4d009e9ac365009025205567bbabff0afad4cc52ddf79c3b5c211e,flat,temperate,2:42,c5-generalization_20260827_181139_043334_662411fc,revision_C_base@7c27a44,7c27a44,45e2af3666873b8389a0bd7936fd9b6029d41fa8169fa964adb24a85ca76dec6,c6-random_20260831_182014_803486_5cf558a2,5cf558a20d4e6c9ac5845bd72e390abc3dcd6217c904aa099c208da79cfb245f,revision_B_base,revision_B_base,0.8,5,200000.0,xlarge,45.0,80.0,5.0,0.5,1.0,"{""p_d"":0.8,""stage"":""c6-random"",""tau"":10000.0,""w"":0.5}",b7a677794b82ff1680841467faa35377b7d82f925e1dd78d94f0523c73551860
2,43,random_uniform_n8_uncoordinated,3525123399,"policy_seed = SeedSequence([planning_seed, dataset_id, hash('c6-random-policy')]); per-UAV stream = SeedSequence([policy_seed, uav_id]) -> default_rng(derived_seed); one stream per persistent UAV identity; streams are never shared or consumed sequentially across UAVs",0.014044270743316156,7945.388485813798,0.014066177881980259,413,152599,0.9972935602461352,369.48910411622273,2210,8000,200000.0,599.8852952471934,0.0,8000,285,0.035375,0,0,0,0,budget_exhausted,8000,8001,8000,8001,200000.0,"[[662144.7295271389,6137829.84626133],[662247.6657356647,6137858.447345886],[662116.3084650148,6137822.271523141],[662157.3599458034,6137795.601142374],[662097.9344102198,6137879.311055691]]",0e62c4ad1d0e7742f7978514de246c25478a67dddee6715440c3ab32561d520e,3609f99e7b078bbdd142fa86a07865d1f01a5663f4195d83ec4d8c33a85f4d71,"{""0"":882043650,""1"":3327699148,""2"":4000746236,""3"":3749263891,""4"":3030275443}","{""0"":882043650,""1"":3327699148,""2"":4000746236,""3"":3749263891,""4"":3030275443}","[0,1,2,3,4]",not_applicable,not_applicable,not_applicable,not_applicable,evidence,10000.0,0.8,none,none,none,none,none,stationary,matched_prior_exact,1,0,29d867844e4d009e9ac365009025205567bbabff0afad4cc52ddf79c3b5c211e,flat,temperate,2:43,c5-generalization_20260827_181139_043334_662411fc,revision_C_base@7c27a44,7c27a44,45e2af3666873b8389a0bd7936fd9b6029d41fa8169fa964adb24a85ca76dec6,c6-random_20260831_182014_803486_5cf558a2,5cf558a20d4e6c9ac5845bd72e390abc3dcd6217c904aa099c208da79cfb245f,revision_B_base,revision_B_base,0.8,5,200000.0,xlarge,45.0,80.0,5.0,0.5,1.0,"{""p_d"":0.8,""stage"":""c6-random"",""tau"":10000.0,""w"":0.5}",b7a677794b82ff1680841467faa35377b7d82f925e1dd78d94f0523c73551860
2,45,random_uniform_n8_uncoordinated,937466927,"policy_seed = SeedSequence([planning_seed, dataset_id, hash('c6-random-policy')]); per-UAV stream = SeedSequence([policy_seed, uav_id]) -> default_rng(derived_seed); one stream per persistent UAV identity; streams are never shared or consumed sequentially across UAVs",0.019536847699558393,7922.949074761244,0.01959434639221161,551,152554,0.9963881641910406,276.86751361161527,1599,8000,200000.0,594.074412311893,0.0,8000,151,0.018625,0,0,0,0,budget_exhausted,8000,8001,8000,8001,200000.0,"[[662091.6246627219,6137814.707983342],[662164.499306131,6137757.186023],[662068.6837313311,6137841.279008931],[662178.8150942064,6137773.042975957],[662087.9996499884,6137891.466221896]]",d3425e91c12782ca0d0e0fe9d88923d1b43baad26303f808c7533aaf5e56dc57,8a43e2f2b7bb35c177d2f78d70b2e68defeff9beabfe7a5acf07d0d5c23a5f12,"{""0"":1421626296,""1"":784870047,""2"":2535151990,""3"":1405717755,""4"":4250377973}","{""0"":1421626296,""1"":784870047,""2"":2535151990,""3"":1405717755,""4"":4250377973}","[0,1,2,3,4]",not_applicable,not_applicable,not_applicable,not_applicable,evidence,10000.0,0.8,none,none,none,none,none,stationary,matched_prior_exact,1,0,29d867844e4d009e9ac365009025205567bbabff0afad4cc52ddf79c3b5c211e,flat,temperate,2:45,c5-generalization_20260827_181139_043334_662411fc,revision_C_base@7c27a44,7c27a44,45e2af3666873b8389a0bd7936fd9b6029d41fa8169fa964adb24a85ca76dec6,c6-random_20260831_182014_803486_5cf558a2,5cf558a20d4e6c9ac5845bd72e390abc3dcd6217c904aa099c208da79cfb245f,revision_B_base,revision_B_base,0.8,5,200000.0,xlarge,45.0,80.0,5.0,0.5,1.0,"{""p_d"":0.8,""stage"":""c6-random"",""tau"":10000.0,""w"":0.5}",b7a677794b82ff1680841467faa35377b7d82f925e1dd78d94f0523c73551860
2,44,random_uniform_n8_uncoordinated,1241165438,"policy_seed = SeedSequence([planning_seed, dataset_id, hash('c6-random-policy')]); per-UAV stream = SeedSequence([policy_seed, uav_id]) -> default_rng(derived_seed); one stream per persistent UAV identity; streams are never shared or consumed sequentially across UAVs",0.015834062512127083,7930.430916348617,0.01592152075593916,527,152526,0.9965448513696026,289.42314990512335,2322,8000,200000.0,647.7779784998856,0.0,8000,266,0.033,0,0,0,0,budget_exhausted,8000,8001,8000,8001,200000.0,"[[662193.2514143413,6137882.319600563],[662075.0909548536,6137901.889404396],[662205.2505887995,6137925.8392990865],[662186.9868766655,6137896.620435693],[662122.3365505128,6137776.38771571]]",0d70ca331d92c748ebc27f4e7e5d1e311ed527bdd2afd7634f04394859659ace,767feed47223892802df9ab187b32507c16f8e2dcf40637ab9c1efae00611557,"{""0"":2604967641,""1"":1818607362,""2"":1246526663,""3"":568652683,""4"":440147332}","{""0"":2604967641,""1"":1818607362,""2"":1246526663,""3"":568652683,""4"":440147332}","[0,1,2,3,4]",not_applicable,not_applicable,not_applicable,not_applicable,evidence,10000.0,0.8,none,none,none,none,none,stationary,matched_prior_exact,1,0,29d867844e4d009e9ac365009025205567bbabff0afad4cc52ddf79c3b5c211e,flat,temperate,2:44,c5-generalization_20260827_181139_043334_662411fc,revision_C_base@7c27a44,7c27a44,45e2af3666873b8389a0bd7936fd9b6029d41fa8169fa964adb24a85ca76dec6,c6-random_20260831_182014_803486_5cf558a2,5cf558a20d4e6c9ac5845bd72e390abc3dcd6217c904aa099c208da79cfb245f,revision_B_base,revision_B_base,0.8,5,200000.0,xlarge,45.0,80.0,5.0,0.5,1.0,"{""p_d"":0.8,""stage"":""c6-random"",""tau"":10000.0,""w"":0.5}",b7a677794b82ff1680841467faa35377b7d82f925e1dd78d94f0523c73551860
2,48,random_uniform_n8_uncoordinated,1257766243,"policy_seed = SeedSequence([planning_seed, dataset_id, hash('c6-random-policy')]); per-UAV stream = SeedSequence([policy_seed, uav_id]) -> default_rng(derived_seed); one stream per persistent UAV identity; streams are never shared or consumed sequentially across UAVs",0.017743132274622805,7936.597980423082,0.017813519179411205,510,152594,0.9966577978164279,299.20392156862744,1505,8000,200000.0,608.4201933979057,0.0,8000,344,0.04225,0,0,0,0,budget_exhausted,8000,8001,8000,8001,200000.0,"[[662098.0258066804,6137897.003640738],[662073.7586053152,6137839.731711635],[662103.3597996394,6137770.94049927],[662095.3929442641,6137808.075269115],[662163.0242563828,6137801.490688225]]",19b73fb426414f211462ff0536025acdb560a71b5a028919bca41bf59c86e5dd,b83fd5c936e17782cecf226d4856c63ff25873692072b422428ddad4b2761f2a,"{""0"":2193361059,""1"":681190614,""2"":3560804259,""3"":147622820,""4"":4268324686}","{""0"":2193361059,""1"":681190614,""2"":3560804259,""3"":147622820,""4"":4268324686}","[0,1,2,3,4]",not_applicable,not_applicable,not_applicable,not_applicable,evidence,10000.0,0.8,none,none,none,none,none,stationary,matched_prior_exact,1,0,29d867844e4d009e9ac365009025205567bbabff0afad4cc52ddf79c3b5c211e,flat,temperate,2:48,c5-generalization_20260827_181139_043334_662411fc,revision_C_base@7c27a44,7c27a44,45e2af3666873b8389a0bd7936fd9b6029d41fa8169fa964adb24a85ca76dec6,c6-random_20260831_182014_803486_5cf558a2,5cf558a20d4e6c9ac5845bd72e390abc3dcd6217c904aa099c208da79cfb245f,revision_B_base,revision_B_base,0.8,5,200000.0,xlarge,45.0,80.0,5.0,0.5,1.0,"{""p_d"":0.8,""stage"":""c6-random"",""tau"":10000.0,""w"":0.5}",b7a677794b82ff1680841467faa35377b7d82f925e1dd78d94f0523c73551860
2,46,random_uniform_n8_uncoordinated,1347397161,"policy_seed = SeedSequence([planning_seed, dataset_id, hash('c6-random-policy')]); per-UAV stream = SeedSequence([policy_seed, uav_id]) -> default_rng(derived_seed); one stream per persistent UAV identity; streams are never shared or consumed sequentially across UAVs",0.017515228551455445,7922.831793918046,0.01760246886466722,513,152534,0.9966368153985341,297.3372319688109,1571,8000,200000.0,646.1049623647705,0.0,8000,145,0.018,0,0,0,0,budget_exhausted,8000,8001,8000,8001,200000.0,"[[662179.8251547382,6137831.416100291],[662145.6363507399,6137925.01476515],[662183.4590638449,6137835.210653823],[662096.1860038639,6137783.043606343],[662070.4888873142,6137840.733541013]]",43df327920651f8d8a2868d63fa20f885db7a645919e512e13e92d1dd7209fd1,d8b0ca168460b16ec1dfd027020f1d9e96c833ef7a47e8d002f7db9d5de092f2,"{""0"":111881973,""1"":675101392,""2"":4170227571,""3"":770503581,""4"":2011031033}","{""0"":111881973,""1"":675101392,""2"":4170227571,""3"":770503581,""4"":2011031033}","[0,1,2,3,4]",not_applicable,not_applicable,not_applicable,not_applicable,evidence,10000.0,0.8,none,none,none,none,none,stationary,matched_prior_exact,1,0,29d867844e4d009e9ac365009025205567bbabff0afad4cc52ddf79c3b5c211e,flat,temperate,2:46,c5-generalization_20260827_181139_043334_662411fc,revision_C_base@7c27a44,7c27a44,45e2af3666873b8389a0bd7936fd9b6029d41fa8169fa964adb24a85ca76dec6,c6-random_20260831_182014_803486_5cf558a2,5cf558a20d4e6c9ac5845bd72e390abc3dcd6217c904aa099c208da79cfb245f,revision_B_base,revision_B_base,0.8,5,200000.0,xlarge,45.0,80.0,5.0,0.5,1.0,"{""p_d"":0.8,""stage"":""c6-random"",""tau"":10000.0,""w"":0.5}",b7a677794b82ff1680841467faa35377b7d82f925e1dd78d94f0523c73551860
2,51,random_uniform_n8_uncoordinated,3179184284,"policy_seed = SeedSequence([planning_seed, dataset_id, hash('c6-random-policy')]); per-UAV stream = SeedSequence([policy_seed, uav_id]) -> default_rng(derived_seed); one stream per persistent UAV identity; streams are never shared or consumed sequentially across UAVs",0.017804888714207528,7924.451229146188,0.017918165900909878,527,152686,0.9965484720275598,289.72675521821634,1525,8000,200000.0,611.9423359599896,0.0,8000,155,0.01925,0,0,0,0,budget_exhausted,8000,8001,8000,8001,200000.0,"[[662208.6168133527,6137827.340103046],[662155.3273140109,6137894.108902192],[662167.280121484,6137801.596200219],[662186.1434312097,6137766.546931077],[662094.9526413266,6137880.047265188]]",001beb6e33cb37583676d8d112256ff90d3d3140f42e48beadce4b812ef2864d,e0bad7eedad0834af4af071f3c6777eaf6e3d4b0da164a5e173dd4e01dd69c15,"{""0"":2134075363,""1"":3091871183,""2"":3825132351,""3"":4012627607,""4"":406140249}","{""0"":2134075363,""1"":3091871183,""2"":3825132351,""3"":4012627607,""4"":406140249}","[0,1,2,3,4]",not_applicable,not_applicable,not_applicable,not_applicable,evidence,10000.0,0.8,none,none,none,none,none,stationary,matched_prior_exact,1,0,29d867844e4d009e9ac365009025205567bbabff0afad4cc52ddf79c3b5c211e,flat,temperate,2:51,c5-generalization_20260827_181139_043334_662411fc,revision_C_base@7c27a44,7c27a44,45e2af3666873b8389a0bd7936fd9b6029d41fa8169fa964adb24a85ca76dec6,c6-random_20260831_182014_803486_5cf558a2,5cf558a20d4e6c9ac5845bd72e390abc3dcd6217c904aa099c208da79cfb245f,revision_B_base,revision_B_base,0.8,5,200000.0,xlarge,45.0,80.0,5.0,0.5,1.0,"{""p_d"":0.8,""stage"":""c6-random"",""tau"":10000.0,""w"":0.5}",b7a677794b82ff1680841467faa35377b7d82f925e1dd78d94f0523c73551860
2,47,random_uniform_n8_uncoordinated,3807978558,"policy_seed = SeedSequence([planning_seed, dataset_id, hash('c6-random-policy')]); per-UAV stream = SeedSequence([policy_seed, uav_id]) -> default_rng(derived_seed); one stream per persistent UAV identity; streams are never shared or consumed sequentially across UAVs",0.018660870339776824,7920.612470324145,0.018703106427458805,529,152419,0.9965293040893852,288.1266540642722,1826,8000,200000.0,659.0920387287624,0.0,8000,107,0.013375,0,0,0,0,budget_exhausted,8000,8001,8000,8001,200000.0,"[[662152.3119044267,6137760.249897513],[662125.3429996815,6137853.938798891],[662212.1925654805,6137835.238277952],[662185.217829226,6137935.090659111],[662114.5892762798,6137843.455843037]]",275881b972784a9f8e6b86ab40792a272b8569d6f6dc28fe2693be4b2c7c573e,26262e0297b90777ea7fd64a5b3d6a8a53057ea53e43e0aafacd1b094e6ad19b,"{""0"":3782979561,""1"":2329969952,""2"":3111567951,""3"":296234366,""4"":152126623}","{""0"":3782979561,""1"":2329969952,""2"":3111567951,""3"":296234366,""4"":152126623}","[0,1,2,3,4]",not_applicable,not_applicable,not_applicable,not_applicable,evidence,10000.0,0.8,none,none,none,none,none,stationary,matched_prior_exact,1,0,29d867844e4d009e9ac365009025205567bbabff0afad4cc52ddf79c3b5c211e,flat,temperate,2:47,c5-generalization_20260827_181139_043334_662411fc,revision_C_base@7c27a44,7c27a44,45e2af3666873b8389a0bd7936fd9b6029d41fa8169fa964adb24a85ca76dec6,c6-random_20260831_182014_803486_5cf558a2,5cf558a20d4e6c9ac5845bd72e390abc3dcd6217c904aa099c208da79cfb245f,revision_B_base,revision_B_base,0.8,5,200000.0,xlarge,45.0,80.0,5.0,0.5,1.0,"{""p_d"":0.8,""stage"":""c6-random"",""tau"":10000.0,""w"":0.5}",b7a677794b82ff1680841467faa35377b7d82f925e1dd78d94f0523c73551860
2,50,random_uniform_n8_uncoordinated,2328158979,"policy_seed = SeedSequence([planning_seed, dataset_id, hash('c6-random-policy')]); per-UAV stream = SeedSequence([policy_seed, uav_id]) -> default_rng(derived_seed); one stream per persistent UAV identity; streams are never shared or consumed sequentially across UAVs",0.011806296780861425,7945.245118750971,0.011827007075421796,357,152653,0.9976613626984076,427.59943977591035,1525,8000,200000.0,660.1698830430396,0.0,8000,204,0.0255,0,0,0,0,budget_exhausted,8000,8001,8000,8001,200000.0,"[[662178.0534022074,6137758.155795433],[662062.5538088847,6137817.698244969],[662163.4279748548,6137927.105328666],[662225.1835842374,6137876.562303742],[662114.6147442719,6137876.640722922]]",183fe4afcb85edee069d5b151e37e11888df8765dd48e3eecba569d08da25f47,d5424fd9927db61c592a65939387c55ba6c7262e1935672dd2fc97728b99adef,"{""0"":2724022293,""1"":3532002992,""2"":765227889,""3"":3855779551,""4"":2858502605}","{""0"":2724022293,""1"":3532002992,""2"":765227889,""3"":3855779551,""4"":2858502605}","[0,1,2,3,4]",not_applicable,not_applicable,not_applicable,not_applicable,evidence,10000.0,0.8,none,none,none,none,none,stationary,matched_prior_exact,1,0,29d867844e4d009e9ac365009025205567bbabff0afad4cc52ddf79c3b5c211e,flat,temperate,2:50,c5-generalization_20260827_181139_043334_662411fc,revision_C_base@7c27a44,7c27a44,45e2af3666873b8389a0bd7936fd9b6029d41fa8169fa964adb24a85ca76dec6,c6-random_20260831_182014_803486_5cf558a2,5cf558a20d4e6c9ac5845bd72e390abc3dcd6217c904aa099c208da79cfb245f,revision_B_base,revision_B_base,0.8,5,200000.0,xlarge,45.0,80.0,5.0,0.5,1.0,"{""p_d"":0.8,""stage"":""c6-random"",""tau"":10000.0,""w"":0.5}",b7a677794b82ff1680841467faa35377b7d82f925e1dd78d94f0523c73551860
2,49,random_uniform_n8_uncoordinated,596717204,"policy_seed = SeedSequence([planning_seed, dataset_id, hash('c6-random-policy')]); per-UAV stream = SeedSequence([policy_seed, uav_id]) -> default_rng(derived_seed); one stream per persistent UAV identity; streams are never shared or consumed sequentially across UAVs",0.013698376705820869,7939.884602461906,0.013746433334230944,437,152598,0.9971362665303608,349.1945080091533,2084,8000,200000.0,669.332995985169,0.0,8000,221,0.027375,0,0,0,0,budget_exhausted,8000,8001,8000,8001,200000.0,"[[662106.6305942037,6137905.404313411],[662095.3184205752,6137896.539780492],[662150.2795636582,6137837.275126368],[662173.2184211937,6137748.524373358],[662123.4223906968,6137844.999888966]]",09f72ed3d5d6cacb4e058c3689636ec44d588e9249e5745b6f94c551a290cf51,25e6fead0daa3fc23f9eb471fdf323a592d1246bded6aecf5224f86ef73cf1e2,"{""0"":3430335359,""1"":2978573748,""2"":3430707583,""3"":3141935327,""4"":606692836}","{""0"":3430335359,""1"":2978573748,""2"":3430707583,""3"":3141935327,""4"":606692836}","[0,1,2,3,4]",not_applicable,not_applicable,not_applicable,not_applicable,evidence,10000.0,0.8,none,none,none,none,none,stationary,matched_prior_exact,1,0,29d867844e4d009e9ac365009025205567bbabff0afad4cc52ddf79c3b5c211e,flat,temperate,2:49,c5-generalization_20260827_181139_043334_662411fc,revision_C_base@7c27a44,7c27a44,45e2af3666873b8389a0bd7936fd9b6029d41fa8169fa964adb24a85ca76dec6,c6-random_20260831_182014_803486_5cf558a2,5cf558a20d4e6c9ac5845bd72e390abc3dcd6217c904aa099c208da79cfb245f,revision_B_base,revision_B_base,0.8,5,200000.0,xlarge,45.0,80.0,5.0,0.5,1.0,"{""p_d"":0.8,""stage"":""c6-random"",""tau"":10000.0,""w"":0.5}",b7a677794b82ff1680841467faa35377b7d82f925e1dd78d94f0523c73551860
3,42,random_uniform_n8_uncoordinated,4279650292,"policy_seed = SeedSequence([planning_seed, dataset_id, hash('c6-random-policy')]); per-UAV stream = SeedSequence([policy_seed, uav_id]) -> default_rng(derived_seed); one stream per persistent UAV identity; streams are never shared or consumed sequentially across UAVs",0.012527657331873585,7951.248570013599,0.012599953653624157,433,152421,0.9971591841019282,352.01154734411085,2279,8000,200000.0,606.0654431502335,0.0,8000,393,0.04775,0,0,0,0,budget_exhausted,8000,8001,8000,8001,200000.0,"[[325362.67367711733,5667636.413650648],[325405.4010942244,5667637.1016133325],[325434.71923635865,5667757.008492187],[325358.9401504312,5667613.46931626],[325399.2567365919,5667750.2862382345]]",78b6301a32ee11bae9bf04eef594a95993c53cd686772fc110d159875c7841a7,442cee57ffd7896a633841b84febea42f4d6733606036164e40890f02d1ad078,"{""0"":1381311450,""1"":2450106140,""2"":3791130567,""3"":95249824,""4"":2404058223}","{""0"":1381311450,""1"":2450106140,""2"":3791130567,""3"":95249824,""4"":2404058223}","[0,1,2,3,4]",not_applicable,not_applicable,not_applicable,not_applicable,evidence,10000.0,0.8,none,none,none,none,none,stationary,matched_prior_exact,1,0,2aaaa7d79f13ed3a5e9058fc7a11887e450bcae7353b908a4bbf54786693645d,flat,temperate,3:42,c5-generalization_20260827_181139_043334_662411fc,revision_C_base@7c27a44,7c27a44,45e2af3666873b8389a0bd7936fd9b6029d41fa8169fa964adb24a85ca76dec6,c6-random_20260831_182014_803486_5cf558a2,5cf558a20d4e6c9ac5845bd72e390abc3dcd6217c904aa099c208da79cfb245f,revision_B_base,revision_B_base,0.8,5,200000.0,xlarge,45.0,80.0,5.0,0.5,1.0,"{""p_d"":0.8,""stage"":""c6-random"",""tau"":10000.0,""w"":0.5}",b7a677794b82ff1680841467faa35377b7d82f925e1dd78d94f0523c73551860
3,43,random_uniform_n8_uncoordinated,1906634097,"policy_seed = SeedSequence([planning_seed, dataset_id, hash('c6-random-policy')]); per-UAV stream = SeedSequence([policy_seed, uav_id]) -> default_rng(derived_seed); one stream per persistent UAV identity; streams are never shared or consumed sequentially across UAVs",0.014122208498315768,7944.465239055417,0.014165023925391292,456,152460,0.9970090515545061,334.3421052631579,2706,8000,200000.0,643.511526516173,0.0,8000,278,0.03425,0,0,0,0,budget_exhausted,8000,8001,8000,8001,200000.0,"[[325340.6874760158,5667684.809905818],[325443.6236845415,5667713.410990374],[325312.2664138917,5667677.235167629],[325353.31789468025,5667650.564786862],[325293.8923590967,5667734.274700179]]",b9d2ab5419352c1afc371a6279089c81c3dfdc4fe2474fec5333de4544414dd3,b99276c7e39a638eb1001a3fcbda4ade5caf3ad063d9135a55928ec4df97ef61,"{""0"":2833906333,""1"":1897145858,""2"":3856469807,""3"":1256872327,""4"":3009467356}","{""0"":2833906333,""1"":1897145858,""2"":3856469807,""3"":1256872327,""4"":3009467356}","[0,1,2,3,4]",not_applicable,not_applicable,not_applicable,not_applicable,evidence,10000.0,0.8,none,none,none,none,none,stationary,matched_prior_exact,1,0,2aaaa7d79f13ed3a5e9058fc7a11887e450bcae7353b908a4bbf54786693645d,flat,temperate,3:43,c5-generalization_20260827_181139_043334_662411fc,revision_C_base@7c27a44,7c27a44,45e2af3666873b8389a0bd7936fd9b6029d41fa8169fa964adb24a85ca76dec6,c6-random_20260831_182014_803486_5cf558a2,5cf558a20d4e6c9ac5845bd72e390abc3dcd6217c904aa099c208da79cfb245f,revision_B_base,revision_B_base,0.8,5,200000.0,xlarge,45.0,80.0,5.0,0.5,1.0,"{""p_d"":0.8,""stage"":""c6-random"",""tau"":10000.0,""w"":0.5}",b7a677794b82ff1680841467faa35377b7d82f925e1dd78d94f0523c73551860
3,44,random_uniform_n8_uncoordinated,2958633942,"policy_seed = SeedSequence([planning_seed, dataset_id, hash('c6-random-policy')]); per-UAV stream = SeedSequence([policy_seed, uav_id]) -> default_rng(derived_seed); one stream per persistent UAV identity; streams are never shared or consumed sequentially across UAVs",0.014647144119190216,7943.364142779606,0.014701322705523191,431,152791,0.9971791532223757,354.5034802784223,1630,8000,200000.0,624.3629933930933,0.0,8000,266,0.032625,0,0,0,0,budget_exhausted,8000,8001,8000,8001,200000.0,"[[325389.2093632182,5667737.28324505],[325271.04890373047,5667756.853048883],[325401.2085376764,5667780.802943574],[325382.94482554245,5667751.584080181],[325318.29449938977,5667631.351360198]]",351cb2554f5e89c3f1a6b1a3b921b60e1688240503236848ab0bc5c9ea628dae,7d08d19c271d5321bc204d5587b069c2cbf2bc813f5dc7bd6774d59ce04da30f,"{""0"":2011821447,""1"":2635226137,""2"":3109594537,""3"":270863446,""4"":2335819733}","{""0"":2011821447,""1"":2635226137,""2"":3109594537,""3"":270863446,""4"":2335819733}","[0,1,2,3,4]",not_applicable,not_applicable,not_applicable,not_applicable,evidence,10000.0,0.8,none,none,none,none,none,stationary,matched_prior_exact,1,0,2aaaa7d79f13ed3a5e9058fc7a11887e450bcae7353b908a4bbf54786693645d,flat,temperate,3:44,c5-generalization_20260827_181139_043334_662411fc,revision_C_base@7c27a44,7c27a44,45e2af3666873b8389a0bd7936fd9b6029d41fa8169fa964adb24a85ca76dec6,c6-random_20260831_182014_803486_5cf558a2,5cf558a20d4e6c9ac5845bd72e390abc3dcd6217c904aa099c208da79cfb245f,revision_B_base,revision_B_base,0.8,5,200000.0,xlarge,45.0,80.0,5.0,0.5,1.0,"{""p_d"":0.8,""stage"":""c6-random"",""tau"":10000.0,""w"":0.5}",b7a677794b82ff1680841467faa35377b7d82f925e1dd78d94f0523c73551860
3,45,random_uniform_n8_uncoordinated,2939535302,"policy_seed = SeedSequence([planning_seed, dataset_id, hash('c6-random-policy')]); per-UAV stream = SeedSequence([policy_seed, uav_id]) -> default_rng(derived_seed); one stream per persistent UAV identity; streams are never shared or consumed sequentially across UAVs",0.023347831713610163,7892.091087641043,0.023432693486311,713,152603,0.9953277458503437,214.02945301542778,1165,8000,200000.0,634.6401918940246,0.0,8000,50,0.006,0,0,0,0,budget_exhausted,8000,8001,8000,8001,200000.0,"[[325287.5826115988,5667669.67162783],[325360.45725500793,5667612.1496674875],[325264.64168020803,5667696.242653418],[325374.7730430832,5667628.006620444],[325283.95759886527,5667746.429866384]]",910e0ca2c86a2a47bedd9112f87bcc58f08489b378793c46b82c663831053eb5,033379f9db44a5e5619c4943bc205f8aed9f82961fc214889f37647c11d71fa0,"{""0"":2685809062,""1"":3647866109,""2"":4199648411,""3"":324813765,""4"":4266646379}","{""0"":2685809062,""1"":3647866109,""2"":4199648411,""3"":324813765,""4"":4266646379}","[0,1,2,3,4]",not_applicable,not_applicable,not_applicable,not_applicable,evidence,10000.0,0.8,none,none,none,none,none,stationary,matched_prior_exact,1,0,2aaaa7d79f13ed3a5e9058fc7a11887e450bcae7353b908a4bbf54786693645d,flat,temperate,3:45,c5-generalization_20260827_181139_043334_662411fc,revision_C_base@7c27a44,7c27a44,45e2af3666873b8389a0bd7936fd9b6029d41fa8169fa964adb24a85ca76dec6,c6-random_20260831_182014_803486_5cf558a2,5cf558a20d4e6c9ac5845bd72e390abc3dcd6217c904aa099c208da79cfb245f,revision_B_base,revision_B_base,0.8,5,200000.0,xlarge,45.0,80.0,5.0,0.5,1.0,"{""p_d"":0.8,""stage"":""c6-random"",""tau"":10000.0,""w"":0.5}",b7a677794b82ff1680841467faa35377b7d82f925e1dd78d94f0523c73551860
3,46,random_uniform_n8_uncoordinated,940720572,"policy_seed = SeedSequence([planning_seed, dataset_id, hash('c6-random-policy')]); per-UAV stream = SeedSequence([policy_seed, uav_id]) -> default_rng(derived_seed); one stream per persistent UAV identity; streams are never shared or consumed sequentially across UAVs",0.01592237696133515,7934.835518644531,0.01599090346384996,540,152403,0.9964567626621523,282.22777777777776,2255,8000,200000.0,639.553756984882,0.0,8000,214,0.0265,0,0,0,0,budget_exhausted,8000,8001,8000,8001,200000.0,"[[325375.783103615,5667686.379744778],[325341.5942996168,5667779.978409638],[325379.41701272177,5667690.174298311],[325292.1439527408,5667638.0072508305],[325266.4468361911,5667695.6971855005]]",e6b98d203c415f1a8c34b2b75a7e204e2d3e4b39022e095555c1486ea3c1d277,e637e34b0181c8969bbc19de5b09d9da8c8f5aa27ffe772d2eaa50a227f183b6,"{""0"":3703055907,""1"":1513259923,""2"":1057415916,""3"":2836927310,""4"":3673820204}","{""0"":3703055907,""1"":1513259923,""2"":1057415916,""3"":2836927310,""4"":3673820204}","[0,1,2,3,4]",not_applicable,not_applicable,not_applicable,not_applicable,evidence,10000.0,0.8,none,none,none,none,none,stationary,matched_prior_exact,1,0,2aaaa7d79f13ed3a5e9058fc7a11887e450bcae7353b908a4bbf54786693645d,flat,temperate,3:46,c5-generalization_20260827_181139_043334_662411fc,revision_C_base@7c27a44,7c27a44,45e2af3666873b8389a0bd7936fd9b6029d41fa8169fa964adb24a85ca76dec6,c6-random_20260831_182014_803486_5cf558a2,5cf558a20d4e6c9ac5845bd72e390abc3dcd6217c904aa099c208da79cfb245f,revision_B_base,revision_B_base,0.8,5,200000.0,xlarge,45.0,80.0,5.0,0.5,1.0,"{""p_d"":0.8,""stage"":""c6-random"",""tau"":10000.0,""w"":0.5}",b7a677794b82ff1680841467faa35377b7d82f925e1dd78d94f0523c73551860
3,47,random_uniform_n8_uncoordinated,3984258944,"policy_seed = SeedSequence([planning_seed, dataset_id, hash('c6-random-policy')]); per-UAV stream = SeedSequence([policy_seed, uav_id]) -> default_rng(derived_seed); one stream per persistent UAV identity; streams are never shared or consumed sequentially across UAVs",0.016606871915579004,7927.912434947609,0.016656548372476553,475,152680,0.996888917998428,321.4315789473684,2187,8000,200000.0,644.649677134119,0.0,8000,114,0.01425,0,0,0,0,budget_exhausted,8000,8001,8000,8001,200000.0,"[[325348.2698533035,5667615.213542],[325321.3009485584,5667708.902443379],[325408.1505143574,5667690.20192244],[325381.17577810294,5667790.054303599],[325310.5472251567,5667698.419487525]]",dd3015a867cfc996eabb6fc00f5a1173d0286567e2c9082ab2bd0f83d5aa65a3,79c15b5222338801344dc68be36b58f1dceef9bcf8a3edccfcc70cbd04d58a54,"{""0"":2670812871,""1"":556920665,""2"":303052102,""3"":2587089170,""4"":3864114158}","{""0"":2670812871,""1"":556920665,""2"":303052102,""3"":2587089170,""4"":3864114158}","[0,1,2,3,4]",not_applicable,not_applicable,not_applicable,not_applicable,evidence,10000.0,0.8,none,none,none,none,none,stationary,matched_prior_exact,1,0,2aaaa7d79f13ed3a5e9058fc7a11887e450bcae7353b908a4bbf54786693645d,flat,temperate,3:47,c5-generalization_20260827_181139_043334_662411fc,revision_C_base@7c27a44,7c27a44,45e2af3666873b8389a0bd7936fd9b6029d41fa8169fa964adb24a85ca76dec6,c6-random_20260831_182014_803486_5cf558a2,5cf558a20d4e6c9ac5845bd72e390abc3dcd6217c904aa099c208da79cfb245f,revision_B_base,revision_B_base,0.8,5,200000.0,xlarge,45.0,80.0,5.0,0.5,1.0,"{""p_d"":0.8,""stage"":""c6-random"",""tau"":10000.0,""w"":0.5}",b7a677794b82ff1680841467faa35377b7d82f925e1dd78d94f0523c73551860
3,48,random_uniform_n8_uncoordinated,3118570279,"policy_seed = SeedSequence([planning_seed, dataset_id, hash('c6-random-policy')]); per-UAV stream = SeedSequence([policy_seed, uav_id]) -> default_rng(derived_seed); one stream per persistent UAV identity; streams are never shared or consumed sequentially across UAVs",0.01997094841236913,7918.212262632081,0.0200707891958005,638,152633,0.9958200389168791,239.23667711598745,1531,8000,200000.0,642.7563626440242,0.0,8000,136,0.0165,0,0,0,0,budget_exhausted,8000,8001,8000,8001,200000.0,"[[325293.9837555573,5667751.967285226],[325269.7165541921,5667694.695356123],[325299.3177485164,5667625.904143758],[325291.35089314106,5667663.038913603],[325358.98220525973,5667656.454332713]]",aaec7a1c34c54a1bd039a1b8c18a5480353cfb7128f567430addb23f51f49801,0f27ddf06e7fb19841cf745008cec048f3977797f427bf413c715d3924fa4ad8,"{""0"":2234368885,""1"":2398706865,""2"":3629645977,""3"":3594269452,""4"":3057060667}","{""0"":2234368885,""1"":2398706865,""2"":3629645977,""3"":3594269452,""4"":3057060667}","[0,1,2,3,4]",not_applicable,not_applicable,not_applicable,not_applicable,evidence,10000.0,0.8,none,none,none,none,none,stationary,matched_prior_exact,1,0,2aaaa7d79f13ed3a5e9058fc7a11887e450bcae7353b908a4bbf54786693645d,flat,temperate,3:48,c5-generalization_20260827_181139_043334_662411fc,revision_C_base@7c27a44,7c27a44,45e2af3666873b8389a0bd7936fd9b6029d41fa8169fa964adb24a85ca76dec6,c6-random_20260831_182014_803486_5cf558a2,5cf558a20d4e6c9ac5845bd72e390abc3dcd6217c904aa099c208da79cfb245f,revision_B_base,revision_B_base,0.8,5,200000.0,xlarge,45.0,80.0,5.0,0.5,1.0,"{""p_d"":0.8,""stage"":""c6-random"",""tau"":10000.0,""w"":0.5}",b7a677794b82ff1680841467faa35377b7d82f925e1dd78d94f0523c73551860
3,50,random_uniform_n8_uncoordinated,3120898008,"policy_seed = SeedSequence([planning_seed, dataset_id, hash('c6-random-policy')]); per-UAV stream = SeedSequence([policy_seed, uav_id]) -> default_rng(derived_seed); one stream per persistent UAV identity; streams are never shared or consumed sequentially across UAVs",0.013546236289873467,7934.034041172924,0.013598771871043669,434,152678,0.9971574162616749,351.7926267281106,1880,8000,200000.0,611.7739093862474,0.0,8000,125,0.0155,0,0,0,0,budget_exhausted,8000,8001,8000,8001,200000.0,"[[325374.01135108434,5667613.11943992],[325258.5117577616,5667672.661889457],[325359.3859237318,5667782.068973154],[325421.14153311425,5667731.52594823],[325310.57269314874,5667731.60436741]]",d620740098c790fc78b4cb8f00f8ec0164078ac4feaddb4fe434d42b87e1dc1b,28476acd3f17bf93c30984abee2acf93236d8a61836f7aa60c2f4742521f648e,"{""0"":722093959,""1"":3234371544,""2"":601304263,""3"":752190715,""4"":1615583827}","{""0"":722093959,""1"":3234371544,""2"":601304263,""3"":752190715,""4"":1615583827}","[0,1,2,3,4]",not_applicable,not_applicable,not_applicable,not_applicable,evidence,10000.0,0.8,none,none,none,none,none,stationary,matched_prior_exact,1,0,2aaaa7d79f13ed3a5e9058fc7a11887e450bcae7353b908a4bbf54786693645d,flat,temperate,3:50,c5-generalization_20260827_181139_043334_662411fc,revision_C_base@7c27a44,7c27a44,45e2af3666873b8389a0bd7936fd9b6029d41fa8169fa964adb24a85ca76dec6,c6-random_20260831_182014_803486_5cf558a2,5cf558a20d4e6c9ac5845bd72e390abc3dcd6217c904aa099c208da79cfb245f,revision_B_base,revision_B_base,0.8,5,200000.0,xlarge,45.0,80.0,5.0,0.5,1.0,"{""p_d"":0.8,""stage"":""c6-random"",""tau"":10000.0,""w"":0.5}",b7a677794b82ff1680841467faa35377b7d82f925e1dd78d94f0523c73551860
3,49,random_uniform_n8_uncoordinated,2114990637,"policy_seed = SeedSequence([planning_seed, dataset_id, hash('c6-random-policy')]); per-UAV stream = SeedSequence([policy_seed, uav_id]) -> default_rng(derived_seed); one stream per persistent UAV identity; streams are never shared or consumed sequentially across UAVs",0.014764499889529773,7935.1396840031275,0.014803281964510235,441,152716,0.9971122868592682,346.29478458049886,2277,8000,200000.0,638.8426902256906,0.0,8000,336,0.041625,0,0,0,0,budget_exhausted,8000,8001,8000,8001,200000.0,"[[325302.58854308055,5667760.367957898],[325291.2763694521,5667751.50342498],[325346.23751253507,5667692.238770856],[325369.1763700706,5667603.488017846],[325319.3803395737,5667699.963533454]]",650bb640d69c5e47dcd172790ed6271ade9dfaec816e703b4a3b9ca43387318b,e86fb560c21b0b9917932818008823cff59ac50e07178ee5d2467e4c0d0e0087,"{""0"":4164554417,""1"":2929597037,""2"":3268457786,""3"":707097090,""4"":3152089493}","{""0"":4164554417,""1"":2929597037,""2"":3268457786,""3"":707097090,""4"":3152089493}","[0,1,2,3,4]",not_applicable,not_applicable,not_applicable,not_applicable,evidence,10000.0,0.8,none,none,none,none,none,stationary,matched_prior_exact,1,0,2aaaa7d79f13ed3a5e9058fc7a11887e450bcae7353b908a4bbf54786693645d,flat,temperate,3:49,c5-generalization_20260827_181139_043334_662411fc,revision_C_base@7c27a44,7c27a44,45e2af3666873b8389a0bd7936fd9b6029d41fa8169fa964adb24a85ca76dec6,c6-random_20260831_182014_803486_5cf558a2,5cf558a20d4e6c9ac5845bd72e390abc3dcd6217c904aa099c208da79cfb245f,revision_B_base,revision_B_base,0.8,5,200000.0,xlarge,45.0,80.0,5.0,0.5,1.0,"{""p_d"":0.8,""stage"":""c6-random"",""tau"":10000.0,""w"":0.5}",b7a677794b82ff1680841467faa35377b7d82f925e1dd78d94f0523c73551860
3,51,random_uniform_n8_uncoordinated,1697957711,"policy_seed = SeedSequence([planning_seed, dataset_id, hash('c6-random-policy')]); per-UAV stream = SeedSequence([policy_seed, uav_id]) -> default_rng(derived_seed); one stream per persistent UAV identity; streams are never shared or consumed sequentially across UAVs",0.016438134210344207,7923.035469018591,0.016491925700154043,525,152484,0.996557015818053,290.4457142857143,1769,8000,200000.0,653.2202767427079,0.0,8000,188,0.023125,0,0,0,0,budget_exhausted,8000,8001,8000,8001,200000.0,"[[325404.5747622296,5667682.303747534],[325351.28526288783,5667749.0725466795],[325363.2380703609,5667656.559844707],[325382.1013800867,5667621.510575565],[325290.9105902034,5667735.010909676]]",66afefe803e1184e4b350ee305372fb8b28c8ad5acae401c4045a26a80212f03,62cb8b44e88331fa3b3603688ffdda4275b46cb8dcdbb30c3490c874a50a15ba,"{""0"":476431799,""1"":1075350678,""2"":1315241636,""3"":1597285335,""4"":2064402388}","{""0"":476431799,""1"":1075350678,""2"":1315241636,""3"":1597285335,""4"":2064402388}","[0,1,2,3,4]",not_applicable,not_applicable,not_applicable,not_applicable,evidence,10000.0,0.8,none,none,none,none,none,stationary,matched_prior_exact,1,0,2aaaa7d79f13ed3a5e9058fc7a11887e450bcae7353b908a4bbf54786693645d,flat,temperate,3:51,c5-generalization_20260827_181139_043334_662411fc,revision_C_base@7c27a44,7c27a44,45e2af3666873b8389a0bd7936fd9b6029d41fa8169fa964adb24a85ca76dec6,c6-random_20260831_182014_803486_5cf558a2,5cf558a20d4e6c9ac5845bd72e390abc3dcd6217c904aa099c208da79cfb245f,revision_B_base,revision_B_base,0.8,5,200000.0,xlarge,45.0,80.0,5.0,0.5,1.0,"{""p_d"":0.8,""stage"":""c6-random"",""tau"":10000.0,""w"":0.5}",b7a677794b82ff1680841467faa35377b7d82f925e1dd78d94f0523c73551860
4,42,random_uniform_n8_uncoordinated,3056851433,"policy_seed = SeedSequence([planning_seed, dataset_id, hash('c6-random-policy')]); per-UAV stream = SeedSequence([policy_seed, uav_id]) -> default_rng(derived_seed); one stream per persistent UAV identity; streams are never shared or consumed sequentially across UAVs",0.021545075324685112,7909.464517612778,0.021657307854868295,660,152215,0.9956640278553363,230.62878787878788,1445,8000,200000.0,590.3133145170286,0.0,8000,101,0.01225,0,0,0,0,budget_exhausted,8000,8001,8000,8001,200000.0,"[[689366.6368751263,5946004.262891002],[689409.3642922334,5946004.950853687],[689438.6824343676,5946124.857732541],[689362.9033484402,5945981.318556614],[689403.2199346009,5946118.135478589]]",e498e96b657afb256b2918c44380f7421f2918a14b059ff7d8591b56c2a7d59e,fddccff18f8c417a17632732aaa346ad599740bbc740985aec35e46af9021fa6,"{""0"":1516229291,""1"":1475095570,""2"":4118952608,""3"":764514928,""4"":1046815707}","{""0"":1516229291,""1"":1475095570,""2"":4118952608,""3"":764514928,""4"":1046815707}","[0,1,2,3,4]",not_applicable,not_applicable,not_applicable,not_applicable,evidence,10000.0,0.8,none,none,none,none,none,stationary,matched_prior_exact,1,0,145000e8f69668061b48b6c3e5c824fa303f47b8d9a57386baa5540b6fb87713,flat,temperate,4:42,c5-generalization_20260827_181139_043334_662411fc,revision_C_base@7c27a44,7c27a44,45e2af3666873b8389a0bd7936fd9b6029d41fa8169fa964adb24a85ca76dec6,c6-random_20260831_182014_803486_5cf558a2,5cf558a20d4e6c9ac5845bd72e390abc3dcd6217c904aa099c208da79cfb245f,revision_B_base,revision_B_base,0.8,5,200000.0,xlarge,45.0,80.0,5.0,0.5,1.0,"{""p_d"":0.8,""stage"":""c6-random"",""tau"":10000.0,""w"":0.5}",b7a677794b82ff1680841467faa35377b7d82f925e1dd78d94f0523c73551860
4,43,random_uniform_n8_uncoordinated,3295356603,"policy_seed = SeedSequence([planning_seed, dataset_id, hash('c6-random-policy')]); per-UAV stream = SeedSequence([policy_seed, uav_id]) -> default_rng(derived_seed); one stream per persistent UAV identity; streams are never shared or consumed sequentially across UAVs",0.01098433945831735,7957.704085852578,0.011009923218275373,358,152183,0.9976475690451627,425.0921787709497,1790,8000,200000.0,605.639202539809,0.0,8000,270,0.033625,0,0,0,0,budget_exhausted,8000,8001,8000,8001,200000.0,"[[689344.6506740247,5946052.659146172],[689447.5868825505,5946081.260230728],[689316.2296119006,5946045.084407983],[689357.2810926893,5946018.414027216],[689297.8555571056,5946102.123940533]]",06e33eab45f5ec3553180be796337fcdf0dd1f787782f856cebb6255f584c18d,c5cf88c9a859029220defec9cef1e1c49fd8bb3dfaf2bc8c3b157e9a33b21f83,"{""0"":1166294131,""1"":4245152490,""2"":3616595513,""3"":2579015244,""4"":4054292701}","{""0"":1166294131,""1"":4245152490,""2"":3616595513,""3"":2579015244,""4"":4054292701}","[0,1,2,3,4]",not_applicable,not_applicable,not_applicable,not_applicable,evidence,10000.0,0.8,none,none,none,none,none,stationary,matched_prior_exact,1,0,145000e8f69668061b48b6c3e5c824fa303f47b8d9a57386baa5540b6fb87713,flat,temperate,4:43,c5-generalization_20260827_181139_043334_662411fc,revision_C_base@7c27a44,7c27a44,45e2af3666873b8389a0bd7936fd9b6029d41fa8169fa964adb24a85ca76dec6,c6-random_20260831_182014_803486_5cf558a2,5cf558a20d4e6c9ac5845bd72e390abc3dcd6217c904aa099c208da79cfb245f,revision_B_base,revision_B_base,0.8,5,200000.0,xlarge,45.0,80.0,5.0,0.5,1.0,"{""p_d"":0.8,""stage"":""c6-random"",""tau"":10000.0,""w"":0.5}",b7a677794b82ff1680841467faa35377b7d82f925e1dd78d94f0523c73551860
4,44,random_uniform_n8_uncoordinated,3534670375,"policy_seed = SeedSequence([planning_seed, dataset_id, hash('c6-random-policy')]); per-UAV stream = SeedSequence([policy_seed, uav_id]) -> default_rng(derived_seed); one stream per persistent UAV identity; streams are never shared or consumed sequentially across UAVs",0.019849172133749128,7910.425627961637,0.019919518699976275,611,152451,0.9959921548563145,249.51063829787233,1739,8000,200000.0,606.3799313115887,0.0,8000,106,0.013,0,0,0,0,budget_exhausted,8000,8001,8000,8001,200000.0,"[[689393.1725612271,5946105.132485405],[689275.0121017394,5946124.702289238],[689405.1717356853,5946148.6521839285],[689386.9080235513,5946119.433320535],[689322.2576973987,5945999.200600552]]",12446b23479058cee913864dc4421ab4fa14764cf1988ed1c3a55e0d83d9031c,9d74ed6b721dde2f54eec951a6790686c1803592bda7e6a87d882c85f5a54d95,"{""0"":1601227556,""1"":1815353995,""2"":2322327028,""3"":3874119522,""4"":822986661}","{""0"":1601227556,""1"":1815353995,""2"":2322327028,""3"":3874119522,""4"":822986661}","[0,1,2,3,4]",not_applicable,not_applicable,not_applicable,not_applicable,evidence,10000.0,0.8,none,none,none,none,none,stationary,matched_prior_exact,1,0,145000e8f69668061b48b6c3e5c824fa303f47b8d9a57386baa5540b6fb87713,flat,temperate,4:44,c5-generalization_20260827_181139_043334_662411fc,revision_C_base@7c27a44,7c27a44,45e2af3666873b8389a0bd7936fd9b6029d41fa8169fa964adb24a85ca76dec6,c6-random_20260831_182014_803486_5cf558a2,5cf558a20d4e6c9ac5845bd72e390abc3dcd6217c904aa099c208da79cfb245f,revision_B_base,revision_B_base,0.8,5,200000.0,xlarge,45.0,80.0,5.0,0.5,1.0,"{""p_d"":0.8,""stage"":""c6-random"",""tau"":10000.0,""w"":0.5}",b7a677794b82ff1680841467faa35377b7d82f925e1dd78d94f0523c73551860
4,45,random_uniform_n8_uncoordinated,2788295600,"policy_seed = SeedSequence([planning_seed, dataset_id, hash('c6-random-policy')]); per-UAV stream = SeedSequence([policy_seed, uav_id]) -> default_rng(derived_seed); one stream per persistent UAV identity; streams are never shared or consumed sequentially across UAVs",0.015552244016890232,7933.6386148536385,0.015613356074814271,483,152390,0.9968305006890216,315.5072463768116,2045,8000,200000.0,646.8167862878181,0.0,8000,298,0.03675,0,0,0,0,budget_exhausted,8000,8001,8000,8001,200000.0,"[[689291.5458096077,5946037.520868184],[689364.4204530169,5945979.998907842],[689268.604878217,5946064.091893773],[689378.7362410922,5945995.855860799],[689287.9207968742,5946114.279106738]]",1c0559b8be6391e094d7b2c47bd536b82d581afc126f163e1a71db87212b3092,1fe96587424ec894acfbc95d6142bbc24ecbecff2c7b083c11931614bd0549f0,"{""0"":1770568028,""1"":120131986,""2"":807514104,""3"":3965554693,""4"":2401693302}","{""0"":1770568028,""1"":120131986,""2"":807514104,""3"":3965554693,""4"":2401693302}","[0,1,2,3,4]",not_applicable,not_applicable,not_applicable,not_applicable,evidence,10000.0,0.8,none,none,none,none,none,stationary,matched_prior_exact,1,0,145000e8f69668061b48b6c3e5c824fa303f47b8d9a57386baa5540b6fb87713,flat,temperate,4:45,c5-generalization_20260827_181139_043334_662411fc,revision_C_base@7c27a44,7c27a44,45e2af3666873b8389a0bd7936fd9b6029d41fa8169fa964adb24a85ca76dec6,c6-random_20260831_182014_803486_5cf558a2,5cf558a20d4e6c9ac5845bd72e390abc3dcd6217c904aa099c208da79cfb245f,revision_B_base,revision_B_base,0.8,5,200000.0,xlarge,45.0,80.0,5.0,0.5,1.0,"{""p_d"":0.8,""stage"":""c6-random"",""tau"":10000.0,""w"":0.5}",b7a677794b82ff1680841467faa35377b7d82f925e1dd78d94f0523c73551860
4,47,random_uniform_n8_uncoordinated,1684919398,"policy_seed = SeedSequence([planning_seed, dataset_id, hash('c6-random-policy')]); per-UAV stream = SeedSequence([policy_seed, uav_id]) -> default_rng(derived_seed); one stream per persistent UAV identity; streams are never shared or consumed sequentially across UAVs",0.01869749404215445,7926.46355591921,0.01876252612368528,567,152098,0.9962721403305763,268.2504409171076,1844,8000,200000.0,598.9549251878634,0.0,8000,148,0.018375,0,0,0,0,budget_exhausted,8000,8001,8000,8001,200000.0,"[[689352.2330513125,5945983.062782355],[689325.2641465673,5946076.751683733],[689412.1137123663,5946058.051162794],[689385.1389761119,5946157.903543953],[689314.5104231656,5946066.268727879]]",2debedf1b10eb820ab15a9015a7e2e5dd7866ce1f7af039aa5580e53d638af84,7dfd88ccfe5d745ee5cd997d174841c10617346a72d130bd2cacdecbf836adef,"{""0"":2911830697,""1"":2842053231,""2"":4144263318,""3"":129161320,""4"":18575026}","{""0"":2911830697,""1"":2842053231,""2"":4144263318,""3"":129161320,""4"":18575026}","[0,1,2,3,4]",not_applicable,not_applicable,not_applicable,not_applicable,evidence,10000.0,0.8,none,none,none,none,none,stationary,matched_prior_exact,1,0,145000e8f69668061b48b6c3e5c824fa303f47b8d9a57386baa5540b6fb87713,flat,temperate,4:47,c5-generalization_20260827_181139_043334_662411fc,revision_C_base@7c27a44,7c27a44,45e2af3666873b8389a0bd7936fd9b6029d41fa8169fa964adb24a85ca76dec6,c6-random_20260831_182014_803486_5cf558a2,5cf558a20d4e6c9ac5845bd72e390abc3dcd6217c904aa099c208da79cfb245f,revision_B_base,revision_B_base,0.8,5,200000.0,xlarge,45.0,80.0,5.0,0.5,1.0,"{""p_d"":0.8,""stage"":""c6-random"",""tau"":10000.0,""w"":0.5}",b7a677794b82ff1680841467faa35377b7d82f925e1dd78d94f0523c73551860
4,46,random_uniform_n8_uncoordinated,2123194175,"policy_seed = SeedSequence([planning_seed, dataset_id, hash('c6-random-policy')]); per-UAV stream = SeedSequence([policy_seed, uav_id]) -> default_rng(derived_seed); one stream per persistent UAV identity; streams are never shared or consumed sequentially across UAVs",0.014795278144714364,7940.871061207261,0.014838085355395872,469,152229,0.9969191152802686,324.5820895522388,1611,8000,200000.0,645.9365079528652,0.0,8000,271,0.033125,0,0,0,0,budget_exhausted,8000,8001,8000,8001,200000.0,"[[689379.746301624,5946054.228985133],[689345.5574976257,5946147.827649992],[689383.3802107307,5946058.023538665],[689296.1071507498,5946005.856491185],[689270.4100342001,5946063.546425855]]",8a9b527e4b246b75a30334ce72e2bdbdfdf449c2051505e1daa58cd0aae3005e,66ee464796f008c415488c4be859c66bef2ffcf3ae0cf43a3f053ea5bb9ca26c,"{""0"":4012765961,""1"":414629301,""2"":1228199379,""3"":2601686785,""4"":369229660}","{""0"":4012765961,""1"":414629301,""2"":1228199379,""3"":2601686785,""4"":369229660}","[0,1,2,3,4]",not_applicable,not_applicable,not_applicable,not_applicable,evidence,10000.0,0.8,none,none,none,none,none,stationary,matched_prior_exact,1,0,145000e8f69668061b48b6c3e5c824fa303f47b8d9a57386baa5540b6fb87713,flat,temperate,4:46,c5-generalization_20260827_181139_043334_662411fc,revision_C_base@7c27a44,7c27a44,45e2af3666873b8389a0bd7936fd9b6029d41fa8169fa964adb24a85ca76dec6,c6-random_20260831_182014_803486_5cf558a2,5cf558a20d4e6c9ac5845bd72e390abc3dcd6217c904aa099c208da79cfb245f,revision_B_base,revision_B_base,0.8,5,200000.0,xlarge,45.0,80.0,5.0,0.5,1.0,"{""p_d"":0.8,""stage"":""c6-random"",""tau"":10000.0,""w"":0.5}",b7a677794b82ff1680841467faa35377b7d82f925e1dd78d94f0523c73551860
4,48,random_uniform_n8_uncoordinated,3414203501,"policy_seed = SeedSequence([planning_seed, dataset_id, hash('c6-random-policy')]); per-UAV stream = SeedSequence([policy_seed, uav_id]) -> default_rng(derived_seed); one stream per persistent UAV identity; streams are never shared or consumed sequentially across UAVs",0.013120087331869819,7944.315384714433,0.013161792688847502,418,152229,0.9972541368595996,364.1842105263158,1951,8000,200000.0,649.7762885699049,0.0,8000,173,0.021375,0,0,0,0,budget_exhausted,8000,8001,8000,8001,200000.0,"[[689297.9469535663,5946119.81652558],[689273.6797522011,5946062.544596477],[689303.2809465253,5945993.753384112],[689295.31409115,5946030.888153957],[689362.9454032687,5946024.303573067]]",ba002e38c24f199a8f6e5434dbfdf2107bd0f19251c779322e86fa423167fc88,9614b2d72174aa57a8a47d066115f2bf88801b0b470eca9226b81f13c0d6ed01,"{""0"":2920214831,""1"":2709431808,""2"":1719333021,""3"":4225775547,""4"":423440757}","{""0"":2920214831,""1"":2709431808,""2"":1719333021,""3"":4225775547,""4"":423440757}","[0,1,2,3,4]",not_applicable,not_applicable,not_applicable,not_applicable,evidence,10000.0,0.8,none,none,none,none,none,stationary,matched_prior_exact,1,0,145000e8f69668061b48b6c3e5c824fa303f47b8d9a57386baa5540b6fb87713,flat,temperate,4:48,c5-generalization_20260827_181139_043334_662411fc,revision_C_base@7c27a44,7c27a44,45e2af3666873b8389a0bd7936fd9b6029d41fa8169fa964adb24a85ca76dec6,c6-random_20260831_182014_803486_5cf558a2,5cf558a20d4e6c9ac5845bd72e390abc3dcd6217c904aa099c208da79cfb245f,revision_B_base,revision_B_base,0.8,5,200000.0,xlarge,45.0,80.0,5.0,0.5,1.0,"{""p_d"":0.8,""stage"":""c6-random"",""tau"":10000.0,""w"":0.5}",b7a677794b82ff1680841467faa35377b7d82f925e1dd78d94f0523c73551860
4,49,random_uniform_n8_uncoordinated,3745019399,"policy_seed = SeedSequence([planning_seed, dataset_id, hash('c6-random-policy')]); per-UAV stream = SeedSequence([policy_seed, uav_id]) -> default_rng(derived_seed); one stream per persistent UAV identity; streams are never shared or consumed sequentially across UAVs",0.01350950920724257,7937.008663330802,0.013544056907223056,425,152332,0.9972100412257437,358.42823529411766,2145,8000,200000.0,657.8820729339495,0.0,8000,169,0.020875,0,0,0,0,budget_exhausted,8000,8001,8000,8001,200000.0,"[[689306.5517410896,5946128.217198253],[689295.2395674611,5946119.352665334],[689350.200710544,5946060.08801121],[689373.1395680795,5945971.3372582],[689323.3435375827,5946067.812773808]]",3f6d8ab46fee186a9e0d7bec1db491193cfeb0d4d2eb1323ebdeaf0dce514342,6bb999a5f1ca040b2d15e269f2bb793a04a98fc403632139de8122fa1c51bb4d,"{""0"":1724958407,""1"":947828717,""2"":1994051790,""3"":2329232040,""4"":2618702945}","{""0"":1724958407,""1"":947828717,""2"":1994051790,""3"":2329232040,""4"":2618702945}","[0,1,2,3,4]",not_applicable,not_applicable,not_applicable,not_applicable,evidence,10000.0,0.8,none,none,none,none,none,stationary,matched_prior_exact,1,0,145000e8f69668061b48b6c3e5c824fa303f47b8d9a57386baa5540b6fb87713,flat,temperate,4:49,c5-generalization_20260827_181139_043334_662411fc,revision_C_base@7c27a44,7c27a44,45e2af3666873b8389a0bd7936fd9b6029d41fa8169fa964adb24a85ca76dec6,c6-random_20260831_182014_803486_5cf558a2,5cf558a20d4e6c9ac5845bd72e390abc3dcd6217c904aa099c208da79cfb245f,revision_B_base,revision_B_base,0.8,5,200000.0,xlarge,45.0,80.0,5.0,0.5,1.0,"{""p_d"":0.8,""stage"":""c6-random"",""tau"":10000.0,""w"":0.5}",b7a677794b82ff1680841467faa35377b7d82f925e1dd78d94f0523c73551860
4,50,random_uniform_n8_uncoordinated,581068717,"policy_seed = SeedSequence([planning_seed, dataset_id, hash('c6-random-policy')]); per-UAV stream = SeedSequence([policy_seed, uav_id]) -> default_rng(derived_seed); one stream per persistent UAV identity; streams are never shared or consumed sequentially across UAVs",0.020550280889416635,7906.8644085430515,0.020645539795800562,634,152304,0.9958372728227755,240.22712933753942,1483,8000,200000.0,665.165228612721,0.0,8000,53,0.006625,0,0,0,0,budget_exhausted,8000,8001,8000,8001,200000.0,"[[689377.9745490933,5945980.968680275],[689262.4749557705,5946040.511129811],[689363.3491217407,5946149.918213508],[689425.1047311232,5946099.375188584],[689314.5358911577,5946099.453607764]]",384ea614ac4baa72a0a943592629cbbca19f3e54d3ab80827b4269ac1938bcc5,85d038214ed904f2ab23f82083d96736e011c112012929de3ad8ae5b9cc63a23,"{""0"":3549382447,""1"":310816549,""2"":4078446548,""3"":107534853,""4"":2621890885}","{""0"":3549382447,""1"":310816549,""2"":4078446548,""3"":107534853,""4"":2621890885}","[0,1,2,3,4]",not_applicable,not_applicable,not_applicable,not_applicable,evidence,10000.0,0.8,none,none,none,none,none,stationary,matched_prior_exact,1,0,145000e8f69668061b48b6c3e5c824fa303f47b8d9a57386baa5540b6fb87713,flat,temperate,4:50,c5-generalization_20260827_181139_043334_662411fc,revision_C_base@7c27a44,7c27a44,45e2af3666873b8389a0bd7936fd9b6029d41fa8169fa964adb24a85ca76dec6,c6-random_20260831_182014_803486_5cf558a2,5cf558a20d4e6c9ac5845bd72e390abc3dcd6217c904aa099c208da79cfb245f,revision_B_base,revision_B_base,0.8,5,200000.0,xlarge,45.0,80.0,5.0,0.5,1.0,"{""p_d"":0.8,""stage"":""c6-random"",""tau"":10000.0,""w"":0.5}",b7a677794b82ff1680841467faa35377b7d82f925e1dd78d94f0523c73551860
4,51,random_uniform_n8_uncoordinated,1397267013,"policy_seed = SeedSequence([planning_seed, dataset_id, hash('c6-random-policy')]); per-UAV stream = SeedSequence([policy_seed, uav_id]) -> default_rng(derived_seed); one stream per persistent UAV identity; streams are never shared or consumed sequentially across UAVs",0.018554097652119426,7925.274516138827,0.018652038426861493,563,152353,0.9963046346314152,270.60923623445825,2069,8000,200000.0,667.0902407248504,0.0,8000,181,0.0225,0,0,0,0,budget_exhausted,8000,8001,8000,8001,200000.0,"[[689408.5379602385,5946050.152987888],[689355.2484608968,5946116.921787034],[689367.2012683698,5946024.409085061],[689386.0645780956,5945989.359815919],[689294.8737882124,5946102.86015003]]",19677be8e58aae74569733e531a5da24d6cf6522eb51938616c433c21a4bc20f,489ba66031d1d8c7c3e8575d0d56f82c7884b6668b3598033806965c713e4c17,"{""0"":950852679,""1"":2241777770,""2"":3360117019,""3"":3463296269,""4"":1261165904}","{""0"":950852679,""1"":2241777770,""2"":3360117019,""3"":3463296269,""4"":1261165904}","[0,1,2,3,4]",not_applicable,not_applicable,not_applicable,not_applicable,evidence,10000.0,0.8,none,none,none,none,none,stationary,matched_prior_exact,1,0,145000e8f69668061b48b6c3e5c824fa303f47b8d9a57386baa5540b6fb87713,flat,temperate,4:51,c5-generalization_20260827_181139_043334_662411fc,revision_C_base@7c27a44,7c27a44,45e2af3666873b8389a0bd7936fd9b6029d41fa8169fa964adb24a85ca76dec6,c6-random_20260831_182014_803486_5cf558a2,5cf558a20d4e6c9ac5845bd72e390abc3dcd6217c904aa099c208da79cfb245f,revision_B_base,revision_B_base,0.8,5,200000.0,xlarge,45.0,80.0,5.0,0.5,1.0,"{""p_d"":0.8,""stage"":""c6-random"",""tau"":10000.0,""w"":0.5}",b7a677794b82ff1680841467faa35377b7d82f925e1dd78d94f0523c73551860
5,42,random_uniform_n8_uncoordinated,1495355770,"policy_seed = SeedSequence([planning_seed, dataset_id, hash('c6-random-policy')]); per-UAV stream = SeedSequence([policy_seed, uav_id]) -> default_rng(derived_seed); one stream per persistent UAV identity; streams are never shared or consumed sequentially across UAVs",0.017751128617247935,7919.517534219189,0.0177747128598599,548,152008,0.9963949265828115,277.3868613138686,1580,8000,200000.0,637.0763212009333,0.0,8000,147,0.018125,0,0,0,0,budget_exhausted,8000,8001,8000,8001,200000.0,"[[488953.99584582483,5514312.611985302],[488996.7232629319,5514313.299947986],[489026.04140506615,5514433.2068268405],[488950.2623191387,5514289.667650914],[488990.5789052994,5514426.484572888]]",63820a06c24988cd5b14cbccaf1cbb0f000c4927355b2b7a32db181cb86fa4f5,7ac1e43a6efbbc369bc18d07487b8488e28be00426ea6e4f82f2f624d31caa0b,"{""0"":977993409,""1"":3668592917,""2"":2302713995,""3"":4259868323,""4"":458054105}","{""0"":977993409,""1"":3668592917,""2"":2302713995,""3"":4259868323,""4"":458054105}","[0,1,2,3,4]",not_applicable,not_applicable,not_applicable,not_applicable,evidence,10000.0,0.8,none,none,none,none,none,stationary,matched_prior_exact,1,0,474685938998c00b5508839f91d28bb223c2e8154b33f9fb036b594e0be42afd,flat,temperate,5:42,c5-generalization_20260827_181139_043334_662411fc,revision_C_base@7c27a44,7c27a44,45e2af3666873b8389a0bd7936fd9b6029d41fa8169fa964adb24a85ca76dec6,c6-random_20260831_182014_803486_5cf558a2,5cf558a20d4e6c9ac5845bd72e390abc3dcd6217c904aa099c208da79cfb245f,revision_B_base,revision_B_base,0.8,5,200000.0,xlarge,45.0,80.0,5.0,0.5,1.0,"{""p_d"":0.8,""stage"":""c6-random"",""tau"":10000.0,""w"":0.5}",b7a677794b82ff1680841467faa35377b7d82f925e1dd78d94f0523c73551860
5,43,random_uniform_n8_uncoordinated,2902095203,"policy_seed = SeedSequence([planning_seed, dataset_id, hash('c6-random-policy')]); per-UAV stream = SeedSequence([policy_seed, uav_id]) -> default_rng(derived_seed); one stream per persistent UAV identity; streams are never shared or consumed sequentially across UAVs",0.016135432938915027,7937.207703885098,0.01623242054185454,499,152146,0.9967202555440169,304.90180360721445,1664,8000,200000.0,629.9123628949746,0.0,8000,284,0.033875,0,0,0,0,budget_exhausted,8000,8001,8000,8001,200000.0,"[[488932.0096447233,5514361.008240472],[489034.945853249,5514389.609325028],[488903.5885825992,5514353.433502283],[488944.64006338775,5514326.7631215155],[488885.2145278042,5514410.473034833]]",15302fde53c7fee4048af64173d8a7965beeae9b802b541137bfbc6b42210ff6,590b0bfbf0062d8fd308522ab947157bf17e856b0cbaa4f921b547e7ca8ee9db,"{""0"":4017926350,""1"":4294544619,""2"":800293772,""3"":3941592725,""4"":3853967589}","{""0"":4017926350,""1"":4294544619,""2"":800293772,""3"":3941592725,""4"":3853967589}","[0,1,2,3,4]",not_applicable,not_applicable,not_applicable,not_applicable,evidence,10000.0,0.8,none,none,none,none,none,stationary,matched_prior_exact,1,0,474685938998c00b5508839f91d28bb223c2e8154b33f9fb036b594e0be42afd,flat,temperate,5:43,c5-generalization_20260827_181139_043334_662411fc,revision_C_base@7c27a44,7c27a44,45e2af3666873b8389a0bd7936fd9b6029d41fa8169fa964adb24a85ca76dec6,c6-random_20260831_182014_803486_5cf558a2,5cf558a20d4e6c9ac5845bd72e390abc3dcd6217c904aa099c208da79cfb245f,revision_B_base,revision_B_base,0.8,5,200000.0,xlarge,45.0,80.0,5.0,0.5,1.0,"{""p_d"":0.8,""stage"":""c6-random"",""tau"":10000.0,""w"":0.5}",b7a677794b82ff1680841467faa35377b7d82f925e1dd78d94f0523c73551860
5,44,random_uniform_n8_uncoordinated,4309051,"policy_seed = SeedSequence([planning_seed, dataset_id, hash('c6-random-policy')]); per-UAV stream = SeedSequence([policy_seed, uav_id]) -> default_rng(derived_seed); one stream per persistent UAV identity; streams are never shared or consumed sequentially across UAVs",0.013511895662290777,7944.81384530171,0.013529269720868957,430,152369,0.9971779036418169,354.346511627907,2234,8000,200000.0,638.8261740845628,0.0,8000,333,0.040875,0,0,0,0,budget_exhausted,8000,8001,8000,8001,200000.0,"[[488980.5315319257,5514413.481579704],[488862.37107243796,5514433.051383537],[488992.53070638387,5514457.001278228],[488974.26699424995,5514427.782414835],[488909.61666809727,5514307.549694852]]",e6265b5a69412f436535d76f517c6ae7f5215604635f74720122e9b3df094cf3,270e1b6593f80dedef48b13c41af432b2bf7084c558fb336bd7d093cec8446f2,"{""0"":3430798329,""1"":1617584659,""2"":975293275,""3"":3472273997,""4"":4147123117}","{""0"":3430798329,""1"":1617584659,""2"":975293275,""3"":3472273997,""4"":4147123117}","[0,1,2,3,4]",not_applicable,not_applicable,not_applicable,not_applicable,evidence,10000.0,0.8,none,none,none,none,none,stationary,matched_prior_exact,1,0,474685938998c00b5508839f91d28bb223c2e8154b33f9fb036b594e0be42afd,flat,temperate,5:44,c5-generalization_20260827_181139_043334_662411fc,revision_C_base@7c27a44,7c27a44,45e2af3666873b8389a0bd7936fd9b6029d41fa8169fa964adb24a85ca76dec6,c6-random_20260831_182014_803486_5cf558a2,5cf558a20d4e6c9ac5845bd72e390abc3dcd6217c904aa099c208da79cfb245f,revision_B_base,revision_B_base,0.8,5,200000.0,xlarge,45.0,80.0,5.0,0.5,1.0,"{""p_d"":0.8,""stage"":""c6-random"",""tau"":10000.0,""w"":0.5}",b7a677794b82ff1680841467faa35377b7d82f925e1dd78d94f0523c73551860
5,45,random_uniform_n8_uncoordinated,3097837959,"policy_seed = SeedSequence([planning_seed, dataset_id, hash('c6-random-policy')]); per-UAV stream = SeedSequence([policy_seed, uav_id]) -> default_rng(derived_seed); one stream per persistent UAV identity; streams are never shared or consumed sequentially across UAVs",0.008519142842743115,7950.267830708078,0.00853645183797625,294,152250,0.9980689655172413,517.8571428571429,2097,8000,200000.0,612.2710470990278,0.0,8000,309,0.038375,0,0,0,0,budget_exhausted,8000,8001,8000,8001,200000.0,"[[488878.9047803063,5514345.869962484],[488951.77942371543,5514288.348002141],[488855.96384891553,5514372.440988072],[488966.0952117907,5514304.204955098],[488875.27976757276,5514422.628201038]]",6a9590a55b7d3d64a1c0a95cfe759aa6fe59dfd2c1c23c28d656c95d4c988917,4ac0210ed4e699965c6e2fc54af57bad68ee274ec37a1e8c60051bde719886b2,"{""0"":448878444,""1"":2359184056,""2"":2788762021,""3"":3601268656,""4"":3335580812}","{""0"":448878444,""1"":2359184056,""2"":2788762021,""3"":3601268656,""4"":3335580812}","[0,1,2,3,4]",not_applicable,not_applicable,not_applicable,not_applicable,evidence,10000.0,0.8,none,none,none,none,none,stationary,matched_prior_exact,1,0,474685938998c00b5508839f91d28bb223c2e8154b33f9fb036b594e0be42afd,flat,temperate,5:45,c5-generalization_20260827_181139_043334_662411fc,revision_C_base@7c27a44,7c27a44,45e2af3666873b8389a0bd7936fd9b6029d41fa8169fa964adb24a85ca76dec6,c6-random_20260831_182014_803486_5cf558a2,5cf558a20d4e6c9ac5845bd72e390abc3dcd6217c904aa099c208da79cfb245f,revision_B_base,revision_B_base,0.8,5,200000.0,xlarge,45.0,80.0,5.0,0.5,1.0,"{""p_d"":0.8,""stage"":""c6-random"",""tau"":10000.0,""w"":0.5}",b7a677794b82ff1680841467faa35377b7d82f925e1dd78d94f0523c73551860
5,46,random_uniform_n8_uncoordinated,2061604248,"policy_seed = SeedSequence([planning_seed, dataset_id, hash('c6-random-policy')]); per-UAV stream = SeedSequence([policy_seed, uav_id]) -> default_rng(derived_seed); one stream per persistent UAV identity; streams are never shared or consumed sequentially across UAVs",0.010275530189152882,7957.454068622297,0.010301058052472606,341,152164,0.9977589968717963,446.22873900293257,2582,8000,200000.0,627.8721972359344,0.0,8000,251,0.031125,0,0,0,0,budget_exhausted,8000,8001,8000,8001,200000.0,"[[488967.1052723225,5514362.578079432],[488932.9164683243,5514456.176744292],[488970.73918142926,5514366.3726329645],[488883.4661214483,5514314.205585484],[488857.7690048986,5514371.895520154]]",36d82214567af5aa5284a473cb0f40d353b96ec9aceecea67bf3d36f4990047c,1604739c109a3e332a5add5379a72f1fa2440a145702d19a8489477543b4686e,"{""0"":3944753108,""1"":4083175250,""2"":2630204704,""3"":3297779016,""4"":2645261779}","{""0"":3944753108,""1"":4083175250,""2"":2630204704,""3"":3297779016,""4"":2645261779}","[0,1,2,3,4]",not_applicable,not_applicable,not_applicable,not_applicable,evidence,10000.0,0.8,none,none,none,none,none,stationary,matched_prior_exact,1,0,474685938998c00b5508839f91d28bb223c2e8154b33f9fb036b594e0be42afd,flat,temperate,5:46,c5-generalization_20260827_181139_043334_662411fc,revision_C_base@7c27a44,7c27a44,45e2af3666873b8389a0bd7936fd9b6029d41fa8169fa964adb24a85ca76dec6,c6-random_20260831_182014_803486_5cf558a2,5cf558a20d4e6c9ac5845bd72e390abc3dcd6217c904aa099c208da79cfb245f,revision_B_base,revision_B_base,0.8,5,200000.0,xlarge,45.0,80.0,5.0,0.5,1.0,"{""p_d"":0.8,""stage"":""c6-random"",""tau"":10000.0,""w"":0.5}",b7a677794b82ff1680841467faa35377b7d82f925e1dd78d94f0523c73551860
5,47,random_uniform_n8_uncoordinated,559765009,"policy_seed = SeedSequence([planning_seed, dataset_id, hash('c6-random-policy')]); per-UAV stream = SeedSequence([policy_seed, uav_id]) -> default_rng(derived_seed); one stream per persistent UAV identity; streams are never shared or consumed sequentially across UAVs",0.01582464997549267,7927.012991858884,0.015926063178737668,495,152370,0.996751329001772,307.8181818181818,2188,8000,200000.0,649.3587390948087,0.0,8000,125,0.015375,0,0,0,0,budget_exhausted,8000,8001,8000,8001,200000.0,"[[488939.592022011,5514291.411876654],[488912.6231172659,5514385.100778033],[488999.4726830649,5514366.400257094],[488972.49794681044,5514466.252638252],[488901.8693938642,5514374.617822179]]",67f83638cfd623cd3b9779585e573e058ccacbe460f81f880259dd5c54027f56,9c8aab4c006917553797906d014e237ecffc6de22b0a732e0720be558f193b9c,"{""0"":2519255190,""1"":1656157827,""2"":1408983860,""3"":1694581476,""4"":330045989}","{""0"":2519255190,""1"":1656157827,""2"":1408983860,""3"":1694581476,""4"":330045989}","[0,1,2,3,4]",not_applicable,not_applicable,not_applicable,not_applicable,evidence,10000.0,0.8,none,none,none,none,none,stationary,matched_prior_exact,1,0,474685938998c00b5508839f91d28bb223c2e8154b33f9fb036b594e0be42afd,flat,temperate,5:47,c5-generalization_20260827_181139_043334_662411fc,revision_C_base@7c27a44,7c27a44,45e2af3666873b8389a0bd7936fd9b6029d41fa8169fa964adb24a85ca76dec6,c6-random_20260831_182014_803486_5cf558a2,5cf558a20d4e6c9ac5845bd72e390abc3dcd6217c904aa099c208da79cfb245f,revision_B_base,revision_B_base,0.8,5,200000.0,xlarge,45.0,80.0,5.0,0.5,1.0,"{""p_d"":0.8,""stage"":""c6-random"",""tau"":10000.0,""w"":0.5}",b7a677794b82ff1680841467faa35377b7d82f925e1dd78d94f0523c73551860
5,50,random_uniform_n8_uncoordinated,593934498,"policy_seed = SeedSequence([planning_seed, dataset_id, hash('c6-random-policy')]); per-UAV stream = SeedSequence([policy_seed, uav_id]) -> default_rng(derived_seed); one stream per persistent UAV identity; streams are never shared or consumed sequentially across UAVs",0.012801512314385054,7938.491488671926,0.012850930064783925,408,152318,0.9973213934006486,373.328431372549,2292,8000,200000.0,615.8334000320174,0.0,8000,249,0.031125,0,0,0,0,budget_exhausted,8000,8001,8000,8001,200000.0,"[[488965.33351979183,5514289.317774574],[488849.8339264691,5514348.860224111],[488950.7080924393,5514458.267307808],[489012.46370182175,5514407.724282884],[488901.89486185624,5514407.802702064]]",28a17723e483e361e906553b02d9b7735f2e72540a6ab861c38f893f918280ba,d5057bff1ac678d7af6febf2925aa1f53b1b2d68127817345b2f51f4ce113363,"{""0"":3071867346,""1"":218017999,""2"":4106339335,""3"":2973441964,""4"":3092732017}","{""0"":3071867346,""1"":218017999,""2"":4106339335,""3"":2973441964,""4"":3092732017}","[0,1,2,3,4]",not_applicable,not_applicable,not_applicable,not_applicable,evidence,10000.0,0.8,none,none,none,none,none,stationary,matched_prior_exact,1,0,474685938998c00b5508839f91d28bb223c2e8154b33f9fb036b594e0be42afd,flat,temperate,5:50,c5-generalization_20260827_181139_043334_662411fc,revision_C_base@7c27a44,7c27a44,45e2af3666873b8389a0bd7936fd9b6029d41fa8169fa964adb24a85ca76dec6,c6-random_20260831_182014_803486_5cf558a2,5cf558a20d4e6c9ac5845bd72e390abc3dcd6217c904aa099c208da79cfb245f,revision_B_base,revision_B_base,0.8,5,200000.0,xlarge,45.0,80.0,5.0,0.5,1.0,"{""p_d"":0.8,""stage"":""c6-random"",""tau"":10000.0,""w"":0.5}",b7a677794b82ff1680841467faa35377b7d82f925e1dd78d94f0523c73551860
5,48,random_uniform_n8_uncoordinated,879416245,"policy_seed = SeedSequence([planning_seed, dataset_id, hash('c6-random-policy')]); per-UAV stream = SeedSequence([policy_seed, uav_id]) -> default_rng(derived_seed); one stream per persistent UAV identity; streams are never shared or consumed sequentially across UAVs",0.013578180708516676,7942.495137067286,0.013634303041984826,442,152419,0.9971000990690138,344.8393665158371,3254,8000,200000.0,652.3711467641406,0.0,8000,388,0.047,0,0,0,0,budget_exhausted,8000,8001,8000,8001,200000.0,"[[488885.3059242648,5514428.16561988],[488861.0387228996,5514370.893690777],[488890.6399172239,5514302.102478412],[488882.67306184856,5514339.237248257],[488950.3043739672,5514332.652667367]]",096d75f1a2a4ad7097adefed71cdbf20124d138d7ae6e149970f4c9c1a6e5cd3,21bdc4f3ceefeb9904f94364d7ab8d557e48a2ef00a8481d528e0808aa7d644d,"{""0"":1056923540,""1"":2738226347,""2"":2889171848,""3"":1337146582,""4"":929043853}","{""0"":1056923540,""1"":2738226347,""2"":2889171848,""3"":1337146582,""4"":929043853}","[0,1,2,3,4]",not_applicable,not_applicable,not_applicable,not_applicable,evidence,10000.0,0.8,none,none,none,none,none,stationary,matched_prior_exact,1,0,474685938998c00b5508839f91d28bb223c2e8154b33f9fb036b594e0be42afd,flat,temperate,5:48,c5-generalization_20260827_181139_043334_662411fc,revision_C_base@7c27a44,7c27a44,45e2af3666873b8389a0bd7936fd9b6029d41fa8169fa964adb24a85ca76dec6,c6-random_20260831_182014_803486_5cf558a2,5cf558a20d4e6c9ac5845bd72e390abc3dcd6217c904aa099c208da79cfb245f,revision_B_base,revision_B_base,0.8,5,200000.0,xlarge,45.0,80.0,5.0,0.5,1.0,"{""p_d"":0.8,""stage"":""c6-random"",""tau"":10000.0,""w"":0.5}",b7a677794b82ff1680841467faa35377b7d82f925e1dd78d94f0523c73551860
5,49,random_uniform_n8_uncoordinated,2287669104,"policy_seed = SeedSequence([planning_seed, dataset_id, hash('c6-random-policy')]); per-UAV stream = SeedSequence([policy_seed, uav_id]) -> default_rng(derived_seed); one stream per persistent UAV identity; streams are never shared or consumed sequentially across UAVs",0.01862329083933489,7919.096376458727,0.018695256815233395,573,152122,0.996233286441146,265.48342059336824,1228,8000,200000.0,651.2197481896728,0.0,8000,113,0.013875,0,0,0,0,budget_exhausted,8000,8001,8000,8001,200000.0,"[[488893.91071178805,5514436.566292552],[488882.5985381596,5514427.701759634],[488937.55968124256,5514368.437105509],[488960.4985387781,5514279.6863525],[488910.7025082812,5514376.1618681075]]",6e26f93fd2805cf3cc1744ab108d70ccb3eee9161153ee8e1978b8fcc8a5f3c6,b9a1fd6137eea971e73ce52008ca443b0bcf5407715f29f9f1a4c0f58933874c,"{""0"":3467945376,""1"":2014447727,""2"":2382879000,""3"":3513251313,""4"":4031319062}","{""0"":3467945376,""1"":2014447727,""2"":2382879000,""3"":3513251313,""4"":4031319062}","[0,1,2,3,4]",not_applicable,not_applicable,not_applicable,not_applicable,evidence,10000.0,0.8,none,none,none,none,none,stationary,matched_prior_exact,1,0,474685938998c00b5508839f91d28bb223c2e8154b33f9fb036b594e0be42afd,flat,temperate,5:49,c5-generalization_20260827_181139_043334_662411fc,revision_C_base@7c27a44,7c27a44,45e2af3666873b8389a0bd7936fd9b6029d41fa8169fa964adb24a85ca76dec6,c6-random_20260831_182014_803486_5cf558a2,5cf558a20d4e6c9ac5845bd72e390abc3dcd6217c904aa099c208da79cfb245f,revision_B_base,revision_B_base,0.8,5,200000.0,xlarge,45.0,80.0,5.0,0.5,1.0,"{""p_d"":0.8,""stage"":""c6-random"",""tau"":10000.0,""w"":0.5}",b7a677794b82ff1680841467faa35377b7d82f925e1dd78d94f0523c73551860
5,51,random_uniform_n8_uncoordinated,3037366208,"policy_seed = SeedSequence([planning_seed, dataset_id, hash('c6-random-policy')]); per-UAV stream = SeedSequence([policy_seed, uav_id]) -> default_rng(derived_seed); one stream per persistent UAV identity; streams are never shared or consumed sequentially across UAVs",0.01103802070244185,7949.613547685088,0.0110684311724355,366,152194,0.9975951745798126,415.8306010928962,2698,8000,200000.0,645.8432965418324,0.0,8000,443,0.053125,0,0,0,0,budget_exhausted,8000,8001,8000,8001,200000.0,"[[488995.8969309371,5514358.502082188],[488942.60743159533,5514425.270881333],[488954.5602390684,5514332.758179361],[488973.4235487942,5514297.708910218],[488882.2327589109,5514411.2092443295]]",085478ade9679704a3f3853de68fe8e1c6a3b2b9328ccb65101897cc1e0d46f2,048ef6c9a160a19c24d04392de01e2d89c79fb7d8237c98ac8412f28f03d2190,"{""0"":3864274983,""1"":3957768603,""2"":1286424919,""3"":77739518,""4"":2226879386}","{""0"":3864274983,""1"":3957768603,""2"":1286424919,""3"":77739518,""4"":2226879386}","[0,1,2,3,4]",not_applicable,not_applicable,not_applicable,not_applicable,evidence,10000.0,0.8,none,none,none,none,none,stationary,matched_prior_exact,1,0,474685938998c00b5508839f91d28bb223c2e8154b33f9fb036b594e0be42afd,flat,temperate,5:51,c5-generalization_20260827_181139_043334_662411fc,revision_C_base@7c27a44,7c27a44,45e2af3666873b8389a0bd7936fd9b6029d41fa8169fa964adb24a85ca76dec6,c6-random_20260831_182014_803486_5cf558a2,5cf558a20d4e6c9ac5845bd72e390abc3dcd6217c904aa099c208da79cfb245f,revision_B_base,revision_B_base,0.8,5,200000.0,xlarge,45.0,80.0,5.0,0.5,1.0,"{""p_d"":0.8,""stage"":""c6-random"",""tau"":10000.0,""w"":0.5}",b7a677794b82ff1680841467faa35377b7d82f925e1dd78d94f0523c73551860
6,42,random_uniform_n8_uncoordinated,1161133397,"policy_seed = SeedSequence([planning_seed, dataset_id, hash('c6-random-policy')]); per-UAV stream = SeedSequence([policy_seed, uav_id]) -> default_rng(derived_seed); one stream per persistent UAV identity; streams are never shared or consumed sequentially across UAVs",0.019024818584852336,7927.562815065509,0.019116397031662905,659,152153,0.9956688333453826,230.88467374810318,2003,8000,200000.0,613.1570040299557,0.0,8000,200,0.024875,0,0,0,0,budget_exhausted,8000,8001,8000,8001,200000.0,"[[615358.5488379605,5466570.416620756],[615401.2762550676,5466571.10458344],[615430.5943972018,5466691.0114622945],[615354.8153112744,5466547.472286368],[615395.131897435,5466684.289208342]]",18b2f0f369843e76e9c50d96b6e34fd31bf7bda2e8a89b0bec71629b106e9456,951e9ae957fbe684e6e6c20f20cd161cb199da8ed13267dd563674edf4468fe3,"{""0"":3632772253,""1"":56097925,""2"":4167847171,""3"":3460019201,""4"":1110475839}","{""0"":3632772253,""1"":56097925,""2"":4167847171,""3"":3460019201,""4"":1110475839}","[0,1,2,3,4]",not_applicable,not_applicable,not_applicable,not_applicable,evidence,10000.0,0.8,none,none,none,none,none,stationary,matched_prior_exact,1,0,d79ca1d1b9f548954ba3d75a09fef706b7b8c51ff8f154d037a4a7eedb56ad42,flat,temperate,6:42,c5-generalization_20260827_181139_043334_662411fc,revision_C_base@7c27a44,7c27a44,45e2af3666873b8389a0bd7936fd9b6029d41fa8169fa964adb24a85ca76dec6,c6-random_20260831_182014_803486_5cf558a2,5cf558a20d4e6c9ac5845bd72e390abc3dcd6217c904aa099c208da79cfb245f,revision_B_base,revision_B_base,0.8,5,200000.0,xlarge,45.0,80.0,5.0,0.5,1.0,"{""p_d"":0.8,""stage"":""c6-random"",""tau"":10000.0,""w"":0.5}",b7a677794b82ff1680841467faa35377b7d82f925e1dd78d94f0523c73551860
6,44,random_uniform_n8_uncoordinated,11217164,"policy_seed = SeedSequence([planning_seed, dataset_id, hash('c6-random-policy')]); per-UAV stream = SeedSequence([policy_seed, uav_id]) -> default_rng(derived_seed); one stream per persistent UAV identity; streams are never shared or consumed sequentially across UAVs",0.014083552680127006,7950.642876080263,0.014110227131205952,491,152404,0.9967782997821579,310.3951120162933,1848,8000,200000.0,614.4872878277674,0.0,8000,188,0.02325,0,0,0,0,budget_exhausted,8000,8001,8000,8001,200000.0,"[[615385.0845240613,5466671.286215158],[615266.9240645736,5466690.856018991],[615397.0836985195,5466714.805913682],[615378.8199863855,5466685.587050289],[615314.1696602328,5466565.354330306]]",11931ba3b2606720673fab484cd387b8c38bd1122400df06ded2cf949a538117,55594dc773e8164e5d6489160f5795893cfa98a634b8c95efe5a846e37f86bb5,"{""0"":3901148504,""1"":1237224704,""2"":2594943196,""3"":3583858771,""4"":2059641265}","{""0"":3901148504,""1"":1237224704,""2"":2594943196,""3"":3583858771,""4"":2059641265}","[0,1,2,3,4]",not_applicable,not_applicable,not_applicable,not_applicable,evidence,10000.0,0.8,none,none,none,none,none,stationary,matched_prior_exact,1,0,d79ca1d1b9f548954ba3d75a09fef706b7b8c51ff8f154d037a4a7eedb56ad42,flat,temperate,6:44,c5-generalization_20260827_181139_043334_662411fc,revision_C_base@7c27a44,7c27a44,45e2af3666873b8389a0bd7936fd9b6029d41fa8169fa964adb24a85ca76dec6,c6-random_20260831_182014_803486_5cf558a2,5cf558a20d4e6c9ac5845bd72e390abc3dcd6217c904aa099c208da79cfb245f,revision_B_base,revision_B_base,0.8,5,200000.0,xlarge,45.0,80.0,5.0,0.5,1.0,"{""p_d"":0.8,""stage"":""c6-random"",""tau"":10000.0,""w"":0.5}",b7a677794b82ff1680841467faa35377b7d82f925e1dd78d94f0523c73551860
6,43,random_uniform_n8_uncoordinated,1345277731,"policy_seed = SeedSequence([planning_seed, dataset_id, hash('c6-random-policy')]); per-UAV stream = SeedSequence([policy_seed, uav_id]) -> default_rng(derived_seed); one stream per persistent UAV identity; streams are never shared or consumed sequentially across UAVs",0.011252650220833455,7949.099477503132,0.011289573124465171,397,152314,0.9973935422876427,383.6624685138539,1458,8000,200000.0,646.7961949720047,0.0,8000,216,0.026875,0,0,0,0,budget_exhausted,8000,8001,8000,8001,200000.0,"[[615336.5626368589,5466618.812875926],[615439.4988453847,5466647.413960482],[615308.1415747348,5466611.238137737],[615349.1930555234,5466584.5677569695],[615289.7675199398,5466668.277670287]]",bc38415fe8b1b692a07e76893173e91311c7cc58998e875fd881d7e9caf4f565,95580fb70c46b9813807c2bb32261e3b1533c21c3dd2651309b94d6723bb6a40,"{""0"":2749109384,""1"":1128553858,""2"":4250814746,""3"":1979724981,""4"":1915339263}","{""0"":2749109384,""1"":1128553858,""2"":4250814746,""3"":1979724981,""4"":1915339263}","[0,1,2,3,4]",not_applicable,not_applicable,not_applicable,not_applicable,evidence,10000.0,0.8,none,none,none,none,none,stationary,matched_prior_exact,1,0,d79ca1d1b9f548954ba3d75a09fef706b7b8c51ff8f154d037a4a7eedb56ad42,flat,temperate,6:43,c5-generalization_20260827_181139_043334_662411fc,revision_C_base@7c27a44,7c27a44,45e2af3666873b8389a0bd7936fd9b6029d41fa8169fa964adb24a85ca76dec6,c6-random_20260831_182014_803486_5cf558a2,5cf558a20d4e6c9ac5845bd72e390abc3dcd6217c904aa099c208da79cfb245f,revision_B_base,revision_B_base,0.8,5,200000.0,xlarge,45.0,80.0,5.0,0.5,1.0,"{""p_d"":0.8,""stage"":""c6-random"",""tau"":10000.0,""w"":0.5}",b7a677794b82ff1680841467faa35377b7d82f925e1dd78d94f0523c73551860
6,45,random_uniform_n8_uncoordinated,3964607149,"policy_seed = SeedSequence([planning_seed, dataset_id, hash('c6-random-policy')]); per-UAV stream = SeedSequence([policy_seed, uav_id]) -> default_rng(derived_seed); one stream per persistent UAV identity; streams are never shared or consumed sequentially across UAVs",0.015474439766174575,7930.420542887461,0.015522205354079444,533,152146,0.9964967859818858,285.45215759849907,1353,8000,200000.0,606.106027383823,0.0,8000,147,0.0175,0,0,0,0,budget_exhausted,8000,8001,8000,8001,200000.0,"[[615283.4577724419,5466603.674597938],[615356.3324158511,5466546.152637595],[615260.5168410512,5466630.245623526],[615370.6482039264,5466562.009590552],[615279.8327597084,5466680.432836492]]",12552005c3b7dcefe6e0faf61ca7b7f591652f85e619dc40510fcf51611ff1a7,ea0310137cef5d06266659e5943695aa5660d2a8bdeec0482f4668006337f666,"{""0"":2501971994,""1"":652501170,""2"":4129851212,""3"":554215500,""4"":3345722234}","{""0"":2501971994,""1"":652501170,""2"":4129851212,""3"":554215500,""4"":3345722234}","[0,1,2,3,4]",not_applicable,not_applicable,not_applicable,not_applicable,evidence,10000.0,0.8,none,none,none,none,none,stationary,matched_prior_exact,1,0,d79ca1d1b9f548954ba3d75a09fef706b7b8c51ff8f154d037a4a7eedb56ad42,flat,temperate,6:45,c5-generalization_20260827_181139_043334_662411fc,revision_C_base@7c27a44,7c27a44,45e2af3666873b8389a0bd7936fd9b6029d41fa8169fa964adb24a85ca76dec6,c6-random_20260831_182014_803486_5cf558a2,5cf558a20d4e6c9ac5845bd72e390abc3dcd6217c904aa099c208da79cfb245f,revision_B_base,revision_B_base,0.8,5,200000.0,xlarge,45.0,80.0,5.0,0.5,1.0,"{""p_d"":0.8,""stage"":""c6-random"",""tau"":10000.0,""w"":0.5}",b7a677794b82ff1680841467faa35377b7d82f925e1dd78d94f0523c73551860
6,46,random_uniform_n8_uncoordinated,2087701090,"policy_seed = SeedSequence([planning_seed, dataset_id, hash('c6-random-policy')]); per-UAV stream = SeedSequence([policy_seed, uav_id]) -> default_rng(derived_seed); one stream per persistent UAV identity; streams are never shared or consumed sequentially across UAVs",0.014773657355810819,7936.178358433492,0.01479403825815264,507,152353,0.9966722020570649,300.4990138067061,1868,8000,200000.0,605.5046794521622,0.0,8000,192,0.023625,0,0,0,0,budget_exhausted,8000,8001,8000,8001,200000.0,"[[615371.6582644582,5466620.382714886],[615337.4694604599,5466713.9813797455],[615375.2921735649,5466624.1772684185],[615288.019113584,5466572.010220938],[615262.3219970342,5466629.700155608]]",d149dc67b56dcaf541d65edc8d6897fe37b1f06d852ebca5858e5266f5dbac25,340a6e65169f70ac08ce7321817f009d5278b0e1f5a55a1af7da90ad582b8482,"{""0"":1326649627,""1"":1072055494,""2"":3642352128,""3"":2534451665,""4"":1914536727}","{""0"":1326649627,""1"":1072055494,""2"":3642352128,""3"":2534451665,""4"":1914536727}","[0,1,2,3,4]",not_applicable,not_applicable,not_applicable,not_applicable,evidence,10000.0,0.8,none,none,none,none,none,stationary,matched_prior_exact,1,0,d79ca1d1b9f548954ba3d75a09fef706b7b8c51ff8f154d037a4a7eedb56ad42,flat,temperate,6:46,c5-generalization_20260827_181139_043334_662411fc,revision_C_base@7c27a44,7c27a44,45e2af3666873b8389a0bd7936fd9b6029d41fa8169fa964adb24a85ca76dec6,c6-random_20260831_182014_803486_5cf558a2,5cf558a20d4e6c9ac5845bd72e390abc3dcd6217c904aa099c208da79cfb245f,revision_B_base,revision_B_base,0.8,5,200000.0,xlarge,45.0,80.0,5.0,0.5,1.0,"{""p_d"":0.8,""stage"":""c6-random"",""tau"":10000.0,""w"":0.5}",b7a677794b82ff1680841467faa35377b7d82f925e1dd78d94f0523c73551860
6,47,random_uniform_n8_uncoordinated,433581010,"policy_seed = SeedSequence([planning_seed, dataset_id, hash('c6-random-policy')]); per-UAV stream = SeedSequence([policy_seed, uav_id]) -> default_rng(derived_seed); one stream per persistent UAV identity; streams are never shared or consumed sequentially across UAVs",0.01166998998276205,7954.426737637531,0.011719958531930556,415,152226,0.9972737902854966,366.80963855421686,1595,8000,200000.0,645.3516713296995,0.0,8000,341,0.042375,0,0,0,0,budget_exhausted,8000,8001,8000,8001,200000.0,"[[615344.1450141467,5466549.216512108],[615317.1761094015,5466642.905413487],[615404.0256752005,5466624.204892548],[615377.0509389461,5466724.057273706],[615306.4223859998,5466632.422457633]]",6069ba6c504dc099683bda0ad8071d3118351515ee682d0db0c79422570e4068,758244528fa541bd75d10ec440975de270595ab5daa69e47fa4755812c5606d0,"{""0"":3546794452,""1"":3902465659,""2"":3013699081,""3"":3406051812,""4"":1205781428}","{""0"":3546794452,""1"":3902465659,""2"":3013699081,""3"":3406051812,""4"":1205781428}","[0,1,2,3,4]",not_applicable,not_applicable,not_applicable,not_applicable,evidence,10000.0,0.8,none,none,none,none,none,stationary,matched_prior_exact,1,0,d79ca1d1b9f548954ba3d75a09fef706b7b8c51ff8f154d037a4a7eedb56ad42,flat,temperate,6:47,c5-generalization_20260827_181139_043334_662411fc,revision_C_base@7c27a44,7c27a44,45e2af3666873b8389a0bd7936fd9b6029d41fa8169fa964adb24a85ca76dec6,c6-random_20260831_182014_803486_5cf558a2,5cf558a20d4e6c9ac5845bd72e390abc3dcd6217c904aa099c208da79cfb245f,revision_B_base,revision_B_base,0.8,5,200000.0,xlarge,45.0,80.0,5.0,0.5,1.0,"{""p_d"":0.8,""stage"":""c6-random"",""tau"":10000.0,""w"":0.5}",b7a677794b82ff1680841467faa35377b7d82f925e1dd78d94f0523c73551860
6,48,random_uniform_n8_uncoordinated,1537717153,"policy_seed = SeedSequence([planning_seed, dataset_id, hash('c6-random-policy')]); per-UAV stream = SeedSequence([policy_seed, uav_id]) -> default_rng(derived_seed); one stream per persistent UAV identity; streams are never shared or consumed sequentially across UAVs",0.01192989704647415,7950.069828938312,0.011978254926041994,422,152380,0.9972306076912981,361.09004739336496,2100,8000,200000.0,629.3300841609016,0.0,8000,170,0.021125,0,0,0,0,budget_exhausted,8000,8001,8000,8001,200000.0,"[[615289.8589164005,5466685.970255334],[615265.5917150353,5466628.698326231],[615295.1929093595,5466559.907113866],[615287.2260539841,5466597.041883711],[615354.8573661029,5466590.457302821]]",0c5ebd0726da0e28847294133027a59d77d46fefc0ba8c7ad9525095d8a96825,8c25d6a8252852a682d45e66a870d4092cdfe8f556c96790c6372bec72d3d280,"{""0"":2288735504,""1"":3767397931,""2"":3077985241,""3"":4141896567,""4"":3653891605}","{""0"":2288735504,""1"":3767397931,""2"":3077985241,""3"":4141896567,""4"":3653891605}","[0,1,2,3,4]",not_applicable,not_applicable,not_applicable,not_applicable,evidence,10000.0,0.8,none,none,none,none,none,stationary,matched_prior_exact,1,0,d79ca1d1b9f548954ba3d75a09fef706b7b8c51ff8f154d037a4a7eedb56ad42,flat,temperate,6:48,c5-generalization_20260827_181139_043334_662411fc,revision_C_base@7c27a44,7c27a44,45e2af3666873b8389a0bd7936fd9b6029d41fa8169fa964adb24a85ca76dec6,c6-random_20260831_182014_803486_5cf558a2,5cf558a20d4e6c9ac5845bd72e390abc3dcd6217c904aa099c208da79cfb245f,revision_B_base,revision_B_base,0.8,5,200000.0,xlarge,45.0,80.0,5.0,0.5,1.0,"{""p_d"":0.8,""stage"":""c6-random"",""tau"":10000.0,""w"":0.5}",b7a677794b82ff1680841467faa35377b7d82f925e1dd78d94f0523c73551860
6,49,random_uniform_n8_uncoordinated,333052632,"policy_seed = SeedSequence([planning_seed, dataset_id, hash('c6-random-policy')]); per-UAV stream = SeedSequence([policy_seed, uav_id]) -> default_rng(derived_seed); one stream per persistent UAV identity; streams are never shared or consumed sequentially across UAVs",0.014947241986907665,7941.470031215888,0.014995154050156414,519,152080,0.9965873224618622,293.02504816955684,1794,8000,200000.0,665.4609259199351,0.0,8000,160,0.019875,0,0,0,0,budget_exhausted,8000,8001,8000,8001,200000.0,"[[615298.4637039237,5466694.370928006],[615287.1515302953,5466685.506395088],[615342.1126733782,5466626.241740963],[615365.0515309137,5466537.490987954],[615315.2555004169,5466633.9665035615]]",bd2fe3251942199c9fb0a19883f0e4a31bbd2de8f045df6a2fafccc8ea790d4f,c626d640b505f605a424356a6e38768b8e826b446389c8ccf422d29632b7f7a1,"{""0"":1744290345,""1"":230092655,""2"":2748684712,""3"":1845093017,""4"":2701760640}","{""0"":1744290345,""1"":230092655,""2"":2748684712,""3"":1845093017,""4"":2701760640}","[0,1,2,3,4]",not_applicable,not_applicable,not_applicable,not_applicable,evidence,10000.0,0.8,none,none,none,none,none,stationary,matched_prior_exact,1,0,d79ca1d1b9f548954ba3d75a09fef706b7b8c51ff8f154d037a4a7eedb56ad42,flat,temperate,6:49,c5-generalization_20260827_181139_043334_662411fc,revision_C_base@7c27a44,7c27a44,45e2af3666873b8389a0bd7936fd9b6029d41fa8169fa964adb24a85ca76dec6,c6-random_20260831_182014_803486_5cf558a2,5cf558a20d4e6c9ac5845bd72e390abc3dcd6217c904aa099c208da79cfb245f,revision_B_base,revision_B_base,0.8,5,200000.0,xlarge,45.0,80.0,5.0,0.5,1.0,"{""p_d"":0.8,""stage"":""c6-random"",""tau"":10000.0,""w"":0.5}",b7a677794b82ff1680841467faa35377b7d82f925e1dd78d94f0523c73551860
6,50,random_uniform_n8_uncoordinated,523059611,"policy_seed = SeedSequence([planning_seed, dataset_id, hash('c6-random-policy')]); per-UAV stream = SeedSequence([policy_seed, uav_id]) -> default_rng(derived_seed); one stream per persistent UAV identity; streams are never shared or consumed sequentially across UAVs",0.011904240084170719,7948.082972960129,0.01196673433032202,422,152469,0.9972322242554225,361.3009478672986,1891,8000,200000.0,669.7915726238862,0.0,8000,260,0.032125,0,0,0,0,budget_exhausted,8000,8001,8000,8001,200000.0,"[[615369.8865119275,5466547.122410028],[615254.3869186047,5466606.664859565],[615355.2610845749,5466716.071943262],[615417.0166939574,5466665.528918338],[615306.4478539919,5466665.607337518]]",53e8cf0d809f72f1d5e1250df324464f606775b46f1e1ed50186dea0e66da9fb,0875c0fb6de96a0ed59870ea2a7549c8d120516d3ee2c9393b058128ab978bc6,"{""0"":2219482427,""1"":350854620,""2"":1052196137,""3"":539872831,""4"":4187168961}","{""0"":2219482427,""1"":350854620,""2"":1052196137,""3"":539872831,""4"":4187168961}","[0,1,2,3,4]",not_applicable,not_applicable,not_applicable,not_applicable,evidence,10000.0,0.8,none,none,none,none,none,stationary,matched_prior_exact,1,0,d79ca1d1b9f548954ba3d75a09fef706b7b8c51ff8f154d037a4a7eedb56ad42,flat,temperate,6:50,c5-generalization_20260827_181139_043334_662411fc,revision_C_base@7c27a44,7c27a44,45e2af3666873b8389a0bd7936fd9b6029d41fa8169fa964adb24a85ca76dec6,c6-random_20260831_182014_803486_5cf558a2,5cf558a20d4e6c9ac5845bd72e390abc3dcd6217c904aa099c208da79cfb245f,revision_B_base,revision_B_base,0.8,5,200000.0,xlarge,45.0,80.0,5.0,0.5,1.0,"{""p_d"":0.8,""stage"":""c6-random"",""tau"":10000.0,""w"":0.5}",b7a677794b82ff1680841467faa35377b7d82f925e1dd78d94f0523c73551860
6,51,random_uniform_n8_uncoordinated,3888806291,"policy_seed = SeedSequence([planning_seed, dataset_id, hash('c6-random-policy')]); per-UAV stream = SeedSequence([policy_seed, uav_id]) -> default_rng(derived_seed); one stream per persistent UAV identity; streams are never shared or consumed sequentially across UAVs",0.01855187364461531,7924.385549967936,0.018623681215513204,637,152244,0.9958159270644492,239.0015698587127,1368,8000,200000.0,653.8399906940758,0.0,8000,162,0.02025,0,0,0,0,budget_exhausted,8000,8001,8000,8001,200000.0,"[[615400.4499230727,5466616.306717642],[615347.160423731,5466683.075516787],[615359.113231204,5466590.562814815],[615377.9765409298,5466555.513545672],[615286.7857510466,5466669.013879783]]",b8ac6e56ffbb7f6f6d9b3e28a5e3ad271ca635c021faf58db48ad9ffc3929906,0a3423791f5d9979df19b9e4e0573d6875c5c4e701ccf0de577857819ff64a20,"{""0"":2677566061,""1"":538336402,""2"":3770496831,""3"":3927944144,""4"":390782796}","{""0"":2677566061,""1"":538336402,""2"":3770496831,""3"":3927944144,""4"":390782796}","[0,1,2,3,4]",not_applicable,not_applicable,not_applicable,not_applicable,evidence,10000.0,0.8,none,none,none,none,none,stationary,matched_prior_exact,1,0,d79ca1d1b9f548954ba3d75a09fef706b7b8c51ff8f154d037a4a7eedb56ad42,flat,temperate,6:51,c5-generalization_20260827_181139_043334_662411fc,revision_C_base@7c27a44,7c27a44,45e2af3666873b8389a0bd7936fd9b6029d41fa8169fa964adb24a85ca76dec6,c6-random_20260831_182014_803486_5cf558a2,5cf558a20d4e6c9ac5845bd72e390abc3dcd6217c904aa099c208da79cfb245f,revision_B_base,revision_B_base,0.8,5,200000.0,xlarge,45.0,80.0,5.0,0.5,1.0,"{""p_d"":0.8,""stage"":""c6-random"",""tau"":10000.0,""w"":0.5}",b7a677794b82ff1680841467faa35377b7d82f925e1dd78d94f0523c73551860
7,42,random_uniform_n8_uncoordinated,3817603337,"policy_seed = SeedSequence([planning_seed, dataset_id, hash('c6-random-policy')]); per-UAV stream = SeedSequence([policy_seed, uav_id]) -> default_rng(derived_seed); one stream per persistent UAV identity; streams are never shared or consumed sequentially across UAVs",0.015262226786619454,7940.602923235343,0.01533903871346361,547,152568,0.9964147134392534,278.91773308957954,1638,8000,200000.0,630.3706344719976,0.0,8000,215,0.02625,0,0,0,0,budget_exhausted,8000,8001,8000,8001,200000.0,"[[686523.8362532025,5838927.075221443],[686566.5636703096,5838927.763184127],[686595.8818124438,5839047.670062982],[686520.1027265164,5838904.130887055],[686560.4193126771,5839040.947809029]]",006da335f256203469592a62a852eccffab880f7309f6633631136cbb4337c3b,7c2d5e7048ce2557c66fb5c58e6f971c15f5b1be3609755d253edd031f713b46,"{""0"":2944261646,""1"":681506613,""2"":567448972,""3"":4067674151,""4"":1144497313}","{""0"":2944261646,""1"":681506613,""2"":567448972,""3"":4067674151,""4"":1144497313}","[0,1,2,3,4]",not_applicable,not_applicable,not_applicable,not_applicable,evidence,10000.0,0.8,none,none,none,none,none,stationary,matched_prior_exact,1,0,c627cd0d44a61c758a6d3f516177decd31f87af3e0be339b444313d4b2065444,flat,temperate,7:42,c5-generalization_20260827_181139_043334_662411fc,revision_C_base@7c27a44,7c27a44,45e2af3666873b8389a0bd7936fd9b6029d41fa8169fa964adb24a85ca76dec6,c6-random_20260831_182014_803486_5cf558a2,5cf558a20d4e6c9ac5845bd72e390abc3dcd6217c904aa099c208da79cfb245f,revision_B_base,revision_B_base,0.8,5,200000.0,xlarge,45.0,80.0,5.0,0.5,1.0,"{""p_d"":0.8,""stage"":""c6-random"",""tau"":10000.0,""w"":0.5}",b7a677794b82ff1680841467faa35377b7d82f925e1dd78d94f0523c73551860
7,43,random_uniform_n8_uncoordinated,2303708429,"policy_seed = SeedSequence([planning_seed, dataset_id, hash('c6-random-policy')]); per-UAV stream = SeedSequence([policy_seed, uav_id]) -> default_rng(derived_seed); one stream per persistent UAV identity; streams are never shared or consumed sequentially across UAVs",0.014145302498034373,7944.57662035457,0.014224865638452518,571,152439,0.9962542394006783,266.96847635726795,1481,8000,200000.0,628.6966386279091,0.0,8000,229,0.02775,0,0,0,0,budget_exhausted,8000,8001,8000,8001,200000.0,"[[686501.850052101,5838975.471476613],[686604.7862606267,5839004.072561169],[686473.4289899769,5838967.896738424],[686514.4804707655,5838941.2263576565],[686455.0549351819,5839024.936270974]]",70146d654c8d3e205eae3a8c1c32c196b80ae26034bb8660a9cf58293ef56344,619a7a30ba4e1013e49ab94a0aecfda44223d0faee4822e105c075a3301d4da7,"{""0"":2236766689,""1"":2097538271,""2"":123766508,""3"":4215377694,""4"":2969660475}","{""0"":2236766689,""1"":2097538271,""2"":123766508,""3"":4215377694,""4"":2969660475}","[0,1,2,3,4]",not_applicable,not_applicable,not_applicable,not_applicable,evidence,10000.0,0.8,none,none,none,none,none,stationary,matched_prior_exact,1,0,c627cd0d44a61c758a6d3f516177decd31f87af3e0be339b444313d4b2065444,flat,temperate,7:43,c5-generalization_20260827_181139_043334_662411fc,revision_C_base@7c27a44,7c27a44,45e2af3666873b8389a0bd7936fd9b6029d41fa8169fa964adb24a85ca76dec6,c6-random_20260831_182014_803486_5cf558a2,5cf558a20d4e6c9ac5845bd72e390abc3dcd6217c904aa099c208da79cfb245f,revision_B_base,revision_B_base,0.8,5,200000.0,xlarge,45.0,80.0,5.0,0.5,1.0,"{""p_d"":0.8,""stage"":""c6-random"",""tau"":10000.0,""w"":0.5}",b7a677794b82ff1680841467faa35377b7d82f925e1dd78d94f0523c73551860
7,46,random_uniform_n8_uncoordinated,2841565777,"policy_seed = SeedSequence([planning_seed, dataset_id, hash('c6-random-policy')]); per-UAV stream = SeedSequence([policy_seed, uav_id]) -> default_rng(derived_seed); one stream per persistent UAV identity; streams are never shared or consumed sequentially across UAVs",0.019148060343529668,7928.475410652802,0.01920027424514956,675,152515,0.9955742058158213,225.94814814814814,1429,8000,200000.0,604.8169108037837,0.0,8000,155,0.019375,0,0,0,0,budget_exhausted,8000,8001,8000,8001,200000.0,"[[686536.9456797002,5838977.041315573],[686502.756875702,5839070.639980433],[686540.579588807,5838980.8358691055],[686453.306528826,5838928.668821625],[686427.6094122763,5838986.358756295]]",72b2a4b6cfa190859e858989a9c94ff8592eebd82cfee1e5bcbe8e4fddf368a3,be67d71da1dec53ef34b35f955dea7c8860f7ef543455b91e5fa740de47793d2,"{""0"":940749428,""1"":3898005412,""2"":470707115,""3"":1122630534,""4"":3586757773}","{""0"":940749428,""1"":3898005412,""2"":470707115,""3"":1122630534,""4"":3586757773}","[0,1,2,3,4]",not_applicable,not_applicable,not_applicable,not_applicable,evidence,10000.0,0.8,none,none,none,none,none,stationary,matched_prior_exact,1,0,c627cd0d44a61c758a6d3f516177decd31f87af3e0be339b444313d4b2065444,flat,temperate,7:46,c5-generalization_20260827_181139_043334_662411fc,revision_C_base@7c27a44,7c27a44,45e2af3666873b8389a0bd7936fd9b6029d41fa8169fa964adb24a85ca76dec6,c6-random_20260831_182014_803486_5cf558a2,5cf558a20d4e6c9ac5845bd72e390abc3dcd6217c904aa099c208da79cfb245f,revision_B_base,revision_B_base,0.8,5,200000.0,xlarge,45.0,80.0,5.0,0.5,1.0,"{""p_d"":0.8,""stage"":""c6-random"",""tau"":10000.0,""w"":0.5}",b7a677794b82ff1680841467faa35377b7d82f925e1dd78d94f0523c73551860
7,45,random_uniform_n8_uncoordinated,3362899850,"policy_seed = SeedSequence([planning_seed, dataset_id, hash('c6-random-policy')]); per-UAV stream = SeedSequence([policy_seed, uav_id]) -> default_rng(derived_seed); one stream per persistent UAV identity; streams are never shared or consumed sequentially across UAVs",0.0175253018200313,7932.949841337171,0.017588722731031778,646,152545,0.9957651840440526,236.1377708978328,1425,8000,200000.0,630.3625271227211,0.0,8000,130,0.016125,0,0,0,0,budget_exhausted,8000,8001,8000,8001,200000.0,"[[686448.745187684,5838960.333198625],[686521.6198310931,5838902.811238282],[686425.8042562932,5838986.904224213],[686535.9356191684,5838918.668191239],[686445.1201749505,5839037.091437179]]",b98c42be92a0d05dad7817d60024cbaa2a663d58f33ed7d93a3770ce5fd54421,e7ee2b9cf7421ccba014fd4542acadadf23bdf4061e4bfac8dd3cf72f6fd84ff,"{""0"":865460984,""1"":2492077653,""2"":1598788024,""3"":827195143,""4"":1150781217}","{""0"":865460984,""1"":2492077653,""2"":1598788024,""3"":827195143,""4"":1150781217}","[0,1,2,3,4]",not_applicable,not_applicable,not_applicable,not_applicable,evidence,10000.0,0.8,none,none,none,none,none,stationary,matched_prior_exact,1,0,c627cd0d44a61c758a6d3f516177decd31f87af3e0be339b444313d4b2065444,flat,temperate,7:45,c5-generalization_20260827_181139_043334_662411fc,revision_C_base@7c27a44,7c27a44,45e2af3666873b8389a0bd7936fd9b6029d41fa8169fa964adb24a85ca76dec6,c6-random_20260831_182014_803486_5cf558a2,5cf558a20d4e6c9ac5845bd72e390abc3dcd6217c904aa099c208da79cfb245f,revision_B_base,revision_B_base,0.8,5,200000.0,xlarge,45.0,80.0,5.0,0.5,1.0,"{""p_d"":0.8,""stage"":""c6-random"",""tau"":10000.0,""w"":0.5}",b7a677794b82ff1680841467faa35377b7d82f925e1dd78d94f0523c73551860
7,44,random_uniform_n8_uncoordinated,1027815021,"policy_seed = SeedSequence([planning_seed, dataset_id, hash('c6-random-policy')]); per-UAV stream = SeedSequence([policy_seed, uav_id]) -> default_rng(derived_seed); one stream per persistent UAV identity; streams are never shared or consumed sequentially across UAVs",0.01675767570339763,7929.807203700126,0.016805123393192938,619,152661,0.995945264343873,246.62520193861067,1299,8000,200000.0,652.7083932459354,0.0,8000,93,0.0115,0,0,0,0,budget_exhausted,8000,8001,8000,8001,200000.0,"[[686550.3719393034,5839027.944815845],[686432.2114798157,5839047.514619678],[686562.3711137616,5839071.464514369],[686544.1074016276,5839042.245650976],[686479.4570754749,5838922.012930993]]",11105a2cc12ea269694f1fa8b45ff83d4588344c41b1c28dbb5cea328ef765c7,f729c94ba0160952bb58b4e54e4fa9bd73ac07c0e2677713aeb50ec136483c54,"{""0"":1995584217,""1"":221002530,""2"":659190656,""3"":1502345323,""4"":3170971389}","{""0"":1995584217,""1"":221002530,""2"":659190656,""3"":1502345323,""4"":3170971389}","[0,1,2,3,4]",not_applicable,not_applicable,not_applicable,not_applicable,evidence,10000.0,0.8,none,none,none,none,none,stationary,matched_prior_exact,1,0,c627cd0d44a61c758a6d3f516177decd31f87af3e0be339b444313d4b2065444,flat,temperate,7:44,c5-generalization_20260827_181139_043334_662411fc,revision_C_base@7c27a44,7c27a44,45e2af3666873b8389a0bd7936fd9b6029d41fa8169fa964adb24a85ca76dec6,c6-random_20260831_182014_803486_5cf558a2,5cf558a20d4e6c9ac5845bd72e390abc3dcd6217c904aa099c208da79cfb245f,revision_B_base,revision_B_base,0.8,5,200000.0,xlarge,45.0,80.0,5.0,0.5,1.0,"{""p_d"":0.8,""stage"":""c6-random"",""tau"":10000.0,""w"":0.5}",b7a677794b82ff1680841467faa35377b7d82f925e1dd78d94f0523c73551860
7,47,random_uniform_n8_uncoordinated,840690635,"policy_seed = SeedSequence([planning_seed, dataset_id, hash('c6-random-policy')]); per-UAV stream = SeedSequence([policy_seed, uav_id]) -> default_rng(derived_seed); one stream per persistent UAV identity; streams are never shared or consumed sequentially across UAVs",0.016844162006068128,7925.631127211445,0.016875457847678285,620,152505,0.9959345595226387,245.9758064516129,1416,8000,200000.0,625.7583436318673,0.0,8000,110,0.01375,0,0,0,0,budget_exhausted,8000,8001,8000,8001,200000.0,"[[686509.4324293887,5838905.875112795],[686482.4635246436,5838999.564014174],[686569.3130904426,5838980.863493235],[686542.3383541881,5839080.7158743935],[686471.7098012419,5838989.08105832]]",b7d406c52d39becdb0bc74a2cb1a4d4b67e866429a333098a2a57fcb23220f96,9e7f3b697d1b68c3f7adf9bd0c0887e2c0dab9d807530e4553634abc09f5605f,"{""0"":1014034367,""1"":1897422900,""2"":3197260334,""3"":2547302237,""4"":2023463299}","{""0"":1014034367,""1"":1897422900,""2"":3197260334,""3"":2547302237,""4"":2023463299}","[0,1,2,3,4]",not_applicable,not_applicable,not_applicable,not_applicable,evidence,10000.0,0.8,none,none,none,none,none,stationary,matched_prior_exact,1,0,c627cd0d44a61c758a6d3f516177decd31f87af3e0be339b444313d4b2065444,flat,temperate,7:47,c5-generalization_20260827_181139_043334_662411fc,revision_C_base@7c27a44,7c27a44,45e2af3666873b8389a0bd7936fd9b6029d41fa8169fa964adb24a85ca76dec6,c6-random_20260831_182014_803486_5cf558a2,5cf558a20d4e6c9ac5845bd72e390abc3dcd6217c904aa099c208da79cfb245f,revision_B_base,revision_B_base,0.8,5,200000.0,xlarge,45.0,80.0,5.0,0.5,1.0,"{""p_d"":0.8,""stage"":""c6-random"",""tau"":10000.0,""w"":0.5}",b7a677794b82ff1680841467faa35377b7d82f925e1dd78d94f0523c73551860
7,48,random_uniform_n8_uncoordinated,2488561831,"policy_seed = SeedSequence([planning_seed, dataset_id, hash('c6-random-policy')]); per-UAV stream = SeedSequence([policy_seed, uav_id]) -> default_rng(derived_seed); one stream per persistent UAV identity; streams are never shared or consumed sequentially across UAVs",0.011041467274849004,7948.074763967552,0.01106488834693129,442,152496,0.9971015633196937,345.0135746606335,1460,8000,200000.0,630.1056644860655,0.0,8000,155,0.01925,0,0,0,0,budget_exhausted,8000,8001,8000,8001,200000.0,"[[686455.1463316425,5839042.628856021],[686430.8791302773,5838985.356926918],[686460.4803246015,5838916.565714553],[686452.5134692262,5838953.700484398],[686520.1447813449,5838947.115903508]]",b85f9723792ce7b18415898fc551ccbb69b3a52f396789496392181de2ff1369,39bc1ef0beef91900ebf428526df8074cc11e9c6d4e4d8bcf9736222710274ea,"{""0"":3762379410,""1"":1191212232,""2"":957613722,""3"":3832675491,""4"":1893642809}","{""0"":3762379410,""1"":1191212232,""2"":957613722,""3"":3832675491,""4"":1893642809}","[0,1,2,3,4]",not_applicable,not_applicable,not_applicable,not_applicable,evidence,10000.0,0.8,none,none,none,none,none,stationary,matched_prior_exact,1,0,c627cd0d44a61c758a6d3f516177decd31f87af3e0be339b444313d4b2065444,flat,temperate,7:48,c5-generalization_20260827_181139_043334_662411fc,revision_C_base@7c27a44,7c27a44,45e2af3666873b8389a0bd7936fd9b6029d41fa8169fa964adb24a85ca76dec6,c6-random_20260831_182014_803486_5cf558a2,5cf558a20d4e6c9ac5845bd72e390abc3dcd6217c904aa099c208da79cfb245f,revision_B_base,revision_B_base,0.8,5,200000.0,xlarge,45.0,80.0,5.0,0.5,1.0,"{""p_d"":0.8,""stage"":""c6-random"",""tau"":10000.0,""w"":0.5}",b7a677794b82ff1680841467faa35377b7d82f925e1dd78d94f0523c73551860
7,49,random_uniform_n8_uncoordinated,504759233,"policy_seed = SeedSequence([planning_seed, dataset_id, hash('c6-random-policy')]); per-UAV stream = SeedSequence([policy_seed, uav_id]) -> default_rng(derived_seed); one stream per persistent UAV identity; streams are never shared or consumed sequentially across UAVs",0.011448931482956136,7938.177914374599,0.011487987108350082,420,152670,0.9972489683631361,363.5,1813,8000,200000.0,647.1919453390874,0.0,8000,249,0.030875,0,0,0,0,budget_exhausted,8000,8001,8000,8001,200000.0,"[[686463.7511191658,5839051.029528693],[686452.4389455373,5839042.164995775],[686507.4000886203,5838982.9003416505],[686530.3389461557,5838894.149588641],[686480.5429156589,5838990.6251042485]]",7137273470d24672442ea78e63e70285e5d060f4e2f115c218a2de9cd51b6c0a,7bc95cfc7af687fa61d9f2ce585a7f758e3b25bd0aff9c205497b0d392c787d6,"{""0"":1145169302,""1"":3068491394,""2"":2604332067,""3"":4181633999,""4"":1963289866}","{""0"":1145169302,""1"":3068491394,""2"":2604332067,""3"":4181633999,""4"":1963289866}","[0,1,2,3,4]",not_applicable,not_applicable,not_applicable,not_applicable,evidence,10000.0,0.8,none,none,none,none,none,stationary,matched_prior_exact,1,0,c627cd0d44a61c758a6d3f516177decd31f87af3e0be339b444313d4b2065444,flat,temperate,7:49,c5-generalization_20260827_181139_043334_662411fc,revision_C_base@7c27a44,7c27a44,45e2af3666873b8389a0bd7936fd9b6029d41fa8169fa964adb24a85ca76dec6,c6-random_20260831_182014_803486_5cf558a2,5cf558a20d4e6c9ac5845bd72e390abc3dcd6217c904aa099c208da79cfb245f,revision_B_base,revision_B_base,0.8,5,200000.0,xlarge,45.0,80.0,5.0,0.5,1.0,"{""p_d"":0.8,""stage"":""c6-random"",""tau"":10000.0,""w"":0.5}",b7a677794b82ff1680841467faa35377b7d82f925e1dd78d94f0523c73551860
7,50,random_uniform_n8_uncoordinated,3047770517,"policy_seed = SeedSequence([planning_seed, dataset_id, hash('c6-random-policy')]); per-UAV stream = SeedSequence([policy_seed, uav_id]) -> default_rng(derived_seed); one stream per persistent UAV identity; streams are never shared or consumed sequentially across UAVs",0.010160971360800903,7955.579217778579,0.010193163912633111,407,152713,0.9973348699848736,375.2162162162162,2027,8000,200000.0,640.2204667902552,0.0,8000,211,0.02625,0,0,0,0,budget_exhausted,8000,8001,8000,8001,200000.0,"[[686535.1739271695,5838903.781010715],[686419.6743338468,5838963.323460252],[686520.5484998169,5839072.730543949],[686582.3041091994,5839022.187519025],[686471.7352692339,5839022.265938205]]",fdf9951f218e61b913618a579bd13a77417b8831a28d26d86ea79bbbe03fffcf,fcfa8bb1d3a9c00f14e28b44b48adefb82d1821405f67ebe022dc7a515fa1ca0,"{""0"":3723928354,""1"":1993882284,""2"":598026954,""3"":1117724785,""4"":3107206298}","{""0"":3723928354,""1"":1993882284,""2"":598026954,""3"":1117724785,""4"":3107206298}","[0,1,2,3,4]",not_applicable,not_applicable,not_applicable,not_applicable,evidence,10000.0,0.8,none,none,none,none,none,stationary,matched_prior_exact,1,0,c627cd0d44a61c758a6d3f516177decd31f87af3e0be339b444313d4b2065444,flat,temperate,7:50,c5-generalization_20260827_181139_043334_662411fc,revision_C_base@7c27a44,7c27a44,45e2af3666873b8389a0bd7936fd9b6029d41fa8169fa964adb24a85ca76dec6,c6-random_20260831_182014_803486_5cf558a2,5cf558a20d4e6c9ac5845bd72e390abc3dcd6217c904aa099c208da79cfb245f,revision_B_base,revision_B_base,0.8,5,200000.0,xlarge,45.0,80.0,5.0,0.5,1.0,"{""p_d"":0.8,""stage"":""c6-random"",""tau"":10000.0,""w"":0.5}",b7a677794b82ff1680841467faa35377b7d82f925e1dd78d94f0523c73551860
7,51,random_uniform_n8_uncoordinated,2576672043,"policy_seed = SeedSequence([planning_seed, dataset_id, hash('c6-random-policy')]); per-UAV stream = SeedSequence([policy_seed, uav_id]) -> default_rng(derived_seed); one stream per persistent UAV identity; streams are never shared or consumed sequentially across UAVs",0.01110111582674092,7952.493907542581,0.011154135197056058,445,152484,0.9970816610267307,342.6606741573034,1950,8000,200000.0,641.1027928460389,0.0,8000,163,0.020375,0,0,0,0,budget_exhausted,8000,8001,8000,8001,200000.0,"[[686565.7373383148,5838972.965318329],[686512.447838973,5839039.734117474],[686524.400646446,5838947.221415502],[686543.2639561718,5838912.172146359],[686452.0731662887,5839025.6724804705]]",a8f19df2d616560c37b26732016a8ecb989b028f1788c364e916ef8c4d117ae0,f1b8873d87a847d7171f14ebb8346ec2040df9fe29fd1fc57a2c3aeaddd1887d,"{""0"":1907969093,""1"":3685827121,""2"":2933253282,""3"":3642673930,""4"":2745564816}","{""0"":1907969093,""1"":3685827121,""2"":2933253282,""3"":3642673930,""4"":2745564816}","[0,1,2,3,4]",not_applicable,not_applicable,not_applicable,not_applicable,evidence,10000.0,0.8,none,none,none,none,none,stationary,matched_prior_exact,1,0,c627cd0d44a61c758a6d3f516177decd31f87af3e0be339b444313d4b2065444,flat,temperate,7:51,c5-generalization_20260827_181139_043334_662411fc,revision_C_base@7c27a44,7c27a44,45e2af3666873b8389a0bd7936fd9b6029d41fa8169fa964adb24a85ca76dec6,c6-random_20260831_182014_803486_5cf558a2,5cf558a20d4e6c9ac5845bd72e390abc3dcd6217c904aa099c208da79cfb245f,revision_B_base,revision_B_base,0.8,5,200000.0,xlarge,45.0,80.0,5.0,0.5,1.0,"{""p_d"":0.8,""stage"":""c6-random"",""tau"":10000.0,""w"":0.5}",b7a677794b82ff1680841467faa35377b7d82f925e1dd78d94f0523c73551860
8,42,random_uniform_n8_uncoordinated,1487585292,"policy_seed = SeedSequence([planning_seed, dataset_id, hash('c6-random-policy')]); per-UAV stream = SeedSequence([policy_seed, uav_id]) -> default_rng(derived_seed); one stream per persistent UAV identity; streams are never shared or consumed sequentially across UAVs",0.009295091235474187,7970.4517421245455,0.00933304289764459,501,152539,0.9967155940448017,304.4690618762475,2031,8000,200000.0,586.83279532101,0.0,8000,392,0.047875,0,0,0,0,budget_exhausted,8000,8001,8000,8001,200000.0,"[[625595.0988750979,5854828.644456698],[625637.826292205,5854829.332419382],[625667.1444343393,5854949.239298237],[625591.3653484118,5854805.70012231],[625631.6819345725,5854942.517044284]]",32b2471b3d12212837087f0a422add5ae2f1e62927eb0f87dea0b211a06ace91,5dfb602365d7b9080f11a3a5211fd8c94bf275fab250f6d8d135c4a1b1593d9c,"{""0"":2565372419,""1"":1396133136,""2"":1652789960,""3"":525169207,""4"":102231334}","{""0"":2565372419,""1"":1396133136,""2"":1652789960,""3"":525169207,""4"":102231334}","[0,1,2,3,4]",not_applicable,not_applicable,not_applicable,not_applicable,evidence,10000.0,0.8,none,none,none,none,none,stationary,matched_prior_exact,1,0,8db9942833de64dc9077454599f7419ea9d056b2c39613fec931c4c56d6063e4,flat,temperate,8:42,c5-generalization_20260827_181139_043334_662411fc,revision_C_base@7c27a44,7c27a44,45e2af3666873b8389a0bd7936fd9b6029d41fa8169fa964adb24a85ca76dec6,c6-random_20260831_182014_803486_5cf558a2,5cf558a20d4e6c9ac5845bd72e390abc3dcd6217c904aa099c208da79cfb245f,revision_B_base,revision_B_base,0.8,5,200000.0,xlarge,45.0,80.0,5.0,0.5,1.0,"{""p_d"":0.8,""stage"":""c6-random"",""tau"":10000.0,""w"":0.5}",b7a677794b82ff1680841467faa35377b7d82f925e1dd78d94f0523c73551860
8,43,random_uniform_n8_uncoordinated,3375173815,"policy_seed = SeedSequence([planning_seed, dataset_id, hash('c6-random-policy')]); per-UAV stream = SeedSequence([policy_seed, uav_id]) -> default_rng(derived_seed); one stream per persistent UAV identity; streams are never shared or consumed sequentially across UAVs",0.009611648705260205,7960.060164584702,0.009623037848287443,461,152444,0.9969759387053606,330.68112798264644,2047,8000,200000.0,593.1270620422438,0.0,8000,360,0.044,0,0,0,0,budget_exhausted,8000,8001,8000,8001,200000.0,"[[625573.1126739964,5854877.040711868],[625676.0488825222,5854905.641796424],[625544.6916118723,5854869.465973679],[625585.7430926609,5854842.795592912],[625526.3175570773,5854926.505506229]]",c99ca94f24e1b26a7d442de52a2afe0f64b92812fe32e0c1bd920b2f3dc22673,0b3c8694e1c597c51a1ca987074d9ae0fa5daa8292fc2355252f8dcab0cb3f11,"{""0"":1265677540,""1"":2378063249,""2"":429121726,""3"":1154378005,""4"":4065564912}","{""0"":1265677540,""1"":2378063249,""2"":429121726,""3"":1154378005,""4"":4065564912}","[0,1,2,3,4]",not_applicable,not_applicable,not_applicable,not_applicable,evidence,10000.0,0.8,none,none,none,none,none,stationary,matched_prior_exact,1,0,8db9942833de64dc9077454599f7419ea9d056b2c39613fec931c4c56d6063e4,flat,temperate,8:43,c5-generalization_20260827_181139_043334_662411fc,revision_C_base@7c27a44,7c27a44,45e2af3666873b8389a0bd7936fd9b6029d41fa8169fa964adb24a85ca76dec6,c6-random_20260831_182014_803486_5cf558a2,5cf558a20d4e6c9ac5845bd72e390abc3dcd6217c904aa099c208da79cfb245f,revision_B_base,revision_B_base,0.8,5,200000.0,xlarge,45.0,80.0,5.0,0.5,1.0,"{""p_d"":0.8,""stage"":""c6-random"",""tau"":10000.0,""w"":0.5}",b7a677794b82ff1680841467faa35377b7d82f925e1dd78d94f0523c73551860
8,44,random_uniform_n8_uncoordinated,1172879633,"policy_seed = SeedSequence([planning_seed, dataset_id, hash('c6-random-policy')]); per-UAV stream = SeedSequence([policy_seed, uav_id]) -> default_rng(derived_seed); one stream per persistent UAV identity; streams are never shared or consumed sequentially across UAVs",0.006987622394430895,7965.382068285131,0.0070168091175762575,430,152575,0.9971817139111913,354.8255813953488,1532,8000,200000.0,649.8043366172351,0.0,8000,225,0.028125,0,0,0,0,budget_exhausted,8000,8001,8000,8001,200000.0,"[[625621.6345611988,5854929.5140511],[625503.4741017111,5854949.083854933],[625633.633735657,5854973.033749624],[625615.370023523,5854943.814886231],[625550.7196973703,5854823.582166248]]",bf7607d2a46399450a0d8b28872bd4c19dccec9466d594d05291e33f5dcba1a3,5e2bc4ad7e5b72e815d7f052ee10c5d8d95c45a99643730fb32c17f35ecc0972,"{""0"":3689389007,""1"":171291790,""2"":3119527272,""3"":2152631493,""4"":3453532043}","{""0"":3689389007,""1"":171291790,""2"":3119527272,""3"":2152631493,""4"":3453532043}","[0,1,2,3,4]",not_applicable,not_applicable,not_applicable,not_applicable,evidence,10000.0,0.8,none,none,none,none,none,stationary,matched_prior_exact,1,0,8db9942833de64dc9077454599f7419ea9d056b2c39613fec931c4c56d6063e4,flat,temperate,8:44,c5-generalization_20260827_181139_043334_662411fc,revision_C_base@7c27a44,7c27a44,45e2af3666873b8389a0bd7936fd9b6029d41fa8169fa964adb24a85ca76dec6,c6-random_20260831_182014_803486_5cf558a2,5cf558a20d4e6c9ac5845bd72e390abc3dcd6217c904aa099c208da79cfb245f,revision_B_base,revision_B_base,0.8,5,200000.0,xlarge,45.0,80.0,5.0,0.5,1.0,"{""p_d"":0.8,""stage"":""c6-random"",""tau"":10000.0,""w"":0.5}",b7a677794b82ff1680841467faa35377b7d82f925e1dd78d94f0523c73551860
8,46,random_uniform_n8_uncoordinated,1868070051,"policy_seed = SeedSequence([planning_seed, dataset_id, hash('c6-random-policy')]); per-UAV stream = SeedSequence([policy_seed, uav_id]) -> default_rng(derived_seed); one stream per persistent UAV identity; streams are never shared or consumed sequentially across UAVs",0.008655885683815291,7955.888421020629,0.008677918699600428,408,152438,0.9973235020139335,373.62254901960785,1695,8000,200000.0,652.7139532100409,0.0,8000,273,0.033875,0,0,0,0,budget_exhausted,8000,8001,8000,8001,200000.0,"[[625608.2083015956,5854878.610550828],[625574.0194975974,5854972.209215688],[625611.8422107024,5854882.405104361],[625524.5691507214,5854830.23805688],[625498.8720341717,5854887.92799155]]",47ea3bba2b374311d16d10262081da457e91f256359e5d49dd192c45e22de269,aa27dc81eebe9f07ca757707d799a733efeb6845f1aaf143428d122ab4edca50,"{""0"":669957369,""1"":3496246376,""2"":121114988,""3"":2557726383,""4"":6763057}","{""0"":669957369,""1"":3496246376,""2"":121114988,""3"":2557726383,""4"":6763057}","[0,1,2,3,4]",not_applicable,not_applicable,not_applicable,not_applicable,evidence,10000.0,0.8,none,none,none,none,none,stationary,matched_prior_exact,1,0,8db9942833de64dc9077454599f7419ea9d056b2c39613fec931c4c56d6063e4,flat,temperate,8:46,c5-generalization_20260827_181139_043334_662411fc,revision_C_base@7c27a44,7c27a44,45e2af3666873b8389a0bd7936fd9b6029d41fa8169fa964adb24a85ca76dec6,c6-random_20260831_182014_803486_5cf558a2,5cf558a20d4e6c9ac5845bd72e390abc3dcd6217c904aa099c208da79cfb245f,revision_B_base,revision_B_base,0.8,5,200000.0,xlarge,45.0,80.0,5.0,0.5,1.0,"{""p_d"":0.8,""stage"":""c6-random"",""tau"":10000.0,""w"":0.5}",b7a677794b82ff1680841467faa35377b7d82f925e1dd78d94f0523c73551860
8,45,random_uniform_n8_uncoordinated,3047960731,"policy_seed = SeedSequence([planning_seed, dataset_id, hash('c6-random-policy')]); per-UAV stream = SeedSequence([policy_seed, uav_id]) -> default_rng(derived_seed); one stream per persistent UAV identity; streams are never shared or consumed sequentially across UAVs",0.011011603660721203,7948.41692809507,0.011044271538965731,529,152341,0.9965275270610013,287.97920604914935,1441,8000,200000.0,665.986147145275,0.0,8000,164,0.020125,0,0,0,0,budget_exhausted,8000,8001,8000,8001,200000.0,"[[625520.0078095794,5854861.90243388],[625592.8824529885,5854804.380473537],[625497.0668781886,5854888.473459468],[625607.1982410639,5854820.237426494],[625516.3827968459,5854938.660672434]]",3817024ade47e07a7028ead4058f033bc30b91d440465fe8d5fe88b072985209,23da8882e38de9ff631face0632d8b5fe741e4923164219a5446c2ac06504087,"{""0"":1560104338,""1"":1670102866,""2"":3863737619,""3"":3017706716,""4"":3062257274}","{""0"":1560104338,""1"":1670102866,""2"":3863737619,""3"":3017706716,""4"":3062257274}","[0,1,2,3,4]",not_applicable,not_applicable,not_applicable,not_applicable,evidence,10000.0,0.8,none,none,none,none,none,stationary,matched_prior_exact,1,0,8db9942833de64dc9077454599f7419ea9d056b2c39613fec931c4c56d6063e4,flat,temperate,8:45,c5-generalization_20260827_181139_043334_662411fc,revision_C_base@7c27a44,7c27a44,45e2af3666873b8389a0bd7936fd9b6029d41fa8169fa964adb24a85ca76dec6,c6-random_20260831_182014_803486_5cf558a2,5cf558a20d4e6c9ac5845bd72e390abc3dcd6217c904aa099c208da79cfb245f,revision_B_base,revision_B_base,0.8,5,200000.0,xlarge,45.0,80.0,5.0,0.5,1.0,"{""p_d"":0.8,""stage"":""c6-random"",""tau"":10000.0,""w"":0.5}",b7a677794b82ff1680841467faa35377b7d82f925e1dd78d94f0523c73551860
8,47,random_uniform_n8_uncoordinated,976105366,"policy_seed = SeedSequence([planning_seed, dataset_id, hash('c6-random-policy')]); per-UAV stream = SeedSequence([policy_seed, uav_id]) -> default_rng(derived_seed); one stream per persistent UAV identity; streams are never shared or consumed sequentially across UAVs",0.008114863143935037,7955.979308085882,0.008128392610391333,429,152453,0.997186017985871,355.3682983682984,1371,8000,200000.0,670.6341348318383,0.0,8000,150,0.0185,0,0,0,0,budget_exhausted,8000,8001,8000,8001,200000.0,"[[625580.6950512842,5854807.44434805],[625553.726146539,5854901.133249429],[625640.575712338,5854882.43272849],[625613.6009760835,5854982.2851096485],[625542.9724231373,5854890.650293575]]",88d79954925bc69736435b2bc74a414fad492fcb95589cc19fe5a6c73f7f738c,dbead2b44b7c5a6f0a9745750b55de9b0bcc5445354174af4c3a94c1a95c7470,"{""0"":971608622,""1"":3703301317,""2"":852578830,""3"":2197816767,""4"":958207627}","{""0"":971608622,""1"":3703301317,""2"":852578830,""3"":2197816767,""4"":958207627}","[0,1,2,3,4]",not_applicable,not_applicable,not_applicable,not_applicable,evidence,10000.0,0.8,none,none,none,none,none,stationary,matched_prior_exact,1,0,8db9942833de64dc9077454599f7419ea9d056b2c39613fec931c4c56d6063e4,flat,temperate,8:47,c5-generalization_20260827_181139_043334_662411fc,revision_C_base@7c27a44,7c27a44,45e2af3666873b8389a0bd7936fd9b6029d41fa8169fa964adb24a85ca76dec6,c6-random_20260831_182014_803486_5cf558a2,5cf558a20d4e6c9ac5845bd72e390abc3dcd6217c904aa099c208da79cfb245f,revision_B_base,revision_B_base,0.8,5,200000.0,xlarge,45.0,80.0,5.0,0.5,1.0,"{""p_d"":0.8,""stage"":""c6-random"",""tau"":10000.0,""w"":0.5}",b7a677794b82ff1680841467faa35377b7d82f925e1dd78d94f0523c73551860
8,48,random_uniform_n8_uncoordinated,2089093875,"policy_seed = SeedSequence([planning_seed, dataset_id, hash('c6-random-policy')]); per-UAV stream = SeedSequence([policy_seed, uav_id]) -> default_rng(derived_seed); one stream per persistent UAV identity; streams are never shared or consumed sequentially across UAVs",0.011004114940481978,7959.972321053823,0.011031976015084504,524,152508,0.9965641146693944,291.0458015267176,1811,8000,200000.0,661.3634190680459,0.0,8000,183,0.022625,0,0,0,0,budget_exhausted,8000,8001,8000,8001,200000.0,"[[625526.4089535379,5854944.198091276],[625502.1417521727,5854886.926162173],[625531.7429464969,5854818.134949808],[625523.7760911216,5854855.269719653],[625591.4074032403,5854848.685138763]]",2e2e98e8cdf30eef13a50b84c06a861b953f35bf1793101dafa6be23247bccc1,87f583bdfcea971ff324bea920cbecaf4bf0ed87b731635c62f5e0369e089676,"{""0"":3387159775,""1"":1366391371,""2"":222633187,""3"":2991216820,""4"":323097993}","{""0"":3387159775,""1"":1366391371,""2"":222633187,""3"":2991216820,""4"":323097993}","[0,1,2,3,4]",not_applicable,not_applicable,not_applicable,not_applicable,evidence,10000.0,0.8,none,none,none,none,none,stationary,matched_prior_exact,1,0,8db9942833de64dc9077454599f7419ea9d056b2c39613fec931c4c56d6063e4,flat,temperate,8:48,c5-generalization_20260827_181139_043334_662411fc,revision_C_base@7c27a44,7c27a44,45e2af3666873b8389a0bd7936fd9b6029d41fa8169fa964adb24a85ca76dec6,c6-random_20260831_182014_803486_5cf558a2,5cf558a20d4e6c9ac5845bd72e390abc3dcd6217c904aa099c208da79cfb245f,revision_B_base,revision_B_base,0.8,5,200000.0,xlarge,45.0,80.0,5.0,0.5,1.0,"{""p_d"":0.8,""stage"":""c6-random"",""tau"":10000.0,""w"":0.5}",b7a677794b82ff1680841467faa35377b7d82f925e1dd78d94f0523c73551860
8,50,random_uniform_n8_uncoordinated,1394116785,"policy_seed = SeedSequence([planning_seed, dataset_id, hash('c6-random-policy')]); per-UAV stream = SeedSequence([policy_seed, uav_id]) -> default_rng(derived_seed); one stream per persistent UAV identity; streams are never shared or consumed sequentially across UAVs",0.006778601005729438,7969.652403169923,0.006807058560204806,378,152648,0.9975237146900058,403.83068783068785,1558,8000,200000.0,593.2103464668617,0.0,8000,244,0.030375,0,0,0,0,budget_exhausted,8000,8001,8000,8001,200000.0,"[[625606.4365490649,5854805.35024597],[625490.9369557422,5854864.892695507],[625591.8111217123,5854974.299779204],[625653.5667310948,5854923.75675428],[625542.9978911293,5854923.83517346]]",5a03652e5dd3ba14a53b5cce1320cfeead6ca949bf967b214e4616f1abb129c9,1e91ffdcfef0f17d65f45336f14fa3ff1505500eda381860a8fb83e6517d94c8,"{""0"":3502389063,""1"":357452527,""2"":4247066528,""3"":352120336,""4"":3019199714}","{""0"":3502389063,""1"":357452527,""2"":4247066528,""3"":352120336,""4"":3019199714}","[0,1,2,3,4]",not_applicable,not_applicable,not_applicable,not_applicable,evidence,10000.0,0.8,none,none,none,none,none,stationary,matched_prior_exact,1,0,8db9942833de64dc9077454599f7419ea9d056b2c39613fec931c4c56d6063e4,flat,temperate,8:50,c5-generalization_20260827_181139_043334_662411fc,revision_C_base@7c27a44,7c27a44,45e2af3666873b8389a0bd7936fd9b6029d41fa8169fa964adb24a85ca76dec6,c6-random_20260831_182014_803486_5cf558a2,5cf558a20d4e6c9ac5845bd72e390abc3dcd6217c904aa099c208da79cfb245f,revision_B_base,revision_B_base,0.8,5,200000.0,xlarge,45.0,80.0,5.0,0.5,1.0,"{""p_d"":0.8,""stage"":""c6-random"",""tau"":10000.0,""w"":0.5}",b7a677794b82ff1680841467faa35377b7d82f925e1dd78d94f0523c73551860
8,49,random_uniform_n8_uncoordinated,373186832,"policy_seed = SeedSequence([planning_seed, dataset_id, hash('c6-random-policy')]); per-UAV stream = SeedSequence([policy_seed, uav_id]) -> default_rng(derived_seed); one stream per persistent UAV identity; streams are never shared or consumed sequentially across UAVs",0.007972529929520146,7968.7095847840465,0.007998953032792439,426,152251,0.9972019888210915,357.3967136150235,2235,8000,200000.0,600.4308152096346,0.0,8000,294,0.036375,0,0,0,0,budget_exhausted,8000,8001,8000,8001,200000.0,"[[625535.0137410612,5854952.598763948],[625523.7015674327,5854943.73423103],[625578.6627105157,5854884.4695769055],[625601.6015680511,5854795.718823896],[625551.8055375543,5854892.1943395035]]",0824f1280a294646d9378cd3d74b51dd9480122935da854e9a838cb61501e619,6d7814a68245877127d246f18f7cee8f9f238f1e21879b17d55c6d271732a128,"{""0"":3254518582,""1"":1682978257,""2"":3314595531,""3"":3636749362,""4"":1765352106}","{""0"":3254518582,""1"":1682978257,""2"":3314595531,""3"":3636749362,""4"":1765352106}","[0,1,2,3,4]",not_applicable,not_applicable,not_applicable,not_applicable,evidence,10000.0,0.8,none,none,none,none,none,stationary,matched_prior_exact,1,0,8db9942833de64dc9077454599f7419ea9d056b2c39613fec931c4c56d6063e4,flat,temperate,8:49,c5-generalization_20260827_181139_043334_662411fc,revision_C_base@7c27a44,7c27a44,45e2af3666873b8389a0bd7936fd9b6029d41fa8169fa964adb24a85ca76dec6,c6-random_20260831_182014_803486_5cf558a2,5cf558a20d4e6c9ac5845bd72e390abc3dcd6217c904aa099c208da79cfb245f,revision_B_base,revision_B_base,0.8,5,200000.0,xlarge,45.0,80.0,5.0,0.5,1.0,"{""p_d"":0.8,""stage"":""c6-random"",""tau"":10000.0,""w"":0.5}",b7a677794b82ff1680841467faa35377b7d82f925e1dd78d94f0523c73551860
8,51,random_uniform_n8_uncoordinated,2656996490,"policy_seed = SeedSequence([planning_seed, dataset_id, hash('c6-random-policy')]); per-UAV stream = SeedSequence([policy_seed, uav_id]) -> default_rng(derived_seed); one stream per persistent UAV identity; streams are never shared or consumed sequentially across UAVs",0.008051825527287199,7963.670196193696,0.008080136446805844,360,152597,0.9976408448396757,423.88055555555553,1811,8000,200000.0,662.4422650071792,0.0,8000,278,0.034375,0,0,0,0,budget_exhausted,8000,8001,8000,8001,200000.0,"[[625636.9999602102,5854874.534553584],[625583.7104608684,5854941.303352729],[625595.6632683415,5854848.790650757],[625614.5265780672,5854813.7413816145],[625523.3357881841,5854927.2417157255]]",069d846a2f710ce798a3af54daf42587519189c532fccffe470dc20848f63c76,beb968771ab43b79f8b573b9e7963a3d704d8372b7abe87721833a8c786b1e29,"{""0"":1828404790,""1"":3430102023,""2"":792831693,""3"":2602551891,""4"":4150634731}","{""0"":1828404790,""1"":3430102023,""2"":792831693,""3"":2602551891,""4"":4150634731}","[0,1,2,3,4]",not_applicable,not_applicable,not_applicable,not_applicable,evidence,10000.0,0.8,none,none,none,none,none,stationary,matched_prior_exact,1,0,8db9942833de64dc9077454599f7419ea9d056b2c39613fec931c4c56d6063e4,flat,temperate,8:51,c5-generalization_20260827_181139_043334_662411fc,revision_C_base@7c27a44,7c27a44,45e2af3666873b8389a0bd7936fd9b6029d41fa8169fa964adb24a85ca76dec6,c6-random_20260831_182014_803486_5cf558a2,5cf558a20d4e6c9ac5845bd72e390abc3dcd6217c904aa099c208da79cfb245f,revision_B_base,revision_B_base,0.8,5,200000.0,xlarge,45.0,80.0,5.0,0.5,1.0,"{""p_d"":0.8,""stage"":""c6-random"",""tau"":10000.0,""w"":0.5}",b7a677794b82ff1680841467faa35377b7d82f925e1dd78d94f0523c73551860
9,42,random_uniform_n8_uncoordinated,2063907705,"policy_seed = SeedSequence([planning_seed, dataset_id, hash('c6-random-policy')]); per-UAV stream = SeedSequence([policy_seed, uav_id]) -> default_rng(derived_seed); one stream per persistent UAV identity; streams are never shared or consumed sequentially across UAVs",0.013751424907784936,7934.495710901736,0.013791643294809301,532,152342,0.9965078573210276,286.35714285714283,1705,8000,200000.0,627.4724413249642,0.0,8000,83,0.01025,0,0,0,0,budget_exhausted,8000,8001,8000,8001,200000.0,"[[423820.3126362581,5256906.447776313],[423863.04005336517,5256907.135738998],[423892.3581954994,5257027.042617852],[423816.57910957193,5256883.503441925],[423856.8956957327,5257020.3203639]]",c21ac681a28d524ba2c2aba7c53608418f2920fa576b622294c38a0627a85b61,b6e1308a068c07a4f2ac2f2de7a4da4ac4368c1710a80e04e6ea2bb77280d4ed,"{""0"":653147219,""1"":2624636202,""2"":671016396,""3"":864446198,""4"":3438699001}","{""0"":653147219,""1"":2624636202,""2"":671016396,""3"":864446198,""4"":3438699001}","[0,1,2,3,4]",not_applicable,not_applicable,not_applicable,not_applicable,evidence,10000.0,0.8,none,none,none,none,none,stationary,matched_prior_exact,1,0,26b768eb75b8b870090b56cd948897c0029dbeab50b30eba2315e24f8fda8c06,flat,temperate,9:42,c5-generalization_20260827_181139_043334_662411fc,revision_C_base@7c27a44,7c27a44,45e2af3666873b8389a0bd7936fd9b6029d41fa8169fa964adb24a85ca76dec6,c6-random_20260831_182014_803486_5cf558a2,5cf558a20d4e6c9ac5845bd72e390abc3dcd6217c904aa099c208da79cfb245f,revision_B_base,revision_B_base,0.8,5,200000.0,xlarge,45.0,80.0,5.0,0.5,1.0,"{""p_d"":0.8,""stage"":""c6-random"",""tau"":10000.0,""w"":0.5}",b7a677794b82ff1680841467faa35377b7d82f925e1dd78d94f0523c73551860
9,43,random_uniform_n8_uncoordinated,1114619904,"policy_seed = SeedSequence([planning_seed, dataset_id, hash('c6-random-policy')]); per-UAV stream = SeedSequence([policy_seed, uav_id]) -> default_rng(derived_seed); one stream per persistent UAV identity; streams are never shared or consumed sequentially across UAVs",0.015303056727680921,7939.08741004747,0.015363033067325251,581,152528,0.9961908633168992,262.52667814113596,1653,8000,200000.0,632.7732303850353,0.0,8000,181,0.022125,0,0,0,0,budget_exhausted,8000,8001,8000,8001,200000.0,"[[423798.3264351566,5256954.844031483],[423901.26264368225,5256983.445116039],[423769.90537303244,5256947.269293294],[423810.956853821,5256920.598912527],[423751.5313182374,5257004.308825844]]",deb2b2f84e199f043bbc4476ed39e16bebe91e248ae393526fbae280c6b20c9a,6e6d18a2e473e94771f4d8771eb1ceb798e5f7c55fe2b1c718cf927893a4b65d,"{""0"":2308816932,""1"":1307199735,""2"":614416479,""3"":1226648200,""4"":1647637480}","{""0"":2308816932,""1"":1307199735,""2"":614416479,""3"":1226648200,""4"":1647637480}","[0,1,2,3,4]",not_applicable,not_applicable,not_applicable,not_applicable,evidence,10000.0,0.8,none,none,none,none,none,stationary,matched_prior_exact,1,0,26b768eb75b8b870090b56cd948897c0029dbeab50b30eba2315e24f8fda8c06,flat,temperate,9:43,c5-generalization_20260827_181139_043334_662411fc,revision_C_base@7c27a44,7c27a44,45e2af3666873b8389a0bd7936fd9b6029d41fa8169fa964adb24a85ca76dec6,c6-random_20260831_182014_803486_5cf558a2,5cf558a20d4e6c9ac5845bd72e390abc3dcd6217c904aa099c208da79cfb245f,revision_B_base,revision_B_base,0.8,5,200000.0,xlarge,45.0,80.0,5.0,0.5,1.0,"{""p_d"":0.8,""stage"":""c6-random"",""tau"":10000.0,""w"":0.5}",b7a677794b82ff1680841467faa35377b7d82f925e1dd78d94f0523c73551860
9,44,random_uniform_n8_uncoordinated,957832005,"policy_seed = SeedSequence([planning_seed, dataset_id, hash('c6-random-policy')]); per-UAV stream = SeedSequence([policy_seed, uav_id]) -> default_rng(derived_seed); one stream per persistent UAV identity; streams are never shared or consumed sequentially across UAVs",0.01278378344364827,7937.287271401659,0.012835912241417405,479,152068,0.9968500933792777,317.4697286012526,1406,8000,200000.0,612.4456350239925,0.0,8000,87,0.01075,0,0,0,0,budget_exhausted,8000,8001,8000,8001,200000.0,"[[423846.848322359,5257007.317370716],[423728.6878628712,5257026.887174549],[423858.8474968171,5257050.8370692395],[423840.5837846832,5257021.618205846],[423775.9334585305,5256901.385485863]]",bca89301fb405b616816165e673b9542c4d562b7afff0ba26ef7b6a5c862f66c,48e5ea40a18c3a0380c980bcb9c8adaf50eac9f4409243b5d8d33053115c9423,"{""0"":3619972213,""1"":691821727,""2"":762606998,""3"":3159777855,""4"":884933591}","{""0"":3619972213,""1"":691821727,""2"":762606998,""3"":3159777855,""4"":884933591}","[0,1,2,3,4]",not_applicable,not_applicable,not_applicable,not_applicable,evidence,10000.0,0.8,none,none,none,none,none,stationary,matched_prior_exact,1,0,26b768eb75b8b870090b56cd948897c0029dbeab50b30eba2315e24f8fda8c06,flat,temperate,9:44,c5-generalization_20260827_181139_043334_662411fc,revision_C_base@7c27a44,7c27a44,45e2af3666873b8389a0bd7936fd9b6029d41fa8169fa964adb24a85ca76dec6,c6-random_20260831_182014_803486_5cf558a2,5cf558a20d4e6c9ac5845bd72e390abc3dcd6217c904aa099c208da79cfb245f,revision_B_base,revision_B_base,0.8,5,200000.0,xlarge,45.0,80.0,5.0,0.5,1.0,"{""p_d"":0.8,""stage"":""c6-random"",""tau"":10000.0,""w"":0.5}",b7a677794b82ff1680841467faa35377b7d82f925e1dd78d94f0523c73551860
9,46,random_uniform_n8_uncoordinated,4220200584,"policy_seed = SeedSequence([planning_seed, dataset_id, hash('c6-random-policy')]); per-UAV stream = SeedSequence([policy_seed, uav_id]) -> default_rng(derived_seed); one stream per persistent UAV identity; streams are never shared or consumed sequentially across UAVs",0.011680005551073609,7948.651046161045,0.011720925371344986,476,152305,0.996874692229408,319.968487394958,1474,8000,200000.0,616.5246746889316,0.0,8000,142,0.01775,0,0,0,0,budget_exhausted,8000,8001,8000,8001,200000.0,"[[423833.42206275574,5256956.413870444],[423799.23325875757,5257050.012535303],[423837.0559718625,5256960.208423976],[423749.7829118816,5256908.041376496],[423724.08579533186,5256965.731311166]]",c17c9bbfbc9a8141f5edff55ab05d52e0b32f93a580fbc682603072e46e362fb,82c1208a03e2470d9d705fd799c586516082a93bd2f36a7770a1ae8597c6837a,"{""0"":4209231801,""1"":508080255,""2"":4108252143,""3"":2285183117,""4"":107110725}","{""0"":4209231801,""1"":508080255,""2"":4108252143,""3"":2285183117,""4"":107110725}","[0,1,2,3,4]",not_applicable,not_applicable,not_applicable,not_applicable,evidence,10000.0,0.8,none,none,none,none,none,stationary,matched_prior_exact,1,0,26b768eb75b8b870090b56cd948897c0029dbeab50b30eba2315e24f8fda8c06,flat,temperate,9:46,c5-generalization_20260827_181139_043334_662411fc,revision_C_base@7c27a44,7c27a44,45e2af3666873b8389a0bd7936fd9b6029d41fa8169fa964adb24a85ca76dec6,c6-random_20260831_182014_803486_5cf558a2,5cf558a20d4e6c9ac5845bd72e390abc3dcd6217c904aa099c208da79cfb245f,revision_B_base,revision_B_base,0.8,5,200000.0,xlarge,45.0,80.0,5.0,0.5,1.0,"{""p_d"":0.8,""stage"":""c6-random"",""tau"":10000.0,""w"":0.5}",b7a677794b82ff1680841467faa35377b7d82f925e1dd78d94f0523c73551860
9,45,random_uniform_n8_uncoordinated,2732168946,"policy_seed = SeedSequence([planning_seed, dataset_id, hash('c6-random-policy')]); per-UAV stream = SeedSequence([policy_seed, uav_id]) -> default_rng(derived_seed); one stream per persistent UAV identity; streams are never shared or consumed sequentially across UAVs",0.0089786355847731,7950.455193286012,0.008988622597211617,364,152301,0.9976099959947735,418.40934065934067,2186,8000,200000.0,671.1842842972837,0.0,8000,291,0.03625,0,0,0,0,budget_exhausted,8000,8001,8000,8001,200000.0,"[[423745.2215707395,5256939.705753495],[423818.0962141487,5256882.183793153],[423722.2806393488,5256966.276779084],[423832.41200222395,5256898.04074611],[423741.596558006,5257016.463992049]]",d8efc804e9914d11df73f75b4e7c46661a9e8cc1237021cc70dfa8b1258c9129,4c37a2f96203ef691d7661be2f0edbd63c313e4ba88a02d87c404d96555f151b,"{""0"":3907104024,""1"":4235131012,""2"":2706800061,""3"":2270985075,""4"":2916497770}","{""0"":3907104024,""1"":4235131012,""2"":2706800061,""3"":2270985075,""4"":2916497770}","[0,1,2,3,4]",not_applicable,not_applicable,not_applicable,not_applicable,evidence,10000.0,0.8,none,none,none,none,none,stationary,matched_prior_exact,1,0,26b768eb75b8b870090b56cd948897c0029dbeab50b30eba2315e24f8fda8c06,flat,temperate,9:45,c5-generalization_20260827_181139_043334_662411fc,revision_C_base@7c27a44,7c27a44,45e2af3666873b8389a0bd7936fd9b6029d41fa8169fa964adb24a85ca76dec6,c6-random_20260831_182014_803486_5cf558a2,5cf558a20d4e6c9ac5845bd72e390abc3dcd6217c904aa099c208da79cfb245f,revision_B_base,revision_B_base,0.8,5,200000.0,xlarge,45.0,80.0,5.0,0.5,1.0,"{""p_d"":0.8,""stage"":""c6-random"",""tau"":10000.0,""w"":0.5}",b7a677794b82ff1680841467faa35377b7d82f925e1dd78d94f0523c73551860
9,49,random_uniform_n8_uncoordinated,1295651609,"policy_seed = SeedSequence([planning_seed, dataset_id, hash('c6-random-policy')]); per-UAV stream = SeedSequence([policy_seed, uav_id]) -> default_rng(derived_seed); one stream per persistent UAV identity; streams are never shared or consumed sequentially across UAVs",0.015299818624433727,7927.217065307066,0.015357479461738063,570,152188,0.9962546324283124,266.99649122807017,1721,8000,200000.0,585.679887088947,0.0,8000,126,0.015625,0,0,0,0,budget_exhausted,8000,8001,8000,8001,200000.0,"[[423760.2275022213,5257030.402083564],[423748.9153285929,5257021.537550645],[423803.8764716758,5256962.272896521],[423826.81532921136,5256873.522143511],[423777.01929871447,5256969.997659119]]",c879d5179f0a05a4f4e607632d787b5803512f67a1687f23e98ab1ab883128cd,c11f6282a0971be24d776ba8809a0a65751a542eb05adaf676e8df67de3b0e45,"{""0"":931075769,""1"":2376861289,""2"":4118529808,""3"":3777423243,""4"":1597100905}","{""0"":931075769,""1"":2376861289,""2"":4118529808,""3"":3777423243,""4"":1597100905}","[0,1,2,3,4]",not_applicable,not_applicable,not_applicable,not_applicable,evidence,10000.0,0.8,none,none,none,none,none,stationary,matched_prior_exact,1,0,26b768eb75b8b870090b56cd948897c0029dbeab50b30eba2315e24f8fda8c06,flat,temperate,9:49,c5-generalization_20260827_181139_043334_662411fc,revision_C_base@7c27a44,7c27a44,45e2af3666873b8389a0bd7936fd9b6029d41fa8169fa964adb24a85ca76dec6,c6-random_20260831_182014_803486_5cf558a2,5cf558a20d4e6c9ac5845bd72e390abc3dcd6217c904aa099c208da79cfb245f,revision_B_base,revision_B_base,0.8,5,200000.0,xlarge,45.0,80.0,5.0,0.5,1.0,"{""p_d"":0.8,""stage"":""c6-random"",""tau"":10000.0,""w"":0.5}",b7a677794b82ff1680841467faa35377b7d82f925e1dd78d94f0523c73551860
9,48,random_uniform_n8_uncoordinated,4056119639,"policy_seed = SeedSequence([planning_seed, dataset_id, hash('c6-random-policy')]); per-UAV stream = SeedSequence([policy_seed, uav_id]) -> default_rng(derived_seed); one stream per persistent UAV identity; streams are never shared or consumed sequentially across UAVs",0.012620060768900302,7952.6666673565305,0.012649360525849156,494,152294,0.9967562740488791,308.2874493927126,1882,8000,200000.0,639.4249615371227,0.0,8000,228,0.028125,0,0,0,0,budget_exhausted,8000,8001,8000,8001,200000.0,"[[423751.622714698,5257022.001410891],[423727.3555133329,5256964.729481788],[423756.95670765714,5256895.938269423],[423748.9898522818,5256933.073039268],[423816.6211644005,5256926.488458378]]",9938e58799aed3b0b1b694cddd15fcff3f77f1b9394ca8278c1969e01368f0c7,ba3faddf3d45cec64855803042b88cfbc8533842504b3cf7e130c2ea39ef8f84,"{""0"":2166625927,""1"":1722163625,""2"":3573840148,""3"":1613666049,""4"":2315983474}","{""0"":2166625927,""1"":1722163625,""2"":3573840148,""3"":1613666049,""4"":2315983474}","[0,1,2,3,4]",not_applicable,not_applicable,not_applicable,not_applicable,evidence,10000.0,0.8,none,none,none,none,none,stationary,matched_prior_exact,1,0,26b768eb75b8b870090b56cd948897c0029dbeab50b30eba2315e24f8fda8c06,flat,temperate,9:48,c5-generalization_20260827_181139_043334_662411fc,revision_C_base@7c27a44,7c27a44,45e2af3666873b8389a0bd7936fd9b6029d41fa8169fa964adb24a85ca76dec6,c6-random_20260831_182014_803486_5cf558a2,5cf558a20d4e6c9ac5845bd72e390abc3dcd6217c904aa099c208da79cfb245f,revision_B_base,revision_B_base,0.8,5,200000.0,xlarge,45.0,80.0,5.0,0.5,1.0,"{""p_d"":0.8,""stage"":""c6-random"",""tau"":10000.0,""w"":0.5}",b7a677794b82ff1680841467faa35377b7d82f925e1dd78d94f0523c73551860
9,50,random_uniform_n8_uncoordinated,4279731366,"policy_seed = SeedSequence([planning_seed, dataset_id, hash('c6-random-policy')]); per-UAV stream = SeedSequence([policy_seed, uav_id]) -> default_rng(derived_seed); one stream per persistent UAV identity; streams are never shared or consumed sequentially across UAVs",0.012183731564291417,7953.84918371998,0.012242334518814948,467,152417,0.9969360373186718,326.3747323340471,1726,8000,200000.0,647.4088848158717,0.0,8000,178,0.022125,0,0,0,0,budget_exhausted,8000,8001,8000,8001,200000.0,"[[423831.6503102251,5256883.153565586],[423716.15071690234,5256942.696015122],[423817.02488287253,5257052.103098819],[423878.780492255,5257001.560073895],[423768.2116522895,5257001.638493075]]",553f945b9e00083d9b72c2fbcfaf42e0edc9d812554e84e6aa7e7767cbe762f1,ae70c49c6d9ac65cbb4450c14740656ae31d79ec322ada64f1fb64fc8ede128c,"{""0"":506213605,""1"":318026595,""2"":2066741812,""3"":1547636947,""4"":2232374461}","{""0"":506213605,""1"":318026595,""2"":2066741812,""3"":1547636947,""4"":2232374461}","[0,1,2,3,4]",not_applicable,not_applicable,not_applicable,not_applicable,evidence,10000.0,0.8,none,none,none,none,none,stationary,matched_prior_exact,1,0,26b768eb75b8b870090b56cd948897c0029dbeab50b30eba2315e24f8fda8c06,flat,temperate,9:50,c5-generalization_20260827_181139_043334_662411fc,revision_C_base@7c27a44,7c27a44,45e2af3666873b8389a0bd7936fd9b6029d41fa8169fa964adb24a85ca76dec6,c6-random_20260831_182014_803486_5cf558a2,5cf558a20d4e6c9ac5845bd72e390abc3dcd6217c904aa099c208da79cfb245f,revision_B_base,revision_B_base,0.8,5,200000.0,xlarge,45.0,80.0,5.0,0.5,1.0,"{""p_d"":0.8,""stage"":""c6-random"",""tau"":10000.0,""w"":0.5}",b7a677794b82ff1680841467faa35377b7d82f925e1dd78d94f0523c73551860
9,47,random_uniform_n8_uncoordinated,399177555,"policy_seed = SeedSequence([planning_seed, dataset_id, hash('c6-random-policy')]); per-UAV stream = SeedSequence([policy_seed, uav_id]) -> default_rng(derived_seed); one stream per persistent UAV identity; streams are never shared or consumed sequentially across UAVs",0.013342738797283756,7953.477413717121,0.013397021628068266,526,152274,0.996545700513548,289.4942965779468,2377,8000,200000.0,665.0159340635873,0.0,8000,229,0.0285,0,0,0,0,budget_exhausted,8000,8001,8000,8001,200000.0,"[[423805.90881244425,5256885.247667666],[423778.9399076991,5256978.936569044],[423865.7894734981,5256960.236048105],[423838.8147372437,5257060.088429264],[423768.18618429743,5256968.45361319]]",6e417477935c001be575a76c54e46d2036a5823438e67c44937423041e547599,205bcdbbc34db780fe321a4afefb74766649ce92fab417db4e6385cf7a6ec65b,"{""0"":499543216,""1"":3387104322,""2"":3682677317,""3"":1649459238,""4"":2069689267}","{""0"":499543216,""1"":3387104322,""2"":3682677317,""3"":1649459238,""4"":2069689267}","[0,1,2,3,4]",not_applicable,not_applicable,not_applicable,not_applicable,evidence,10000.0,0.8,none,none,none,none,none,stationary,matched_prior_exact,1,0,26b768eb75b8b870090b56cd948897c0029dbeab50b30eba2315e24f8fda8c06,flat,temperate,9:47,c5-generalization_20260827_181139_043334_662411fc,revision_C_base@7c27a44,7c27a44,45e2af3666873b8389a0bd7936fd9b6029d41fa8169fa964adb24a85ca76dec6,c6-random_20260831_182014_803486_5cf558a2,5cf558a20d4e6c9ac5845bd72e390abc3dcd6217c904aa099c208da79cfb245f,revision_B_base,revision_B_base,0.8,5,200000.0,xlarge,45.0,80.0,5.0,0.5,1.0,"{""p_d"":0.8,""stage"":""c6-random"",""tau"":10000.0,""w"":0.5}",b7a677794b82ff1680841467faa35377b7d82f925e1dd78d94f0523c73551860
9,51,random_uniform_n8_uncoordinated,1057087895,"policy_seed = SeedSequence([planning_seed, dataset_id, hash('c6-random-policy')]); per-UAV stream = SeedSequence([policy_seed, uav_id]) -> default_rng(derived_seed); one stream per persistent UAV identity; streams are never shared or consumed sequentially across UAVs",0.010401268682601595,7953.699820396338,0.010454159880148164,419,152183,0.9972467358377742,363.2052505966587,2425,8000,200000.0,658.0280226366594,0.0,8000,245,0.030125,0,0,0,0,budget_exhausted,8000,8001,8000,8001,200000.0,"[[423862.2137213703,5256952.337873199],[423808.9242220286,5257019.106672345],[423820.87702950166,5256926.593970372],[423839.7403392274,5256891.54470123],[423748.54954934417,5257005.045035341]]",20bec67710b9f0d1b4d257eb5c0df7fbad75f9099c94fe6b78b3f589517c4c63,45bdb05f55ec6fc6affd31811dde845ef4a9e8b8211935d94fd697e76897b870,"{""0"":1508183025,""1"":4129669142,""2"":2314597701,""3"":2996576351,""4"":2890738658}","{""0"":1508183025,""1"":4129669142,""2"":2314597701,""3"":2996576351,""4"":2890738658}","[0,1,2,3,4]",not_applicable,not_applicable,not_applicable,not_applicable,evidence,10000.0,0.8,none,none,none,none,none,stationary,matched_prior_exact,1,0,26b768eb75b8b870090b56cd948897c0029dbeab50b30eba2315e24f8fda8c06,flat,temperate,9:51,c5-generalization_20260827_181139_043334_662411fc,revision_C_base@7c27a44,7c27a44,45e2af3666873b8389a0bd7936fd9b6029d41fa8169fa964adb24a85ca76dec6,c6-random_20260831_182014_803486_5cf558a2,5cf558a20d4e6c9ac5845bd72e390abc3dcd6217c904aa099c208da79cfb245f,revision_B_base,revision_B_base,0.8,5,200000.0,xlarge,45.0,80.0,5.0,0.5,1.0,"{""p_d"":0.8,""stage"":""c6-random"",""tau"":10000.0,""w"":0.5}",b7a677794b82ff1680841467faa35377b7d82f925e1dd78d94f0523c73551860
10,42,random_uniform_n8_uncoordinated,2375072754,"policy_seed = SeedSequence([planning_seed, dataset_id, hash('c6-random-policy')]); per-UAV stream = SeedSequence([policy_seed, uav_id]) -> default_rng(derived_seed); one stream per persistent UAV identity; streams are never shared or consumed sequentially across UAVs",0.00871977021438564,7975.42181955092,0.008756349617200957,672,152089,0.9955815344962489,226.32291666666666,1703,8000,200000.0,574.1074570692144,0.0,8000,187,0.023,0,0,0,0,budget_exhausted,8000,8001,8000,8001,200000.0,"[[334289.4483734565,5724948.214511063],[334332.1757905636,5724948.902473748],[334361.4939326978,5725068.809352602],[334285.71484677034,5724925.270176675],[334326.0314329311,5725062.08709865]]",3c195b87f1445e5f24bb317d5a82c31328f4e3a706c1cec8193eed5382ff055c,1f256aedb2bf094ec16b679422791c5609acb957010e1a3b3bfc6f61e774818a,"{""0"":3252568771,""1"":1581797010,""2"":4137392409,""3"":2627906693,""4"":1771306255}","{""0"":3252568771,""1"":1581797010,""2"":4137392409,""3"":2627906693,""4"":1771306255}","[0,1,2,3,4]",not_applicable,not_applicable,not_applicable,not_applicable,evidence,10000.0,0.8,none,none,none,none,none,stationary,matched_prior_exact,1,0,456bd8986bed7e66f08fa8c990d8346adc5088c8289034b42a9f6161c440d0bb,flat,temperate,10:42,c5-generalization_20260827_181139_043334_662411fc,revision_C_base@7c27a44,7c27a44,45e2af3666873b8389a0bd7936fd9b6029d41fa8169fa964adb24a85ca76dec6,c6-random_20260831_182014_803486_5cf558a2,5cf558a20d4e6c9ac5845bd72e390abc3dcd6217c904aa099c208da79cfb245f,revision_B_base,revision_B_base,0.8,5,200000.0,xlarge,45.0,80.0,5.0,0.5,1.0,"{""p_d"":0.8,""stage"":""c6-random"",""tau"":10000.0,""w"":0.5}",b7a677794b82ff1680841467faa35377b7d82f925e1dd78d94f0523c73551860
10,43,random_uniform_n8_uncoordinated,1717360071,"policy_seed = SeedSequence([planning_seed, dataset_id, hash('c6-random-policy')]); per-UAV stream = SeedSequence([policy_seed, uav_id]) -> default_rng(derived_seed); one stream per persistent UAV identity; streams are never shared or consumed sequentially across UAVs",0.010099096927389861,7971.616612469781,0.010206517833090064,510,152038,0.9966455754482432,298.1137254901961,1684,8000,200000.0,646.307543059811,0.0,8000,215,0.025875,0,0,0,0,budget_exhausted,8000,8001,8000,8001,200000.0,"[[334267.462172355,5724996.610766233],[334370.39838088065,5725025.211850789],[334239.04111023084,5724989.036028044],[334280.0925910194,5724962.365647277],[334220.6670554358,5725046.075560594]]",5aae0438e1e54d69e9da0ba68887ca5e3f1f7a67ff645ed335b0fcf02051ca64,8490661efa00dcf858f46880241edfe453a811f0828e71cefe6792b53cc9e590,"{""0"":994793069,""1"":1560366641,""2"":2773768322,""3"":3994411504,""4"":1267870199}","{""0"":994793069,""1"":1560366641,""2"":2773768322,""3"":3994411504,""4"":1267870199}","[0,1,2,3,4]",not_applicable,not_applicable,not_applicable,not_applicable,evidence,10000.0,0.8,none,none,none,none,none,stationary,matched_prior_exact,1,0,456bd8986bed7e66f08fa8c990d8346adc5088c8289034b42a9f6161c440d0bb,flat,temperate,10:43,c5-generalization_20260827_181139_043334_662411fc,revision_C_base@7c27a44,7c27a44,45e2af3666873b8389a0bd7936fd9b6029d41fa8169fa964adb24a85ca76dec6,c6-random_20260831_182014_803486_5cf558a2,5cf558a20d4e6c9ac5845bd72e390abc3dcd6217c904aa099c208da79cfb245f,revision_B_base,revision_B_base,0.8,5,200000.0,xlarge,45.0,80.0,5.0,0.5,1.0,"{""p_d"":0.8,""stage"":""c6-random"",""tau"":10000.0,""w"":0.5}",b7a677794b82ff1680841467faa35377b7d82f925e1dd78d94f0523c73551860
10,44,random_uniform_n8_uncoordinated,233262710,"policy_seed = SeedSequence([planning_seed, dataset_id, hash('c6-random-policy')]); per-UAV stream = SeedSequence([policy_seed, uav_id]) -> default_rng(derived_seed); one stream per persistent UAV identity; streams are never shared or consumed sequentially across UAVs",0.004889409216132503,7976.404367160265,0.0048955348067065245,320,151966,0.9978942658226182,474.89375,2055,8000,200000.0,613.2529618227854,0.0,8000,473,0.058375,0,0,0,0,budget_exhausted,8000,8001,8000,8001,200000.0,"[[334315.9840595574,5725049.084105466],[334197.8236000696,5725068.653909299],[334327.9832340155,5725092.6038039895],[334309.7195218816,5725063.384940596],[334245.0691957289,5724943.152220613]]",c7b98fa8a6fd7a67d10513d55076aade048023f35a0553cb06267d4f6ef018b5,0c6991d32c886c694820b94d478ea48f574c330fcf3eac25467307cca5c98e5e,"{""0"":153488220,""1"":722500772,""2"":2189251682,""3"":1647391411,""4"":3587200496}","{""0"":153488220,""1"":722500772,""2"":2189251682,""3"":1647391411,""4"":3587200496}","[0,1,2,3,4]",not_applicable,not_applicable,not_applicable,not_applicable,evidence,10000.0,0.8,none,none,none,none,none,stationary,matched_prior_exact,1,0,456bd8986bed7e66f08fa8c990d8346adc5088c8289034b42a9f6161c440d0bb,flat,temperate,10:44,c5-generalization_20260827_181139_043334_662411fc,revision_C_base@7c27a44,7c27a44,45e2af3666873b8389a0bd7936fd9b6029d41fa8169fa964adb24a85ca76dec6,c6-random_20260831_182014_803486_5cf558a2,5cf558a20d4e6c9ac5845bd72e390abc3dcd6217c904aa099c208da79cfb245f,revision_B_base,revision_B_base,0.8,5,200000.0,xlarge,45.0,80.0,5.0,0.5,1.0,"{""p_d"":0.8,""stage"":""c6-random"",""tau"":10000.0,""w"":0.5}",b7a677794b82ff1680841467faa35377b7d82f925e1dd78d94f0523c73551860
10,45,random_uniform_n8_uncoordinated,4078075203,"policy_seed = SeedSequence([planning_seed, dataset_id, hash('c6-random-policy')]); per-UAV stream = SeedSequence([policy_seed, uav_id]) -> default_rng(derived_seed); one stream per persistent UAV identity; streams are never shared or consumed sequentially across UAVs",0.018760287781439382,7953.901679651635,0.018846946696456014,552,151903,0.9963661020519674,275.18659420289856,1833,8000,200000.0,649.2115787179209,0.0,8000,303,0.036875,0,0,0,0,budget_exhausted,8000,8001,8000,8001,200000.0,"[[334214.3573079379,5724981.472488245],[334287.2319513471,5724923.950527903],[334191.4163765472,5725008.043513834],[334301.54773942236,5724939.80748086],[334210.7322952044,5725058.230726799]]",8a7e98c8245c80a6f01e0226d2d2656885f2cb7610bee2dc775b06c99ab4ad79,42f3f4b3a3872913ff65c66f3c743a89f975c628b395fe46b74282d93ca883d4,"{""0"":1401154244,""1"":2428082638,""2"":3369973028,""3"":2005781837,""4"":328479776}","{""0"":1401154244,""1"":2428082638,""2"":3369973028,""3"":2005781837,""4"":328479776}","[0,1,2,3,4]",not_applicable,not_applicable,not_applicable,not_applicable,evidence,10000.0,0.8,none,none,none,none,none,stationary,matched_prior_exact,1,0,456bd8986bed7e66f08fa8c990d8346adc5088c8289034b42a9f6161c440d0bb,flat,temperate,10:45,c5-generalization_20260827_181139_043334_662411fc,revision_C_base@7c27a44,7c27a44,45e2af3666873b8389a0bd7936fd9b6029d41fa8169fa964adb24a85ca76dec6,c6-random_20260831_182014_803486_5cf558a2,5cf558a20d4e6c9ac5845bd72e390abc3dcd6217c904aa099c208da79cfb245f,revision_B_base,revision_B_base,0.8,5,200000.0,xlarge,45.0,80.0,5.0,0.5,1.0,"{""p_d"":0.8,""stage"":""c6-random"",""tau"":10000.0,""w"":0.5}",b7a677794b82ff1680841467faa35377b7d82f925e1dd78d94f0523c73551860
10,46,random_uniform_n8_uncoordinated,3966077233,"policy_seed = SeedSequence([planning_seed, dataset_id, hash('c6-random-policy')]); per-UAV stream = SeedSequence([policy_seed, uav_id]) -> default_rng(derived_seed); one stream per persistent UAV identity; streams are never shared or consumed sequentially across UAVs",0.006273564946481129,7984.51408524227,0.006315684954793057,440,151966,0.9971046155061001,345.3772727272727,1818,8000,200000.0,641.6064599449746,0.0,8000,341,0.041875,0,0,0,0,budget_exhausted,8000,8001,8000,8001,200000.0,"[[334302.55779995414,5724998.180605194],[334268.36899595597,5725091.779270053],[334306.1917090609,5725001.975158726],[334218.91864908,5724949.808111246],[334193.22153253027,5725007.498045916]]",9ee63faabcca9d7ea56158b9a7b93c43e3bd66789637b328ac894e71f26729ce,c59b710862c77bee82272777a31ca555e5214bec03b52713ede2d4237913c365,"{""0"":3337732389,""1"":1358308200,""2"":2070514783,""3"":3188851508,""4"":1761287517}","{""0"":3337732389,""1"":1358308200,""2"":2070514783,""3"":3188851508,""4"":1761287517}","[0,1,2,3,4]",not_applicable,not_applicable,not_applicable,not_applicable,evidence,10000.0,0.8,none,none,none,none,none,stationary,matched_prior_exact,1,0,456bd8986bed7e66f08fa8c990d8346adc5088c8289034b42a9f6161c440d0bb,flat,temperate,10:46,c5-generalization_20260827_181139_043334_662411fc,revision_C_base@7c27a44,7c27a44,45e2af3666873b8389a0bd7936fd9b6029d41fa8169fa964adb24a85ca76dec6,c6-random_20260831_182014_803486_5cf558a2,5cf558a20d4e6c9ac5845bd72e390abc3dcd6217c904aa099c208da79cfb245f,revision_B_base,revision_B_base,0.8,5,200000.0,xlarge,45.0,80.0,5.0,0.5,1.0,"{""p_d"":0.8,""stage"":""c6-random"",""tau"":10000.0,""w"":0.5}",b7a677794b82ff1680841467faa35377b7d82f925e1dd78d94f0523c73551860
10,47,random_uniform_n8_uncoordinated,2454435525,"policy_seed = SeedSequence([planning_seed, dataset_id, hash('c6-random-policy')]); per-UAV stream = SeedSequence([policy_seed, uav_id]) -> default_rng(derived_seed); one stream per persistent UAV identity; streams are never shared or consumed sequentially across UAVs",0.01641433245846027,7935.857220955442,0.016497831576412075,654,151952,0.995696009266084,232.34250764525993,1305,8000,200000.0,645.0377294486389,0.0,8000,103,0.012875,0,0,0,0,budget_exhausted,8000,8001,8000,8001,200000.0,"[[334275.04454964265,5724927.014402416],[334248.07564489753,5725020.703303794],[334334.9252106965,5725002.002782855],[334307.9504744421,5725101.855164014],[334237.32192149584,5725010.22034794]]",534d6bf750939fd4a2adea1cb6e5bf6962100438a5d1f081e7ea7ace1d556989,1b527531eae9760861a936a958b5bb79fa992310ff0d966ade9e931dc14bac62,"{""0"":1123613566,""1"":846299642,""2"":1554623826,""3"":538016592,""4"":2630983992}","{""0"":1123613566,""1"":846299642,""2"":1554623826,""3"":538016592,""4"":2630983992}","[0,1,2,3,4]",not_applicable,not_applicable,not_applicable,not_applicable,evidence,10000.0,0.8,none,none,none,none,none,stationary,matched_prior_exact,1,0,456bd8986bed7e66f08fa8c990d8346adc5088c8289034b42a9f6161c440d0bb,flat,temperate,10:47,c5-generalization_20260827_181139_043334_662411fc,revision_C_base@7c27a44,7c27a44,45e2af3666873b8389a0bd7936fd9b6029d41fa8169fa964adb24a85ca76dec6,c6-random_20260831_182014_803486_5cf558a2,5cf558a20d4e6c9ac5845bd72e390abc3dcd6217c904aa099c208da79cfb245f,revision_B_base,revision_B_base,0.8,5,200000.0,xlarge,45.0,80.0,5.0,0.5,1.0,"{""p_d"":0.8,""stage"":""c6-random"",""tau"":10000.0,""w"":0.5}",b7a677794b82ff1680841467faa35377b7d82f925e1dd78d94f0523c73551860
10,48,random_uniform_n8_uncoordinated,1446888020,"policy_seed = SeedSequence([planning_seed, dataset_id, hash('c6-random-policy')]); per-UAV stream = SeedSequence([policy_seed, uav_id]) -> default_rng(derived_seed); one stream per persistent UAV identity; streams are never shared or consumed sequentially across UAVs",0.004991271633812553,7979.9540447147465,0.005025728260484574,505,152031,0.9966783090290796,301.05148514851487,1973,8000,200000.0,624.2974581290036,0.0,8000,274,0.033125,0,0,0,0,budget_exhausted,8000,8001,8000,8001,200000.0,"[[334220.7584518964,5725063.768145641],[334196.4912505313,5725006.496216538],[334226.09244485555,5724937.705004173],[334218.1255894802,5724974.839774018],[334285.7569015989,5724968.255193128]]",f1d4268a7fc06b15f7692db6342f402bb3f8002b9b7058c5a0ea51e1aecefd26,9507120c9c73946aa735cb7e8e0d5ce64e96e971dc16b6715fdbbd3febdb7f34,"{""0"":2559513839,""1"":286135186,""2"":1411244983,""3"":3802656562,""4"":151614248}","{""0"":2559513839,""1"":286135186,""2"":1411244983,""3"":3802656562,""4"":151614248}","[0,1,2,3,4]",not_applicable,not_applicable,not_applicable,not_applicable,evidence,10000.0,0.8,none,none,none,none,none,stationary,matched_prior_exact,1,0,456bd8986bed7e66f08fa8c990d8346adc5088c8289034b42a9f6161c440d0bb,flat,temperate,10:48,c5-generalization_20260827_181139_043334_662411fc,revision_C_base@7c27a44,7c27a44,45e2af3666873b8389a0bd7936fd9b6029d41fa8169fa964adb24a85ca76dec6,c6-random_20260831_182014_803486_5cf558a2,5cf558a20d4e6c9ac5845bd72e390abc3dcd6217c904aa099c208da79cfb245f,revision_B_base,revision_B_base,0.8,5,200000.0,xlarge,45.0,80.0,5.0,0.5,1.0,"{""p_d"":0.8,""stage"":""c6-random"",""tau"":10000.0,""w"":0.5}",b7a677794b82ff1680841467faa35377b7d82f925e1dd78d94f0523c73551860
10,49,random_uniform_n8_uncoordinated,3040873587,"policy_seed = SeedSequence([planning_seed, dataset_id, hash('c6-random-policy')]); per-UAV stream = SeedSequence([policy_seed, uav_id]) -> default_rng(derived_seed); one stream per persistent UAV identity; streams are never shared or consumed sequentially across UAVs",0.016523889889967138,7941.245122660781,0.0166189033762267,613,151949,0.9959657516666777,247.87765089722674,1246,8000,200000.0,643.4144885130227,0.0,8000,164,0.0205,0,0,0,0,budget_exhausted,8000,8001,8000,8001,200000.0,"[[334229.3632394197,5725072.168818314],[334218.0510657913,5725063.304285395],[334273.0122088742,5725004.039631271],[334295.95106640976,5724915.288878261],[334246.1550359129,5725011.764393869]]",60433548930247880d436336dc0c24b5722e1f405496f3395bc41214162a99f6,ce13c635f8cd2918818515030b28596f56edc2cdf03db2b8cdb2d0bf758eb205,"{""0"":579515310,""1"":3886324140,""2"":1328055341,""3"":2136298714,""4"":539111476}","{""0"":579515310,""1"":3886324140,""2"":1328055341,""3"":2136298714,""4"":539111476}","[0,1,2,3,4]",not_applicable,not_applicable,not_applicable,not_applicable,evidence,10000.0,0.8,none,none,none,none,none,stationary,matched_prior_exact,1,0,456bd8986bed7e66f08fa8c990d8346adc5088c8289034b42a9f6161c440d0bb,flat,temperate,10:49,c5-generalization_20260827_181139_043334_662411fc,revision_C_base@7c27a44,7c27a44,45e2af3666873b8389a0bd7936fd9b6029d41fa8169fa964adb24a85ca76dec6,c6-random_20260831_182014_803486_5cf558a2,5cf558a20d4e6c9ac5845bd72e390abc3dcd6217c904aa099c208da79cfb245f,revision_B_base,revision_B_base,0.8,5,200000.0,xlarge,45.0,80.0,5.0,0.5,1.0,"{""p_d"":0.8,""stage"":""c6-random"",""tau"":10000.0,""w"":0.5}",b7a677794b82ff1680841467faa35377b7d82f925e1dd78d94f0523c73551860
10,50,random_uniform_n8_uncoordinated,1429593651,"policy_seed = SeedSequence([planning_seed, dataset_id, hash('c6-random-policy')]); per-UAV stream = SeedSequence([policy_seed, uav_id]) -> default_rng(derived_seed); one stream per persistent UAV identity; streams are never shared or consumed sequentially across UAVs",0.014438073727611135,7952.851841792524,0.014512907169359823,618,151838,0.9959298726274055,245.6925566343042,1509,8000,200000.0,673.9021344301291,0.0,8000,110,0.01375,0,0,0,0,budget_exhausted,8000,8001,8000,8001,200000.0,"[[334300.7860474235,5724924.920300336],[334185.28645410074,5724984.462749872],[334286.16062007094,5725093.869833569],[334347.9162294534,5725043.326808645],[334237.3473894879,5725043.405227825]]",8283a2834388f9c63cfd0cea6a48fcee18a5ba4c6e6ba3aa66a9c3f28824aa66,31a399d8e3c4335e54cb66fc3aea991dd6af14789d5515fb3232586093c0e5b3,"{""0"":3277997863,""1"":3335204265,""2"":3775706206,""3"":704261138,""4"":3806740248}","{""0"":3277997863,""1"":3335204265,""2"":3775706206,""3"":704261138,""4"":3806740248}","[0,1,2,3,4]",not_applicable,not_applicable,not_applicable,not_applicable,evidence,10000.0,0.8,none,none,none,none,none,stationary,matched_prior_exact,1,0,456bd8986bed7e66f08fa8c990d8346adc5088c8289034b42a9f6161c440d0bb,flat,temperate,10:50,c5-generalization_20260827_181139_043334_662411fc,revision_C_base@7c27a44,7c27a44,45e2af3666873b8389a0bd7936fd9b6029d41fa8169fa964adb24a85ca76dec6,c6-random_20260831_182014_803486_5cf558a2,5cf558a20d4e6c9ac5845bd72e390abc3dcd6217c904aa099c208da79cfb245f,revision_B_base,revision_B_base,0.8,5,200000.0,xlarge,45.0,80.0,5.0,0.5,1.0,"{""p_d"":0.8,""stage"":""c6-random"",""tau"":10000.0,""w"":0.5}",b7a677794b82ff1680841467faa35377b7d82f925e1dd78d94f0523c73551860
10,51,random_uniform_n8_uncoordinated,2225564405,"policy_seed = SeedSequence([planning_seed, dataset_id, hash('c6-random-policy')]); per-UAV stream = SeedSequence([policy_seed, uav_id]) -> default_rng(derived_seed); one stream per persistent UAV identity; streams are never shared or consumed sequentially across UAVs",0.010200256395989905,7961.105099308161,0.010232323625250816,549,152235,0.9963937333727461,277.2950819672131,2033,8000,200000.0,646.5135292690247,0.0,8000,133,0.016625,0,0,0,0,budget_exhausted,8000,8001,8000,8001,200000.0,"[[334331.34945856873,5724994.104607949],[334278.059959227,5725060.873407095],[334290.01276670006,5724968.360705122],[334308.87607642583,5724933.31143598],[334217.6852865426,5725046.811770091]]",511218dd01b3f07057afc14325022c4e82154b26ec43f956302ef375f1badadf,c5f416e8f17037a06e99027aba4b6e4d41499457dab094b29d95666c13158970,"{""0"":4262359256,""1"":2800254492,""2"":3419532356,""3"":3402325454,""4"":1796081472}","{""0"":4262359256,""1"":2800254492,""2"":3419532356,""3"":3402325454,""4"":1796081472}","[0,1,2,3,4]",not_applicable,not_applicable,not_applicable,not_applicable,evidence,10000.0,0.8,none,none,none,none,none,stationary,matched_prior_exact,1,0,456bd8986bed7e66f08fa8c990d8346adc5088c8289034b42a9f6161c440d0bb,flat,temperate,10:51,c5-generalization_20260827_181139_043334_662411fc,revision_C_base@7c27a44,7c27a44,45e2af3666873b8389a0bd7936fd9b6029d41fa8169fa964adb24a85ca76dec6,c6-random_20260831_182014_803486_5cf558a2,5cf558a20d4e6c9ac5845bd72e390abc3dcd6217c904aa099c208da79cfb245f,revision_B_base,revision_B_base,0.8,5,200000.0,xlarge,45.0,80.0,5.0,0.5,1.0,"{""p_d"":0.8,""stage"":""c6-random"",""tau"":10000.0,""w"":0.5}",b7a677794b82ff1680841467faa35377b7d82f925e1dd78d94f0523c73551860
11,42,random_uniform_n8_uncoordinated,420219099,"policy_seed = SeedSequence([planning_seed, dataset_id, hash('c6-random-policy')]); per-UAV stream = SeedSequence([policy_seed, uav_id]) -> default_rng(derived_seed); one stream per persistent UAV identity; streams are never shared or consumed sequentially across UAVs",0.028049115270785248,7883.464325178943,0.028141105630558747,675,152534,0.9955747571033343,225.97629629629628,1535,8000,200000.0,582.0443387571722,0.0,8000,97,0.012125,0,0,0,0,budget_exhausted,8000,8001,8000,8001,200000.0,"[[407099.5354039874,6044269.654278247],[407142.2628210945,6044270.3422409315],[407171.5809632287,6044390.249119786],[407095.80187730124,6044246.709943859],[407136.118463462,6044383.526865833]]",1cb1e79d07c1a001fd4c5b9ce4fe3d27ab95c671552b93dc4f89281a9b88aa3d,23385ef40a31e0561c80bd47dc1bf8de2c3bc55bdb3d67705a5bb791ea974466,"{""0"":1695698073,""1"":3198615645,""2"":1734775712,""3"":109770244,""4"":3679531949}","{""0"":1695698073,""1"":3198615645,""2"":1734775712,""3"":109770244,""4"":3679531949}","[0,1,2,3,4]",not_applicable,not_applicable,not_applicable,not_applicable,evidence,10000.0,0.8,none,none,none,none,none,stationary,matched_prior_exact,1,0,ff9c911b88e978f85c8ec86f95f3284c939dbfe62035870a0e649d45ed097684,flat,temperate,11:42,c5-generalization_20260827_181139_043334_662411fc,revision_C_base@7c27a44,7c27a44,45e2af3666873b8389a0bd7936fd9b6029d41fa8169fa964adb24a85ca76dec6,c6-random_20260831_182014_803486_5cf558a2,5cf558a20d4e6c9ac5845bd72e390abc3dcd6217c904aa099c208da79cfb245f,revision_B_base,revision_B_base,0.8,5,200000.0,xlarge,45.0,80.0,5.0,0.5,1.0,"{""p_d"":0.8,""stage"":""c6-random"",""tau"":10000.0,""w"":0.5}",b7a677794b82ff1680841467faa35377b7d82f925e1dd78d94f0523c73551860
11,44,random_uniform_n8_uncoordinated,611873134,"policy_seed = SeedSequence([planning_seed, dataset_id, hash('c6-random-policy')]); per-UAV stream = SeedSequence([policy_seed, uav_id]) -> default_rng(derived_seed); one stream per persistent UAV identity; streams are never shared or consumed sequentially across UAVs",0.021419219495545774,7907.8086301189005,0.02146042030045595,525,152791,0.9965639337395528,291.0304761904762,1425,8000,200000.0,594.9510801439174,0.0,8000,138,0.01725,0,0,0,0,budget_exhausted,8000,8001,8000,8001,200000.0,"[[407126.0710900883,6044370.523872649],[407007.9106306005,6044390.093676482],[407138.07026454643,6044414.043571173],[407119.8065524125,6044384.82470778],[407055.15622625983,6044264.591987797]]",53530657e9075a9c22d32ae92ddfae87139fe25651b2690a9ce00c2e03351761,fee9f49b2009a2a4de205822d1929dafe703df4c24f95a5a2b8a0c18c23aa4f8,"{""0"":4021774554,""1"":3000360020,""2"":1991015151,""3"":208638536,""4"":1944266101}","{""0"":4021774554,""1"":3000360020,""2"":1991015151,""3"":208638536,""4"":1944266101}","[0,1,2,3,4]",not_applicable,not_applicable,not_applicable,not_applicable,evidence,10000.0,0.8,none,none,none,none,none,stationary,matched_prior_exact,1,0,ff9c911b88e978f85c8ec86f95f3284c939dbfe62035870a0e649d45ed097684,flat,temperate,11:44,c5-generalization_20260827_181139_043334_662411fc,revision_C_base@7c27a44,7c27a44,45e2af3666873b8389a0bd7936fd9b6029d41fa8169fa964adb24a85ca76dec6,c6-random_20260831_182014_803486_5cf558a2,5cf558a20d4e6c9ac5845bd72e390abc3dcd6217c904aa099c208da79cfb245f,revision_B_base,revision_B_base,0.8,5,200000.0,xlarge,45.0,80.0,5.0,0.5,1.0,"{""p_d"":0.8,""stage"":""c6-random"",""tau"":10000.0,""w"":0.5}",b7a677794b82ff1680841467faa35377b7d82f925e1dd78d94f0523c73551860
11,43,random_uniform_n8_uncoordinated,230257683,"policy_seed = SeedSequence([planning_seed, dataset_id, hash('c6-random-policy')]); per-UAV stream = SeedSequence([policy_seed, uav_id]) -> default_rng(derived_seed); one stream per persistent UAV identity; streams are never shared or consumed sequentially across UAVs",0.022410345131398238,7916.512086694891,0.022485363739950893,557,152296,0.9963426485265535,273.42190305206464,1501,8000,200000.0,658.5598091660067,0.0,8000,217,0.0265,0,0,0,0,budget_exhausted,8000,8001,8000,8001,200000.0,"[[407077.5492028859,6044318.050533417],[407180.48541141156,6044346.651617973],[407049.12814076175,6044310.475795228],[407090.1796215503,6044283.805414461],[407030.75408596674,6044367.515327778]]",34a093634a379cccc3f19c065026cb0f022e187ed8a6685ddd38a12cadcab079,f8ced3af52500dfa770f51b8f517291e852796123611ac1976ef214f5407e113,"{""0"":1366689523,""1"":1032944000,""2"":2873550121,""3"":521920299,""4"":3461687089}","{""0"":1366689523,""1"":1032944000,""2"":2873550121,""3"":521920299,""4"":3461687089}","[0,1,2,3,4]",not_applicable,not_applicable,not_applicable,not_applicable,evidence,10000.0,0.8,none,none,none,none,none,stationary,matched_prior_exact,1,0,ff9c911b88e978f85c8ec86f95f3284c939dbfe62035870a0e649d45ed097684,flat,temperate,11:43,c5-generalization_20260827_181139_043334_662411fc,revision_C_base@7c27a44,7c27a44,45e2af3666873b8389a0bd7936fd9b6029d41fa8169fa964adb24a85ca76dec6,c6-random_20260831_182014_803486_5cf558a2,5cf558a20d4e6c9ac5845bd72e390abc3dcd6217c904aa099c208da79cfb245f,revision_B_base,revision_B_base,0.8,5,200000.0,xlarge,45.0,80.0,5.0,0.5,1.0,"{""p_d"":0.8,""stage"":""c6-random"",""tau"":10000.0,""w"":0.5}",b7a677794b82ff1680841467faa35377b7d82f925e1dd78d94f0523c73551860
11,46,random_uniform_n8_uncoordinated,1880983476,"policy_seed = SeedSequence([planning_seed, dataset_id, hash('c6-random-policy')]); per-UAV stream = SeedSequence([policy_seed, uav_id]) -> default_rng(derived_seed); one stream per persistent UAV identity; streams are never shared or consumed sequentially across UAVs",0.017457411902677647,7929.927691798089,0.017548445689579424,438,152359,0.9971252108506882,347.851598173516,2532,8000,200000.0,588.3885008739308,0.0,8000,248,0.03075,0,0,0,0,budget_exhausted,8000,8001,8000,8001,200000.0,"[[407112.64483048505,6044319.620372377],[407078.4560264869,6044413.219037237],[407116.2787395918,6044323.41492591],[407029.0056796109,6044271.2478784295],[407003.3085630612,6044328.9378130995]]",9cddbfb99279cd5eee03d82086dbbdfb37f31abd1b94d5722a8b423fcbd08769,d3f5790ed0b01fbb6d4770ba3b14b055358ff462eed49e7e91e9af1a0d22533e,"{""0"":2431230951,""1"":4010618520,""2"":1243701312,""3"":2212639976,""4"":145587845}","{""0"":2431230951,""1"":4010618520,""2"":1243701312,""3"":2212639976,""4"":145587845}","[0,1,2,3,4]",not_applicable,not_applicable,not_applicable,not_applicable,evidence,10000.0,0.8,none,none,none,none,none,stationary,matched_prior_exact,1,0,ff9c911b88e978f85c8ec86f95f3284c939dbfe62035870a0e649d45ed097684,flat,temperate,11:46,c5-generalization_20260827_181139_043334_662411fc,revision_C_base@7c27a44,7c27a44,45e2af3666873b8389a0bd7936fd9b6029d41fa8169fa964adb24a85ca76dec6,c6-random_20260831_182014_803486_5cf558a2,5cf558a20d4e6c9ac5845bd72e390abc3dcd6217c904aa099c208da79cfb245f,revision_B_base,revision_B_base,0.8,5,200000.0,xlarge,45.0,80.0,5.0,0.5,1.0,"{""p_d"":0.8,""stage"":""c6-random"",""tau"":10000.0,""w"":0.5}",b7a677794b82ff1680841467faa35377b7d82f925e1dd78d94f0523c73551860
11,45,random_uniform_n8_uncoordinated,1918586944,"policy_seed = SeedSequence([planning_seed, dataset_id, hash('c6-random-policy')]); per-UAV stream = SeedSequence([policy_seed, uav_id]) -> default_rng(derived_seed); one stream per persistent UAV identity; streams are never shared or consumed sequentially across UAVs",0.019673177568354704,7914.796060354304,0.01978104898623971,477,152404,0.9968701608881657,319.50524109014674,1851,8000,200000.0,671.1305119167082,0.0,8000,295,0.03525,0,0,0,0,budget_exhausted,8000,8001,8000,8001,200000.0,"[[407024.44433846883,6044302.912255429],[407097.318981878,6044245.390295086],[407001.5034070781,6044329.483281017],[407111.63476995326,6044261.247248043],[407020.8193257353,6044379.670493983]]",78629cfa8aed03ddf734cf5143bee3141caa6f77ea5469d53b714c177795bef9,a72d89f4f48caa85b5c93042abeeeb571a818476952fca44426ac83edefef605,"{""0"":4081891644,""1"":2426642605,""2"":556353999,""3"":1723167139,""4"":1416398213}","{""0"":4081891644,""1"":2426642605,""2"":556353999,""3"":1723167139,""4"":1416398213}","[0,1,2,3,4]",not_applicable,not_applicable,not_applicable,not_applicable,evidence,10000.0,0.8,none,none,none,none,none,stationary,matched_prior_exact,1,0,ff9c911b88e978f85c8ec86f95f3284c939dbfe62035870a0e649d45ed097684,flat,temperate,11:45,c5-generalization_20260827_181139_043334_662411fc,revision_C_base@7c27a44,7c27a44,45e2af3666873b8389a0bd7936fd9b6029d41fa8169fa964adb24a85ca76dec6,c6-random_20260831_182014_803486_5cf558a2,5cf558a20d4e6c9ac5845bd72e390abc3dcd6217c904aa099c208da79cfb245f,revision_B_base,revision_B_base,0.8,5,200000.0,xlarge,45.0,80.0,5.0,0.5,1.0,"{""p_d"":0.8,""stage"":""c6-random"",""tau"":10000.0,""w"":0.5}",b7a677794b82ff1680841467faa35377b7d82f925e1dd78d94f0523c73551860
11,47,random_uniform_n8_uncoordinated,3510114951,"policy_seed = SeedSequence([planning_seed, dataset_id, hash('c6-random-policy')]); per-UAV stream = SeedSequence([policy_seed, uav_id]) -> default_rng(derived_seed); one stream per persistent UAV identity; streams are never shared or consumed sequentially across UAVs",0.017434863318840373,7929.729620436259,0.017512888629801975,428,152564,0.9971946199627697,356.4579439252336,2207,8000,200000.0,640.2069535399787,0.0,8000,341,0.0415,0,0,0,0,budget_exhausted,8000,8001,8000,8001,200000.0,"[[407085.13158017356,6044248.454169599],[407058.16267542844,6044342.143070978],[407145.01224122744,6044323.442550039],[407118.037504973,6044423.294931198],[407047.40895202674,6044331.660115124]]",7dfb5c16d5299f4f2e7d16a845b7ee594f2c60af63bdb532d93b3c97fcb66b17,a53da5155d6a1fd7cee7339021f5e162f1665e1aa156695ea6c769e368aa38a9,"{""0"":3516111338,""1"":4164687526,""2"":3857970349,""3"":425571444,""4"":3366515707}","{""0"":3516111338,""1"":4164687526,""2"":3857970349,""3"":425571444,""4"":3366515707}","[0,1,2,3,4]",not_applicable,not_applicable,not_applicable,not_applicable,evidence,10000.0,0.8,none,none,none,none,none,stationary,matched_prior_exact,1,0,ff9c911b88e978f85c8ec86f95f3284c939dbfe62035870a0e649d45ed097684,flat,temperate,11:47,c5-generalization_20260827_181139_043334_662411fc,revision_C_base@7c27a44,7c27a44,45e2af3666873b8389a0bd7936fd9b6029d41fa8169fa964adb24a85ca76dec6,c6-random_20260831_182014_803486_5cf558a2,5cf558a20d4e6c9ac5845bd72e390abc3dcd6217c904aa099c208da79cfb245f,revision_B_base,revision_B_base,0.8,5,200000.0,xlarge,45.0,80.0,5.0,0.5,1.0,"{""p_d"":0.8,""stage"":""c6-random"",""tau"":10000.0,""w"":0.5}",b7a677794b82ff1680841467faa35377b7d82f925e1dd78d94f0523c73551860
11,48,random_uniform_n8_uncoordinated,3749175151,"policy_seed = SeedSequence([planning_seed, dataset_id, hash('c6-random-policy')]); per-UAV stream = SeedSequence([policy_seed, uav_id]) -> default_rng(derived_seed); one stream per persistent UAV identity; streams are never shared or consumed sequentially across UAVs",0.018441930308974605,7922.7258946513475,0.018479843820659106,450,152542,0.9970499927888713,338.9822222222222,1652,8000,200000.0,628.5280945561826,0.0,8000,161,0.019875,0,0,0,0,budget_exhausted,8000,8001,8000,8001,200000.0,"[[407030.84548242734,6044385.207912825],[407006.5782810622,6044327.935983722],[407036.17947538645,6044259.144771357],[407028.2126200111,6044296.279541202],[407095.8439321298,6044289.694960312]]",eddf1fdc23cb0d0f7d0b5404a81fac5fb89d735cb21ef86307be72d6b98e7a2f,d45d5e31abd95e735fbac7e09b7728ad952dc025c32f67b739b40a58855ddf3a,"{""0"":2079762380,""1"":2361549189,""2"":1970821575,""3"":475613381,""4"":1355250426}","{""0"":2079762380,""1"":2361549189,""2"":1970821575,""3"":475613381,""4"":1355250426}","[0,1,2,3,4]",not_applicable,not_applicable,not_applicable,not_applicable,evidence,10000.0,0.8,none,none,none,none,none,stationary,matched_prior_exact,1,0,ff9c911b88e978f85c8ec86f95f3284c939dbfe62035870a0e649d45ed097684,flat,temperate,11:48,c5-generalization_20260827_181139_043334_662411fc,revision_C_base@7c27a44,7c27a44,45e2af3666873b8389a0bd7936fd9b6029d41fa8169fa964adb24a85ca76dec6,c6-random_20260831_182014_803486_5cf558a2,5cf558a20d4e6c9ac5845bd72e390abc3dcd6217c904aa099c208da79cfb245f,revision_B_base,revision_B_base,0.8,5,200000.0,xlarge,45.0,80.0,5.0,0.5,1.0,"{""p_d"":0.8,""stage"":""c6-random"",""tau"":10000.0,""w"":0.5}",b7a677794b82ff1680841467faa35377b7d82f925e1dd78d94f0523c73551860
11,49,random_uniform_n8_uncoordinated,1589226741,"policy_seed = SeedSequence([planning_seed, dataset_id, hash('c6-random-policy')]); per-UAV stream = SeedSequence([policy_seed, uav_id]) -> default_rng(derived_seed); one stream per persistent UAV identity; streams are never shared or consumed sequentially across UAVs",0.018088149149952118,7925.9141687747215,0.01814714783494783,449,152621,0.9970580719560218,339.913140311804,1617,8000,200000.0,672.9593708324246,0.0,8000,282,0.034875,0,0,0,0,budget_exhausted,8000,8001,8000,8001,200000.0,"[[407039.4502699506,6044393.608585497],[407028.1380963222,6044384.744052579],[407083.0992394051,6044325.479398455],[407106.03809694067,6044236.728645445],[407056.2420664438,6044333.204161053]]",6380ff17fae2c5dce548cb122f24b97936c86bc6bd9dfc0abfbb7641ad272364,0590e815c7da452c11019c0471e6bc6dc3ca0fe3b427eced364fc3dff121463d,"{""0"":1783809243,""1"":1034187822,""2"":3604820444,""3"":1513805816,""4"":384049727}","{""0"":1783809243,""1"":1034187822,""2"":3604820444,""3"":1513805816,""4"":384049727}","[0,1,2,3,4]",not_applicable,not_applicable,not_applicable,not_applicable,evidence,10000.0,0.8,none,none,none,none,none,stationary,matched_prior_exact,1,0,ff9c911b88e978f85c8ec86f95f3284c939dbfe62035870a0e649d45ed097684,flat,temperate,11:49,c5-generalization_20260827_181139_043334_662411fc,revision_C_base@7c27a44,7c27a44,45e2af3666873b8389a0bd7936fd9b6029d41fa8169fa964adb24a85ca76dec6,c6-random_20260831_182014_803486_5cf558a2,5cf558a20d4e6c9ac5845bd72e390abc3dcd6217c904aa099c208da79cfb245f,revision_B_base,revision_B_base,0.8,5,200000.0,xlarge,45.0,80.0,5.0,0.5,1.0,"{""p_d"":0.8,""stage"":""c6-random"",""tau"":10000.0,""w"":0.5}",b7a677794b82ff1680841467faa35377b7d82f925e1dd78d94f0523c73551860
11,50,random_uniform_n8_uncoordinated,3734723751,"policy_seed = SeedSequence([planning_seed, dataset_id, hash('c6-random-policy')]); per-UAV stream = SeedSequence([policy_seed, uav_id]) -> default_rng(derived_seed); one stream per persistent UAV identity; streams are never shared or consumed sequentially across UAVs",0.017493751564750283,7903.30002164597,0.017594121544501216,448,152611,0.9970644317906311,340.64955357142856,1643,8000,200000.0,658.0574239939451,0.0,8000,255,0.03175,0,0,0,0,budget_exhausted,8000,8001,8000,8001,200000.0,"[[407110.8730779544,6044246.360067519],[406995.37348463165,6044305.902517056],[407096.24765060184,6044415.309600753],[407158.0032599843,6044364.766575829],[407047.4344200188,6044364.844995009]]",9cae9e36224ee0c7d837b747e56e56000fc8156e89997c5413d8629d86db3879,99b1bc67f3715be4c7a29d47ac825a756df881d710ea245989c66914e13cb037,"{""0"":3492602397,""1"":396749551,""2"":1249646102,""3"":2436834117,""4"":2337121437}","{""0"":3492602397,""1"":396749551,""2"":1249646102,""3"":2436834117,""4"":2337121437}","[0,1,2,3,4]",not_applicable,not_applicable,not_applicable,not_applicable,evidence,10000.0,0.8,none,none,none,none,none,stationary,matched_prior_exact,1,0,ff9c911b88e978f85c8ec86f95f3284c939dbfe62035870a0e649d45ed097684,flat,temperate,11:50,c5-generalization_20260827_181139_043334_662411fc,revision_C_base@7c27a44,7c27a44,45e2af3666873b8389a0bd7936fd9b6029d41fa8169fa964adb24a85ca76dec6,c6-random_20260831_182014_803486_5cf558a2,5cf558a20d4e6c9ac5845bd72e390abc3dcd6217c904aa099c208da79cfb245f,revision_B_base,revision_B_base,0.8,5,200000.0,xlarge,45.0,80.0,5.0,0.5,1.0,"{""p_d"":0.8,""stage"":""c6-random"",""tau"":10000.0,""w"":0.5}",b7a677794b82ff1680841467faa35377b7d82f925e1dd78d94f0523c73551860
11,51,random_uniform_n8_uncoordinated,321910539,"policy_seed = SeedSequence([planning_seed, dataset_id, hash('c6-random-policy')]); per-UAV stream = SeedSequence([policy_seed, uav_id]) -> default_rng(derived_seed); one stream per persistent UAV identity; streams are never shared or consumed sequentially across UAVs",0.025930464114546185,7882.654346340106,0.02600676707013222,641,152551,0.9957981265281775,237.98907956318251,1686,8000,200000.0,651.7879513129592,0.0,8000,124,0.015,0,0,0,0,budget_exhausted,8000,8001,8000,8001,200000.0,"[[407141.43648909964,6044315.544375133],[407088.1469897579,6044382.3131742785],[407100.09979723097,6044289.800472306],[407118.96310695674,6044254.7512031635],[407027.7723170735,6044368.251537275]]",61c8419046bfe151beda93afc059c785c9ca6fa5dfa17d9d9d9f2df57ac44ef7,55d4b002a4a0f56dc4810eb16cc3a431ab59bf19d083c1331c5d5daeee2ed2bb,"{""0"":2278722136,""1"":3551287883,""2"":403301925,""3"":133963253,""4"":2391533300}","{""0"":2278722136,""1"":3551287883,""2"":403301925,""3"":133963253,""4"":2391533300}","[0,1,2,3,4]",not_applicable,not_applicable,not_applicable,not_applicable,evidence,10000.0,0.8,none,none,none,none,none,stationary,matched_prior_exact,1,0,ff9c911b88e978f85c8ec86f95f3284c939dbfe62035870a0e649d45ed097684,flat,temperate,11:51,c5-generalization_20260827_181139_043334_662411fc,revision_C_base@7c27a44,7c27a44,45e2af3666873b8389a0bd7936fd9b6029d41fa8169fa964adb24a85ca76dec6,c6-random_20260831_182014_803486_5cf558a2,5cf558a20d4e6c9ac5845bd72e390abc3dcd6217c904aa099c208da79cfb245f,revision_B_base,revision_B_base,0.8,5,200000.0,xlarge,45.0,80.0,5.0,0.5,1.0,"{""p_d"":0.8,""stage"":""c6-random"",""tau"":10000.0,""w"":0.5}",b7a677794b82ff1680841467faa35377b7d82f925e1dd78d94f0523c73551860
12,42,random_uniform_n8_uncoordinated,1716371826,"policy_seed = SeedSequence([planning_seed, dataset_id, hash('c6-random-policy')]); per-UAV stream = SeedSequence([policy_seed, uav_id]) -> default_rng(derived_seed); one stream per persistent UAV identity; streams are never shared or consumed sequentially across UAVs",0.01902860497038058,7926.260404190199,0.019084739657654025,501,152335,0.9967111957199593,304.061876247505,2214,8000,200000.0,591.06059468491,0.0,8000,293,0.03525,0,0,0,0,budget_exhausted,8000,8001,8000,8001,200000.0,"[[487752.97810354084,5669363.621609047],[487795.7055206479,5669364.309571732],[487825.02366278216,5669484.216450586],[487749.2445768547,5669340.677274659],[487789.56116301543,5669477.494196634]]",82db6a1c9a9ed13f8f79da86e48b7fd3f71bd5159343271bdca145178b0f5a30,5dab30d4fcbb98c58774b5406cb047cea2af5db34cd4fda433fdd34f8282e079,"{""0"":3374670229,""1"":3423934462,""2"":2344151454,""3"":2642090822,""4"":3093906978}","{""0"":3374670229,""1"":3423934462,""2"":2344151454,""3"":2642090822,""4"":3093906978}","[0,1,2,3,4]",not_applicable,not_applicable,not_applicable,not_applicable,evidence,10000.0,0.8,none,none,none,none,none,stationary,matched_prior_exact,1,0,2983456c40fec2fa6052d0398336a34f53a12ee04f5fd70c2a678a5e084b9b7d,flat,temperate,12:42,c5-generalization_20260827_181139_043334_662411fc,revision_C_base@7c27a44,7c27a44,45e2af3666873b8389a0bd7936fd9b6029d41fa8169fa964adb24a85ca76dec6,c6-random_20260831_182014_803486_5cf558a2,5cf558a20d4e6c9ac5845bd72e390abc3dcd6217c904aa099c208da79cfb245f,revision_B_base,revision_B_base,0.8,5,200000.0,xlarge,45.0,80.0,5.0,0.5,1.0,"{""p_d"":0.8,""stage"":""c6-random"",""tau"":10000.0,""w"":0.5}",b7a677794b82ff1680841467faa35377b7d82f925e1dd78d94f0523c73551860
12,43,random_uniform_n8_uncoordinated,2637901103,"policy_seed = SeedSequence([planning_seed, dataset_id, hash('c6-random-policy')]); per-UAV stream = SeedSequence([policy_seed, uav_id]) -> default_rng(derived_seed); one stream per persistent UAV identity; streams are never shared or consumed sequentially across UAVs",0.01626405312263299,7936.831467192369,0.016329261059041564,442,152293,0.9970976998286198,344.5542986425339,2237,8000,200000.0,653.317887141835,0.0,8000,272,0.033,0,0,0,0,budget_exhausted,8000,8001,8000,8001,200000.0,"[[487730.99190243933,5669412.017864217],[487833.928110965,5669440.6189487735],[487702.5708403152,5669404.443126028],[487743.62232110376,5669377.772745261],[487684.1967855202,5669461.482658578]]",df7c40000b9e2514790e87b9c5c450a338dfac30d97e741c6387877c23fbcb9a,c63b4399da7a10ff07770fda09a447ed6dcd7d65ea84d2fcdf67de5fad6910dc,"{""0"":2297307506,""1"":2602488743,""2"":3911765178,""3"":437341116,""4"":4196833568}","{""0"":2297307506,""1"":2602488743,""2"":3911765178,""3"":437341116,""4"":4196833568}","[0,1,2,3,4]",not_applicable,not_applicable,not_applicable,not_applicable,evidence,10000.0,0.8,none,none,none,none,none,stationary,matched_prior_exact,1,0,2983456c40fec2fa6052d0398336a34f53a12ee04f5fd70c2a678a5e084b9b7d,flat,temperate,12:43,c5-generalization_20260827_181139_043334_662411fc,revision_C_base@7c27a44,7c27a44,45e2af3666873b8389a0bd7936fd9b6029d41fa8169fa964adb24a85ca76dec6,c6-random_20260831_182014_803486_5cf558a2,5cf558a20d4e6c9ac5845bd72e390abc3dcd6217c904aa099c208da79cfb245f,revision_B_base,revision_B_base,0.8,5,200000.0,xlarge,45.0,80.0,5.0,0.5,1.0,"{""p_d"":0.8,""stage"":""c6-random"",""tau"":10000.0,""w"":0.5}",b7a677794b82ff1680841467faa35377b7d82f925e1dd78d94f0523c73551860
12,45,random_uniform_n8_uncoordinated,3909690118,"policy_seed = SeedSequence([planning_seed, dataset_id, hash('c6-random-policy')]); per-UAV stream = SeedSequence([policy_seed, uav_id]) -> default_rng(derived_seed); one stream per persistent UAV identity; streams are never shared or consumed sequentially across UAVs",0.019069952957234418,7926.65183208596,0.01913253198609976,502,152200,0.9967017082785808,303.18725099601596,2380,8000,200000.0,595.1584189161658,0.0,8000,251,0.030875,0,0,0,0,budget_exhausted,8000,8001,8000,8001,200000.0,"[[487677.8870380223,5669396.879586229],[487750.76168143144,5669339.357625887],[487654.94610663154,5669423.450611818],[487765.0774695067,5669355.214578844],[487674.2620252888,5669473.637824783]]",06968ba1e3ca84ed6771d74ce719107af57f1b47cf067d90211c88be539aa365,4ea5432821c72dd2a985d8d33db50eb32816439e9b4c8d754087f9ed46a950c4,"{""0"":1292676149,""1"":2020377529,""2"":2181901808,""3"":1881372014,""4"":3555620351}","{""0"":1292676149,""1"":2020377529,""2"":2181901808,""3"":1881372014,""4"":3555620351}","[0,1,2,3,4]",not_applicable,not_applicable,not_applicable,not_applicable,evidence,10000.0,0.8,none,none,none,none,none,stationary,matched_prior_exact,1,0,2983456c40fec2fa6052d0398336a34f53a12ee04f5fd70c2a678a5e084b9b7d,flat,temperate,12:45,c5-generalization_20260827_181139_043334_662411fc,revision_C_base@7c27a44,7c27a44,45e2af3666873b8389a0bd7936fd9b6029d41fa8169fa964adb24a85ca76dec6,c6-random_20260831_182014_803486_5cf558a2,5cf558a20d4e6c9ac5845bd72e390abc3dcd6217c904aa099c208da79cfb245f,revision_B_base,revision_B_base,0.8,5,200000.0,xlarge,45.0,80.0,5.0,0.5,1.0,"{""p_d"":0.8,""stage"":""c6-random"",""tau"":10000.0,""w"":0.5}",b7a677794b82ff1680841467faa35377b7d82f925e1dd78d94f0523c73551860
12,44,random_uniform_n8_uncoordinated,238833950,"policy_seed = SeedSequence([planning_seed, dataset_id, hash('c6-random-policy')]); per-UAV stream = SeedSequence([policy_seed, uav_id]) -> default_rng(derived_seed); one stream per persistent UAV identity; streams are never shared or consumed sequentially across UAVs",0.02065253361883359,7908.297273906722,0.020711710840969965,543,152311,0.9964349259081747,280.49907918968694,1247,8000,200000.0,653.4618166293949,0.0,8000,203,0.025,0,0,0,0,budget_exhausted,8000,8001,8000,8001,200000.0,"[[487779.5137896417,5669464.49120345],[487661.353330154,5669484.061007283],[487791.5129640999,5669508.010901974],[487773.24925196596,5669478.79203858],[487708.5989258133,5669358.559318597]]",3f3925747fbdba406133e07145fc3885a3bba5237adea2ea92ccfe9b51e184d0,93f49268aab26d15e146fa2a45aca4bd6fc135dca046bde4f15a85469309b5ea,"{""0"":4101353913,""1"":2174473759,""2"":3530247223,""3"":2195905411,""4"":2505172434}","{""0"":4101353913,""1"":2174473759,""2"":3530247223,""3"":2195905411,""4"":2505172434}","[0,1,2,3,4]",not_applicable,not_applicable,not_applicable,not_applicable,evidence,10000.0,0.8,none,none,none,none,none,stationary,matched_prior_exact,1,0,2983456c40fec2fa6052d0398336a34f53a12ee04f5fd70c2a678a5e084b9b7d,flat,temperate,12:44,c5-generalization_20260827_181139_043334_662411fc,revision_C_base@7c27a44,7c27a44,45e2af3666873b8389a0bd7936fd9b6029d41fa8169fa964adb24a85ca76dec6,c6-random_20260831_182014_803486_5cf558a2,5cf558a20d4e6c9ac5845bd72e390abc3dcd6217c904aa099c208da79cfb245f,revision_B_base,revision_B_base,0.8,5,200000.0,xlarge,45.0,80.0,5.0,0.5,1.0,"{""p_d"":0.8,""stage"":""c6-random"",""tau"":10000.0,""w"":0.5}",b7a677794b82ff1680841467faa35377b7d82f925e1dd78d94f0523c73551860
12,46,random_uniform_n8_uncoordinated,1806330628,"policy_seed = SeedSequence([planning_seed, dataset_id, hash('c6-random-policy')]); per-UAV stream = SeedSequence([policy_seed, uav_id]) -> default_rng(derived_seed); one stream per persistent UAV identity; streams are never shared or consumed sequentially across UAVs",0.01944614914602809,7905.85603806717,0.01948837214682787,510,152138,0.9966477803047233,298.30980392156863,1712,8000,200000.0,594.8193071228452,0.0,8000,121,0.015,0,0,0,0,budget_exhausted,8000,8001,8000,8001,200000.0,"[[487766.0875300385,5669413.587703178],[487731.8987260403,5669507.186368037],[487769.7214391453,5669417.38225671],[487682.4483791643,5669365.21520923],[487656.7512626146,5669422.9051439]]",3fa69cb7819eac24f15029b8d71fcde2a8e24f467fbaf89692eae804d1763799,427a23b0474cd158db70d10ca9a62bcedcdd3ba2464518907ec79ab2ebd8bd72,"{""0"":1091026318,""1"":552325884,""2"":2452781106,""3"":1834125364,""4"":3410619725}","{""0"":1091026318,""1"":552325884,""2"":2452781106,""3"":1834125364,""4"":3410619725}","[0,1,2,3,4]",not_applicable,not_applicable,not_applicable,not_applicable,evidence,10000.0,0.8,none,none,none,none,none,stationary,matched_prior_exact,1,0,2983456c40fec2fa6052d0398336a34f53a12ee04f5fd70c2a678a5e084b9b7d,flat,temperate,12:46,c5-generalization_20260827_181139_043334_662411fc,revision_C_base@7c27a44,7c27a44,45e2af3666873b8389a0bd7936fd9b6029d41fa8169fa964adb24a85ca76dec6,c6-random_20260831_182014_803486_5cf558a2,5cf558a20d4e6c9ac5845bd72e390abc3dcd6217c904aa099c208da79cfb245f,revision_B_base,revision_B_base,0.8,5,200000.0,xlarge,45.0,80.0,5.0,0.5,1.0,"{""p_d"":0.8,""stage"":""c6-random"",""tau"":10000.0,""w"":0.5}",b7a677794b82ff1680841467faa35377b7d82f925e1dd78d94f0523c73551860
12,48,random_uniform_n8_uncoordinated,3639630723,"policy_seed = SeedSequence([planning_seed, dataset_id, hash('c6-random-policy')]); per-UAV stream = SeedSequence([policy_seed, uav_id]) -> default_rng(derived_seed); one stream per persistent UAV identity; streams are never shared or consumed sequentially across UAVs",0.019636067067403194,7923.012278602741,0.019742882764267104,518,152455,0.9966022760814667,294.31467181467184,2360,8000,200000.0,595.2765143038705,0.0,8000,284,0.035125,0,0,0,0,budget_exhausted,8000,8001,8000,8001,200000.0,"[[487684.2881819808,5669479.175243625],[487660.02098061563,5669421.9033145225],[487689.6221749399,5669353.112102157],[487681.65531956457,5669390.246872002],[487749.28663168324,5669383.662291112]]",fad9f0d3eda622c7749e70194b5cd25978ce3bcb9a77d02c9d66871074ac0911,f2db0855007b86b2e7370f61daa30c7ef4a50e20428e18a97d8fb50efbb55e64,"{""0"":3171523239,""1"":2929861016,""2"":1539265059,""3"":1132877502,""4"":3635543322}","{""0"":3171523239,""1"":2929861016,""2"":1539265059,""3"":1132877502,""4"":3635543322}","[0,1,2,3,4]",not_applicable,not_applicable,not_applicable,not_applicable,evidence,10000.0,0.8,none,none,none,none,none,stationary,matched_prior_exact,1,0,2983456c40fec2fa6052d0398336a34f53a12ee04f5fd70c2a678a5e084b9b7d,flat,temperate,12:48,c5-generalization_20260827_181139_043334_662411fc,revision_C_base@7c27a44,7c27a44,45e2af3666873b8389a0bd7936fd9b6029d41fa8169fa964adb24a85ca76dec6,c6-random_20260831_182014_803486_5cf558a2,5cf558a20d4e6c9ac5845bd72e390abc3dcd6217c904aa099c208da79cfb245f,revision_B_base,revision_B_base,0.8,5,200000.0,xlarge,45.0,80.0,5.0,0.5,1.0,"{""p_d"":0.8,""stage"":""c6-random"",""tau"":10000.0,""w"":0.5}",b7a677794b82ff1680841467faa35377b7d82f925e1dd78d94f0523c73551860
12,47,random_uniform_n8_uncoordinated,2635679040,"policy_seed = SeedSequence([planning_seed, dataset_id, hash('c6-random-policy')]); per-UAV stream = SeedSequence([policy_seed, uav_id]) -> default_rng(derived_seed); one stream per persistent UAV identity; streams are never shared or consumed sequentially across UAVs",0.015863462771442245,7921.907893327368,0.015935205145183658,426,152123,0.9971996345062877,357.0962441314554,2311,8000,200000.0,657.7953168908134,0.0,8000,216,0.027,0,0,0,0,budget_exhausted,8000,8001,8000,8001,200000.0,"[[487738.574279727,5669342.4215004],[487711.6053749819,5669436.1104017785],[487798.4549407809,5669417.409880839],[487771.48020452645,5669517.262261998],[487700.8516515802,5669425.627445924]]",1554c6d50630550bd52e0298fc5d660fbe9e1ea8244747742244420802cb7294,436155e7aeda055c4918b7466d2709b998be7477414d17b184d62704810a5015,"{""0"":893139299,""1"":1917735059,""2"":4057657138,""3"":2754376616,""4"":64964619}","{""0"":893139299,""1"":1917735059,""2"":4057657138,""3"":2754376616,""4"":64964619}","[0,1,2,3,4]",not_applicable,not_applicable,not_applicable,not_applicable,evidence,10000.0,0.8,none,none,none,none,none,stationary,matched_prior_exact,1,0,2983456c40fec2fa6052d0398336a34f53a12ee04f5fd70c2a678a5e084b9b7d,flat,temperate,12:47,c5-generalization_20260827_181139_043334_662411fc,revision_C_base@7c27a44,7c27a44,45e2af3666873b8389a0bd7936fd9b6029d41fa8169fa964adb24a85ca76dec6,c6-random_20260831_182014_803486_5cf558a2,5cf558a20d4e6c9ac5845bd72e390abc3dcd6217c904aa099c208da79cfb245f,revision_B_base,revision_B_base,0.8,5,200000.0,xlarge,45.0,80.0,5.0,0.5,1.0,"{""p_d"":0.8,""stage"":""c6-random"",""tau"":10000.0,""w"":0.5}",b7a677794b82ff1680841467faa35377b7d82f925e1dd78d94f0523c73551860
12,49,random_uniform_n8_uncoordinated,104148993,"policy_seed = SeedSequence([planning_seed, dataset_id, hash('c6-random-policy')]); per-UAV stream = SeedSequence([policy_seed, uav_id]) -> default_rng(derived_seed); one stream per persistent UAV identity; streams are never shared or consumed sequentially across UAVs",0.019315565136777277,7936.190977919178,0.019422510450619924,501,152099,0.9967060927422271,303.59081836327346,1805,8000,200000.0,659.0481281997636,0.0,8000,257,0.0315,0,0,0,0,budget_exhausted,8000,8001,8000,8001,200000.0,"[[487692.89296950406,5669487.575916298],[487681.58079587563,5669478.711383379],[487736.5419389586,5669419.446729255],[487759.4807964941,5669330.695976245],[487709.6847659972,5669427.171491853]]",4edd7bce3419b6a5b41a81acb0a1ca08e47a104b81757baa54e26b327bd29be0,23ceec97f8cb7b0ecaf785ffb3a22c1825c8ef7db1d94f4ff4d7faa2576d7b6d,"{""0"":2199778387,""1"":175037567,""2"":4147752488,""3"":1864313365,""4"":3900566559}","{""0"":2199778387,""1"":175037567,""2"":4147752488,""3"":1864313365,""4"":3900566559}","[0,1,2,3,4]",not_applicable,not_applicable,not_applicable,not_applicable,evidence,10000.0,0.8,none,none,none,none,none,stationary,matched_prior_exact,1,0,2983456c40fec2fa6052d0398336a34f53a12ee04f5fd70c2a678a5e084b9b7d,flat,temperate,12:49,c5-generalization_20260827_181139_043334_662411fc,revision_C_base@7c27a44,7c27a44,45e2af3666873b8389a0bd7936fd9b6029d41fa8169fa964adb24a85ca76dec6,c6-random_20260831_182014_803486_5cf558a2,5cf558a20d4e6c9ac5845bd72e390abc3dcd6217c904aa099c208da79cfb245f,revision_B_base,revision_B_base,0.8,5,200000.0,xlarge,45.0,80.0,5.0,0.5,1.0,"{""p_d"":0.8,""stage"":""c6-random"",""tau"":10000.0,""w"":0.5}",b7a677794b82ff1680841467faa35377b7d82f925e1dd78d94f0523c73551860
12,51,random_uniform_n8_uncoordinated,3197382936,"policy_seed = SeedSequence([planning_seed, dataset_id, hash('c6-random-policy')]); per-UAV stream = SeedSequence([policy_seed, uav_id]) -> default_rng(derived_seed); one stream per persistent UAV identity; streams are never shared or consumed sequentially across UAVs",0.018533790413675803,7923.800021619966,0.018620304948797187,501,152238,0.9967091002246482,303.8682634730539,2026,8000,200000.0,607.3024192787707,0.0,8000,185,0.022875,0,0,0,0,budget_exhausted,8000,8001,8000,8001,200000.0,"[[487794.8791886531,5669409.511705933],[487741.58968931134,5669476.280505079],[487753.5424967844,5669383.767803106],[487772.4058065102,5669348.718533964],[487681.2150166269,5669462.218868075]]",9d9ce74bb5b0c3b575d70d077d35a080c6cbbecc9d9e050c0c1e562bdea05b31,35199fd9812515cd74b02df45388fa7873f871dede2380059f5912dd90492705,"{""0"":794239160,""1"":1770147352,""2"":2359835969,""3"":747101245,""4"":1102076558}","{""0"":794239160,""1"":1770147352,""2"":2359835969,""3"":747101245,""4"":1102076558}","[0,1,2,3,4]",not_applicable,not_applicable,not_applicable,not_applicable,evidence,10000.0,0.8,none,none,none,none,none,stationary,matched_prior_exact,1,0,2983456c40fec2fa6052d0398336a34f53a12ee04f5fd70c2a678a5e084b9b7d,flat,temperate,12:51,c5-generalization_20260827_181139_043334_662411fc,revision_C_base@7c27a44,7c27a44,45e2af3666873b8389a0bd7936fd9b6029d41fa8169fa964adb24a85ca76dec6,c6-random_20260831_182014_803486_5cf558a2,5cf558a20d4e6c9ac5845bd72e390abc3dcd6217c904aa099c208da79cfb245f,revision_B_base,revision_B_base,0.8,5,200000.0,xlarge,45.0,80.0,5.0,0.5,1.0,"{""p_d"":0.8,""stage"":""c6-random"",""tau"":10000.0,""w"":0.5}",b7a677794b82ff1680841467faa35377b7d82f925e1dd78d94f0523c73551860
12,50,random_uniform_n8_uncoordinated,3027446170,"policy_seed = SeedSequence([planning_seed, dataset_id, hash('c6-random-policy')]); per-UAV stream = SeedSequence([policy_seed, uav_id]) -> default_rng(derived_seed); one stream per persistent UAV identity; streams are never shared or consumed sequentially across UAVs",0.020451424227823,7911.779842996495,0.02055749952530123,532,152307,0.9965070548300472,286.29135338345867,1461,8000,200000.0,685.9188316161744,0.0,8000,69,0.008625,0,0,0,0,budget_exhausted,8000,8001,8000,8001,200000.0,"[[487764.31577750784,5669340.32739832],[487648.8161841851,5669399.869847856],[487749.6903501553,5669509.276931553],[487811.44595953776,5669458.7339066295],[487700.87711957225,5669458.812325809]]",a8338cc1cbf94848600b55a31a187ca8ae849b554d364f4e27af219197e2e699,98e74e6952a243254b9c851e488ee736a1be84e4c7b3503cae708517c37ce549,"{""0"":968461107,""1"":321697784,""2"":3371388012,""3"":3047681884,""4"":1696186020}","{""0"":968461107,""1"":321697784,""2"":3371388012,""3"":3047681884,""4"":1696186020}","[0,1,2,3,4]",not_applicable,not_applicable,not_applicable,not_applicable,evidence,10000.0,0.8,none,none,none,none,none,stationary,matched_prior_exact,1,0,2983456c40fec2fa6052d0398336a34f53a12ee04f5fd70c2a678a5e084b9b7d,flat,temperate,12:50,c5-generalization_20260827_181139_043334_662411fc,revision_C_base@7c27a44,7c27a44,45e2af3666873b8389a0bd7936fd9b6029d41fa8169fa964adb24a85ca76dec6,c6-random_20260831_182014_803486_5cf558a2,5cf558a20d4e6c9ac5845bd72e390abc3dcd6217c904aa099c208da79cfb245f,revision_B_base,revision_B_base,0.8,5,200000.0,xlarge,45.0,80.0,5.0,0.5,1.0,"{""p_d"":0.8,""stage"":""c6-random"",""tau"":10000.0,""w"":0.5}",b7a677794b82ff1680841467faa35377b7d82f925e1dd78d94f0523c73551860
13,42,random_uniform_n8_uncoordinated,1575939432,"policy_seed = SeedSequence([planning_seed, dataset_id, hash('c6-random-policy')]); per-UAV stream = SeedSequence([policy_seed, uav_id]) -> default_rng(derived_seed); one stream per persistent UAV identity; streams are never shared or consumed sequentially across UAVs",0.015681532847296266,7929.862263088496,0.015725930818047663,405,152253,0.9973399538925342,375.93333333333334,2264,8000,200000.0,626.0086120278575,0.0,8000,383,0.047375,0,0,0,0,budget_exhausted,8000,8001,8000,8001,200000.0,"[[678652.1644619401,6089037.758051638],[678694.8918790472,6089038.446014322],[678724.2100211814,6089158.3528931765],[678648.430935254,6089014.81371725],[678688.7475214147,6089151.630639224]]",0f8fcacafaebdfd0b786747e508c9f689e31407599633e6017f5b5efe763c5b6,18b1bd4cadb532b59f277ade92b2fe5ea00ff214c90851ac9eecdc443a6738ed,"{""0"":537041470,""1"":2918479613,""2"":2750647946,""3"":1875613810,""4"":333383393}","{""0"":537041470,""1"":2918479613,""2"":2750647946,""3"":1875613810,""4"":333383393}","[0,1,2,3,4]",not_applicable,not_applicable,not_applicable,not_applicable,evidence,10000.0,0.8,none,none,none,none,none,stationary,matched_prior_exact,1,0,e027670ccaaa3f6d3329d0a2ae41077c737f8dbfc0cf1b28e74d30328ee5ea2c,flat,temperate,13:42,c5-generalization_20260827_181139_043334_662411fc,revision_C_base@7c27a44,7c27a44,45e2af3666873b8389a0bd7936fd9b6029d41fa8169fa964adb24a85ca76dec6,c6-random_20260831_182014_803486_5cf558a2,5cf558a20d4e6c9ac5845bd72e390abc3dcd6217c904aa099c208da79cfb245f,revision_B_base,revision_B_base,0.8,5,200000.0,xlarge,45.0,80.0,5.0,0.5,1.0,"{""p_d"":0.8,""stage"":""c6-random"",""tau"":10000.0,""w"":0.5}",b7a677794b82ff1680841467faa35377b7d82f925e1dd78d94f0523c73551860
13,44,random_uniform_n8_uncoordinated,1978815874,"policy_seed = SeedSequence([planning_seed, dataset_id, hash('c6-random-policy')]); per-UAV stream = SeedSequence([policy_seed, uav_id]) -> default_rng(derived_seed); one stream per persistent UAV identity; streams are never shared or consumed sequentially across UAVs",0.018496151118485384,7928.91147002213,0.0185436933464844,458,152370,0.996994158955175,332.68558951965065,2136,8000,200000.0,592.3024729290046,0.0,8000,242,0.03,0,0,0,0,budget_exhausted,8000,8001,8000,8001,200000.0,"[[678678.7001480409,6089138.62764604],[678560.5396885532,6089158.197449873],[678690.6993224991,6089182.147344564],[678672.4356103651,6089152.928481171],[678607.7852842124,6089032.695761188]]",9cdbc560543608ae4cc31718d26a48d4661653b8c2be83a5dfea5fd540c84647,f94e0bfb2abda809aec818f71d70fc36933adaf3453686f2f55cd76b1c6b8036,"{""0"":4143628615,""1"":2659050374,""2"":938236116,""3"":2663762673,""4"":2060690218}","{""0"":4143628615,""1"":2659050374,""2"":938236116,""3"":2663762673,""4"":2060690218}","[0,1,2,3,4]",not_applicable,not_applicable,not_applicable,not_applicable,evidence,10000.0,0.8,none,none,none,none,none,stationary,matched_prior_exact,1,0,e027670ccaaa3f6d3329d0a2ae41077c737f8dbfc0cf1b28e74d30328ee5ea2c,flat,temperate,13:44,c5-generalization_20260827_181139_043334_662411fc,revision_C_base@7c27a44,7c27a44,45e2af3666873b8389a0bd7936fd9b6029d41fa8169fa964adb24a85ca76dec6,c6-random_20260831_182014_803486_5cf558a2,5cf558a20d4e6c9ac5845bd72e390abc3dcd6217c904aa099c208da79cfb245f,revision_B_base,revision_B_base,0.8,5,200000.0,xlarge,45.0,80.0,5.0,0.5,1.0,"{""p_d"":0.8,""stage"":""c6-random"",""tau"":10000.0,""w"":0.5}",b7a677794b82ff1680841467faa35377b7d82f925e1dd78d94f0523c73551860
13,43,random_uniform_n8_uncoordinated,100303902,"policy_seed = SeedSequence([planning_seed, dataset_id, hash('c6-random-policy')]); per-UAV stream = SeedSequence([policy_seed, uav_id]) -> default_rng(derived_seed); one stream per persistent UAV identity; streams are never shared or consumed sequentially across UAVs",0.021047209168868708,7926.369769401429,0.02115520300728139,529,152110,0.9965222536322398,287.54253308128546,2132,8000,200000.0,644.4465869758278,0.0,8000,292,0.035875,0,0,0,0,budget_exhausted,8000,8001,8000,8001,200000.0,"[[678630.1782608385,6089086.154306808],[678733.1144693643,6089114.755391364],[678601.7571987144,6089078.579568619],[678642.808679503,6089051.9091878515],[678583.3831439194,6089135.619101169]]",4248db5853daf0a7bc9a971e6b2ed214105d3c3f73655ac447b196df9901907e,e4f600e1d9236ba2c64a41a640761a8f3415a53c3b7ccfc9e73f48c46925cde1,"{""0"":2984365783,""1"":2441181464,""2"":3592293823,""3"":4250255735,""4"":2828989717}","{""0"":2984365783,""1"":2441181464,""2"":3592293823,""3"":4250255735,""4"":2828989717}","[0,1,2,3,4]",not_applicable,not_applicable,not_applicable,not_applicable,evidence,10000.0,0.8,none,none,none,none,none,stationary,matched_prior_exact,1,0,e027670ccaaa3f6d3329d0a2ae41077c737f8dbfc0cf1b28e74d30328ee5ea2c,flat,temperate,13:43,c5-generalization_20260827_181139_043334_662411fc,revision_C_base@7c27a44,7c27a44,45e2af3666873b8389a0bd7936fd9b6029d41fa8169fa964adb24a85ca76dec6,c6-random_20260831_182014_803486_5cf558a2,5cf558a20d4e6c9ac5845bd72e390abc3dcd6217c904aa099c208da79cfb245f,revision_B_base,revision_B_base,0.8,5,200000.0,xlarge,45.0,80.0,5.0,0.5,1.0,"{""p_d"":0.8,""stage"":""c6-random"",""tau"":10000.0,""w"":0.5}",b7a677794b82ff1680841467faa35377b7d82f925e1dd78d94f0523c73551860
13,45,random_uniform_n8_uncoordinated,1517672740,"policy_seed = SeedSequence([planning_seed, dataset_id, hash('c6-random-policy')]); per-UAV stream = SeedSequence([policy_seed, uav_id]) -> default_rng(derived_seed); one stream per persistent UAV identity; streams are never shared or consumed sequentially across UAVs",0.02275844383725973,7911.008899556252,0.022818275034324233,553,152325,0.9963696044641391,275.4520795660036,1633,8000,200000.0,633.3671523919329,0.0,8000,112,0.013875,0,0,0,0,budget_exhausted,8000,8001,8000,8001,200000.0,"[[678577.0733964215,6089071.01602882],[678649.9480398307,6089013.494068477],[678554.1324650308,6089097.587054408],[678664.263827906,6089029.351021434],[678573.448383688,6089147.774267374]]",85e0ab3595e2e2ce269ce58bf3cc62d231aedcb8fcd24191fc1f49bd21d9a5d6,758719673b14cfef254b9dc7dc98f41940265ad91d3b2db6926bf1bf6a604b84,"{""0"":3259531443,""1"":1186416185,""2"":289839351,""3"":814818075,""4"":1166388301}","{""0"":3259531443,""1"":1186416185,""2"":289839351,""3"":814818075,""4"":1166388301}","[0,1,2,3,4]",not_applicable,not_applicable,not_applicable,not_applicable,evidence,10000.0,0.8,none,none,none,none,none,stationary,matched_prior_exact,1,0,e027670ccaaa3f6d3329d0a2ae41077c737f8dbfc0cf1b28e74d30328ee5ea2c,flat,temperate,13:45,c5-generalization_20260827_181139_043334_662411fc,revision_C_base@7c27a44,7c27a44,45e2af3666873b8389a0bd7936fd9b6029d41fa8169fa964adb24a85ca76dec6,c6-random_20260831_182014_803486_5cf558a2,5cf558a20d4e6c9ac5845bd72e390abc3dcd6217c904aa099c208da79cfb245f,revision_B_base,revision_B_base,0.8,5,200000.0,xlarge,45.0,80.0,5.0,0.5,1.0,"{""p_d"":0.8,""stage"":""c6-random"",""tau"":10000.0,""w"":0.5}",b7a677794b82ff1680841467faa35377b7d82f925e1dd78d94f0523c73551860
13,46,random_uniform_n8_uncoordinated,96367259,"policy_seed = SeedSequence([planning_seed, dataset_id, hash('c6-random-policy')]); per-UAV stream = SeedSequence([policy_seed, uav_id]) -> default_rng(derived_seed); one stream per persistent UAV identity; streams are never shared or consumed sequentially across UAVs",0.019195451273903808,7912.449193525098,0.019262038828197933,493,152150,0.9967597765363129,308.62068965517244,1523,8000,200000.0,637.4901545769535,0.0,8000,213,0.026125,0,0,0,0,budget_exhausted,8000,8001,8000,8001,200000.0,"[[678665.2738884378,6089087.724145768],[678631.0850844395,6089181.3228106275],[678668.9077975445,6089091.5186993005],[678581.6347375636,6089039.35165182],[678555.9376210138,6089097.04158649]]",5ee37c7f74597464633a166603c6419833c3ea4a4242b6499bc3005d6b431ce9,403c03ef368c5f930b22e88736ea6cce11d41064f3ffe76449530baaee713b96,"{""0"":2425769959,""1"":1114679261,""2"":3519963703,""3"":2950694712,""4"":889402631}","{""0"":2425769959,""1"":1114679261,""2"":3519963703,""3"":2950694712,""4"":889402631}","[0,1,2,3,4]",not_applicable,not_applicable,not_applicable,not_applicable,evidence,10000.0,0.8,none,none,none,none,none,stationary,matched_prior_exact,1,0,e027670ccaaa3f6d3329d0a2ae41077c737f8dbfc0cf1b28e74d30328ee5ea2c,flat,temperate,13:46,c5-generalization_20260827_181139_043334_662411fc,revision_C_base@7c27a44,7c27a44,45e2af3666873b8389a0bd7936fd9b6029d41fa8169fa964adb24a85ca76dec6,c6-random_20260831_182014_803486_5cf558a2,5cf558a20d4e6c9ac5845bd72e390abc3dcd6217c904aa099c208da79cfb245f,revision_B_base,revision_B_base,0.8,5,200000.0,xlarge,45.0,80.0,5.0,0.5,1.0,"{""p_d"":0.8,""stage"":""c6-random"",""tau"":10000.0,""w"":0.5}",b7a677794b82ff1680841467faa35377b7d82f925e1dd78d94f0523c73551860
13,47,random_uniform_n8_uncoordinated,3034775680,"policy_seed = SeedSequence([planning_seed, dataset_id, hash('c6-random-policy')]); per-UAV stream = SeedSequence([policy_seed, uav_id]) -> default_rng(derived_seed); one stream per persistent UAV identity; streams are never shared or consumed sequentially across UAVs",0.019174148460378675,7916.4455850563,0.01922623910195994,495,152292,0.996749665117012,307.6606060606061,1840,8000,200000.0,658.6543326172978,0.0,8000,99,0.012375,0,0,0,0,budget_exhausted,8000,8001,8000,8001,200000.0,"[[678637.7606381263,6089016.55794299],[678610.7917333811,6089110.246844369],[678697.6412991801,6089091.54632343],[678670.6665629257,6089191.398704588],[678600.0380099794,6089099.763888515]]",f105f9036b07cce736ba58e1ce42c4fce9ebc3827ce5ab00f7ca0dae52128cf4,ef0e59f0c51a9853a7df8dda96262685dbd0f41c45d1e0c24288269bd1d3b0f8,"{""0"":1972170407,""1"":1947847588,""2"":2390746623,""3"":651119741,""4"":1651472471}","{""0"":1972170407,""1"":1947847588,""2"":2390746623,""3"":651119741,""4"":1651472471}","[0,1,2,3,4]",not_applicable,not_applicable,not_applicable,not_applicable,evidence,10000.0,0.8,none,none,none,none,none,stationary,matched_prior_exact,1,0,e027670ccaaa3f6d3329d0a2ae41077c737f8dbfc0cf1b28e74d30328ee5ea2c,flat,temperate,13:47,c5-generalization_20260827_181139_043334_662411fc,revision_C_base@7c27a44,7c27a44,45e2af3666873b8389a0bd7936fd9b6029d41fa8169fa964adb24a85ca76dec6,c6-random_20260831_182014_803486_5cf558a2,5cf558a20d4e6c9ac5845bd72e390abc3dcd6217c904aa099c208da79cfb245f,revision_B_base,revision_B_base,0.8,5,200000.0,xlarge,45.0,80.0,5.0,0.5,1.0,"{""p_d"":0.8,""stage"":""c6-random"",""tau"":10000.0,""w"":0.5}",b7a677794b82ff1680841467faa35377b7d82f925e1dd78d94f0523c73551860
13,48,random_uniform_n8_uncoordinated,4157595136,"policy_seed = SeedSequence([planning_seed, dataset_id, hash('c6-random-policy')]); per-UAV stream = SeedSequence([policy_seed, uav_id]) -> default_rng(derived_seed); one stream per persistent UAV identity; streams are never shared or consumed sequentially across UAVs",0.01588846600823497,7930.038329324879,0.015933560030188736,403,152403,0.9973556950978655,378.1712158808933,2115,8000,200000.0,654.7395065249875,0.0,8000,281,0.034375,0,0,0,0,budget_exhausted,8000,8001,8000,8001,200000.0,"[[678583.4745403801,6089153.311686216],[678559.2073390149,6089096.039757113],[678588.8085333391,6089027.248544748],[678580.8416779637,6089064.383314593],[678648.4729900825,6089057.798733703]]",c01b3844cc93ff29612ae466571ad67e3799e3f69e24da7c016f06ef13149cd9,99412491cb16e98472e5efdc0f509fd2a9eb193f13ba86d32c0973e8236570d2,"{""0"":1908575365,""1"":2404568772,""2"":1919498156,""3"":1108917222,""4"":1175701332}","{""0"":1908575365,""1"":2404568772,""2"":1919498156,""3"":1108917222,""4"":1175701332}","[0,1,2,3,4]",not_applicable,not_applicable,not_applicable,not_applicable,evidence,10000.0,0.8,none,none,none,none,none,stationary,matched_prior_exact,1,0,e027670ccaaa3f6d3329d0a2ae41077c737f8dbfc0cf1b28e74d30328ee5ea2c,flat,temperate,13:48,c5-generalization_20260827_181139_043334_662411fc,revision_C_base@7c27a44,7c27a44,45e2af3666873b8389a0bd7936fd9b6029d41fa8169fa964adb24a85ca76dec6,c6-random_20260831_182014_803486_5cf558a2,5cf558a20d4e6c9ac5845bd72e390abc3dcd6217c904aa099c208da79cfb245f,revision_B_base,revision_B_base,0.8,5,200000.0,xlarge,45.0,80.0,5.0,0.5,1.0,"{""p_d"":0.8,""stage"":""c6-random"",""tau"":10000.0,""w"":0.5}",b7a677794b82ff1680841467faa35377b7d82f925e1dd78d94f0523c73551860
13,49,random_uniform_n8_uncoordinated,146271457,"policy_seed = SeedSequence([planning_seed, dataset_id, hash('c6-random-policy')]); per-UAV stream = SeedSequence([policy_seed, uav_id]) -> default_rng(derived_seed); one stream per persistent UAV identity; streams are never shared or consumed sequentially across UAVs",0.01555842783754036,7938.807976301817,0.015602713397250535,397,152306,0.9973934053812719,383.64231738035267,2890,8000,200000.0,601.831339625176,0.0,8000,444,0.054875,0,0,0,0,budget_exhausted,8000,8001,8000,8001,200000.0,"[[678592.0793279033,6089161.712358888],[678580.7671542749,6089152.84782597],[678635.7282973578,6089093.583171845],[678658.6671548933,6089004.832418836],[678608.8711243964,6089101.3079344435]]",2d7f9754d80d3bb60b250b074b0507f7cc0d1afe1e12b4f15b14acf710412ed5,1b7c24d9b81e72b545d615f3dbad4927419ab5ae21b65539ad3c3e1652078f68,"{""0"":2455332065,""1"":3773041025,""2"":3740376371,""3"":727828316,""4"":3639079851}","{""0"":2455332065,""1"":3773041025,""2"":3740376371,""3"":727828316,""4"":3639079851}","[0,1,2,3,4]",not_applicable,not_applicable,not_applicable,not_applicable,evidence,10000.0,0.8,none,none,none,none,none,stationary,matched_prior_exact,1,0,e027670ccaaa3f6d3329d0a2ae41077c737f8dbfc0cf1b28e74d30328ee5ea2c,flat,temperate,13:49,c5-generalization_20260827_181139_043334_662411fc,revision_C_base@7c27a44,7c27a44,45e2af3666873b8389a0bd7936fd9b6029d41fa8169fa964adb24a85ca76dec6,c6-random_20260831_182014_803486_5cf558a2,5cf558a20d4e6c9ac5845bd72e390abc3dcd6217c904aa099c208da79cfb245f,revision_B_base,revision_B_base,0.8,5,200000.0,xlarge,45.0,80.0,5.0,0.5,1.0,"{""p_d"":0.8,""stage"":""c6-random"",""tau"":10000.0,""w"":0.5}",b7a677794b82ff1680841467faa35377b7d82f925e1dd78d94f0523c73551860
13,50,random_uniform_n8_uncoordinated,1867412043,"policy_seed = SeedSequence([planning_seed, dataset_id, hash('c6-random-policy')]); per-UAV stream = SeedSequence([policy_seed, uav_id]) -> default_rng(derived_seed); one stream per persistent UAV identity; streams are never shared or consumed sequentially across UAVs",0.028514606655907458,7873.494645249245,0.028615282256301916,706,152239,0.9953625549300771,215.6359773371105,1320,8000,200000.0,600.8703846107237,0.0,8000,51,0.006375,0,0,0,0,budget_exhausted,8000,8001,8000,8001,200000.0,"[[678663.5021359071,6089014.46384091],[678548.0025425843,6089074.006290447],[678648.8767085545,6089183.413374144],[678710.632317937,6089132.87034922],[678600.0634779715,6089132.9487684]]",7f0e9f7ad3b2124f4204bb38a6fe0ae8bf2d0067044ec88a227dcee8ae3ebb81,ca7391ba22a67b75f3a5d0820f0ce24f74b289cf6818196631800e5d97b1fa00,"{""0"":4127136593,""1"":1598273723,""2"":3112806624,""3"":110377492,""4"":3678482200}","{""0"":4127136593,""1"":1598273723,""2"":3112806624,""3"":110377492,""4"":3678482200}","[0,1,2,3,4]",not_applicable,not_applicable,not_applicable,not_applicable,evidence,10000.0,0.8,none,none,none,none,none,stationary,matched_prior_exact,1,0,e027670ccaaa3f6d3329d0a2ae41077c737f8dbfc0cf1b28e74d30328ee5ea2c,flat,temperate,13:50,c5-generalization_20260827_181139_043334_662411fc,revision_C_base@7c27a44,7c27a44,45e2af3666873b8389a0bd7936fd9b6029d41fa8169fa964adb24a85ca76dec6,c6-random_20260831_182014_803486_5cf558a2,5cf558a20d4e6c9ac5845bd72e390abc3dcd6217c904aa099c208da79cfb245f,revision_B_base,revision_B_base,0.8,5,200000.0,xlarge,45.0,80.0,5.0,0.5,1.0,"{""p_d"":0.8,""stage"":""c6-random"",""tau"":10000.0,""w"":0.5}",b7a677794b82ff1680841467faa35377b7d82f925e1dd78d94f0523c73551860
13,51,random_uniform_n8_uncoordinated,3690820895,"policy_seed = SeedSequence([planning_seed, dataset_id, hash('c6-random-policy')]); per-UAV stream = SeedSequence([policy_seed, uav_id]) -> default_rng(derived_seed); one stream per persistent UAV identity; streams are never shared or consumed sequentially across UAVs",0.0198690771796824,7916.276890830782,0.019905804357109997,499,152384,0.9967253779924401,305.3787575150301,1707,8000,200000.0,684.0549878170714,0.0,8000,121,0.015,0,0,0,0,budget_exhausted,8000,8001,8000,8001,200000.0,"[[678694.0655470523,6089083.648148524],[678640.7760477106,6089150.416947669],[678652.7288551836,6089057.904245697],[678671.5921649094,6089022.854976554],[678580.4013750262,6089136.355310665]]",e3ebb4ca7cb9b621fd1aa6a6c6b9711d26f06e8bc11b140cbd1f5a28e68f4d73,fbb96709368faaedd5c54cfcdc923356197d39cc02af49df500438fa2d9b7dc0,"{""0"":3326414901,""1"":3784092085,""2"":3486976864,""3"":1080769198,""4"":146793390}","{""0"":3326414901,""1"":3784092085,""2"":3486976864,""3"":1080769198,""4"":146793390}","[0,1,2,3,4]",not_applicable,not_applicable,not_applicable,not_applicable,evidence,10000.0,0.8,none,none,none,none,none,stationary,matched_prior_exact,1,0,e027670ccaaa3f6d3329d0a2ae41077c737f8dbfc0cf1b28e74d30328ee5ea2c,flat,temperate,13:51,c5-generalization_20260827_181139_043334_662411fc,revision_C_base@7c27a44,7c27a44,45e2af3666873b8389a0bd7936fd9b6029d41fa8169fa964adb24a85ca76dec6,c6-random_20260831_182014_803486_5cf558a2,5cf558a20d4e6c9ac5845bd72e390abc3dcd6217c904aa099c208da79cfb245f,revision_B_base,revision_B_base,0.8,5,200000.0,xlarge,45.0,80.0,5.0,0.5,1.0,"{""p_d"":0.8,""stage"":""c6-random"",""tau"":10000.0,""w"":0.5}",b7a677794b82ff1680841467faa35377b7d82f925e1dd78d94f0523c73551860
14,42,random_uniform_n8_uncoordinated,603192109,"policy_seed = SeedSequence([planning_seed, dataset_id, hash('c6-random-policy')]); per-UAV stream = SeedSequence([policy_seed, uav_id]) -> default_rng(derived_seed); one stream per persistent UAV identity; streams are never shared or consumed sequentially across UAVs",0.026298764005496203,7891.4068057750355,0.02642110646910494,552,152729,0.9963857551611024,276.68297101449275,1645,8000,200000.0,651.9945401917212,0.0,8000,178,0.021625,0,0,0,0,budget_exhausted,8000,8001,8000,8001,200000.0,"[[543827.0652288762,5610125.319851507],[543869.7926459833,5610126.007814192],[543899.1107881175,5610245.914693046],[543823.3317021901,5610102.37551712],[543863.6482883508,5610239.192439094]]",0413fd01a68a9486527e6b75662a7c393833213e9d35e01fff07e7b95f2d6ea8,e79b567eb08b55e5e3f5e5313b572450ce3c3de885832ca7d38d3b4c6a4a35e8,"{""0"":3893909159,""1"":3665901665,""2"":483347249,""3"":2995999790,""4"":3330779572}","{""0"":3893909159,""1"":3665901665,""2"":483347249,""3"":2995999790,""4"":3330779572}","[0,1,2,3,4]",not_applicable,not_applicable,not_applicable,not_applicable,evidence,10000.0,0.8,none,none,none,none,none,stationary,matched_prior_exact,1,0,2f20bbbd390325dbf310a33085427cf9debb8ab4fb2c28e782ca1523801d9225,flat,temperate,14:42,c5-generalization_20260827_181139_043334_662411fc,revision_C_base@7c27a44,7c27a44,45e2af3666873b8389a0bd7936fd9b6029d41fa8169fa964adb24a85ca76dec6,c6-random_20260831_182014_803486_5cf558a2,5cf558a20d4e6c9ac5845bd72e390abc3dcd6217c904aa099c208da79cfb245f,revision_B_base,revision_B_base,0.8,5,200000.0,xlarge,45.0,80.0,5.0,0.5,1.0,"{""p_d"":0.8,""stage"":""c6-random"",""tau"":10000.0,""w"":0.5}",b7a677794b82ff1680841467faa35377b7d82f925e1dd78d94f0523c73551860
14,44,random_uniform_n8_uncoordinated,3053335195,"policy_seed = SeedSequence([planning_seed, dataset_id, hash('c6-random-policy')]); per-UAV stream = SeedSequence([policy_seed, uav_id]) -> default_rng(derived_seed); one stream per persistent UAV identity; streams are never shared or consumed sequentially across UAVs",0.018807599454267458,7929.630074865821,0.018892103567244727,385,152487,0.9974751946067534,396.07012987012985,3034,8000,200000.0,620.0998352607712,0.0,8000,420,0.051625,0,0,0,0,budget_exhausted,8000,8001,8000,8001,200000.0,"[[543853.600914977,5610226.18944591],[543735.4404554893,5610245.759249743],[543865.6000894352,5610269.709144434],[543847.3363773013,5610240.490281041],[543782.6860511486,5610120.257561058]]",85c8e887588fa9df41f7118188129995f257d7fb88da6fca6d7eac449ae51742,34df32d3a99ac4791dbed70ece321e6179d6d0cfe6b045b60d2d18aff33f42c1,"{""0"":2427964412,""1"":796767787,""2"":641996701,""3"":3917839560,""4"":2281637757}","{""0"":2427964412,""1"":796767787,""2"":641996701,""3"":3917839560,""4"":2281637757}","[0,1,2,3,4]",not_applicable,not_applicable,not_applicable,not_applicable,evidence,10000.0,0.8,none,none,none,none,none,stationary,matched_prior_exact,1,0,2f20bbbd390325dbf310a33085427cf9debb8ab4fb2c28e782ca1523801d9225,flat,temperate,14:44,c5-generalization_20260827_181139_043334_662411fc,revision_C_base@7c27a44,7c27a44,45e2af3666873b8389a0bd7936fd9b6029d41fa8169fa964adb24a85ca76dec6,c6-random_20260831_182014_803486_5cf558a2,5cf558a20d4e6c9ac5845bd72e390abc3dcd6217c904aa099c208da79cfb245f,revision_B_base,revision_B_base,0.8,5,200000.0,xlarge,45.0,80.0,5.0,0.5,1.0,"{""p_d"":0.8,""stage"":""c6-random"",""tau"":10000.0,""w"":0.5}",b7a677794b82ff1680841467faa35377b7d82f925e1dd78d94f0523c73551860
14,43,random_uniform_n8_uncoordinated,4233893372,"policy_seed = SeedSequence([planning_seed, dataset_id, hash('c6-random-policy')]); per-UAV stream = SeedSequence([policy_seed, uav_id]) -> default_rng(derived_seed); one stream per persistent UAV identity; streams are never shared or consumed sequentially across UAVs",0.019277310306934442,7904.256805641917,0.01932243471923151,389,152612,0.9974510523418866,392.31876606683807,1822,8000,200000.0,658.2886286466382,0.0,8000,305,0.03775,0,0,0,0,budget_exhausted,8000,8001,8000,8001,200000.0,"[[543805.0790277746,5610173.716106677],[543908.0152363004,5610202.317191234],[543776.6579656505,5610166.141368489],[543817.7094464392,5610139.470987721],[543758.2839108555,5610223.180901038]]",402afea20fb6b9dd75e46a4df34493c51212c04f5bf2feaa4b7cfd587111fa37,6f34afa80897d4f0ecca3e093f040db1776bd8e6a0f62b99d240a6d7214bd512,"{""0"":2370285461,""1"":3188134472,""2"":594510514,""3"":3924184866,""4"":4259680144}","{""0"":2370285461,""1"":3188134472,""2"":594510514,""3"":3924184866,""4"":4259680144}","[0,1,2,3,4]",not_applicable,not_applicable,not_applicable,not_applicable,evidence,10000.0,0.8,none,none,none,none,none,stationary,matched_prior_exact,1,0,2f20bbbd390325dbf310a33085427cf9debb8ab4fb2c28e782ca1523801d9225,flat,temperate,14:43,c5-generalization_20260827_181139_043334_662411fc,revision_C_base@7c27a44,7c27a44,45e2af3666873b8389a0bd7936fd9b6029d41fa8169fa964adb24a85ca76dec6,c6-random_20260831_182014_803486_5cf558a2,5cf558a20d4e6c9ac5845bd72e390abc3dcd6217c904aa099c208da79cfb245f,revision_B_base,revision_B_base,0.8,5,200000.0,xlarge,45.0,80.0,5.0,0.5,1.0,"{""p_d"":0.8,""stage"":""c6-random"",""tau"":10000.0,""w"":0.5}",b7a677794b82ff1680841467faa35377b7d82f925e1dd78d94f0523c73551860
14,46,random_uniform_n8_uncoordinated,173089572,"policy_seed = SeedSequence([planning_seed, dataset_id, hash('c6-random-policy')]); per-UAV stream = SeedSequence([policy_seed, uav_id]) -> default_rng(derived_seed); one stream per persistent UAV identity; streams are never shared or consumed sequentially across UAVs",0.025793607485387705,7893.53019675218,0.02586258108617696,578,152718,0.9962152464018649,264.2179930795848,2551,8000,200000.0,583.8575592036359,0.0,8000,222,0.027375,0,0,0,0,budget_exhausted,8000,8001,8000,8001,200000.0,"[[543840.1746553739,5610175.285945638],[543805.9858513756,5610268.884610497],[543843.8085644806,5610179.08049917],[543756.5355044997,5610126.91345169],[543730.83838795,5610184.60338636]]",faceb7de243f60955a85fe4f1d1321538dfbb4d660ae40e82f6115f3b46a88ea,3e8288a89aa08eedb44a5ff9b9c085be6cb666c466479bf54825adfabd174543,"{""0"":3758025294,""1"":682581760,""2"":115052983,""3"":2410644144,""4"":2410229108}","{""0"":3758025294,""1"":682581760,""2"":115052983,""3"":2410644144,""4"":2410229108}","[0,1,2,3,4]",not_applicable,not_applicable,not_applicable,not_applicable,evidence,10000.0,0.8,none,none,none,none,none,stationary,matched_prior_exact,1,0,2f20bbbd390325dbf310a33085427cf9debb8ab4fb2c28e782ca1523801d9225,flat,temperate,14:46,c5-generalization_20260827_181139_043334_662411fc,revision_C_base@7c27a44,7c27a44,45e2af3666873b8389a0bd7936fd9b6029d41fa8169fa964adb24a85ca76dec6,c6-random_20260831_182014_803486_5cf558a2,5cf558a20d4e6c9ac5845bd72e390abc3dcd6217c904aa099c208da79cfb245f,revision_B_base,revision_B_base,0.8,5,200000.0,xlarge,45.0,80.0,5.0,0.5,1.0,"{""p_d"":0.8,""stage"":""c6-random"",""tau"":10000.0,""w"":0.5}",b7a677794b82ff1680841467faa35377b7d82f925e1dd78d94f0523c73551860
14,45,random_uniform_n8_uncoordinated,3942568478,"policy_seed = SeedSequence([planning_seed, dataset_id, hash('c6-random-policy')]); per-UAV stream = SeedSequence([policy_seed, uav_id]) -> default_rng(derived_seed); one stream per persistent UAV identity; streams are never shared or consumed sequentially across UAVs",0.02847535717571742,7877.3079329313805,0.02860398201372328,666,152510,0.995633073241099,228.993993993994,1509,8000,200000.0,637.7670466238633,0.0,8000,92,0.0115,0,0,0,0,budget_exhausted,8000,8001,8000,8001,200000.0,"[[543751.9741633576,5610158.5778286895],[543824.8488067668,5610101.055868347],[543729.0332319669,5610185.148854278],[543839.1645948421,5610116.912821304],[543748.3491506241,5610235.3360672435]]",08325c001fd6b85518feb38dce9d8734add652ce60c284657541b49ed7f37d77,66b3000303c98a2d490375fad592fb94f807f44ac2650fdec7cc6d3cb20a69bf,"{""0"":540117068,""1"":3352039880,""2"":2763356931,""3"":1235485270,""4"":117807889}","{""0"":540117068,""1"":3352039880,""2"":2763356931,""3"":1235485270,""4"":117807889}","[0,1,2,3,4]",not_applicable,not_applicable,not_applicable,not_applicable,evidence,10000.0,0.8,none,none,none,none,none,stationary,matched_prior_exact,1,0,2f20bbbd390325dbf310a33085427cf9debb8ab4fb2c28e782ca1523801d9225,flat,temperate,14:45,c5-generalization_20260827_181139_043334_662411fc,revision_C_base@7c27a44,7c27a44,45e2af3666873b8389a0bd7936fd9b6029d41fa8169fa964adb24a85ca76dec6,c6-random_20260831_182014_803486_5cf558a2,5cf558a20d4e6c9ac5845bd72e390abc3dcd6217c904aa099c208da79cfb245f,revision_B_base,revision_B_base,0.8,5,200000.0,xlarge,45.0,80.0,5.0,0.5,1.0,"{""p_d"":0.8,""stage"":""c6-random"",""tau"":10000.0,""w"":0.5}",b7a677794b82ff1680841467faa35377b7d82f925e1dd78d94f0523c73551860
14,47,random_uniform_n8_uncoordinated,2301944875,"policy_seed = SeedSequence([planning_seed, dataset_id, hash('c6-random-policy')]); per-UAV stream = SeedSequence([policy_seed, uav_id]) -> default_rng(derived_seed); one stream per persistent UAV identity; streams are never shared or consumed sequentially across UAVs",0.0251226338998669,7897.958836823526,0.025205222259603158,493,152616,0.9967696702835875,309.5659229208925,2009,8000,200000.0,585.5113425357267,0.0,8000,189,0.02325,0,0,0,0,budget_exhausted,8000,8001,8000,8001,200000.0,"[[543812.6614050624,5610104.11974286],[543785.6925003172,5610197.808644239],[543872.5420661162,5610179.1081233],[543845.5673298618,5610278.960504458],[543774.9387769155,5610187.3256883845]]",42c86ec7e3b2d82e7647e432d1a4c7d4d0002af7ad485a3e80ea885420de1988,4cc5a916831c76b473ba2d48054c40df39fa240f2f507a5f4f9e2085ef047c6a,"{""0"":3647742129,""1"":2361087572,""2"":4018855944,""3"":1073702708,""4"":3461192628}","{""0"":3647742129,""1"":2361087572,""2"":4018855944,""3"":1073702708,""4"":3461192628}","[0,1,2,3,4]",not_applicable,not_applicable,not_applicable,not_applicable,evidence,10000.0,0.8,none,none,none,none,none,stationary,matched_prior_exact,1,0,2f20bbbd390325dbf310a33085427cf9debb8ab4fb2c28e782ca1523801d9225,flat,temperate,14:47,c5-generalization_20260827_181139_043334_662411fc,revision_C_base@7c27a44,7c27a44,45e2af3666873b8389a0bd7936fd9b6029d41fa8169fa964adb24a85ca76dec6,c6-random_20260831_182014_803486_5cf558a2,5cf558a20d4e6c9ac5845bd72e390abc3dcd6217c904aa099c208da79cfb245f,revision_B_base,revision_B_base,0.8,5,200000.0,xlarge,45.0,80.0,5.0,0.5,1.0,"{""p_d"":0.8,""stage"":""c6-random"",""tau"":10000.0,""w"":0.5}",b7a677794b82ff1680841467faa35377b7d82f925e1dd78d94f0523c73551860
14,48,random_uniform_n8_uncoordinated,1159268723,"policy_seed = SeedSequence([planning_seed, dataset_id, hash('c6-random-policy')]); per-UAV stream = SeedSequence([policy_seed, uav_id]) -> default_rng(derived_seed); one stream per persistent UAV identity; streams are never shared or consumed sequentially across UAVs",0.02372302147554368,7895.047294165442,0.02383349448115714,517,152547,0.9966108805810668,295.06189555125724,1769,8000,200000.0,655.2668642420322,0.0,8000,267,0.032125,0,0,0,0,budget_exhausted,8000,8001,8000,8001,200000.0,"[[543758.3753073162,5610240.873486086],[543734.108105951,5610183.601556983],[543763.7093002752,5610114.810344618],[543755.7424448999,5610151.945114463],[543823.3737570186,5610145.360533573]]",c8e5d721f287828bab73de7bd1b8a42ff2fb22adeeb65915ef12d880ebf71acf,aafc42bee66c486cad1b47b3bd7cd5ba0307e7d13204099207007806b836fa99,"{""0"":4285909601,""1"":2019664051,""2"":3407032577,""3"":2309777910,""4"":1934463635}","{""0"":4285909601,""1"":2019664051,""2"":3407032577,""3"":2309777910,""4"":1934463635}","[0,1,2,3,4]",not_applicable,not_applicable,not_applicable,not_applicable,evidence,10000.0,0.8,none,none,none,none,none,stationary,matched_prior_exact,1,0,2f20bbbd390325dbf310a33085427cf9debb8ab4fb2c28e782ca1523801d9225,flat,temperate,14:48,c5-generalization_20260827_181139_043334_662411fc,revision_C_base@7c27a44,7c27a44,45e2af3666873b8389a0bd7936fd9b6029d41fa8169fa964adb24a85ca76dec6,c6-random_20260831_182014_803486_5cf558a2,5cf558a20d4e6c9ac5845bd72e390abc3dcd6217c904aa099c208da79cfb245f,revision_B_base,revision_B_base,0.8,5,200000.0,xlarge,45.0,80.0,5.0,0.5,1.0,"{""p_d"":0.8,""stage"":""c6-random"",""tau"":10000.0,""w"":0.5}",b7a677794b82ff1680841467faa35377b7d82f925e1dd78d94f0523c73551860
14,49,random_uniform_n8_uncoordinated,2538851092,"policy_seed = SeedSequence([planning_seed, dataset_id, hash('c6-random-policy')]); per-UAV stream = SeedSequence([policy_seed, uav_id]) -> default_rng(derived_seed); one stream per persistent UAV identity; streams are never shared or consumed sequentially across UAVs",0.017502709754018384,7909.1378549682995,0.01758358622399454,357,152453,0.9976582946875431,427.03921568627453,2016,8000,200000.0,665.1475756792352,0.0,8000,325,0.040375,0,0,0,0,budget_exhausted,8000,8001,8000,8001,200000.0,"[[543766.9800948395,5610249.274158758],[543755.667921211,5610240.409625839],[543810.6290642939,5610181.144971715],[543833.5679218294,5610092.394218706],[543783.7718913326,5610188.869734313]]",29b71c976a0e2dfe1c91afa74cecacc9128585608ae29168b9071393abf126ed,4f77b06268a9d3822f621e8d0d7b288a4bff7913932495b4c505ce07771ebafb,"{""0"":441752888,""1"":1476930291,""2"":4285451656,""3"":3701231752,""4"":3347416429}","{""0"":441752888,""1"":1476930291,""2"":4285451656,""3"":3701231752,""4"":3347416429}","[0,1,2,3,4]",not_applicable,not_applicable,not_applicable,not_applicable,evidence,10000.0,0.8,none,none,none,none,none,stationary,matched_prior_exact,1,0,2f20bbbd390325dbf310a33085427cf9debb8ab4fb2c28e782ca1523801d9225,flat,temperate,14:49,c5-generalization_20260827_181139_043334_662411fc,revision_C_base@7c27a44,7c27a44,45e2af3666873b8389a0bd7936fd9b6029d41fa8169fa964adb24a85ca76dec6,c6-random_20260831_182014_803486_5cf558a2,5cf558a20d4e6c9ac5845bd72e390abc3dcd6217c904aa099c208da79cfb245f,revision_B_base,revision_B_base,0.8,5,200000.0,xlarge,45.0,80.0,5.0,0.5,1.0,"{""p_d"":0.8,""stage"":""c6-random"",""tau"":10000.0,""w"":0.5}",b7a677794b82ff1680841467faa35377b7d82f925e1dd78d94f0523c73551860
14,50,random_uniform_n8_uncoordinated,4282118280,"policy_seed = SeedSequence([planning_seed, dataset_id, hash('c6-random-policy')]); per-UAV stream = SeedSequence([policy_seed, uav_id]) -> default_rng(derived_seed); one stream per persistent UAV identity; streams are never shared or consumed sequentially across UAVs",0.025003958345944377,7884.058110494692,0.025029257935330874,514,152627,0.9966323127624863,296.9396887159533,1625,8000,200000.0,657.1255588997155,0.0,8000,189,0.0235,0,0,0,0,budget_exhausted,8000,8001,8000,8001,200000.0,"[[543838.4029028432,5610102.02564078],[543722.9033095205,5610161.568090317],[543823.7774754906,5610270.9751740135],[543885.5330848731,5610220.43214909],[543774.9642449076,5610220.5105682695]]",e26e00475562478023bb8ed6b053d3653f8b7de6b7ab5f4cee035b8da37839eb,e46c4b1740954d5d12cf352ba4ac7a3a8547f72963f432a2a33e84a28ae0fdff,"{""0"":3779076174,""1"":1940024501,""2"":1455312340,""3"":2363272267,""4"":1199440582}","{""0"":3779076174,""1"":1940024501,""2"":1455312340,""3"":2363272267,""4"":1199440582}","[0,1,2,3,4]",not_applicable,not_applicable,not_applicable,not_applicable,evidence,10000.0,0.8,none,none,none,none,none,stationary,matched_prior_exact,1,0,2f20bbbd390325dbf310a33085427cf9debb8ab4fb2c28e782ca1523801d9225,flat,temperate,14:50,c5-generalization_20260827_181139_043334_662411fc,revision_C_base@7c27a44,7c27a44,45e2af3666873b8389a0bd7936fd9b6029d41fa8169fa964adb24a85ca76dec6,c6-random_20260831_182014_803486_5cf558a2,5cf558a20d4e6c9ac5845bd72e390abc3dcd6217c904aa099c208da79cfb245f,revision_B_base,revision_B_base,0.8,5,200000.0,xlarge,45.0,80.0,5.0,0.5,1.0,"{""p_d"":0.8,""stage"":""c6-random"",""tau"":10000.0,""w"":0.5}",b7a677794b82ff1680841467faa35377b7d82f925e1dd78d94f0523c73551860
15,42,random_uniform_n8_uncoordinated,1330280922,"policy_seed = SeedSequence([planning_seed, dataset_id, hash('c6-random-policy')]); per-UAV stream = SeedSequence([policy_seed, uav_id]) -> default_rng(derived_seed); one stream per persistent UAV identity; streams are never shared or consumed sequentially across UAVs",0.02773713678650172,7906.868943513545,0.027833388335676796,453,152466,0.9970288457754516,336.56953642384104,2597,8000,200000.0,589.9284512912855,0.0,8000,310,0.037625,0,0,0,0,budget_exhausted,8000,8001,8000,8001,200000.0,"[[630118.3310344622,4856640.944718049],[630161.0584515693,4856641.632680734],[630190.3765937035,4856761.539559588],[630114.5975077761,4856618.000383661],[630154.9140939368,4856754.817305636]]",0950860b4cb66025e4cf1bbb78c57c0a8ad375cba90872b1c964b7f1335b5157,b1e13c7725cea724e522b10a8da3710b65976d51bf786e2482f3317c09d21adb,"{""0"":2017154895,""1"":3965977730,""2"":1256139840,""3"":898881374,""4"":1617459960}","{""0"":2017154895,""1"":3965977730,""2"":1256139840,""3"":898881374,""4"":1617459960}","[0,1,2,3,4]",not_applicable,not_applicable,not_applicable,not_applicable,evidence,10000.0,0.8,none,none,none,none,none,stationary,matched_prior_exact,1,0,b84d500b84755ff879548f8c782b24cbab7a226582fd31d8aae52acb4141f1bc,flat,temperate,15:42,c5-generalization_20260827_181139_043334_662411fc,revision_C_base@7c27a44,7c27a44,45e2af3666873b8389a0bd7936fd9b6029d41fa8169fa964adb24a85ca76dec6,c6-random_20260831_182014_803486_5cf558a2,5cf558a20d4e6c9ac5845bd72e390abc3dcd6217c904aa099c208da79cfb245f,revision_B_base,revision_B_base,0.8,5,200000.0,xlarge,45.0,80.0,5.0,0.5,1.0,"{""p_d"":0.8,""stage"":""c6-random"",""tau"":10000.0,""w"":0.5}",b7a677794b82ff1680841467faa35377b7d82f925e1dd78d94f0523c73551860
14,51,random_uniform_n8_uncoordinated,1917414545,"policy_seed = SeedSequence([planning_seed, dataset_id, hash('c6-random-policy')]); per-UAV stream = SeedSequence([policy_seed, uav_id]) -> default_rng(derived_seed); one stream per persistent UAV identity; streams are never shared or consumed sequentially across UAVs",0.023638507600872702,7897.487670555912,0.023713431118918635,551,152452,0.9963857476451604,276.68239564428313,2131,8000,200000.0,665.4975485778414,0.0,8000,186,0.022375,0,0,0,0,budget_exhausted,8000,8001,8000,8001,200000.0,"[[543868.9663139884,5610171.2099483935],[543815.6768146467,5610237.978747539],[543827.6296221197,5610145.466045567],[543846.4929318455,5610110.416776424],[543755.3021419623,5610223.917110535]]",de65ae70a7bd8ed205f7ce13a883c9352c282af51785eff7b55d5ae0612423f3,cbd26575a13491f10d2ffaf40cca53f194a52619e4dbd2128caf6b2a7b42d8ba,"{""0"":1725710043,""1"":3985970771,""2"":3078150736,""3"":265224066,""4"":3813506755}","{""0"":1725710043,""1"":3985970771,""2"":3078150736,""3"":265224066,""4"":3813506755}","[0,1,2,3,4]",not_applicable,not_applicable,not_applicable,not_applicable,evidence,10000.0,0.8,none,none,none,none,none,stationary,matched_prior_exact,1,0,2f20bbbd390325dbf310a33085427cf9debb8ab4fb2c28e782ca1523801d9225,flat,temperate,14:51,c5-generalization_20260827_181139_043334_662411fc,revision_C_base@7c27a44,7c27a44,45e2af3666873b8389a0bd7936fd9b6029d41fa8169fa964adb24a85ca76dec6,c6-random_20260831_182014_803486_5cf558a2,5cf558a20d4e6c9ac5845bd72e390abc3dcd6217c904aa099c208da79cfb245f,revision_B_base,revision_B_base,0.8,5,200000.0,xlarge,45.0,80.0,5.0,0.5,1.0,"{""p_d"":0.8,""stage"":""c6-random"",""tau"":10000.0,""w"":0.5}",b7a677794b82ff1680841467faa35377b7d82f925e1dd78d94f0523c73551860
15,43,random_uniform_n8_uncoordinated,2559415563,"policy_seed = SeedSequence([planning_seed, dataset_id, hash('c6-random-policy')]); per-UAV stream = SeedSequence([policy_seed, uav_id]) -> default_rng(derived_seed); one stream per persistent UAV identity; streams are never shared or consumed sequentially across UAVs",0.0412283427121947,7838.438651901771,0.04149646846516956,682,152502,0.9955279275025901,223.60997067448682,1171,8000,200000.0,646.9067929890007,0.0,8000,104,0.012625,0,0,0,0,budget_exhausted,8000,8001,8000,8001,200000.0,"[[630096.3448333606,4856689.340973219],[630199.2810418864,4856717.942057775],[630067.9237712366,4856681.76623503],[630108.9752520252,4856655.095854263],[630049.5497164415,4856738.80576758]]",37ffc23b96bbdbb178ca972d64dafe1344a7a2697c8d55c6d7c2f1d5732c880c,06dd46923ba7e7631d8b1d2f912aadcc6d712e937067184e6a2edf8bcb023eb7,"{""0"":1603357553,""1"":3467473584,""2"":3762792309,""3"":1158989981,""4"":4248563358}","{""0"":1603357553,""1"":3467473584,""2"":3762792309,""3"":1158989981,""4"":4248563358}","[0,1,2,3,4]",not_applicable,not_applicable,not_applicable,not_applicable,evidence,10000.0,0.8,none,none,none,none,none,stationary,matched_prior_exact,1,0,b84d500b84755ff879548f8c782b24cbab7a226582fd31d8aae52acb4141f1bc,flat,temperate,15:43,c5-generalization_20260827_181139_043334_662411fc,revision_C_base@7c27a44,7c27a44,45e2af3666873b8389a0bd7936fd9b6029d41fa8169fa964adb24a85ca76dec6,c6-random_20260831_182014_803486_5cf558a2,5cf558a20d4e6c9ac5845bd72e390abc3dcd6217c904aa099c208da79cfb245f,revision_B_base,revision_B_base,0.8,5,200000.0,xlarge,45.0,80.0,5.0,0.5,1.0,"{""p_d"":0.8,""stage"":""c6-random"",""tau"":10000.0,""w"":0.5}",b7a677794b82ff1680841467faa35377b7d82f925e1dd78d94f0523c73551860
15,44,random_uniform_n8_uncoordinated,2601700239,"policy_seed = SeedSequence([planning_seed, dataset_id, hash('c6-random-policy')]); per-UAV stream = SeedSequence([policy_seed, uav_id]) -> default_rng(derived_seed); one stream per persistent UAV identity; streams are never shared or consumed sequentially across UAVs",0.02411914505122906,7906.113455789039,0.024214282401986493,423,152578,0.9972276474983287,360.7044917257683,2978,8000,200000.0,653.7560114907101,0.0,8000,287,0.035375,0,0,0,0,budget_exhausted,8000,8001,8000,8001,200000.0,"[[630144.866720563,4856741.8143124515],[630026.7062610753,4856761.384116285],[630156.8658950212,4856785.334010975],[630138.6021828873,4856756.115147582],[630073.9518567346,4856635.882427599]]",74faaaefe1e35cb7680fa7d8f5d4803a5e7537cde223c3675a97a449c5a5217a,f673443c66877bdc33f7d31d51013cc24cdc79445992a3b7ce4b0f1d5caac1f0,"{""0"":3927125575,""1"":202001173,""2"":1327680583,""3"":4160360146,""4"":1862339020}","{""0"":3927125575,""1"":202001173,""2"":1327680583,""3"":4160360146,""4"":1862339020}","[0,1,2,3,4]",not_applicable,not_applicable,not_applicable,not_applicable,evidence,10000.0,0.8,none,none,none,none,none,stationary,matched_prior_exact,1,0,b84d500b84755ff879548f8c782b24cbab7a226582fd31d8aae52acb4141f1bc,flat,temperate,15:44,c5-generalization_20260827_181139_043334_662411fc,revision_C_base@7c27a44,7c27a44,45e2af3666873b8389a0bd7936fd9b6029d41fa8169fa964adb24a85ca76dec6,c6-random_20260831_182014_803486_5cf558a2,5cf558a20d4e6c9ac5845bd72e390abc3dcd6217c904aa099c208da79cfb245f,revision_B_base,revision_B_base,0.8,5,200000.0,xlarge,45.0,80.0,5.0,0.5,1.0,"{""p_d"":0.8,""stage"":""c6-random"",""tau"":10000.0,""w"":0.5}",b7a677794b82ff1680841467faa35377b7d82f925e1dd78d94f0523c73551860
15,46,random_uniform_n8_uncoordinated,3883374887,"policy_seed = SeedSequence([planning_seed, dataset_id, hash('c6-random-policy')]); per-UAV stream = SeedSequence([policy_seed, uav_id]) -> default_rng(derived_seed); one stream per persistent UAV identity; streams are never shared or consumed sequentially across UAVs",0.023604948787410325,7885.554797127502,0.023700762312830234,480,152427,0.9968509516030625,317.55625,2022,8000,200000.0,639.5727927903645,0.0,8000,174,0.021625,0,0,0,0,budget_exhausted,8000,8001,8000,8001,200000.0,"[[630131.4404609599,4856690.91081218],[630097.2516569616,4856784.509477039],[630135.0743700666,4856694.705365712],[630047.8013100857,4856642.538318232],[630022.104193536,4856700.228252902]]",93b79526ab2342a47ccb12376afddce47c631a86cc65c868bb4fca7934a32976,feb442b82b7a5f14a22d364e95b86fb299b5355017b7333cf34253ddcdb07a67,"{""0"":102865234,""1"":2365995068,""2"":3501768792,""3"":1335262673,""4"":3002383826}","{""0"":102865234,""1"":2365995068,""2"":3501768792,""3"":1335262673,""4"":3002383826}","[0,1,2,3,4]",not_applicable,not_applicable,not_applicable,not_applicable,evidence,10000.0,0.8,none,none,none,none,none,stationary,matched_prior_exact,1,0,b84d500b84755ff879548f8c782b24cbab7a226582fd31d8aae52acb4141f1bc,flat,temperate,15:46,c5-generalization_20260827_181139_043334_662411fc,revision_C_base@7c27a44,7c27a44,45e2af3666873b8389a0bd7936fd9b6029d41fa8169fa964adb24a85ca76dec6,c6-random_20260831_182014_803486_5cf558a2,5cf558a20d4e6c9ac5845bd72e390abc3dcd6217c904aa099c208da79cfb245f,revision_B_base,revision_B_base,0.8,5,200000.0,xlarge,45.0,80.0,5.0,0.5,1.0,"{""p_d"":0.8,""stage"":""c6-random"",""tau"":10000.0,""w"":0.5}",b7a677794b82ff1680841467faa35377b7d82f925e1dd78d94f0523c73551860
15,45,random_uniform_n8_uncoordinated,3925071967,"policy_seed = SeedSequence([planning_seed, dataset_id, hash('c6-random-policy')]); per-UAV stream = SeedSequence([policy_seed, uav_id]) -> default_rng(derived_seed); one stream per persistent UAV identity; streams are never shared or consumed sequentially across UAVs",0.014963749918047303,7940.109674476721,0.015069359615204668,310,152607,0.9979686383979764,492.2806451612903,2748,8000,200000.0,650.2668979228474,0.0,8000,566,0.070125,0,0,0,0,budget_exhausted,8000,8001,8000,8001,200000.0,"[[630043.2399689436,4856674.202695231],[630116.1146123528,4856616.680734889],[630020.2990375529,4856700.7737208195],[630130.4304004281,4856632.5376878455],[630039.6149562101,4856750.960933785]]",37c2b191131534ff0a94f6afaa1c896b7ebb0dcb5a71dd2b93b6b3370ef43760,2586ab17f4355ff2a95a2671f57fcafcbeaaf9ab7e0ba902a6c32f8bcd59e61d,"{""0"":615260036,""1"":1403979321,""2"":3688890764,""3"":3047627789,""4"":2735391351}","{""0"":615260036,""1"":1403979321,""2"":3688890764,""3"":3047627789,""4"":2735391351}","[0,1,2,3,4]",not_applicable,not_applicable,not_applicable,not_applicable,evidence,10000.0,0.8,none,none,none,none,none,stationary,matched_prior_exact,1,0,b84d500b84755ff879548f8c782b24cbab7a226582fd31d8aae52acb4141f1bc,flat,temperate,15:45,c5-generalization_20260827_181139_043334_662411fc,revision_C_base@7c27a44,7c27a44,45e2af3666873b8389a0bd7936fd9b6029d41fa8169fa964adb24a85ca76dec6,c6-random_20260831_182014_803486_5cf558a2,5cf558a20d4e6c9ac5845bd72e390abc3dcd6217c904aa099c208da79cfb245f,revision_B_base,revision_B_base,0.8,5,200000.0,xlarge,45.0,80.0,5.0,0.5,1.0,"{""p_d"":0.8,""stage"":""c6-random"",""tau"":10000.0,""w"":0.5}",b7a677794b82ff1680841467faa35377b7d82f925e1dd78d94f0523c73551860
15,47,random_uniform_n8_uncoordinated,1311201140,"policy_seed = SeedSequence([planning_seed, dataset_id, hash('c6-random-policy')]); per-UAV stream = SeedSequence([policy_seed, uav_id]) -> default_rng(derived_seed); one stream per persistent UAV identity; streams are never shared or consumed sequentially across UAVs",0.030746442945990188,7868.009098632404,0.030881912164862968,449,152375,0.9970533223954061,339.3652561247216,1652,8000,200000.0,586.523391937837,0.0,8000,216,0.026625,0,0,0,0,budget_exhausted,8000,8001,8000,8001,200000.0,"[[630103.9272106484,4856619.744609402],[630076.9583059032,4856713.43351078],[630163.8078717022,4856694.732989841],[630136.8331354478,4856794.585371],[630066.2045825016,4856702.950554926]]",1b47c21762f465594a7a28f9f1099af367323019d8a974ca3d55a90966532b2c,91542dbd060194b6842f58dc1eb472f5a830d68cb67968b6a0fe01303d6756de,"{""0"":3645171690,""1"":2370493057,""2"":3831960229,""3"":1505630607,""4"":1531448063}","{""0"":3645171690,""1"":2370493057,""2"":3831960229,""3"":1505630607,""4"":1531448063}","[0,1,2,3,4]",not_applicable,not_applicable,not_applicable,not_applicable,evidence,10000.0,0.8,none,none,none,none,none,stationary,matched_prior_exact,1,0,b84d500b84755ff879548f8c782b24cbab7a226582fd31d8aae52acb4141f1bc,flat,temperate,15:47,c5-generalization_20260827_181139_043334_662411fc,revision_C_base@7c27a44,7c27a44,45e2af3666873b8389a0bd7936fd9b6029d41fa8169fa964adb24a85ca76dec6,c6-random_20260831_182014_803486_5cf558a2,5cf558a20d4e6c9ac5845bd72e390abc3dcd6217c904aa099c208da79cfb245f,revision_B_base,revision_B_base,0.8,5,200000.0,xlarge,45.0,80.0,5.0,0.5,1.0,"{""p_d"":0.8,""stage"":""c6-random"",""tau"":10000.0,""w"":0.5}",b7a677794b82ff1680841467faa35377b7d82f925e1dd78d94f0523c73551860
15,48,random_uniform_n8_uncoordinated,1658553652,"policy_seed = SeedSequence([planning_seed, dataset_id, hash('c6-random-policy')]); per-UAV stream = SeedSequence([policy_seed, uav_id]) -> default_rng(derived_seed); one stream per persistent UAV identity; streams are never shared or consumed sequentially across UAVs",0.022996236313803743,7898.111774693302,0.023114601916599708,407,152611,0.9973330887026493,374.965601965602,1468,8000,200000.0,656.9102857150137,0.0,8000,309,0.038,0,0,0,0,budget_exhausted,8000,8001,8000,8001,200000.0,"[[630049.6411129022,4856756.498352627],[630025.373911537,4856699.226423524],[630054.9751058612,4856630.435211159],[630047.0082504859,4856667.569981004],[630114.6395626046,4856660.985400114]]",c012fa47d7c55485885993a4cff6e6e45b9006603d5ea1d8591b9fb90cdd5c37,89ce0fbef5d11b06ac6a748d7f847bcc1fdbf42fc3c7e4623b80a12b8c6b68aa,"{""0"":718261017,""1"":2418952934,""2"":1209649560,""3"":2114188851,""4"":4176708997}","{""0"":718261017,""1"":2418952934,""2"":1209649560,""3"":2114188851,""4"":4176708997}","[0,1,2,3,4]",not_applicable,not_applicable,not_applicable,not_applicable,evidence,10000.0,0.8,none,none,none,none,none,stationary,matched_prior_exact,1,0,b84d500b84755ff879548f8c782b24cbab7a226582fd31d8aae52acb4141f1bc,flat,temperate,15:48,c5-generalization_20260827_181139_043334_662411fc,revision_C_base@7c27a44,7c27a44,45e2af3666873b8389a0bd7936fd9b6029d41fa8169fa964adb24a85ca76dec6,c6-random_20260831_182014_803486_5cf558a2,5cf558a20d4e6c9ac5845bd72e390abc3dcd6217c904aa099c208da79cfb245f,revision_B_base,revision_B_base,0.8,5,200000.0,xlarge,45.0,80.0,5.0,0.5,1.0,"{""p_d"":0.8,""stage"":""c6-random"",""tau"":10000.0,""w"":0.5}",b7a677794b82ff1680841467faa35377b7d82f925e1dd78d94f0523c73551860
15,49,random_uniform_n8_uncoordinated,2759940369,"policy_seed = SeedSequence([planning_seed, dataset_id, hash('c6-random-policy')]); per-UAV stream = SeedSequence([policy_seed, uav_id]) -> default_rng(derived_seed); one stream per persistent UAV identity; streams are never shared or consumed sequentially across UAVs",0.020934112970863013,7901.314454354825,0.02098737848881093,343,152597,0.9977522493889133,444.88921282798833,3020,8000,200000.0,616.9360830732621,0.0,8000,424,0.0525,0,0,0,0,budget_exhausted,8000,8001,8000,8001,200000.0,"[[630058.2459004255,4856764.8990253],[630046.933726797,4856756.034492381],[630101.8948698799,4856696.769838257],[630124.8337274154,4856608.019085247],[630075.0376969186,4856704.494600855]]",8bffc58b0ffebb7273eaef1498ea17c2b3c1871c5deb17dac00eac72d8ad1ef3,fe126b93582050b4549177822da3e47c317024b84b23bacf02fada0403486fc5,"{""0"":1257912375,""1"":3867478548,""2"":986034531,""3"":3348887167,""4"":1148531085}","{""0"":1257912375,""1"":3867478548,""2"":986034531,""3"":3348887167,""4"":1148531085}","[0,1,2,3,4]",not_applicable,not_applicable,not_applicable,not_applicable,evidence,10000.0,0.8,none,none,none,none,none,stationary,matched_prior_exact,1,0,b84d500b84755ff879548f8c782b24cbab7a226582fd31d8aae52acb4141f1bc,flat,temperate,15:49,c5-generalization_20260827_181139_043334_662411fc,revision_C_base@7c27a44,7c27a44,45e2af3666873b8389a0bd7936fd9b6029d41fa8169fa964adb24a85ca76dec6,c6-random_20260831_182014_803486_5cf558a2,5cf558a20d4e6c9ac5845bd72e390abc3dcd6217c904aa099c208da79cfb245f,revision_B_base,revision_B_base,0.8,5,200000.0,xlarge,45.0,80.0,5.0,0.5,1.0,"{""p_d"":0.8,""stage"":""c6-random"",""tau"":10000.0,""w"":0.5}",b7a677794b82ff1680841467faa35377b7d82f925e1dd78d94f0523c73551860
15,51,random_uniform_n8_uncoordinated,1632262728,"policy_seed = SeedSequence([planning_seed, dataset_id, hash('c6-random-policy')]); per-UAV stream = SeedSequence([policy_seed, uav_id]) -> default_rng(derived_seed); one stream per persistent UAV identity; streams are never shared or consumed sequentially across UAVs",0.03405280018183871,7852.028170910166,0.03427327763031399,506,152556,0.9966831851910118,301.49407114624506,1820,8000,200000.0,578.9993150508963,0.0,8000,254,0.03125,0,0,0,0,budget_exhausted,8000,8001,8000,8001,200000.0,"[[630160.2321195744,4856686.834814935],[630106.9426202327,4856753.603614081],[630118.8954277057,4856661.090912108],[630137.7587374315,4856626.041642966],[630046.5679475483,4856739.541977077]]",91accd1f1f3cff0851b68f250b934103d3da159bf8e91e81729ea782fd95aa4b,17ddbd39eb22b0823a6aaf842653c3bb5955a8f08651f9480bd49a030d74b008,"{""0"":1012907567,""1"":1503450975,""2"":1205339281,""3"":3746370191,""4"":1385637883}","{""0"":1012907567,""1"":1503450975,""2"":1205339281,""3"":3746370191,""4"":1385637883}","[0,1,2,3,4]",not_applicable,not_applicable,not_applicable,not_applicable,evidence,10000.0,0.8,none,none,none,none,none,stationary,matched_prior_exact,1,0,b84d500b84755ff879548f8c782b24cbab7a226582fd31d8aae52acb4141f1bc,flat,temperate,15:51,c5-generalization_20260827_181139_043334_662411fc,revision_C_base@7c27a44,7c27a44,45e2af3666873b8389a0bd7936fd9b6029d41fa8169fa964adb24a85ca76dec6,c6-random_20260831_182014_803486_5cf558a2,5cf558a20d4e6c9ac5845bd72e390abc3dcd6217c904aa099c208da79cfb245f,revision_B_base,revision_B_base,0.8,5,200000.0,xlarge,45.0,80.0,5.0,0.5,1.0,"{""p_d"":0.8,""stage"":""c6-random"",""tau"":10000.0,""w"":0.5}",b7a677794b82ff1680841467faa35377b7d82f925e1dd78d94f0523c73551860
15,50,random_uniform_n8_uncoordinated,1546190821,"policy_seed = SeedSequence([planning_seed, dataset_id, hash('c6-random-policy')]); per-UAV stream = SeedSequence([policy_seed, uav_id]) -> default_rng(derived_seed); one stream per persistent UAV identity; streams are never shared or consumed sequentially across UAVs",0.033248345762295836,7858.715591315485,0.033417644929373665,615,152609,0.995970093506936,248.14471544715448,1378,8000,200000.0,616.6674800440669,0.0,8000,89,0.011125,0,0,0,0,budget_exhausted,8000,8001,8000,8001,200000.0,"[[630129.6687084292,4856617.650507322],[630014.1691151065,4856677.192956858],[630115.0432810766,4856786.600040555],[630176.7988904591,4856736.057015631],[630066.2300504936,4856736.135434811]]",6704fde7839051e72a9f3213e4780a81a3a2f1e25642cbbf98807db544e27862,d4957fc20ce14ce613a489f76523dd6fefdbdc4904bf2e441353c4f2569623ff,"{""0"":3623354395,""1"":243574209,""2"":1535970828,""3"":1546220866,""4"":733393866}","{""0"":3623354395,""1"":243574209,""2"":1535970828,""3"":1546220866,""4"":733393866}","[0,1,2,3,4]",not_applicable,not_applicable,not_applicable,not_applicable,evidence,10000.0,0.8,none,none,none,none,none,stationary,matched_prior_exact,1,0,b84d500b84755ff879548f8c782b24cbab7a226582fd31d8aae52acb4141f1bc,flat,temperate,15:50,c5-generalization_20260827_181139_043334_662411fc,revision_C_base@7c27a44,7c27a44,45e2af3666873b8389a0bd7936fd9b6029d41fa8169fa964adb24a85ca76dec6,c6-random_20260831_182014_803486_5cf558a2,5cf558a20d4e6c9ac5845bd72e390abc3dcd6217c904aa099c208da79cfb245f,revision_B_base,revision_B_base,0.8,5,200000.0,xlarge,45.0,80.0,5.0,0.5,1.0,"{""p_d"":0.8,""stage"":""c6-random"",""tau"":10000.0,""w"":0.5}",b7a677794b82ff1680841467faa35377b7d82f925e1dd78d94f0523c73551860
20,42,random_uniform_n8_uncoordinated,3946771191,"policy_seed = SeedSequence([planning_seed, dataset_id, hash('c6-random-policy')]); per-UAV stream = SeedSequence([policy_seed, uav_id]) -> default_rng(derived_seed); one stream per persistent UAV identity; streams are never shared or consumed sequentially across UAVs",0.005719661220093304,7975.098745409521,0.005734472126272107,442,152527,0.9971021524058036,345.08371040723983,2489,8000,200000.0,2184.095998383593,0.0,8000,182,0.02275,0,0,0,0,budget_exhausted,8000,8001,8000,8001,200000.0,"[[335056.07774782495,5232911.7238481445],[335098.80516493204,5232912.411810829],[335128.1233070663,5233032.318689683],[335052.3442211388,5232888.779513757],[335092.66080729954,5233025.596435731]]",9fabf0d8f759353d2f98bc1262445f494c2efd8fc6d2cdd1ebd19f7ce0bdd79c,e2dea05e666704e939db6a7da813b40969af94fa3895c1156191ed3b46372f20,"{""0"":3128876195,""1"":3962000436,""2"":3365803618,""3"":3060221852,""4"":2557479380}","{""0"":3128876195,""1"":3962000436,""2"":3365803618,""3"":3060221852,""4"":2557479380}","[0,1,2,3,4]",not_applicable,not_applicable,not_applicable,not_applicable,evidence,10000.0,0.8,none,none,none,none,none,stationary,matched_prior_exact,1,0,0aa056919b7d8b2f497e36bf0757303c5f30f6633b4af46c105ef9a6b6324e42,mountainous,temperate,20:42,c5-generalization_20260827_181139_043334_662411fc,revision_C_base@7c27a44,7c27a44,45e2af3666873b8389a0bd7936fd9b6029d41fa8169fa964adb24a85ca76dec6,c6-random_20260831_182014_803486_5cf558a2,5cf558a20d4e6c9ac5845bd72e390abc3dcd6217c904aa099c208da79cfb245f,revision_B_base,revision_B_base,0.8,5,200000.0,xlarge,45.0,80.0,5.0,0.5,1.0,"{""p_d"":0.8,""stage"":""c6-random"",""tau"":10000.0,""w"":0.5}",b7a677794b82ff1680841467faa35377b7d82f925e1dd78d94f0523c73551860
20,43,random_uniform_n8_uncoordinated,4237166504,"policy_seed = SeedSequence([planning_seed, dataset_id, hash('c6-random-policy')]); per-UAV stream = SeedSequence([policy_seed, uav_id]) -> default_rng(derived_seed); one stream per persistent UAV identity; streams are never shared or consumed sequentially across UAVs",0.007162507969940682,7976.191551598751,0.007198562498099431,483,152354,0.996829751762343,315.4327122153209,1723,8000,200000.0,2066.7807117840275,0.0,8000,238,0.029,0,0,0,0,budget_exhausted,8000,8001,8000,8001,200000.0,"[[335034.09154672344,5232960.1201033145],[335137.0277552491,5232988.721187871],[335005.6704845993,5232952.545365126],[335046.7219653879,5232925.874984358],[334987.2964298043,5233009.584897676]]",65a9702c31d3f4df9f8d359b567bee7dc75bea8ccb4d86cb6cf466eeb71c5e5e,16cb9dc07e0eb29821f2836b15df7ac774e2cb3fac373c6decd69c27b89e1457,"{""0"":2152309664,""1"":955904672,""2"":2943674506,""3"":3650664050,""4"":2000695418}","{""0"":2152309664,""1"":955904672,""2"":2943674506,""3"":3650664050,""4"":2000695418}","[0,1,2,3,4]",not_applicable,not_applicable,not_applicable,not_applicable,evidence,10000.0,0.8,none,none,none,none,none,stationary,matched_prior_exact,1,0,0aa056919b7d8b2f497e36bf0757303c5f30f6633b4af46c105ef9a6b6324e42,mountainous,temperate,20:43,c5-generalization_20260827_181139_043334_662411fc,revision_C_base@7c27a44,7c27a44,45e2af3666873b8389a0bd7936fd9b6029d41fa8169fa964adb24a85ca76dec6,c6-random_20260831_182014_803486_5cf558a2,5cf558a20d4e6c9ac5845bd72e390abc3dcd6217c904aa099c208da79cfb245f,revision_B_base,revision_B_base,0.8,5,200000.0,xlarge,45.0,80.0,5.0,0.5,1.0,"{""p_d"":0.8,""stage"":""c6-random"",""tau"":10000.0,""w"":0.5}",b7a677794b82ff1680841467faa35377b7d82f925e1dd78d94f0523c73551860
20,45,random_uniform_n8_uncoordinated,584606517,"policy_seed = SeedSequence([planning_seed, dataset_id, hash('c6-random-policy')]); per-UAV stream = SeedSequence([policy_seed, uav_id]) -> default_rng(derived_seed); one stream per persistent UAV identity; streams are never shared or consumed sequentially across UAVs",0.007577602398774227,7975.026735048044,0.007606852888180447,614,152373,0.9959704147060174,248.1644951140065,1528,8000,200000.0,2066.932581052184,0.0,8000,177,0.02175,0,0,0,0,budget_exhausted,8000,8001,8000,8001,200000.0,"[[334980.9866823064,5232944.981825327],[335053.86132571555,5232887.459864984],[334958.04575091565,5232971.552850915],[335068.1771137908,5232903.316817941],[334977.3616695729,5233021.740063881]]",7d4026ef9a393d3eb64993861a1cfe26eab61eae2aa3d3d3b0dc51ade46b5f30,8cb37c55cf50bfd8d640c94af8a7df42e515e7d5716dfcacd299d647323aabdc,"{""0"":3150174625,""1"":384385583,""2"":3892109204,""3"":656165146,""4"":2026731319}","{""0"":3150174625,""1"":384385583,""2"":3892109204,""3"":656165146,""4"":2026731319}","[0,1,2,3,4]",not_applicable,not_applicable,not_applicable,not_applicable,evidence,10000.0,0.8,none,none,none,none,none,stationary,matched_prior_exact,1,0,0aa056919b7d8b2f497e36bf0757303c5f30f6633b4af46c105ef9a6b6324e42,mountainous,temperate,20:45,c5-generalization_20260827_181139_043334_662411fc,revision_C_base@7c27a44,7c27a44,45e2af3666873b8389a0bd7936fd9b6029d41fa8169fa964adb24a85ca76dec6,c6-random_20260831_182014_803486_5cf558a2,5cf558a20d4e6c9ac5845bd72e390abc3dcd6217c904aa099c208da79cfb245f,revision_B_base,revision_B_base,0.8,5,200000.0,xlarge,45.0,80.0,5.0,0.5,1.0,"{""p_d"":0.8,""stage"":""c6-random"",""tau"":10000.0,""w"":0.5}",b7a677794b82ff1680841467faa35377b7d82f925e1dd78d94f0523c73551860
20,46,random_uniform_n8_uncoordinated,341459316,"policy_seed = SeedSequence([planning_seed, dataset_id, hash('c6-random-policy')]); per-UAV stream = SeedSequence([policy_seed, uav_id]) -> default_rng(derived_seed); one stream per persistent UAV identity; streams are never shared or consumed sequentially across UAVs",0.008390515300783599,7967.520593072553,0.008427053416567389,646,152174,0.9957548595686517,235.56346749226006,1627,8000,200000.0,2065.870644322131,0.0,8000,120,0.015,0,0,0,0,budget_exhausted,8000,8001,8000,8001,200000.0,"[[335069.1871743226,5232961.689942275],[335034.99837032444,5233055.2886071345],[335072.8210834294,5232965.484495807],[334985.54802344844,5232913.317448327],[334959.85090689873,5232971.007382997]]",1476a5a610b640fb782c76e31d9cfbd4cc1234ceb6ea7cd44ce9d0448243044a,4a26655de8f653611b4531cd59df6e56f0a3fb9952dbafb10519f8d92c21d097,"{""0"":2928627012,""1"":1161209392,""2"":182127316,""3"":1964321146,""4"":627806550}","{""0"":2928627012,""1"":1161209392,""2"":182127316,""3"":1964321146,""4"":627806550}","[0,1,2,3,4]",not_applicable,not_applicable,not_applicable,not_applicable,evidence,10000.0,0.8,none,none,none,none,none,stationary,matched_prior_exact,1,0,0aa056919b7d8b2f497e36bf0757303c5f30f6633b4af46c105ef9a6b6324e42,mountainous,temperate,20:46,c5-generalization_20260827_181139_043334_662411fc,revision_C_base@7c27a44,7c27a44,45e2af3666873b8389a0bd7936fd9b6029d41fa8169fa964adb24a85ca76dec6,c6-random_20260831_182014_803486_5cf558a2,5cf558a20d4e6c9ac5845bd72e390abc3dcd6217c904aa099c208da79cfb245f,revision_B_base,revision_B_base,0.8,5,200000.0,xlarge,45.0,80.0,5.0,0.5,1.0,"{""p_d"":0.8,""stage"":""c6-random"",""tau"":10000.0,""w"":0.5}",b7a677794b82ff1680841467faa35377b7d82f925e1dd78d94f0523c73551860
20,47,random_uniform_n8_uncoordinated,289198359,"policy_seed = SeedSequence([planning_seed, dataset_id, hash('c6-random-policy')]); per-UAV stream = SeedSequence([policy_seed, uav_id]) -> default_rng(derived_seed); one stream per persistent UAV identity; streams are never shared or consumed sequentially across UAVs",0.005581554242584609,7976.076046575465,0.0056029757992894945,441,152411,0.9971065080604419,345.6031746031746,1718,8000,200000.0,2085.0846646418795,0.0,8000,115,0.014125,0,0,0,0,budget_exhausted,8000,8001,8000,8001,200000.0,"[[335041.6739240111,5232890.523739497],[335014.705019266,5232984.212640876],[335101.554585065,5232965.512119937],[335074.57984881056,5233065.364501095],[335003.9512958643,5232973.729685022]]",7b500b9dd2fa6f6e08cf39ee80f3b122ad093607f27df7ff457cbf21d12be22d,314083cd9ffe90e9fed92232bcd94424df2b57f53b2c9b794def29fb66d673e9,"{""0"":4219199736,""1"":3262593560,""2"":1518131672,""3"":2384725255,""4"":3145464428}","{""0"":4219199736,""1"":3262593560,""2"":1518131672,""3"":2384725255,""4"":3145464428}","[0,1,2,3,4]",not_applicable,not_applicable,not_applicable,not_applicable,evidence,10000.0,0.8,none,none,none,none,none,stationary,matched_prior_exact,1,0,0aa056919b7d8b2f497e36bf0757303c5f30f6633b4af46c105ef9a6b6324e42,mountainous,temperate,20:47,c5-generalization_20260827_181139_043334_662411fc,revision_C_base@7c27a44,7c27a44,45e2af3666873b8389a0bd7936fd9b6029d41fa8169fa964adb24a85ca76dec6,c6-random_20260831_182014_803486_5cf558a2,5cf558a20d4e6c9ac5845bd72e390abc3dcd6217c904aa099c208da79cfb245f,revision_B_base,revision_B_base,0.8,5,200000.0,xlarge,45.0,80.0,5.0,0.5,1.0,"{""p_d"":0.8,""stage"":""c6-random"",""tau"":10000.0,""w"":0.5}",b7a677794b82ff1680841467faa35377b7d82f925e1dd78d94f0523c73551860
20,44,random_uniform_n8_uncoordinated,2408516804,"policy_seed = SeedSequence([planning_seed, dataset_id, hash('c6-random-policy')]); per-UAV stream = SeedSequence([policy_seed, uav_id]) -> default_rng(derived_seed); one stream per persistent UAV identity; streams are never shared or consumed sequentially across UAVs",0.006386904717157999,7980.842459822392,0.006423899770669226,431,152445,0.9971727508281676,353.70069605568443,1621,8000,200000.0,2131.67558136303,0.0,8000,321,0.0395,0,0,0,0,budget_exhausted,8000,8001,8000,8001,200000.0,"[[335082.61343392584,5233012.593442547],[334964.4529744381,5233032.16324638],[335094.612608384,5233056.113141071],[335076.34889625007,5233026.894277678],[335011.6985700974,5232906.661557695]]",1ce2fdf5e82b5c4c5020d1639f778e4b473c82f2d83bc703d509c013e3610109,06cc13c66000ac5221dba2eb02983e3b1a54083ac79010cfc7c4399ea2324109,"{""0"":4212248639,""1"":346688114,""2"":3755924892,""3"":4022243573,""4"":465019986}","{""0"":4212248639,""1"":346688114,""2"":3755924892,""3"":4022243573,""4"":465019986}","[0,1,2,3,4]",not_applicable,not_applicable,not_applicable,not_applicable,evidence,10000.0,0.8,none,none,none,none,none,stationary,matched_prior_exact,1,0,0aa056919b7d8b2f497e36bf0757303c5f30f6633b4af46c105ef9a6b6324e42,mountainous,temperate,20:44,c5-generalization_20260827_181139_043334_662411fc,revision_C_base@7c27a44,7c27a44,45e2af3666873b8389a0bd7936fd9b6029d41fa8169fa964adb24a85ca76dec6,c6-random_20260831_182014_803486_5cf558a2,5cf558a20d4e6c9ac5845bd72e390abc3dcd6217c904aa099c208da79cfb245f,revision_B_base,revision_B_base,0.8,5,200000.0,xlarge,45.0,80.0,5.0,0.5,1.0,"{""p_d"":0.8,""stage"":""c6-random"",""tau"":10000.0,""w"":0.5}",b7a677794b82ff1680841467faa35377b7d82f925e1dd78d94f0523c73551860
20,48,random_uniform_n8_uncoordinated,381595012,"policy_seed = SeedSequence([planning_seed, dataset_id, hash('c6-random-policy')]); per-UAV stream = SeedSequence([policy_seed, uav_id]) -> default_rng(derived_seed); one stream per persistent UAV identity; streams are never shared or consumed sequentially across UAVs",0.00663701330703767,7971.575426642197,0.006662746235997125,533,152433,0.9965033818136493,285.9906191369606,1368,8000,200000.0,2057.858691137284,0.0,8000,113,0.014,0,0,0,0,budget_exhausted,8000,8001,8000,8001,200000.0,"[[334987.3878262649,5233027.277482723],[334963.12062489975,5232970.00555362],[334992.721819224,5232901.214341255],[334984.7549638487,5232938.3491111],[335052.38627596735,5232931.76453021]]",9cdbba31fd5cf8166f02b89d28a81355b955f86d5a9cb99bedaecb598f6fde40,62deec16f9d8120f73008282622b3c84ba55edd4a92cb7ffcb414f6794e2735b,"{""0"":2621121611,""1"":1559258353,""2"":2499513331,""3"":4089786556,""4"":3088716757}","{""0"":2621121611,""1"":1559258353,""2"":2499513331,""3"":4089786556,""4"":3088716757}","[0,1,2,3,4]",not_applicable,not_applicable,not_applicable,not_applicable,evidence,10000.0,0.8,none,none,none,none,none,stationary,matched_prior_exact,1,0,0aa056919b7d8b2f497e36bf0757303c5f30f6633b4af46c105ef9a6b6324e42,mountainous,temperate,20:48,c5-generalization_20260827_181139_043334_662411fc,revision_C_base@7c27a44,7c27a44,45e2af3666873b8389a0bd7936fd9b6029d41fa8169fa964adb24a85ca76dec6,c6-random_20260831_182014_803486_5cf558a2,5cf558a20d4e6c9ac5845bd72e390abc3dcd6217c904aa099c208da79cfb245f,revision_B_base,revision_B_base,0.8,5,200000.0,xlarge,45.0,80.0,5.0,0.5,1.0,"{""p_d"":0.8,""stage"":""c6-random"",""tau"":10000.0,""w"":0.5}",b7a677794b82ff1680841467faa35377b7d82f925e1dd78d94f0523c73551860
20,49,random_uniform_n8_uncoordinated,4138609160,"policy_seed = SeedSequence([planning_seed, dataset_id, hash('c6-random-policy')]); per-UAV stream = SeedSequence([policy_seed, uav_id]) -> default_rng(derived_seed); one stream per persistent UAV identity; streams are never shared or consumed sequentially across UAVs",0.005074388375862285,7981.127843420016,0.00509484980662141,402,152425,0.9973626373626374,379.1666666666667,2091,8000,200000.0,2097.068706958089,0.0,8000,233,0.02875,0,0,0,0,budget_exhausted,8000,8001,8000,8001,200000.0,"[[334995.99261378817,5233035.678155395],[334984.68044015975,5233026.8136224765],[335039.6415832427,5232967.548968352],[335062.5804407782,5232878.798215343],[335012.78441028134,5232975.27373095]]",41c195056434d3b3ab8ef271ad0dc4437e14033e513a1ddfb30f2b7c13b8ee67,f7f2bbdba5ad2b07fe5729cacfa1789254361dc756239488b04d00d6c6963231,"{""0"":1701100882,""1"":1213050123,""2"":4084188176,""3"":271530015,""4"":1242067961}","{""0"":1701100882,""1"":1213050123,""2"":4084188176,""3"":271530015,""4"":1242067961}","[0,1,2,3,4]",not_applicable,not_applicable,not_applicable,not_applicable,evidence,10000.0,0.8,none,none,none,none,none,stationary,matched_prior_exact,1,0,0aa056919b7d8b2f497e36bf0757303c5f30f6633b4af46c105ef9a6b6324e42,mountainous,temperate,20:49,c5-generalization_20260827_181139_043334_662411fc,revision_C_base@7c27a44,7c27a44,45e2af3666873b8389a0bd7936fd9b6029d41fa8169fa964adb24a85ca76dec6,c6-random_20260831_182014_803486_5cf558a2,5cf558a20d4e6c9ac5845bd72e390abc3dcd6217c904aa099c208da79cfb245f,revision_B_base,revision_B_base,0.8,5,200000.0,xlarge,45.0,80.0,5.0,0.5,1.0,"{""p_d"":0.8,""stage"":""c6-random"",""tau"":10000.0,""w"":0.5}",b7a677794b82ff1680841467faa35377b7d82f925e1dd78d94f0523c73551860
20,51,random_uniform_n8_uncoordinated,3599064606,"policy_seed = SeedSequence([planning_seed, dataset_id, hash('c6-random-policy')]); per-UAV stream = SeedSequence([policy_seed, uav_id]) -> default_rng(derived_seed); one stream per persistent UAV identity; streams are never shared or consumed sequentially across UAVs",0.008994938151836725,7961.713030989735,0.009011438515290144,614,152036,0.9959614828067037,247.6156351791531,1512,8000,200000.0,2090.2128503620625,0.0,8000,134,0.01675,0,0,0,0,budget_exhausted,8000,8001,8000,8001,200000.0,"[[335097.9788329372,5232957.613945031],[335044.68933359545,5233024.382744176],[335056.6421410685,5232931.870042204],[335075.5054507943,5232896.820773061],[334984.31466091104,5233010.321107172]]",8b713aaa034513400fe86e1346db770eb27bee05f94a6ce20a068e8933693dc6,64e82da2155cf1b749f4ef37eca52a1c8496548f8873e03ded95e859d7a9e73e,"{""0"":549156138,""1"":35913458,""2"":245969960,""3"":2591922108,""4"":2909730783}","{""0"":549156138,""1"":35913458,""2"":245969960,""3"":2591922108,""4"":2909730783}","[0,1,2,3,4]",not_applicable,not_applicable,not_applicable,not_applicable,evidence,10000.0,0.8,none,none,none,none,none,stationary,matched_prior_exact,1,0,0aa056919b7d8b2f497e36bf0757303c5f30f6633b4af46c105ef9a6b6324e42,mountainous,temperate,20:51,c5-generalization_20260827_181139_043334_662411fc,revision_C_base@7c27a44,7c27a44,45e2af3666873b8389a0bd7936fd9b6029d41fa8169fa964adb24a85ca76dec6,c6-random_20260831_182014_803486_5cf558a2,5cf558a20d4e6c9ac5845bd72e390abc3dcd6217c904aa099c208da79cfb245f,revision_B_base,revision_B_base,0.8,5,200000.0,xlarge,45.0,80.0,5.0,0.5,1.0,"{""p_d"":0.8,""stage"":""c6-random"",""tau"":10000.0,""w"":0.5}",b7a677794b82ff1680841467faa35377b7d82f925e1dd78d94f0523c73551860
20,50,random_uniform_n8_uncoordinated,215497393,"policy_seed = SeedSequence([planning_seed, dataset_id, hash('c6-random-policy')]); per-UAV stream = SeedSequence([policy_seed, uav_id]) -> default_rng(derived_seed); one stream per persistent UAV identity; streams are never shared or consumed sequentially across UAVs",0.006871826344225129,7968.320872072516,0.006900059261867242,521,152492,0.9965834273273352,292.6909788867562,1574,8000,200000.0,2115.8774107680656,0.0,8000,98,0.011625,0,0,0,0,budget_exhausted,8000,8001,8000,8001,200000.0,"[[335067.41542179196,5232888.429637417],[334951.9158284692,5232947.972086954],[335052.7899944394,5233057.379170651],[335114.54560382187,5233006.836145727],[335003.97676385636,5233006.914564907]]",47c09c977021b9577c043399d1e95b28b11186cde317dea7c73309d8b36b7534,6062687cc089e67f39a294003262cfdd9bda5d4b8fab86093923ba547d98ad11,"{""0"":2692971745,""1"":2483920045,""2"":3614552251,""3"":3789229451,""4"":2430761081}","{""0"":2692971745,""1"":2483920045,""2"":3614552251,""3"":3789229451,""4"":2430761081}","[0,1,2,3,4]",not_applicable,not_applicable,not_applicable,not_applicable,evidence,10000.0,0.8,none,none,none,none,none,stationary,matched_prior_exact,1,0,0aa056919b7d8b2f497e36bf0757303c5f30f6633b4af46c105ef9a6b6324e42,mountainous,temperate,20:50,c5-generalization_20260827_181139_043334_662411fc,revision_C_base@7c27a44,7c27a44,45e2af3666873b8389a0bd7936fd9b6029d41fa8169fa964adb24a85ca76dec6,c6-random_20260831_182014_803486_5cf558a2,5cf558a20d4e6c9ac5845bd72e390abc3dcd6217c904aa099c208da79cfb245f,revision_B_base,revision_B_base,0.8,5,200000.0,xlarge,45.0,80.0,5.0,0.5,1.0,"{""p_d"":0.8,""stage"":""c6-random"",""tau"":10000.0,""w"":0.5}",b7a677794b82ff1680841467faa35377b7d82f925e1dd78d94f0523c73551860
25,43,random_uniform_n8_uncoordinated,2903989711,"policy_seed = SeedSequence([planning_seed, dataset_id, hash('c6-random-policy')]); per-UAV stream = SeedSequence([policy_seed, uav_id]) -> default_rng(derived_seed); one stream per persistent UAV identity; streams are never shared or consumed sequentially across UAVs",0.004505178306683729,7984.080252336715,0.004522985031095295,630,152026,0.9958559720047887,241.3111111111111,1075,8000,200000.0,2083.687931079883,0.0,8000,160,0.0195,0,0,0,0,budget_exhausted,8000,8001,8000,8001,200000.0,"[[462638.1460529804,5106352.346387842],[462741.08226150606,5106380.947472398],[462609.72499085625,5106344.771649653],[462650.7764716448,5106318.101268886],[462591.35093606124,5106401.811182203]]",0432ffe7320af620cb3b947549360b8a3cdeccf9fdc76843b295db0a0c1822da,825d692130ddc9d1aa169f588cb7fae5a180cea484055d0e5df4000845beccb5,"{""0"":2731775011,""1"":1711202188,""2"":3934426447,""3"":1675123660,""4"":1198819909}","{""0"":2731775011,""1"":1711202188,""2"":3934426447,""3"":1675123660,""4"":1198819909}","[0,1,2,3,4]",not_applicable,not_applicable,not_applicable,not_applicable,evidence,10000.0,0.8,none,none,none,none,none,stationary,matched_prior_exact,1,0,b607ab3657dc1c880d6cc847baae931c087f9bc6b21ca09df1768f51a221911a,mountainous,temperate,25:43,c5-generalization_20260827_181139_043334_662411fc,revision_C_base@7c27a44,7c27a44,45e2af3666873b8389a0bd7936fd9b6029d41fa8169fa964adb24a85ca76dec6,c6-random_20260831_182014_803486_5cf558a2,5cf558a20d4e6c9ac5845bd72e390abc3dcd6217c904aa099c208da79cfb245f,revision_B_base,revision_B_base,0.8,5,200000.0,xlarge,45.0,80.0,5.0,0.5,1.0,"{""p_d"":0.8,""stage"":""c6-random"",""tau"":10000.0,""w"":0.5}",b7a677794b82ff1680841467faa35377b7d82f925e1dd78d94f0523c73551860
25,42,random_uniform_n8_uncoordinated,2366614981,"policy_seed = SeedSequence([planning_seed, dataset_id, hash('c6-random-policy')]); per-UAV stream = SeedSequence([policy_seed, uav_id]) -> default_rng(derived_seed); one stream per persistent UAV identity; streams are never shared or consumed sequentially across UAVs",0.002769070911363721,7990.206670704158,0.002781540373795078,436,152267,0.9971366087202086,349.23623853211006,2345,8000,200000.0,2209.5491470373236,0.0,8000,292,0.036375,0,0,0,0,budget_exhausted,8000,8001,8000,8001,200000.0,"[[462660.1322540819,5106303.950132672],[462702.859671189,5106304.6380953565],[462732.1778133232,5106424.544974211],[462656.39872739575,5106281.005798284],[462696.7153135565,5106417.8227202585]]",38dbf86c15b720a45adbd2918968b107edcb649e273b5018f579e30c557f7d80,87d3f89cb5835ed5e475e7ab72e97129ecd359615719a95ddcd1a339395bc0c4,"{""0"":2496141678,""1"":1254996157,""2"":2795208696,""3"":2367110690,""4"":3995379629}","{""0"":2496141678,""1"":1254996157,""2"":2795208696,""3"":2367110690,""4"":3995379629}","[0,1,2,3,4]",not_applicable,not_applicable,not_applicable,not_applicable,evidence,10000.0,0.8,none,none,none,none,none,stationary,matched_prior_exact,1,0,b607ab3657dc1c880d6cc847baae931c087f9bc6b21ca09df1768f51a221911a,mountainous,temperate,25:42,c5-generalization_20260827_181139_043334_662411fc,revision_C_base@7c27a44,7c27a44,45e2af3666873b8389a0bd7936fd9b6029d41fa8169fa964adb24a85ca76dec6,c6-random_20260831_182014_803486_5cf558a2,5cf558a20d4e6c9ac5845bd72e390abc3dcd6217c904aa099c208da79cfb245f,revision_B_base,revision_B_base,0.8,5,200000.0,xlarge,45.0,80.0,5.0,0.5,1.0,"{""p_d"":0.8,""stage"":""c6-random"",""tau"":10000.0,""w"":0.5}",b7a677794b82ff1680841467faa35377b7d82f925e1dd78d94f0523c73551860
25,44,random_uniform_n8_uncoordinated,1567602749,"policy_seed = SeedSequence([planning_seed, dataset_id, hash('c6-random-policy')]); per-UAV stream = SeedSequence([policy_seed, uav_id]) -> default_rng(derived_seed); one stream per persistent UAV identity; streams are never shared or consumed sequentially across UAVs",0.0027813742477533895,7990.515560054397,0.002792484117031302,436,152335,0.9971378868940165,349.39220183486236,1450,8000,200000.0,2087.929515578784,0.0,8000,139,0.01725,0,0,0,0,budget_exhausted,8000,8001,8000,8001,200000.0,"[[462686.6679401828,5106404.819727074],[462568.507480695,5106424.389530907],[462698.66711464094,5106448.339425598],[462680.403402507,5106419.120562205],[462615.75307635433,5106298.887842222]]",cd1849d366802ebfd35b45f7e3edc95c9611a56337da7d3e4677edb54a6d0939,e8cac16b063b285db6c93fbd10625f852173fb09587c1a87f80c1ccf09bd66fd,"{""0"":1127304881,""1"":3929591944,""2"":1445124203,""3"":221630873,""4"":4008857616}","{""0"":1127304881,""1"":3929591944,""2"":1445124203,""3"":221630873,""4"":4008857616}","[0,1,2,3,4]",not_applicable,not_applicable,not_applicable,not_applicable,evidence,10000.0,0.8,none,none,none,none,none,stationary,matched_prior_exact,1,0,b607ab3657dc1c880d6cc847baae931c087f9bc6b21ca09df1768f51a221911a,mountainous,temperate,25:44,c5-generalization_20260827_181139_043334_662411fc,revision_C_base@7c27a44,7c27a44,45e2af3666873b8389a0bd7936fd9b6029d41fa8169fa964adb24a85ca76dec6,c6-random_20260831_182014_803486_5cf558a2,5cf558a20d4e6c9ac5845bd72e390abc3dcd6217c904aa099c208da79cfb245f,revision_B_base,revision_B_base,0.8,5,200000.0,xlarge,45.0,80.0,5.0,0.5,1.0,"{""p_d"":0.8,""stage"":""c6-random"",""tau"":10000.0,""w"":0.5}",b7a677794b82ff1680841467faa35377b7d82f925e1dd78d94f0523c73551860
25,48,random_uniform_n8_uncoordinated,2655030692,"policy_seed = SeedSequence([planning_seed, dataset_id, hash('c6-random-policy')]); per-UAV stream = SeedSequence([policy_seed, uav_id]) -> default_rng(derived_seed); one stream per persistent UAV identity; streams are never shared or consumed sequentially across UAVs",0.0023591684589189224,7990.658413197523,0.0023706000963850367,395,152189,0.9974045430353048,385.2886075949367,2110,8000,200000.0,1898.5073711699806,0.0,8000,286,0.034625,0,0,0,0,budget_exhausted,8000,8001,8000,8001,200000.0,"[[462591.44233252184,5106419.50376725],[462567.1751311567,5106362.231838147],[462596.77632548095,5106293.440625782],[462588.8094701056,5106330.575395627],[462656.4407822243,5106323.990814737]]",d12df8f575dc98a8bfe338e7e3bbeabcfb283482ec4ebaa3b9e51fd6bd217fed,a39287ad734d03e7884903a8fbfcca802b83c3dc05549b6e6ddaa23c2b2092d0,"{""0"":1140812493,""1"":373083275,""2"":1314324363,""3"":47897970,""4"":4159828507}","{""0"":1140812493,""1"":373083275,""2"":1314324363,""3"":47897970,""4"":4159828507}","[0,1,2,3,4]",not_applicable,not_applicable,not_applicable,not_applicable,evidence,10000.0,0.8,none,none,none,none,none,stationary,matched_prior_exact,1,0,b607ab3657dc1c880d6cc847baae931c087f9bc6b21ca09df1768f51a221911a,mountainous,temperate,25:48,c5-generalization_20260827_181139_043334_662411fc,revision_C_base@7c27a44,7c27a44,45e2af3666873b8389a0bd7936fd9b6029d41fa8169fa964adb24a85ca76dec6,c6-random_20260831_182014_803486_5cf558a2,5cf558a20d4e6c9ac5845bd72e390abc3dcd6217c904aa099c208da79cfb245f,revision_B_base,revision_B_base,0.8,5,200000.0,xlarge,45.0,80.0,5.0,0.5,1.0,"{""p_d"":0.8,""stage"":""c6-random"",""tau"":10000.0,""w"":0.5}",b7a677794b82ff1680841467faa35377b7d82f925e1dd78d94f0523c73551860
25,45,random_uniform_n8_uncoordinated,2679217937,"policy_seed = SeedSequence([planning_seed, dataset_id, hash('c6-random-policy')]); per-UAV stream = SeedSequence([policy_seed, uav_id]) -> default_rng(derived_seed); one stream per persistent UAV identity; streams are never shared or consumed sequentially across UAVs",0.0037581810810829236,7984.906682525183,0.0037698585489679185,517,152268,0.9966046707121654,294.5222437137331,1384,8000,200000.0,2098.7612950778566,0.0,8000,215,0.026625,0,0,0,0,budget_exhausted,8000,8001,8000,8001,200000.0,"[[462585.04118856334,5106337.208109854],[462657.9158319725,5106279.6861495115],[462562.1002571726,5106363.779135442],[462672.23162004777,5106295.543102468],[462581.4161758298,5106413.966348408]]",9e80dfa7c9568a0bbf5bdf015ea65cdad60e085bd19c5df25a4d9eb657ef3182,0789c0474ff5a91a577da4ef0914bbb50b0c08665d996eceba51a4587013c0f6,"{""0"":3054789059,""1"":2924502687,""2"":2418103177,""3"":2186656159,""4"":2587963941}","{""0"":3054789059,""1"":2924502687,""2"":2418103177,""3"":2186656159,""4"":2587963941}","[0,1,2,3,4]",not_applicable,not_applicable,not_applicable,not_applicable,evidence,10000.0,0.8,none,none,none,none,none,stationary,matched_prior_exact,1,0,b607ab3657dc1c880d6cc847baae931c087f9bc6b21ca09df1768f51a221911a,mountainous,temperate,25:45,c5-generalization_20260827_181139_043334_662411fc,revision_C_base@7c27a44,7c27a44,45e2af3666873b8389a0bd7936fd9b6029d41fa8169fa964adb24a85ca76dec6,c6-random_20260831_182014_803486_5cf558a2,5cf558a20d4e6c9ac5845bd72e390abc3dcd6217c904aa099c208da79cfb245f,revision_B_base,revision_B_base,0.8,5,200000.0,xlarge,45.0,80.0,5.0,0.5,1.0,"{""p_d"":0.8,""stage"":""c6-random"",""tau"":10000.0,""w"":0.5}",b7a677794b82ff1680841467faa35377b7d82f925e1dd78d94f0523c73551860
25,46,random_uniform_n8_uncoordinated,591027381,"policy_seed = SeedSequence([planning_seed, dataset_id, hash('c6-random-policy')]); per-UAV stream = SeedSequence([policy_seed, uav_id]) -> default_rng(derived_seed); one stream per persistent UAV identity; streams are never shared or consumed sequentially across UAVs",0.002794428742509123,7988.000969211653,0.002800587667081066,438,152171,0.9971216591860472,347.42237442922374,1980,8000,200000.0,2102.2405224889517,0.0,8000,262,0.031875,0,0,0,0,budget_exhausted,8000,8001,8000,8001,200000.0,"[[462673.24168057955,5106353.916226802],[462639.0528765814,5106447.514891662],[462676.87558968633,5106357.710780335],[462589.6025297054,5106305.543732855],[462563.9054131557,5106363.2336675245]]",66d62b1ec8064d170fef11e55b8f973ba9d46fa2bac40f6fd552383bed081de8,cd9cb89e545c6a26dfe2afd7e838ad50b047d09020c3b608bcb381ed43771a21,"{""0"":926347290,""1"":2702977148,""2"":1349115746,""3"":1147527358,""4"":2701792022}","{""0"":926347290,""1"":2702977148,""2"":1349115746,""3"":1147527358,""4"":2701792022}","[0,1,2,3,4]",not_applicable,not_applicable,not_applicable,not_applicable,evidence,10000.0,0.8,none,none,none,none,none,stationary,matched_prior_exact,1,0,b607ab3657dc1c880d6cc847baae931c087f9bc6b21ca09df1768f51a221911a,mountainous,temperate,25:46,c5-generalization_20260827_181139_043334_662411fc,revision_C_base@7c27a44,7c27a44,45e2af3666873b8389a0bd7936fd9b6029d41fa8169fa964adb24a85ca76dec6,c6-random_20260831_182014_803486_5cf558a2,5cf558a20d4e6c9ac5845bd72e390abc3dcd6217c904aa099c208da79cfb245f,revision_B_base,revision_B_base,0.8,5,200000.0,xlarge,45.0,80.0,5.0,0.5,1.0,"{""p_d"":0.8,""stage"":""c6-random"",""tau"":10000.0,""w"":0.5}",b7a677794b82ff1680841467faa35377b7d82f925e1dd78d94f0523c73551860
25,47,random_uniform_n8_uncoordinated,2858322638,"policy_seed = SeedSequence([planning_seed, dataset_id, hash('c6-random-policy')]); per-UAV stream = SeedSequence([policy_seed, uav_id]) -> default_rng(derived_seed); one stream per persistent UAV identity; streams are never shared or consumed sequentially across UAVs",0.004154376749731924,7984.64908710732,0.00417561050499934,579,152132,0.9961940946020561,262.74956822107083,1571,8000,200000.0,2164.929044863209,0.0,8000,168,0.02075,0,0,0,0,budget_exhausted,8000,8001,8000,8001,200000.0,"[[462645.72843026806,5106282.750024024],[462618.75952552294,5106376.438925403],[462705.60909132194,5106357.738404464],[462678.6343550675,5106457.590785623],[462608.00580212125,5106365.955969549]]",a2472723e5286105986d42a2c47e1e484a4e7fbe54513a9e8d4e4b30141c90fb,52364a4eb2ef3c19bb1d248d469d7d0323ba33030e80cb4e43a1476ed42a95ba,"{""0"":703599736,""1"":2092759829,""2"":3466249069,""3"":2469279790,""4"":380934140}","{""0"":703599736,""1"":2092759829,""2"":3466249069,""3"":2469279790,""4"":380934140}","[0,1,2,3,4]",not_applicable,not_applicable,not_applicable,not_applicable,evidence,10000.0,0.8,none,none,none,none,none,stationary,matched_prior_exact,1,0,b607ab3657dc1c880d6cc847baae931c087f9bc6b21ca09df1768f51a221911a,mountainous,temperate,25:47,c5-generalization_20260827_181139_043334_662411fc,revision_C_base@7c27a44,7c27a44,45e2af3666873b8389a0bd7936fd9b6029d41fa8169fa964adb24a85ca76dec6,c6-random_20260831_182014_803486_5cf558a2,5cf558a20d4e6c9ac5845bd72e390abc3dcd6217c904aa099c208da79cfb245f,revision_B_base,revision_B_base,0.8,5,200000.0,xlarge,45.0,80.0,5.0,0.5,1.0,"{""p_d"":0.8,""stage"":""c6-random"",""tau"":10000.0,""w"":0.5}",b7a677794b82ff1680841467faa35377b7d82f925e1dd78d94f0523c73551860
25,49,random_uniform_n8_uncoordinated,209029966,"policy_seed = SeedSequence([planning_seed, dataset_id, hash('c6-random-policy')]); per-UAV stream = SeedSequence([policy_seed, uav_id]) -> default_rng(derived_seed); one stream per persistent UAV identity; streams are never shared or consumed sequentially across UAVs",0.0033978893618671676,7986.905527681918,0.003411723290529933,499,152349,0.9967246256949505,305.30861723446895,1395,8000,200000.0,2129.972065112088,0.0,8000,176,0.02175,0,0,0,0,budget_exhausted,8000,8001,8000,8001,200000.0,"[[462600.0471200451,5106427.904439922],[462588.7349464167,5106419.039907004],[462643.69608949963,5106359.77525288],[462666.63494703517,5106271.02449987],[462616.8389165383,5106367.500015478]]",ce01880f5755f8567e0eb08957fa0fa119787dad8aaa25e96efc59b829c1485a,0399c73dac096f7594ddf603317c74e99597734515676cd95b4dbe3f85c1504b,"{""0"":504141412,""1"":2562844310,""2"":2713882992,""3"":1450912848,""4"":1075150006}","{""0"":504141412,""1"":2562844310,""2"":2713882992,""3"":1450912848,""4"":1075150006}","[0,1,2,3,4]",not_applicable,not_applicable,not_applicable,not_applicable,evidence,10000.0,0.8,none,none,none,none,none,stationary,matched_prior_exact,1,0,b607ab3657dc1c880d6cc847baae931c087f9bc6b21ca09df1768f51a221911a,mountainous,temperate,25:49,c5-generalization_20260827_181139_043334_662411fc,revision_C_base@7c27a44,7c27a44,45e2af3666873b8389a0bd7936fd9b6029d41fa8169fa964adb24a85ca76dec6,c6-random_20260831_182014_803486_5cf558a2,5cf558a20d4e6c9ac5845bd72e390abc3dcd6217c904aa099c208da79cfb245f,revision_B_base,revision_B_base,0.8,5,200000.0,xlarge,45.0,80.0,5.0,0.5,1.0,"{""p_d"":0.8,""stage"":""c6-random"",""tau"":10000.0,""w"":0.5}",b7a677794b82ff1680841467faa35377b7d82f925e1dd78d94f0523c73551860
25,50,random_uniform_n8_uncoordinated,1877267096,"policy_seed = SeedSequence([planning_seed, dataset_id, hash('c6-random-policy')]); per-UAV stream = SeedSequence([policy_seed, uav_id]) -> default_rng(derived_seed); one stream per persistent UAV identity; streams are never shared or consumed sequentially across UAVs",0.002287873172834712,7991.047557225684,0.0022955816885996635,367,152115,0.9975873516747198,414.48228882833786,2402,8000,200000.0,2118.0432737823576,0.0,8000,208,0.025625,0,0,0,0,budget_exhausted,8000,8001,8000,8001,200000.0,"[[462671.4699280489,5106280.655921944],[462555.97033472615,5106340.198371481],[462656.84450069634,5106449.605455178],[462718.6001100788,5106399.062430254],[462608.0312701133,5106399.140849434]]",1ab1e47a1ddd7297ac7dcc39f4d4a6f91dbd4d6b97a86efbd81da27d44c3790f,42e83ec7298cd1b9431b505b3c0c9bd028a6bcac9d720f7618a506bd5b321866,"{""0"":2079725342,""1"":3865751853,""2"":1525636289,""3"":909813970,""4"":3621673063}","{""0"":2079725342,""1"":3865751853,""2"":1525636289,""3"":909813970,""4"":3621673063}","[0,1,2,3,4]",not_applicable,not_applicable,not_applicable,not_applicable,evidence,10000.0,0.8,none,none,none,none,none,stationary,matched_prior_exact,1,0,b607ab3657dc1c880d6cc847baae931c087f9bc6b21ca09df1768f51a221911a,mountainous,temperate,25:50,c5-generalization_20260827_181139_043334_662411fc,revision_C_base@7c27a44,7c27a44,45e2af3666873b8389a0bd7936fd9b6029d41fa8169fa964adb24a85ca76dec6,c6-random_20260831_182014_803486_5cf558a2,5cf558a20d4e6c9ac5845bd72e390abc3dcd6217c904aa099c208da79cfb245f,revision_B_base,revision_B_base,0.8,5,200000.0,xlarge,45.0,80.0,5.0,0.5,1.0,"{""p_d"":0.8,""stage"":""c6-random"",""tau"":10000.0,""w"":0.5}",b7a677794b82ff1680841467faa35377b7d82f925e1dd78d94f0523c73551860
25,51,random_uniform_n8_uncoordinated,2417876325,"policy_seed = SeedSequence([planning_seed, dataset_id, hash('c6-random-policy')]); per-UAV stream = SeedSequence([policy_seed, uav_id]) -> default_rng(derived_seed); one stream per persistent UAV identity; streams are never shared or consumed sequentially across UAVs",0.0027186564938062093,7990.2451312329795,0.002733271454413682,413,152300,0.9972882468811556,368.76513317191285,3017,8000,200000.0,2130.590244567953,0.0,8000,453,0.054375,0,0,0,0,budget_exhausted,8000,8001,8000,8001,200000.0,"[[462702.03333919414,5106349.840229558],[462648.7438398524,5106416.6090287035],[462660.6966473255,5106324.096326731],[462679.55995705124,5106289.047057589],[462588.369167168,5106402.5473917]]",4b9d454e0d099d9dd6dfcd1275d97827edca2e7e5a046a1b0bae4018bd09b18d,7613e0cd4d8a9a330137acba856bea2fbc7950bda9fc748870b3293c1c8e3d74,"{""0"":4095638949,""1"":3077350881,""2"":490869568,""3"":3252681371,""4"":606128209}","{""0"":4095638949,""1"":3077350881,""2"":490869568,""3"":3252681371,""4"":606128209}","[0,1,2,3,4]",not_applicable,not_applicable,not_applicable,not_applicable,evidence,10000.0,0.8,none,none,none,none,none,stationary,matched_prior_exact,1,0,b607ab3657dc1c880d6cc847baae931c087f9bc6b21ca09df1768f51a221911a,mountainous,temperate,25:51,c5-generalization_20260827_181139_043334_662411fc,revision_C_base@7c27a44,7c27a44,45e2af3666873b8389a0bd7936fd9b6029d41fa8169fa964adb24a85ca76dec6,c6-random_20260831_182014_803486_5cf558a2,5cf558a20d4e6c9ac5845bd72e390abc3dcd6217c904aa099c208da79cfb245f,revision_B_base,revision_B_base,0.8,5,200000.0,xlarge,45.0,80.0,5.0,0.5,1.0,"{""p_d"":0.8,""stage"":""c6-random"",""tau"":10000.0,""w"":0.5}",b7a677794b82ff1680841467faa35377b7d82f925e1dd78d94f0523c73551860
30,45,random_uniform_n8_uncoordinated,4126275029,"policy_seed = SeedSequence([planning_seed, dataset_id, hash('c6-random-policy')]); per-UAV stream = SeedSequence([policy_seed, uav_id]) -> default_rng(derived_seed); one stream per persistent UAV identity; streams are never shared or consumed sequentially across UAVs",0.002128337461126062,7995.084995873635,0.0021449704812954943,397,152530,0.9973972333311479,384.2065491183879,1971,8000,200000.0,1880.745942030102,0.0,8000,269,0.03325,0,0,0,0,budget_exhausted,8000,8001,8000,8001,200000.0,"[[449210.60580627486,6082506.049442643],[449283.480449684,6082448.527482301],[449187.6648748841,6082532.620468232],[449297.7962377593,6082464.384435258],[449206.98079354136,6082582.807681197]]",f6150b42ec826a4058505b813d170dc23d3d33c34d435fa12903e890ac4a5d9b,de6e4dd23c8e0097ad4a57146df5eae05e9be3675fe5a86ea1a9d17481931981,"{""0"":433761062,""1"":2008056395,""2"":3440114425,""3"":1769304189,""4"":1631909306}","{""0"":433761062,""1"":2008056395,""2"":3440114425,""3"":1769304189,""4"":1631909306}","[0,1,2,3,4]",not_applicable,not_applicable,not_applicable,not_applicable,evidence,10000.0,0.8,none,none,none,none,none,stationary,matched_prior_exact,1,0,9f91c5e145f52a6dd48e3464f841800fe7537af4e49bb55dee15bb3e42522dc0,mountainous,temperate,30:45,c5-generalization_20260827_181139_043334_662411fc,revision_C_base@7c27a44,7c27a44,45e2af3666873b8389a0bd7936fd9b6029d41fa8169fa964adb24a85ca76dec6,c6-random_20260831_182014_803486_5cf558a2,5cf558a20d4e6c9ac5845bd72e390abc3dcd6217c904aa099c208da79cfb245f,revision_B_base,revision_B_base,0.8,5,200000.0,xlarge,45.0,80.0,5.0,0.5,1.0,"{""p_d"":0.8,""stage"":""c6-random"",""tau"":10000.0,""w"":0.5}",b7a677794b82ff1680841467faa35377b7d82f925e1dd78d94f0523c73551860
30,42,random_uniform_n8_uncoordinated,3537056534,"policy_seed = SeedSequence([planning_seed, dataset_id, hash('c6-random-policy')]); per-UAV stream = SeedSequence([policy_seed, uav_id]) -> default_rng(derived_seed); one stream per persistent UAV identity; streams are never shared or consumed sequentially across UAVs",0.0053112047516019716,7987.204703004208,0.0053515725700489635,639,152417,0.9958075542754418,238.52425665101723,1551,8000,200000.0,2073.678500160575,0.0,8000,77,0.009375,0,0,0,0,budget_exhausted,8000,8001,8000,8001,200000.0,"[[449285.6968717934,6082472.791465461],[449328.4242889005,6082473.479428146],[449357.74243103474,6082593.386307],[449281.9633451073,6082449.8471310735],[449322.279931268,6082586.664053048]]",5e988184f791cad29207e8f104d071ccae8829107b6b838f95cce54c7c04d684,2f9f0a8da9381a0d083dbc4e71b05f83b6a9eb75838b3bb37f364fd6d39afd3a,"{""0"":3072211477,""1"":2461087900,""2"":1271297011,""3"":2398835517,""4"":654736717}","{""0"":3072211477,""1"":2461087900,""2"":1271297011,""3"":2398835517,""4"":654736717}","[0,1,2,3,4]",not_applicable,not_applicable,not_applicable,not_applicable,evidence,10000.0,0.8,none,none,none,none,none,stationary,matched_prior_exact,1,0,9f91c5e145f52a6dd48e3464f841800fe7537af4e49bb55dee15bb3e42522dc0,mountainous,temperate,30:42,c5-generalization_20260827_181139_043334_662411fc,revision_C_base@7c27a44,7c27a44,45e2af3666873b8389a0bd7936fd9b6029d41fa8169fa964adb24a85ca76dec6,c6-random_20260831_182014_803486_5cf558a2,5cf558a20d4e6c9ac5845bd72e390abc3dcd6217c904aa099c208da79cfb245f,revision_B_base,revision_B_base,0.8,5,200000.0,xlarge,45.0,80.0,5.0,0.5,1.0,"{""p_d"":0.8,""stage"":""c6-random"",""tau"":10000.0,""w"":0.5}",b7a677794b82ff1680841467faa35377b7d82f925e1dd78d94f0523c73551860
30,44,random_uniform_n8_uncoordinated,1368019960,"policy_seed = SeedSequence([planning_seed, dataset_id, hash('c6-random-policy')]); per-UAV stream = SeedSequence([policy_seed, uav_id]) -> default_rng(derived_seed); one stream per persistent UAV identity; streams are never shared or consumed sequentially across UAVs",0.0013202872926872087,7996.956540313053,0.001321827089530258,378,152344,0.9975187733025258,403.02645502645504,2028,8000,200000.0,2067.926240891684,0.0,8000,483,0.058875,0,0,0,0,budget_exhausted,8000,8001,8000,8001,200000.0,"[[449312.2325578943,6082573.661059864],[449194.07209840656,6082593.230863697],[449324.23173235246,6082617.180758388],[449305.96802021854,6082587.961894995],[449241.31769406586,6082467.729175012]]",22b2e015cd312b912e0b6c1cdda0cdf9db757f97f92ad3d4762461ee8cf92498,a6cf977ff7a97bc6102f4a73f046322dc21b1383956975f90fe8079d50979cc3,"{""0"":2905223412,""1"":1360617534,""2"":3148706193,""3"":226014227,""4"":3353519776}","{""0"":2905223412,""1"":1360617534,""2"":3148706193,""3"":226014227,""4"":3353519776}","[0,1,2,3,4]",not_applicable,not_applicable,not_applicable,not_applicable,evidence,10000.0,0.8,none,none,none,none,none,stationary,matched_prior_exact,1,0,9f91c5e145f52a6dd48e3464f841800fe7537af4e49bb55dee15bb3e42522dc0,mountainous,temperate,30:44,c5-generalization_20260827_181139_043334_662411fc,revision_C_base@7c27a44,7c27a44,45e2af3666873b8389a0bd7936fd9b6029d41fa8169fa964adb24a85ca76dec6,c6-random_20260831_182014_803486_5cf558a2,5cf558a20d4e6c9ac5845bd72e390abc3dcd6217c904aa099c208da79cfb245f,revision_B_base,revision_B_base,0.8,5,200000.0,xlarge,45.0,80.0,5.0,0.5,1.0,"{""p_d"":0.8,""stage"":""c6-random"",""tau"":10000.0,""w"":0.5}",b7a677794b82ff1680841467faa35377b7d82f925e1dd78d94f0523c73551860
30,43,random_uniform_n8_uncoordinated,2828744087,"policy_seed = SeedSequence([planning_seed, dataset_id, hash('c6-random-policy')]); per-UAV stream = SeedSequence([policy_seed, uav_id]) -> default_rng(derived_seed); one stream per persistent UAV identity; streams are never shared or consumed sequentially across UAVs",0.0037851212468561126,7990.208437887411,0.003815581508653848,535,152322,0.9964877036803613,284.71401869158876,1458,8000,200000.0,2118.910458127968,0.0,8000,158,0.018875,0,0,0,0,budget_exhausted,8000,8001,8000,8001,200000.0,"[[449263.7106706919,6082521.187720631],[449366.6468792176,6082549.788805188],[449235.2896085678,6082513.612982443],[449276.34108935634,6082486.942601675],[449216.91555377276,6082570.652514992]]",2eb42da720f59580582ddd282ff51f701610ae2096317f290f49864d77876a49,bfd12855e92e5424f30bd47c3a5d3c1878938024bdea878fa8096ba815cf543e,"{""0"":3631934803,""1"":1683625259,""2"":2194906270,""3"":1805969019,""4"":4227895325}","{""0"":3631934803,""1"":1683625259,""2"":2194906270,""3"":1805969019,""4"":4227895325}","[0,1,2,3,4]",not_applicable,not_applicable,not_applicable,not_applicable,evidence,10000.0,0.8,none,none,none,none,none,stationary,matched_prior_exact,1,0,9f91c5e145f52a6dd48e3464f841800fe7537af4e49bb55dee15bb3e42522dc0,mountainous,temperate,30:43,c5-generalization_20260827_181139_043334_662411fc,revision_C_base@7c27a44,7c27a44,45e2af3666873b8389a0bd7936fd9b6029d41fa8169fa964adb24a85ca76dec6,c6-random_20260831_182014_803486_5cf558a2,5cf558a20d4e6c9ac5845bd72e390abc3dcd6217c904aa099c208da79cfb245f,revision_B_base,revision_B_base,0.8,5,200000.0,xlarge,45.0,80.0,5.0,0.5,1.0,"{""p_d"":0.8,""stage"":""c6-random"",""tau"":10000.0,""w"":0.5}",b7a677794b82ff1680841467faa35377b7d82f925e1dd78d94f0523c73551860
30,46,random_uniform_n8_uncoordinated,3593921486,"policy_seed = SeedSequence([planning_seed, dataset_id, hash('c6-random-policy')]); per-UAV stream = SeedSequence([policy_seed, uav_id]) -> default_rng(derived_seed); one stream per persistent UAV identity; streams are never shared or consumed sequentially across UAVs",0.0032941201213140857,7990.773264045147,0.0032996973629077202,465,152555,0.99695191898004,328.0752688172043,1870,8000,200000.0,2066.791840099264,0.0,8000,226,0.028,0,0,0,0,budget_exhausted,8000,8001,8000,8001,200000.0,"[[449298.8062982911,6082522.757559592],[449264.6174942929,6082616.356224451],[449302.44020739786,6082526.552113124],[449215.1671474169,6082474.385065644],[449189.4700308672,6082532.075000314]]",f38435657d671b9c9ebfdb5cccb25840575a73e2041670cd6983310a65a3fcbf,944797381836d3a54be451a1eea659de2ab73cab3fd9beb0f61be9b30c891314,"{""0"":616226870,""1"":1343391547,""2"":785547359,""3"":2396571661,""4"":3838063500}","{""0"":616226870,""1"":1343391547,""2"":785547359,""3"":2396571661,""4"":3838063500}","[0,1,2,3,4]",not_applicable,not_applicable,not_applicable,not_applicable,evidence,10000.0,0.8,none,none,none,none,none,stationary,matched_prior_exact,1,0,9f91c5e145f52a6dd48e3464f841800fe7537af4e49bb55dee15bb3e42522dc0,mountainous,temperate,30:46,c5-generalization_20260827_181139_043334_662411fc,revision_C_base@7c27a44,7c27a44,45e2af3666873b8389a0bd7936fd9b6029d41fa8169fa964adb24a85ca76dec6,c6-random_20260831_182014_803486_5cf558a2,5cf558a20d4e6c9ac5845bd72e390abc3dcd6217c904aa099c208da79cfb245f,revision_B_base,revision_B_base,0.8,5,200000.0,xlarge,45.0,80.0,5.0,0.5,1.0,"{""p_d"":0.8,""stage"":""c6-random"",""tau"":10000.0,""w"":0.5}",b7a677794b82ff1680841467faa35377b7d82f925e1dd78d94f0523c73551860
30,47,random_uniform_n8_uncoordinated,3150893505,"policy_seed = SeedSequence([planning_seed, dataset_id, hash('c6-random-policy')]); per-UAV stream = SeedSequence([policy_seed, uav_id]) -> default_rng(derived_seed); one stream per persistent UAV identity; streams are never shared or consumed sequentially across UAVs",0.00403861148457896,7984.705356411655,0.004048506723601329,524,152524,0.9965644750990008,291.0763358778626,1344,8000,200000.0,2052.703997108154,0.0,8000,334,0.041,0,0,0,0,budget_exhausted,8000,8001,8000,8001,200000.0,"[[449271.2930479796,6082451.591356814],[449244.32414323447,6082545.280258193],[449331.17370903346,6082526.5797372535],[449304.19897277904,6082626.432118412],[449233.5704198328,6082534.797302338]]",f37a78c45eea9b5fca1cf6577c3355577948612c6865c06f445652e9fb7a071d,4390f9e7415dc980ec29384f25138e13dbb65556bb71f4649ae448b596f9dc9b,"{""0"":3370385023,""1"":3682889412,""2"":2924645919,""3"":1247177776,""4"":2539154020}","{""0"":3370385023,""1"":3682889412,""2"":2924645919,""3"":1247177776,""4"":2539154020}","[0,1,2,3,4]",not_applicable,not_applicable,not_applicable,not_applicable,evidence,10000.0,0.8,none,none,none,none,none,stationary,matched_prior_exact,1,0,9f91c5e145f52a6dd48e3464f841800fe7537af4e49bb55dee15bb3e42522dc0,mountainous,temperate,30:47,c5-generalization_20260827_181139_043334_662411fc,revision_C_base@7c27a44,7c27a44,45e2af3666873b8389a0bd7936fd9b6029d41fa8169fa964adb24a85ca76dec6,c6-random_20260831_182014_803486_5cf558a2,5cf558a20d4e6c9ac5845bd72e390abc3dcd6217c904aa099c208da79cfb245f,revision_B_base,revision_B_base,0.8,5,200000.0,xlarge,45.0,80.0,5.0,0.5,1.0,"{""p_d"":0.8,""stage"":""c6-random"",""tau"":10000.0,""w"":0.5}",b7a677794b82ff1680841467faa35377b7d82f925e1dd78d94f0523c73551860
30,48,random_uniform_n8_uncoordinated,2867691200,"policy_seed = SeedSequence([planning_seed, dataset_id, hash('c6-random-policy')]); per-UAV stream = SeedSequence([policy_seed, uav_id]) -> default_rng(derived_seed); one stream per persistent UAV identity; streams are never shared or consumed sequentially across UAVs",0.0041659708152859375,7989.249936774638,0.004175305831954865,551,152497,0.996386814166836,276.7640653357532,1840,8000,200000.0,2022.5923022199422,0.0,8000,188,0.023,0,0,0,0,budget_exhausted,8000,8001,8000,8001,200000.0,"[[449217.00695023336,6082588.34510004],[449192.7397488682,6082531.073170937],[449222.3409431925,6082462.281958572],[449214.37408781715,6082499.416728416],[449282.0053999358,6082492.832147527]]",9eca73b0f7dd59c64dcfcbd09867e92dcaa5c375e437278a8ade507292b08f77,42fe35fa3d8dafffd13546c39e23c3235b07d4a603889dca0a8e70b34b845a6b,"{""0"":2418963027,""1"":1955746100,""2"":2183221628,""3"":1007357679,""4"":2498518668}","{""0"":2418963027,""1"":1955746100,""2"":2183221628,""3"":1007357679,""4"":2498518668}","[0,1,2,3,4]",not_applicable,not_applicable,not_applicable,not_applicable,evidence,10000.0,0.8,none,none,none,none,none,stationary,matched_prior_exact,1,0,9f91c5e145f52a6dd48e3464f841800fe7537af4e49bb55dee15bb3e42522dc0,mountainous,temperate,30:48,c5-generalization_20260827_181139_043334_662411fc,revision_C_base@7c27a44,7c27a44,45e2af3666873b8389a0bd7936fd9b6029d41fa8169fa964adb24a85ca76dec6,c6-random_20260831_182014_803486_5cf558a2,5cf558a20d4e6c9ac5845bd72e390abc3dcd6217c904aa099c208da79cfb245f,revision_B_base,revision_B_base,0.8,5,200000.0,xlarge,45.0,80.0,5.0,0.5,1.0,"{""p_d"":0.8,""stage"":""c6-random"",""tau"":10000.0,""w"":0.5}",b7a677794b82ff1680841467faa35377b7d82f925e1dd78d94f0523c73551860
30,49,random_uniform_n8_uncoordinated,2366483542,"policy_seed = SeedSequence([planning_seed, dataset_id, hash('c6-random-policy')]); per-UAV stream = SeedSequence([policy_seed, uav_id]) -> default_rng(derived_seed); one stream per persistent UAV identity; streams are never shared or consumed sequentially across UAVs",0.0035380342542293518,7988.29823406402,0.0035524965811869333,547,152380,0.9964102900643129,278.57404021937845,1099,8000,200000.0,1891.5674865441397,0.0,8000,159,0.0195,0,0,0,0,budget_exhausted,8000,8001,8000,8001,200000.0,"[[449225.61173775664,6082596.745772712],[449214.2995641282,6082587.881239793],[449269.26070721116,6082528.616585669],[449292.1995647467,6082439.865832659],[449242.4035342498,6082536.341348267]]",da30d6b573da945a3a6089d72f8d2363a22a77cbec12abdad2839810c0e54864,4a76acc79f1f21bcaf6ec98da6dbb7df69578c8e0c5c16edb120dac6bb790748,"{""0"":1404967614,""1"":194940056,""2"":2081385566,""3"":719224888,""4"":4042672332}","{""0"":1404967614,""1"":194940056,""2"":2081385566,""3"":719224888,""4"":4042672332}","[0,1,2,3,4]",not_applicable,not_applicable,not_applicable,not_applicable,evidence,10000.0,0.8,none,none,none,none,none,stationary,matched_prior_exact,1,0,9f91c5e145f52a6dd48e3464f841800fe7537af4e49bb55dee15bb3e42522dc0,mountainous,temperate,30:49,c5-generalization_20260827_181139_043334_662411fc,revision_C_base@7c27a44,7c27a44,45e2af3666873b8389a0bd7936fd9b6029d41fa8169fa964adb24a85ca76dec6,c6-random_20260831_182014_803486_5cf558a2,5cf558a20d4e6c9ac5845bd72e390abc3dcd6217c904aa099c208da79cfb245f,revision_B_base,revision_B_base,0.8,5,200000.0,xlarge,45.0,80.0,5.0,0.5,1.0,"{""p_d"":0.8,""stage"":""c6-random"",""tau"":10000.0,""w"":0.5}",b7a677794b82ff1680841467faa35377b7d82f925e1dd78d94f0523c73551860
30,50,random_uniform_n8_uncoordinated,2951993640,"policy_seed = SeedSequence([planning_seed, dataset_id, hash('c6-random-policy')]); per-UAV stream = SeedSequence([policy_seed, uav_id]) -> default_rng(derived_seed); one stream per persistent UAV identity; streams are never shared or consumed sequentially across UAVs",0.004549731077183473,7988.653214502192,0.004563712482609784,620,152418,0.9959322389743993,245.83548387096775,1290,8000,200000.0,1881.1508843260817,0.0,8000,94,0.011625,0,0,0,0,budget_exhausted,8000,8001,8000,8001,200000.0,"[[449297.0345457604,6082449.497254734],[449181.5349524377,6082509.039704271],[449282.4091184079,6082618.446787967],[449344.16472779034,6082567.903763044],[449233.59588782483,6082567.982182223]]",ae7d02ae14c4e0b1c8ff3ee3bd30cb8444c8da01794411da1a23022162abcbe3,e72129659a804f5b3458fb516151a8c1a293c00ccba49b69f65b0f5814e597c3,"{""0"":3809760942,""1"":3090252511,""2"":3040650419,""3"":4005821000,""4"":2758029841}","{""0"":3809760942,""1"":3090252511,""2"":3040650419,""3"":4005821000,""4"":2758029841}","[0,1,2,3,4]",not_applicable,not_applicable,not_applicable,not_applicable,evidence,10000.0,0.8,none,none,none,none,none,stationary,matched_prior_exact,1,0,9f91c5e145f52a6dd48e3464f841800fe7537af4e49bb55dee15bb3e42522dc0,mountainous,temperate,30:50,c5-generalization_20260827_181139_043334_662411fc,revision_C_base@7c27a44,7c27a44,45e2af3666873b8389a0bd7936fd9b6029d41fa8169fa964adb24a85ca76dec6,c6-random_20260831_182014_803486_5cf558a2,5cf558a20d4e6c9ac5845bd72e390abc3dcd6217c904aa099c208da79cfb245f,revision_B_base,revision_B_base,0.8,5,200000.0,xlarge,45.0,80.0,5.0,0.5,1.0,"{""p_d"":0.8,""stage"":""c6-random"",""tau"":10000.0,""w"":0.5}",b7a677794b82ff1680841467faa35377b7d82f925e1dd78d94f0523c73551860
30,51,random_uniform_n8_uncoordinated,566716364,"policy_seed = SeedSequence([planning_seed, dataset_id, hash('c6-random-policy')]); per-UAV stream = SeedSequence([policy_seed, uav_id]) -> default_rng(derived_seed); one stream per persistent UAV identity; streams are never shared or consumed sequentially across UAVs",0.004880800049926186,7985.874707612878,0.00489308620039966,605,152286,0.9960272119564504,251.71239669421487,1863,8000,200000.0,1854.1603298280388,0.0,8000,127,0.015875,0,0,0,0,budget_exhausted,8000,8001,8000,8001,200000.0,"[[449327.59795690567,6082518.681562347],[449274.3084575639,6082585.450361493],[449286.261265037,6082492.937659521],[449305.12457476277,6082457.888390378],[449213.9337848795,6082571.388724489]]",cd757de61f8e58f45a514a9223575275ab1433ea3f9a574d8616433d4ae94948,29387eb3833fe4123f03ac8f3dbafc9a6fb8c433930905667967d21f3942b7fc,"{""0"":1894889048,""1"":1358695033,""2"":1085759225,""3"":8116782,""4"":1906576834}","{""0"":1894889048,""1"":1358695033,""2"":1085759225,""3"":8116782,""4"":1906576834}","[0,1,2,3,4]",not_applicable,not_applicable,not_applicable,not_applicable,evidence,10000.0,0.8,none,none,none,none,none,stationary,matched_prior_exact,1,0,9f91c5e145f52a6dd48e3464f841800fe7537af4e49bb55dee15bb3e42522dc0,mountainous,temperate,30:51,c5-generalization_20260827_181139_043334_662411fc,revision_C_base@7c27a44,7c27a44,45e2af3666873b8389a0bd7936fd9b6029d41fa8169fa964adb24a85ca76dec6,c6-random_20260831_182014_803486_5cf558a2,5cf558a20d4e6c9ac5845bd72e390abc3dcd6217c904aa099c208da79cfb245f,revision_B_base,revision_B_base,0.8,5,200000.0,xlarge,45.0,80.0,5.0,0.5,1.0,"{""p_d"":0.8,""stage"":""c6-random"",""tau"":10000.0,""w"":0.5}",b7a677794b82ff1680841467faa35377b7d82f925e1dd78d94f0523c73551860
