dataset,planning_seed,planning_mode,w,p_d,tau,P_detect,RMST,L,exposure_multiplicity,revisit_fraction,observed_cells,T,H,T_common,H_common,actual_distance_total,planner_wall_time,number_of_replans,initial_positions,initial_positions_hash,trajectory_hash,simulation_victim_model,evaluation_victim_model,victim_sampling_model,evaluation_num_victims,simulation_num_victims,condition_key,condition_key_hash,alpha,trajectory_reused,target_distribution_hash,valid_support_cells,zero_prior_cells_inside_domain,evaluation_distribution,evaluation_prior_source,effective_w,effective_p_d,effective_tau,alpha_condition_key,condition_id,implementation_version,git_commit,source_hash,experiment_id,config_hash,victim_seed,sensor_seed,distribution_seed,failure_seed,belief_model,fix_profile,behavior_profile,num_drones,budget,size,fov_deg,altitude,drone_speed,victim_speed,dt
1,49,online_static_3step,0.5,0.8,10000.0,0.22304104132884917,7291.285452863959,0.22323438669900544,27.639562911778885,0.9638199777908268,6223,8618,8619,8618,8619,200008.59743877704,402.7102649335284,4174,"[[520609.86604198645,5662970.662074452],[520598.553868358,5662961.797541534],[520653.51501144096,5662902.532887409],[520676.4538689765,5662813.7821344],[520626.6578384796,5662910.2576500075]]",8542f702a4f00f38f331770accdb832ab7fd5821d0a61dc5c15feb3cec0e38d0,8b8b506f25276463adaefb0513aae2c6156dcb92c81c84bc243c3be40f166773,none,stationary,matched_prior_exact,1,0,"{""p_d"":0.8,""stage"":""c2-mismatch"",""tau"":10000.0,""w"":0.5}",23493243a5f6b095ea52693b5d393f86e1e58febdf4a3d27a620d765fec49176,0.0,True,b9f46b97be95503c0417e3654e5e55ab32c1a95b6dad973b1c855dda71bea006,341588,72519,Q_alpha,planner=P; endpoint=Q_alpha,0.5,0.8,10000.0,"{""alpha"":0.0,""p_d"":0.8,""stage"":""c2-mismatch"",""tau"":10000.0,""w"":0.5}",alpha_0,revision_C_base@7b52d9149fd5,7b52d9149fd569229bcf4dbdfab434edfabc2e03,7821c330697bd81d6d7c78669e14fc4e785ea7c98d4305a8f8d4a52af044ffbd,c2-mismatch_20260826_181638_227156_4f4ff330,4f4ff3304f262cb45b129b36796bb1faf7ceb8ecd717c2fd358f23f3a31673e0,none,none,none,none,evidence,revision_B_base,revision_B_base,5,200000.0,xlarge,45.0,80.0,5.0,0.5,1.0
1,49,dynamic_3step,0.5,0.8,10000.0,0.36825213088207714,6699.238781638727,0.36858245583078203,11.591065056272303,0.9137266510760487,14572,8491,8492,8618,8619,200005.7995939236,426.27120195585303,4006,"[[520609.86604198645,5662970.662074452],[520598.553868358,5662961.797541534],[520653.51501144096,5662902.532887409],[520676.4538689765,5662813.7821344],[520626.6578384796,5662910.2576500075]]",8542f702a4f00f38f331770accdb832ab7fd5821d0a61dc5c15feb3cec0e38d0,ed2cefcc4d675ef28583e4d054ef920a799101a16c6cbb83014eb3c50e5b7f35,none,stationary,matched_prior_exact,1,0,"{""p_d"":0.8,""stage"":""c2-mismatch"",""tau"":10000.0,""w"":0.5}",23493243a5f6b095ea52693b5d393f86e1e58febdf4a3d27a620d765fec49176,0.0,True,b9f46b97be95503c0417e3654e5e55ab32c1a95b6dad973b1c855dda71bea006,341588,72519,Q_alpha,planner=P; endpoint=Q_alpha,0.5,0.8,10000.0,"{""alpha"":0.0,""p_d"":0.8,""stage"":""c2-mismatch"",""tau"":10000.0,""w"":0.5}",alpha_0,revision_C_base@7b52d9149fd5,7b52d9149fd569229bcf4dbdfab434edfabc2e03,7821c330697bd81d6d7c78669e14fc4e785ea7c98d4305a8f8d4a52af044ffbd,c2-mismatch_20260826_181638_227156_4f4ff330,4f4ff3304f262cb45b129b36796bb1faf7ceb8ecd717c2fd358f23f3a31673e0,none,none,none,none,evidence,revision_B_base,revision_B_base,5,200000.0,xlarge,45.0,80.0,5.0,0.5,1.0
1,49,online_static_3step,0.5,0.8,10000.0,0.17183118553633703,7598.7136356318215,0.22323438669900544,27.639562911778885,0.9638199777908268,6223,8618,8619,8618,8619,200008.59743877704,402.7102649335284,4174,"[[520609.86604198645,5662970.662074452],[520598.553868358,5662961.797541534],[520653.51501144096,5662902.532887409],[520676.4538689765,5662813.7821344],[520626.6578384796,5662910.2576500075]]",8542f702a4f00f38f331770accdb832ab7fd5821d0a61dc5c15feb3cec0e38d0,8b8b506f25276463adaefb0513aae2c6156dcb92c81c84bc243c3be40f166773,none,stationary,matched_prior_exact,1,0,"{""p_d"":0.8,""stage"":""c2-mismatch"",""tau"":10000.0,""w"":0.5}",23493243a5f6b095ea52693b5d393f86e1e58febdf4a3d27a620d765fec49176,0.25,True,0b80cbffc1774ff9bbfb3457bcff73fbfef6f7aee6026f77e51382d7fd425ccc,341588,72519,Q_alpha,planner=P; endpoint=Q_alpha,0.5,0.8,10000.0,"{""alpha"":0.25,""p_d"":0.8,""stage"":""c2-mismatch"",""tau"":10000.0,""w"":0.5}",alpha_0.25,revision_C_base@7b52d9149fd5,7b52d9149fd569229bcf4dbdfab434edfabc2e03,7821c330697bd81d6d7c78669e14fc4e785ea7c98d4305a8f8d4a52af044ffbd,c2-mismatch_20260826_181638_227156_4f4ff330,4f4ff3304f262cb45b129b36796bb1faf7ceb8ecd717c2fd358f23f3a31673e0,none,none,none,none,evidence,revision_B_base,revision_B_base,5,200000.0,xlarge,45.0,80.0,5.0,0.5,1.0
1,49,dynamic_3step,0.5,0.8,10000.0,0.2868419022883377,7133.323799067953,0.36858245583078203,11.591065056272303,0.9137266510760487,14572,8491,8492,8618,8619,200005.7995939236,426.27120195585303,4006,"[[520609.86604198645,5662970.662074452],[520598.553868358,5662961.797541534],[520653.51501144096,5662902.532887409],[520676.4538689765,5662813.7821344],[520626.6578384796,5662910.2576500075]]",8542f702a4f00f38f331770accdb832ab7fd5821d0a61dc5c15feb3cec0e38d0,ed2cefcc4d675ef28583e4d054ef920a799101a16c6cbb83014eb3c50e5b7f35,none,stationary,matched_prior_exact,1,0,"{""p_d"":0.8,""stage"":""c2-mismatch"",""tau"":10000.0,""w"":0.5}",23493243a5f6b095ea52693b5d393f86e1e58febdf4a3d27a620d765fec49176,0.25,True,0b80cbffc1774ff9bbfb3457bcff73fbfef6f7aee6026f77e51382d7fd425ccc,341588,72519,Q_alpha,planner=P; endpoint=Q_alpha,0.5,0.8,10000.0,"{""alpha"":0.25,""p_d"":0.8,""stage"":""c2-mismatch"",""tau"":10000.0,""w"":0.5}",alpha_0.25,revision_C_base@7b52d9149fd5,7b52d9149fd569229bcf4dbdfab434edfabc2e03,7821c330697bd81d6d7c78669e14fc4e785ea7c98d4305a8f8d4a52af044ffbd,c2-mismatch_20260826_181638_227156_4f4ff330,4f4ff3304f262cb45b129b36796bb1faf7ceb8ecd717c2fd358f23f3a31673e0,none,none,none,none,evidence,revision_B_base,revision_B_base,5,200000.0,xlarge,45.0,80.0,5.0,0.5,1.0
1,49,online_static_3step,0.5,0.8,10000.0,0.12062132974382488,7906.141818399215,0.22323438669900544,27.639562911778885,0.9638199777908268,6223,8618,8619,8618,8619,200008.59743877704,402.7102649335284,4174,"[[520609.86604198645,5662970.662074452],[520598.553868358,5662961.797541534],[520653.51501144096,5662902.532887409],[520676.4538689765,5662813.7821344],[520626.6578384796,5662910.2576500075]]",8542f702a4f00f38f331770accdb832ab7fd5821d0a61dc5c15feb3cec0e38d0,8b8b506f25276463adaefb0513aae2c6156dcb92c81c84bc243c3be40f166773,none,stationary,matched_prior_exact,1,0,"{""p_d"":0.8,""stage"":""c2-mismatch"",""tau"":10000.0,""w"":0.5}",23493243a5f6b095ea52693b5d393f86e1e58febdf4a3d27a620d765fec49176,0.5,True,087522b99af5dfc34a15ffa69022d1abd9bedb588c51dc51df44d81c45e91c1a,341588,72519,Q_alpha,planner=P; endpoint=Q_alpha,0.5,0.8,10000.0,"{""alpha"":0.5,""p_d"":0.8,""stage"":""c2-mismatch"",""tau"":10000.0,""w"":0.5}",alpha_0.5,revision_C_base@7b52d9149fd5,7b52d9149fd569229bcf4dbdfab434edfabc2e03,7821c330697bd81d6d7c78669e14fc4e785ea7c98d4305a8f8d4a52af044ffbd,c2-mismatch_20260826_181638_227156_4f4ff330,4f4ff3304f262cb45b129b36796bb1faf7ceb8ecd717c2fd358f23f3a31673e0,none,none,none,none,evidence,revision_B_base,revision_B_base,5,200000.0,xlarge,45.0,80.0,5.0,0.5,1.0
1,49,dynamic_3step,0.5,0.8,10000.0,0.20543167369459836,7567.408816496717,0.36858245583078203,11.591065056272303,0.9137266510760487,14572,8491,8492,8618,8619,200005.7995939236,426.27120195585303,4006,"[[520609.86604198645,5662970.662074452],[520598.553868358,5662961.797541534],[520653.51501144096,5662902.532887409],[520676.4538689765,5662813.7821344],[520626.6578384796,5662910.2576500075]]",8542f702a4f00f38f331770accdb832ab7fd5821d0a61dc5c15feb3cec0e38d0,ed2cefcc4d675ef28583e4d054ef920a799101a16c6cbb83014eb3c50e5b7f35,none,stationary,matched_prior_exact,1,0,"{""p_d"":0.8,""stage"":""c2-mismatch"",""tau"":10000.0,""w"":0.5}",23493243a5f6b095ea52693b5d393f86e1e58febdf4a3d27a620d765fec49176,0.5,True,087522b99af5dfc34a15ffa69022d1abd9bedb588c51dc51df44d81c45e91c1a,341588,72519,Q_alpha,planner=P; endpoint=Q_alpha,0.5,0.8,10000.0,"{""alpha"":0.5,""p_d"":0.8,""stage"":""c2-mismatch"",""tau"":10000.0,""w"":0.5}",alpha_0.5,revision_C_base@7b52d9149fd5,7b52d9149fd569229bcf4dbdfab434edfabc2e03,7821c330697bd81d6d7c78669e14fc4e785ea7c98d4305a8f8d4a52af044ffbd,c2-mismatch_20260826_181638_227156_4f4ff330,4f4ff3304f262cb45b129b36796bb1faf7ceb8ecd717c2fd358f23f3a31673e0,none,none,none,none,evidence,revision_B_base,revision_B_base,5,200000.0,xlarge,45.0,80.0,5.0,0.5,1.0
1,49,online_static_3step,0.5,0.8,10000.0,0.06941147395131271,8213.570001167098,0.22323438669900544,27.639562911778885,0.9638199777908268,6223,8618,8619,8618,8619,200008.59743877704,402.7102649335284,4174,"[[520609.86604198645,5662970.662074452],[520598.553868358,5662961.797541534],[520653.51501144096,5662902.532887409],[520676.4538689765,5662813.7821344],[520626.6578384796,5662910.2576500075]]",8542f702a4f00f38f331770accdb832ab7fd5821d0a61dc5c15feb3cec0e38d0,8b8b506f25276463adaefb0513aae2c6156dcb92c81c84bc243c3be40f166773,none,stationary,matched_prior_exact,1,0,"{""p_d"":0.8,""stage"":""c2-mismatch"",""tau"":10000.0,""w"":0.5}",23493243a5f6b095ea52693b5d393f86e1e58febdf4a3d27a620d765fec49176,0.75,True,1731c52b1cd175b96e3f3a32f8bb332e69004ddf90f9ba843987a66a0d48877c,341588,72519,Q_alpha,planner=P; endpoint=Q_alpha,0.5,0.8,10000.0,"{""alpha"":0.75,""p_d"":0.8,""stage"":""c2-mismatch"",""tau"":10000.0,""w"":0.5}",alpha_0.75,revision_C_base@7b52d9149fd5,7b52d9149fd569229bcf4dbdfab434edfabc2e03,7821c330697bd81d6d7c78669e14fc4e785ea7c98d4305a8f8d4a52af044ffbd,c2-mismatch_20260826_181638_227156_4f4ff330,4f4ff3304f262cb45b129b36796bb1faf7ceb8ecd717c2fd358f23f3a31673e0,none,none,none,none,evidence,revision_B_base,revision_B_base,5,200000.0,xlarge,45.0,80.0,5.0,0.5,1.0
1,49,dynamic_3step,0.5,0.8,10000.0,0.12402144510085891,8001.493833926117,0.36858245583078203,11.591065056272303,0.9137266510760487,14572,8491,8492,8618,8619,200005.7995939236,426.27120195585303,4006,"[[520609.86604198645,5662970.662074452],[520598.553868358,5662961.797541534],[520653.51501144096,5662902.532887409],[520676.4538689765,5662813.7821344],[520626.6578384796,5662910.2576500075]]",8542f702a4f00f38f331770accdb832ab7fd5821d0a61dc5c15feb3cec0e38d0,ed2cefcc4d675ef28583e4d054ef920a799101a16c6cbb83014eb3c50e5b7f35,none,stationary,matched_prior_exact,1,0,"{""p_d"":0.8,""stage"":""c2-mismatch"",""tau"":10000.0,""w"":0.5}",23493243a5f6b095ea52693b5d393f86e1e58febdf4a3d27a620d765fec49176,0.75,True,1731c52b1cd175b96e3f3a32f8bb332e69004ddf90f9ba843987a66a0d48877c,341588,72519,Q_alpha,planner=P; endpoint=Q_alpha,0.5,0.8,10000.0,"{""alpha"":0.75,""p_d"":0.8,""stage"":""c2-mismatch"",""tau"":10000.0,""w"":0.5}",alpha_0.75,revision_C_base@7b52d9149fd5,7b52d9149fd569229bcf4dbdfab434edfabc2e03,7821c330697bd81d6d7c78669e14fc4e785ea7c98d4305a8f8d4a52af044ffbd,c2-mismatch_20260826_181638_227156_4f4ff330,4f4ff3304f262cb45b129b36796bb1faf7ceb8ecd717c2fd358f23f3a31673e0,none,none,none,none,evidence,revision_B_base,revision_B_base,5,200000.0,xlarge,45.0,80.0,5.0,0.5,1.0
1,45,online_static_3step,0.5,0.8,10000.0,0.15108230152419047,7560.183042027886,0.15121713552208552,48.3993851313583,0.9793385804946498,3578,8669,8670,8669,8670,200017.23400304257,380.7250131140463,3929,"[[520594.86011050467,5662879.965744384],[520667.7347539138,5662822.443784041],[520571.91917911393,5662906.536769972],[520682.0505419891,5662838.300736998],[520591.23509777116,5662956.723982938]]",ca931493022139a148c52ef6d877841359de94e3965a4155825ef527a006aee9,57f64cab67d95fb323797b6f99e5c2399ca70ce0ed5ce10f00973a0411795f94,none,stationary,matched_prior_exact,1,0,"{""p_d"":0.8,""stage"":""c2-mismatch"",""tau"":10000.0,""w"":0.5}",23493243a5f6b095ea52693b5d393f86e1e58febdf4a3d27a620d765fec49176,0.0,True,b9f46b97be95503c0417e3654e5e55ab32c1a95b6dad973b1c855dda71bea006,341588,72519,Q_alpha,planner=P; endpoint=Q_alpha,0.5,0.8,10000.0,"{""alpha"":0.0,""p_d"":0.8,""stage"":""c2-mismatch"",""tau"":10000.0,""w"":0.5}",alpha_0,revision_C_base@7b52d9149fd5,7b52d9149fd569229bcf4dbdfab434edfabc2e03,7821c330697bd81d6d7c78669e14fc4e785ea7c98d4305a8f8d4a52af044ffbd,c2-mismatch_20260826_181638_227156_4f4ff330,4f4ff3304f262cb45b129b36796bb1faf7ceb8ecd717c2fd358f23f3a31673e0,none,none,none,none,evidence,revision_B_base,revision_B_base,5,200000.0,xlarge,45.0,80.0,5.0,0.5,1.0
1,45,dynamic_3step,0.5,0.8,10000.0,0.36217056218730864,6779.484865222071,0.3624962066517237,12.180301941049605,0.9179002290058313,13910,8508,8509,8669,8670,200000.05829476897,426.69538342859596,3893,"[[520594.86011050467,5662879.965744384],[520667.7347539138,5662822.443784041],[520571.91917911393,5662906.536769972],[520682.0505419891,5662838.300736998],[520591.23509777116,5662956.723982938]]",ca931493022139a148c52ef6d877841359de94e3965a4155825ef527a006aee9,77fc062aad21d5c7b7e190751b19404242d07b25314255217fd149f4ba4563aa,none,stationary,matched_prior_exact,1,0,"{""p_d"":0.8,""stage"":""c2-mismatch"",""tau"":10000.0,""w"":0.5}",23493243a5f6b095ea52693b5d393f86e1e58febdf4a3d27a620d765fec49176,0.0,True,b9f46b97be95503c0417e3654e5e55ab32c1a95b6dad973b1c855dda71bea006,341588,72519,Q_alpha,planner=P; endpoint=Q_alpha,0.5,0.8,10000.0,"{""alpha"":0.0,""p_d"":0.8,""stage"":""c2-mismatch"",""tau"":10000.0,""w"":0.5}",alpha_0,revision_C_base@7b52d9149fd5,7b52d9149fd569229bcf4dbdfab434edfabc2e03,7821c330697bd81d6d7c78669e14fc4e785ea7c98d4305a8f8d4a52af044ffbd,c2-mismatch_20260826_181638_227156_4f4ff330,4f4ff3304f262cb45b129b36796bb1faf7ceb8ecd717c2fd358f23f3a31673e0,none,none,none,none,evidence,revision_B_base,revision_B_base,5,200000.0,xlarge,45.0,80.0,5.0,0.5,1.0
1,45,online_static_3step,0.5,0.8,10000.0,0.11592795113427551,7818.824670564581,0.15121713552208552,48.3993851313583,0.9793385804946498,3578,8669,8670,8669,8670,200017.23400304257,380.7250131140463,3929,"[[520594.86011050467,5662879.965744384],[520667.7347539138,5662822.443784041],[520571.91917911393,5662906.536769972],[520682.0505419891,5662838.300736998],[520591.23509777116,5662956.723982938]]",ca931493022139a148c52ef6d877841359de94e3965a4155825ef527a006aee9,57f64cab67d95fb323797b6f99e5c2399ca70ce0ed5ce10f00973a0411795f94,none,stationary,matched_prior_exact,1,0,"{""p_d"":0.8,""stage"":""c2-mismatch"",""tau"":10000.0,""w"":0.5}",23493243a5f6b095ea52693b5d393f86e1e58febdf4a3d27a620d765fec49176,0.25,True,0b80cbffc1774ff9bbfb3457bcff73fbfef6f7aee6026f77e51382d7fd425ccc,341588,72519,Q_alpha,planner=P; endpoint=Q_alpha,0.5,0.8,10000.0,"{""alpha"":0.25,""p_d"":0.8,""stage"":""c2-mismatch"",""tau"":10000.0,""w"":0.5}",alpha_0.25,revision_C_base@7b52d9149fd5,7b52d9149fd569229bcf4dbdfab434edfabc2e03,7821c330697bd81d6d7c78669e14fc4e785ea7c98d4305a8f8d4a52af044ffbd,c2-mismatch_20260826_181638_227156_4f4ff330,4f4ff3304f262cb45b129b36796bb1faf7ceb8ecd717c2fd358f23f3a31673e0,none,none,none,none,evidence,revision_B_base,revision_B_base,5,200000.0,xlarge,45.0,80.0,5.0,0.5,1.0
1,45,dynamic_3step,0.5,0.8,10000.0,0.28179683325014504,7209.119331505823,0.3624962066517237,12.180301941049605,0.9179002290058313,13910,8508,8509,8669,8670,200000.05829476897,426.69538342859596,3893,"[[520594.86011050467,5662879.965744384],[520667.7347539138,5662822.443784041],[520571.91917911393,5662906.536769972],[520682.0505419891,5662838.300736998],[520591.23509777116,5662956.723982938]]",ca931493022139a148c52ef6d877841359de94e3965a4155825ef527a006aee9,77fc062aad21d5c7b7e190751b19404242d07b25314255217fd149f4ba4563aa,none,stationary,matched_prior_exact,1,0,"{""p_d"":0.8,""stage"":""c2-mismatch"",""tau"":10000.0,""w"":0.5}",23493243a5f6b095ea52693b5d393f86e1e58febdf4a3d27a620d765fec49176,0.25,True,0b80cbffc1774ff9bbfb3457bcff73fbfef6f7aee6026f77e51382d7fd425ccc,341588,72519,Q_alpha,planner=P; endpoint=Q_alpha,0.5,0.8,10000.0,"{""alpha"":0.25,""p_d"":0.8,""stage"":""c2-mismatch"",""tau"":10000.0,""w"":0.5}",alpha_0.25,revision_C_base@7b52d9149fd5,7b52d9149fd569229bcf4dbdfab434edfabc2e03,7821c330697bd81d6d7c78669e14fc4e785ea7c98d4305a8f8d4a52af044ffbd,c2-mismatch_20260826_181638_227156_4f4ff330,4f4ff3304f262cb45b129b36796bb1faf7ceb8ecd717c2fd358f23f3a31673e0,none,none,none,none,evidence,revision_B_base,revision_B_base,5,200000.0,xlarge,45.0,80.0,5.0,0.5,1.0
1,45,online_static_3step,0.5,0.8,10000.0,0.08077360074436057,8077.466299101962,0.15121713552208552,48.3993851313583,0.9793385804946498,3578,8669,8670,8669,8670,200017.23400304257,380.7250131140463,3929,"[[520594.86011050467,5662879.965744384],[520667.7347539138,5662822.443784041],[520571.91917911393,5662906.536769972],[520682.0505419891,5662838.300736998],[520591.23509777116,5662956.723982938]]",ca931493022139a148c52ef6d877841359de94e3965a4155825ef527a006aee9,57f64cab67d95fb323797b6f99e5c2399ca70ce0ed5ce10f00973a0411795f94,none,stationary,matched_prior_exact,1,0,"{""p_d"":0.8,""stage"":""c2-mismatch"",""tau"":10000.0,""w"":0.5}",23493243a5f6b095ea52693b5d393f86e1e58febdf4a3d27a620d765fec49176,0.5,True,087522b99af5dfc34a15ffa69022d1abd9bedb588c51dc51df44d81c45e91c1a,341588,72519,Q_alpha,planner=P; endpoint=Q_alpha,0.5,0.8,10000.0,"{""alpha"":0.5,""p_d"":0.8,""stage"":""c2-mismatch"",""tau"":10000.0,""w"":0.5}",alpha_0.5,revision_C_base@7b52d9149fd5,7b52d9149fd569229bcf4dbdfab434edfabc2e03,7821c330697bd81d6d7c78669e14fc4e785ea7c98d4305a8f8d4a52af044ffbd,c2-mismatch_20260826_181638_227156_4f4ff330,4f4ff3304f262cb45b129b36796bb1faf7ceb8ecd717c2fd358f23f3a31673e0,none,none,none,none,evidence,revision_B_base,revision_B_base,5,200000.0,xlarge,45.0,80.0,5.0,0.5,1.0
1,45,dynamic_3step,0.5,0.8,10000.0,0.20142310431298133,7638.753797790287,0.3624962066517237,12.180301941049605,0.9179002290058313,13910,8508,8509,8669,8670,200000.05829476897,426.69538342859596,3893,"[[520594.86011050467,5662879.965744384],[520667.7347539138,5662822.443784041],[520571.91917911393,5662906.536769972],[520682.0505419891,5662838.300736998],[520591.23509777116,5662956.723982938]]",ca931493022139a148c52ef6d877841359de94e3965a4155825ef527a006aee9,77fc062aad21d5c7b7e190751b19404242d07b25314255217fd149f4ba4563aa,none,stationary,matched_prior_exact,1,0,"{""p_d"":0.8,""stage"":""c2-mismatch"",""tau"":10000.0,""w"":0.5}",23493243a5f6b095ea52693b5d393f86e1e58febdf4a3d27a620d765fec49176,0.5,True,087522b99af5dfc34a15ffa69022d1abd9bedb588c51dc51df44d81c45e91c1a,341588,72519,Q_alpha,planner=P; endpoint=Q_alpha,0.5,0.8,10000.0,"{""alpha"":0.5,""p_d"":0.8,""stage"":""c2-mismatch"",""tau"":10000.0,""w"":0.5}",alpha_0.5,revision_C_base@7b52d9149fd5,7b52d9149fd569229bcf4dbdfab434edfabc2e03,7821c330697bd81d6d7c78669e14fc4e785ea7c98d4305a8f8d4a52af044ffbd,c2-mismatch_20260826_181638_227156_4f4ff330,4f4ff3304f262cb45b129b36796bb1faf7ceb8ecd717c2fd358f23f3a31673e0,none,none,none,none,evidence,revision_B_base,revision_B_base,5,200000.0,xlarge,45.0,80.0,5.0,0.5,1.0
1,45,online_static_3step,0.5,0.8,10000.0,0.04561925035444562,8336.107927638537,0.15121713552208552,48.3993851313583,0.9793385804946498,3578,8669,8670,8669,8670,200017.23400304257,380.7250131140463,3929,"[[520594.86011050467,5662879.965744384],[520667.7347539138,5662822.443784041],[520571.91917911393,5662906.536769972],[520682.0505419891,5662838.300736998],[520591.23509777116,5662956.723982938]]",ca931493022139a148c52ef6d877841359de94e3965a4155825ef527a006aee9,57f64cab67d95fb323797b6f99e5c2399ca70ce0ed5ce10f00973a0411795f94,none,stationary,matched_prior_exact,1,0,"{""p_d"":0.8,""stage"":""c2-mismatch"",""tau"":10000.0,""w"":0.5}",23493243a5f6b095ea52693b5d393f86e1e58febdf4a3d27a620d765fec49176,0.75,True,1731c52b1cd175b96e3f3a32f8bb332e69004ddf90f9ba843987a66a0d48877c,341588,72519,Q_alpha,planner=P; endpoint=Q_alpha,0.5,0.8,10000.0,"{""alpha"":0.75,""p_d"":0.8,""stage"":""c2-mismatch"",""tau"":10000.0,""w"":0.5}",alpha_0.75,revision_C_base@7b52d9149fd5,7b52d9149fd569229bcf4dbdfab434edfabc2e03,7821c330697bd81d6d7c78669e14fc4e785ea7c98d4305a8f8d4a52af044ffbd,c2-mismatch_20260826_181638_227156_4f4ff330,4f4ff3304f262cb45b129b36796bb1faf7ceb8ecd717c2fd358f23f3a31673e0,none,none,none,none,evidence,revision_B_base,revision_B_base,5,200000.0,xlarge,45.0,80.0,5.0,0.5,1.0
1,45,dynamic_3step,0.5,0.8,10000.0,0.12104937537581767,8068.388264073537,0.3624962066517237,12.180301941049605,0.9179002290058313,13910,8508,8509,8669,8670,200000.05829476897,426.69538342859596,3893,"[[520594.86011050467,5662879.965744384],[520667.7347539138,5662822.443784041],[520571.91917911393,5662906.536769972],[520682.0505419891,5662838.300736998],[520591.23509777116,5662956.723982938]]",ca931493022139a148c52ef6d877841359de94e3965a4155825ef527a006aee9,77fc062aad21d5c7b7e190751b19404242d07b25314255217fd149f4ba4563aa,none,stationary,matched_prior_exact,1,0,"{""p_d"":0.8,""stage"":""c2-mismatch"",""tau"":10000.0,""w"":0.5}",23493243a5f6b095ea52693b5d393f86e1e58febdf4a3d27a620d765fec49176,0.75,True,1731c52b1cd175b96e3f3a32f8bb332e69004ddf90f9ba843987a66a0d48877c,341588,72519,Q_alpha,planner=P; endpoint=Q_alpha,0.5,0.8,10000.0,"{""alpha"":0.75,""p_d"":0.8,""stage"":""c2-mismatch"",""tau"":10000.0,""w"":0.5}",alpha_0.75,revision_C_base@7b52d9149fd5,7b52d9149fd569229bcf4dbdfab434edfabc2e03,7821c330697bd81d6d7c78669e14fc4e785ea7c98d4305a8f8d4a52af044ffbd,c2-mismatch_20260826_181638_227156_4f4ff330,4f4ff3304f262cb45b129b36796bb1faf7ceb8ecd717c2fd358f23f3a31673e0,none,none,none,none,evidence,revision_B_base,revision_B_base,5,200000.0,xlarge,45.0,80.0,5.0,0.5,1.0
1,42,online_static_3step,0.5,0.8,10000.0,0.22922920578577377,7269.432917237908,0.22946107417453482,26.572261429886467,0.9623667709788797,6518,8676,8677,8676,8677,200022.46158781106,410.3893054977525,4219,"[[520669.9511760232,5662846.707767202],[520712.6785931303,5662847.395729886],[520741.99673526455,5662967.3026087405],[520666.2176493371,5662823.763432814],[520706.5342354978,5662960.580354788]]",e1541ec4c3203a188985ea123665c7c591f0a562c0e752375a546fd88a55f8b9,999baefbe15b45509ad10352e98af31e681a65799212995e70486c1165857a61,none,stationary,matched_prior_exact,1,0,"{""p_d"":0.8,""stage"":""c2-mismatch"",""tau"":10000.0,""w"":0.5}",23493243a5f6b095ea52693b5d393f86e1e58febdf4a3d27a620d765fec49176,0.0,True,b9f46b97be95503c0417e3654e5e55ab32c1a95b6dad973b1c855dda71bea006,341588,72519,Q_alpha,planner=P; endpoint=Q_alpha,0.5,0.8,10000.0,"{""alpha"":0.0,""p_d"":0.8,""stage"":""c2-mismatch"",""tau"":10000.0,""w"":0.5}",alpha_0,revision_C_base@7b52d9149fd5,7b52d9149fd569229bcf4dbdfab434edfabc2e03,7821c330697bd81d6d7c78669e14fc4e785ea7c98d4305a8f8d4a52af044ffbd,c2-mismatch_20260826_181638_227156_4f4ff330,4f4ff3304f262cb45b129b36796bb1faf7ceb8ecd717c2fd358f23f3a31673e0,none,none,none,none,evidence,revision_B_base,revision_B_base,5,200000.0,xlarge,45.0,80.0,5.0,0.5,1.0
1,42,dynamic_3step,0.5,0.8,10000.0,0.3688016337052081,6734.613978532757,0.3692315003426831,11.750780978826796,0.9148992733502688,14405,8501,8502,8676,8677,200005.17970534146,429.3568546148017,3967,"[[520669.9511760232,5662846.707767202],[520712.6785931303,5662847.395729886],[520741.99673526455,5662967.3026087405],[520666.2176493371,5662823.763432814],[520706.5342354978,5662960.580354788]]",e1541ec4c3203a188985ea123665c7c591f0a562c0e752375a546fd88a55f8b9,e0670cd592efa42f2c965d6a2b123d419255db52c175aaf2f6987ab78d7ef01c,none,stationary,matched_prior_exact,1,0,"{""p_d"":0.8,""stage"":""c2-mismatch"",""tau"":10000.0,""w"":0.5}",23493243a5f6b095ea52693b5d393f86e1e58febdf4a3d27a620d765fec49176,0.0,True,b9f46b97be95503c0417e3654e5e55ab32c1a95b6dad973b1c855dda71bea006,341588,72519,Q_alpha,planner=P; endpoint=Q_alpha,0.5,0.8,10000.0,"{""alpha"":0.0,""p_d"":0.8,""stage"":""c2-mismatch"",""tau"":10000.0,""w"":0.5}",alpha_0,revision_C_base@7b52d9149fd5,7b52d9149fd569229bcf4dbdfab434edfabc2e03,7821c330697bd81d6d7c78669e14fc4e785ea7c98d4305a8f8d4a52af044ffbd,c2-mismatch_20260826_181638_227156_4f4ff330,4f4ff3304f262cb45b129b36796bb1faf7ceb8ecd717c2fd358f23f3a31673e0,none,none,none,none,evidence,revision_B_base,revision_B_base,5,200000.0,xlarge,45.0,80.0,5.0,0.5,1.0
1,42,online_static_3step,0.5,0.8,10000.0,0.17668755043137305,7594.852154742424,0.22946107417453482,26.572261429886467,0.9623667709788797,6518,8676,8677,8676,8677,200022.46158781106,410.3893054977525,4219,"[[520669.9511760232,5662846.707767202],[520712.6785931303,5662847.395729886],[520741.99673526455,5662967.3026087405],[520666.2176493371,5662823.763432814],[520706.5342354978,5662960.580354788]]",e1541ec4c3203a188985ea123665c7c591f0a562c0e752375a546fd88a55f8b9,999baefbe15b45509ad10352e98af31e681a65799212995e70486c1165857a61,none,stationary,matched_prior_exact,1,0,"{""p_d"":0.8,""stage"":""c2-mismatch"",""tau"":10000.0,""w"":0.5}",23493243a5f6b095ea52693b5d393f86e1e58febdf4a3d27a620d765fec49176,0.25,True,0b80cbffc1774ff9bbfb3457bcff73fbfef6f7aee6026f77e51382d7fd425ccc,341588,72519,Q_alpha,planner=P; endpoint=Q_alpha,0.5,0.8,10000.0,"{""alpha"":0.25,""p_d"":0.8,""stage"":""c2-mismatch"",""tau"":10000.0,""w"":0.5}",alpha_0.25,revision_C_base@7b52d9149fd5,7b52d9149fd569229bcf4dbdfab434edfabc2e03,7821c330697bd81d6d7c78669e14fc4e785ea7c98d4305a8f8d4a52af044ffbd,c2-mismatch_20260826_181638_227156_4f4ff330,4f4ff3304f262cb45b129b36796bb1faf7ceb8ecd717c2fd358f23f3a31673e0,none,none,none,none,evidence,revision_B_base,revision_B_base,5,200000.0,xlarge,45.0,80.0,5.0,0.5,1.0
1,42,dynamic_3step,0.5,0.8,10000.0,0.2871311835974443,7174.907109540014,0.3692315003426831,11.750780978826796,0.9148992733502688,14405,8501,8502,8676,8677,200005.17970534146,429.3568546148017,3967,"[[520669.9511760232,5662846.707767202],[520712.6785931303,5662847.395729886],[520741.99673526455,5662967.3026087405],[520666.2176493371,5662823.763432814],[520706.5342354978,5662960.580354788]]",e1541ec4c3203a188985ea123665c7c591f0a562c0e752375a546fd88a55f8b9,e0670cd592efa42f2c965d6a2b123d419255db52c175aaf2f6987ab78d7ef01c,none,stationary,matched_prior_exact,1,0,"{""p_d"":0.8,""stage"":""c2-mismatch"",""tau"":10000.0,""w"":0.5}",23493243a5f6b095ea52693b5d393f86e1e58febdf4a3d27a620d765fec49176,0.25,True,0b80cbffc1774ff9bbfb3457bcff73fbfef6f7aee6026f77e51382d7fd425ccc,341588,72519,Q_alpha,planner=P; endpoint=Q_alpha,0.5,0.8,10000.0,"{""alpha"":0.25,""p_d"":0.8,""stage"":""c2-mismatch"",""tau"":10000.0,""w"":0.5}",alpha_0.25,revision_C_base@7b52d9149fd5,7b52d9149fd569229bcf4dbdfab434edfabc2e03,7821c330697bd81d6d7c78669e14fc4e785ea7c98d4305a8f8d4a52af044ffbd,c2-mismatch_20260826_181638_227156_4f4ff330,4f4ff3304f262cb45b129b36796bb1faf7ceb8ecd717c2fd358f23f3a31673e0,none,none,none,none,evidence,revision_B_base,revision_B_base,5,200000.0,xlarge,45.0,80.0,5.0,0.5,1.0
1,42,online_static_3step,0.5,0.8,10000.0,0.12414589507697238,7920.271392245,0.22946107417453482,26.572261429886467,0.9623667709788797,6518,8676,8677,8676,8677,200022.46158781106,410.3893054977525,4219,"[[520669.9511760232,5662846.707767202],[520712.6785931303,5662847.395729886],[520741.99673526455,5662967.3026087405],[520666.2176493371,5662823.763432814],[520706.5342354978,5662960.580354788]]",e1541ec4c3203a188985ea123665c7c591f0a562c0e752375a546fd88a55f8b9,999baefbe15b45509ad10352e98af31e681a65799212995e70486c1165857a61,none,stationary,matched_prior_exact,1,0,"{""p_d"":0.8,""stage"":""c2-mismatch"",""tau"":10000.0,""w"":0.5}",23493243a5f6b095ea52693b5d393f86e1e58febdf4a3d27a620d765fec49176,0.5,True,087522b99af5dfc34a15ffa69022d1abd9bedb588c51dc51df44d81c45e91c1a,341588,72519,Q_alpha,planner=P; endpoint=Q_alpha,0.5,0.8,10000.0,"{""alpha"":0.5,""p_d"":0.8,""stage"":""c2-mismatch"",""tau"":10000.0,""w"":0.5}",alpha_0.5,revision_C_base@7b52d9149fd5,7b52d9149fd569229bcf4dbdfab434edfabc2e03,7821c330697bd81d6d7c78669e14fc4e785ea7c98d4305a8f8d4a52af044ffbd,c2-mismatch_20260826_181638_227156_4f4ff330,4f4ff3304f262cb45b129b36796bb1faf7ceb8ecd717c2fd358f23f3a31673e0,none,none,none,none,evidence,revision_B_base,revision_B_base,5,200000.0,xlarge,45.0,80.0,5.0,0.5,1.0
1,42,dynamic_3step,0.5,0.8,10000.0,0.2054607334896805,7615.200240545184,0.3692315003426831,11.750780978826796,0.9148992733502688,14405,8501,8502,8676,8677,200005.17970534146,429.3568546148017,3967,"[[520669.9511760232,5662846.707767202],[520712.6785931303,5662847.395729886],[520741.99673526455,5662967.3026087405],[520666.2176493371,5662823.763432814],[520706.5342354978,5662960.580354788]]",e1541ec4c3203a188985ea123665c7c591f0a562c0e752375a546fd88a55f8b9,e0670cd592efa42f2c965d6a2b123d419255db52c175aaf2f6987ab78d7ef01c,none,stationary,matched_prior_exact,1,0,"{""p_d"":0.8,""stage"":""c2-mismatch"",""tau"":10000.0,""w"":0.5}",23493243a5f6b095ea52693b5d393f86e1e58febdf4a3d27a620d765fec49176,0.5,True,087522b99af5dfc34a15ffa69022d1abd9bedb588c51dc51df44d81c45e91c1a,341588,72519,Q_alpha,planner=P; endpoint=Q_alpha,0.5,0.8,10000.0,"{""alpha"":0.5,""p_d"":0.8,""stage"":""c2-mismatch"",""tau"":10000.0,""w"":0.5}",alpha_0.5,revision_C_base@7b52d9149fd5,7b52d9149fd569229bcf4dbdfab434edfabc2e03,7821c330697bd81d6d7c78669e14fc4e785ea7c98d4305a8f8d4a52af044ffbd,c2-mismatch_20260826_181638_227156_4f4ff330,4f4ff3304f262cb45b129b36796bb1faf7ceb8ecd717c2fd358f23f3a31673e0,none,none,none,none,evidence,revision_B_base,revision_B_base,5,200000.0,xlarge,45.0,80.0,5.0,0.5,1.0
1,42,online_static_3step,0.5,0.8,10000.0,0.07160423972257171,8245.690629743329,0.22946107417453482,26.572261429886467,0.9623667709788797,6518,8676,8677,8676,8677,200022.46158781106,410.3893054977525,4219,"[[520669.9511760232,5662846.707767202],[520712.6785931303,5662847.395729886],[520741.99673526455,5662967.3026087405],[520666.2176493371,5662823.763432814],[520706.5342354978,5662960.580354788]]",e1541ec4c3203a188985ea123665c7c591f0a562c0e752375a546fd88a55f8b9,999baefbe15b45509ad10352e98af31e681a65799212995e70486c1165857a61,none,stationary,matched_prior_exact,1,0,"{""p_d"":0.8,""stage"":""c2-mismatch"",""tau"":10000.0,""w"":0.5}",23493243a5f6b095ea52693b5d393f86e1e58febdf4a3d27a620d765fec49176,0.75,True,1731c52b1cd175b96e3f3a32f8bb332e69004ddf90f9ba843987a66a0d48877c,341588,72519,Q_alpha,planner=P; endpoint=Q_alpha,0.5,0.8,10000.0,"{""alpha"":0.75,""p_d"":0.8,""stage"":""c2-mismatch"",""tau"":10000.0,""w"":0.5}",alpha_0.75,revision_C_base@7b52d9149fd5,7b52d9149fd569229bcf4dbdfab434edfabc2e03,7821c330697bd81d6d7c78669e14fc4e785ea7c98d4305a8f8d4a52af044ffbd,c2-mismatch_20260826_181638_227156_4f4ff330,4f4ff3304f262cb45b129b36796bb1faf7ceb8ecd717c2fd358f23f3a31673e0,none,none,none,none,evidence,revision_B_base,revision_B_base,5,200000.0,xlarge,45.0,80.0,5.0,0.5,1.0
1,42,dynamic_3step,0.5,0.8,10000.0,0.12379028338191667,8055.493371546594,0.3692315003426831,11.750780978826796,0.9148992733502688,14405,8501,8502,8676,8677,200005.17970534146,429.3568546148017,3967,"[[520669.9511760232,5662846.707767202],[520712.6785931303,5662847.395729886],[520741.99673526455,5662967.3026087405],[520666.2176493371,5662823.763432814],[520706.5342354978,5662960.580354788]]",e1541ec4c3203a188985ea123665c7c591f0a562c0e752375a546fd88a55f8b9,e0670cd592efa42f2c965d6a2b123d419255db52c175aaf2f6987ab78d7ef01c,none,stationary,matched_prior_exact,1,0,"{""p_d"":0.8,""stage"":""c2-mismatch"",""tau"":10000.0,""w"":0.5}",23493243a5f6b095ea52693b5d393f86e1e58febdf4a3d27a620d765fec49176,0.75,True,1731c52b1cd175b96e3f3a32f8bb332e69004ddf90f9ba843987a66a0d48877c,341588,72519,Q_alpha,planner=P; endpoint=Q_alpha,0.5,0.8,10000.0,"{""alpha"":0.75,""p_d"":0.8,""stage"":""c2-mismatch"",""tau"":10000.0,""w"":0.5}",alpha_0.75,revision_C_base@7b52d9149fd5,7b52d9149fd569229bcf4dbdfab434edfabc2e03,7821c330697bd81d6d7c78669e14fc4e785ea7c98d4305a8f8d4a52af044ffbd,c2-mismatch_20260826_181638_227156_4f4ff330,4f4ff3304f262cb45b129b36796bb1faf7ceb8ecd717c2fd358f23f3a31673e0,none,none,none,none,evidence,revision_B_base,revision_B_base,5,200000.0,xlarge,45.0,80.0,5.0,0.5,1.0
1,46,online_static_3step,0.5,0.8,10000.0,0.25555156136819646,7172.242389132364,0.25581766724835997,22.55229357798165,0.9556586119925149,7630,8625,8626,8625,8626,200017.97112690134,408.91344971442595,4148,"[[520683.0606025209,5662896.673861332],[520648.8717985227,5662990.272526192],[520686.69451162766,5662900.4684148645],[520599.4214516467,5662848.301367384],[520573.724335097,5662905.991302054]]",c3a107a1fc646545ced1bed510f83f2557068c38968fadd0196b04e59ec82149,5f5e07af683d2d05ef33e0229b0385136fc24d439c7dafe91c23a0b4430c5669,none,stationary,matched_prior_exact,1,0,"{""p_d"":0.8,""stage"":""c2-mismatch"",""tau"":10000.0,""w"":0.5}",23493243a5f6b095ea52693b5d393f86e1e58febdf4a3d27a620d765fec49176,0.0,True,b9f46b97be95503c0417e3654e5e55ab32c1a95b6dad973b1c855dda71bea006,341588,72519,Q_alpha,planner=P; endpoint=Q_alpha,0.5,0.8,10000.0,"{""alpha"":0.0,""p_d"":0.8,""stage"":""c2-mismatch"",""tau"":10000.0,""w"":0.5}",alpha_0,revision_C_base@7b52d9149fd5,7b52d9149fd569229bcf4dbdfab434edfabc2e03,7821c330697bd81d6d7c78669e14fc4e785ea7c98d4305a8f8d4a52af044ffbd,c2-mismatch_20260826_181638_227156_4f4ff330,4f4ff3304f262cb45b129b36796bb1faf7ceb8ecd717c2fd358f23f3a31673e0,none,none,none,none,evidence,revision_B_base,revision_B_base,5,200000.0,xlarge,45.0,80.0,5.0,0.5,1.0
1,46,dynamic_3step,0.5,0.8,10000.0,0.3236052126431871,6971.6734117645055,0.32384958123177887,14.64469938756146,0.9317159080199793,11593,8522,8523,8625,8626,200018.8445497253,433.55885073309764,4081,"[[520683.0606025209,5662896.673861332],[520648.8717985227,5662990.272526192],[520686.69451162766,5662900.4684148645],[520599.4214516467,5662848.301367384],[520573.724335097,5662905.991302054]]",c3a107a1fc646545ced1bed510f83f2557068c38968fadd0196b04e59ec82149,b44436d8ebd0be21d4223f47e3a208c0bc8099ec1fa7d03293df3c9fd9777bb5,none,stationary,matched_prior_exact,1,0,"{""p_d"":0.8,""stage"":""c2-mismatch"",""tau"":10000.0,""w"":0.5}",23493243a5f6b095ea52693b5d393f86e1e58febdf4a3d27a620d765fec49176,0.0,True,b9f46b97be95503c0417e3654e5e55ab32c1a95b6dad973b1c855dda71bea006,341588,72519,Q_alpha,planner=P; endpoint=Q_alpha,0.5,0.8,10000.0,"{""alpha"":0.0,""p_d"":0.8,""stage"":""c2-mismatch"",""tau"":10000.0,""w"":0.5}",alpha_0,revision_C_base@7b52d9149fd5,7b52d9149fd569229bcf4dbdfab434edfabc2e03,7821c330697bd81d6d7c78669e14fc4e785ea7c98d4305a8f8d4a52af044ffbd,c2-mismatch_20260826_181638_227156_4f4ff330,4f4ff3304f262cb45b129b36796bb1faf7ceb8ecd717c2fd358f23f3a31673e0,none,none,none,none,evidence,revision_B_base,revision_B_base,5,200000.0,xlarge,45.0,80.0,5.0,0.5,1.0
1,46,online_static_3step,0.5,0.8,10000.0,0.19724206555123225,7507.9074324274225,0.25581766724835997,22.55229357798165,0.9556586119925149,7630,8625,8626,8625,8626,200017.97112690134,408.91344971442595,4148,"[[520683.0606025209,5662896.673861332],[520648.8717985227,5662990.272526192],[520686.69451162766,5662900.4684148645],[520599.4214516467,5662848.301367384],[520573.724335097,5662905.991302054]]",c3a107a1fc646545ced1bed510f83f2557068c38968fadd0196b04e59ec82149,5f5e07af683d2d05ef33e0229b0385136fc24d439c7dafe91c23a0b4430c5669,none,stationary,matched_prior_exact,1,0,"{""p_d"":0.8,""stage"":""c2-mismatch"",""tau"":10000.0,""w"":0.5}",23493243a5f6b095ea52693b5d393f86e1e58febdf4a3d27a620d765fec49176,0.25,True,0b80cbffc1774ff9bbfb3457bcff73fbfef6f7aee6026f77e51382d7fd425ccc,341588,72519,Q_alpha,planner=P; endpoint=Q_alpha,0.5,0.8,10000.0,"{""alpha"":0.25,""p_d"":0.8,""stage"":""c2-mismatch"",""tau"":10000.0,""w"":0.5}",alpha_0.25,revision_C_base@7b52d9149fd5,7b52d9149fd569229bcf4dbdfab434edfabc2e03,7821c330697bd81d6d7c78669e14fc4e785ea7c98d4305a8f8d4a52af044ffbd,c2-mismatch_20260826_181638_227156_4f4ff330,4f4ff3304f262cb45b129b36796bb1faf7ceb8ecd717c2fd358f23f3a31673e0,none,none,none,none,evidence,revision_B_base,revision_B_base,5,200000.0,xlarge,45.0,80.0,5.0,0.5,1.0
1,46,dynamic_3step,0.5,0.8,10000.0,0.25118109989883547,7348.600254210161,0.32384958123177887,14.64469938756146,0.9317159080199793,11593,8522,8523,8625,8626,200018.8445497253,433.55885073309764,4081,"[[520683.0606025209,5662896.673861332],[520648.8717985227,5662990.272526192],[520686.69451162766,5662900.4684148645],[520599.4214516467,5662848.301367384],[520573.724335097,5662905.991302054]]",c3a107a1fc646545ced1bed510f83f2557068c38968fadd0196b04e59ec82149,b44436d8ebd0be21d4223f47e3a208c0bc8099ec1fa7d03293df3c9fd9777bb5,none,stationary,matched_prior_exact,1,0,"{""p_d"":0.8,""stage"":""c2-mismatch"",""tau"":10000.0,""w"":0.5}",23493243a5f6b095ea52693b5d393f86e1e58febdf4a3d27a620d765fec49176,0.25,True,0b80cbffc1774ff9bbfb3457bcff73fbfef6f7aee6026f77e51382d7fd425ccc,341588,72519,Q_alpha,planner=P; endpoint=Q_alpha,0.5,0.8,10000.0,"{""alpha"":0.25,""p_d"":0.8,""stage"":""c2-mismatch"",""tau"":10000.0,""w"":0.5}",alpha_0.25,revision_C_base@7b52d9149fd5,7b52d9149fd569229bcf4dbdfab434edfabc2e03,7821c330697bd81d6d7c78669e14fc4e785ea7c98d4305a8f8d4a52af044ffbd,c2-mismatch_20260826_181638_227156_4f4ff330,4f4ff3304f262cb45b129b36796bb1faf7ceb8ecd717c2fd358f23f3a31673e0,none,none,none,none,evidence,revision_B_base,revision_B_base,5,200000.0,xlarge,45.0,80.0,5.0,0.5,1.0
1,46,online_static_3step,0.5,0.8,10000.0,0.13893256973426804,7843.572475720447,0.25581766724835997,22.55229357798165,0.9556586119925149,7630,8625,8626,8625,8626,200017.97112690134,408.91344971442595,4148,"[[520683.0606025209,5662896.673861332],[520648.8717985227,5662990.272526192],[520686.69451162766,5662900.4684148645],[520599.4214516467,5662848.301367384],[520573.724335097,5662905.991302054]]",c3a107a1fc646545ced1bed510f83f2557068c38968fadd0196b04e59ec82149,5f5e07af683d2d05ef33e0229b0385136fc24d439c7dafe91c23a0b4430c5669,none,stationary,matched_prior_exact,1,0,"{""p_d"":0.8,""stage"":""c2-mismatch"",""tau"":10000.0,""w"":0.5}",23493243a5f6b095ea52693b5d393f86e1e58febdf4a3d27a620d765fec49176,0.5,True,087522b99af5dfc34a15ffa69022d1abd9bedb588c51dc51df44d81c45e91c1a,341588,72519,Q_alpha,planner=P; endpoint=Q_alpha,0.5,0.8,10000.0,"{""alpha"":0.5,""p_d"":0.8,""stage"":""c2-mismatch"",""tau"":10000.0,""w"":0.5}",alpha_0.5,revision_C_base@7b52d9149fd5,7b52d9149fd569229bcf4dbdfab434edfabc2e03,7821c330697bd81d6d7c78669e14fc4e785ea7c98d4305a8f8d4a52af044ffbd,c2-mismatch_20260826_181638_227156_4f4ff330,4f4ff3304f262cb45b129b36796bb1faf7ceb8ecd717c2fd358f23f3a31673e0,none,none,none,none,evidence,revision_B_base,revision_B_base,5,200000.0,xlarge,45.0,80.0,5.0,0.5,1.0
1,46,dynamic_3step,0.5,0.8,10000.0,0.1787569871544839,7725.527096653782,0.32384958123177887,14.64469938756146,0.9317159080199793,11593,8522,8523,8625,8626,200018.8445497253,433.55885073309764,4081,"[[520683.0606025209,5662896.673861332],[520648.8717985227,5662990.272526192],[520686.69451162766,5662900.4684148645],[520599.4214516467,5662848.301367384],[520573.724335097,5662905.991302054]]",c3a107a1fc646545ced1bed510f83f2557068c38968fadd0196b04e59ec82149,b44436d8ebd0be21d4223f47e3a208c0bc8099ec1fa7d03293df3c9fd9777bb5,none,stationary,matched_prior_exact,1,0,"{""p_d"":0.8,""stage"":""c2-mismatch"",""tau"":10000.0,""w"":0.5}",23493243a5f6b095ea52693b5d393f86e1e58febdf4a3d27a620d765fec49176,0.5,True,087522b99af5dfc34a15ffa69022d1abd9bedb588c51dc51df44d81c45e91c1a,341588,72519,Q_alpha,planner=P; endpoint=Q_alpha,0.5,0.8,10000.0,"{""alpha"":0.5,""p_d"":0.8,""stage"":""c2-mismatch"",""tau"":10000.0,""w"":0.5}",alpha_0.5,revision_C_base@7b52d9149fd5,7b52d9149fd569229bcf4dbdfab434edfabc2e03,7821c330697bd81d6d7c78669e14fc4e785ea7c98d4305a8f8d4a52af044ffbd,c2-mismatch_20260826_181638_227156_4f4ff330,4f4ff3304f262cb45b129b36796bb1faf7ceb8ecd717c2fd358f23f3a31673e0,none,none,none,none,evidence,revision_B_base,revision_B_base,5,200000.0,xlarge,45.0,80.0,5.0,0.5,1.0
1,46,online_static_3step,0.5,0.8,10000.0,0.08062307391730383,8179.237519016573,0.25581766724835997,22.55229357798165,0.9556586119925149,7630,8625,8626,8625,8626,200017.97112690134,408.91344971442595,4148,"[[520683.0606025209,5662896.673861332],[520648.8717985227,5662990.272526192],[520686.69451162766,5662900.4684148645],[520599.4214516467,5662848.301367384],[520573.724335097,5662905.991302054]]",c3a107a1fc646545ced1bed510f83f2557068c38968fadd0196b04e59ec82149,5f5e07af683d2d05ef33e0229b0385136fc24d439c7dafe91c23a0b4430c5669,none,stationary,matched_prior_exact,1,0,"{""p_d"":0.8,""stage"":""c2-mismatch"",""tau"":10000.0,""w"":0.5}",23493243a5f6b095ea52693b5d393f86e1e58febdf4a3d27a620d765fec49176,0.75,True,1731c52b1cd175b96e3f3a32f8bb332e69004ddf90f9ba843987a66a0d48877c,341588,72519,Q_alpha,planner=P; endpoint=Q_alpha,0.5,0.8,10000.0,"{""alpha"":0.75,""p_d"":0.8,""stage"":""c2-mismatch"",""tau"":10000.0,""w"":0.5}",alpha_0.75,revision_C_base@7b52d9149fd5,7b52d9149fd569229bcf4dbdfab434edfabc2e03,7821c330697bd81d6d7c78669e14fc4e785ea7c98d4305a8f8d4a52af044ffbd,c2-mismatch_20260826_181638_227156_4f4ff330,4f4ff3304f262cb45b129b36796bb1faf7ceb8ecd717c2fd358f23f3a31673e0,none,none,none,none,evidence,revision_B_base,revision_B_base,5,200000.0,xlarge,45.0,80.0,5.0,0.5,1.0
1,46,dynamic_3step,0.5,0.8,10000.0,0.10633287441013228,8102.45393910077,0.32384958123177887,14.64469938756146,0.9317159080199793,11593,8522,8523,8625,8626,200018.8445497253,433.55885073309764,4081,"[[520683.0606025209,5662896.673861332],[520648.8717985227,5662990.272526192],[520686.69451162766,5662900.4684148645],[520599.4214516467,5662848.301367384],[520573.724335097,5662905.991302054]]",c3a107a1fc646545ced1bed510f83f2557068c38968fadd0196b04e59ec82149,b44436d8ebd0be21d4223f47e3a208c0bc8099ec1fa7d03293df3c9fd9777bb5,none,stationary,matched_prior_exact,1,0,"{""p_d"":0.8,""stage"":""c2-mismatch"",""tau"":10000.0,""w"":0.5}",23493243a5f6b095ea52693b5d393f86e1e58febdf4a3d27a620d765fec49176,0.75,True,1731c52b1cd175b96e3f3a32f8bb332e69004ddf90f9ba843987a66a0d48877c,341588,72519,Q_alpha,planner=P; endpoint=Q_alpha,0.5,0.8,10000.0,"{""alpha"":0.75,""p_d"":0.8,""stage"":""c2-mismatch"",""tau"":10000.0,""w"":0.5}",alpha_0.75,revision_C_base@7b52d9149fd5,7b52d9149fd569229bcf4dbdfab434edfabc2e03,7821c330697bd81d6d7c78669e14fc4e785ea7c98d4305a8f8d4a52af044ffbd,c2-mismatch_20260826_181638_227156_4f4ff330,4f4ff3304f262cb45b129b36796bb1faf7ceb8ecd717c2fd358f23f3a31673e0,none,none,none,none,evidence,revision_B_base,revision_B_base,5,200000.0,xlarge,45.0,80.0,5.0,0.5,1.0
1,51,online_static_3step,0.5,0.8,10000.0,0.2205543018396447,7509.282894872386,0.22076569450236122,28.973152191492805,0.9654852881249966,6183,8975,8976,8975,8976,200013.3662323596,351.19914664607495,3549,"[[520711.8522611355,5662892.597864088],[520658.5627617937,5662959.366663233],[520670.5155692668,5662866.853961261],[520689.3788789926,5662831.804692118],[520598.1880891093,5662945.3050262295]]",6fd43b0bf15e2a3328db22762d4ed33f7ce69b03a8096df04e90603800be5e91,1863098a13672c53ba68ec8e812057202fb714411c72e8fd09b8b9bd43fa01c5,none,stationary,matched_prior_exact,1,0,"{""p_d"":0.8,""stage"":""c2-mismatch"",""tau"":10000.0,""w"":0.5}",23493243a5f6b095ea52693b5d393f86e1e58febdf4a3d27a620d765fec49176,0.0,True,b9f46b97be95503c0417e3654e5e55ab32c1a95b6dad973b1c855dda71bea006,341588,72519,Q_alpha,planner=P; endpoint=Q_alpha,0.5,0.8,10000.0,"{""alpha"":0.0,""p_d"":0.8,""stage"":""c2-mismatch"",""tau"":10000.0,""w"":0.5}",alpha_0,revision_C_base@7b52d9149fd5,7b52d9149fd569229bcf4dbdfab434edfabc2e03,7821c330697bd81d6d7c78669e14fc4e785ea7c98d4305a8f8d4a52af044ffbd,c2-mismatch_20260826_181638_227156_4f4ff330,4f4ff3304f262cb45b129b36796bb1faf7ceb8ecd717c2fd358f23f3a31673e0,none,none,none,none,evidence,revision_B_base,revision_B_base,5,200000.0,xlarge,45.0,80.0,5.0,0.5,1.0
1,51,dynamic_3step,0.5,0.8,10000.0,0.3646539491883437,6908.008516551337,0.3650127068700759,11.897232368642877,0.9159468379691679,14236,8509,8510,8975,8976,200008.2785282884,442.50360047305,4061,"[[520711.8522611355,5662892.597864088],[520658.5627617937,5662959.366663233],[520670.5155692668,5662866.853961261],[520689.3788789926,5662831.804692118],[520598.1880891093,5662945.3050262295]]",6fd43b0bf15e2a3328db22762d4ed33f7ce69b03a8096df04e90603800be5e91,a87414458ca8493b96ff01464b4294ed426935680d2a37f2b90633a882474153,none,stationary,matched_prior_exact,1,0,"{""p_d"":0.8,""stage"":""c2-mismatch"",""tau"":10000.0,""w"":0.5}",23493243a5f6b095ea52693b5d393f86e1e58febdf4a3d27a620d765fec49176,0.0,True,b9f46b97be95503c0417e3654e5e55ab32c1a95b6dad973b1c855dda71bea006,341588,72519,Q_alpha,planner=P; endpoint=Q_alpha,0.5,0.8,10000.0,"{""alpha"":0.0,""p_d"":0.8,""stage"":""c2-mismatch"",""tau"":10000.0,""w"":0.5}",alpha_0,revision_C_base@7b52d9149fd5,7b52d9149fd569229bcf4dbdfab434edfabc2e03,7821c330697bd81d6d7c78669e14fc4e785ea7c98d4305a8f8d4a52af044ffbd,c2-mismatch_20260826_181638_227156_4f4ff330,4f4ff3304f262cb45b129b36796bb1faf7ceb8ecd717c2fd358f23f3a31673e0,none,none,none,none,evidence,revision_B_base,revision_B_base,5,200000.0,xlarge,45.0,80.0,5.0,0.5,1.0
1,51,online_static_3step,0.5,0.8,10000.0,0.169936711789122,7848.3608063531265,0.22076569450236122,28.973152191492805,0.9654852881249966,6183,8975,8976,8975,8976,200013.3662323596,351.19914664607495,3549,"[[520711.8522611355,5662892.597864088],[520658.5627617937,5662959.366663233],[520670.5155692668,5662866.853961261],[520689.3788789926,5662831.804692118],[520598.1880891093,5662945.3050262295]]",6fd43b0bf15e2a3328db22762d4ed33f7ce69b03a8096df04e90603800be5e91,1863098a13672c53ba68ec8e812057202fb714411c72e8fd09b8b9bd43fa01c5,none,stationary,matched_prior_exact,1,0,"{""p_d"":0.8,""stage"":""c2-mismatch"",""tau"":10000.0,""w"":0.5}",23493243a5f6b095ea52693b5d393f86e1e58febdf4a3d27a620d765fec49176,0.25,True,0b80cbffc1774ff9bbfb3457bcff73fbfef6f7aee6026f77e51382d7fd425ccc,341588,72519,Q_alpha,planner=P; endpoint=Q_alpha,0.5,0.8,10000.0,"{""alpha"":0.25,""p_d"":0.8,""stage"":""c2-mismatch"",""tau"":10000.0,""w"":0.5}",alpha_0.25,revision_C_base@7b52d9149fd5,7b52d9149fd569229bcf4dbdfab434edfabc2e03,7821c330697bd81d6d7c78669e14fc4e785ea7c98d4305a8f8d4a52af044ffbd,c2-mismatch_20260826_181638_227156_4f4ff330,4f4ff3304f262cb45b129b36796bb1faf7ceb8ecd717c2fd358f23f3a31673e0,none,none,none,none,evidence,revision_B_base,revision_B_base,5,200000.0,xlarge,45.0,80.0,5.0,0.5,1.0
1,51,dynamic_3step,0.5,0.8,10000.0,0.2838980125735418,7376.0346498504105,0.3650127068700759,11.897232368642877,0.9159468379691679,14236,8509,8510,8975,8976,200008.2785282884,442.50360047305,4061,"[[520711.8522611355,5662892.597864088],[520658.5627617937,5662959.366663233],[520670.5155692668,5662866.853961261],[520689.3788789926,5662831.804692118],[520598.1880891093,5662945.3050262295]]",6fd43b0bf15e2a3328db22762d4ed33f7ce69b03a8096df04e90603800be5e91,a87414458ca8493b96ff01464b4294ed426935680d2a37f2b90633a882474153,none,stationary,matched_prior_exact,1,0,"{""p_d"":0.8,""stage"":""c2-mismatch"",""tau"":10000.0,""w"":0.5}",23493243a5f6b095ea52693b5d393f86e1e58febdf4a3d27a620d765fec49176,0.25,True,0b80cbffc1774ff9bbfb3457bcff73fbfef6f7aee6026f77e51382d7fd425ccc,341588,72519,Q_alpha,planner=P; endpoint=Q_alpha,0.5,0.8,10000.0,"{""alpha"":0.25,""p_d"":0.8,""stage"":""c2-mismatch"",""tau"":10000.0,""w"":0.5}",alpha_0.25,revision_C_base@7b52d9149fd5,7b52d9149fd569229bcf4dbdfab434edfabc2e03,7821c330697bd81d6d7c78669e14fc4e785ea7c98d4305a8f8d4a52af044ffbd,c2-mismatch_20260826_181638_227156_4f4ff330,4f4ff3304f262cb45b129b36796bb1faf7ceb8ecd717c2fd358f23f3a31673e0,none,none,none,none,evidence,revision_B_base,revision_B_base,5,200000.0,xlarge,45.0,80.0,5.0,0.5,1.0
1,51,online_static_3step,0.5,0.8,10000.0,0.11931912173859935,8187.4387178117395,0.22076569450236122,28.973152191492805,0.9654852881249966,6183,8975,8976,8975,8976,200013.3662323596,351.19914664607495,3549,"[[520711.8522611355,5662892.597864088],[520658.5627617937,5662959.366663233],[520670.5155692668,5662866.853961261],[520689.3788789926,5662831.804692118],[520598.1880891093,5662945.3050262295]]",6fd43b0bf15e2a3328db22762d4ed33f7ce69b03a8096df04e90603800be5e91,1863098a13672c53ba68ec8e812057202fb714411c72e8fd09b8b9bd43fa01c5,none,stationary,matched_prior_exact,1,0,"{""p_d"":0.8,""stage"":""c2-mismatch"",""tau"":10000.0,""w"":0.5}",23493243a5f6b095ea52693b5d393f86e1e58febdf4a3d27a620d765fec49176,0.5,True,087522b99af5dfc34a15ffa69022d1abd9bedb588c51dc51df44d81c45e91c1a,341588,72519,Q_alpha,planner=P; endpoint=Q_alpha,0.5,0.8,10000.0,"{""alpha"":0.5,""p_d"":0.8,""stage"":""c2-mismatch"",""tau"":10000.0,""w"":0.5}",alpha_0.5,revision_C_base@7b52d9149fd5,7b52d9149fd569229bcf4dbdfab434edfabc2e03,7821c330697bd81d6d7c78669e14fc4e785ea7c98d4305a8f8d4a52af044ffbd,c2-mismatch_20260826_181638_227156_4f4ff330,4f4ff3304f262cb45b129b36796bb1faf7ceb8ecd717c2fd358f23f3a31673e0,none,none,none,none,evidence,revision_B_base,revision_B_base,5,200000.0,xlarge,45.0,80.0,5.0,0.5,1.0
1,51,dynamic_3step,0.5,0.8,10000.0,0.20314207595873993,7844.060783129198,0.3650127068700759,11.897232368642877,0.9159468379691679,14236,8509,8510,8975,8976,200008.2785282884,442.50360047305,4061,"[[520711.8522611355,5662892.597864088],[520658.5627617937,5662959.366663233],[520670.5155692668,5662866.853961261],[520689.3788789926,5662831.804692118],[520598.1880891093,5662945.3050262295]]",6fd43b0bf15e2a3328db22762d4ed33f7ce69b03a8096df04e90603800be5e91,a87414458ca8493b96ff01464b4294ed426935680d2a37f2b90633a882474153,none,stationary,matched_prior_exact,1,0,"{""p_d"":0.8,""stage"":""c2-mismatch"",""tau"":10000.0,""w"":0.5}",23493243a5f6b095ea52693b5d393f86e1e58febdf4a3d27a620d765fec49176,0.5,True,087522b99af5dfc34a15ffa69022d1abd9bedb588c51dc51df44d81c45e91c1a,341588,72519,Q_alpha,planner=P; endpoint=Q_alpha,0.5,0.8,10000.0,"{""alpha"":0.5,""p_d"":0.8,""stage"":""c2-mismatch"",""tau"":10000.0,""w"":0.5}",alpha_0.5,revision_C_base@7b52d9149fd5,7b52d9149fd569229bcf4dbdfab434edfabc2e03,7821c330697bd81d6d7c78669e14fc4e785ea7c98d4305a8f8d4a52af044ffbd,c2-mismatch_20260826_181638_227156_4f4ff330,4f4ff3304f262cb45b129b36796bb1faf7ceb8ecd717c2fd358f23f3a31673e0,none,none,none,none,evidence,revision_B_base,revision_B_base,5,200000.0,xlarge,45.0,80.0,5.0,0.5,1.0
1,51,online_static_3step,0.5,0.8,10000.0,0.06870153168807665,8526.51662929257,0.22076569450236122,28.973152191492805,0.9654852881249966,6183,8975,8976,8975,8976,200013.3662323596,351.19914664607495,3549,"[[520711.8522611355,5662892.597864088],[520658.5627617937,5662959.366663233],[520670.5155692668,5662866.853961261],[520689.3788789926,5662831.804692118],[520598.1880891093,5662945.3050262295]]",6fd43b0bf15e2a3328db22762d4ed33f7ce69b03a8096df04e90603800be5e91,1863098a13672c53ba68ec8e812057202fb714411c72e8fd09b8b9bd43fa01c5,none,stationary,matched_prior_exact,1,0,"{""p_d"":0.8,""stage"":""c2-mismatch"",""tau"":10000.0,""w"":0.5}",23493243a5f6b095ea52693b5d393f86e1e58febdf4a3d27a620d765fec49176,0.75,True,1731c52b1cd175b96e3f3a32f8bb332e69004ddf90f9ba843987a66a0d48877c,341588,72519,Q_alpha,planner=P; endpoint=Q_alpha,0.5,0.8,10000.0,"{""alpha"":0.75,""p_d"":0.8,""stage"":""c2-mismatch"",""tau"":10000.0,""w"":0.5}",alpha_0.75,revision_C_base@7b52d9149fd5,7b52d9149fd569229bcf4dbdfab434edfabc2e03,7821c330697bd81d6d7c78669e14fc4e785ea7c98d4305a8f8d4a52af044ffbd,c2-mismatch_20260826_181638_227156_4f4ff330,4f4ff3304f262cb45b129b36796bb1faf7ceb8ecd717c2fd358f23f3a31673e0,none,none,none,none,evidence,revision_B_base,revision_B_base,5,200000.0,xlarge,45.0,80.0,5.0,0.5,1.0
1,51,dynamic_3step,0.5,0.8,10000.0,0.12238613934393808,8312.08691642985,0.3650127068700759,11.897232368642877,0.9159468379691679,14236,8509,8510,8975,8976,200008.2785282884,442.50360047305,4061,"[[520711.8522611355,5662892.597864088],[520658.5627617937,5662959.366663233],[520670.5155692668,5662866.853961261],[520689.3788789926,5662831.804692118],[520598.1880891093,5662945.3050262295]]",6fd43b0bf15e2a3328db22762d4ed33f7ce69b03a8096df04e90603800be5e91,a87414458ca8493b96ff01464b4294ed426935680d2a37f2b90633a882474153,none,stationary,matched_prior_exact,1,0,"{""p_d"":0.8,""stage"":""c2-mismatch"",""tau"":10000.0,""w"":0.5}",23493243a5f6b095ea52693b5d393f86e1e58febdf4a3d27a620d765fec49176,0.75,True,1731c52b1cd175b96e3f3a32f8bb332e69004ddf90f9ba843987a66a0d48877c,341588,72519,Q_alpha,planner=P; endpoint=Q_alpha,0.5,0.8,10000.0,"{""alpha"":0.75,""p_d"":0.8,""stage"":""c2-mismatch"",""tau"":10000.0,""w"":0.5}",alpha_0.75,revision_C_base@7b52d9149fd5,7b52d9149fd569229bcf4dbdfab434edfabc2e03,7821c330697bd81d6d7c78669e14fc4e785ea7c98d4305a8f8d4a52af044ffbd,c2-mismatch_20260826_181638_227156_4f4ff330,4f4ff3304f262cb45b129b36796bb1faf7ceb8ecd717c2fd358f23f3a31673e0,none,none,none,none,evidence,revision_B_base,revision_B_base,5,200000.0,xlarge,45.0,80.0,5.0,0.5,1.0
1,48,online_static_3step,0.5,0.8,10000.0,0.3086344090292843,6913.713752991634,0.3090139757042794,16.098961231682434,0.9378841910599784,10782,8709,8710,8709,8710,200002.88834325608,429.13963434426114,4320,"[[520601.26125446317,5662962.26140178],[520576.994053098,5662904.989472677],[520606.5952474223,5662836.198260312],[520598.62839204696,5662873.333030157],[520666.2597041656,5662866.748449267]]",4aae7d3fd5610a876fe9bbaab463a83d8aeb4baf283a46ff967cce3f9e26de26,a583f88973a6a9c49da4c4f06f4cf1b042b5937f67b1cfaae6e25633d7e10c9c,none,stationary,matched_prior_exact,1,0,"{""p_d"":0.8,""stage"":""c2-mismatch"",""tau"":10000.0,""w"":0.5}",23493243a5f6b095ea52693b5d393f86e1e58febdf4a3d27a620d765fec49176,0.0,True,b9f46b97be95503c0417e3654e5e55ab32c1a95b6dad973b1c855dda71bea006,341588,72519,Q_alpha,planner=P; endpoint=Q_alpha,0.5,0.8,10000.0,"{""alpha"":0.0,""p_d"":0.8,""stage"":""c2-mismatch"",""tau"":10000.0,""w"":0.5}",alpha_0,revision_C_base@7b52d9149fd5,7b52d9149fd569229bcf4dbdfab434edfabc2e03,7821c330697bd81d6d7c78669e14fc4e785ea7c98d4305a8f8d4a52af044ffbd,c2-mismatch_20260826_181638_227156_4f4ff330,4f4ff3304f262cb45b129b36796bb1faf7ceb8ecd717c2fd358f23f3a31673e0,none,none,none,none,evidence,revision_B_base,revision_B_base,5,200000.0,xlarge,45.0,80.0,5.0,0.5,1.0
1,48,dynamic_3step,0.5,0.8,10000.0,0.35317599898982943,6801.132621110324,0.353530363628511,12.232387264082986,0.9182498086096225,13882,8524,8525,8709,8710,200016.7465111143,422.6868262011558,4024,"[[520601.26125446317,5662962.26140178],[520576.994053098,5662904.989472677],[520606.5952474223,5662836.198260312],[520598.62839204696,5662873.333030157],[520666.2597041656,5662866.748449267]]",4aae7d3fd5610a876fe9bbaab463a83d8aeb4baf283a46ff967cce3f9e26de26,a49cbfe267a7c63142bcc29f344cecf4e4c25312512a602357b9331ea8649e3e,none,stationary,matched_prior_exact,1,0,"{""p_d"":0.8,""stage"":""c2-mismatch"",""tau"":10000.0,""w"":0.5}",23493243a5f6b095ea52693b5d393f86e1e58febdf4a3d27a620d765fec49176,0.0,True,b9f46b97be95503c0417e3654e5e55ab32c1a95b6dad973b1c855dda71bea006,341588,72519,Q_alpha,planner=P; endpoint=Q_alpha,0.5,0.8,10000.0,"{""alpha"":0.0,""p_d"":0.8,""stage"":""c2-mismatch"",""tau"":10000.0,""w"":0.5}",alpha_0,revision_C_base@7b52d9149fd5,7b52d9149fd569229bcf4dbdfab434edfabc2e03,7821c330697bd81d6d7c78669e14fc4e785ea7c98d4305a8f8d4a52af044ffbd,c2-mismatch_20260826_181638_227156_4f4ff330,4f4ff3304f262cb45b129b36796bb1faf7ceb8ecd717c2fd358f23f3a31673e0,none,none,none,none,evidence,revision_B_base,revision_B_base,5,200000.0,xlarge,45.0,80.0,5.0,0.5,1.0
1,48,online_static_3step,0.5,0.8,10000.0,0.23935687360368688,7323.899378271448,0.3090139757042794,16.098961231682434,0.9378841910599784,10782,8709,8710,8709,8710,200002.88834325608,429.13963434426114,4320,"[[520601.26125446317,5662962.26140178],[520576.994053098,5662904.989472677],[520606.5952474223,5662836.198260312],[520598.62839204696,5662873.333030157],[520666.2597041656,5662866.748449267]]",4aae7d3fd5610a876fe9bbaab463a83d8aeb4baf283a46ff967cce3f9e26de26,a583f88973a6a9c49da4c4f06f4cf1b042b5937f67b1cfaae6e25633d7e10c9c,none,stationary,matched_prior_exact,1,0,"{""p_d"":0.8,""stage"":""c2-mismatch"",""tau"":10000.0,""w"":0.5}",23493243a5f6b095ea52693b5d393f86e1e58febdf4a3d27a620d765fec49176,0.25,True,0b80cbffc1774ff9bbfb3457bcff73fbfef6f7aee6026f77e51382d7fd425ccc,341588,72519,Q_alpha,planner=P; endpoint=Q_alpha,0.5,0.8,10000.0,"{""alpha"":0.25,""p_d"":0.8,""stage"":""c2-mismatch"",""tau"":10000.0,""w"":0.5}",alpha_0.25,revision_C_base@7b52d9149fd5,7b52d9149fd569229bcf4dbdfab434edfabc2e03,7821c330697bd81d6d7c78669e14fc4e785ea7c98d4305a8f8d4a52af044ffbd,c2-mismatch_20260826_181638_227156_4f4ff330,4f4ff3304f262cb45b129b36796bb1faf7ceb8ecd717c2fd358f23f3a31673e0,none,none,none,none,evidence,revision_B_base,revision_B_base,5,200000.0,xlarge,45.0,80.0,5.0,0.5,1.0
1,48,dynamic_3step,0.5,0.8,10000.0,0.2750295302843499,7234.404698590214,0.353530363628511,12.232387264082986,0.9182498086096225,13882,8524,8525,8709,8710,200016.7465111143,422.6868262011558,4024,"[[520601.26125446317,5662962.26140178],[520576.994053098,5662904.989472677],[520606.5952474223,5662836.198260312],[520598.62839204696,5662873.333030157],[520666.2597041656,5662866.748449267]]",4aae7d3fd5610a876fe9bbaab463a83d8aeb4baf283a46ff967cce3f9e26de26,a49cbfe267a7c63142bcc29f344cecf4e4c25312512a602357b9331ea8649e3e,none,stationary,matched_prior_exact,1,0,"{""p_d"":0.8,""stage"":""c2-mismatch"",""tau"":10000.0,""w"":0.5}",23493243a5f6b095ea52693b5d393f86e1e58febdf4a3d27a620d765fec49176,0.25,True,0b80cbffc1774ff9bbfb3457bcff73fbfef6f7aee6026f77e51382d7fd425ccc,341588,72519,Q_alpha,planner=P; endpoint=Q_alpha,0.5,0.8,10000.0,"{""alpha"":0.25,""p_d"":0.8,""stage"":""c2-mismatch"",""tau"":10000.0,""w"":0.5}",alpha_0.25,revision_C_base@7b52d9149fd5,7b52d9149fd569229bcf4dbdfab434edfabc2e03,7821c330697bd81d6d7c78669e14fc4e785ea7c98d4305a8f8d4a52af044ffbd,c2-mismatch_20260826_181638_227156_4f4ff330,4f4ff3304f262cb45b129b36796bb1faf7ceb8ecd717c2fd358f23f3a31673e0,none,none,none,none,evidence,revision_B_base,revision_B_base,5,200000.0,xlarge,45.0,80.0,5.0,0.5,1.0
1,48,online_static_3step,0.5,0.8,10000.0,0.17007933817808946,7734.085003569431,0.3090139757042794,16.098961231682434,0.9378841910599784,10782,8709,8710,8709,8710,200002.88834325608,429.13963434426114,4320,"[[520601.26125446317,5662962.26140178],[520576.994053098,5662904.989472677],[520606.5952474223,5662836.198260312],[520598.62839204696,5662873.333030157],[520666.2597041656,5662866.748449267]]",4aae7d3fd5610a876fe9bbaab463a83d8aeb4baf283a46ff967cce3f9e26de26,a583f88973a6a9c49da4c4f06f4cf1b042b5937f67b1cfaae6e25633d7e10c9c,none,stationary,matched_prior_exact,1,0,"{""p_d"":0.8,""stage"":""c2-mismatch"",""tau"":10000.0,""w"":0.5}",23493243a5f6b095ea52693b5d393f86e1e58febdf4a3d27a620d765fec49176,0.5,True,087522b99af5dfc34a15ffa69022d1abd9bedb588c51dc51df44d81c45e91c1a,341588,72519,Q_alpha,planner=P; endpoint=Q_alpha,0.5,0.8,10000.0,"{""alpha"":0.5,""p_d"":0.8,""stage"":""c2-mismatch"",""tau"":10000.0,""w"":0.5}",alpha_0.5,revision_C_base@7b52d9149fd5,7b52d9149fd569229bcf4dbdfab434edfabc2e03,7821c330697bd81d6d7c78669e14fc4e785ea7c98d4305a8f8d4a52af044ffbd,c2-mismatch_20260826_181638_227156_4f4ff330,4f4ff3304f262cb45b129b36796bb1faf7ceb8ecd717c2fd358f23f3a31673e0,none,none,none,none,evidence,revision_B_base,revision_B_base,5,200000.0,xlarge,45.0,80.0,5.0,0.5,1.0
1,48,dynamic_3step,0.5,0.8,10000.0,0.19688306157887042,7667.676776087215,0.353530363628511,12.232387264082986,0.9182498086096225,13882,8524,8525,8709,8710,200016.7465111143,422.6868262011558,4024,"[[520601.26125446317,5662962.26140178],[520576.994053098,5662904.989472677],[520606.5952474223,5662836.198260312],[520598.62839204696,5662873.333030157],[520666.2597041656,5662866.748449267]]",4aae7d3fd5610a876fe9bbaab463a83d8aeb4baf283a46ff967cce3f9e26de26,a49cbfe267a7c63142bcc29f344cecf4e4c25312512a602357b9331ea8649e3e,none,stationary,matched_prior_exact,1,0,"{""p_d"":0.8,""stage"":""c2-mismatch"",""tau"":10000.0,""w"":0.5}",23493243a5f6b095ea52693b5d393f86e1e58febdf4a3d27a620d765fec49176,0.5,True,087522b99af5dfc34a15ffa69022d1abd9bedb588c51dc51df44d81c45e91c1a,341588,72519,Q_alpha,planner=P; endpoint=Q_alpha,0.5,0.8,10000.0,"{""alpha"":0.5,""p_d"":0.8,""stage"":""c2-mismatch"",""tau"":10000.0,""w"":0.5}",alpha_0.5,revision_C_base@7b52d9149fd5,7b52d9149fd569229bcf4dbdfab434edfabc2e03,7821c330697bd81d6d7c78669e14fc4e785ea7c98d4305a8f8d4a52af044ffbd,c2-mismatch_20260826_181638_227156_4f4ff330,4f4ff3304f262cb45b129b36796bb1faf7ceb8ecd717c2fd358f23f3a31673e0,none,none,none,none,evidence,revision_B_base,revision_B_base,5,200000.0,xlarge,45.0,80.0,5.0,0.5,1.0
1,48,online_static_3step,0.5,0.8,10000.0,0.10080180275249202,8144.27062884926,0.3090139757042794,16.098961231682434,0.9378841910599784,10782,8709,8710,8709,8710,200002.88834325608,429.13963434426114,4320,"[[520601.26125446317,5662962.26140178],[520576.994053098,5662904.989472677],[520606.5952474223,5662836.198260312],[520598.62839204696,5662873.333030157],[520666.2597041656,5662866.748449267]]",4aae7d3fd5610a876fe9bbaab463a83d8aeb4baf283a46ff967cce3f9e26de26,a583f88973a6a9c49da4c4f06f4cf1b042b5937f67b1cfaae6e25633d7e10c9c,none,stationary,matched_prior_exact,1,0,"{""p_d"":0.8,""stage"":""c2-mismatch"",""tau"":10000.0,""w"":0.5}",23493243a5f6b095ea52693b5d393f86e1e58febdf4a3d27a620d765fec49176,0.75,True,1731c52b1cd175b96e3f3a32f8bb332e69004ddf90f9ba843987a66a0d48877c,341588,72519,Q_alpha,planner=P; endpoint=Q_alpha,0.5,0.8,10000.0,"{""alpha"":0.75,""p_d"":0.8,""stage"":""c2-mismatch"",""tau"":10000.0,""w"":0.5}",alpha_0.75,revision_C_base@7b52d9149fd5,7b52d9149fd569229bcf4dbdfab434edfabc2e03,7821c330697bd81d6d7c78669e14fc4e785ea7c98d4305a8f8d4a52af044ffbd,c2-mismatch_20260826_181638_227156_4f4ff330,4f4ff3304f262cb45b129b36796bb1faf7ceb8ecd717c2fd358f23f3a31673e0,none,none,none,none,evidence,revision_B_base,revision_B_base,5,200000.0,xlarge,45.0,80.0,5.0,0.5,1.0
1,48,dynamic_3step,0.5,0.8,10000.0,0.11873659287339089,8100.948853567103,0.353530363628511,12.232387264082986,0.9182498086096225,13882,8524,8525,8709,8710,200016.7465111143,422.6868262011558,4024,"[[520601.26125446317,5662962.26140178],[520576.994053098,5662904.989472677],[520606.5952474223,5662836.198260312],[520598.62839204696,5662873.333030157],[520666.2597041656,5662866.748449267]]",4aae7d3fd5610a876fe9bbaab463a83d8aeb4baf283a46ff967cce3f9e26de26,a49cbfe267a7c63142bcc29f344cecf4e4c25312512a602357b9331ea8649e3e,none,stationary,matched_prior_exact,1,0,"{""p_d"":0.8,""stage"":""c2-mismatch"",""tau"":10000.0,""w"":0.5}",23493243a5f6b095ea52693b5d393f86e1e58febdf4a3d27a620d765fec49176,0.75,True,1731c52b1cd175b96e3f3a32f8bb332e69004ddf90f9ba843987a66a0d48877c,341588,72519,Q_alpha,planner=P; endpoint=Q_alpha,0.5,0.8,10000.0,"{""alpha"":0.75,""p_d"":0.8,""stage"":""c2-mismatch"",""tau"":10000.0,""w"":0.5}",alpha_0.75,revision_C_base@7b52d9149fd5,7b52d9149fd569229bcf4dbdfab434edfabc2e03,7821c330697bd81d6d7c78669e14fc4e785ea7c98d4305a8f8d4a52af044ffbd,c2-mismatch_20260826_181638_227156_4f4ff330,4f4ff3304f262cb45b129b36796bb1faf7ceb8ecd717c2fd358f23f3a31673e0,none,none,none,none,evidence,revision_B_base,revision_B_base,5,200000.0,xlarge,45.0,80.0,5.0,0.5,1.0
1,47,online_static_3step,0.5,0.8,10000.0,0.23512107309662075,7532.933011982638,0.2354270145517172,26.513666072489602,0.9622836013222029,6732,8942,8943,8942,8943,200016.91726904368,392.83365798019804,4051,"[[520655.5473522094,5662825.507658554],[520628.5784474643,5662919.196559933],[520715.42801326327,5662900.496038994],[520688.45327700884,5663000.348420152],[520617.8247240626,5662908.713604079]]",2fe61a766d51c57514713696731290ae92df7697333ae2dbc77e0f14e0d3ee88,945e7e9fd67b41086dc68f14f07e8ef7a191677eea00a4ae9cf1208072bb30d5,none,stationary,matched_prior_exact,1,0,"{""p_d"":0.8,""stage"":""c2-mismatch"",""tau"":10000.0,""w"":0.5}",23493243a5f6b095ea52693b5d393f86e1e58febdf4a3d27a620d765fec49176,0.0,True,b9f46b97be95503c0417e3654e5e55ab32c1a95b6dad973b1c855dda71bea006,341588,72519,Q_alpha,planner=P; endpoint=Q_alpha,0.5,0.8,10000.0,"{""alpha"":0.0,""p_d"":0.8,""stage"":""c2-mismatch"",""tau"":10000.0,""w"":0.5}",alpha_0,revision_C_base@7b52d9149fd5,7b52d9149fd569229bcf4dbdfab434edfabc2e03,7821c330697bd81d6d7c78669e14fc4e785ea7c98d4305a8f8d4a52af044ffbd,c2-mismatch_20260826_181638_227156_4f4ff330,4f4ff3304f262cb45b129b36796bb1faf7ceb8ecd717c2fd358f23f3a31673e0,none,none,none,none,evidence,revision_B_base,revision_B_base,5,200000.0,xlarge,45.0,80.0,5.0,0.5,1.0
1,47,dynamic_3step,0.5,0.8,10000.0,0.3509255692111265,6995.113061721399,0.35125570884751,12.976128538638102,0.9229354119741978,13070,8512,8513,8942,8943,200017.13150016422,425.64264281466603,3984,"[[520655.5473522094,5662825.507658554],[520628.5784474643,5662919.196559933],[520715.42801326327,5662900.496038994],[520688.45327700884,5663000.348420152],[520617.8247240626,5662908.713604079]]",2fe61a766d51c57514713696731290ae92df7697333ae2dbc77e0f14e0d3ee88,d420e0cee27147ab60bf9cb53e566d93c9f557daac21255066aadca458fa9f09,none,stationary,matched_prior_exact,1,0,"{""p_d"":0.8,""stage"":""c2-mismatch"",""tau"":10000.0,""w"":0.5}",23493243a5f6b095ea52693b5d393f86e1e58febdf4a3d27a620d765fec49176,0.0,True,b9f46b97be95503c0417e3654e5e55ab32c1a95b6dad973b1c855dda71bea006,341588,72519,Q_alpha,planner=P; endpoint=Q_alpha,0.5,0.8,10000.0,"{""alpha"":0.0,""p_d"":0.8,""stage"":""c2-mismatch"",""tau"":10000.0,""w"":0.5}",alpha_0,revision_C_base@7b52d9149fd5,7b52d9149fd569229bcf4dbdfab434edfabc2e03,7821c330697bd81d6d7c78669e14fc4e785ea7c98d4305a8f8d4a52af044ffbd,c2-mismatch_20260826_181638_227156_4f4ff330,4f4ff3304f262cb45b129b36796bb1faf7ceb8ecd717c2fd358f23f3a31673e0,none,none,none,none,evidence,revision_B_base,revision_B_base,5,200000.0,xlarge,45.0,80.0,5.0,0.5,1.0
1,47,online_static_3step,0.5,0.8,10000.0,0.18126120500356283,7859.005631494674,0.2354270145517172,26.513666072489602,0.9622836013222029,6732,8942,8943,8942,8943,200016.91726904368,392.83365798019804,4051,"[[520655.5473522094,5662825.507658554],[520628.5784474643,5662919.196559933],[520715.42801326327,5662900.496038994],[520688.45327700884,5663000.348420152],[520617.8247240626,5662908.713604079]]",2fe61a766d51c57514713696731290ae92df7697333ae2dbc77e0f14e0d3ee88,945e7e9fd67b41086dc68f14f07e8ef7a191677eea00a4ae9cf1208072bb30d5,none,stationary,matched_prior_exact,1,0,"{""p_d"":0.8,""stage"":""c2-mismatch"",""tau"":10000.0,""w"":0.5}",23493243a5f6b095ea52693b5d393f86e1e58febdf4a3d27a620d765fec49176,0.25,True,0b80cbffc1774ff9bbfb3457bcff73fbfef6f7aee6026f77e51382d7fd425ccc,341588,72519,Q_alpha,planner=P; endpoint=Q_alpha,0.5,0.8,10000.0,"{""alpha"":0.25,""p_d"":0.8,""stage"":""c2-mismatch"",""tau"":10000.0,""w"":0.5}",alpha_0.25,revision_C_base@7b52d9149fd5,7b52d9149fd569229bcf4dbdfab434edfabc2e03,7821c330697bd81d6d7c78669e14fc4e785ea7c98d4305a8f8d4a52af044ffbd,c2-mismatch_20260826_181638_227156_4f4ff330,4f4ff3304f262cb45b129b36796bb1faf7ceb8ecd717c2fd358f23f3a31673e0,none,none,none,none,evidence,revision_B_base,revision_B_base,5,200000.0,xlarge,45.0,80.0,5.0,0.5,1.0
1,47,dynamic_3step,0.5,0.8,10000.0,0.2727487853837892,7435.403900670485,0.35125570884751,12.976128538638102,0.9229354119741978,13070,8512,8513,8942,8943,200017.13150016422,425.64264281466603,3984,"[[520655.5473522094,5662825.507658554],[520628.5784474643,5662919.196559933],[520715.42801326327,5662900.496038994],[520688.45327700884,5663000.348420152],[520617.8247240626,5662908.713604079]]",2fe61a766d51c57514713696731290ae92df7697333ae2dbc77e0f14e0d3ee88,d420e0cee27147ab60bf9cb53e566d93c9f557daac21255066aadca458fa9f09,none,stationary,matched_prior_exact,1,0,"{""p_d"":0.8,""stage"":""c2-mismatch"",""tau"":10000.0,""w"":0.5}",23493243a5f6b095ea52693b5d393f86e1e58febdf4a3d27a620d765fec49176,0.25,True,0b80cbffc1774ff9bbfb3457bcff73fbfef6f7aee6026f77e51382d7fd425ccc,341588,72519,Q_alpha,planner=P; endpoint=Q_alpha,0.5,0.8,10000.0,"{""alpha"":0.25,""p_d"":0.8,""stage"":""c2-mismatch"",""tau"":10000.0,""w"":0.5}",alpha_0.25,revision_C_base@7b52d9149fd5,7b52d9149fd569229bcf4dbdfab434edfabc2e03,7821c330697bd81d6d7c78669e14fc4e785ea7c98d4305a8f8d4a52af044ffbd,c2-mismatch_20260826_181638_227156_4f4ff330,4f4ff3304f262cb45b129b36796bb1faf7ceb8ecd717c2fd358f23f3a31673e0,none,none,none,none,evidence,revision_B_base,revision_B_base,5,200000.0,xlarge,45.0,80.0,5.0,0.5,1.0
1,47,online_static_3step,0.5,0.8,10000.0,0.12740133691050493,8185.078251008654,0.2354270145517172,26.513666072489602,0.9622836013222029,6732,8942,8943,8942,8943,200016.91726904368,392.83365798019804,4051,"[[520655.5473522094,5662825.507658554],[520628.5784474643,5662919.196559933],[520715.42801326327,5662900.496038994],[520688.45327700884,5663000.348420152],[520617.8247240626,5662908.713604079]]",2fe61a766d51c57514713696731290ae92df7697333ae2dbc77e0f14e0d3ee88,945e7e9fd67b41086dc68f14f07e8ef7a191677eea00a4ae9cf1208072bb30d5,none,stationary,matched_prior_exact,1,0,"{""p_d"":0.8,""stage"":""c2-mismatch"",""tau"":10000.0,""w"":0.5}",23493243a5f6b095ea52693b5d393f86e1e58febdf4a3d27a620d765fec49176,0.5,True,087522b99af5dfc34a15ffa69022d1abd9bedb588c51dc51df44d81c45e91c1a,341588,72519,Q_alpha,planner=P; endpoint=Q_alpha,0.5,0.8,10000.0,"{""alpha"":0.5,""p_d"":0.8,""stage"":""c2-mismatch"",""tau"":10000.0,""w"":0.5}",alpha_0.5,revision_C_base@7b52d9149fd5,7b52d9149fd569229bcf4dbdfab434edfabc2e03,7821c330697bd81d6d7c78669e14fc4e785ea7c98d4305a8f8d4a52af044ffbd,c2-mismatch_20260826_181638_227156_4f4ff330,4f4ff3304f262cb45b129b36796bb1faf7ceb8ecd717c2fd358f23f3a31673e0,none,none,none,none,evidence,revision_B_base,revision_B_base,5,200000.0,xlarge,45.0,80.0,5.0,0.5,1.0
1,47,dynamic_3step,0.5,0.8,10000.0,0.1945720015564519,7875.694739621675,0.35125570884751,12.976128538638102,0.9229354119741978,13070,8512,8513,8942,8943,200017.13150016422,425.64264281466603,3984,"[[520655.5473522094,5662825.507658554],[520628.5784474643,5662919.196559933],[520715.42801326327,5662900.496038994],[520688.45327700884,5663000.348420152],[520617.8247240626,5662908.713604079]]",2fe61a766d51c57514713696731290ae92df7697333ae2dbc77e0f14e0d3ee88,d420e0cee27147ab60bf9cb53e566d93c9f557daac21255066aadca458fa9f09,none,stationary,matched_prior_exact,1,0,"{""p_d"":0.8,""stage"":""c2-mismatch"",""tau"":10000.0,""w"":0.5}",23493243a5f6b095ea52693b5d393f86e1e58febdf4a3d27a620d765fec49176,0.5,True,087522b99af5dfc34a15ffa69022d1abd9bedb588c51dc51df44d81c45e91c1a,341588,72519,Q_alpha,planner=P; endpoint=Q_alpha,0.5,0.8,10000.0,"{""alpha"":0.5,""p_d"":0.8,""stage"":""c2-mismatch"",""tau"":10000.0,""w"":0.5}",alpha_0.5,revision_C_base@7b52d9149fd5,7b52d9149fd569229bcf4dbdfab434edfabc2e03,7821c330697bd81d6d7c78669e14fc4e785ea7c98d4305a8f8d4a52af044ffbd,c2-mismatch_20260826_181638_227156_4f4ff330,4f4ff3304f262cb45b129b36796bb1faf7ceb8ecd717c2fd358f23f3a31673e0,none,none,none,none,evidence,revision_B_base,revision_B_base,5,200000.0,xlarge,45.0,80.0,5.0,0.5,1.0
1,47,online_static_3step,0.5,0.8,10000.0,0.07354146881744703,8511.150870524763,0.2354270145517172,26.513666072489602,0.9622836013222029,6732,8942,8943,8942,8943,200016.91726904368,392.83365798019804,4051,"[[520655.5473522094,5662825.507658554],[520628.5784474643,5662919.196559933],[520715.42801326327,5662900.496038994],[520688.45327700884,5663000.348420152],[520617.8247240626,5662908.713604079]]",2fe61a766d51c57514713696731290ae92df7697333ae2dbc77e0f14e0d3ee88,945e7e9fd67b41086dc68f14f07e8ef7a191677eea00a4ae9cf1208072bb30d5,none,stationary,matched_prior_exact,1,0,"{""p_d"":0.8,""stage"":""c2-mismatch"",""tau"":10000.0,""w"":0.5}",23493243a5f6b095ea52693b5d393f86e1e58febdf4a3d27a620d765fec49176,0.75,True,1731c52b1cd175b96e3f3a32f8bb332e69004ddf90f9ba843987a66a0d48877c,341588,72519,Q_alpha,planner=P; endpoint=Q_alpha,0.5,0.8,10000.0,"{""alpha"":0.75,""p_d"":0.8,""stage"":""c2-mismatch"",""tau"":10000.0,""w"":0.5}",alpha_0.75,revision_C_base@7b52d9149fd5,7b52d9149fd569229bcf4dbdfab434edfabc2e03,7821c330697bd81d6d7c78669e14fc4e785ea7c98d4305a8f8d4a52af044ffbd,c2-mismatch_20260826_181638_227156_4f4ff330,4f4ff3304f262cb45b129b36796bb1faf7ceb8ecd717c2fd358f23f3a31673e0,none,none,none,none,evidence,revision_B_base,revision_B_base,5,200000.0,xlarge,45.0,80.0,5.0,0.5,1.0
1,47,dynamic_3step,0.5,0.8,10000.0,0.1163952177291146,8315.985578575086,0.35125570884751,12.976128538638102,0.9229354119741978,13070,8512,8513,8942,8943,200017.13150016422,425.64264281466603,3984,"[[520655.5473522094,5662825.507658554],[520628.5784474643,5662919.196559933],[520715.42801326327,5662900.496038994],[520688.45327700884,5663000.348420152],[520617.8247240626,5662908.713604079]]",2fe61a766d51c57514713696731290ae92df7697333ae2dbc77e0f14e0d3ee88,d420e0cee27147ab60bf9cb53e566d93c9f557daac21255066aadca458fa9f09,none,stationary,matched_prior_exact,1,0,"{""p_d"":0.8,""stage"":""c2-mismatch"",""tau"":10000.0,""w"":0.5}",23493243a5f6b095ea52693b5d393f86e1e58febdf4a3d27a620d765fec49176,0.75,True,1731c52b1cd175b96e3f3a32f8bb332e69004ddf90f9ba843987a66a0d48877c,341588,72519,Q_alpha,planner=P; endpoint=Q_alpha,0.5,0.8,10000.0,"{""alpha"":0.75,""p_d"":0.8,""stage"":""c2-mismatch"",""tau"":10000.0,""w"":0.5}",alpha_0.75,revision_C_base@7b52d9149fd5,7b52d9149fd569229bcf4dbdfab434edfabc2e03,7821c330697bd81d6d7c78669e14fc4e785ea7c98d4305a8f8d4a52af044ffbd,c2-mismatch_20260826_181638_227156_4f4ff330,4f4ff3304f262cb45b129b36796bb1faf7ceb8ecd717c2fd358f23f3a31673e0,none,none,none,none,evidence,revision_B_base,revision_B_base,5,200000.0,xlarge,45.0,80.0,5.0,0.5,1.0
1,50,online_static_3step,0.5,0.8,10000.0,0.26637741129962206,7011.539375879726,0.2666641613865976,20.74228675136116,0.9517893079009537,8265,8592,8593,8592,8593,200021.92650824538,409.10184011468664,4166,"[[520681.28884999023,5662823.413556474],[520565.7892566675,5662882.956006011],[520666.6634226377,5662992.363089708],[520728.41903202015,5662941.820064784],[520617.85019205464,5662941.898483964]]",0bcd08d9c5dd844ced37907c5e74335e22a8594076973ffb45d7b8eedb9ffc21,96b07802bb5dce5d01e5a7ee651a16d4b74df71e58cfbd3da20a5785c45e0bb2,none,stationary,matched_prior_exact,1,0,"{""p_d"":0.8,""stage"":""c2-mismatch"",""tau"":10000.0,""w"":0.5}",23493243a5f6b095ea52693b5d393f86e1e58febdf4a3d27a620d765fec49176,0.0,True,b9f46b97be95503c0417e3654e5e55ab32c1a95b6dad973b1c855dda71bea006,341588,72519,Q_alpha,planner=P; endpoint=Q_alpha,0.5,0.8,10000.0,"{""alpha"":0.0,""p_d"":0.8,""stage"":""c2-mismatch"",""tau"":10000.0,""w"":0.5}",alpha_0,revision_C_base@7b52d9149fd5,7b52d9149fd569229bcf4dbdfab434edfabc2e03,7821c330697bd81d6d7c78669e14fc4e785ea7c98d4305a8f8d4a52af044ffbd,c2-mismatch_20260826_181638_227156_4f4ff330,4f4ff3304f262cb45b129b36796bb1faf7ceb8ecd717c2fd358f23f3a31673e0,none,none,none,none,evidence,revision_B_base,revision_B_base,5,200000.0,xlarge,45.0,80.0,5.0,0.5,1.0
1,50,dynamic_3step,0.5,0.8,10000.0,0.34484019690761136,6759.250457517218,0.3450994466040363,13.794802867383513,0.9275089314712569,12276,8505,8506,8592,8593,200018.1961092048,441.43138685822487,4149,"[[520681.28884999023,5662823.413556474],[520565.7892566675,5662882.956006011],[520666.6634226377,5662992.363089708],[520728.41903202015,5662941.820064784],[520617.85019205464,5662941.898483964]]",0bcd08d9c5dd844ced37907c5e74335e22a8594076973ffb45d7b8eedb9ffc21,ea8f22f46cad0d0e780da0ae680824271ef53bb5968da8793923332bd3927f4a,none,stationary,matched_prior_exact,1,0,"{""p_d"":0.8,""stage"":""c2-mismatch"",""tau"":10000.0,""w"":0.5}",23493243a5f6b095ea52693b5d393f86e1e58febdf4a3d27a620d765fec49176,0.0,True,b9f46b97be95503c0417e3654e5e55ab32c1a95b6dad973b1c855dda71bea006,341588,72519,Q_alpha,planner=P; endpoint=Q_alpha,0.5,0.8,10000.0,"{""alpha"":0.0,""p_d"":0.8,""stage"":""c2-mismatch"",""tau"":10000.0,""w"":0.5}",alpha_0,revision_C_base@7b52d9149fd5,7b52d9149fd569229bcf4dbdfab434edfabc2e03,7821c330697bd81d6d7c78669e14fc4e785ea7c98d4305a8f8d4a52af044ffbd,c2-mismatch_20260826_181638_227156_4f4ff330,4f4ff3304f262cb45b129b36796bb1faf7ceb8ecd717c2fd358f23f3a31673e0,none,none,none,none,evidence,revision_B_base,revision_B_base,5,200000.0,xlarge,45.0,80.0,5.0,0.5,1.0
1,50,online_static_3step,0.5,0.8,10000.0,0.2058255399845072,7374.733273748792,0.2666641613865976,20.74228675136116,0.9517893079009537,8265,8592,8593,8592,8593,200021.92650824538,409.10184011468664,4166,"[[520681.28884999023,5662823.413556474],[520565.7892566675,5662882.956006011],[520666.6634226377,5662992.363089708],[520728.41903202015,5662941.820064784],[520617.85019205464,5662941.898483964]]",0bcd08d9c5dd844ced37907c5e74335e22a8594076973ffb45d7b8eedb9ffc21,96b07802bb5dce5d01e5a7ee651a16d4b74df71e58cfbd3da20a5785c45e0bb2,none,stationary,matched_prior_exact,1,0,"{""p_d"":0.8,""stage"":""c2-mismatch"",""tau"":10000.0,""w"":0.5}",23493243a5f6b095ea52693b5d393f86e1e58febdf4a3d27a620d765fec49176,0.25,True,0b80cbffc1774ff9bbfb3457bcff73fbfef6f7aee6026f77e51382d7fd425ccc,341588,72519,Q_alpha,planner=P; endpoint=Q_alpha,0.5,0.8,10000.0,"{""alpha"":0.25,""p_d"":0.8,""stage"":""c2-mismatch"",""tau"":10000.0,""w"":0.5}",alpha_0.25,revision_C_base@7b52d9149fd5,7b52d9149fd569229bcf4dbdfab434edfabc2e03,7821c330697bd81d6d7c78669e14fc4e785ea7c98d4305a8f8d4a52af044ffbd,c2-mismatch_20260826_181638_227156_4f4ff330,4f4ff3304f262cb45b129b36796bb1faf7ceb8ecd717c2fd358f23f3a31673e0,none,none,none,none,evidence,revision_B_base,revision_B_base,5,200000.0,xlarge,45.0,80.0,5.0,0.5,1.0
1,50,dynamic_3step,0.5,0.8,10000.0,0.2676056617065967,7177.656620988886,0.3450994466040363,13.794802867383513,0.9275089314712569,12276,8505,8506,8592,8593,200018.1961092048,441.43138685822487,4149,"[[520681.28884999023,5662823.413556474],[520565.7892566675,5662882.956006011],[520666.6634226377,5662992.363089708],[520728.41903202015,5662941.820064784],[520617.85019205464,5662941.898483964]]",0bcd08d9c5dd844ced37907c5e74335e22a8594076973ffb45d7b8eedb9ffc21,ea8f22f46cad0d0e780da0ae680824271ef53bb5968da8793923332bd3927f4a,none,stationary,matched_prior_exact,1,0,"{""p_d"":0.8,""stage"":""c2-mismatch"",""tau"":10000.0,""w"":0.5}",23493243a5f6b095ea52693b5d393f86e1e58febdf4a3d27a620d765fec49176,0.25,True,0b80cbffc1774ff9bbfb3457bcff73fbfef6f7aee6026f77e51382d7fd425ccc,341588,72519,Q_alpha,planner=P; endpoint=Q_alpha,0.5,0.8,10000.0,"{""alpha"":0.25,""p_d"":0.8,""stage"":""c2-mismatch"",""tau"":10000.0,""w"":0.5}",alpha_0.25,revision_C_base@7b52d9149fd5,7b52d9149fd569229bcf4dbdfab434edfabc2e03,7821c330697bd81d6d7c78669e14fc4e785ea7c98d4305a8f8d4a52af044ffbd,c2-mismatch_20260826_181638_227156_4f4ff330,4f4ff3304f262cb45b129b36796bb1faf7ceb8ecd717c2fd358f23f3a31673e0,none,none,none,none,evidence,revision_B_base,revision_B_base,5,200000.0,xlarge,45.0,80.0,5.0,0.5,1.0
1,50,online_static_3step,0.5,0.8,10000.0,0.1452736686693924,7737.927171636848,0.2666641613865976,20.74228675136116,0.9517893079009537,8265,8592,8593,8592,8593,200021.92650824538,409.10184011468664,4166,"[[520681.28884999023,5662823.413556474],[520565.7892566675,5662882.956006011],[520666.6634226377,5662992.363089708],[520728.41903202015,5662941.820064784],[520617.85019205464,5662941.898483964]]",0bcd08d9c5dd844ced37907c5e74335e22a8594076973ffb45d7b8eedb9ffc21,96b07802bb5dce5d01e5a7ee651a16d4b74df71e58cfbd3da20a5785c45e0bb2,none,stationary,matched_prior_exact,1,0,"{""p_d"":0.8,""stage"":""c2-mismatch"",""tau"":10000.0,""w"":0.5}",23493243a5f6b095ea52693b5d393f86e1e58febdf4a3d27a620d765fec49176,0.5,True,087522b99af5dfc34a15ffa69022d1abd9bedb588c51dc51df44d81c45e91c1a,341588,72519,Q_alpha,planner=P; endpoint=Q_alpha,0.5,0.8,10000.0,"{""alpha"":0.5,""p_d"":0.8,""stage"":""c2-mismatch"",""tau"":10000.0,""w"":0.5}",alpha_0.5,revision_C_base@7b52d9149fd5,7b52d9149fd569229bcf4dbdfab434edfabc2e03,7821c330697bd81d6d7c78669e14fc4e785ea7c98d4305a8f8d4a52af044ffbd,c2-mismatch_20260826_181638_227156_4f4ff330,4f4ff3304f262cb45b129b36796bb1faf7ceb8ecd717c2fd358f23f3a31673e0,none,none,none,none,evidence,revision_B_base,revision_B_base,5,200000.0,xlarge,45.0,80.0,5.0,0.5,1.0
1,50,dynamic_3step,0.5,0.8,10000.0,0.1903711265055822,7596.062784478648,0.3450994466040363,13.794802867383513,0.9275089314712569,12276,8505,8506,8592,8593,200018.1961092048,441.43138685822487,4149,"[[520681.28884999023,5662823.413556474],[520565.7892566675,5662882.956006011],[520666.6634226377,5662992.363089708],[520728.41903202015,5662941.820064784],[520617.85019205464,5662941.898483964]]",0bcd08d9c5dd844ced37907c5e74335e22a8594076973ffb45d7b8eedb9ffc21,ea8f22f46cad0d0e780da0ae680824271ef53bb5968da8793923332bd3927f4a,none,stationary,matched_prior_exact,1,0,"{""p_d"":0.8,""stage"":""c2-mismatch"",""tau"":10000.0,""w"":0.5}",23493243a5f6b095ea52693b5d393f86e1e58febdf4a3d27a620d765fec49176,0.5,True,087522b99af5dfc34a15ffa69022d1abd9bedb588c51dc51df44d81c45e91c1a,341588,72519,Q_alpha,planner=P; endpoint=Q_alpha,0.5,0.8,10000.0,"{""alpha"":0.5,""p_d"":0.8,""stage"":""c2-mismatch"",""tau"":10000.0,""w"":0.5}",alpha_0.5,revision_C_base@7b52d9149fd5,7b52d9149fd569229bcf4dbdfab434edfabc2e03,7821c330697bd81d6d7c78669e14fc4e785ea7c98d4305a8f8d4a52af044ffbd,c2-mismatch_20260826_181638_227156_4f4ff330,4f4ff3304f262cb45b129b36796bb1faf7ceb8ecd717c2fd358f23f3a31673e0,none,none,none,none,evidence,revision_B_base,revision_B_base,5,200000.0,xlarge,45.0,80.0,5.0,0.5,1.0
1,50,online_static_3step,0.5,0.8,10000.0,0.08472179735427753,8101.121069505763,0.2666641613865976,20.74228675136116,0.9517893079009537,8265,8592,8593,8592,8593,200021.92650824538,409.10184011468664,4166,"[[520681.28884999023,5662823.413556474],[520565.7892566675,5662882.956006011],[520666.6634226377,5662992.363089708],[520728.41903202015,5662941.820064784],[520617.85019205464,5662941.898483964]]",0bcd08d9c5dd844ced37907c5e74335e22a8594076973ffb45d7b8eedb9ffc21,96b07802bb5dce5d01e5a7ee651a16d4b74df71e58cfbd3da20a5785c45e0bb2,none,stationary,matched_prior_exact,1,0,"{""p_d"":0.8,""stage"":""c2-mismatch"",""tau"":10000.0,""w"":0.5}",23493243a5f6b095ea52693b5d393f86e1e58febdf4a3d27a620d765fec49176,0.75,True,1731c52b1cd175b96e3f3a32f8bb332e69004ddf90f9ba843987a66a0d48877c,341588,72519,Q_alpha,planner=P; endpoint=Q_alpha,0.5,0.8,10000.0,"{""alpha"":0.75,""p_d"":0.8,""stage"":""c2-mismatch"",""tau"":10000.0,""w"":0.5}",alpha_0.75,revision_C_base@7b52d9149fd5,7b52d9149fd569229bcf4dbdfab434edfabc2e03,7821c330697bd81d6d7c78669e14fc4e785ea7c98d4305a8f8d4a52af044ffbd,c2-mismatch_20260826_181638_227156_4f4ff330,4f4ff3304f262cb45b129b36796bb1faf7ceb8ecd717c2fd358f23f3a31673e0,none,none,none,none,evidence,revision_B_base,revision_B_base,5,200000.0,xlarge,45.0,80.0,5.0,0.5,1.0
1,50,dynamic_3step,0.5,0.8,10000.0,0.1131365913045676,8014.468947949832,0.3450994466040363,13.794802867383513,0.9275089314712569,12276,8505,8506,8592,8593,200018.1961092048,441.43138685822487,4149,"[[520681.28884999023,5662823.413556474],[520565.7892566675,5662882.956006011],[520666.6634226377,5662992.363089708],[520728.41903202015,5662941.820064784],[520617.85019205464,5662941.898483964]]",0bcd08d9c5dd844ced37907c5e74335e22a8594076973ffb45d7b8eedb9ffc21,ea8f22f46cad0d0e780da0ae680824271ef53bb5968da8793923332bd3927f4a,none,stationary,matched_prior_exact,1,0,"{""p_d"":0.8,""stage"":""c2-mismatch"",""tau"":10000.0,""w"":0.5}",23493243a5f6b095ea52693b5d393f86e1e58febdf4a3d27a620d765fec49176,0.75,True,1731c52b1cd175b96e3f3a32f8bb332e69004ddf90f9ba843987a66a0d48877c,341588,72519,Q_alpha,planner=P; endpoint=Q_alpha,0.5,0.8,10000.0,"{""alpha"":0.75,""p_d"":0.8,""stage"":""c2-mismatch"",""tau"":10000.0,""w"":0.5}",alpha_0.75,revision_C_base@7b52d9149fd5,7b52d9149fd569229bcf4dbdfab434edfabc2e03,7821c330697bd81d6d7c78669e14fc4e785ea7c98d4305a8f8d4a52af044ffbd,c2-mismatch_20260826_181638_227156_4f4ff330,4f4ff3304f262cb45b129b36796bb1faf7ceb8ecd717c2fd358f23f3a31673e0,none,none,none,none,evidence,revision_B_base,revision_B_base,5,200000.0,xlarge,45.0,80.0,5.0,0.5,1.0
1,44,online_static_3step,0.5,0.8,10000.0,0.23602856324517463,7209.027151718776,0.23623932739904632,25.704022561971204,0.9610955834796268,6737,8675,8676,8675,8676,200016.18080390524,413.2793191373348,4234,"[[520696.4868621241,5662947.577361604],[520578.32640263636,5662967.147165437],[520708.48603658227,5662991.097060128],[520690.22232444835,5662961.878196735],[520625.57199829567,5662841.645476752]]",2dab5376247a9528a31142c1fd9440d80012f57468cb93f8a65ac77b40067382,eaf2605b76980bd0aab2c64a463bf2d95aac80b8cb061aa192e21e56af7f46e7,none,stationary,matched_prior_exact,1,0,"{""p_d"":0.8,""stage"":""c2-mismatch"",""tau"":10000.0,""w"":0.5}",23493243a5f6b095ea52693b5d393f86e1e58febdf4a3d27a620d765fec49176,0.0,True,b9f46b97be95503c0417e3654e5e55ab32c1a95b6dad973b1c855dda71bea006,341588,72519,Q_alpha,planner=P; endpoint=Q_alpha,0.5,0.8,10000.0,"{""alpha"":0.0,""p_d"":0.8,""stage"":""c2-mismatch"",""tau"":10000.0,""w"":0.5}",alpha_0,revision_C_base@7b52d9149fd5,7b52d9149fd569229bcf4dbdfab434edfabc2e03,7821c330697bd81d6d7c78669e14fc4e785ea7c98d4305a8f8d4a52af044ffbd,c2-mismatch_20260826_181638_227156_4f4ff330,4f4ff3304f262cb45b129b36796bb1faf7ceb8ecd717c2fd358f23f3a31673e0,none,none,none,none,evidence,revision_B_base,revision_B_base,5,200000.0,xlarge,45.0,80.0,5.0,0.5,1.0
1,44,dynamic_3step,0.5,0.8,10000.0,0.35436695188503564,6966.150879575487,0.354700030125486,12.625307766917855,0.9207940100580911,13403,8502,8503,8675,8676,200008.03964414523,429.0732842669822,4035,"[[520696.4868621241,5662947.577361604],[520578.32640263636,5662967.147165437],[520708.48603658227,5662991.097060128],[520690.22232444835,5662961.878196735],[520625.57199829567,5662841.645476752]]",2dab5376247a9528a31142c1fd9440d80012f57468cb93f8a65ac77b40067382,b06f496e1139be53ba238524d9c743a507805e81a1caeb39959f91a2400bcabb,none,stationary,matched_prior_exact,1,0,"{""p_d"":0.8,""stage"":""c2-mismatch"",""tau"":10000.0,""w"":0.5}",23493243a5f6b095ea52693b5d393f86e1e58febdf4a3d27a620d765fec49176,0.0,True,b9f46b97be95503c0417e3654e5e55ab32c1a95b6dad973b1c855dda71bea006,341588,72519,Q_alpha,planner=P; endpoint=Q_alpha,0.5,0.8,10000.0,"{""alpha"":0.0,""p_d"":0.8,""stage"":""c2-mismatch"",""tau"":10000.0,""w"":0.5}",alpha_0,revision_C_base@7b52d9149fd5,7b52d9149fd569229bcf4dbdfab434edfabc2e03,7821c330697bd81d6d7c78669e14fc4e785ea7c98d4305a8f8d4a52af044ffbd,c2-mismatch_20260826_181638_227156_4f4ff330,4f4ff3304f262cb45b129b36796bb1faf7ceb8ecd717c2fd358f23f3a31673e0,none,none,none,none,evidence,revision_B_base,revision_B_base,5,200000.0,xlarge,45.0,80.0,5.0,0.5,1.0
1,44,online_static_3step,0.5,0.8,10000.0,0.18194755340270774,7547.992511946595,0.23623932739904632,25.704022561971204,0.9610955834796268,6737,8675,8676,8675,8676,200016.18080390524,413.2793191373348,4234,"[[520696.4868621241,5662947.577361604],[520578.32640263636,5662967.147165437],[520708.48603658227,5662991.097060128],[520690.22232444835,5662961.878196735],[520625.57199829567,5662841.645476752]]",2dab5376247a9528a31142c1fd9440d80012f57468cb93f8a65ac77b40067382,eaf2605b76980bd0aab2c64a463bf2d95aac80b8cb061aa192e21e56af7f46e7,none,stationary,matched_prior_exact,1,0,"{""p_d"":0.8,""stage"":""c2-mismatch"",""tau"":10000.0,""w"":0.5}",23493243a5f6b095ea52693b5d393f86e1e58febdf4a3d27a620d765fec49176,0.25,True,0b80cbffc1774ff9bbfb3457bcff73fbfef6f7aee6026f77e51382d7fd425ccc,341588,72519,Q_alpha,planner=P; endpoint=Q_alpha,0.5,0.8,10000.0,"{""alpha"":0.25,""p_d"":0.8,""stage"":""c2-mismatch"",""tau"":10000.0,""w"":0.5}",alpha_0.25,revision_C_base@7b52d9149fd5,7b52d9149fd569229bcf4dbdfab434edfabc2e03,7821c330697bd81d6d7c78669e14fc4e785ea7c98d4305a8f8d4a52af044ffbd,c2-mismatch_20260826_181638_227156_4f4ff330,4f4ff3304f262cb45b129b36796bb1faf7ceb8ecd717c2fd358f23f3a31673e0,none,none,none,none,evidence,revision_B_base,revision_B_base,5,200000.0,xlarge,45.0,80.0,5.0,0.5,1.0
1,44,dynamic_3step,0.5,0.8,10000.0,0.27557411304309615,7353.347510464094,0.354700030125486,12.625307766917855,0.9207940100580911,13403,8502,8503,8675,8676,200008.03964414523,429.0732842669822,4035,"[[520696.4868621241,5662947.577361604],[520578.32640263636,5662967.147165437],[520708.48603658227,5662991.097060128],[520690.22232444835,5662961.878196735],[520625.57199829567,5662841.645476752]]",2dab5376247a9528a31142c1fd9440d80012f57468cb93f8a65ac77b40067382,b06f496e1139be53ba238524d9c743a507805e81a1caeb39959f91a2400bcabb,none,stationary,matched_prior_exact,1,0,"{""p_d"":0.8,""stage"":""c2-mismatch"",""tau"":10000.0,""w"":0.5}",23493243a5f6b095ea52693b5d393f86e1e58febdf4a3d27a620d765fec49176,0.25,True,0b80cbffc1774ff9bbfb3457bcff73fbfef6f7aee6026f77e51382d7fd425ccc,341588,72519,Q_alpha,planner=P; endpoint=Q_alpha,0.5,0.8,10000.0,"{""alpha"":0.25,""p_d"":0.8,""stage"":""c2-mismatch"",""tau"":10000.0,""w"":0.5}",alpha_0.25,revision_C_base@7b52d9149fd5,7b52d9149fd569229bcf4dbdfab434edfabc2e03,7821c330697bd81d6d7c78669e14fc4e785ea7c98d4305a8f8d4a52af044ffbd,c2-mismatch_20260826_181638_227156_4f4ff330,4f4ff3304f262cb45b129b36796bb1faf7ceb8ecd717c2fd358f23f3a31673e0,none,none,none,none,evidence,revision_B_base,revision_B_base,5,200000.0,xlarge,45.0,80.0,5.0,0.5,1.0
1,44,online_static_3step,0.5,0.8,10000.0,0.12786654356024083,7886.95787217239,0.23623932739904632,25.704022561971204,0.9610955834796268,6737,8675,8676,8675,8676,200016.18080390524,413.2793191373348,4234,"[[520696.4868621241,5662947.577361604],[520578.32640263636,5662967.147165437],[520708.48603658227,5662991.097060128],[520690.22232444835,5662961.878196735],[520625.57199829567,5662841.645476752]]",2dab5376247a9528a31142c1fd9440d80012f57468cb93f8a65ac77b40067382,eaf2605b76980bd0aab2c64a463bf2d95aac80b8cb061aa192e21e56af7f46e7,none,stationary,matched_prior_exact,1,0,"{""p_d"":0.8,""stage"":""c2-mismatch"",""tau"":10000.0,""w"":0.5}",23493243a5f6b095ea52693b5d393f86e1e58febdf4a3d27a620d765fec49176,0.5,True,087522b99af5dfc34a15ffa69022d1abd9bedb588c51dc51df44d81c45e91c1a,341588,72519,Q_alpha,planner=P; endpoint=Q_alpha,0.5,0.8,10000.0,"{""alpha"":0.5,""p_d"":0.8,""stage"":""c2-mismatch"",""tau"":10000.0,""w"":0.5}",alpha_0.5,revision_C_base@7b52d9149fd5,7b52d9149fd569229bcf4dbdfab434edfabc2e03,7821c330697bd81d6d7c78669e14fc4e785ea7c98d4305a8f8d4a52af044ffbd,c2-mismatch_20260826_181638_227156_4f4ff330,4f4ff3304f262cb45b129b36796bb1faf7ceb8ecd717c2fd358f23f3a31673e0,none,none,none,none,evidence,revision_B_base,revision_B_base,5,200000.0,xlarge,45.0,80.0,5.0,0.5,1.0
1,44,dynamic_3step,0.5,0.8,10000.0,0.19678127420115665,7740.54414135063,0.354700030125486,12.625307766917855,0.9207940100580911,13403,8502,8503,8675,8676,200008.03964414523,429.0732842669822,4035,"[[520696.4868621241,5662947.577361604],[520578.32640263636,5662967.147165437],[520708.48603658227,5662991.097060128],[520690.22232444835,5662961.878196735],[520625.57199829567,5662841.645476752]]",2dab5376247a9528a31142c1fd9440d80012f57468cb93f8a65ac77b40067382,b06f496e1139be53ba238524d9c743a507805e81a1caeb39959f91a2400bcabb,none,stationary,matched_prior_exact,1,0,"{""p_d"":0.8,""stage"":""c2-mismatch"",""tau"":10000.0,""w"":0.5}",23493243a5f6b095ea52693b5d393f86e1e58febdf4a3d27a620d765fec49176,0.5,True,087522b99af5dfc34a15ffa69022d1abd9bedb588c51dc51df44d81c45e91c1a,341588,72519,Q_alpha,planner=P; endpoint=Q_alpha,0.5,0.8,10000.0,"{""alpha"":0.5,""p_d"":0.8,""stage"":""c2-mismatch"",""tau"":10000.0,""w"":0.5}",alpha_0.5,revision_C_base@7b52d9149fd5,7b52d9149fd569229bcf4dbdfab434edfabc2e03,7821c330697bd81d6d7c78669e14fc4e785ea7c98d4305a8f8d4a52af044ffbd,c2-mismatch_20260826_181638_227156_4f4ff330,4f4ff3304f262cb45b129b36796bb1faf7ceb8ecd717c2fd358f23f3a31673e0,none,none,none,none,evidence,revision_B_base,revision_B_base,5,200000.0,xlarge,45.0,80.0,5.0,0.5,1.0
1,44,online_static_3step,0.5,0.8,10000.0,0.07378553371777395,8225.923232400743,0.23623932739904632,25.704022561971204,0.9610955834796268,6737,8675,8676,8675,8676,200016.18080390524,413.2793191373348,4234,"[[520696.4868621241,5662947.577361604],[520578.32640263636,5662967.147165437],[520708.48603658227,5662991.097060128],[520690.22232444835,5662961.878196735],[520625.57199829567,5662841.645476752]]",2dab5376247a9528a31142c1fd9440d80012f57468cb93f8a65ac77b40067382,eaf2605b76980bd0aab2c64a463bf2d95aac80b8cb061aa192e21e56af7f46e7,none,stationary,matched_prior_exact,1,0,"{""p_d"":0.8,""stage"":""c2-mismatch"",""tau"":10000.0,""w"":0.5}",23493243a5f6b095ea52693b5d393f86e1e58febdf4a3d27a620d765fec49176,0.75,True,1731c52b1cd175b96e3f3a32f8bb332e69004ddf90f9ba843987a66a0d48877c,341588,72519,Q_alpha,planner=P; endpoint=Q_alpha,0.5,0.8,10000.0,"{""alpha"":0.75,""p_d"":0.8,""stage"":""c2-mismatch"",""tau"":10000.0,""w"":0.5}",alpha_0.75,revision_C_base@7b52d9149fd5,7b52d9149fd569229bcf4dbdfab434edfabc2e03,7821c330697bd81d6d7c78669e14fc4e785ea7c98d4305a8f8d4a52af044ffbd,c2-mismatch_20260826_181638_227156_4f4ff330,4f4ff3304f262cb45b129b36796bb1faf7ceb8ecd717c2fd358f23f3a31673e0,none,none,none,none,evidence,revision_B_base,revision_B_base,5,200000.0,xlarge,45.0,80.0,5.0,0.5,1.0
1,44,dynamic_3step,0.5,0.8,10000.0,0.11798843535921712,8127.740772240071,0.354700030125486,12.625307766917855,0.9207940100580911,13403,8502,8503,8675,8676,200008.03964414523,429.0732842669822,4035,"[[520696.4868621241,5662947.577361604],[520578.32640263636,5662967.147165437],[520708.48603658227,5662991.097060128],[520690.22232444835,5662961.878196735],[520625.57199829567,5662841.645476752]]",2dab5376247a9528a31142c1fd9440d80012f57468cb93f8a65ac77b40067382,b06f496e1139be53ba238524d9c743a507805e81a1caeb39959f91a2400bcabb,none,stationary,matched_prior_exact,1,0,"{""p_d"":0.8,""stage"":""c2-mismatch"",""tau"":10000.0,""w"":0.5}",23493243a5f6b095ea52693b5d393f86e1e58febdf4a3d27a620d765fec49176,0.75,True,1731c52b1cd175b96e3f3a32f8bb332e69004ddf90f9ba843987a66a0d48877c,341588,72519,Q_alpha,planner=P; endpoint=Q_alpha,0.5,0.8,10000.0,"{""alpha"":0.75,""p_d"":0.8,""stage"":""c2-mismatch"",""tau"":10000.0,""w"":0.5}",alpha_0.75,revision_C_base@7b52d9149fd5,7b52d9149fd569229bcf4dbdfab434edfabc2e03,7821c330697bd81d6d7c78669e14fc4e785ea7c98d4305a8f8d4a52af044ffbd,c2-mismatch_20260826_181638_227156_4f4ff330,4f4ff3304f262cb45b129b36796bb1faf7ceb8ecd717c2fd358f23f3a31673e0,none,none,none,none,evidence,revision_B_base,revision_B_base,5,200000.0,xlarge,45.0,80.0,5.0,0.5,1.0
1,43,online_static_3step,0.5,0.8,10000.0,0.20305374149847052,7501.372629451665,0.20323209086309207,32.17416144489495,0.9689191588811814,5426,8799,8800,8799,8800,200014.28154473013,478.70528348488733,4919,"[[520647.9649749217,5662895.104022372],[520750.9011834474,5662923.705106928],[520619.5439127976,5662887.529284183],[520660.59539358615,5662860.8589034155],[520601.16985800257,5662944.568816733]]",523844ed78a0f583e442b643c9217c5abbf3c0623bfd68739147060cf00e4cb4,ebdca9896e5432497830b02d1bfd0028ec8410ed44a5ddac541df79da4af96c1,none,stationary,matched_prior_exact,1,0,"{""p_d"":0.8,""stage"":""c2-mismatch"",""tau"":10000.0,""w"":0.5}",23493243a5f6b095ea52693b5d393f86e1e58febdf4a3d27a620d765fec49176,0.0,True,b9f46b97be95503c0417e3654e5e55ab32c1a95b6dad973b1c855dda71bea006,341588,72519,Q_alpha,planner=P; endpoint=Q_alpha,0.5,0.8,10000.0,"{""alpha"":0.0,""p_d"":0.8,""stage"":""c2-mismatch"",""tau"":10000.0,""w"":0.5}",alpha_0,revision_C_base@7b52d9149fd5,7b52d9149fd569229bcf4dbdfab434edfabc2e03,7821c330697bd81d6d7c78669e14fc4e785ea7c98d4305a8f8d4a52af044ffbd,c2-mismatch_20260826_181638_227156_4f4ff330,4f4ff3304f262cb45b129b36796bb1faf7ceb8ecd717c2fd358f23f3a31673e0,none,none,none,none,evidence,revision_B_base,revision_B_base,5,200000.0,xlarge,45.0,80.0,5.0,0.5,1.0
1,43,dynamic_3step,0.5,0.8,10000.0,0.3467262244684453,6988.2640362770235,0.3470015659156097,13.238550066546622,0.9244630269196197,12773,8496,8497,8799,8800,200018.27584712033,398.8919639592059,3905,"[[520647.9649749217,5662895.104022372],[520750.9011834474,5662923.705106928],[520619.5439127976,5662887.529284183],[520660.59539358615,5662860.8589034155],[520601.16985800257,5662944.568816733]]",523844ed78a0f583e442b643c9217c5abbf3c0623bfd68739147060cf00e4cb4,eba6a650fd702336e382e498553e90f9d6001a916e890d40cf5b04ceb4b63efd,none,stationary,matched_prior_exact,1,0,"{""p_d"":0.8,""stage"":""c2-mismatch"",""tau"":10000.0,""w"":0.5}",23493243a5f6b095ea52693b5d393f86e1e58febdf4a3d27a620d765fec49176,0.0,True,b9f46b97be95503c0417e3654e5e55ab32c1a95b6dad973b1c855dda71bea006,341588,72519,Q_alpha,planner=P; endpoint=Q_alpha,0.5,0.8,10000.0,"{""alpha"":0.0,""p_d"":0.8,""stage"":""c2-mismatch"",""tau"":10000.0,""w"":0.5}",alpha_0,revision_C_base@7b52d9149fd5,7b52d9149fd569229bcf4dbdfab434edfabc2e03,7821c330697bd81d6d7c78669e14fc4e785ea7c98d4305a8f8d4a52af044ffbd,c2-mismatch_20260826_181638_227156_4f4ff330,4f4ff3304f262cb45b129b36796bb1faf7ceb8ecd717c2fd358f23f3a31673e0,none,none,none,none,evidence,revision_B_base,revision_B_base,5,200000.0,xlarge,45.0,80.0,5.0,0.5,1.0
1,43,online_static_3step,0.5,0.8,10000.0,0.15625775215728804,7802.710069578202,0.20323209086309207,32.17416144489495,0.9689191588811814,5426,8799,8800,8799,8800,200014.28154473013,478.70528348488733,4919,"[[520647.9649749217,5662895.104022372],[520750.9011834474,5662923.705106928],[520619.5439127976,5662887.529284183],[520660.59539358615,5662860.8589034155],[520601.16985800257,5662944.568816733]]",523844ed78a0f583e442b643c9217c5abbf3c0623bfd68739147060cf00e4cb4,ebdca9896e5432497830b02d1bfd0028ec8410ed44a5ddac541df79da4af96c1,none,stationary,matched_prior_exact,1,0,"{""p_d"":0.8,""stage"":""c2-mismatch"",""tau"":10000.0,""w"":0.5}",23493243a5f6b095ea52693b5d393f86e1e58febdf4a3d27a620d765fec49176,0.25,True,0b80cbffc1774ff9bbfb3457bcff73fbfef6f7aee6026f77e51382d7fd425ccc,341588,72519,Q_alpha,planner=P; endpoint=Q_alpha,0.5,0.8,10000.0,"{""alpha"":0.25,""p_d"":0.8,""stage"":""c2-mismatch"",""tau"":10000.0,""w"":0.5}",alpha_0.25,revision_C_base@7b52d9149fd5,7b52d9149fd569229bcf4dbdfab434edfabc2e03,7821c330697bd81d6d7c78669e14fc4e785ea7c98d4305a8f8d4a52af044ffbd,c2-mismatch_20260826_181638_227156_4f4ff330,4f4ff3304f262cb45b129b36796bb1faf7ceb8ecd717c2fd358f23f3a31673e0,none,none,none,none,evidence,revision_B_base,revision_B_base,5,200000.0,xlarge,45.0,80.0,5.0,0.5,1.0
1,43,dynamic_3step,0.5,0.8,10000.0,0.26938296593879385,7398.925039284146,0.3470015659156097,13.238550066546622,0.9244630269196197,12773,8496,8497,8799,8800,200018.27584712033,398.8919639592059,3905,"[[520647.9649749217,5662895.104022372],[520750.9011834474,5662923.705106928],[520619.5439127976,5662887.529284183],[520660.59539358615,5662860.8589034155],[520601.16985800257,5662944.568816733]]",523844ed78a0f583e442b643c9217c5abbf3c0623bfd68739147060cf00e4cb4,eba6a650fd702336e382e498553e90f9d6001a916e890d40cf5b04ceb4b63efd,none,stationary,matched_prior_exact,1,0,"{""p_d"":0.8,""stage"":""c2-mismatch"",""tau"":10000.0,""w"":0.5}",23493243a5f6b095ea52693b5d393f86e1e58febdf4a3d27a620d765fec49176,0.25,True,0b80cbffc1774ff9bbfb3457bcff73fbfef6f7aee6026f77e51382d7fd425ccc,341588,72519,Q_alpha,planner=P; endpoint=Q_alpha,0.5,0.8,10000.0,"{""alpha"":0.25,""p_d"":0.8,""stage"":""c2-mismatch"",""tau"":10000.0,""w"":0.5}",alpha_0.25,revision_C_base@7b52d9149fd5,7b52d9149fd569229bcf4dbdfab434edfabc2e03,7821c330697bd81d6d7c78669e14fc4e785ea7c98d4305a8f8d4a52af044ffbd,c2-mismatch_20260826_181638_227156_4f4ff330,4f4ff3304f262cb45b129b36796bb1faf7ceb8ecd717c2fd358f23f3a31673e0,none,none,none,none,evidence,revision_B_base,revision_B_base,5,200000.0,xlarge,45.0,80.0,5.0,0.5,1.0
1,43,online_static_3step,0.5,0.8,10000.0,0.10946176281610558,8104.047509686449,0.20323209086309207,32.17416144489495,0.9689191588811814,5426,8799,8800,8799,8800,200014.28154473013,478.70528348488733,4919,"[[520647.9649749217,5662895.104022372],[520750.9011834474,5662923.705106928],[520619.5439127976,5662887.529284183],[520660.59539358615,5662860.8589034155],[520601.16985800257,5662944.568816733]]",523844ed78a0f583e442b643c9217c5abbf3c0623bfd68739147060cf00e4cb4,ebdca9896e5432497830b02d1bfd0028ec8410ed44a5ddac541df79da4af96c1,none,stationary,matched_prior_exact,1,0,"{""p_d"":0.8,""stage"":""c2-mismatch"",""tau"":10000.0,""w"":0.5}",23493243a5f6b095ea52693b5d393f86e1e58febdf4a3d27a620d765fec49176,0.5,True,087522b99af5dfc34a15ffa69022d1abd9bedb588c51dc51df44d81c45e91c1a,341588,72519,Q_alpha,planner=P; endpoint=Q_alpha,0.5,0.8,10000.0,"{""alpha"":0.5,""p_d"":0.8,""stage"":""c2-mismatch"",""tau"":10000.0,""w"":0.5}",alpha_0.5,revision_C_base@7b52d9149fd5,7b52d9149fd569229bcf4dbdfab434edfabc2e03,7821c330697bd81d6d7c78669e14fc4e785ea7c98d4305a8f8d4a52af044ffbd,c2-mismatch_20260826_181638_227156_4f4ff330,4f4ff3304f262cb45b129b36796bb1faf7ceb8ecd717c2fd358f23f3a31673e0,none,none,none,none,evidence,revision_B_base,revision_B_base,5,200000.0,xlarge,45.0,80.0,5.0,0.5,1.0
1,43,dynamic_3step,0.5,0.8,10000.0,0.19203970740914234,7809.586042274661,0.3470015659156097,13.238550066546622,0.9244630269196197,12773,8496,8497,8799,8800,200018.27584712033,398.8919639592059,3905,"[[520647.9649749217,5662895.104022372],[520750.9011834474,5662923.705106928],[520619.5439127976,5662887.529284183],[520660.59539358615,5662860.8589034155],[520601.16985800257,5662944.568816733]]",523844ed78a0f583e442b643c9217c5abbf3c0623bfd68739147060cf00e4cb4,eba6a650fd702336e382e498553e90f9d6001a916e890d40cf5b04ceb4b63efd,none,stationary,matched_prior_exact,1,0,"{""p_d"":0.8,""stage"":""c2-mismatch"",""tau"":10000.0,""w"":0.5}",23493243a5f6b095ea52693b5d393f86e1e58febdf4a3d27a620d765fec49176,0.5,True,087522b99af5dfc34a15ffa69022d1abd9bedb588c51dc51df44d81c45e91c1a,341588,72519,Q_alpha,planner=P; endpoint=Q_alpha,0.5,0.8,10000.0,"{""alpha"":0.5,""p_d"":0.8,""stage"":""c2-mismatch"",""tau"":10000.0,""w"":0.5}",alpha_0.5,revision_C_base@7b52d9149fd5,7b52d9149fd569229bcf4dbdfab434edfabc2e03,7821c330697bd81d6d7c78669e14fc4e785ea7c98d4305a8f8d4a52af044ffbd,c2-mismatch_20260826_181638_227156_4f4ff330,4f4ff3304f262cb45b129b36796bb1faf7ceb8ecd717c2fd358f23f3a31673e0,none,none,none,none,evidence,revision_B_base,revision_B_base,5,200000.0,xlarge,45.0,80.0,5.0,0.5,1.0
1,43,online_static_3step,0.5,0.8,10000.0,0.0626657734749231,8405.384949809102,0.20323209086309207,32.17416144489495,0.9689191588811814,5426,8799,8800,8799,8800,200014.28154473013,478.70528348488733,4919,"[[520647.9649749217,5662895.104022372],[520750.9011834474,5662923.705106928],[520619.5439127976,5662887.529284183],[520660.59539358615,5662860.8589034155],[520601.16985800257,5662944.568816733]]",523844ed78a0f583e442b643c9217c5abbf3c0623bfd68739147060cf00e4cb4,ebdca9896e5432497830b02d1bfd0028ec8410ed44a5ddac541df79da4af96c1,none,stationary,matched_prior_exact,1,0,"{""p_d"":0.8,""stage"":""c2-mismatch"",""tau"":10000.0,""w"":0.5}",23493243a5f6b095ea52693b5d393f86e1e58febdf4a3d27a620d765fec49176,0.75,True,1731c52b1cd175b96e3f3a32f8bb332e69004ddf90f9ba843987a66a0d48877c,341588,72519,Q_alpha,planner=P; endpoint=Q_alpha,0.5,0.8,10000.0,"{""alpha"":0.75,""p_d"":0.8,""stage"":""c2-mismatch"",""tau"":10000.0,""w"":0.5}",alpha_0.75,revision_C_base@7b52d9149fd5,7b52d9149fd569229bcf4dbdfab434edfabc2e03,7821c330697bd81d6d7c78669e14fc4e785ea7c98d4305a8f8d4a52af044ffbd,c2-mismatch_20260826_181638_227156_4f4ff330,4f4ff3304f262cb45b129b36796bb1faf7ceb8ecd717c2fd358f23f3a31673e0,none,none,none,none,evidence,revision_B_base,revision_B_base,5,200000.0,xlarge,45.0,80.0,5.0,0.5,1.0
1,43,dynamic_3step,0.5,0.8,10000.0,0.1146964488794908,8220.2470452781,0.3470015659156097,13.238550066546622,0.9244630269196197,12773,8496,8497,8799,8800,200018.27584712033,398.8919639592059,3905,"[[520647.9649749217,5662895.104022372],[520750.9011834474,5662923.705106928],[520619.5439127976,5662887.529284183],[520660.59539358615,5662860.8589034155],[520601.16985800257,5662944.568816733]]",523844ed78a0f583e442b643c9217c5abbf3c0623bfd68739147060cf00e4cb4,eba6a650fd702336e382e498553e90f9d6001a916e890d40cf5b04ceb4b63efd,none,stationary,matched_prior_exact,1,0,"{""p_d"":0.8,""stage"":""c2-mismatch"",""tau"":10000.0,""w"":0.5}",23493243a5f6b095ea52693b5d393f86e1e58febdf4a3d27a620d765fec49176,0.75,True,1731c52b1cd175b96e3f3a32f8bb332e69004ddf90f9ba843987a66a0d48877c,341588,72519,Q_alpha,planner=P; endpoint=Q_alpha,0.5,0.8,10000.0,"{""alpha"":0.75,""p_d"":0.8,""stage"":""c2-mismatch"",""tau"":10000.0,""w"":0.5}",alpha_0.75,revision_C_base@7b52d9149fd5,7b52d9149fd569229bcf4dbdfab434edfabc2e03,7821c330697bd81d6d7c78669e14fc4e785ea7c98d4305a8f8d4a52af044ffbd,c2-mismatch_20260826_181638_227156_4f4ff330,4f4ff3304f262cb45b129b36796bb1faf7ceb8ecd717c2fd358f23f3a31673e0,none,none,none,none,evidence,revision_B_base,revision_B_base,5,200000.0,xlarge,45.0,80.0,5.0,0.5,1.0
7,43,online_static_3step,0.5,0.8,10000.0,0.04716963371783856,7904.146121492292,0.04720527649273838,57.58216654384672,0.9826335120746362,2714,8087,8088,8245,8246,200021.04284159545,399.6417626941111,4503,"[[686501.850052101,5838975.471476613],[686604.7862606267,5839004.072561169],[686473.4289899769,5838967.896738424],[686514.4804707655,5838941.2263576565],[686455.0549351819,5839024.936270974]]",70146d654c8d3e205eae3a8c1c32c196b80ae26034bb8660a9cf58293ef56344,aec5e025c52359aee661809d7450170115adaa0459272e540b4769370d85e9e5,none,stationary,matched_prior_exact,1,0,"{""p_d"":0.8,""stage"":""c2-mismatch"",""tau"":10000.0,""w"":0.5}",23493243a5f6b095ea52693b5d393f86e1e58febdf4a3d27a620d765fec49176,0.0,True,66555dd5fc8066933d0063c75d126355dab92e36e1e5c28af8a20c73dff2b54e,342140,2045,Q_alpha,planner=P; endpoint=Q_alpha,0.5,0.8,10000.0,"{""alpha"":0.0,""p_d"":0.8,""stage"":""c2-mismatch"",""tau"":10000.0,""w"":0.5}",alpha_0,revision_C_base@7b52d9149fd5,7b52d9149fd569229bcf4dbdfab434edfabc2e03,7821c330697bd81d6d7c78669e14fc4e785ea7c98d4305a8f8d4a52af044ffbd,c2-mismatch_20260826_181638_227156_4f4ff330,4f4ff3304f262cb45b129b36796bb1faf7ceb8ecd717c2fd358f23f3a31673e0,none,none,none,none,evidence,revision_B_base,revision_B_base,5,200000.0,xlarge,45.0,80.0,5.0,0.5,1.0
7,43,dynamic_3step,0.5,0.8,10000.0,0.1662902550348909,7303.5003796782985,0.16647385640224252,9.524163130598774,0.8950038983701101,16968,8245,8246,8245,8246,200020.57738839602,488.1612991322763,4436,"[[686501.850052101,5838975.471476613],[686604.7862606267,5839004.072561169],[686473.4289899769,5838967.896738424],[686514.4804707655,5838941.2263576565],[686455.0549351819,5839024.936270974]]",70146d654c8d3e205eae3a8c1c32c196b80ae26034bb8660a9cf58293ef56344,55dff513ef381d0ef509f93b9fa94e86cb13f21130b37983e7ef8c0a9e51c2bd,none,stationary,matched_prior_exact,1,0,"{""p_d"":0.8,""stage"":""c2-mismatch"",""tau"":10000.0,""w"":0.5}",23493243a5f6b095ea52693b5d393f86e1e58febdf4a3d27a620d765fec49176,0.0,True,66555dd5fc8066933d0063c75d126355dab92e36e1e5c28af8a20c73dff2b54e,342140,2045,Q_alpha,planner=P; endpoint=Q_alpha,0.5,0.8,10000.0,"{""alpha"":0.0,""p_d"":0.8,""stage"":""c2-mismatch"",""tau"":10000.0,""w"":0.5}",alpha_0,revision_C_base@7b52d9149fd5,7b52d9149fd569229bcf4dbdfab434edfabc2e03,7821c330697bd81d6d7c78669e14fc4e785ea7c98d4305a8f8d4a52af044ffbd,c2-mismatch_20260826_181638_227156_4f4ff330,4f4ff3304f262cb45b129b36796bb1faf7ceb8ecd717c2fd358f23f3a31673e0,none,none,none,none,evidence,revision_B_base,revision_B_base,5,200000.0,xlarge,45.0,80.0,5.0,0.5,1.0
7,43,online_static_3step,0.5,0.8,10000.0,0.03735855705791896,7975.912874519516,0.04720527649273838,57.58216654384672,0.9826335120746362,2714,8087,8088,8245,8246,200021.04284159545,399.6417626941111,4503,"[[686501.850052101,5838975.471476613],[686604.7862606267,5839004.072561169],[686473.4289899769,5838967.896738424],[686514.4804707655,5838941.2263576565],[686455.0549351819,5839024.936270974]]",70146d654c8d3e205eae3a8c1c32c196b80ae26034bb8660a9cf58293ef56344,aec5e025c52359aee661809d7450170115adaa0459272e540b4769370d85e9e5,none,stationary,matched_prior_exact,1,0,"{""p_d"":0.8,""stage"":""c2-mismatch"",""tau"":10000.0,""w"":0.5}",23493243a5f6b095ea52693b5d393f86e1e58febdf4a3d27a620d765fec49176,0.25,True,f5decad240e8146d82f2fe84c48b9704f033cc30118223c1495b95d3267e2568,342140,2045,Q_alpha,planner=P; endpoint=Q_alpha,0.5,0.8,10000.0,"{""alpha"":0.25,""p_d"":0.8,""stage"":""c2-mismatch"",""tau"":10000.0,""w"":0.5}",alpha_0.25,revision_C_base@7b52d9149fd5,7b52d9149fd569229bcf4dbdfab434edfabc2e03,7821c330697bd81d6d7c78669e14fc4e785ea7c98d4305a8f8d4a52af044ffbd,c2-mismatch_20260826_181638_227156_4f4ff330,4f4ff3304f262cb45b129b36796bb1faf7ceb8ecd717c2fd358f23f3a31673e0,none,none,none,none,evidence,revision_B_base,revision_B_base,5,200000.0,xlarge,45.0,80.0,5.0,0.5,1.0
7,43,dynamic_3step,0.5,0.8,10000.0,0.13710065015441456,7487.357776296458,0.16647385640224252,9.524163130598774,0.8950038983701101,16968,8245,8246,8245,8246,200020.57738839602,488.1612991322763,4436,"[[686501.850052101,5838975.471476613],[686604.7862606267,5839004.072561169],[686473.4289899769,5838967.896738424],[686514.4804707655,5838941.2263576565],[686455.0549351819,5839024.936270974]]",70146d654c8d3e205eae3a8c1c32c196b80ae26034bb8660a9cf58293ef56344,55dff513ef381d0ef509f93b9fa94e86cb13f21130b37983e7ef8c0a9e51c2bd,none,stationary,matched_prior_exact,1,0,"{""p_d"":0.8,""stage"":""c2-mismatch"",""tau"":10000.0,""w"":0.5}",23493243a5f6b095ea52693b5d393f86e1e58febdf4a3d27a620d765fec49176,0.25,True,f5decad240e8146d82f2fe84c48b9704f033cc30118223c1495b95d3267e2568,342140,2045,Q_alpha,planner=P; endpoint=Q_alpha,0.5,0.8,10000.0,"{""alpha"":0.25,""p_d"":0.8,""stage"":""c2-mismatch"",""tau"":10000.0,""w"":0.5}",alpha_0.25,revision_C_base@7b52d9149fd5,7b52d9149fd569229bcf4dbdfab434edfabc2e03,7821c330697bd81d6d7c78669e14fc4e785ea7c98d4305a8f8d4a52af044ffbd,c2-mismatch_20260826_181638_227156_4f4ff330,4f4ff3304f262cb45b129b36796bb1faf7ceb8ecd717c2fd358f23f3a31673e0,none,none,none,none,evidence,revision_B_base,revision_B_base,5,200000.0,xlarge,45.0,80.0,5.0,0.5,1.0
7,43,online_static_3step,0.5,0.8,10000.0,0.027547480397999355,8047.679627546422,0.04720527649273838,57.58216654384672,0.9826335120746362,2714,8087,8088,8245,8246,200021.04284159545,399.6417626941111,4503,"[[686501.850052101,5838975.471476613],[686604.7862606267,5839004.072561169],[686473.4289899769,5838967.896738424],[686514.4804707655,5838941.2263576565],[686455.0549351819,5839024.936270974]]",70146d654c8d3e205eae3a8c1c32c196b80ae26034bb8660a9cf58293ef56344,aec5e025c52359aee661809d7450170115adaa0459272e540b4769370d85e9e5,none,stationary,matched_prior_exact,1,0,"{""p_d"":0.8,""stage"":""c2-mismatch"",""tau"":10000.0,""w"":0.5}",23493243a5f6b095ea52693b5d393f86e1e58febdf4a3d27a620d765fec49176,0.5,True,76a60c134581175c2891ccdd58af5849fc0abba13350ac6b7e1f3adc399bfe3e,342140,2045,Q_alpha,planner=P; endpoint=Q_alpha,0.5,0.8,10000.0,"{""alpha"":0.5,""p_d"":0.8,""stage"":""c2-mismatch"",""tau"":10000.0,""w"":0.5}",alpha_0.5,revision_C_base@7b52d9149fd5,7b52d9149fd569229bcf4dbdfab434edfabc2e03,7821c330697bd81d6d7c78669e14fc4e785ea7c98d4305a8f8d4a52af044ffbd,c2-mismatch_20260826_181638_227156_4f4ff330,4f4ff3304f262cb45b129b36796bb1faf7ceb8ecd717c2fd358f23f3a31673e0,none,none,none,none,evidence,revision_B_base,revision_B_base,5,200000.0,xlarge,45.0,80.0,5.0,0.5,1.0
7,43,dynamic_3step,0.5,0.8,10000.0,0.10791104527393817,7671.215172914264,0.16647385640224252,9.524163130598774,0.8950038983701101,16968,8245,8246,8245,8246,200020.57738839602,488.1612991322763,4436,"[[686501.850052101,5838975.471476613],[686604.7862606267,5839004.072561169],[686473.4289899769,5838967.896738424],[686514.4804707655,5838941.2263576565],[686455.0549351819,5839024.936270974]]",70146d654c8d3e205eae3a8c1c32c196b80ae26034bb8660a9cf58293ef56344,55dff513ef381d0ef509f93b9fa94e86cb13f21130b37983e7ef8c0a9e51c2bd,none,stationary,matched_prior_exact,1,0,"{""p_d"":0.8,""stage"":""c2-mismatch"",""tau"":10000.0,""w"":0.5}",23493243a5f6b095ea52693b5d393f86e1e58febdf4a3d27a620d765fec49176,0.5,True,76a60c134581175c2891ccdd58af5849fc0abba13350ac6b7e1f3adc399bfe3e,342140,2045,Q_alpha,planner=P; endpoint=Q_alpha,0.5,0.8,10000.0,"{""alpha"":0.5,""p_d"":0.8,""stage"":""c2-mismatch"",""tau"":10000.0,""w"":0.5}",alpha_0.5,revision_C_base@7b52d9149fd5,7b52d9149fd569229bcf4dbdfab434edfabc2e03,7821c330697bd81d6d7c78669e14fc4e785ea7c98d4305a8f8d4a52af044ffbd,c2-mismatch_20260826_181638_227156_4f4ff330,4f4ff3304f262cb45b129b36796bb1faf7ceb8ecd717c2fd358f23f3a31673e0,none,none,none,none,evidence,revision_B_base,revision_B_base,5,200000.0,xlarge,45.0,80.0,5.0,0.5,1.0
7,43,online_static_3step,0.5,0.8,10000.0,0.01773640373807976,8119.44638057405,0.04720527649273838,57.58216654384672,0.9826335120746362,2714,8087,8088,8245,8246,200021.04284159545,399.6417626941111,4503,"[[686501.850052101,5838975.471476613],[686604.7862606267,5839004.072561169],[686473.4289899769,5838967.896738424],[686514.4804707655,5838941.2263576565],[686455.0549351819,5839024.936270974]]",70146d654c8d3e205eae3a8c1c32c196b80ae26034bb8660a9cf58293ef56344,aec5e025c52359aee661809d7450170115adaa0459272e540b4769370d85e9e5,none,stationary,matched_prior_exact,1,0,"{""p_d"":0.8,""stage"":""c2-mismatch"",""tau"":10000.0,""w"":0.5}",23493243a5f6b095ea52693b5d393f86e1e58febdf4a3d27a620d765fec49176,0.75,True,0faac33dc65553f2093dcb0962f3460cfaa86c48a3091d90ab0a08541288160b,342140,2045,Q_alpha,planner=P; endpoint=Q_alpha,0.5,0.8,10000.0,"{""alpha"":0.75,""p_d"":0.8,""stage"":""c2-mismatch"",""tau"":10000.0,""w"":0.5}",alpha_0.75,revision_C_base@7b52d9149fd5,7b52d9149fd569229bcf4dbdfab434edfabc2e03,7821c330697bd81d6d7c78669e14fc4e785ea7c98d4305a8f8d4a52af044ffbd,c2-mismatch_20260826_181638_227156_4f4ff330,4f4ff3304f262cb45b129b36796bb1faf7ceb8ecd717c2fd358f23f3a31673e0,none,none,none,none,evidence,revision_B_base,revision_B_base,5,200000.0,xlarge,45.0,80.0,5.0,0.5,1.0
7,43,dynamic_3step,0.5,0.8,10000.0,0.07872144039346182,7855.072569532885,0.16647385640224252,9.524163130598774,0.8950038983701101,16968,8245,8246,8245,8246,200020.57738839602,488.1612991322763,4436,"[[686501.850052101,5838975.471476613],[686604.7862606267,5839004.072561169],[686473.4289899769,5838967.896738424],[686514.4804707655,5838941.2263576565],[686455.0549351819,5839024.936270974]]",70146d654c8d3e205eae3a8c1c32c196b80ae26034bb8660a9cf58293ef56344,55dff513ef381d0ef509f93b9fa94e86cb13f21130b37983e7ef8c0a9e51c2bd,none,stationary,matched_prior_exact,1,0,"{""p_d"":0.8,""stage"":""c2-mismatch"",""tau"":10000.0,""w"":0.5}",23493243a5f6b095ea52693b5d393f86e1e58febdf4a3d27a620d765fec49176,0.75,True,0faac33dc65553f2093dcb0962f3460cfaa86c48a3091d90ab0a08541288160b,342140,2045,Q_alpha,planner=P; endpoint=Q_alpha,0.5,0.8,10000.0,"{""alpha"":0.75,""p_d"":0.8,""stage"":""c2-mismatch"",""tau"":10000.0,""w"":0.5}",alpha_0.75,revision_C_base@7b52d9149fd5,7b52d9149fd569229bcf4dbdfab434edfabc2e03,7821c330697bd81d6d7c78669e14fc4e785ea7c98d4305a8f8d4a52af044ffbd,c2-mismatch_20260826_181638_227156_4f4ff330,4f4ff3304f262cb45b129b36796bb1faf7ceb8ecd717c2fd358f23f3a31673e0,none,none,none,none,evidence,revision_B_base,revision_B_base,5,200000.0,xlarge,45.0,80.0,5.0,0.5,1.0
7,45,online_static_3step,0.5,0.8,10000.0,0.06822825658231588,7787.800900840991,0.0682931648579073,31.14429729195493,0.9678913930654548,5059,8125,8126,8262,8263,200023.9118437539,424.4287522980012,4465,"[[686448.745187684,5838960.333198625],[686521.6198310931,5838902.811238282],[686425.8042562932,5838986.904224213],[686535.9356191684,5838918.668191239],[686445.1201749505,5839037.091437179]]",b98c42be92a0d05dad7817d60024cbaa2a663d58f33ed7d93a3770ce5fd54421,1607ab903eaf53f6fcd425b25f71d8fab49463cbfc9feebdaa6c92b2690eabee,none,stationary,matched_prior_exact,1,0,"{""p_d"":0.8,""stage"":""c2-mismatch"",""tau"":10000.0,""w"":0.5}",23493243a5f6b095ea52693b5d393f86e1e58febdf4a3d27a620d765fec49176,0.0,True,66555dd5fc8066933d0063c75d126355dab92e36e1e5c28af8a20c73dff2b54e,342140,2045,Q_alpha,planner=P; endpoint=Q_alpha,0.5,0.8,10000.0,"{""alpha"":0.0,""p_d"":0.8,""stage"":""c2-mismatch"",""tau"":10000.0,""w"":0.5}",alpha_0,revision_C_base@7b52d9149fd5,7b52d9149fd569229bcf4dbdfab434edfabc2e03,7821c330697bd81d6d7c78669e14fc4e785ea7c98d4305a8f8d4a52af044ffbd,c2-mismatch_20260826_181638_227156_4f4ff330,4f4ff3304f262cb45b129b36796bb1faf7ceb8ecd717c2fd358f23f3a31673e0,none,none,none,none,evidence,revision_B_base,revision_B_base,5,200000.0,xlarge,45.0,80.0,5.0,0.5,1.0
7,45,dynamic_3step,0.5,0.8,10000.0,0.19214557964534976,7350.2681786883995,0.19237160298423836,9.774770973963356,0.8976958127547277,16592,8262,8263,8262,8263,200020.8857957677,427.0415766702499,3920,"[[686448.745187684,5838960.333198625],[686521.6198310931,5838902.811238282],[686425.8042562932,5838986.904224213],[686535.9356191684,5838918.668191239],[686445.1201749505,5839037.091437179]]",b98c42be92a0d05dad7817d60024cbaa2a663d58f33ed7d93a3770ce5fd54421,31ff0a70535ff7c82d617eb6b1c19f174b95a288a9f15033305d0e9de4c09a0c,none,stationary,matched_prior_exact,1,0,"{""p_d"":0.8,""stage"":""c2-mismatch"",""tau"":10000.0,""w"":0.5}",23493243a5f6b095ea52693b5d393f86e1e58febdf4a3d27a620d765fec49176,0.0,True,66555dd5fc8066933d0063c75d126355dab92e36e1e5c28af8a20c73dff2b54e,342140,2045,Q_alpha,planner=P; endpoint=Q_alpha,0.5,0.8,10000.0,"{""alpha"":0.0,""p_d"":0.8,""stage"":""c2-mismatch"",""tau"":10000.0,""w"":0.5}",alpha_0,revision_C_base@7b52d9149fd5,7b52d9149fd569229bcf4dbdfab434edfabc2e03,7821c330697bd81d6d7c78669e14fc4e785ea7c98d4305a8f8d4a52af044ffbd,c2-mismatch_20260826_181638_227156_4f4ff330,4f4ff3304f262cb45b129b36796bb1faf7ceb8ecd717c2fd358f23f3a31673e0,none,none,none,none,evidence,revision_B_base,revision_B_base,5,200000.0,xlarge,45.0,80.0,5.0,0.5,1.0
7,45,online_static_3step,0.5,0.8,10000.0,0.054862822591497024,7883.637106746552,0.0682931648579073,31.14429729195493,0.9678913930654548,5059,8125,8126,8262,8263,200023.9118437539,424.4287522980012,4465,"[[686448.745187684,5838960.333198625],[686521.6198310931,5838902.811238282],[686425.8042562932,5838986.904224213],[686535.9356191684,5838918.668191239],[686445.1201749505,5839037.091437179]]",b98c42be92a0d05dad7817d60024cbaa2a663d58f33ed7d93a3770ce5fd54421,1607ab903eaf53f6fcd425b25f71d8fab49463cbfc9feebdaa6c92b2690eabee,none,stationary,matched_prior_exact,1,0,"{""p_d"":0.8,""stage"":""c2-mismatch"",""tau"":10000.0,""w"":0.5}",23493243a5f6b095ea52693b5d393f86e1e58febdf4a3d27a620d765fec49176,0.25,True,f5decad240e8146d82f2fe84c48b9704f033cc30118223c1495b95d3267e2568,342140,2045,Q_alpha,planner=P; endpoint=Q_alpha,0.5,0.8,10000.0,"{""alpha"":0.25,""p_d"":0.8,""stage"":""c2-mismatch"",""tau"":10000.0,""w"":0.5}",alpha_0.25,revision_C_base@7b52d9149fd5,7b52d9149fd569229bcf4dbdfab434edfabc2e03,7821c330697bd81d6d7c78669e14fc4e785ea7c98d4305a8f8d4a52af044ffbd,c2-mismatch_20260826_181638_227156_4f4ff330,4f4ff3304f262cb45b129b36796bb1faf7ceb8ecd717c2fd358f23f3a31673e0,none,none,none,none,evidence,revision_B_base,revision_B_base,5,200000.0,xlarge,45.0,80.0,5.0,0.5,1.0
7,45,dynamic_3step,0.5,0.8,10000.0,0.1562175137761243,7527.156221889371,0.19237160298423836,9.774770973963356,0.8976958127547277,16592,8262,8263,8262,8263,200020.8857957677,427.0415766702499,3920,"[[686448.745187684,5838960.333198625],[686521.6198310931,5838902.811238282],[686425.8042562932,5838986.904224213],[686535.9356191684,5838918.668191239],[686445.1201749505,5839037.091437179]]",b98c42be92a0d05dad7817d60024cbaa2a663d58f33ed7d93a3770ce5fd54421,31ff0a70535ff7c82d617eb6b1c19f174b95a288a9f15033305d0e9de4c09a0c,none,stationary,matched_prior_exact,1,0,"{""p_d"":0.8,""stage"":""c2-mismatch"",""tau"":10000.0,""w"":0.5}",23493243a5f6b095ea52693b5d393f86e1e58febdf4a3d27a620d765fec49176,0.25,True,f5decad240e8146d82f2fe84c48b9704f033cc30118223c1495b95d3267e2568,342140,2045,Q_alpha,planner=P; endpoint=Q_alpha,0.5,0.8,10000.0,"{""alpha"":0.25,""p_d"":0.8,""stage"":""c2-mismatch"",""tau"":10000.0,""w"":0.5}",alpha_0.25,revision_C_base@7b52d9149fd5,7b52d9149fd569229bcf4dbdfab434edfabc2e03,7821c330697bd81d6d7c78669e14fc4e785ea7c98d4305a8f8d4a52af044ffbd,c2-mismatch_20260826_181638_227156_4f4ff330,4f4ff3304f262cb45b129b36796bb1faf7ceb8ecd717c2fd358f23f3a31673e0,none,none,none,none,evidence,revision_B_base,revision_B_base,5,200000.0,xlarge,45.0,80.0,5.0,0.5,1.0
7,45,online_static_3step,0.5,0.8,10000.0,0.04149738860067814,7979.473312651722,0.0682931648579073,31.14429729195493,0.9678913930654548,5059,8125,8126,8262,8263,200023.9118437539,424.4287522980012,4465,"[[686448.745187684,5838960.333198625],[686521.6198310931,5838902.811238282],[686425.8042562932,5838986.904224213],[686535.9356191684,5838918.668191239],[686445.1201749505,5839037.091437179]]",b98c42be92a0d05dad7817d60024cbaa2a663d58f33ed7d93a3770ce5fd54421,1607ab903eaf53f6fcd425b25f71d8fab49463cbfc9feebdaa6c92b2690eabee,none,stationary,matched_prior_exact,1,0,"{""p_d"":0.8,""stage"":""c2-mismatch"",""tau"":10000.0,""w"":0.5}",23493243a5f6b095ea52693b5d393f86e1e58febdf4a3d27a620d765fec49176,0.5,True,76a60c134581175c2891ccdd58af5849fc0abba13350ac6b7e1f3adc399bfe3e,342140,2045,Q_alpha,planner=P; endpoint=Q_alpha,0.5,0.8,10000.0,"{""alpha"":0.5,""p_d"":0.8,""stage"":""c2-mismatch"",""tau"":10000.0,""w"":0.5}",alpha_0.5,revision_C_base@7b52d9149fd5,7b52d9149fd569229bcf4dbdfab434edfabc2e03,7821c330697bd81d6d7c78669e14fc4e785ea7c98d4305a8f8d4a52af044ffbd,c2-mismatch_20260826_181638_227156_4f4ff330,4f4ff3304f262cb45b129b36796bb1faf7ceb8ecd717c2fd358f23f3a31673e0,none,none,none,none,evidence,revision_B_base,revision_B_base,5,200000.0,xlarge,45.0,80.0,5.0,0.5,1.0
7,45,dynamic_3step,0.5,0.8,10000.0,0.1202894479068988,7704.044265089924,0.19237160298423836,9.774770973963356,0.8976958127547277,16592,8262,8263,8262,8263,200020.8857957677,427.0415766702499,3920,"[[686448.745187684,5838960.333198625],[686521.6198310931,5838902.811238282],[686425.8042562932,5838986.904224213],[686535.9356191684,5838918.668191239],[686445.1201749505,5839037.091437179]]",b98c42be92a0d05dad7817d60024cbaa2a663d58f33ed7d93a3770ce5fd54421,31ff0a70535ff7c82d617eb6b1c19f174b95a288a9f15033305d0e9de4c09a0c,none,stationary,matched_prior_exact,1,0,"{""p_d"":0.8,""stage"":""c2-mismatch"",""tau"":10000.0,""w"":0.5}",23493243a5f6b095ea52693b5d393f86e1e58febdf4a3d27a620d765fec49176,0.5,True,76a60c134581175c2891ccdd58af5849fc0abba13350ac6b7e1f3adc399bfe3e,342140,2045,Q_alpha,planner=P; endpoint=Q_alpha,0.5,0.8,10000.0,"{""alpha"":0.5,""p_d"":0.8,""stage"":""c2-mismatch"",""tau"":10000.0,""w"":0.5}",alpha_0.5,revision_C_base@7b52d9149fd5,7b52d9149fd569229bcf4dbdfab434edfabc2e03,7821c330697bd81d6d7c78669e14fc4e785ea7c98d4305a8f8d4a52af044ffbd,c2-mismatch_20260826_181638_227156_4f4ff330,4f4ff3304f262cb45b129b36796bb1faf7ceb8ecd717c2fd358f23f3a31673e0,none,none,none,none,evidence,revision_B_base,revision_B_base,5,200000.0,xlarge,45.0,80.0,5.0,0.5,1.0
7,45,online_static_3step,0.5,0.8,10000.0,0.028131954609859275,8075.309518556792,0.0682931648579073,31.14429729195493,0.9678913930654548,5059,8125,8126,8262,8263,200023.9118437539,424.4287522980012,4465,"[[686448.745187684,5838960.333198625],[686521.6198310931,5838902.811238282],[686425.8042562932,5838986.904224213],[686535.9356191684,5838918.668191239],[686445.1201749505,5839037.091437179]]",b98c42be92a0d05dad7817d60024cbaa2a663d58f33ed7d93a3770ce5fd54421,1607ab903eaf53f6fcd425b25f71d8fab49463cbfc9feebdaa6c92b2690eabee,none,stationary,matched_prior_exact,1,0,"{""p_d"":0.8,""stage"":""c2-mismatch"",""tau"":10000.0,""w"":0.5}",23493243a5f6b095ea52693b5d393f86e1e58febdf4a3d27a620d765fec49176,0.75,True,0faac33dc65553f2093dcb0962f3460cfaa86c48a3091d90ab0a08541288160b,342140,2045,Q_alpha,planner=P; endpoint=Q_alpha,0.5,0.8,10000.0,"{""alpha"":0.75,""p_d"":0.8,""stage"":""c2-mismatch"",""tau"":10000.0,""w"":0.5}",alpha_0.75,revision_C_base@7b52d9149fd5,7b52d9149fd569229bcf4dbdfab434edfabc2e03,7821c330697bd81d6d7c78669e14fc4e785ea7c98d4305a8f8d4a52af044ffbd,c2-mismatch_20260826_181638_227156_4f4ff330,4f4ff3304f262cb45b129b36796bb1faf7ceb8ecd717c2fd358f23f3a31673e0,none,none,none,none,evidence,revision_B_base,revision_B_base,5,200000.0,xlarge,45.0,80.0,5.0,0.5,1.0
7,45,dynamic_3step,0.5,0.8,10000.0,0.08436138203767332,7880.932308290369,0.19237160298423836,9.774770973963356,0.8976958127547277,16592,8262,8263,8262,8263,200020.8857957677,427.0415766702499,3920,"[[686448.745187684,5838960.333198625],[686521.6198310931,5838902.811238282],[686425.8042562932,5838986.904224213],[686535.9356191684,5838918.668191239],[686445.1201749505,5839037.091437179]]",b98c42be92a0d05dad7817d60024cbaa2a663d58f33ed7d93a3770ce5fd54421,31ff0a70535ff7c82d617eb6b1c19f174b95a288a9f15033305d0e9de4c09a0c,none,stationary,matched_prior_exact,1,0,"{""p_d"":0.8,""stage"":""c2-mismatch"",""tau"":10000.0,""w"":0.5}",23493243a5f6b095ea52693b5d393f86e1e58febdf4a3d27a620d765fec49176,0.75,True,0faac33dc65553f2093dcb0962f3460cfaa86c48a3091d90ab0a08541288160b,342140,2045,Q_alpha,planner=P; endpoint=Q_alpha,0.5,0.8,10000.0,"{""alpha"":0.75,""p_d"":0.8,""stage"":""c2-mismatch"",""tau"":10000.0,""w"":0.5}",alpha_0.75,revision_C_base@7b52d9149fd5,7b52d9149fd569229bcf4dbdfab434edfabc2e03,7821c330697bd81d6d7c78669e14fc4e785ea7c98d4305a8f8d4a52af044ffbd,c2-mismatch_20260826_181638_227156_4f4ff330,4f4ff3304f262cb45b129b36796bb1faf7ceb8ecd717c2fd358f23f3a31673e0,none,none,none,none,evidence,revision_B_base,revision_B_base,5,200000.0,xlarge,45.0,80.0,5.0,0.5,1.0
7,51,online_static_3step,0.5,0.8,10000.0,0.06659897797305352,7807.7044195170565,0.06666198774160682,31.455670926517573,0.9682092299879388,5008,8124,8125,8274,8275,200010.60238885437,399.90013862703927,4162,"[[686565.7373383148,5838972.965318329],[686512.447838973,5839039.734117474],[686524.400646446,5838947.221415502],[686543.2639561718,5838912.172146359],[686452.0731662887,5839025.6724804705]]",a8f19df2d616560c37b26732016a8ecb989b028f1788c364e916ef8c4d117ae0,cabb2b0b37d643b46bab1c54442254627d297e2aaba8a9df5e3caae5d17ce885,none,stationary,matched_prior_exact,1,0,"{""p_d"":0.8,""stage"":""c2-mismatch"",""tau"":10000.0,""w"":0.5}",23493243a5f6b095ea52693b5d393f86e1e58febdf4a3d27a620d765fec49176,0.0,True,66555dd5fc8066933d0063c75d126355dab92e36e1e5c28af8a20c73dff2b54e,342140,2045,Q_alpha,planner=P; endpoint=Q_alpha,0.5,0.8,10000.0,"{""alpha"":0.0,""p_d"":0.8,""stage"":""c2-mismatch"",""tau"":10000.0,""w"":0.5}",alpha_0,revision_C_base@7b52d9149fd5,7b52d9149fd569229bcf4dbdfab434edfabc2e03,7821c330697bd81d6d7c78669e14fc4e785ea7c98d4305a8f8d4a52af044ffbd,c2-mismatch_20260826_181638_227156_4f4ff330,4f4ff3304f262cb45b129b36796bb1faf7ceb8ecd717c2fd358f23f3a31673e0,none,none,none,none,evidence,revision_B_base,revision_B_base,5,200000.0,xlarge,45.0,80.0,5.0,0.5,1.0
7,51,dynamic_3step,0.5,0.8,10000.0,0.20246940520901785,7344.298640218669,0.20270127960255468,9.891288477917021,0.8989009366946916,16438,8274,8275,8274,8275,200003.15642034006,431.86028417991474,3990,"[[686565.7373383148,5838972.965318329],[686512.447838973,5839039.734117474],[686524.400646446,5838947.221415502],[686543.2639561718,5838912.172146359],[686452.0731662887,5839025.6724804705]]",a8f19df2d616560c37b26732016a8ecb989b028f1788c364e916ef8c4d117ae0,24f66cff75a64911d9763fdd20c66cddd54b1cb8d0fbf9709a6d3f4588a0af5c,none,stationary,matched_prior_exact,1,0,"{""p_d"":0.8,""stage"":""c2-mismatch"",""tau"":10000.0,""w"":0.5}",23493243a5f6b095ea52693b5d393f86e1e58febdf4a3d27a620d765fec49176,0.0,True,66555dd5fc8066933d0063c75d126355dab92e36e1e5c28af8a20c73dff2b54e,342140,2045,Q_alpha,planner=P; endpoint=Q_alpha,0.5,0.8,10000.0,"{""alpha"":0.0,""p_d"":0.8,""stage"":""c2-mismatch"",""tau"":10000.0,""w"":0.5}",alpha_0,revision_C_base@7b52d9149fd5,7b52d9149fd569229bcf4dbdfab434edfabc2e03,7821c330697bd81d6d7c78669e14fc4e785ea7c98d4305a8f8d4a52af044ffbd,c2-mismatch_20260826_181638_227156_4f4ff330,4f4ff3304f262cb45b129b36796bb1faf7ceb8ecd717c2fd358f23f3a31673e0,none,none,none,none,evidence,revision_B_base,revision_B_base,5,200000.0,xlarge,45.0,80.0,5.0,0.5,1.0
7,51,online_static_3step,0.5,0.8,10000.0,0.053603517713731175,7901.66568741277,0.06666198774160682,31.455670926517573,0.9682092299879388,5008,8124,8125,8274,8275,200010.60238885437,399.90013862703927,4162,"[[686565.7373383148,5838972.965318329],[686512.447838973,5839039.734117474],[686524.400646446,5838947.221415502],[686543.2639561718,5838912.172146359],[686452.0731662887,5839025.6724804705]]",a8f19df2d616560c37b26732016a8ecb989b028f1788c364e916ef8c4d117ae0,cabb2b0b37d643b46bab1c54442254627d297e2aaba8a9df5e3caae5d17ce885,none,stationary,matched_prior_exact,1,0,"{""p_d"":0.8,""stage"":""c2-mismatch"",""tau"":10000.0,""w"":0.5}",23493243a5f6b095ea52693b5d393f86e1e58febdf4a3d27a620d765fec49176,0.25,True,f5decad240e8146d82f2fe84c48b9704f033cc30118223c1495b95d3267e2568,342140,2045,Q_alpha,planner=P; endpoint=Q_alpha,0.5,0.8,10000.0,"{""alpha"":0.25,""p_d"":0.8,""stage"":""c2-mismatch"",""tau"":10000.0,""w"":0.5}",alpha_0.25,revision_C_base@7b52d9149fd5,7b52d9149fd569229bcf4dbdfab434edfabc2e03,7821c330697bd81d6d7c78669e14fc4e785ea7c98d4305a8f8d4a52af044ffbd,c2-mismatch_20260826_181638_227156_4f4ff330,4f4ff3304f262cb45b129b36796bb1faf7ceb8ecd717c2fd358f23f3a31673e0,none,none,none,none,evidence,revision_B_base,revision_B_base,5,200000.0,xlarge,45.0,80.0,5.0,0.5,1.0
7,51,dynamic_3step,0.5,0.8,10000.0,0.16384799601406572,7525.978053973658,0.20270127960255468,9.891288477917021,0.8989009366946916,16438,8274,8275,8274,8275,200003.15642034006,431.86028417991474,3990,"[[686565.7373383148,5838972.965318329],[686512.447838973,5839039.734117474],[686524.400646446,5838947.221415502],[686543.2639561718,5838912.172146359],[686452.0731662887,5839025.6724804705]]",a8f19df2d616560c37b26732016a8ecb989b028f1788c364e916ef8c4d117ae0,24f66cff75a64911d9763fdd20c66cddd54b1cb8d0fbf9709a6d3f4588a0af5c,none,stationary,matched_prior_exact,1,0,"{""p_d"":0.8,""stage"":""c2-mismatch"",""tau"":10000.0,""w"":0.5}",23493243a5f6b095ea52693b5d393f86e1e58febdf4a3d27a620d765fec49176,0.25,True,f5decad240e8146d82f2fe84c48b9704f033cc30118223c1495b95d3267e2568,342140,2045,Q_alpha,planner=P; endpoint=Q_alpha,0.5,0.8,10000.0,"{""alpha"":0.25,""p_d"":0.8,""stage"":""c2-mismatch"",""tau"":10000.0,""w"":0.5}",alpha_0.25,revision_C_base@7b52d9149fd5,7b52d9149fd569229bcf4dbdfab434edfabc2e03,7821c330697bd81d6d7c78669e14fc4e785ea7c98d4305a8f8d4a52af044ffbd,c2-mismatch_20260826_181638_227156_4f4ff330,4f4ff3304f262cb45b129b36796bb1faf7ceb8ecd717c2fd358f23f3a31673e0,none,none,none,none,evidence,revision_B_base,revision_B_base,5,200000.0,xlarge,45.0,80.0,5.0,0.5,1.0
7,51,online_static_3step,0.5,0.8,10000.0,0.04060805745440882,7995.626955308444,0.06666198774160682,31.455670926517573,0.9682092299879388,5008,8124,8125,8274,8275,200010.60238885437,399.90013862703927,4162,"[[686565.7373383148,5838972.965318329],[686512.447838973,5839039.734117474],[686524.400646446,5838947.221415502],[686543.2639561718,5838912.172146359],[686452.0731662887,5839025.6724804705]]",a8f19df2d616560c37b26732016a8ecb989b028f1788c364e916ef8c4d117ae0,cabb2b0b37d643b46bab1c54442254627d297e2aaba8a9df5e3caae5d17ce885,none,stationary,matched_prior_exact,1,0,"{""p_d"":0.8,""stage"":""c2-mismatch"",""tau"":10000.0,""w"":0.5}",23493243a5f6b095ea52693b5d393f86e1e58febdf4a3d27a620d765fec49176,0.5,True,76a60c134581175c2891ccdd58af5849fc0abba13350ac6b7e1f3adc399bfe3e,342140,2045,Q_alpha,planner=P; endpoint=Q_alpha,0.5,0.8,10000.0,"{""alpha"":0.5,""p_d"":0.8,""stage"":""c2-mismatch"",""tau"":10000.0,""w"":0.5}",alpha_0.5,revision_C_base@7b52d9149fd5,7b52d9149fd569229bcf4dbdfab434edfabc2e03,7821c330697bd81d6d7c78669e14fc4e785ea7c98d4305a8f8d4a52af044ffbd,c2-mismatch_20260826_181638_227156_4f4ff330,4f4ff3304f262cb45b129b36796bb1faf7ceb8ecd717c2fd358f23f3a31673e0,none,none,none,none,evidence,revision_B_base,revision_B_base,5,200000.0,xlarge,45.0,80.0,5.0,0.5,1.0
7,51,dynamic_3step,0.5,0.8,10000.0,0.12522658681911356,7707.657467728481,0.20270127960255468,9.891288477917021,0.8989009366946916,16438,8274,8275,8274,8275,200003.15642034006,431.86028417991474,3990,"[[686565.7373383148,5838972.965318329],[686512.447838973,5839039.734117474],[686524.400646446,5838947.221415502],[686543.2639561718,5838912.172146359],[686452.0731662887,5839025.6724804705]]",a8f19df2d616560c37b26732016a8ecb989b028f1788c364e916ef8c4d117ae0,24f66cff75a64911d9763fdd20c66cddd54b1cb8d0fbf9709a6d3f4588a0af5c,none,stationary,matched_prior_exact,1,0,"{""p_d"":0.8,""stage"":""c2-mismatch"",""tau"":10000.0,""w"":0.5}",23493243a5f6b095ea52693b5d393f86e1e58febdf4a3d27a620d765fec49176,0.5,True,76a60c134581175c2891ccdd58af5849fc0abba13350ac6b7e1f3adc399bfe3e,342140,2045,Q_alpha,planner=P; endpoint=Q_alpha,0.5,0.8,10000.0,"{""alpha"":0.5,""p_d"":0.8,""stage"":""c2-mismatch"",""tau"":10000.0,""w"":0.5}",alpha_0.5,revision_C_base@7b52d9149fd5,7b52d9149fd569229bcf4dbdfab434edfabc2e03,7821c330697bd81d6d7c78669e14fc4e785ea7c98d4305a8f8d4a52af044ffbd,c2-mismatch_20260826_181638_227156_4f4ff330,4f4ff3304f262cb45b129b36796bb1faf7ceb8ecd717c2fd358f23f3a31673e0,none,none,none,none,evidence,revision_B_base,revision_B_base,5,200000.0,xlarge,45.0,80.0,5.0,0.5,1.0
7,51,online_static_3step,0.5,0.8,10000.0,0.02761259719508647,8089.588223204521,0.06666198774160682,31.455670926517573,0.9682092299879388,5008,8124,8125,8274,8275,200010.60238885437,399.90013862703927,4162,"[[686565.7373383148,5838972.965318329],[686512.447838973,5839039.734117474],[686524.400646446,5838947.221415502],[686543.2639561718,5838912.172146359],[686452.0731662887,5839025.6724804705]]",a8f19df2d616560c37b26732016a8ecb989b028f1788c364e916ef8c4d117ae0,cabb2b0b37d643b46bab1c54442254627d297e2aaba8a9df5e3caae5d17ce885,none,stationary,matched_prior_exact,1,0,"{""p_d"":0.8,""stage"":""c2-mismatch"",""tau"":10000.0,""w"":0.5}",23493243a5f6b095ea52693b5d393f86e1e58febdf4a3d27a620d765fec49176,0.75,True,0faac33dc65553f2093dcb0962f3460cfaa86c48a3091d90ab0a08541288160b,342140,2045,Q_alpha,planner=P; endpoint=Q_alpha,0.5,0.8,10000.0,"{""alpha"":0.75,""p_d"":0.8,""stage"":""c2-mismatch"",""tau"":10000.0,""w"":0.5}",alpha_0.75,revision_C_base@7b52d9149fd5,7b52d9149fd569229bcf4dbdfab434edfabc2e03,7821c330697bd81d6d7c78669e14fc4e785ea7c98d4305a8f8d4a52af044ffbd,c2-mismatch_20260826_181638_227156_4f4ff330,4f4ff3304f262cb45b129b36796bb1faf7ceb8ecd717c2fd358f23f3a31673e0,none,none,none,none,evidence,revision_B_base,revision_B_base,5,200000.0,xlarge,45.0,80.0,5.0,0.5,1.0
7,51,dynamic_3step,0.5,0.8,10000.0,0.0866051776241614,7889.336881483723,0.20270127960255468,9.891288477917021,0.8989009366946916,16438,8274,8275,8274,8275,200003.15642034006,431.86028417991474,3990,"[[686565.7373383148,5838972.965318329],[686512.447838973,5839039.734117474],[686524.400646446,5838947.221415502],[686543.2639561718,5838912.172146359],[686452.0731662887,5839025.6724804705]]",a8f19df2d616560c37b26732016a8ecb989b028f1788c364e916ef8c4d117ae0,24f66cff75a64911d9763fdd20c66cddd54b1cb8d0fbf9709a6d3f4588a0af5c,none,stationary,matched_prior_exact,1,0,"{""p_d"":0.8,""stage"":""c2-mismatch"",""tau"":10000.0,""w"":0.5}",23493243a5f6b095ea52693b5d393f86e1e58febdf4a3d27a620d765fec49176,0.75,True,0faac33dc65553f2093dcb0962f3460cfaa86c48a3091d90ab0a08541288160b,342140,2045,Q_alpha,planner=P; endpoint=Q_alpha,0.5,0.8,10000.0,"{""alpha"":0.75,""p_d"":0.8,""stage"":""c2-mismatch"",""tau"":10000.0,""w"":0.5}",alpha_0.75,revision_C_base@7b52d9149fd5,7b52d9149fd569229bcf4dbdfab434edfabc2e03,7821c330697bd81d6d7c78669e14fc4e785ea7c98d4305a8f8d4a52af044ffbd,c2-mismatch_20260826_181638_227156_4f4ff330,4f4ff3304f262cb45b129b36796bb1faf7ceb8ecd717c2fd358f23f3a31673e0,none,none,none,none,evidence,revision_B_base,revision_B_base,5,200000.0,xlarge,45.0,80.0,5.0,0.5,1.0
7,42,online_static_3step,0.5,0.8,10000.0,0.09431636074764663,7675.489790993591,0.0944195892142644,24.62956629877196,0.9593983918405473,6433,8151,8152,8232,8233,200010.39689102108,483.59430618886836,5622,"[[686523.8362532025,5838927.075221443],[686566.5636703096,5838927.763184127],[686595.8818124438,5839047.670062982],[686520.1027265164,5838904.130887055],[686560.4193126771,5839040.947809029]]",006da335f256203469592a62a852eccffab880f7309f6633631136cbb4337c3b,f41e9a54a63718366b89b2216f3ebdd7969ce8409943bee0795a7e0805076ea7,none,stationary,matched_prior_exact,1,0,"{""p_d"":0.8,""stage"":""c2-mismatch"",""tau"":10000.0,""w"":0.5}",23493243a5f6b095ea52693b5d393f86e1e58febdf4a3d27a620d765fec49176,0.0,True,66555dd5fc8066933d0063c75d126355dab92e36e1e5c28af8a20c73dff2b54e,342140,2045,Q_alpha,planner=P; endpoint=Q_alpha,0.5,0.8,10000.0,"{""alpha"":0.0,""p_d"":0.8,""stage"":""c2-mismatch"",""tau"":10000.0,""w"":0.5}",alpha_0,revision_C_base@7b52d9149fd5,7b52d9149fd569229bcf4dbdfab434edfabc2e03,7821c330697bd81d6d7c78669e14fc4e785ea7c98d4305a8f8d4a52af044ffbd,c2-mismatch_20260826_181638_227156_4f4ff330,4f4ff3304f262cb45b129b36796bb1faf7ceb8ecd717c2fd358f23f3a31673e0,none,none,none,none,evidence,revision_B_base,revision_B_base,5,200000.0,xlarge,45.0,80.0,5.0,0.5,1.0
7,42,dynamic_3step,0.5,0.8,10000.0,0.16810052591560243,7444.081764847958,0.16830760477252937,10.141508840369974,0.901395343065784,15893,8232,8233,8232,8233,200004.8319121477,504.27060986938886,4811,"[[686523.8362532025,5838927.075221443],[686566.5636703096,5838927.763184127],[686595.8818124438,5839047.670062982],[686520.1027265164,5838904.130887055],[686560.4193126771,5839040.947809029]]",006da335f256203469592a62a852eccffab880f7309f6633631136cbb4337c3b,eead37c088456bdaf7b6d32cfbc41ce1e2f875fd8c6893d0faf4c4009feb6d6e,none,stationary,matched_prior_exact,1,0,"{""p_d"":0.8,""stage"":""c2-mismatch"",""tau"":10000.0,""w"":0.5}",23493243a5f6b095ea52693b5d393f86e1e58febdf4a3d27a620d765fec49176,0.0,True,66555dd5fc8066933d0063c75d126355dab92e36e1e5c28af8a20c73dff2b54e,342140,2045,Q_alpha,planner=P; endpoint=Q_alpha,0.5,0.8,10000.0,"{""alpha"":0.0,""p_d"":0.8,""stage"":""c2-mismatch"",""tau"":10000.0,""w"":0.5}",alpha_0,revision_C_base@7b52d9149fd5,7b52d9149fd569229bcf4dbdfab434edfabc2e03,7821c330697bd81d6d7c78669e14fc4e785ea7c98d4305a8f8d4a52af044ffbd,c2-mismatch_20260826_181638_227156_4f4ff330,4f4ff3304f262cb45b129b36796bb1faf7ceb8ecd717c2fd358f23f3a31673e0,none,none,none,none,evidence,revision_B_base,revision_B_base,5,200000.0,xlarge,45.0,80.0,5.0,0.5,1.0
7,42,online_static_3step,0.5,0.8,10000.0,0.07543126697721882,7788.736756609047,0.0944195892142644,24.62956629877196,0.9593983918405473,6433,8151,8152,8232,8233,200010.39689102108,483.59430618886836,5622,"[[686523.8362532025,5838927.075221443],[686566.5636703096,5838927.763184127],[686595.8818124438,5839047.670062982],[686520.1027265164,5838904.130887055],[686560.4193126771,5839040.947809029]]",006da335f256203469592a62a852eccffab880f7309f6633631136cbb4337c3b,f41e9a54a63718366b89b2216f3ebdd7969ce8409943bee0795a7e0805076ea7,none,stationary,matched_prior_exact,1,0,"{""p_d"":0.8,""stage"":""c2-mismatch"",""tau"":10000.0,""w"":0.5}",23493243a5f6b095ea52693b5d393f86e1e58febdf4a3d27a620d765fec49176,0.25,True,f5decad240e8146d82f2fe84c48b9704f033cc30118223c1495b95d3267e2568,342140,2045,Q_alpha,planner=P; endpoint=Q_alpha,0.5,0.8,10000.0,"{""alpha"":0.25,""p_d"":0.8,""stage"":""c2-mismatch"",""tau"":10000.0,""w"":0.5}",alpha_0.25,revision_C_base@7b52d9149fd5,7b52d9149fd569229bcf4dbdfab434edfabc2e03,7821c330697bd81d6d7c78669e14fc4e785ea7c98d4305a8f8d4a52af044ffbd,c2-mismatch_20260826_181638_227156_4f4ff330,4f4ff3304f262cb45b129b36796bb1faf7ceb8ecd717c2fd358f23f3a31673e0,none,none,none,none,evidence,revision_B_base,revision_B_base,5,200000.0,xlarge,45.0,80.0,5.0,0.5,1.0
7,42,dynamic_3step,0.5,0.8,10000.0,0.1376738184740493,7593.944783374393,0.16830760477252937,10.141508840369974,0.901395343065784,15893,8232,8233,8232,8233,200004.8319121477,504.27060986938886,4811,"[[686523.8362532025,5838927.075221443],[686566.5636703096,5838927.763184127],[686595.8818124438,5839047.670062982],[686520.1027265164,5838904.130887055],[686560.4193126771,5839040.947809029]]",006da335f256203469592a62a852eccffab880f7309f6633631136cbb4337c3b,eead37c088456bdaf7b6d32cfbc41ce1e2f875fd8c6893d0faf4c4009feb6d6e,none,stationary,matched_prior_exact,1,0,"{""p_d"":0.8,""stage"":""c2-mismatch"",""tau"":10000.0,""w"":0.5}",23493243a5f6b095ea52693b5d393f86e1e58febdf4a3d27a620d765fec49176,0.25,True,f5decad240e8146d82f2fe84c48b9704f033cc30118223c1495b95d3267e2568,342140,2045,Q_alpha,planner=P; endpoint=Q_alpha,0.5,0.8,10000.0,"{""alpha"":0.25,""p_d"":0.8,""stage"":""c2-mismatch"",""tau"":10000.0,""w"":0.5}",alpha_0.25,revision_C_base@7b52d9149fd5,7b52d9149fd569229bcf4dbdfab434edfabc2e03,7821c330697bd81d6d7c78669e14fc4e785ea7c98d4305a8f8d4a52af044ffbd,c2-mismatch_20260826_181638_227156_4f4ff330,4f4ff3304f262cb45b129b36796bb1faf7ceb8ecd717c2fd358f23f3a31673e0,none,none,none,none,evidence,revision_B_base,revision_B_base,5,200000.0,xlarge,45.0,80.0,5.0,0.5,1.0
7,42,online_static_3step,0.5,0.8,10000.0,0.05654617320679098,7901.983722223909,0.0944195892142644,24.62956629877196,0.9593983918405473,6433,8151,8152,8232,8233,200010.39689102108,483.59430618886836,5622,"[[686523.8362532025,5838927.075221443],[686566.5636703096,5838927.763184127],[686595.8818124438,5839047.670062982],[686520.1027265164,5838904.130887055],[686560.4193126771,5839040.947809029]]",006da335f256203469592a62a852eccffab880f7309f6633631136cbb4337c3b,f41e9a54a63718366b89b2216f3ebdd7969ce8409943bee0795a7e0805076ea7,none,stationary,matched_prior_exact,1,0,"{""p_d"":0.8,""stage"":""c2-mismatch"",""tau"":10000.0,""w"":0.5}",23493243a5f6b095ea52693b5d393f86e1e58febdf4a3d27a620d765fec49176,0.5,True,76a60c134581175c2891ccdd58af5849fc0abba13350ac6b7e1f3adc399bfe3e,342140,2045,Q_alpha,planner=P; endpoint=Q_alpha,0.5,0.8,10000.0,"{""alpha"":0.5,""p_d"":0.8,""stage"":""c2-mismatch"",""tau"":10000.0,""w"":0.5}",alpha_0.5,revision_C_base@7b52d9149fd5,7b52d9149fd569229bcf4dbdfab434edfabc2e03,7821c330697bd81d6d7c78669e14fc4e785ea7c98d4305a8f8d4a52af044ffbd,c2-mismatch_20260826_181638_227156_4f4ff330,4f4ff3304f262cb45b129b36796bb1faf7ceb8ecd717c2fd358f23f3a31673e0,none,none,none,none,evidence,revision_B_base,revision_B_base,5,200000.0,xlarge,45.0,80.0,5.0,0.5,1.0
7,42,dynamic_3step,0.5,0.8,10000.0,0.10724711103249614,7743.807801900287,0.16830760477252937,10.141508840369974,0.901395343065784,15893,8232,8233,8232,8233,200004.8319121477,504.27060986938886,4811,"[[686523.8362532025,5838927.075221443],[686566.5636703096,5838927.763184127],[686595.8818124438,5839047.670062982],[686520.1027265164,5838904.130887055],[686560.4193126771,5839040.947809029]]",006da335f256203469592a62a852eccffab880f7309f6633631136cbb4337c3b,eead37c088456bdaf7b6d32cfbc41ce1e2f875fd8c6893d0faf4c4009feb6d6e,none,stationary,matched_prior_exact,1,0,"{""p_d"":0.8,""stage"":""c2-mismatch"",""tau"":10000.0,""w"":0.5}",23493243a5f6b095ea52693b5d393f86e1e58febdf4a3d27a620d765fec49176,0.5,True,76a60c134581175c2891ccdd58af5849fc0abba13350ac6b7e1f3adc399bfe3e,342140,2045,Q_alpha,planner=P; endpoint=Q_alpha,0.5,0.8,10000.0,"{""alpha"":0.5,""p_d"":0.8,""stage"":""c2-mismatch"",""tau"":10000.0,""w"":0.5}",alpha_0.5,revision_C_base@7b52d9149fd5,7b52d9149fd569229bcf4dbdfab434edfabc2e03,7821c330697bd81d6d7c78669e14fc4e785ea7c98d4305a8f8d4a52af044ffbd,c2-mismatch_20260826_181638_227156_4f4ff330,4f4ff3304f262cb45b129b36796bb1faf7ceb8ecd717c2fd358f23f3a31673e0,none,none,none,none,evidence,revision_B_base,revision_B_base,5,200000.0,xlarge,45.0,80.0,5.0,0.5,1.0
7,42,online_static_3step,0.5,0.8,10000.0,0.037661079436363154,8015.230687839442,0.0944195892142644,24.62956629877196,0.9593983918405473,6433,8151,8152,8232,8233,200010.39689102108,483.59430618886836,5622,"[[686523.8362532025,5838927.075221443],[686566.5636703096,5838927.763184127],[686595.8818124438,5839047.670062982],[686520.1027265164,5838904.130887055],[686560.4193126771,5839040.947809029]]",006da335f256203469592a62a852eccffab880f7309f6633631136cbb4337c3b,f41e9a54a63718366b89b2216f3ebdd7969ce8409943bee0795a7e0805076ea7,none,stationary,matched_prior_exact,1,0,"{""p_d"":0.8,""stage"":""c2-mismatch"",""tau"":10000.0,""w"":0.5}",23493243a5f6b095ea52693b5d393f86e1e58febdf4a3d27a620d765fec49176,0.75,True,0faac33dc65553f2093dcb0962f3460cfaa86c48a3091d90ab0a08541288160b,342140,2045,Q_alpha,planner=P; endpoint=Q_alpha,0.5,0.8,10000.0,"{""alpha"":0.75,""p_d"":0.8,""stage"":""c2-mismatch"",""tau"":10000.0,""w"":0.5}",alpha_0.75,revision_C_base@7b52d9149fd5,7b52d9149fd569229bcf4dbdfab434edfabc2e03,7821c330697bd81d6d7c78669e14fc4e785ea7c98d4305a8f8d4a52af044ffbd,c2-mismatch_20260826_181638_227156_4f4ff330,4f4ff3304f262cb45b129b36796bb1faf7ceb8ecd717c2fd358f23f3a31673e0,none,none,none,none,evidence,revision_B_base,revision_B_base,5,200000.0,xlarge,45.0,80.0,5.0,0.5,1.0
7,42,dynamic_3step,0.5,0.8,10000.0,0.076820403590943,7893.670820426749,0.16830760477252937,10.141508840369974,0.901395343065784,15893,8232,8233,8232,8233,200004.8319121477,504.27060986938886,4811,"[[686523.8362532025,5838927.075221443],[686566.5636703096,5838927.763184127],[686595.8818124438,5839047.670062982],[686520.1027265164,5838904.130887055],[686560.4193126771,5839040.947809029]]",006da335f256203469592a62a852eccffab880f7309f6633631136cbb4337c3b,eead37c088456bdaf7b6d32cfbc41ce1e2f875fd8c6893d0faf4c4009feb6d6e,none,stationary,matched_prior_exact,1,0,"{""p_d"":0.8,""stage"":""c2-mismatch"",""tau"":10000.0,""w"":0.5}",23493243a5f6b095ea52693b5d393f86e1e58febdf4a3d27a620d765fec49176,0.75,True,0faac33dc65553f2093dcb0962f3460cfaa86c48a3091d90ab0a08541288160b,342140,2045,Q_alpha,planner=P; endpoint=Q_alpha,0.5,0.8,10000.0,"{""alpha"":0.75,""p_d"":0.8,""stage"":""c2-mismatch"",""tau"":10000.0,""w"":0.5}",alpha_0.75,revision_C_base@7b52d9149fd5,7b52d9149fd569229bcf4dbdfab434edfabc2e03,7821c330697bd81d6d7c78669e14fc4e785ea7c98d4305a8f8d4a52af044ffbd,c2-mismatch_20260826_181638_227156_4f4ff330,4f4ff3304f262cb45b129b36796bb1faf7ceb8ecd717c2fd358f23f3a31673e0,none,none,none,none,evidence,revision_B_base,revision_B_base,5,200000.0,xlarge,45.0,80.0,5.0,0.5,1.0
7,49,online_static_3step,0.5,0.8,10000.0,0.07038280641320202,7765.463988264254,0.07045411400792333,30.668936004668353,0.9673937172177156,5141,8128,8129,8260,8261,200017.39460868406,446.0564849160146,4641,"[[686463.7511191658,5839051.029528693],[686452.4389455373,5839042.164995775],[686507.4000886203,5838982.9003416505],[686530.3389461557,5838894.149588641],[686480.5429156589,5838990.6251042485]]",7137273470d24672442ea78e63e70285e5d060f4e2f115c218a2de9cd51b6c0a,b9f1d9533e84d87db78c5343f4d068e6d42938aa38eaaaf956e8a91d8820d5f5,none,stationary,matched_prior_exact,1,0,"{""p_d"":0.8,""stage"":""c2-mismatch"",""tau"":10000.0,""w"":0.5}",23493243a5f6b095ea52693b5d393f86e1e58febdf4a3d27a620d765fec49176,0.0,True,66555dd5fc8066933d0063c75d126355dab92e36e1e5c28af8a20c73dff2b54e,342140,2045,Q_alpha,planner=P; endpoint=Q_alpha,0.5,0.8,10000.0,"{""alpha"":0.0,""p_d"":0.8,""stage"":""c2-mismatch"",""tau"":10000.0,""w"":0.5}",alpha_0,revision_C_base@7b52d9149fd5,7b52d9149fd569229bcf4dbdfab434edfabc2e03,7821c330697bd81d6d7c78669e14fc4e785ea7c98d4305a8f8d4a52af044ffbd,c2-mismatch_20260826_181638_227156_4f4ff330,4f4ff3304f262cb45b129b36796bb1faf7ceb8ecd717c2fd358f23f3a31673e0,none,none,none,none,evidence,revision_B_base,revision_B_base,5,200000.0,xlarge,45.0,80.0,5.0,0.5,1.0
7,49,dynamic_3step,0.5,0.8,10000.0,0.21290597829513966,7315.502625795257,0.21317026311613996,9.78512795750845,0.8978040957315568,16568,8260,8261,8260,8261,200020.62181028203,500.8814917332493,4781,"[[686463.7511191658,5839051.029528693],[686452.4389455373,5839042.164995775],[686507.4000886203,5838982.9003416505],[686530.3389461557,5838894.149588641],[686480.5429156589,5838990.6251042485]]",7137273470d24672442ea78e63e70285e5d060f4e2f115c218a2de9cd51b6c0a,50c27d4616b8397af19ea429a8c5a6403b23a9ccb3cb3ed2f2165a59316b45a1,none,stationary,matched_prior_exact,1,0,"{""p_d"":0.8,""stage"":""c2-mismatch"",""tau"":10000.0,""w"":0.5}",23493243a5f6b095ea52693b5d393f86e1e58febdf4a3d27a620d765fec49176,0.0,True,66555dd5fc8066933d0063c75d126355dab92e36e1e5c28af8a20c73dff2b54e,342140,2045,Q_alpha,planner=P; endpoint=Q_alpha,0.5,0.8,10000.0,"{""alpha"":0.0,""p_d"":0.8,""stage"":""c2-mismatch"",""tau"":10000.0,""w"":0.5}",alpha_0,revision_C_base@7b52d9149fd5,7b52d9149fd569229bcf4dbdfab434edfabc2e03,7821c330697bd81d6d7c78669e14fc4e785ea7c98d4305a8f8d4a52af044ffbd,c2-mismatch_20260826_181638_227156_4f4ff330,4f4ff3304f262cb45b129b36796bb1faf7ceb8ecd717c2fd358f23f3a31673e0,none,none,none,none,evidence,revision_B_base,revision_B_base,5,200000.0,xlarge,45.0,80.0,5.0,0.5,1.0
7,49,online_static_3step,0.5,0.8,10000.0,0.05653836673903043,7865.8881308107775,0.07045411400792333,30.668936004668353,0.9673937172177156,5141,8128,8129,8260,8261,200017.39460868406,446.0564849160146,4641,"[[686463.7511191658,5839051.029528693],[686452.4389455373,5839042.164995775],[686507.4000886203,5838982.9003416505],[686530.3389461557,5838894.149588641],[686480.5429156589,5838990.6251042485]]",7137273470d24672442ea78e63e70285e5d060f4e2f115c218a2de9cd51b6c0a,b9f1d9533e84d87db78c5343f4d068e6d42938aa38eaaaf956e8a91d8820d5f5,none,stationary,matched_prior_exact,1,0,"{""p_d"":0.8,""stage"":""c2-mismatch"",""tau"":10000.0,""w"":0.5}",23493243a5f6b095ea52693b5d393f86e1e58febdf4a3d27a620d765fec49176,0.25,True,f5decad240e8146d82f2fe84c48b9704f033cc30118223c1495b95d3267e2568,342140,2045,Q_alpha,planner=P; endpoint=Q_alpha,0.5,0.8,10000.0,"{""alpha"":0.25,""p_d"":0.8,""stage"":""c2-mismatch"",""tau"":10000.0,""w"":0.5}",alpha_0.25,revision_C_base@7b52d9149fd5,7b52d9149fd569229bcf4dbdfab434edfabc2e03,7821c330697bd81d6d7c78669e14fc4e785ea7c98d4305a8f8d4a52af044ffbd,c2-mismatch_20260826_181638_227156_4f4ff330,4f4ff3304f262cb45b129b36796bb1faf7ceb8ecd717c2fd358f23f3a31673e0,none,none,none,none,evidence,revision_B_base,revision_B_base,5,200000.0,xlarge,45.0,80.0,5.0,0.5,1.0
7,49,dynamic_3step,0.5,0.8,10000.0,0.1717699466294497,7500.871211957483,0.21317026311613996,9.78512795750845,0.8978040957315568,16568,8260,8261,8260,8261,200020.62181028203,500.8814917332493,4781,"[[686463.7511191658,5839051.029528693],[686452.4389455373,5839042.164995775],[686507.4000886203,5838982.9003416505],[686530.3389461557,5838894.149588641],[686480.5429156589,5838990.6251042485]]",7137273470d24672442ea78e63e70285e5d060f4e2f115c218a2de9cd51b6c0a,50c27d4616b8397af19ea429a8c5a6403b23a9ccb3cb3ed2f2165a59316b45a1,none,stationary,matched_prior_exact,1,0,"{""p_d"":0.8,""stage"":""c2-mismatch"",""tau"":10000.0,""w"":0.5}",23493243a5f6b095ea52693b5d393f86e1e58febdf4a3d27a620d765fec49176,0.25,True,f5decad240e8146d82f2fe84c48b9704f033cc30118223c1495b95d3267e2568,342140,2045,Q_alpha,planner=P; endpoint=Q_alpha,0.5,0.8,10000.0,"{""alpha"":0.25,""p_d"":0.8,""stage"":""c2-mismatch"",""tau"":10000.0,""w"":0.5}",alpha_0.25,revision_C_base@7b52d9149fd5,7b52d9149fd569229bcf4dbdfab434edfabc2e03,7821c330697bd81d6d7c78669e14fc4e785ea7c98d4305a8f8d4a52af044ffbd,c2-mismatch_20260826_181638_227156_4f4ff330,4f4ff3304f262cb45b129b36796bb1faf7ceb8ecd717c2fd358f23f3a31673e0,none,none,none,none,evidence,revision_B_base,revision_B_base,5,200000.0,xlarge,45.0,80.0,5.0,0.5,1.0
7,49,online_static_3step,0.5,0.8,10000.0,0.042693927064858805,7966.312273358841,0.07045411400792333,30.668936004668353,0.9673937172177156,5141,8128,8129,8260,8261,200017.39460868406,446.0564849160146,4641,"[[686463.7511191658,5839051.029528693],[686452.4389455373,5839042.164995775],[686507.4000886203,5838982.9003416505],[686530.3389461557,5838894.149588641],[686480.5429156589,5838990.6251042485]]",7137273470d24672442ea78e63e70285e5d060f4e2f115c218a2de9cd51b6c0a,b9f1d9533e84d87db78c5343f4d068e6d42938aa38eaaaf956e8a91d8820d5f5,none,stationary,matched_prior_exact,1,0,"{""p_d"":0.8,""stage"":""c2-mismatch"",""tau"":10000.0,""w"":0.5}",23493243a5f6b095ea52693b5d393f86e1e58febdf4a3d27a620d765fec49176,0.5,True,76a60c134581175c2891ccdd58af5849fc0abba13350ac6b7e1f3adc399bfe3e,342140,2045,Q_alpha,planner=P; endpoint=Q_alpha,0.5,0.8,10000.0,"{""alpha"":0.5,""p_d"":0.8,""stage"":""c2-mismatch"",""tau"":10000.0,""w"":0.5}",alpha_0.5,revision_C_base@7b52d9149fd5,7b52d9149fd569229bcf4dbdfab434edfabc2e03,7821c330697bd81d6d7c78669e14fc4e785ea7c98d4305a8f8d4a52af044ffbd,c2-mismatch_20260826_181638_227156_4f4ff330,4f4ff3304f262cb45b129b36796bb1faf7ceb8ecd717c2fd358f23f3a31673e0,none,none,none,none,evidence,revision_B_base,revision_B_base,5,200000.0,xlarge,45.0,80.0,5.0,0.5,1.0
7,49,dynamic_3step,0.5,0.8,10000.0,0.1306339149637597,7686.23979812113,0.21317026311613996,9.78512795750845,0.8978040957315568,16568,8260,8261,8260,8261,200020.62181028203,500.8814917332493,4781,"[[686463.7511191658,5839051.029528693],[686452.4389455373,5839042.164995775],[686507.4000886203,5838982.9003416505],[686530.3389461557,5838894.149588641],[686480.5429156589,5838990.6251042485]]",7137273470d24672442ea78e63e70285e5d060f4e2f115c218a2de9cd51b6c0a,50c27d4616b8397af19ea429a8c5a6403b23a9ccb3cb3ed2f2165a59316b45a1,none,stationary,matched_prior_exact,1,0,"{""p_d"":0.8,""stage"":""c2-mismatch"",""tau"":10000.0,""w"":0.5}",23493243a5f6b095ea52693b5d393f86e1e58febdf4a3d27a620d765fec49176,0.5,True,76a60c134581175c2891ccdd58af5849fc0abba13350ac6b7e1f3adc399bfe3e,342140,2045,Q_alpha,planner=P; endpoint=Q_alpha,0.5,0.8,10000.0,"{""alpha"":0.5,""p_d"":0.8,""stage"":""c2-mismatch"",""tau"":10000.0,""w"":0.5}",alpha_0.5,revision_C_base@7b52d9149fd5,7b52d9149fd569229bcf4dbdfab434edfabc2e03,7821c330697bd81d6d7c78669e14fc4e785ea7c98d4305a8f8d4a52af044ffbd,c2-mismatch_20260826_181638_227156_4f4ff330,4f4ff3304f262cb45b129b36796bb1faf7ceb8ecd717c2fd358f23f3a31673e0,none,none,none,none,evidence,revision_B_base,revision_B_base,5,200000.0,xlarge,45.0,80.0,5.0,0.5,1.0
7,49,online_static_3step,0.5,0.8,10000.0,0.0288494873906872,8066.7364159051995,0.07045411400792333,30.668936004668353,0.9673937172177156,5141,8128,8129,8260,8261,200017.39460868406,446.0564849160146,4641,"[[686463.7511191658,5839051.029528693],[686452.4389455373,5839042.164995775],[686507.4000886203,5838982.9003416505],[686530.3389461557,5838894.149588641],[686480.5429156589,5838990.6251042485]]",7137273470d24672442ea78e63e70285e5d060f4e2f115c218a2de9cd51b6c0a,b9f1d9533e84d87db78c5343f4d068e6d42938aa38eaaaf956e8a91d8820d5f5,none,stationary,matched_prior_exact,1,0,"{""p_d"":0.8,""stage"":""c2-mismatch"",""tau"":10000.0,""w"":0.5}",23493243a5f6b095ea52693b5d393f86e1e58febdf4a3d27a620d765fec49176,0.75,True,0faac33dc65553f2093dcb0962f3460cfaa86c48a3091d90ab0a08541288160b,342140,2045,Q_alpha,planner=P; endpoint=Q_alpha,0.5,0.8,10000.0,"{""alpha"":0.75,""p_d"":0.8,""stage"":""c2-mismatch"",""tau"":10000.0,""w"":0.5}",alpha_0.75,revision_C_base@7b52d9149fd5,7b52d9149fd569229bcf4dbdfab434edfabc2e03,7821c330697bd81d6d7c78669e14fc4e785ea7c98d4305a8f8d4a52af044ffbd,c2-mismatch_20260826_181638_227156_4f4ff330,4f4ff3304f262cb45b129b36796bb1faf7ceb8ecd717c2fd358f23f3a31673e0,none,none,none,none,evidence,revision_B_base,revision_B_base,5,200000.0,xlarge,45.0,80.0,5.0,0.5,1.0
7,49,dynamic_3step,0.5,0.8,10000.0,0.08949788329806968,7871.608384283212,0.21317026311613996,9.78512795750845,0.8978040957315568,16568,8260,8261,8260,8261,200020.62181028203,500.8814917332493,4781,"[[686463.7511191658,5839051.029528693],[686452.4389455373,5839042.164995775],[686507.4000886203,5838982.9003416505],[686530.3389461557,5838894.149588641],[686480.5429156589,5838990.6251042485]]",7137273470d24672442ea78e63e70285e5d060f4e2f115c218a2de9cd51b6c0a,50c27d4616b8397af19ea429a8c5a6403b23a9ccb3cb3ed2f2165a59316b45a1,none,stationary,matched_prior_exact,1,0,"{""p_d"":0.8,""stage"":""c2-mismatch"",""tau"":10000.0,""w"":0.5}",23493243a5f6b095ea52693b5d393f86e1e58febdf4a3d27a620d765fec49176,0.75,True,0faac33dc65553f2093dcb0962f3460cfaa86c48a3091d90ab0a08541288160b,342140,2045,Q_alpha,planner=P; endpoint=Q_alpha,0.5,0.8,10000.0,"{""alpha"":0.75,""p_d"":0.8,""stage"":""c2-mismatch"",""tau"":10000.0,""w"":0.5}",alpha_0.75,revision_C_base@7b52d9149fd5,7b52d9149fd569229bcf4dbdfab434edfabc2e03,7821c330697bd81d6d7c78669e14fc4e785ea7c98d4305a8f8d4a52af044ffbd,c2-mismatch_20260826_181638_227156_4f4ff330,4f4ff3304f262cb45b129b36796bb1faf7ceb8ecd717c2fd358f23f3a31673e0,none,none,none,none,evidence,revision_B_base,revision_B_base,5,200000.0,xlarge,45.0,80.0,5.0,0.5,1.0
7,48,online_static_3step,0.5,0.8,10000.0,0.04253479959841166,7950.201015202796,0.04256303301400875,61.69616752271829,0.983791537786658,2531,8083,8084,8271,8272,200000.95978586638,499.392220079666,5270,"[[686455.1463316425,5839042.628856021],[686430.8791302773,5838985.356926918],[686460.4803246015,5838916.565714553],[686452.5134692262,5838953.700484398],[686520.1447813449,5838947.115903508]]",b85f9723792ce7b18415898fc551ccbb69b3a52f396789496392181de2ff1369,8310baf8f52555d74b2b59f3b1bc43a5ce7c1ba4cc45936d39a1583f43723c24,none,stationary,matched_prior_exact,1,0,"{""p_d"":0.8,""stage"":""c2-mismatch"",""tau"":10000.0,""w"":0.5}",23493243a5f6b095ea52693b5d393f86e1e58febdf4a3d27a620d765fec49176,0.0,True,66555dd5fc8066933d0063c75d126355dab92e36e1e5c28af8a20c73dff2b54e,342140,2045,Q_alpha,planner=P; endpoint=Q_alpha,0.5,0.8,10000.0,"{""alpha"":0.0,""p_d"":0.8,""stage"":""c2-mismatch"",""tau"":10000.0,""w"":0.5}",alpha_0,revision_C_base@7b52d9149fd5,7b52d9149fd569229bcf4dbdfab434edfabc2e03,7821c330697bd81d6d7c78669e14fc4e785ea7c98d4305a8f8d4a52af044ffbd,c2-mismatch_20260826_181638_227156_4f4ff330,4f4ff3304f262cb45b129b36796bb1faf7ceb8ecd717c2fd358f23f3a31673e0,none,none,none,none,evidence,revision_B_base,revision_B_base,5,200000.0,xlarge,45.0,80.0,5.0,0.5,1.0
7,48,dynamic_3step,0.5,0.8,10000.0,0.18548786751461108,7371.046878946197,0.1857192288599377,9.964736906660125,0.8996461211804166,16306,8271,8272,8271,8272,200014.44669773878,469.79789170459844,4456,"[[686455.1463316425,5839042.628856021],[686430.8791302773,5838985.356926918],[686460.4803246015,5838916.565714553],[686452.5134692262,5838953.700484398],[686520.1447813449,5838947.115903508]]",b85f9723792ce7b18415898fc551ccbb69b3a52f396789496392181de2ff1369,3b4c4b9c95ec3a0f770c375a2ee3f844caffccaedfe5170585da0629163fab82,none,stationary,matched_prior_exact,1,0,"{""p_d"":0.8,""stage"":""c2-mismatch"",""tau"":10000.0,""w"":0.5}",23493243a5f6b095ea52693b5d393f86e1e58febdf4a3d27a620d765fec49176,0.0,True,66555dd5fc8066933d0063c75d126355dab92e36e1e5c28af8a20c73dff2b54e,342140,2045,Q_alpha,planner=P; endpoint=Q_alpha,0.5,0.8,10000.0,"{""alpha"":0.0,""p_d"":0.8,""stage"":""c2-mismatch"",""tau"":10000.0,""w"":0.5}",alpha_0,revision_C_base@7b52d9149fd5,7b52d9149fd569229bcf4dbdfab434edfabc2e03,7821c330697bd81d6d7c78669e14fc4e785ea7c98d4305a8f8d4a52af044ffbd,c2-mismatch_20260826_181638_227156_4f4ff330,4f4ff3304f262cb45b129b36796bb1faf7ceb8ecd717c2fd358f23f3a31673e0,none,none,none,none,evidence,revision_B_base,revision_B_base,5,200000.0,xlarge,45.0,80.0,5.0,0.5,1.0
7,48,online_static_3step,0.5,0.8,10000.0,0.03374893004750562,8017.500814871928,0.04256303301400875,61.69616752271829,0.983791537786658,2531,8083,8084,8271,8272,200000.95978586638,499.392220079666,5270,"[[686455.1463316425,5839042.628856021],[686430.8791302773,5838985.356926918],[686460.4803246015,5838916.565714553],[686452.5134692262,5838953.700484398],[686520.1447813449,5838947.115903508]]",b85f9723792ce7b18415898fc551ccbb69b3a52f396789496392181de2ff1369,8310baf8f52555d74b2b59f3b1bc43a5ce7c1ba4cc45936d39a1583f43723c24,none,stationary,matched_prior_exact,1,0,"{""p_d"":0.8,""stage"":""c2-mismatch"",""tau"":10000.0,""w"":0.5}",23493243a5f6b095ea52693b5d393f86e1e58febdf4a3d27a620d765fec49176,0.25,True,f5decad240e8146d82f2fe84c48b9704f033cc30118223c1495b95d3267e2568,342140,2045,Q_alpha,planner=P; endpoint=Q_alpha,0.5,0.8,10000.0,"{""alpha"":0.25,""p_d"":0.8,""stage"":""c2-mismatch"",""tau"":10000.0,""w"":0.5}",alpha_0.25,revision_C_base@7b52d9149fd5,7b52d9149fd569229bcf4dbdfab434edfabc2e03,7821c330697bd81d6d7c78669e14fc4e785ea7c98d4305a8f8d4a52af044ffbd,c2-mismatch_20260826_181638_227156_4f4ff330,4f4ff3304f262cb45b129b36796bb1faf7ceb8ecd717c2fd358f23f3a31673e0,none,none,none,none,evidence,revision_B_base,revision_B_base,5,200000.0,xlarge,45.0,80.0,5.0,0.5,1.0
7,48,dynamic_3step,0.5,0.8,10000.0,0.15101482363108984,7546.008213247018,0.1857192288599377,9.964736906660125,0.8996461211804166,16306,8271,8272,8271,8272,200014.44669773878,469.79789170459844,4456,"[[686455.1463316425,5839042.628856021],[686430.8791302773,5838985.356926918],[686460.4803246015,5838916.565714553],[686452.5134692262,5838953.700484398],[686520.1447813449,5838947.115903508]]",b85f9723792ce7b18415898fc551ccbb69b3a52f396789496392181de2ff1369,3b4c4b9c95ec3a0f770c375a2ee3f844caffccaedfe5170585da0629163fab82,none,stationary,matched_prior_exact,1,0,"{""p_d"":0.8,""stage"":""c2-mismatch"",""tau"":10000.0,""w"":0.5}",23493243a5f6b095ea52693b5d393f86e1e58febdf4a3d27a620d765fec49176,0.25,True,f5decad240e8146d82f2fe84c48b9704f033cc30118223c1495b95d3267e2568,342140,2045,Q_alpha,planner=P; endpoint=Q_alpha,0.5,0.8,10000.0,"{""alpha"":0.25,""p_d"":0.8,""stage"":""c2-mismatch"",""tau"":10000.0,""w"":0.5}",alpha_0.25,revision_C_base@7b52d9149fd5,7b52d9149fd569229bcf4dbdfab434edfabc2e03,7821c330697bd81d6d7c78669e14fc4e785ea7c98d4305a8f8d4a52af044ffbd,c2-mismatch_20260826_181638_227156_4f4ff330,4f4ff3304f262cb45b129b36796bb1faf7ceb8ecd717c2fd358f23f3a31673e0,none,none,none,none,evidence,revision_B_base,revision_B_base,5,200000.0,xlarge,45.0,80.0,5.0,0.5,1.0
7,48,online_static_3step,0.5,0.8,10000.0,0.024963060496599576,8084.800614541564,0.04256303301400875,61.69616752271829,0.983791537786658,2531,8083,8084,8271,8272,200000.95978586638,499.392220079666,5270,"[[686455.1463316425,5839042.628856021],[686430.8791302773,5838985.356926918],[686460.4803246015,5838916.565714553],[686452.5134692262,5838953.700484398],[686520.1447813449,5838947.115903508]]",b85f9723792ce7b18415898fc551ccbb69b3a52f396789496392181de2ff1369,8310baf8f52555d74b2b59f3b1bc43a5ce7c1ba4cc45936d39a1583f43723c24,none,stationary,matched_prior_exact,1,0,"{""p_d"":0.8,""stage"":""c2-mismatch"",""tau"":10000.0,""w"":0.5}",23493243a5f6b095ea52693b5d393f86e1e58febdf4a3d27a620d765fec49176,0.5,True,76a60c134581175c2891ccdd58af5849fc0abba13350ac6b7e1f3adc399bfe3e,342140,2045,Q_alpha,planner=P; endpoint=Q_alpha,0.5,0.8,10000.0,"{""alpha"":0.5,""p_d"":0.8,""stage"":""c2-mismatch"",""tau"":10000.0,""w"":0.5}",alpha_0.5,revision_C_base@7b52d9149fd5,7b52d9149fd569229bcf4dbdfab434edfabc2e03,7821c330697bd81d6d7c78669e14fc4e785ea7c98d4305a8f8d4a52af044ffbd,c2-mismatch_20260826_181638_227156_4f4ff330,4f4ff3304f262cb45b129b36796bb1faf7ceb8ecd717c2fd358f23f3a31673e0,none,none,none,none,evidence,revision_B_base,revision_B_base,5,200000.0,xlarge,45.0,80.0,5.0,0.5,1.0
7,48,dynamic_3step,0.5,0.8,10000.0,0.1165417797475685,7720.969547548225,0.1857192288599377,9.964736906660125,0.8996461211804166,16306,8271,8272,8271,8272,200014.44669773878,469.79789170459844,4456,"[[686455.1463316425,5839042.628856021],[686430.8791302773,5838985.356926918],[686460.4803246015,5838916.565714553],[686452.5134692262,5838953.700484398],[686520.1447813449,5838947.115903508]]",b85f9723792ce7b18415898fc551ccbb69b3a52f396789496392181de2ff1369,3b4c4b9c95ec3a0f770c375a2ee3f844caffccaedfe5170585da0629163fab82,none,stationary,matched_prior_exact,1,0,"{""p_d"":0.8,""stage"":""c2-mismatch"",""tau"":10000.0,""w"":0.5}",23493243a5f6b095ea52693b5d393f86e1e58febdf4a3d27a620d765fec49176,0.5,True,76a60c134581175c2891ccdd58af5849fc0abba13350ac6b7e1f3adc399bfe3e,342140,2045,Q_alpha,planner=P; endpoint=Q_alpha,0.5,0.8,10000.0,"{""alpha"":0.5,""p_d"":0.8,""stage"":""c2-mismatch"",""tau"":10000.0,""w"":0.5}",alpha_0.5,revision_C_base@7b52d9149fd5,7b52d9149fd569229bcf4dbdfab434edfabc2e03,7821c330697bd81d6d7c78669e14fc4e785ea7c98d4305a8f8d4a52af044ffbd,c2-mismatch_20260826_181638_227156_4f4ff330,4f4ff3304f262cb45b129b36796bb1faf7ceb8ecd717c2fd358f23f3a31673e0,none,none,none,none,evidence,revision_B_base,revision_B_base,5,200000.0,xlarge,45.0,80.0,5.0,0.5,1.0
7,48,online_static_3step,0.5,0.8,10000.0,0.016177190945693542,8152.1004142104985,0.04256303301400875,61.69616752271829,0.983791537786658,2531,8083,8084,8271,8272,200000.95978586638,499.392220079666,5270,"[[686455.1463316425,5839042.628856021],[686430.8791302773,5838985.356926918],[686460.4803246015,5838916.565714553],[686452.5134692262,5838953.700484398],[686520.1447813449,5838947.115903508]]",b85f9723792ce7b18415898fc551ccbb69b3a52f396789496392181de2ff1369,8310baf8f52555d74b2b59f3b1bc43a5ce7c1ba4cc45936d39a1583f43723c24,none,stationary,matched_prior_exact,1,0,"{""p_d"":0.8,""stage"":""c2-mismatch"",""tau"":10000.0,""w"":0.5}",23493243a5f6b095ea52693b5d393f86e1e58febdf4a3d27a620d765fec49176,0.75,True,0faac33dc65553f2093dcb0962f3460cfaa86c48a3091d90ab0a08541288160b,342140,2045,Q_alpha,planner=P; endpoint=Q_alpha,0.5,0.8,10000.0,"{""alpha"":0.75,""p_d"":0.8,""stage"":""c2-mismatch"",""tau"":10000.0,""w"":0.5}",alpha_0.75,revision_C_base@7b52d9149fd5,7b52d9149fd569229bcf4dbdfab434edfabc2e03,7821c330697bd81d6d7c78669e14fc4e785ea7c98d4305a8f8d4a52af044ffbd,c2-mismatch_20260826_181638_227156_4f4ff330,4f4ff3304f262cb45b129b36796bb1faf7ceb8ecd717c2fd358f23f3a31673e0,none,none,none,none,evidence,revision_B_base,revision_B_base,5,200000.0,xlarge,45.0,80.0,5.0,0.5,1.0
7,48,dynamic_3step,0.5,0.8,10000.0,0.08206873586404721,7895.930881848825,0.1857192288599377,9.964736906660125,0.8996461211804166,16306,8271,8272,8271,8272,200014.44669773878,469.79789170459844,4456,"[[686455.1463316425,5839042.628856021],[686430.8791302773,5838985.356926918],[686460.4803246015,5838916.565714553],[686452.5134692262,5838953.700484398],[686520.1447813449,5838947.115903508]]",b85f9723792ce7b18415898fc551ccbb69b3a52f396789496392181de2ff1369,3b4c4b9c95ec3a0f770c375a2ee3f844caffccaedfe5170585da0629163fab82,none,stationary,matched_prior_exact,1,0,"{""p_d"":0.8,""stage"":""c2-mismatch"",""tau"":10000.0,""w"":0.5}",23493243a5f6b095ea52693b5d393f86e1e58febdf4a3d27a620d765fec49176,0.75,True,0faac33dc65553f2093dcb0962f3460cfaa86c48a3091d90ab0a08541288160b,342140,2045,Q_alpha,planner=P; endpoint=Q_alpha,0.5,0.8,10000.0,"{""alpha"":0.75,""p_d"":0.8,""stage"":""c2-mismatch"",""tau"":10000.0,""w"":0.5}",alpha_0.75,revision_C_base@7b52d9149fd5,7b52d9149fd569229bcf4dbdfab434edfabc2e03,7821c330697bd81d6d7c78669e14fc4e785ea7c98d4305a8f8d4a52af044ffbd,c2-mismatch_20260826_181638_227156_4f4ff330,4f4ff3304f262cb45b129b36796bb1faf7ceb8ecd717c2fd358f23f3a31673e0,none,none,none,none,evidence,revision_B_base,revision_B_base,5,200000.0,xlarge,45.0,80.0,5.0,0.5,1.0
7,46,online_static_3step,0.5,0.8,10000.0,0.09724596650470911,7632.791893557962,0.09735164891239181,24.00946420393833,0.9583497577661076,6551,8117,8118,8252,8253,200018.67948501406,503.6486027617939,5282,"[[686536.9456797002,5838977.041315573],[686502.756875702,5839070.639980433],[686540.579588807,5838980.8358691055],[686453.306528826,5838928.668821625],[686427.6094122763,5838986.358756295]]",72b2a4b6cfa190859e858989a9c94ff8592eebd82cfee1e5bcbe8e4fddf368a3,8f60d7c409155f73f1e85e01bf10b5b3c00e034f16db3234902ffd5091a2c82c,none,stationary,matched_prior_exact,1,0,"{""p_d"":0.8,""stage"":""c2-mismatch"",""tau"":10000.0,""w"":0.5}",23493243a5f6b095ea52693b5d393f86e1e58febdf4a3d27a620d765fec49176,0.0,True,66555dd5fc8066933d0063c75d126355dab92e36e1e5c28af8a20c73dff2b54e,342140,2045,Q_alpha,planner=P; endpoint=Q_alpha,0.5,0.8,10000.0,"{""alpha"":0.0,""p_d"":0.8,""stage"":""c2-mismatch"",""tau"":10000.0,""w"":0.5}",alpha_0,revision_C_base@7b52d9149fd5,7b52d9149fd569229bcf4dbdfab434edfabc2e03,7821c330697bd81d6d7c78669e14fc4e785ea7c98d4305a8f8d4a52af044ffbd,c2-mismatch_20260826_181638_227156_4f4ff330,4f4ff3304f262cb45b129b36796bb1faf7ceb8ecd717c2fd358f23f3a31673e0,none,none,none,none,evidence,revision_B_base,revision_B_base,5,200000.0,xlarge,45.0,80.0,5.0,0.5,1.0
7,46,dynamic_3step,0.5,0.8,10000.0,0.2030827688167457,7321.75709318287,0.20334832217976231,9.629105188005711,0.8961481902549338,16808,8252,8253,8252,8253,200006.83092709296,487.4133548035752,4696,"[[686536.9456797002,5838977.041315573],[686502.756875702,5839070.639980433],[686540.579588807,5838980.8358691055],[686453.306528826,5838928.668821625],[686427.6094122763,5838986.358756295]]",72b2a4b6cfa190859e858989a9c94ff8592eebd82cfee1e5bcbe8e4fddf368a3,60c92f1107b702a17a7865e19fbad87bf4f6bb3691b247ee6f4cd0821232c42e,none,stationary,matched_prior_exact,1,0,"{""p_d"":0.8,""stage"":""c2-mismatch"",""tau"":10000.0,""w"":0.5}",23493243a5f6b095ea52693b5d393f86e1e58febdf4a3d27a620d765fec49176,0.0,True,66555dd5fc8066933d0063c75d126355dab92e36e1e5c28af8a20c73dff2b54e,342140,2045,Q_alpha,planner=P; endpoint=Q_alpha,0.5,0.8,10000.0,"{""alpha"":0.0,""p_d"":0.8,""stage"":""c2-mismatch"",""tau"":10000.0,""w"":0.5}",alpha_0,revision_C_base@7b52d9149fd5,7b52d9149fd569229bcf4dbdfab434edfabc2e03,7821c330697bd81d6d7c78669e14fc4e785ea7c98d4305a8f8d4a52af044ffbd,c2-mismatch_20260826_181638_227156_4f4ff330,4f4ff3304f262cb45b129b36796bb1faf7ceb8ecd717c2fd358f23f3a31673e0,none,none,none,none,evidence,revision_B_base,revision_B_base,5,200000.0,xlarge,45.0,80.0,5.0,0.5,1.0
7,46,online_static_3step,0.5,0.8,10000.0,0.07771454179342899,7761.039594838916,0.09735164891239181,24.00946420393833,0.9583497577661076,6551,8117,8118,8252,8253,200018.67948501406,503.6486027617939,5282,"[[686536.9456797002,5838977.041315573],[686502.756875702,5839070.639980433],[686540.579588807,5838980.8358691055],[686453.306528826,5838928.668821625],[686427.6094122763,5838986.358756295]]",72b2a4b6cfa190859e858989a9c94ff8592eebd82cfee1e5bcbe8e4fddf368a3,8f60d7c409155f73f1e85e01bf10b5b3c00e034f16db3234902ffd5091a2c82c,none,stationary,matched_prior_exact,1,0,"{""p_d"":0.8,""stage"":""c2-mismatch"",""tau"":10000.0,""w"":0.5}",23493243a5f6b095ea52693b5d393f86e1e58febdf4a3d27a620d765fec49176,0.25,True,f5decad240e8146d82f2fe84c48b9704f033cc30118223c1495b95d3267e2568,342140,2045,Q_alpha,planner=P; endpoint=Q_alpha,0.5,0.8,10000.0,"{""alpha"":0.25,""p_d"":0.8,""stage"":""c2-mismatch"",""tau"":10000.0,""w"":0.5}",alpha_0.25,revision_C_base@7b52d9149fd5,7b52d9149fd569229bcf4dbdfab434edfabc2e03,7821c330697bd81d6d7c78669e14fc4e785ea7c98d4305a8f8d4a52af044ffbd,c2-mismatch_20260826_181638_227156_4f4ff330,4f4ff3304f262cb45b129b36796bb1faf7ceb8ecd717c2fd358f23f3a31673e0,none,none,none,none,evidence,revision_B_base,revision_B_base,5,200000.0,xlarge,45.0,80.0,5.0,0.5,1.0
7,46,dynamic_3step,0.5,0.8,10000.0,0.16457707427629292,7503.128368791096,0.20334832217976231,9.629105188005711,0.8961481902549338,16808,8252,8253,8252,8253,200006.83092709296,487.4133548035752,4696,"[[686536.9456797002,5838977.041315573],[686502.756875702,5839070.639980433],[686540.579588807,5838980.8358691055],[686453.306528826,5838928.668821625],[686427.6094122763,5838986.358756295]]",72b2a4b6cfa190859e858989a9c94ff8592eebd82cfee1e5bcbe8e4fddf368a3,60c92f1107b702a17a7865e19fbad87bf4f6bb3691b247ee6f4cd0821232c42e,none,stationary,matched_prior_exact,1,0,"{""p_d"":0.8,""stage"":""c2-mismatch"",""tau"":10000.0,""w"":0.5}",23493243a5f6b095ea52693b5d393f86e1e58febdf4a3d27a620d765fec49176,0.25,True,f5decad240e8146d82f2fe84c48b9704f033cc30118223c1495b95d3267e2568,342140,2045,Q_alpha,planner=P; endpoint=Q_alpha,0.5,0.8,10000.0,"{""alpha"":0.25,""p_d"":0.8,""stage"":""c2-mismatch"",""tau"":10000.0,""w"":0.5}",alpha_0.25,revision_C_base@7b52d9149fd5,7b52d9149fd569229bcf4dbdfab434edfabc2e03,7821c330697bd81d6d7c78669e14fc4e785ea7c98d4305a8f8d4a52af044ffbd,c2-mismatch_20260826_181638_227156_4f4ff330,4f4ff3304f262cb45b129b36796bb1faf7ceb8ecd717c2fd358f23f3a31673e0,none,none,none,none,evidence,revision_B_base,revision_B_base,5,200000.0,xlarge,45.0,80.0,5.0,0.5,1.0
7,46,online_static_3step,0.5,0.8,10000.0,0.058183117082148864,7889.287296119548,0.09735164891239181,24.00946420393833,0.9583497577661076,6551,8117,8118,8252,8253,200018.67948501406,503.6486027617939,5282,"[[686536.9456797002,5838977.041315573],[686502.756875702,5839070.639980433],[686540.579588807,5838980.8358691055],[686453.306528826,5838928.668821625],[686427.6094122763,5838986.358756295]]",72b2a4b6cfa190859e858989a9c94ff8592eebd82cfee1e5bcbe8e4fddf368a3,8f60d7c409155f73f1e85e01bf10b5b3c00e034f16db3234902ffd5091a2c82c,none,stationary,matched_prior_exact,1,0,"{""p_d"":0.8,""stage"":""c2-mismatch"",""tau"":10000.0,""w"":0.5}",23493243a5f6b095ea52693b5d393f86e1e58febdf4a3d27a620d765fec49176,0.5,True,76a60c134581175c2891ccdd58af5849fc0abba13350ac6b7e1f3adc399bfe3e,342140,2045,Q_alpha,planner=P; endpoint=Q_alpha,0.5,0.8,10000.0,"{""alpha"":0.5,""p_d"":0.8,""stage"":""c2-mismatch"",""tau"":10000.0,""w"":0.5}",alpha_0.5,revision_C_base@7b52d9149fd5,7b52d9149fd569229bcf4dbdfab434edfabc2e03,7821c330697bd81d6d7c78669e14fc4e785ea7c98d4305a8f8d4a52af044ffbd,c2-mismatch_20260826_181638_227156_4f4ff330,4f4ff3304f262cb45b129b36796bb1faf7ceb8ecd717c2fd358f23f3a31673e0,none,none,none,none,evidence,revision_B_base,revision_B_base,5,200000.0,xlarge,45.0,80.0,5.0,0.5,1.0
7,46,dynamic_3step,0.5,0.8,10000.0,0.12607137973584012,7684.499644399059,0.20334832217976231,9.629105188005711,0.8961481902549338,16808,8252,8253,8252,8253,200006.83092709296,487.4133548035752,4696,"[[686536.9456797002,5838977.041315573],[686502.756875702,5839070.639980433],[686540.579588807,5838980.8358691055],[686453.306528826,5838928.668821625],[686427.6094122763,5838986.358756295]]",72b2a4b6cfa190859e858989a9c94ff8592eebd82cfee1e5bcbe8e4fddf368a3,60c92f1107b702a17a7865e19fbad87bf4f6bb3691b247ee6f4cd0821232c42e,none,stationary,matched_prior_exact,1,0,"{""p_d"":0.8,""stage"":""c2-mismatch"",""tau"":10000.0,""w"":0.5}",23493243a5f6b095ea52693b5d393f86e1e58febdf4a3d27a620d765fec49176,0.5,True,76a60c134581175c2891ccdd58af5849fc0abba13350ac6b7e1f3adc399bfe3e,342140,2045,Q_alpha,planner=P; endpoint=Q_alpha,0.5,0.8,10000.0,"{""alpha"":0.5,""p_d"":0.8,""stage"":""c2-mismatch"",""tau"":10000.0,""w"":0.5}",alpha_0.5,revision_C_base@7b52d9149fd5,7b52d9149fd569229bcf4dbdfab434edfabc2e03,7821c330697bd81d6d7c78669e14fc4e785ea7c98d4305a8f8d4a52af044ffbd,c2-mismatch_20260826_181638_227156_4f4ff330,4f4ff3304f262cb45b129b36796bb1faf7ceb8ecd717c2fd358f23f3a31673e0,none,none,none,none,evidence,revision_B_base,revision_B_base,5,200000.0,xlarge,45.0,80.0,5.0,0.5,1.0
7,46,online_static_3step,0.5,0.8,10000.0,0.03865169237086876,8017.534997400715,0.09735164891239181,24.00946420393833,0.9583497577661076,6551,8117,8118,8252,8253,200018.67948501406,503.6486027617939,5282,"[[686536.9456797002,5838977.041315573],[686502.756875702,5839070.639980433],[686540.579588807,5838980.8358691055],[686453.306528826,5838928.668821625],[686427.6094122763,5838986.358756295]]",72b2a4b6cfa190859e858989a9c94ff8592eebd82cfee1e5bcbe8e4fddf368a3,8f60d7c409155f73f1e85e01bf10b5b3c00e034f16db3234902ffd5091a2c82c,none,stationary,matched_prior_exact,1,0,"{""p_d"":0.8,""stage"":""c2-mismatch"",""tau"":10000.0,""w"":0.5}",23493243a5f6b095ea52693b5d393f86e1e58febdf4a3d27a620d765fec49176,0.75,True,0faac33dc65553f2093dcb0962f3460cfaa86c48a3091d90ab0a08541288160b,342140,2045,Q_alpha,planner=P; endpoint=Q_alpha,0.5,0.8,10000.0,"{""alpha"":0.75,""p_d"":0.8,""stage"":""c2-mismatch"",""tau"":10000.0,""w"":0.5}",alpha_0.75,revision_C_base@7b52d9149fd5,7b52d9149fd569229bcf4dbdfab434edfabc2e03,7821c330697bd81d6d7c78669e14fc4e785ea7c98d4305a8f8d4a52af044ffbd,c2-mismatch_20260826_181638_227156_4f4ff330,4f4ff3304f262cb45b129b36796bb1faf7ceb8ecd717c2fd358f23f3a31673e0,none,none,none,none,evidence,revision_B_base,revision_B_base,5,200000.0,xlarge,45.0,80.0,5.0,0.5,1.0
7,46,dynamic_3step,0.5,0.8,10000.0,0.08756568519538731,7865.870920007585,0.20334832217976231,9.629105188005711,0.8961481902549338,16808,8252,8253,8252,8253,200006.83092709296,487.4133548035752,4696,"[[686536.9456797002,5838977.041315573],[686502.756875702,5839070.639980433],[686540.579588807,5838980.8358691055],[686453.306528826,5838928.668821625],[686427.6094122763,5838986.358756295]]",72b2a4b6cfa190859e858989a9c94ff8592eebd82cfee1e5bcbe8e4fddf368a3,60c92f1107b702a17a7865e19fbad87bf4f6bb3691b247ee6f4cd0821232c42e,none,stationary,matched_prior_exact,1,0,"{""p_d"":0.8,""stage"":""c2-mismatch"",""tau"":10000.0,""w"":0.5}",23493243a5f6b095ea52693b5d393f86e1e58febdf4a3d27a620d765fec49176,0.75,True,0faac33dc65553f2093dcb0962f3460cfaa86c48a3091d90ab0a08541288160b,342140,2045,Q_alpha,planner=P; endpoint=Q_alpha,0.5,0.8,10000.0,"{""alpha"":0.75,""p_d"":0.8,""stage"":""c2-mismatch"",""tau"":10000.0,""w"":0.5}",alpha_0.75,revision_C_base@7b52d9149fd5,7b52d9149fd569229bcf4dbdfab434edfabc2e03,7821c330697bd81d6d7c78669e14fc4e785ea7c98d4305a8f8d4a52af044ffbd,c2-mismatch_20260826_181638_227156_4f4ff330,4f4ff3304f262cb45b129b36796bb1faf7ceb8ecd717c2fd358f23f3a31673e0,none,none,none,none,evidence,revision_B_base,revision_B_base,5,200000.0,xlarge,45.0,80.0,5.0,0.5,1.0
7,44,online_static_3step,0.5,0.8,10000.0,0.0434620322779693,7931.519996773128,0.04350111611457751,40.003819709702064,0.9750023870906139,3927,8111,8112,8254,8255,200000.17277430842,535.9285435322672,5735,"[[686550.3719393034,5839027.944815845],[686432.2114798157,5839047.514619678],[686562.3711137616,5839071.464514369],[686544.1074016276,5839042.245650976],[686479.4570754749,5838922.012930993]]",11105a2cc12ea269694f1fa8b45ff83d4588344c41b1c28dbb5cea328ef765c7,df559f706ece68394817e3194509442ba210687e035fee47d891fb0c894f44b2,none,stationary,matched_prior_exact,1,0,"{""p_d"":0.8,""stage"":""c2-mismatch"",""tau"":10000.0,""w"":0.5}",23493243a5f6b095ea52693b5d393f86e1e58febdf4a3d27a620d765fec49176,0.0,True,66555dd5fc8066933d0063c75d126355dab92e36e1e5c28af8a20c73dff2b54e,342140,2045,Q_alpha,planner=P; endpoint=Q_alpha,0.5,0.8,10000.0,"{""alpha"":0.0,""p_d"":0.8,""stage"":""c2-mismatch"",""tau"":10000.0,""w"":0.5}",alpha_0,revision_C_base@7b52d9149fd5,7b52d9149fd569229bcf4dbdfab434edfabc2e03,7821c330697bd81d6d7c78669e14fc4e785ea7c98d4305a8f8d4a52af044ffbd,c2-mismatch_20260826_181638_227156_4f4ff330,4f4ff3304f262cb45b129b36796bb1faf7ceb8ecd717c2fd358f23f3a31673e0,none,none,none,none,evidence,revision_B_base,revision_B_base,5,200000.0,xlarge,45.0,80.0,5.0,0.5,1.0
7,44,dynamic_3step,0.5,0.8,10000.0,0.20790906644872081,7276.721371426612,0.20815701645128756,9.661137299361537,0.8964925174941789,16759,8254,8255,8254,8255,200020.56702993307,485.19025383749977,4676,"[[686550.3719393034,5839027.944815845],[686432.2114798157,5839047.514619678],[686562.3711137616,5839071.464514369],[686544.1074016276,5839042.245650976],[686479.4570754749,5838922.012930993]]",11105a2cc12ea269694f1fa8b45ff83d4588344c41b1c28dbb5cea328ef765c7,a1f807c262de14dd184d111a2c29529dcf67c05b57046b2420729cf404e67a24,none,stationary,matched_prior_exact,1,0,"{""p_d"":0.8,""stage"":""c2-mismatch"",""tau"":10000.0,""w"":0.5}",23493243a5f6b095ea52693b5d393f86e1e58febdf4a3d27a620d765fec49176,0.0,True,66555dd5fc8066933d0063c75d126355dab92e36e1e5c28af8a20c73dff2b54e,342140,2045,Q_alpha,planner=P; endpoint=Q_alpha,0.5,0.8,10000.0,"{""alpha"":0.0,""p_d"":0.8,""stage"":""c2-mismatch"",""tau"":10000.0,""w"":0.5}",alpha_0,revision_C_base@7b52d9149fd5,7b52d9149fd569229bcf4dbdfab434edfabc2e03,7821c330697bd81d6d7c78669e14fc4e785ea7c98d4305a8f8d4a52af044ffbd,c2-mismatch_20260826_181638_227156_4f4ff330,4f4ff3304f262cb45b129b36796bb1faf7ceb8ecd717c2fd358f23f3a31673e0,none,none,none,none,evidence,revision_B_base,revision_B_base,5,200000.0,xlarge,45.0,80.0,5.0,0.5,1.0
7,44,online_static_3step,0.5,0.8,10000.0,0.03546158048666592,7994.518153002438,0.04350111611457751,40.003819709702064,0.9750023870906139,3927,8111,8112,8254,8255,200000.17277430842,535.9285435322672,5735,"[[686550.3719393034,5839027.944815845],[686432.2114798157,5839047.514619678],[686562.3711137616,5839071.464514369],[686544.1074016276,5839042.245650976],[686479.4570754749,5838922.012930993]]",11105a2cc12ea269694f1fa8b45ff83d4588344c41b1c28dbb5cea328ef765c7,df559f706ece68394817e3194509442ba210687e035fee47d891fb0c894f44b2,none,stationary,matched_prior_exact,1,0,"{""p_d"":0.8,""stage"":""c2-mismatch"",""tau"":10000.0,""w"":0.5}",23493243a5f6b095ea52693b5d393f86e1e58febdf4a3d27a620d765fec49176,0.25,True,f5decad240e8146d82f2fe84c48b9704f033cc30118223c1495b95d3267e2568,342140,2045,Q_alpha,planner=P; endpoint=Q_alpha,0.5,0.8,10000.0,"{""alpha"":0.25,""p_d"":0.8,""stage"":""c2-mismatch"",""tau"":10000.0,""w"":0.5}",alpha_0.25,revision_C_base@7b52d9149fd5,7b52d9149fd569229bcf4dbdfab434edfabc2e03,7821c330697bd81d6d7c78669e14fc4e785ea7c98d4305a8f8d4a52af044ffbd,c2-mismatch_20260826_181638_227156_4f4ff330,4f4ff3304f262cb45b129b36796bb1faf7ceb8ecd717c2fd358f23f3a31673e0,none,none,none,none,evidence,revision_B_base,revision_B_base,5,200000.0,xlarge,45.0,80.0,5.0,0.5,1.0
7,44,dynamic_3step,0.5,0.8,10000.0,0.16816201358095073,7469.50635549572,0.20815701645128756,9.661137299361537,0.8964925174941789,16759,8254,8255,8254,8255,200020.56702993307,485.19025383749977,4676,"[[686550.3719393034,5839027.944815845],[686432.2114798157,5839047.514619678],[686562.3711137616,5839071.464514369],[686544.1074016276,5839042.245650976],[686479.4570754749,5838922.012930993]]",11105a2cc12ea269694f1fa8b45ff83d4588344c41b1c28dbb5cea328ef765c7,a1f807c262de14dd184d111a2c29529dcf67c05b57046b2420729cf404e67a24,none,stationary,matched_prior_exact,1,0,"{""p_d"":0.8,""stage"":""c2-mismatch"",""tau"":10000.0,""w"":0.5}",23493243a5f6b095ea52693b5d393f86e1e58febdf4a3d27a620d765fec49176,0.25,True,f5decad240e8146d82f2fe84c48b9704f033cc30118223c1495b95d3267e2568,342140,2045,Q_alpha,planner=P; endpoint=Q_alpha,0.5,0.8,10000.0,"{""alpha"":0.25,""p_d"":0.8,""stage"":""c2-mismatch"",""tau"":10000.0,""w"":0.5}",alpha_0.25,revision_C_base@7b52d9149fd5,7b52d9149fd569229bcf4dbdfab434edfabc2e03,7821c330697bd81d6d7c78669e14fc4e785ea7c98d4305a8f8d4a52af044ffbd,c2-mismatch_20260826_181638_227156_4f4ff330,4f4ff3304f262cb45b129b36796bb1faf7ceb8ecd717c2fd358f23f3a31673e0,none,none,none,none,evidence,revision_B_base,revision_B_base,5,200000.0,xlarge,45.0,80.0,5.0,0.5,1.0
7,44,online_static_3step,0.5,0.8,10000.0,0.027461128695362533,8057.516309232045,0.04350111611457751,40.003819709702064,0.9750023870906139,3927,8111,8112,8254,8255,200000.17277430842,535.9285435322672,5735,"[[686550.3719393034,5839027.944815845],[686432.2114798157,5839047.514619678],[686562.3711137616,5839071.464514369],[686544.1074016276,5839042.245650976],[686479.4570754749,5838922.012930993]]",11105a2cc12ea269694f1fa8b45ff83d4588344c41b1c28dbb5cea328ef765c7,df559f706ece68394817e3194509442ba210687e035fee47d891fb0c894f44b2,none,stationary,matched_prior_exact,1,0,"{""p_d"":0.8,""stage"":""c2-mismatch"",""tau"":10000.0,""w"":0.5}",23493243a5f6b095ea52693b5d393f86e1e58febdf4a3d27a620d765fec49176,0.5,True,76a60c134581175c2891ccdd58af5849fc0abba13350ac6b7e1f3adc399bfe3e,342140,2045,Q_alpha,planner=P; endpoint=Q_alpha,0.5,0.8,10000.0,"{""alpha"":0.5,""p_d"":0.8,""stage"":""c2-mismatch"",""tau"":10000.0,""w"":0.5}",alpha_0.5,revision_C_base@7b52d9149fd5,7b52d9149fd569229bcf4dbdfab434edfabc2e03,7821c330697bd81d6d7c78669e14fc4e785ea7c98d4305a8f8d4a52af044ffbd,c2-mismatch_20260826_181638_227156_4f4ff330,4f4ff3304f262cb45b129b36796bb1faf7ceb8ecd717c2fd358f23f3a31673e0,none,none,none,none,evidence,revision_B_base,revision_B_base,5,200000.0,xlarge,45.0,80.0,5.0,0.5,1.0
7,44,dynamic_3step,0.5,0.8,10000.0,0.12841496071318065,7662.291339565301,0.20815701645128756,9.661137299361537,0.8964925174941789,16759,8254,8255,8254,8255,200020.56702993307,485.19025383749977,4676,"[[686550.3719393034,5839027.944815845],[686432.2114798157,5839047.514619678],[686562.3711137616,5839071.464514369],[686544.1074016276,5839042.245650976],[686479.4570754749,5838922.012930993]]",11105a2cc12ea269694f1fa8b45ff83d4588344c41b1c28dbb5cea328ef765c7,a1f807c262de14dd184d111a2c29529dcf67c05b57046b2420729cf404e67a24,none,stationary,matched_prior_exact,1,0,"{""p_d"":0.8,""stage"":""c2-mismatch"",""tau"":10000.0,""w"":0.5}",23493243a5f6b095ea52693b5d393f86e1e58febdf4a3d27a620d765fec49176,0.5,True,76a60c134581175c2891ccdd58af5849fc0abba13350ac6b7e1f3adc399bfe3e,342140,2045,Q_alpha,planner=P; endpoint=Q_alpha,0.5,0.8,10000.0,"{""alpha"":0.5,""p_d"":0.8,""stage"":""c2-mismatch"",""tau"":10000.0,""w"":0.5}",alpha_0.5,revision_C_base@7b52d9149fd5,7b52d9149fd569229bcf4dbdfab434edfabc2e03,7821c330697bd81d6d7c78669e14fc4e785ea7c98d4305a8f8d4a52af044ffbd,c2-mismatch_20260826_181638_227156_4f4ff330,4f4ff3304f262cb45b129b36796bb1faf7ceb8ecd717c2fd358f23f3a31673e0,none,none,none,none,evidence,revision_B_base,revision_B_base,5,200000.0,xlarge,45.0,80.0,5.0,0.5,1.0
7,44,online_static_3step,0.5,0.8,10000.0,0.019460676904059157,8120.514465461872,0.04350111611457751,40.003819709702064,0.9750023870906139,3927,8111,8112,8254,8255,200000.17277430842,535.9285435322672,5735,"[[686550.3719393034,5839027.944815845],[686432.2114798157,5839047.514619678],[686562.3711137616,5839071.464514369],[686544.1074016276,5839042.245650976],[686479.4570754749,5838922.012930993]]",11105a2cc12ea269694f1fa8b45ff83d4588344c41b1c28dbb5cea328ef765c7,df559f706ece68394817e3194509442ba210687e035fee47d891fb0c894f44b2,none,stationary,matched_prior_exact,1,0,"{""p_d"":0.8,""stage"":""c2-mismatch"",""tau"":10000.0,""w"":0.5}",23493243a5f6b095ea52693b5d393f86e1e58febdf4a3d27a620d765fec49176,0.75,True,0faac33dc65553f2093dcb0962f3460cfaa86c48a3091d90ab0a08541288160b,342140,2045,Q_alpha,planner=P; endpoint=Q_alpha,0.5,0.8,10000.0,"{""alpha"":0.75,""p_d"":0.8,""stage"":""c2-mismatch"",""tau"":10000.0,""w"":0.5}",alpha_0.75,revision_C_base@7b52d9149fd5,7b52d9149fd569229bcf4dbdfab434edfabc2e03,7821c330697bd81d6d7c78669e14fc4e785ea7c98d4305a8f8d4a52af044ffbd,c2-mismatch_20260826_181638_227156_4f4ff330,4f4ff3304f262cb45b129b36796bb1faf7ceb8ecd717c2fd358f23f3a31673e0,none,none,none,none,evidence,revision_B_base,revision_B_base,5,200000.0,xlarge,45.0,80.0,5.0,0.5,1.0
7,44,dynamic_3step,0.5,0.8,10000.0,0.08866790784541059,7855.076323635166,0.20815701645128756,9.661137299361537,0.8964925174941789,16759,8254,8255,8254,8255,200020.56702993307,485.19025383749977,4676,"[[686550.3719393034,5839027.944815845],[686432.2114798157,5839047.514619678],[686562.3711137616,5839071.464514369],[686544.1074016276,5839042.245650976],[686479.4570754749,5838922.012930993]]",11105a2cc12ea269694f1fa8b45ff83d4588344c41b1c28dbb5cea328ef765c7,a1f807c262de14dd184d111a2c29529dcf67c05b57046b2420729cf404e67a24,none,stationary,matched_prior_exact,1,0,"{""p_d"":0.8,""stage"":""c2-mismatch"",""tau"":10000.0,""w"":0.5}",23493243a5f6b095ea52693b5d393f86e1e58febdf4a3d27a620d765fec49176,0.75,True,0faac33dc65553f2093dcb0962f3460cfaa86c48a3091d90ab0a08541288160b,342140,2045,Q_alpha,planner=P; endpoint=Q_alpha,0.5,0.8,10000.0,"{""alpha"":0.75,""p_d"":0.8,""stage"":""c2-mismatch"",""tau"":10000.0,""w"":0.5}",alpha_0.75,revision_C_base@7b52d9149fd5,7b52d9149fd569229bcf4dbdfab434edfabc2e03,7821c330697bd81d6d7c78669e14fc4e785ea7c98d4305a8f8d4a52af044ffbd,c2-mismatch_20260826_181638_227156_4f4ff330,4f4ff3304f262cb45b129b36796bb1faf7ceb8ecd717c2fd358f23f3a31673e0,none,none,none,none,evidence,revision_B_base,revision_B_base,5,200000.0,xlarge,45.0,80.0,5.0,0.5,1.0
7,50,online_static_3step,0.5,0.8,10000.0,0.08347640827605958,7662.789398887167,0.08355425801058537,27.15844646846537,0.9631790426171418,5819,8139,8140,8263,8264,200006.72803027715,475.9566463008523,4893,"[[686535.1739271695,5838903.781010715],[686419.6743338468,5838963.323460252],[686520.5484998169,5839072.730543949],[686582.3041091994,5839022.187519025],[686471.7352692339,5839022.265938205]]",fdf9951f218e61b913618a579bd13a77417b8831a28d26d86ea79bbbe03fffcf,1671e1daa2a4c5a921ec14c52b25810b41c7b08c5164af0bf5d94e6346ba83ce,none,stationary,matched_prior_exact,1,0,"{""p_d"":0.8,""stage"":""c2-mismatch"",""tau"":10000.0,""w"":0.5}",23493243a5f6b095ea52693b5d393f86e1e58febdf4a3d27a620d765fec49176,0.0,True,66555dd5fc8066933d0063c75d126355dab92e36e1e5c28af8a20c73dff2b54e,342140,2045,Q_alpha,planner=P; endpoint=Q_alpha,0.5,0.8,10000.0,"{""alpha"":0.0,""p_d"":0.8,""stage"":""c2-mismatch"",""tau"":10000.0,""w"":0.5}",alpha_0,revision_C_base@7b52d9149fd5,7b52d9149fd569229bcf4dbdfab434edfabc2e03,7821c330697bd81d6d7c78669e14fc4e785ea7c98d4305a8f8d4a52af044ffbd,c2-mismatch_20260826_181638_227156_4f4ff330,4f4ff3304f262cb45b129b36796bb1faf7ceb8ecd717c2fd358f23f3a31673e0,none,none,none,none,evidence,revision_B_base,revision_B_base,5,200000.0,xlarge,45.0,80.0,5.0,0.5,1.0
7,50,dynamic_3step,0.5,0.8,10000.0,0.16592839640970045,7475.296822186651,0.1660861370627199,11.763451776649747,0.9149909381203073,13790,8263,8264,8263,8264,200012.30489838196,494.58175743278116,4760,"[[686535.1739271695,5838903.781010715],[686419.6743338468,5838963.323460252],[686520.5484998169,5839072.730543949],[686582.3041091994,5839022.187519025],[686471.7352692339,5839022.265938205]]",fdf9951f218e61b913618a579bd13a77417b8831a28d26d86ea79bbbe03fffcf,02676ac2d58507de50fc2260b1d3c9da3ba01073da62da7a84949b36619fde04,none,stationary,matched_prior_exact,1,0,"{""p_d"":0.8,""stage"":""c2-mismatch"",""tau"":10000.0,""w"":0.5}",23493243a5f6b095ea52693b5d393f86e1e58febdf4a3d27a620d765fec49176,0.0,True,66555dd5fc8066933d0063c75d126355dab92e36e1e5c28af8a20c73dff2b54e,342140,2045,Q_alpha,planner=P; endpoint=Q_alpha,0.5,0.8,10000.0,"{""alpha"":0.0,""p_d"":0.8,""stage"":""c2-mismatch"",""tau"":10000.0,""w"":0.5}",alpha_0,revision_C_base@7b52d9149fd5,7b52d9149fd569229bcf4dbdfab434edfabc2e03,7821c330697bd81d6d7c78669e14fc4e785ea7c98d4305a8f8d4a52af044ffbd,c2-mismatch_20260826_181638_227156_4f4ff330,4f4ff3304f262cb45b129b36796bb1faf7ceb8ecd717c2fd358f23f3a31673e0,none,none,none,none,evidence,revision_B_base,revision_B_base,5,200000.0,xlarge,45.0,80.0,5.0,0.5,1.0
7,50,online_static_3step,0.5,0.8,10000.0,0.0668533838415484,7785.711105430401,0.08355425801058537,27.15844646846537,0.9631790426171418,5819,8139,8140,8263,8264,200006.72803027715,475.9566463008523,4893,"[[686535.1739271695,5838903.781010715],[686419.6743338468,5838963.323460252],[686520.5484998169,5839072.730543949],[686582.3041091994,5839022.187519025],[686471.7352692339,5839022.265938205]]",fdf9951f218e61b913618a579bd13a77417b8831a28d26d86ea79bbbe03fffcf,1671e1daa2a4c5a921ec14c52b25810b41c7b08c5164af0bf5d94e6346ba83ce,none,stationary,matched_prior_exact,1,0,"{""p_d"":0.8,""stage"":""c2-mismatch"",""tau"":10000.0,""w"":0.5}",23493243a5f6b095ea52693b5d393f86e1e58febdf4a3d27a620d765fec49176,0.25,True,f5decad240e8146d82f2fe84c48b9704f033cc30118223c1495b95d3267e2568,342140,2045,Q_alpha,planner=P; endpoint=Q_alpha,0.5,0.8,10000.0,"{""alpha"":0.25,""p_d"":0.8,""stage"":""c2-mismatch"",""tau"":10000.0,""w"":0.5}",alpha_0.25,revision_C_base@7b52d9149fd5,7b52d9149fd569229bcf4dbdfab434edfabc2e03,7821c330697bd81d6d7c78669e14fc4e785ea7c98d4305a8f8d4a52af044ffbd,c2-mismatch_20260826_181638_227156_4f4ff330,4f4ff3304f262cb45b129b36796bb1faf7ceb8ecd717c2fd358f23f3a31673e0,none,none,none,none,evidence,revision_B_base,revision_B_base,5,200000.0,xlarge,45.0,80.0,5.0,0.5,1.0
7,50,dynamic_3step,0.5,0.8,10000.0,0.13451196982224675,7630.593511345636,0.1660861370627199,11.763451776649747,0.9149909381203073,13790,8263,8264,8263,8264,200012.30489838196,494.58175743278116,4760,"[[686535.1739271695,5838903.781010715],[686419.6743338468,5838963.323460252],[686520.5484998169,5839072.730543949],[686582.3041091994,5839022.187519025],[686471.7352692339,5839022.265938205]]",fdf9951f218e61b913618a579bd13a77417b8831a28d26d86ea79bbbe03fffcf,02676ac2d58507de50fc2260b1d3c9da3ba01073da62da7a84949b36619fde04,none,stationary,matched_prior_exact,1,0,"{""p_d"":0.8,""stage"":""c2-mismatch"",""tau"":10000.0,""w"":0.5}",23493243a5f6b095ea52693b5d393f86e1e58febdf4a3d27a620d765fec49176,0.25,True,f5decad240e8146d82f2fe84c48b9704f033cc30118223c1495b95d3267e2568,342140,2045,Q_alpha,planner=P; endpoint=Q_alpha,0.5,0.8,10000.0,"{""alpha"":0.25,""p_d"":0.8,""stage"":""c2-mismatch"",""tau"":10000.0,""w"":0.5}",alpha_0.25,revision_C_base@7b52d9149fd5,7b52d9149fd569229bcf4dbdfab434edfabc2e03,7821c330697bd81d6d7c78669e14fc4e785ea7c98d4305a8f8d4a52af044ffbd,c2-mismatch_20260826_181638_227156_4f4ff330,4f4ff3304f262cb45b129b36796bb1faf7ceb8ecd717c2fd358f23f3a31673e0,none,none,none,none,evidence,revision_B_base,revision_B_base,5,200000.0,xlarge,45.0,80.0,5.0,0.5,1.0
7,50,online_static_3step,0.5,0.8,10000.0,0.0502303594070372,7908.6328119748405,0.08355425801058537,27.15844646846537,0.9631790426171418,5819,8139,8140,8263,8264,200006.72803027715,475.9566463008523,4893,"[[686535.1739271695,5838903.781010715],[686419.6743338468,5838963.323460252],[686520.5484998169,5839072.730543949],[686582.3041091994,5839022.187519025],[686471.7352692339,5839022.265938205]]",fdf9951f218e61b913618a579bd13a77417b8831a28d26d86ea79bbbe03fffcf,1671e1daa2a4c5a921ec14c52b25810b41c7b08c5164af0bf5d94e6346ba83ce,none,stationary,matched_prior_exact,1,0,"{""p_d"":0.8,""stage"":""c2-mismatch"",""tau"":10000.0,""w"":0.5}",23493243a5f6b095ea52693b5d393f86e1e58febdf4a3d27a620d765fec49176,0.5,True,76a60c134581175c2891ccdd58af5849fc0abba13350ac6b7e1f3adc399bfe3e,342140,2045,Q_alpha,planner=P; endpoint=Q_alpha,0.5,0.8,10000.0,"{""alpha"":0.5,""p_d"":0.8,""stage"":""c2-mismatch"",""tau"":10000.0,""w"":0.5}",alpha_0.5,revision_C_base@7b52d9149fd5,7b52d9149fd569229bcf4dbdfab434edfabc2e03,7821c330697bd81d6d7c78669e14fc4e785ea7c98d4305a8f8d4a52af044ffbd,c2-mismatch_20260826_181638_227156_4f4ff330,4f4ff3304f262cb45b129b36796bb1faf7ceb8ecd717c2fd358f23f3a31673e0,none,none,none,none,evidence,revision_B_base,revision_B_base,5,200000.0,xlarge,45.0,80.0,5.0,0.5,1.0
7,50,dynamic_3step,0.5,0.8,10000.0,0.10309554323479297,7785.8902005058835,0.1660861370627199,11.763451776649747,0.9149909381203073,13790,8263,8264,8263,8264,200012.30489838196,494.58175743278116,4760,"[[686535.1739271695,5838903.781010715],[686419.6743338468,5838963.323460252],[686520.5484998169,5839072.730543949],[686582.3041091994,5839022.187519025],[686471.7352692339,5839022.265938205]]",fdf9951f218e61b913618a579bd13a77417b8831a28d26d86ea79bbbe03fffcf,02676ac2d58507de50fc2260b1d3c9da3ba01073da62da7a84949b36619fde04,none,stationary,matched_prior_exact,1,0,"{""p_d"":0.8,""stage"":""c2-mismatch"",""tau"":10000.0,""w"":0.5}",23493243a5f6b095ea52693b5d393f86e1e58febdf4a3d27a620d765fec49176,0.5,True,76a60c134581175c2891ccdd58af5849fc0abba13350ac6b7e1f3adc399bfe3e,342140,2045,Q_alpha,planner=P; endpoint=Q_alpha,0.5,0.8,10000.0,"{""alpha"":0.5,""p_d"":0.8,""stage"":""c2-mismatch"",""tau"":10000.0,""w"":0.5}",alpha_0.5,revision_C_base@7b52d9149fd5,7b52d9149fd569229bcf4dbdfab434edfabc2e03,7821c330697bd81d6d7c78669e14fc4e785ea7c98d4305a8f8d4a52af044ffbd,c2-mismatch_20260826_181638_227156_4f4ff330,4f4ff3304f262cb45b129b36796bb1faf7ceb8ecd717c2fd358f23f3a31673e0,none,none,none,none,evidence,revision_B_base,revision_B_base,5,200000.0,xlarge,45.0,80.0,5.0,0.5,1.0
7,50,online_static_3step,0.5,0.8,10000.0,0.03360733497252601,8031.554518518032,0.08355425801058537,27.15844646846537,0.9631790426171418,5819,8139,8140,8263,8264,200006.72803027715,475.9566463008523,4893,"[[686535.1739271695,5838903.781010715],[686419.6743338468,5838963.323460252],[686520.5484998169,5839072.730543949],[686582.3041091994,5839022.187519025],[686471.7352692339,5839022.265938205]]",fdf9951f218e61b913618a579bd13a77417b8831a28d26d86ea79bbbe03fffcf,1671e1daa2a4c5a921ec14c52b25810b41c7b08c5164af0bf5d94e6346ba83ce,none,stationary,matched_prior_exact,1,0,"{""p_d"":0.8,""stage"":""c2-mismatch"",""tau"":10000.0,""w"":0.5}",23493243a5f6b095ea52693b5d393f86e1e58febdf4a3d27a620d765fec49176,0.75,True,0faac33dc65553f2093dcb0962f3460cfaa86c48a3091d90ab0a08541288160b,342140,2045,Q_alpha,planner=P; endpoint=Q_alpha,0.5,0.8,10000.0,"{""alpha"":0.75,""p_d"":0.8,""stage"":""c2-mismatch"",""tau"":10000.0,""w"":0.5}",alpha_0.75,revision_C_base@7b52d9149fd5,7b52d9149fd569229bcf4dbdfab434edfabc2e03,7821c330697bd81d6d7c78669e14fc4e785ea7c98d4305a8f8d4a52af044ffbd,c2-mismatch_20260826_181638_227156_4f4ff330,4f4ff3304f262cb45b129b36796bb1faf7ceb8ecd717c2fd358f23f3a31673e0,none,none,none,none,evidence,revision_B_base,revision_B_base,5,200000.0,xlarge,45.0,80.0,5.0,0.5,1.0
7,50,dynamic_3step,0.5,0.8,10000.0,0.07167911664733925,7941.186889664887,0.1660861370627199,11.763451776649747,0.9149909381203073,13790,8263,8264,8263,8264,200012.30489838196,494.58175743278116,4760,"[[686535.1739271695,5838903.781010715],[686419.6743338468,5838963.323460252],[686520.5484998169,5839072.730543949],[686582.3041091994,5839022.187519025],[686471.7352692339,5839022.265938205]]",fdf9951f218e61b913618a579bd13a77417b8831a28d26d86ea79bbbe03fffcf,02676ac2d58507de50fc2260b1d3c9da3ba01073da62da7a84949b36619fde04,none,stationary,matched_prior_exact,1,0,"{""p_d"":0.8,""stage"":""c2-mismatch"",""tau"":10000.0,""w"":0.5}",23493243a5f6b095ea52693b5d393f86e1e58febdf4a3d27a620d765fec49176,0.75,True,0faac33dc65553f2093dcb0962f3460cfaa86c48a3091d90ab0a08541288160b,342140,2045,Q_alpha,planner=P; endpoint=Q_alpha,0.5,0.8,10000.0,"{""alpha"":0.75,""p_d"":0.8,""stage"":""c2-mismatch"",""tau"":10000.0,""w"":0.5}",alpha_0.75,revision_C_base@7b52d9149fd5,7b52d9149fd569229bcf4dbdfab434edfabc2e03,7821c330697bd81d6d7c78669e14fc4e785ea7c98d4305a8f8d4a52af044ffbd,c2-mismatch_20260826_181638_227156_4f4ff330,4f4ff3304f262cb45b129b36796bb1faf7ceb8ecd717c2fd358f23f3a31673e0,none,none,none,none,evidence,revision_B_base,revision_B_base,5,200000.0,xlarge,45.0,80.0,5.0,0.5,1.0
7,47,online_static_3step,0.5,0.8,10000.0,0.09674057957315174,7624.913642423873,0.09683152463299786,24.276194852941178,0.9588073828679603,6528,8152,8153,8266,8267,200014.94790249877,525.6058614959475,5411,"[[686509.4324293887,5838905.875112795],[686482.4635246436,5838999.564014174],[686569.3130904426,5838980.863493235],[686542.3383541881,5839080.7158743935],[686471.7098012419,5838989.08105832]]",b7d406c52d39becdb0bc74a2cb1a4d4b67e866429a333098a2a57fcb23220f96,c9747b7f3277fa4d93cac1016b181620c406a0ba605fdf076d9bc98bd5c59cd6,none,stationary,matched_prior_exact,1,0,"{""p_d"":0.8,""stage"":""c2-mismatch"",""tau"":10000.0,""w"":0.5}",23493243a5f6b095ea52693b5d393f86e1e58febdf4a3d27a620d765fec49176,0.0,True,66555dd5fc8066933d0063c75d126355dab92e36e1e5c28af8a20c73dff2b54e,342140,2045,Q_alpha,planner=P; endpoint=Q_alpha,0.5,0.8,10000.0,"{""alpha"":0.0,""p_d"":0.8,""stage"":""c2-mismatch"",""tau"":10000.0,""w"":0.5}",alpha_0,revision_C_base@7b52d9149fd5,7b52d9149fd569229bcf4dbdfab434edfabc2e03,7821c330697bd81d6d7c78669e14fc4e785ea7c98d4305a8f8d4a52af044ffbd,c2-mismatch_20260826_181638_227156_4f4ff330,4f4ff3304f262cb45b129b36796bb1faf7ceb8ecd717c2fd358f23f3a31673e0,none,none,none,none,evidence,revision_B_base,revision_B_base,5,200000.0,xlarge,45.0,80.0,5.0,0.5,1.0
7,47,dynamic_3step,0.5,0.8,10000.0,0.1796733708666589,7331.14984637921,0.17990210503099183,9.84533268635895,0.8984290290783638,16487,8266,8267,8266,8267,200021.12749482383,482.88300394592807,4692,"[[686509.4324293887,5838905.875112795],[686482.4635246436,5838999.564014174],[686569.3130904426,5838980.863493235],[686542.3383541881,5839080.7158743935],[686471.7098012419,5838989.08105832]]",b7d406c52d39becdb0bc74a2cb1a4d4b67e866429a333098a2a57fcb23220f96,1346380240556d3d327505d2f1f4497844f4c69c8eddc00029a509af3b8f84fe,none,stationary,matched_prior_exact,1,0,"{""p_d"":0.8,""stage"":""c2-mismatch"",""tau"":10000.0,""w"":0.5}",23493243a5f6b095ea52693b5d393f86e1e58febdf4a3d27a620d765fec49176,0.0,True,66555dd5fc8066933d0063c75d126355dab92e36e1e5c28af8a20c73dff2b54e,342140,2045,Q_alpha,planner=P; endpoint=Q_alpha,0.5,0.8,10000.0,"{""alpha"":0.0,""p_d"":0.8,""stage"":""c2-mismatch"",""tau"":10000.0,""w"":0.5}",alpha_0,revision_C_base@7b52d9149fd5,7b52d9149fd569229bcf4dbdfab434edfabc2e03,7821c330697bd81d6d7c78669e14fc4e785ea7c98d4305a8f8d4a52af044ffbd,c2-mismatch_20260826_181638_227156_4f4ff330,4f4ff3304f262cb45b129b36796bb1faf7ceb8ecd717c2fd358f23f3a31673e0,none,none,none,none,evidence,revision_B_base,revision_B_base,5,200000.0,xlarge,45.0,80.0,5.0,0.5,1.0
7,47,online_static_3step,0.5,0.8,10000.0,0.07731910380123672,7756.297159627091,0.09683152463299786,24.276194852941178,0.9588073828679603,6528,8152,8153,8266,8267,200014.94790249877,525.6058614959475,5411,"[[686509.4324293887,5838905.875112795],[686482.4635246436,5838999.564014174],[686569.3130904426,5838980.863493235],[686542.3383541881,5839080.7158743935],[686471.7098012419,5838989.08105832]]",b7d406c52d39becdb0bc74a2cb1a4d4b67e866429a333098a2a57fcb23220f96,c9747b7f3277fa4d93cac1016b181620c406a0ba605fdf076d9bc98bd5c59cd6,none,stationary,matched_prior_exact,1,0,"{""p_d"":0.8,""stage"":""c2-mismatch"",""tau"":10000.0,""w"":0.5}",23493243a5f6b095ea52693b5d393f86e1e58febdf4a3d27a620d765fec49176,0.25,True,f5decad240e8146d82f2fe84c48b9704f033cc30118223c1495b95d3267e2568,342140,2045,Q_alpha,planner=P; endpoint=Q_alpha,0.5,0.8,10000.0,"{""alpha"":0.25,""p_d"":0.8,""stage"":""c2-mismatch"",""tau"":10000.0,""w"":0.5}",alpha_0.25,revision_C_base@7b52d9149fd5,7b52d9149fd569229bcf4dbdfab434edfabc2e03,7821c330697bd81d6d7c78669e14fc4e785ea7c98d4305a8f8d4a52af044ffbd,c2-mismatch_20260826_181638_227156_4f4ff330,4f4ff3304f262cb45b129b36796bb1faf7ceb8ecd717c2fd358f23f3a31673e0,none,none,none,none,evidence,revision_B_base,revision_B_base,5,200000.0,xlarge,45.0,80.0,5.0,0.5,1.0
7,47,dynamic_3step,0.5,0.8,10000.0,0.14678534113834976,7514.641606314572,0.17990210503099183,9.84533268635895,0.8984290290783638,16487,8266,8267,8266,8267,200021.12749482383,482.88300394592807,4692,"[[686509.4324293887,5838905.875112795],[686482.4635246436,5838999.564014174],[686569.3130904426,5838980.863493235],[686542.3383541881,5839080.7158743935],[686471.7098012419,5838989.08105832]]",b7d406c52d39becdb0bc74a2cb1a4d4b67e866429a333098a2a57fcb23220f96,1346380240556d3d327505d2f1f4497844f4c69c8eddc00029a509af3b8f84fe,none,stationary,matched_prior_exact,1,0,"{""p_d"":0.8,""stage"":""c2-mismatch"",""tau"":10000.0,""w"":0.5}",23493243a5f6b095ea52693b5d393f86e1e58febdf4a3d27a620d765fec49176,0.25,True,f5decad240e8146d82f2fe84c48b9704f033cc30118223c1495b95d3267e2568,342140,2045,Q_alpha,planner=P; endpoint=Q_alpha,0.5,0.8,10000.0,"{""alpha"":0.25,""p_d"":0.8,""stage"":""c2-mismatch"",""tau"":10000.0,""w"":0.5}",alpha_0.25,revision_C_base@7b52d9149fd5,7b52d9149fd569229bcf4dbdfab434edfabc2e03,7821c330697bd81d6d7c78669e14fc4e785ea7c98d4305a8f8d4a52af044ffbd,c2-mismatch_20260826_181638_227156_4f4ff330,4f4ff3304f262cb45b129b36796bb1faf7ceb8ecd717c2fd358f23f3a31673e0,none,none,none,none,evidence,revision_B_base,revision_B_base,5,200000.0,xlarge,45.0,80.0,5.0,0.5,1.0
7,47,online_static_3step,0.5,0.8,10000.0,0.05789762802932166,7887.680676828202,0.09683152463299786,24.276194852941178,0.9588073828679603,6528,8152,8153,8266,8267,200014.94790249877,525.6058614959475,5411,"[[686509.4324293887,5838905.875112795],[686482.4635246436,5838999.564014174],[686569.3130904426,5838980.863493235],[686542.3383541881,5839080.7158743935],[686471.7098012419,5838989.08105832]]",b7d406c52d39becdb0bc74a2cb1a4d4b67e866429a333098a2a57fcb23220f96,c9747b7f3277fa4d93cac1016b181620c406a0ba605fdf076d9bc98bd5c59cd6,none,stationary,matched_prior_exact,1,0,"{""p_d"":0.8,""stage"":""c2-mismatch"",""tau"":10000.0,""w"":0.5}",23493243a5f6b095ea52693b5d393f86e1e58febdf4a3d27a620d765fec49176,0.5,True,76a60c134581175c2891ccdd58af5849fc0abba13350ac6b7e1f3adc399bfe3e,342140,2045,Q_alpha,planner=P; endpoint=Q_alpha,0.5,0.8,10000.0,"{""alpha"":0.5,""p_d"":0.8,""stage"":""c2-mismatch"",""tau"":10000.0,""w"":0.5}",alpha_0.5,revision_C_base@7b52d9149fd5,7b52d9149fd569229bcf4dbdfab434edfabc2e03,7821c330697bd81d6d7c78669e14fc4e785ea7c98d4305a8f8d4a52af044ffbd,c2-mismatch_20260826_181638_227156_4f4ff330,4f4ff3304f262cb45b129b36796bb1faf7ceb8ecd717c2fd358f23f3a31673e0,none,none,none,none,evidence,revision_B_base,revision_B_base,5,200000.0,xlarge,45.0,80.0,5.0,0.5,1.0
7,47,dynamic_3step,0.5,0.8,10000.0,0.11389731141004059,7698.133366248008,0.17990210503099183,9.84533268635895,0.8984290290783638,16487,8266,8267,8266,8267,200021.12749482383,482.88300394592807,4692,"[[686509.4324293887,5838905.875112795],[686482.4635246436,5838999.564014174],[686569.3130904426,5838980.863493235],[686542.3383541881,5839080.7158743935],[686471.7098012419,5838989.08105832]]",b7d406c52d39becdb0bc74a2cb1a4d4b67e866429a333098a2a57fcb23220f96,1346380240556d3d327505d2f1f4497844f4c69c8eddc00029a509af3b8f84fe,none,stationary,matched_prior_exact,1,0,"{""p_d"":0.8,""stage"":""c2-mismatch"",""tau"":10000.0,""w"":0.5}",23493243a5f6b095ea52693b5d393f86e1e58febdf4a3d27a620d765fec49176,0.5,True,76a60c134581175c2891ccdd58af5849fc0abba13350ac6b7e1f3adc399bfe3e,342140,2045,Q_alpha,planner=P; endpoint=Q_alpha,0.5,0.8,10000.0,"{""alpha"":0.5,""p_d"":0.8,""stage"":""c2-mismatch"",""tau"":10000.0,""w"":0.5}",alpha_0.5,revision_C_base@7b52d9149fd5,7b52d9149fd569229bcf4dbdfab434edfabc2e03,7821c330697bd81d6d7c78669e14fc4e785ea7c98d4305a8f8d4a52af044ffbd,c2-mismatch_20260826_181638_227156_4f4ff330,4f4ff3304f262cb45b129b36796bb1faf7ceb8ecd717c2fd358f23f3a31673e0,none,none,none,none,evidence,revision_B_base,revision_B_base,5,200000.0,xlarge,45.0,80.0,5.0,0.5,1.0
7,47,online_static_3step,0.5,0.8,10000.0,0.03847615225740662,8019.064194031629,0.09683152463299786,24.276194852941178,0.9588073828679603,6528,8152,8153,8266,8267,200014.94790249877,525.6058614959475,5411,"[[686509.4324293887,5838905.875112795],[686482.4635246436,5838999.564014174],[686569.3130904426,5838980.863493235],[686542.3383541881,5839080.7158743935],[686471.7098012419,5838989.08105832]]",b7d406c52d39becdb0bc74a2cb1a4d4b67e866429a333098a2a57fcb23220f96,c9747b7f3277fa4d93cac1016b181620c406a0ba605fdf076d9bc98bd5c59cd6,none,stationary,matched_prior_exact,1,0,"{""p_d"":0.8,""stage"":""c2-mismatch"",""tau"":10000.0,""w"":0.5}",23493243a5f6b095ea52693b5d393f86e1e58febdf4a3d27a620d765fec49176,0.75,True,0faac33dc65553f2093dcb0962f3460cfaa86c48a3091d90ab0a08541288160b,342140,2045,Q_alpha,planner=P; endpoint=Q_alpha,0.5,0.8,10000.0,"{""alpha"":0.75,""p_d"":0.8,""stage"":""c2-mismatch"",""tau"":10000.0,""w"":0.5}",alpha_0.75,revision_C_base@7b52d9149fd5,7b52d9149fd569229bcf4dbdfab434edfabc2e03,7821c330697bd81d6d7c78669e14fc4e785ea7c98d4305a8f8d4a52af044ffbd,c2-mismatch_20260826_181638_227156_4f4ff330,4f4ff3304f262cb45b129b36796bb1faf7ceb8ecd717c2fd358f23f3a31673e0,none,none,none,none,evidence,revision_B_base,revision_B_base,5,200000.0,xlarge,45.0,80.0,5.0,0.5,1.0
7,47,dynamic_3step,0.5,0.8,10000.0,0.08100928168173141,7881.625126183658,0.17990210503099183,9.84533268635895,0.8984290290783638,16487,8266,8267,8266,8267,200021.12749482383,482.88300394592807,4692,"[[686509.4324293887,5838905.875112795],[686482.4635246436,5838999.564014174],[686569.3130904426,5838980.863493235],[686542.3383541881,5839080.7158743935],[686471.7098012419,5838989.08105832]]",b7d406c52d39becdb0bc74a2cb1a4d4b67e866429a333098a2a57fcb23220f96,1346380240556d3d327505d2f1f4497844f4c69c8eddc00029a509af3b8f84fe,none,stationary,matched_prior_exact,1,0,"{""p_d"":0.8,""stage"":""c2-mismatch"",""tau"":10000.0,""w"":0.5}",23493243a5f6b095ea52693b5d393f86e1e58febdf4a3d27a620d765fec49176,0.75,True,0faac33dc65553f2093dcb0962f3460cfaa86c48a3091d90ab0a08541288160b,342140,2045,Q_alpha,planner=P; endpoint=Q_alpha,0.5,0.8,10000.0,"{""alpha"":0.75,""p_d"":0.8,""stage"":""c2-mismatch"",""tau"":10000.0,""w"":0.5}",alpha_0.75,revision_C_base@7b52d9149fd5,7b52d9149fd569229bcf4dbdfab434edfabc2e03,7821c330697bd81d6d7c78669e14fc4e785ea7c98d4305a8f8d4a52af044ffbd,c2-mismatch_20260826_181638_227156_4f4ff330,4f4ff3304f262cb45b129b36796bb1faf7ceb8ecd717c2fd358f23f3a31673e0,none,none,none,none,evidence,revision_B_base,revision_B_base,5,200000.0,xlarge,45.0,80.0,5.0,0.5,1.0
10,43,online_static_3step,0.5,0.8,10000.0,0.12256789769021881,7779.381705488333,0.12263950868522121,84.52169673330083,0.9881687183451204,2051,8667,8668,8740,8741,200014.56862358726,300.0985209052451,3307,"[[334267.462172355,5724996.610766233],[334370.39838088065,5725025.211850789],[334239.04111023084,5724989.036028044],[334280.0925910194,5724962.365647277],[334220.6670554358,5725046.075560594]]",5aae0438e1e54d69e9da0ba68887ca5e3f1f7a67ff645ed335b0fcf02051ca64,0e188867ee646ea526a93387555e13f90bf1d9fc1b12027463e20214f2b9d8b4,none,stationary,matched_prior_exact,1,0,"{""p_d"":0.8,""stage"":""c2-mismatch"",""tau"":10000.0,""w"":0.5}",23493243a5f6b095ea52693b5d393f86e1e58febdf4a3d27a620d765fec49176,0.0,True,837626615c2a794a56780b5bfc58f4bbf9499d5fc27690ed8e8d7e9dffe0ee70,341053,181902,Q_alpha,planner=P; endpoint=Q_alpha,0.5,0.8,10000.0,"{""alpha"":0.0,""p_d"":0.8,""stage"":""c2-mismatch"",""tau"":10000.0,""w"":0.5}",alpha_0,revision_C_base@7b52d9149fd5,7b52d9149fd569229bcf4dbdfab434edfabc2e03,7821c330697bd81d6d7c78669e14fc4e785ea7c98d4305a8f8d4a52af044ffbd,c2-mismatch_20260826_181638_227156_4f4ff330,4f4ff3304f262cb45b129b36796bb1faf7ceb8ecd717c2fd358f23f3a31673e0,none,none,none,none,evidence,revision_B_base,revision_B_base,5,200000.0,xlarge,45.0,80.0,5.0,0.5,1.0
10,43,dynamic_3step,0.5,0.8,10000.0,0.24981510689727904,7185.833709378328,0.24994062357686242,19.967561393489433,0.9499187717371408,8755,8740,8741,8740,8741,200024.22071581153,458.82905026432127,4241,"[[334267.462172355,5724996.610766233],[334370.39838088065,5725025.211850789],[334239.04111023084,5724989.036028044],[334280.0925910194,5724962.365647277],[334220.6670554358,5725046.075560594]]",5aae0438e1e54d69e9da0ba68887ca5e3f1f7a67ff645ed335b0fcf02051ca64,8d85d0e7e4973513eb3c8146c35770b6be12cf4ad59224a612166fb6a80126f0,none,stationary,matched_prior_exact,1,0,"{""p_d"":0.8,""stage"":""c2-mismatch"",""tau"":10000.0,""w"":0.5}",23493243a5f6b095ea52693b5d393f86e1e58febdf4a3d27a620d765fec49176,0.0,True,837626615c2a794a56780b5bfc58f4bbf9499d5fc27690ed8e8d7e9dffe0ee70,341053,181902,Q_alpha,planner=P; endpoint=Q_alpha,0.5,0.8,10000.0,"{""alpha"":0.0,""p_d"":0.8,""stage"":""c2-mismatch"",""tau"":10000.0,""w"":0.5}",alpha_0,revision_C_base@7b52d9149fd5,7b52d9149fd569229bcf4dbdfab434edfabc2e03,7821c330697bd81d6d7c78669e14fc4e785ea7c98d4305a8f8d4a52af044ffbd,c2-mismatch_20260826_181638_227156_4f4ff330,4f4ff3304f262cb45b129b36796bb1faf7ceb8ecd717c2fd358f23f3a31673e0,none,none,none,none,evidence,revision_B_base,revision_B_base,5,200000.0,xlarge,45.0,80.0,5.0,0.5,1.0
10,43,online_static_3step,0.5,0.8,10000.0,0.0934281080218858,8008.04021352707,0.12263950868522121,84.52169673330083,0.9881687183451204,2051,8667,8668,8740,8741,200014.56862358726,300.0985209052451,3307,"[[334267.462172355,5724996.610766233],[334370.39838088065,5725025.211850789],[334239.04111023084,5724989.036028044],[334280.0925910194,5724962.365647277],[334220.6670554358,5725046.075560594]]",5aae0438e1e54d69e9da0ba68887ca5e3f1f7a67ff645ed335b0fcf02051ca64,0e188867ee646ea526a93387555e13f90bf1d9fc1b12027463e20214f2b9d8b4,none,stationary,matched_prior_exact,1,0,"{""p_d"":0.8,""stage"":""c2-mismatch"",""tau"":10000.0,""w"":0.5}",23493243a5f6b095ea52693b5d393f86e1e58febdf4a3d27a620d765fec49176,0.25,True,8a61a7a30e5e46ea714f5cc19deb32b5776316330c9a414252d76aa3020f0038,341053,181902,Q_alpha,planner=P; endpoint=Q_alpha,0.5,0.8,10000.0,"{""alpha"":0.25,""p_d"":0.8,""stage"":""c2-mismatch"",""tau"":10000.0,""w"":0.5}",alpha_0.25,revision_C_base@7b52d9149fd5,7b52d9149fd569229bcf4dbdfab434edfabc2e03,7821c330697bd81d6d7c78669e14fc4e785ea7c98d4305a8f8d4a52af044ffbd,c2-mismatch_20260826_181638_227156_4f4ff330,4f4ff3304f262cb45b129b36796bb1faf7ceb8ecd717c2fd358f23f3a31673e0,none,none,none,none,evidence,revision_B_base,revision_B_base,5,200000.0,xlarge,45.0,80.0,5.0,0.5,1.0
10,43,dynamic_3step,0.5,0.8,10000.0,0.19377200600888253,7541.029217348106,0.24994062357686242,19.967561393489433,0.9499187717371408,8755,8740,8741,8740,8741,200024.22071581153,458.82905026432127,4241,"[[334267.462172355,5724996.610766233],[334370.39838088065,5725025.211850789],[334239.04111023084,5724989.036028044],[334280.0925910194,5724962.365647277],[334220.6670554358,5725046.075560594]]",5aae0438e1e54d69e9da0ba68887ca5e3f1f7a67ff645ed335b0fcf02051ca64,8d85d0e7e4973513eb3c8146c35770b6be12cf4ad59224a612166fb6a80126f0,none,stationary,matched_prior_exact,1,0,"{""p_d"":0.8,""stage"":""c2-mismatch"",""tau"":10000.0,""w"":0.5}",23493243a5f6b095ea52693b5d393f86e1e58febdf4a3d27a620d765fec49176,0.25,True,8a61a7a30e5e46ea714f5cc19deb32b5776316330c9a414252d76aa3020f0038,341053,181902,Q_alpha,planner=P; endpoint=Q_alpha,0.5,0.8,10000.0,"{""alpha"":0.25,""p_d"":0.8,""stage"":""c2-mismatch"",""tau"":10000.0,""w"":0.5}",alpha_0.25,revision_C_base@7b52d9149fd5,7b52d9149fd569229bcf4dbdfab434edfabc2e03,7821c330697bd81d6d7c78669e14fc4e785ea7c98d4305a8f8d4a52af044ffbd,c2-mismatch_20260826_181638_227156_4f4ff330,4f4ff3304f262cb45b129b36796bb1faf7ceb8ecd717c2fd358f23f3a31673e0,none,none,none,none,evidence,revision_B_base,revision_B_base,5,200000.0,xlarge,45.0,80.0,5.0,0.5,1.0
10,43,online_static_3step,0.5,0.8,10000.0,0.0642883183535528,8236.6987214856,0.12263950868522121,84.52169673330083,0.9881687183451204,2051,8667,8668,8740,8741,200014.56862358726,300.0985209052451,3307,"[[334267.462172355,5724996.610766233],[334370.39838088065,5725025.211850789],[334239.04111023084,5724989.036028044],[334280.0925910194,5724962.365647277],[334220.6670554358,5725046.075560594]]",5aae0438e1e54d69e9da0ba68887ca5e3f1f7a67ff645ed335b0fcf02051ca64,0e188867ee646ea526a93387555e13f90bf1d9fc1b12027463e20214f2b9d8b4,none,stationary,matched_prior_exact,1,0,"{""p_d"":0.8,""stage"":""c2-mismatch"",""tau"":10000.0,""w"":0.5}",23493243a5f6b095ea52693b5d393f86e1e58febdf4a3d27a620d765fec49176,0.5,True,60a3df8d6c0f4df584ef374ca5cfefe8d5bed8804953c1c55ad23535ca0dfe43,341053,181902,Q_alpha,planner=P; endpoint=Q_alpha,0.5,0.8,10000.0,"{""alpha"":0.5,""p_d"":0.8,""stage"":""c2-mismatch"",""tau"":10000.0,""w"":0.5}",alpha_0.5,revision_C_base@7b52d9149fd5,7b52d9149fd569229bcf4dbdfab434edfabc2e03,7821c330697bd81d6d7c78669e14fc4e785ea7c98d4305a8f8d4a52af044ffbd,c2-mismatch_20260826_181638_227156_4f4ff330,4f4ff3304f262cb45b129b36796bb1faf7ceb8ecd717c2fd358f23f3a31673e0,none,none,none,none,evidence,revision_B_base,revision_B_base,5,200000.0,xlarge,45.0,80.0,5.0,0.5,1.0
10,43,dynamic_3step,0.5,0.8,10000.0,0.13772890512048602,7896.224725242921,0.24994062357686242,19.967561393489433,0.9499187717371408,8755,8740,8741,8740,8741,200024.22071581153,458.82905026432127,4241,"[[334267.462172355,5724996.610766233],[334370.39838088065,5725025.211850789],[334239.04111023084,5724989.036028044],[334280.0925910194,5724962.365647277],[334220.6670554358,5725046.075560594]]",5aae0438e1e54d69e9da0ba68887ca5e3f1f7a67ff645ed335b0fcf02051ca64,8d85d0e7e4973513eb3c8146c35770b6be12cf4ad59224a612166fb6a80126f0,none,stationary,matched_prior_exact,1,0,"{""p_d"":0.8,""stage"":""c2-mismatch"",""tau"":10000.0,""w"":0.5}",23493243a5f6b095ea52693b5d393f86e1e58febdf4a3d27a620d765fec49176,0.5,True,60a3df8d6c0f4df584ef374ca5cfefe8d5bed8804953c1c55ad23535ca0dfe43,341053,181902,Q_alpha,planner=P; endpoint=Q_alpha,0.5,0.8,10000.0,"{""alpha"":0.5,""p_d"":0.8,""stage"":""c2-mismatch"",""tau"":10000.0,""w"":0.5}",alpha_0.5,revision_C_base@7b52d9149fd5,7b52d9149fd569229bcf4dbdfab434edfabc2e03,7821c330697bd81d6d7c78669e14fc4e785ea7c98d4305a8f8d4a52af044ffbd,c2-mismatch_20260826_181638_227156_4f4ff330,4f4ff3304f262cb45b129b36796bb1faf7ceb8ecd717c2fd358f23f3a31673e0,none,none,none,none,evidence,revision_B_base,revision_B_base,5,200000.0,xlarge,45.0,80.0,5.0,0.5,1.0
10,43,online_static_3step,0.5,0.8,10000.0,0.03514852868521978,8465.357229543462,0.12263950868522121,84.52169673330083,0.9881687183451204,2051,8667,8668,8740,8741,200014.56862358726,300.0985209052451,3307,"[[334267.462172355,5724996.610766233],[334370.39838088065,5725025.211850789],[334239.04111023084,5724989.036028044],[334280.0925910194,5724962.365647277],[334220.6670554358,5725046.075560594]]",5aae0438e1e54d69e9da0ba68887ca5e3f1f7a67ff645ed335b0fcf02051ca64,0e188867ee646ea526a93387555e13f90bf1d9fc1b12027463e20214f2b9d8b4,none,stationary,matched_prior_exact,1,0,"{""p_d"":0.8,""stage"":""c2-mismatch"",""tau"":10000.0,""w"":0.5}",23493243a5f6b095ea52693b5d393f86e1e58febdf4a3d27a620d765fec49176,0.75,True,393b7d36f32755ca9a22a8a62a0e3e0cb1139b6055b8b7fcf347549117b4c619,341053,181902,Q_alpha,planner=P; endpoint=Q_alpha,0.5,0.8,10000.0,"{""alpha"":0.75,""p_d"":0.8,""stage"":""c2-mismatch"",""tau"":10000.0,""w"":0.5}",alpha_0.75,revision_C_base@7b52d9149fd5,7b52d9149fd569229bcf4dbdfab434edfabc2e03,7821c330697bd81d6d7c78669e14fc4e785ea7c98d4305a8f8d4a52af044ffbd,c2-mismatch_20260826_181638_227156_4f4ff330,4f4ff3304f262cb45b129b36796bb1faf7ceb8ecd717c2fd358f23f3a31673e0,none,none,none,none,evidence,revision_B_base,revision_B_base,5,200000.0,xlarge,45.0,80.0,5.0,0.5,1.0
10,43,dynamic_3step,0.5,0.8,10000.0,0.08168580423208949,8251.42023323355,0.24994062357686242,19.967561393489433,0.9499187717371408,8755,8740,8741,8740,8741,200024.22071581153,458.82905026432127,4241,"[[334267.462172355,5724996.610766233],[334370.39838088065,5725025.211850789],[334239.04111023084,5724989.036028044],[334280.0925910194,5724962.365647277],[334220.6670554358,5725046.075560594]]",5aae0438e1e54d69e9da0ba68887ca5e3f1f7a67ff645ed335b0fcf02051ca64,8d85d0e7e4973513eb3c8146c35770b6be12cf4ad59224a612166fb6a80126f0,none,stationary,matched_prior_exact,1,0,"{""p_d"":0.8,""stage"":""c2-mismatch"",""tau"":10000.0,""w"":0.5}",23493243a5f6b095ea52693b5d393f86e1e58febdf4a3d27a620d765fec49176,0.75,True,393b7d36f32755ca9a22a8a62a0e3e0cb1139b6055b8b7fcf347549117b4c619,341053,181902,Q_alpha,planner=P; endpoint=Q_alpha,0.5,0.8,10000.0,"{""alpha"":0.75,""p_d"":0.8,""stage"":""c2-mismatch"",""tau"":10000.0,""w"":0.5}",alpha_0.75,revision_C_base@7b52d9149fd5,7b52d9149fd569229bcf4dbdfab434edfabc2e03,7821c330697bd81d6d7c78669e14fc4e785ea7c98d4305a8f8d4a52af044ffbd,c2-mismatch_20260826_181638_227156_4f4ff330,4f4ff3304f262cb45b129b36796bb1faf7ceb8ecd717c2fd358f23f3a31673e0,none,none,none,none,evidence,revision_B_base,revision_B_base,5,200000.0,xlarge,45.0,80.0,5.0,0.5,1.0
10,44,online_static_3step,0.5,0.8,10000.0,0.12674251787261992,7896.983489790072,0.1268409909936899,83.92625645843118,0.9880847777298956,2129,8933,8934,8933,8934,200013.25957482753,369.9321954937186,4049,"[[334315.9840595574,5725049.084105466],[334197.8236000696,5725068.653909299],[334327.9832340155,5725092.6038039895],[334309.7195218816,5725063.384940596],[334245.0691957289,5724943.152220613]]",c7b98fa8a6fd7a67d10513d55076aade048023f35a0553cb06267d4f6ef018b5,83ecc71da33fbea1bf1a0ca5a84575720ebd4a5875630843872eb6a2bc2837e5,none,stationary,matched_prior_exact,1,0,"{""p_d"":0.8,""stage"":""c2-mismatch"",""tau"":10000.0,""w"":0.5}",23493243a5f6b095ea52693b5d393f86e1e58febdf4a3d27a620d765fec49176,0.0,True,837626615c2a794a56780b5bfc58f4bbf9499d5fc27690ed8e8d7e9dffe0ee70,341053,181902,Q_alpha,planner=P; endpoint=Q_alpha,0.5,0.8,10000.0,"{""alpha"":0.0,""p_d"":0.8,""stage"":""c2-mismatch"",""tau"":10000.0,""w"":0.5}",alpha_0,revision_C_base@7b52d9149fd5,7b52d9149fd569229bcf4dbdfab434edfabc2e03,7821c330697bd81d6d7c78669e14fc4e785ea7c98d4305a8f8d4a52af044ffbd,c2-mismatch_20260826_181638_227156_4f4ff330,4f4ff3304f262cb45b129b36796bb1faf7ceb8ecd717c2fd358f23f3a31673e0,none,none,none,none,evidence,revision_B_base,revision_B_base,5,200000.0,xlarge,45.0,80.0,5.0,0.5,1.0
10,44,dynamic_3step,0.5,0.8,10000.0,0.29417340695842653,7191.405879094817,0.29439622731991105,14.761262021258647,0.9322551148702709,11854,8748,8749,8933,8934,200012.5972585254,443.49335020338185,4162,"[[334315.9840595574,5725049.084105466],[334197.8236000696,5725068.653909299],[334327.9832340155,5725092.6038039895],[334309.7195218816,5725063.384940596],[334245.0691957289,5724943.152220613]]",c7b98fa8a6fd7a67d10513d55076aade048023f35a0553cb06267d4f6ef018b5,4401ecc6be2ae525894c192b6f4cb189c33a98afe9b21efad626a1692ea19ba1,none,stationary,matched_prior_exact,1,0,"{""p_d"":0.8,""stage"":""c2-mismatch"",""tau"":10000.0,""w"":0.5}",23493243a5f6b095ea52693b5d393f86e1e58febdf4a3d27a620d765fec49176,0.0,True,837626615c2a794a56780b5bfc58f4bbf9499d5fc27690ed8e8d7e9dffe0ee70,341053,181902,Q_alpha,planner=P; endpoint=Q_alpha,0.5,0.8,10000.0,"{""alpha"":0.0,""p_d"":0.8,""stage"":""c2-mismatch"",""tau"":10000.0,""w"":0.5}",alpha_0,revision_C_base@7b52d9149fd5,7b52d9149fd569229bcf4dbdfab434edfabc2e03,7821c330697bd81d6d7c78669e14fc4e785ea7c98d4305a8f8d4a52af044ffbd,c2-mismatch_20260826_181638_227156_4f4ff330,4f4ff3304f262cb45b129b36796bb1faf7ceb8ecd717c2fd358f23f3a31673e0,none,none,none,none,evidence,revision_B_base,revision_B_base,5,200000.0,xlarge,45.0,80.0,5.0,0.5,1.0
10,44,online_static_3step,0.5,0.8,10000.0,0.09661605469977327,8143.4891020275445,0.1268409909936899,83.92625645843118,0.9880847777298956,2129,8933,8934,8933,8934,200013.25957482753,369.9321954937186,4049,"[[334315.9840595574,5725049.084105466],[334197.8236000696,5725068.653909299],[334327.9832340155,5725092.6038039895],[334309.7195218816,5725063.384940596],[334245.0691957289,5724943.152220613]]",c7b98fa8a6fd7a67d10513d55076aade048023f35a0553cb06267d4f6ef018b5,83ecc71da33fbea1bf1a0ca5a84575720ebd4a5875630843872eb6a2bc2837e5,none,stationary,matched_prior_exact,1,0,"{""p_d"":0.8,""stage"":""c2-mismatch"",""tau"":10000.0,""w"":0.5}",23493243a5f6b095ea52693b5d393f86e1e58febdf4a3d27a620d765fec49176,0.25,True,8a61a7a30e5e46ea714f5cc19deb32b5776316330c9a414252d76aa3020f0038,341053,181902,Q_alpha,planner=P; endpoint=Q_alpha,0.5,0.8,10000.0,"{""alpha"":0.25,""p_d"":0.8,""stage"":""c2-mismatch"",""tau"":10000.0,""w"":0.5}",alpha_0.25,revision_C_base@7b52d9149fd5,7b52d9149fd569229bcf4dbdfab434edfabc2e03,7821c330697bd81d6d7c78669e14fc4e785ea7c98d4305a8f8d4a52af044ffbd,c2-mismatch_20260826_181638_227156_4f4ff330,4f4ff3304f262cb45b129b36796bb1faf7ceb8ecd717c2fd358f23f3a31673e0,none,none,none,none,evidence,revision_B_base,revision_B_base,5,200000.0,xlarge,45.0,80.0,5.0,0.5,1.0
10,44,dynamic_3step,0.5,0.8,10000.0,0.22930977188663035,7587.252887173629,0.29439622731991105,14.761262021258647,0.9322551148702709,11854,8748,8749,8933,8934,200012.5972585254,443.49335020338185,4162,"[[334315.9840595574,5725049.084105466],[334197.8236000696,5725068.653909299],[334327.9832340155,5725092.6038039895],[334309.7195218816,5725063.384940596],[334245.0691957289,5724943.152220613]]",c7b98fa8a6fd7a67d10513d55076aade048023f35a0553cb06267d4f6ef018b5,4401ecc6be2ae525894c192b6f4cb189c33a98afe9b21efad626a1692ea19ba1,none,stationary,matched_prior_exact,1,0,"{""p_d"":0.8,""stage"":""c2-mismatch"",""tau"":10000.0,""w"":0.5}",23493243a5f6b095ea52693b5d393f86e1e58febdf4a3d27a620d765fec49176,0.25,True,8a61a7a30e5e46ea714f5cc19deb32b5776316330c9a414252d76aa3020f0038,341053,181902,Q_alpha,planner=P; endpoint=Q_alpha,0.5,0.8,10000.0,"{""alpha"":0.25,""p_d"":0.8,""stage"":""c2-mismatch"",""tau"":10000.0,""w"":0.5}",alpha_0.25,revision_C_base@7b52d9149fd5,7b52d9149fd569229bcf4dbdfab434edfabc2e03,7821c330697bd81d6d7c78669e14fc4e785ea7c98d4305a8f8d4a52af044ffbd,c2-mismatch_20260826_181638_227156_4f4ff330,4f4ff3304f262cb45b129b36796bb1faf7ceb8ecd717c2fd358f23f3a31673e0,none,none,none,none,evidence,revision_B_base,revision_B_base,5,200000.0,xlarge,45.0,80.0,5.0,0.5,1.0
10,44,online_static_3step,0.5,0.8,10000.0,0.06648959152692664,8389.99471419934,0.1268409909936899,83.92625645843118,0.9880847777298956,2129,8933,8934,8933,8934,200013.25957482753,369.9321954937186,4049,"[[334315.9840595574,5725049.084105466],[334197.8236000696,5725068.653909299],[334327.9832340155,5725092.6038039895],[334309.7195218816,5725063.384940596],[334245.0691957289,5724943.152220613]]",c7b98fa8a6fd7a67d10513d55076aade048023f35a0553cb06267d4f6ef018b5,83ecc71da33fbea1bf1a0ca5a84575720ebd4a5875630843872eb6a2bc2837e5,none,stationary,matched_prior_exact,1,0,"{""p_d"":0.8,""stage"":""c2-mismatch"",""tau"":10000.0,""w"":0.5}",23493243a5f6b095ea52693b5d393f86e1e58febdf4a3d27a620d765fec49176,0.5,True,60a3df8d6c0f4df584ef374ca5cfefe8d5bed8804953c1c55ad23535ca0dfe43,341053,181902,Q_alpha,planner=P; endpoint=Q_alpha,0.5,0.8,10000.0,"{""alpha"":0.5,""p_d"":0.8,""stage"":""c2-mismatch"",""tau"":10000.0,""w"":0.5}",alpha_0.5,revision_C_base@7b52d9149fd5,7b52d9149fd569229bcf4dbdfab434edfabc2e03,7821c330697bd81d6d7c78669e14fc4e785ea7c98d4305a8f8d4a52af044ffbd,c2-mismatch_20260826_181638_227156_4f4ff330,4f4ff3304f262cb45b129b36796bb1faf7ceb8ecd717c2fd358f23f3a31673e0,none,none,none,none,evidence,revision_B_base,revision_B_base,5,200000.0,xlarge,45.0,80.0,5.0,0.5,1.0
10,44,dynamic_3step,0.5,0.8,10000.0,0.1644461368148341,7983.099895191061,0.29439622731991105,14.761262021258647,0.9322551148702709,11854,8748,8749,8933,8934,200012.5972585254,443.49335020338185,4162,"[[334315.9840595574,5725049.084105466],[334197.8236000696,5725068.653909299],[334327.9832340155,5725092.6038039895],[334309.7195218816,5725063.384940596],[334245.0691957289,5724943.152220613]]",c7b98fa8a6fd7a67d10513d55076aade048023f35a0553cb06267d4f6ef018b5,4401ecc6be2ae525894c192b6f4cb189c33a98afe9b21efad626a1692ea19ba1,none,stationary,matched_prior_exact,1,0,"{""p_d"":0.8,""stage"":""c2-mismatch"",""tau"":10000.0,""w"":0.5}",23493243a5f6b095ea52693b5d393f86e1e58febdf4a3d27a620d765fec49176,0.5,True,60a3df8d6c0f4df584ef374ca5cfefe8d5bed8804953c1c55ad23535ca0dfe43,341053,181902,Q_alpha,planner=P; endpoint=Q_alpha,0.5,0.8,10000.0,"{""alpha"":0.5,""p_d"":0.8,""stage"":""c2-mismatch"",""tau"":10000.0,""w"":0.5}",alpha_0.5,revision_C_base@7b52d9149fd5,7b52d9149fd569229bcf4dbdfab434edfabc2e03,7821c330697bd81d6d7c78669e14fc4e785ea7c98d4305a8f8d4a52af044ffbd,c2-mismatch_20260826_181638_227156_4f4ff330,4f4ff3304f262cb45b129b36796bb1faf7ceb8ecd717c2fd358f23f3a31673e0,none,none,none,none,evidence,revision_B_base,revision_B_base,5,200000.0,xlarge,45.0,80.0,5.0,0.5,1.0
10,44,online_static_3step,0.5,0.8,10000.0,0.03636312835408001,8636.500326429627,0.1268409909936899,83.92625645843118,0.9880847777298956,2129,8933,8934,8933,8934,200013.25957482753,369.9321954937186,4049,"[[334315.9840595574,5725049.084105466],[334197.8236000696,5725068.653909299],[334327.9832340155,5725092.6038039895],[334309.7195218816,5725063.384940596],[334245.0691957289,5724943.152220613]]",c7b98fa8a6fd7a67d10513d55076aade048023f35a0553cb06267d4f6ef018b5,83ecc71da33fbea1bf1a0ca5a84575720ebd4a5875630843872eb6a2bc2837e5,none,stationary,matched_prior_exact,1,0,"{""p_d"":0.8,""stage"":""c2-mismatch"",""tau"":10000.0,""w"":0.5}",23493243a5f6b095ea52693b5d393f86e1e58febdf4a3d27a620d765fec49176,0.75,True,393b7d36f32755ca9a22a8a62a0e3e0cb1139b6055b8b7fcf347549117b4c619,341053,181902,Q_alpha,planner=P; endpoint=Q_alpha,0.5,0.8,10000.0,"{""alpha"":0.75,""p_d"":0.8,""stage"":""c2-mismatch"",""tau"":10000.0,""w"":0.5}",alpha_0.75,revision_C_base@7b52d9149fd5,7b52d9149fd569229bcf4dbdfab434edfabc2e03,7821c330697bd81d6d7c78669e14fc4e785ea7c98d4305a8f8d4a52af044ffbd,c2-mismatch_20260826_181638_227156_4f4ff330,4f4ff3304f262cb45b129b36796bb1faf7ceb8ecd717c2fd358f23f3a31673e0,none,none,none,none,evidence,revision_B_base,revision_B_base,5,200000.0,xlarge,45.0,80.0,5.0,0.5,1.0
10,44,dynamic_3step,0.5,0.8,10000.0,0.0995825017430379,8378.946903266105,0.29439622731991105,14.761262021258647,0.9322551148702709,11854,8748,8749,8933,8934,200012.5972585254,443.49335020338185,4162,"[[334315.9840595574,5725049.084105466],[334197.8236000696,5725068.653909299],[334327.9832340155,5725092.6038039895],[334309.7195218816,5725063.384940596],[334245.0691957289,5724943.152220613]]",c7b98fa8a6fd7a67d10513d55076aade048023f35a0553cb06267d4f6ef018b5,4401ecc6be2ae525894c192b6f4cb189c33a98afe9b21efad626a1692ea19ba1,none,stationary,matched_prior_exact,1,0,"{""p_d"":0.8,""stage"":""c2-mismatch"",""tau"":10000.0,""w"":0.5}",23493243a5f6b095ea52693b5d393f86e1e58febdf4a3d27a620d765fec49176,0.75,True,393b7d36f32755ca9a22a8a62a0e3e0cb1139b6055b8b7fcf347549117b4c619,341053,181902,Q_alpha,planner=P; endpoint=Q_alpha,0.5,0.8,10000.0,"{""alpha"":0.75,""p_d"":0.8,""stage"":""c2-mismatch"",""tau"":10000.0,""w"":0.5}",alpha_0.75,revision_C_base@7b52d9149fd5,7b52d9149fd569229bcf4dbdfab434edfabc2e03,7821c330697bd81d6d7c78669e14fc4e785ea7c98d4305a8f8d4a52af044ffbd,c2-mismatch_20260826_181638_227156_4f4ff330,4f4ff3304f262cb45b129b36796bb1faf7ceb8ecd717c2fd358f23f3a31673e0,none,none,none,none,evidence,revision_B_base,revision_B_base,5,200000.0,xlarge,45.0,80.0,5.0,0.5,1.0
10,42,online_static_3step,0.5,0.8,10000.0,0.12051429235195033,8039.689173295479,0.12057727496240961,91.83993902439025,0.989111491028599,1968,9036,9037,9036,9037,200005.19026440257,400.61185821704566,4426,"[[334289.4483734565,5724948.214511063],[334332.1757905636,5724948.902473748],[334361.4939326978,5725068.809352602],[334285.71484677034,5724925.270176675],[334326.0314329311,5725062.08709865]]",3c195b87f1445e5f24bb317d5a82c31328f4e3a706c1cec8193eed5382ff055c,2019451c93ce18c11f35a2c919930eedba687636f8f2ff43887e7f2beda88734,none,stationary,matched_prior_exact,1,0,"{""p_d"":0.8,""stage"":""c2-mismatch"",""tau"":10000.0,""w"":0.5}",23493243a5f6b095ea52693b5d393f86e1e58febdf4a3d27a620d765fec49176,0.0,True,837626615c2a794a56780b5bfc58f4bbf9499d5fc27690ed8e8d7e9dffe0ee70,341053,181902,Q_alpha,planner=P; endpoint=Q_alpha,0.5,0.8,10000.0,"{""alpha"":0.0,""p_d"":0.8,""stage"":""c2-mismatch"",""tau"":10000.0,""w"":0.5}",alpha_0,revision_C_base@7b52d9149fd5,7b52d9149fd569229bcf4dbdfab434edfabc2e03,7821c330697bd81d6d7c78669e14fc4e785ea7c98d4305a8f8d4a52af044ffbd,c2-mismatch_20260826_181638_227156_4f4ff330,4f4ff3304f262cb45b129b36796bb1faf7ceb8ecd717c2fd358f23f3a31673e0,none,none,none,none,evidence,revision_B_base,revision_B_base,5,200000.0,xlarge,45.0,80.0,5.0,0.5,1.0
10,42,dynamic_3step,0.5,0.8,10000.0,0.2820990329961003,7342.861269800105,0.28227522985947534,15.473851309639297,0.9353748475418618,11339,8772,8773,9036,9037,200009.66774586606,449.29527059500106,4227,"[[334289.4483734565,5724948.214511063],[334332.1757905636,5724948.902473748],[334361.4939326978,5725068.809352602],[334285.71484677034,5724925.270176675],[334326.0314329311,5725062.08709865]]",3c195b87f1445e5f24bb317d5a82c31328f4e3a706c1cec8193eed5382ff055c,966d6dd359b0c2e97fdceb3efcaa6b67c5b952db3f30e76506076e86aee2deac,none,stationary,matched_prior_exact,1,0,"{""p_d"":0.8,""stage"":""c2-mismatch"",""tau"":10000.0,""w"":0.5}",23493243a5f6b095ea52693b5d393f86e1e58febdf4a3d27a620d765fec49176,0.0,True,837626615c2a794a56780b5bfc58f4bbf9499d5fc27690ed8e8d7e9dffe0ee70,341053,181902,Q_alpha,planner=P; endpoint=Q_alpha,0.5,0.8,10000.0,"{""alpha"":0.0,""p_d"":0.8,""stage"":""c2-mismatch"",""tau"":10000.0,""w"":0.5}",alpha_0,revision_C_base@7b52d9149fd5,7b52d9149fd569229bcf4dbdfab434edfabc2e03,7821c330697bd81d6d7c78669e14fc4e785ea7c98d4305a8f8d4a52af044ffbd,c2-mismatch_20260826_181638_227156_4f4ff330,4f4ff3304f262cb45b129b36796bb1faf7ceb8ecd717c2fd358f23f3a31673e0,none,none,none,none,evidence,revision_B_base,revision_B_base,5,200000.0,xlarge,45.0,80.0,5.0,0.5,1.0
10,42,online_static_3step,0.5,0.8,10000.0,0.09182720156468993,8277.189350463543,0.12057727496240961,91.83993902439025,0.989111491028599,1968,9036,9037,9036,9037,200005.19026440257,400.61185821704566,4426,"[[334289.4483734565,5724948.214511063],[334332.1757905636,5724948.902473748],[334361.4939326978,5725068.809352602],[334285.71484677034,5724925.270176675],[334326.0314329311,5725062.08709865]]",3c195b87f1445e5f24bb317d5a82c31328f4e3a706c1cec8193eed5382ff055c,2019451c93ce18c11f35a2c919930eedba687636f8f2ff43887e7f2beda88734,none,stationary,matched_prior_exact,1,0,"{""p_d"":0.8,""stage"":""c2-mismatch"",""tau"":10000.0,""w"":0.5}",23493243a5f6b095ea52693b5d393f86e1e58febdf4a3d27a620d765fec49176,0.25,True,8a61a7a30e5e46ea714f5cc19deb32b5776316330c9a414252d76aa3020f0038,341053,181902,Q_alpha,planner=P; endpoint=Q_alpha,0.5,0.8,10000.0,"{""alpha"":0.25,""p_d"":0.8,""stage"":""c2-mismatch"",""tau"":10000.0,""w"":0.5}",alpha_0.25,revision_C_base@7b52d9149fd5,7b52d9149fd569229bcf4dbdfab434edfabc2e03,7821c330697bd81d6d7c78669e14fc4e785ea7c98d4305a8f8d4a52af044ffbd,c2-mismatch_20260826_181638_227156_4f4ff330,4f4ff3304f262cb45b129b36796bb1faf7ceb8ecd717c2fd358f23f3a31673e0,none,none,none,none,evidence,revision_B_base,revision_B_base,5,200000.0,xlarge,45.0,80.0,5.0,0.5,1.0
10,42,dynamic_3step,0.5,0.8,10000.0,0.21987780163256,7727.210315424959,0.28227522985947534,15.473851309639297,0.9353748475418618,11339,8772,8773,9036,9037,200009.66774586606,449.29527059500106,4227,"[[334289.4483734565,5724948.214511063],[334332.1757905636,5724948.902473748],[334361.4939326978,5725068.809352602],[334285.71484677034,5724925.270176675],[334326.0314329311,5725062.08709865]]",3c195b87f1445e5f24bb317d5a82c31328f4e3a706c1cec8193eed5382ff055c,966d6dd359b0c2e97fdceb3efcaa6b67c5b952db3f30e76506076e86aee2deac,none,stationary,matched_prior_exact,1,0,"{""p_d"":0.8,""stage"":""c2-mismatch"",""tau"":10000.0,""w"":0.5}",23493243a5f6b095ea52693b5d393f86e1e58febdf4a3d27a620d765fec49176,0.25,True,8a61a7a30e5e46ea714f5cc19deb32b5776316330c9a414252d76aa3020f0038,341053,181902,Q_alpha,planner=P; endpoint=Q_alpha,0.5,0.8,10000.0,"{""alpha"":0.25,""p_d"":0.8,""stage"":""c2-mismatch"",""tau"":10000.0,""w"":0.5}",alpha_0.25,revision_C_base@7b52d9149fd5,7b52d9149fd569229bcf4dbdfab434edfabc2e03,7821c330697bd81d6d7c78669e14fc4e785ea7c98d4305a8f8d4a52af044ffbd,c2-mismatch_20260826_181638_227156_4f4ff330,4f4ff3304f262cb45b129b36796bb1faf7ceb8ecd717c2fd358f23f3a31673e0,none,none,none,none,evidence,revision_B_base,revision_B_base,5,200000.0,xlarge,45.0,80.0,5.0,0.5,1.0
10,42,online_static_3step,0.5,0.8,10000.0,0.06314011077742954,8514.689527566597,0.12057727496240961,91.83993902439025,0.989111491028599,1968,9036,9037,9036,9037,200005.19026440257,400.61185821704566,4426,"[[334289.4483734565,5724948.214511063],[334332.1757905636,5724948.902473748],[334361.4939326978,5725068.809352602],[334285.71484677034,5724925.270176675],[334326.0314329311,5725062.08709865]]",3c195b87f1445e5f24bb317d5a82c31328f4e3a706c1cec8193eed5382ff055c,2019451c93ce18c11f35a2c919930eedba687636f8f2ff43887e7f2beda88734,none,stationary,matched_prior_exact,1,0,"{""p_d"":0.8,""stage"":""c2-mismatch"",""tau"":10000.0,""w"":0.5}",23493243a5f6b095ea52693b5d393f86e1e58febdf4a3d27a620d765fec49176,0.5,True,60a3df8d6c0f4df584ef374ca5cfefe8d5bed8804953c1c55ad23535ca0dfe43,341053,181902,Q_alpha,planner=P; endpoint=Q_alpha,0.5,0.8,10000.0,"{""alpha"":0.5,""p_d"":0.8,""stage"":""c2-mismatch"",""tau"":10000.0,""w"":0.5}",alpha_0.5,revision_C_base@7b52d9149fd5,7b52d9149fd569229bcf4dbdfab434edfabc2e03,7821c330697bd81d6d7c78669e14fc4e785ea7c98d4305a8f8d4a52af044ffbd,c2-mismatch_20260826_181638_227156_4f4ff330,4f4ff3304f262cb45b129b36796bb1faf7ceb8ecd717c2fd358f23f3a31673e0,none,none,none,none,evidence,revision_B_base,revision_B_base,5,200000.0,xlarge,45.0,80.0,5.0,0.5,1.0
10,42,dynamic_3step,0.5,0.8,10000.0,0.15765657026901966,8111.559360986375,0.28227522985947534,15.473851309639297,0.9353748475418618,11339,8772,8773,9036,9037,200009.66774586606,449.29527059500106,4227,"[[334289.4483734565,5724948.214511063],[334332.1757905636,5724948.902473748],[334361.4939326978,5725068.809352602],[334285.71484677034,5724925.270176675],[334326.0314329311,5725062.08709865]]",3c195b87f1445e5f24bb317d5a82c31328f4e3a706c1cec8193eed5382ff055c,966d6dd359b0c2e97fdceb3efcaa6b67c5b952db3f30e76506076e86aee2deac,none,stationary,matched_prior_exact,1,0,"{""p_d"":0.8,""stage"":""c2-mismatch"",""tau"":10000.0,""w"":0.5}",23493243a5f6b095ea52693b5d393f86e1e58febdf4a3d27a620d765fec49176,0.5,True,60a3df8d6c0f4df584ef374ca5cfefe8d5bed8804953c1c55ad23535ca0dfe43,341053,181902,Q_alpha,planner=P; endpoint=Q_alpha,0.5,0.8,10000.0,"{""alpha"":0.5,""p_d"":0.8,""stage"":""c2-mismatch"",""tau"":10000.0,""w"":0.5}",alpha_0.5,revision_C_base@7b52d9149fd5,7b52d9149fd569229bcf4dbdfab434edfabc2e03,7821c330697bd81d6d7c78669e14fc4e785ea7c98d4305a8f8d4a52af044ffbd,c2-mismatch_20260826_181638_227156_4f4ff330,4f4ff3304f262cb45b129b36796bb1faf7ceb8ecd717c2fd358f23f3a31673e0,none,none,none,none,evidence,revision_B_base,revision_B_base,5,200000.0,xlarge,45.0,80.0,5.0,0.5,1.0
10,42,online_static_3step,0.5,0.8,10000.0,0.03445301999016913,8752.18970473355,0.12057727496240961,91.83993902439025,0.989111491028599,1968,9036,9037,9036,9037,200005.19026440257,400.61185821704566,4426,"[[334289.4483734565,5724948.214511063],[334332.1757905636,5724948.902473748],[334361.4939326978,5725068.809352602],[334285.71484677034,5724925.270176675],[334326.0314329311,5725062.08709865]]",3c195b87f1445e5f24bb317d5a82c31328f4e3a706c1cec8193eed5382ff055c,2019451c93ce18c11f35a2c919930eedba687636f8f2ff43887e7f2beda88734,none,stationary,matched_prior_exact,1,0,"{""p_d"":0.8,""stage"":""c2-mismatch"",""tau"":10000.0,""w"":0.5}",23493243a5f6b095ea52693b5d393f86e1e58febdf4a3d27a620d765fec49176,0.75,True,393b7d36f32755ca9a22a8a62a0e3e0cb1139b6055b8b7fcf347549117b4c619,341053,181902,Q_alpha,planner=P; endpoint=Q_alpha,0.5,0.8,10000.0,"{""alpha"":0.75,""p_d"":0.8,""stage"":""c2-mismatch"",""tau"":10000.0,""w"":0.5}",alpha_0.75,revision_C_base@7b52d9149fd5,7b52d9149fd569229bcf4dbdfab434edfabc2e03,7821c330697bd81d6d7c78669e14fc4e785ea7c98d4305a8f8d4a52af044ffbd,c2-mismatch_20260826_181638_227156_4f4ff330,4f4ff3304f262cb45b129b36796bb1faf7ceb8ecd717c2fd358f23f3a31673e0,none,none,none,none,evidence,revision_B_base,revision_B_base,5,200000.0,xlarge,45.0,80.0,5.0,0.5,1.0
10,42,dynamic_3step,0.5,0.8,10000.0,0.09543533890547937,8495.90840661168,0.28227522985947534,15.473851309639297,0.9353748475418618,11339,8772,8773,9036,9037,200009.66774586606,449.29527059500106,4227,"[[334289.4483734565,5724948.214511063],[334332.1757905636,5724948.902473748],[334361.4939326978,5725068.809352602],[334285.71484677034,5724925.270176675],[334326.0314329311,5725062.08709865]]",3c195b87f1445e5f24bb317d5a82c31328f4e3a706c1cec8193eed5382ff055c,966d6dd359b0c2e97fdceb3efcaa6b67c5b952db3f30e76506076e86aee2deac,none,stationary,matched_prior_exact,1,0,"{""p_d"":0.8,""stage"":""c2-mismatch"",""tau"":10000.0,""w"":0.5}",23493243a5f6b095ea52693b5d393f86e1e58febdf4a3d27a620d765fec49176,0.75,True,393b7d36f32755ca9a22a8a62a0e3e0cb1139b6055b8b7fcf347549117b4c619,341053,181902,Q_alpha,planner=P; endpoint=Q_alpha,0.5,0.8,10000.0,"{""alpha"":0.75,""p_d"":0.8,""stage"":""c2-mismatch"",""tau"":10000.0,""w"":0.5}",alpha_0.75,revision_C_base@7b52d9149fd5,7b52d9149fd569229bcf4dbdfab434edfabc2e03,7821c330697bd81d6d7c78669e14fc4e785ea7c98d4305a8f8d4a52af044ffbd,c2-mismatch_20260826_181638_227156_4f4ff330,4f4ff3304f262cb45b129b36796bb1faf7ceb8ecd717c2fd358f23f3a31673e0,none,none,none,none,evidence,revision_B_base,revision_B_base,5,200000.0,xlarge,45.0,80.0,5.0,0.5,1.0
10,47,online_static_3step,0.5,0.8,10000.0,0.12134072340780724,8064.848392617824,0.1214580573223378,89.52738036507154,0.988830232763181,2027,9073,9074,9073,9074,200019.95504515502,329.1445806277916,3485,"[[334275.04454964265,5724927.014402416],[334248.07564489753,5725020.703303794],[334334.9252106965,5725002.002782855],[334307.9504744421,5725101.855164014],[334237.32192149584,5725010.22034794]]",534d6bf750939fd4a2adea1cb6e5bf6962100438a5d1f081e7ea7ace1d556989,946b493e1f1e572803efcba787f342a46ba471a96980b41f698f23111e50b8c0,none,stationary,matched_prior_exact,1,0,"{""p_d"":0.8,""stage"":""c2-mismatch"",""tau"":10000.0,""w"":0.5}",23493243a5f6b095ea52693b5d393f86e1e58febdf4a3d27a620d765fec49176,0.0,True,837626615c2a794a56780b5bfc58f4bbf9499d5fc27690ed8e8d7e9dffe0ee70,341053,181902,Q_alpha,planner=P; endpoint=Q_alpha,0.5,0.8,10000.0,"{""alpha"":0.0,""p_d"":0.8,""stage"":""c2-mismatch"",""tau"":10000.0,""w"":0.5}",alpha_0,revision_C_base@7b52d9149fd5,7b52d9149fd569229bcf4dbdfab434edfabc2e03,7821c330697bd81d6d7c78669e14fc4e785ea7c98d4305a8f8d4a52af044ffbd,c2-mismatch_20260826_181638_227156_4f4ff330,4f4ff3304f262cb45b129b36796bb1faf7ceb8ecd717c2fd358f23f3a31673e0,none,none,none,none,evidence,revision_B_base,revision_B_base,5,200000.0,xlarge,45.0,80.0,5.0,0.5,1.0
10,47,dynamic_3step,0.5,0.8,10000.0,0.2955028669868479,7337.795285580804,0.29572676692145916,14.462989000082706,0.9308579989935496,12091,8743,8744,9073,9074,200005.23458756466,419.21734954742715,4069,"[[334275.04454964265,5724927.014402416],[334248.07564489753,5725020.703303794],[334334.9252106965,5725002.002782855],[334307.9504744421,5725101.855164014],[334237.32192149584,5725010.22034794]]",534d6bf750939fd4a2adea1cb6e5bf6962100438a5d1f081e7ea7ace1d556989,fa2440f110fadd31d93880a44faf61f887df39715679a5bce97011daa497b749,none,stationary,matched_prior_exact,1,0,"{""p_d"":0.8,""stage"":""c2-mismatch"",""tau"":10000.0,""w"":0.5}",23493243a5f6b095ea52693b5d393f86e1e58febdf4a3d27a620d765fec49176,0.0,True,837626615c2a794a56780b5bfc58f4bbf9499d5fc27690ed8e8d7e9dffe0ee70,341053,181902,Q_alpha,planner=P; endpoint=Q_alpha,0.5,0.8,10000.0,"{""alpha"":0.0,""p_d"":0.8,""stage"":""c2-mismatch"",""tau"":10000.0,""w"":0.5}",alpha_0,revision_C_base@7b52d9149fd5,7b52d9149fd569229bcf4dbdfab434edfabc2e03,7821c330697bd81d6d7c78669e14fc4e785ea7c98d4305a8f8d4a52af044ffbd,c2-mismatch_20260826_181638_227156_4f4ff330,4f4ff3304f262cb45b129b36796bb1faf7ceb8ecd717c2fd358f23f3a31673e0,none,none,none,none,evidence,revision_B_base,revision_B_base,5,200000.0,xlarge,45.0,80.0,5.0,0.5,1.0
10,47,online_static_3step,0.5,0.8,10000.0,0.09248938840433385,8304.805106317182,0.1214580573223378,89.52738036507154,0.988830232763181,2027,9073,9074,9073,9074,200019.95504515502,329.1445806277916,3485,"[[334275.04454964265,5724927.014402416],[334248.07564489753,5725020.703303794],[334334.9252106965,5725002.002782855],[334307.9504744421,5725101.855164014],[334237.32192149584,5725010.22034794]]",534d6bf750939fd4a2adea1cb6e5bf6962100438a5d1f081e7ea7ace1d556989,946b493e1f1e572803efcba787f342a46ba471a96980b41f698f23111e50b8c0,none,stationary,matched_prior_exact,1,0,"{""p_d"":0.8,""stage"":""c2-mismatch"",""tau"":10000.0,""w"":0.5}",23493243a5f6b095ea52693b5d393f86e1e58febdf4a3d27a620d765fec49176,0.25,True,8a61a7a30e5e46ea714f5cc19deb32b5776316330c9a414252d76aa3020f0038,341053,181902,Q_alpha,planner=P; endpoint=Q_alpha,0.5,0.8,10000.0,"{""alpha"":0.25,""p_d"":0.8,""stage"":""c2-mismatch"",""tau"":10000.0,""w"":0.5}",alpha_0.25,revision_C_base@7b52d9149fd5,7b52d9149fd569229bcf4dbdfab434edfabc2e03,7821c330697bd81d6d7c78669e14fc4e785ea7c98d4305a8f8d4a52af044ffbd,c2-mismatch_20260826_181638_227156_4f4ff330,4f4ff3304f262cb45b129b36796bb1faf7ceb8ecd717c2fd358f23f3a31673e0,none,none,none,none,evidence,revision_B_base,revision_B_base,5,200000.0,xlarge,45.0,80.0,5.0,0.5,1.0
10,47,dynamic_3step,0.5,0.8,10000.0,0.23047917650942173,7731.090097123095,0.29572676692145916,14.462989000082706,0.9308579989935496,12091,8743,8744,9073,9074,200005.23458756466,419.21734954742715,4069,"[[334275.04454964265,5724927.014402416],[334248.07564489753,5725020.703303794],[334334.9252106965,5725002.002782855],[334307.9504744421,5725101.855164014],[334237.32192149584,5725010.22034794]]",534d6bf750939fd4a2adea1cb6e5bf6962100438a5d1f081e7ea7ace1d556989,fa2440f110fadd31d93880a44faf61f887df39715679a5bce97011daa497b749,none,stationary,matched_prior_exact,1,0,"{""p_d"":0.8,""stage"":""c2-mismatch"",""tau"":10000.0,""w"":0.5}",23493243a5f6b095ea52693b5d393f86e1e58febdf4a3d27a620d765fec49176,0.25,True,8a61a7a30e5e46ea714f5cc19deb32b5776316330c9a414252d76aa3020f0038,341053,181902,Q_alpha,planner=P; endpoint=Q_alpha,0.5,0.8,10000.0,"{""alpha"":0.25,""p_d"":0.8,""stage"":""c2-mismatch"",""tau"":10000.0,""w"":0.5}",alpha_0.25,revision_C_base@7b52d9149fd5,7b52d9149fd569229bcf4dbdfab434edfabc2e03,7821c330697bd81d6d7c78669e14fc4e785ea7c98d4305a8f8d4a52af044ffbd,c2-mismatch_20260826_181638_227156_4f4ff330,4f4ff3304f262cb45b129b36796bb1faf7ceb8ecd717c2fd358f23f3a31673e0,none,none,none,none,evidence,revision_B_base,revision_B_base,5,200000.0,xlarge,45.0,80.0,5.0,0.5,1.0
10,47,online_static_3step,0.5,0.8,10000.0,0.06363805340086046,8544.761820006484,0.1214580573223378,89.52738036507154,0.988830232763181,2027,9073,9074,9073,9074,200019.95504515502,329.1445806277916,3485,"[[334275.04454964265,5724927.014402416],[334248.07564489753,5725020.703303794],[334334.9252106965,5725002.002782855],[334307.9504744421,5725101.855164014],[334237.32192149584,5725010.22034794]]",534d6bf750939fd4a2adea1cb6e5bf6962100438a5d1f081e7ea7ace1d556989,946b493e1f1e572803efcba787f342a46ba471a96980b41f698f23111e50b8c0,none,stationary,matched_prior_exact,1,0,"{""p_d"":0.8,""stage"":""c2-mismatch"",""tau"":10000.0,""w"":0.5}",23493243a5f6b095ea52693b5d393f86e1e58febdf4a3d27a620d765fec49176,0.5,True,60a3df8d6c0f4df584ef374ca5cfefe8d5bed8804953c1c55ad23535ca0dfe43,341053,181902,Q_alpha,planner=P; endpoint=Q_alpha,0.5,0.8,10000.0,"{""alpha"":0.5,""p_d"":0.8,""stage"":""c2-mismatch"",""tau"":10000.0,""w"":0.5}",alpha_0.5,revision_C_base@7b52d9149fd5,7b52d9149fd569229bcf4dbdfab434edfabc2e03,7821c330697bd81d6d7c78669e14fc4e785ea7c98d4305a8f8d4a52af044ffbd,c2-mismatch_20260826_181638_227156_4f4ff330,4f4ff3304f262cb45b129b36796bb1faf7ceb8ecd717c2fd358f23f3a31673e0,none,none,none,none,evidence,revision_B_base,revision_B_base,5,200000.0,xlarge,45.0,80.0,5.0,0.5,1.0
10,47,dynamic_3step,0.5,0.8,10000.0,0.1654554860319955,8124.384908651729,0.29572676692145916,14.462989000082706,0.9308579989935496,12091,8743,8744,9073,9074,200005.23458756466,419.21734954742715,4069,"[[334275.04454964265,5724927.014402416],[334248.07564489753,5725020.703303794],[334334.9252106965,5725002.002782855],[334307.9504744421,5725101.855164014],[334237.32192149584,5725010.22034794]]",534d6bf750939fd4a2adea1cb6e5bf6962100438a5d1f081e7ea7ace1d556989,fa2440f110fadd31d93880a44faf61f887df39715679a5bce97011daa497b749,none,stationary,matched_prior_exact,1,0,"{""p_d"":0.8,""stage"":""c2-mismatch"",""tau"":10000.0,""w"":0.5}",23493243a5f6b095ea52693b5d393f86e1e58febdf4a3d27a620d765fec49176,0.5,True,60a3df8d6c0f4df584ef374ca5cfefe8d5bed8804953c1c55ad23535ca0dfe43,341053,181902,Q_alpha,planner=P; endpoint=Q_alpha,0.5,0.8,10000.0,"{""alpha"":0.5,""p_d"":0.8,""stage"":""c2-mismatch"",""tau"":10000.0,""w"":0.5}",alpha_0.5,revision_C_base@7b52d9149fd5,7b52d9149fd569229bcf4dbdfab434edfabc2e03,7821c330697bd81d6d7c78669e14fc4e785ea7c98d4305a8f8d4a52af044ffbd,c2-mismatch_20260826_181638_227156_4f4ff330,4f4ff3304f262cb45b129b36796bb1faf7ceb8ecd717c2fd358f23f3a31673e0,none,none,none,none,evidence,revision_B_base,revision_B_base,5,200000.0,xlarge,45.0,80.0,5.0,0.5,1.0
10,47,online_static_3step,0.5,0.8,10000.0,0.03478671839738706,8784.718533619405,0.1214580573223378,89.52738036507154,0.988830232763181,2027,9073,9074,9073,9074,200019.95504515502,329.1445806277916,3485,"[[334275.04454964265,5724927.014402416],[334248.07564489753,5725020.703303794],[334334.9252106965,5725002.002782855],[334307.9504744421,5725101.855164014],[334237.32192149584,5725010.22034794]]",534d6bf750939fd4a2adea1cb6e5bf6962100438a5d1f081e7ea7ace1d556989,946b493e1f1e572803efcba787f342a46ba471a96980b41f698f23111e50b8c0,none,stationary,matched_prior_exact,1,0,"{""p_d"":0.8,""stage"":""c2-mismatch"",""tau"":10000.0,""w"":0.5}",23493243a5f6b095ea52693b5d393f86e1e58febdf4a3d27a620d765fec49176,0.75,True,393b7d36f32755ca9a22a8a62a0e3e0cb1139b6055b8b7fcf347549117b4c619,341053,181902,Q_alpha,planner=P; endpoint=Q_alpha,0.5,0.8,10000.0,"{""alpha"":0.75,""p_d"":0.8,""stage"":""c2-mismatch"",""tau"":10000.0,""w"":0.5}",alpha_0.75,revision_C_base@7b52d9149fd5,7b52d9149fd569229bcf4dbdfab434edfabc2e03,7821c330697bd81d6d7c78669e14fc4e785ea7c98d4305a8f8d4a52af044ffbd,c2-mismatch_20260826_181638_227156_4f4ff330,4f4ff3304f262cb45b129b36796bb1faf7ceb8ecd717c2fd358f23f3a31673e0,none,none,none,none,evidence,revision_B_base,revision_B_base,5,200000.0,xlarge,45.0,80.0,5.0,0.5,1.0
10,47,dynamic_3step,0.5,0.8,10000.0,0.10043179555456933,8517.679720109378,0.29572676692145916,14.462989000082706,0.9308579989935496,12091,8743,8744,9073,9074,200005.23458756466,419.21734954742715,4069,"[[334275.04454964265,5724927.014402416],[334248.07564489753,5725020.703303794],[334334.9252106965,5725002.002782855],[334307.9504744421,5725101.855164014],[334237.32192149584,5725010.22034794]]",534d6bf750939fd4a2adea1cb6e5bf6962100438a5d1f081e7ea7ace1d556989,fa2440f110fadd31d93880a44faf61f887df39715679a5bce97011daa497b749,none,stationary,matched_prior_exact,1,0,"{""p_d"":0.8,""stage"":""c2-mismatch"",""tau"":10000.0,""w"":0.5}",23493243a5f6b095ea52693b5d393f86e1e58febdf4a3d27a620d765fec49176,0.75,True,393b7d36f32755ca9a22a8a62a0e3e0cb1139b6055b8b7fcf347549117b4c619,341053,181902,Q_alpha,planner=P; endpoint=Q_alpha,0.5,0.8,10000.0,"{""alpha"":0.75,""p_d"":0.8,""stage"":""c2-mismatch"",""tau"":10000.0,""w"":0.5}",alpha_0.75,revision_C_base@7b52d9149fd5,7b52d9149fd569229bcf4dbdfab434edfabc2e03,7821c330697bd81d6d7c78669e14fc4e785ea7c98d4305a8f8d4a52af044ffbd,c2-mismatch_20260826_181638_227156_4f4ff330,4f4ff3304f262cb45b129b36796bb1faf7ceb8ecd717c2fd358f23f3a31673e0,none,none,none,none,evidence,revision_B_base,revision_B_base,5,200000.0,xlarge,45.0,80.0,5.0,0.5,1.0
10,46,online_static_3step,0.5,0.8,10000.0,0.14293529816712947,7684.491043820089,0.14304686988030732,62.30304101838755,0.9839494191029156,2828,8809,8810,8809,8810,200010.1904282522,382.2181637880858,4051,"[[334302.55779995414,5724998.180605194],[334268.36899595597,5725091.779270053],[334306.1917090609,5725001.975158726],[334218.91864908,5724949.808111246],[334193.22153253027,5725007.498045916]]",9ee63faabcca9d7ea56158b9a7b93c43e3bd66789637b328ac894e71f26729ce,fa4519f950dd49990ec24fd22f83a8dfbf45b7a8bd0c8595d0458a7aa24600db,none,stationary,matched_prior_exact,1,0,"{""p_d"":0.8,""stage"":""c2-mismatch"",""tau"":10000.0,""w"":0.5}",23493243a5f6b095ea52693b5d393f86e1e58febdf4a3d27a620d765fec49176,0.0,True,837626615c2a794a56780b5bfc58f4bbf9499d5fc27690ed8e8d7e9dffe0ee70,341053,181902,Q_alpha,planner=P; endpoint=Q_alpha,0.5,0.8,10000.0,"{""alpha"":0.0,""p_d"":0.8,""stage"":""c2-mismatch"",""tau"":10000.0,""w"":0.5}",alpha_0,revision_C_base@7b52d9149fd5,7b52d9149fd569229bcf4dbdfab434edfabc2e03,7821c330697bd81d6d7c78669e14fc4e785ea7c98d4305a8f8d4a52af044ffbd,c2-mismatch_20260826_181638_227156_4f4ff330,4f4ff3304f262cb45b129b36796bb1faf7ceb8ecd717c2fd358f23f3a31673e0,none,none,none,none,evidence,revision_B_base,revision_B_base,5,200000.0,xlarge,45.0,80.0,5.0,0.5,1.0
10,46,dynamic_3step,0.5,0.8,10000.0,0.26929278380356575,7129.846280964748,0.2694729909991335,15.637760114316334,0.936052222780646,11197,8754,8755,8809,8810,200015.10478324493,431.3751525352709,4139,"[[334302.55779995414,5724998.180605194],[334268.36899595597,5725091.779270053],[334306.1917090609,5725001.975158726],[334218.91864908,5724949.808111246],[334193.22153253027,5725007.498045916]]",9ee63faabcca9d7ea56158b9a7b93c43e3bd66789637b328ac894e71f26729ce,5dc8eded9dfffc4c3f593e6729bdbba047bb11d4b306beb7fdffbf85f154a57b,none,stationary,matched_prior_exact,1,0,"{""p_d"":0.8,""stage"":""c2-mismatch"",""tau"":10000.0,""w"":0.5}",23493243a5f6b095ea52693b5d393f86e1e58febdf4a3d27a620d765fec49176,0.0,True,837626615c2a794a56780b5bfc58f4bbf9499d5fc27690ed8e8d7e9dffe0ee70,341053,181902,Q_alpha,planner=P; endpoint=Q_alpha,0.5,0.8,10000.0,"{""alpha"":0.0,""p_d"":0.8,""stage"":""c2-mismatch"",""tau"":10000.0,""w"":0.5}",alpha_0,revision_C_base@7b52d9149fd5,7b52d9149fd569229bcf4dbdfab434edfabc2e03,7821c330697bd81d6d7c78669e14fc4e785ea7c98d4305a8f8d4a52af044ffbd,c2-mismatch_20260826_181638_227156_4f4ff330,4f4ff3304f262cb45b129b36796bb1faf7ceb8ecd717c2fd358f23f3a31673e0,none,none,none,none,evidence,revision_B_base,revision_B_base,5,200000.0,xlarge,45.0,80.0,5.0,0.5,1.0
10,46,online_static_3step,0.5,0.8,10000.0,0.10927226757387937,7949.6933574910645,0.14304686988030732,62.30304101838755,0.9839494191029156,2828,8809,8810,8809,8810,200010.1904282522,382.2181637880858,4051,"[[334302.55779995414,5724998.180605194],[334268.36899595597,5725091.779270053],[334306.1917090609,5725001.975158726],[334218.91864908,5724949.808111246],[334193.22153253027,5725007.498045916]]",9ee63faabcca9d7ea56158b9a7b93c43e3bd66789637b328ac894e71f26729ce,fa4519f950dd49990ec24fd22f83a8dfbf45b7a8bd0c8595d0458a7aa24600db,none,stationary,matched_prior_exact,1,0,"{""p_d"":0.8,""stage"":""c2-mismatch"",""tau"":10000.0,""w"":0.5}",23493243a5f6b095ea52693b5d393f86e1e58febdf4a3d27a620d765fec49176,0.25,True,8a61a7a30e5e46ea714f5cc19deb32b5776316330c9a414252d76aa3020f0038,341053,181902,Q_alpha,planner=P; endpoint=Q_alpha,0.5,0.8,10000.0,"{""alpha"":0.25,""p_d"":0.8,""stage"":""c2-mismatch"",""tau"":10000.0,""w"":0.5}",alpha_0.25,revision_C_base@7b52d9149fd5,7b52d9149fd569229bcf4dbdfab434edfabc2e03,7821c330697bd81d6d7c78669e14fc4e785ea7c98d4305a8f8d4a52af044ffbd,c2-mismatch_20260826_181638_227156_4f4ff330,4f4ff3304f262cb45b129b36796bb1faf7ceb8ecd717c2fd358f23f3a31673e0,none,none,none,none,evidence,revision_B_base,revision_B_base,5,200000.0,xlarge,45.0,80.0,5.0,0.5,1.0
10,46,dynamic_3step,0.5,0.8,10000.0,0.21016623758156266,7509.953311302182,0.2694729909991335,15.637760114316334,0.936052222780646,11197,8754,8755,8809,8810,200015.10478324493,431.3751525352709,4139,"[[334302.55779995414,5724998.180605194],[334268.36899595597,5725091.779270053],[334306.1917090609,5725001.975158726],[334218.91864908,5724949.808111246],[334193.22153253027,5725007.498045916]]",9ee63faabcca9d7ea56158b9a7b93c43e3bd66789637b328ac894e71f26729ce,5dc8eded9dfffc4c3f593e6729bdbba047bb11d4b306beb7fdffbf85f154a57b,none,stationary,matched_prior_exact,1,0,"{""p_d"":0.8,""stage"":""c2-mismatch"",""tau"":10000.0,""w"":0.5}",23493243a5f6b095ea52693b5d393f86e1e58febdf4a3d27a620d765fec49176,0.25,True,8a61a7a30e5e46ea714f5cc19deb32b5776316330c9a414252d76aa3020f0038,341053,181902,Q_alpha,planner=P; endpoint=Q_alpha,0.5,0.8,10000.0,"{""alpha"":0.25,""p_d"":0.8,""stage"":""c2-mismatch"",""tau"":10000.0,""w"":0.5}",alpha_0.25,revision_C_base@7b52d9149fd5,7b52d9149fd569229bcf4dbdfab434edfabc2e03,7821c330697bd81d6d7c78669e14fc4e785ea7c98d4305a8f8d4a52af044ffbd,c2-mismatch_20260826_181638_227156_4f4ff330,4f4ff3304f262cb45b129b36796bb1faf7ceb8ecd717c2fd358f23f3a31673e0,none,none,none,none,evidence,revision_B_base,revision_B_base,5,200000.0,xlarge,45.0,80.0,5.0,0.5,1.0
10,46,online_static_3step,0.5,0.8,10000.0,0.07560923698062931,8214.895671232038,0.14304686988030732,62.30304101838755,0.9839494191029156,2828,8809,8810,8809,8810,200010.1904282522,382.2181637880858,4051,"[[334302.55779995414,5724998.180605194],[334268.36899595597,5725091.779270053],[334306.1917090609,5725001.975158726],[334218.91864908,5724949.808111246],[334193.22153253027,5725007.498045916]]",9ee63faabcca9d7ea56158b9a7b93c43e3bd66789637b328ac894e71f26729ce,fa4519f950dd49990ec24fd22f83a8dfbf45b7a8bd0c8595d0458a7aa24600db,none,stationary,matched_prior_exact,1,0,"{""p_d"":0.8,""stage"":""c2-mismatch"",""tau"":10000.0,""w"":0.5}",23493243a5f6b095ea52693b5d393f86e1e58febdf4a3d27a620d765fec49176,0.5,True,60a3df8d6c0f4df584ef374ca5cfefe8d5bed8804953c1c55ad23535ca0dfe43,341053,181902,Q_alpha,planner=P; endpoint=Q_alpha,0.5,0.8,10000.0,"{""alpha"":0.5,""p_d"":0.8,""stage"":""c2-mismatch"",""tau"":10000.0,""w"":0.5}",alpha_0.5,revision_C_base@7b52d9149fd5,7b52d9149fd569229bcf4dbdfab434edfabc2e03,7821c330697bd81d6d7c78669e14fc4e785ea7c98d4305a8f8d4a52af044ffbd,c2-mismatch_20260826_181638_227156_4f4ff330,4f4ff3304f262cb45b129b36796bb1faf7ceb8ecd717c2fd358f23f3a31673e0,none,none,none,none,evidence,revision_B_base,revision_B_base,5,200000.0,xlarge,45.0,80.0,5.0,0.5,1.0
10,46,dynamic_3step,0.5,0.8,10000.0,0.15103969135955958,7890.060341701352,0.2694729909991335,15.637760114316334,0.936052222780646,11197,8754,8755,8809,8810,200015.10478324493,431.3751525352709,4139,"[[334302.55779995414,5724998.180605194],[334268.36899595597,5725091.779270053],[334306.1917090609,5725001.975158726],[334218.91864908,5724949.808111246],[334193.22153253027,5725007.498045916]]",9ee63faabcca9d7ea56158b9a7b93c43e3bd66789637b328ac894e71f26729ce,5dc8eded9dfffc4c3f593e6729bdbba047bb11d4b306beb7fdffbf85f154a57b,none,stationary,matched_prior_exact,1,0,"{""p_d"":0.8,""stage"":""c2-mismatch"",""tau"":10000.0,""w"":0.5}",23493243a5f6b095ea52693b5d393f86e1e58febdf4a3d27a620d765fec49176,0.5,True,60a3df8d6c0f4df584ef374ca5cfefe8d5bed8804953c1c55ad23535ca0dfe43,341053,181902,Q_alpha,planner=P; endpoint=Q_alpha,0.5,0.8,10000.0,"{""alpha"":0.5,""p_d"":0.8,""stage"":""c2-mismatch"",""tau"":10000.0,""w"":0.5}",alpha_0.5,revision_C_base@7b52d9149fd5,7b52d9149fd569229bcf4dbdfab434edfabc2e03,7821c330697bd81d6d7c78669e14fc4e785ea7c98d4305a8f8d4a52af044ffbd,c2-mismatch_20260826_181638_227156_4f4ff330,4f4ff3304f262cb45b129b36796bb1faf7ceb8ecd717c2fd358f23f3a31673e0,none,none,none,none,evidence,revision_B_base,revision_B_base,5,200000.0,xlarge,45.0,80.0,5.0,0.5,1.0
10,46,online_static_3step,0.5,0.8,10000.0,0.04194620638737921,8480.097984901897,0.14304686988030732,62.30304101838755,0.9839494191029156,2828,8809,8810,8809,8810,200010.1904282522,382.2181637880858,4051,"[[334302.55779995414,5724998.180605194],[334268.36899595597,5725091.779270053],[334306.1917090609,5725001.975158726],[334218.91864908,5724949.808111246],[334193.22153253027,5725007.498045916]]",9ee63faabcca9d7ea56158b9a7b93c43e3bd66789637b328ac894e71f26729ce,fa4519f950dd49990ec24fd22f83a8dfbf45b7a8bd0c8595d0458a7aa24600db,none,stationary,matched_prior_exact,1,0,"{""p_d"":0.8,""stage"":""c2-mismatch"",""tau"":10000.0,""w"":0.5}",23493243a5f6b095ea52693b5d393f86e1e58febdf4a3d27a620d765fec49176,0.75,True,393b7d36f32755ca9a22a8a62a0e3e0cb1139b6055b8b7fcf347549117b4c619,341053,181902,Q_alpha,planner=P; endpoint=Q_alpha,0.5,0.8,10000.0,"{""alpha"":0.75,""p_d"":0.8,""stage"":""c2-mismatch"",""tau"":10000.0,""w"":0.5}",alpha_0.75,revision_C_base@7b52d9149fd5,7b52d9149fd569229bcf4dbdfab434edfabc2e03,7821c330697bd81d6d7c78669e14fc4e785ea7c98d4305a8f8d4a52af044ffbd,c2-mismatch_20260826_181638_227156_4f4ff330,4f4ff3304f262cb45b129b36796bb1faf7ceb8ecd717c2fd358f23f3a31673e0,none,none,none,none,evidence,revision_B_base,revision_B_base,5,200000.0,xlarge,45.0,80.0,5.0,0.5,1.0
10,46,dynamic_3step,0.5,0.8,10000.0,0.0919131451375565,8270.167372036838,0.2694729909991335,15.637760114316334,0.936052222780646,11197,8754,8755,8809,8810,200015.10478324493,431.3751525352709,4139,"[[334302.55779995414,5724998.180605194],[334268.36899595597,5725091.779270053],[334306.1917090609,5725001.975158726],[334218.91864908,5724949.808111246],[334193.22153253027,5725007.498045916]]",9ee63faabcca9d7ea56158b9a7b93c43e3bd66789637b328ac894e71f26729ce,5dc8eded9dfffc4c3f593e6729bdbba047bb11d4b306beb7fdffbf85f154a57b,none,stationary,matched_prior_exact,1,0,"{""p_d"":0.8,""stage"":""c2-mismatch"",""tau"":10000.0,""w"":0.5}",23493243a5f6b095ea52693b5d393f86e1e58febdf4a3d27a620d765fec49176,0.75,True,393b7d36f32755ca9a22a8a62a0e3e0cb1139b6055b8b7fcf347549117b4c619,341053,181902,Q_alpha,planner=P; endpoint=Q_alpha,0.5,0.8,10000.0,"{""alpha"":0.75,""p_d"":0.8,""stage"":""c2-mismatch"",""tau"":10000.0,""w"":0.5}",alpha_0.75,revision_C_base@7b52d9149fd5,7b52d9149fd569229bcf4dbdfab434edfabc2e03,7821c330697bd81d6d7c78669e14fc4e785ea7c98d4305a8f8d4a52af044ffbd,c2-mismatch_20260826_181638_227156_4f4ff330,4f4ff3304f262cb45b129b36796bb1faf7ceb8ecd717c2fd358f23f3a31673e0,none,none,none,none,evidence,revision_B_base,revision_B_base,5,200000.0,xlarge,45.0,80.0,5.0,0.5,1.0
10,49,online_static_3step,0.5,0.8,10000.0,0.13278507036035875,7971.124664399914,0.13290371205966817,69.32070417145044,0.985574295415022,2613,9056,9057,9056,9057,200023.7988923466,422.77217693440616,4450,"[[334229.3632394197,5725072.168818314],[334218.0510657913,5725063.304285395],[334273.0122088742,5725004.039631271],[334295.95106640976,5724915.288878261],[334246.1550359129,5725011.764393869]]",60433548930247880d436336dc0c24b5722e1f405496f3395bc41214162a99f6,d62825b9c8e2bdc488022e22080bdfc43ca524470927f880c1e4e344e10306f8,none,stationary,matched_prior_exact,1,0,"{""p_d"":0.8,""stage"":""c2-mismatch"",""tau"":10000.0,""w"":0.5}",23493243a5f6b095ea52693b5d393f86e1e58febdf4a3d27a620d765fec49176,0.0,True,837626615c2a794a56780b5bfc58f4bbf9499d5fc27690ed8e8d7e9dffe0ee70,341053,181902,Q_alpha,planner=P; endpoint=Q_alpha,0.5,0.8,10000.0,"{""alpha"":0.0,""p_d"":0.8,""stage"":""c2-mismatch"",""tau"":10000.0,""w"":0.5}",alpha_0,revision_C_base@7b52d9149fd5,7b52d9149fd569229bcf4dbdfab434edfabc2e03,7821c330697bd81d6d7c78669e14fc4e785ea7c98d4305a8f8d4a52af044ffbd,c2-mismatch_20260826_181638_227156_4f4ff330,4f4ff3304f262cb45b129b36796bb1faf7ceb8ecd717c2fd358f23f3a31673e0,none,none,none,none,evidence,revision_B_base,revision_B_base,5,200000.0,xlarge,45.0,80.0,5.0,0.5,1.0
10,49,dynamic_3step,0.5,0.8,10000.0,0.2751072026371461,7299.273201711035,0.2753375521415366,13.520589142504626,0.9260387258676248,12968,8766,8767,9056,9057,200017.81787904268,404.5835908150766,4236,"[[334229.3632394197,5725072.168818314],[334218.0510657913,5725063.304285395],[334273.0122088742,5725004.039631271],[334295.95106640976,5724915.288878261],[334246.1550359129,5725011.764393869]]",60433548930247880d436336dc0c24b5722e1f405496f3395bc41214162a99f6,0b4004020b83776137dede3344f42fa40b8beb1e81891c8ad3b30f895704e285,none,stationary,matched_prior_exact,1,0,"{""p_d"":0.8,""stage"":""c2-mismatch"",""tau"":10000.0,""w"":0.5}",23493243a5f6b095ea52693b5d393f86e1e58febdf4a3d27a620d765fec49176,0.0,True,837626615c2a794a56780b5bfc58f4bbf9499d5fc27690ed8e8d7e9dffe0ee70,341053,181902,Q_alpha,planner=P; endpoint=Q_alpha,0.5,0.8,10000.0,"{""alpha"":0.0,""p_d"":0.8,""stage"":""c2-mismatch"",""tau"":10000.0,""w"":0.5}",alpha_0,revision_C_base@7b52d9149fd5,7b52d9149fd569229bcf4dbdfab434edfabc2e03,7821c330697bd81d6d7c78669e14fc4e785ea7c98d4305a8f8d4a52af044ffbd,c2-mismatch_20260826_181638_227156_4f4ff330,4f4ff3304f262cb45b129b36796bb1faf7ceb8ecd717c2fd358f23f3a31673e0,none,none,none,none,evidence,revision_B_base,revision_B_base,5,200000.0,xlarge,45.0,80.0,5.0,0.5,1.0
10,49,online_static_3step,0.5,0.8,10000.0,0.10150212679025858,8227.092507791476,0.13290371205966817,69.32070417145044,0.985574295415022,2613,9056,9057,9056,9057,200023.7988923466,422.77217693440616,4450,"[[334229.3632394197,5725072.168818314],[334218.0510657913,5725063.304285395],[334273.0122088742,5725004.039631271],[334295.95106640976,5724915.288878261],[334246.1550359129,5725011.764393869]]",60433548930247880d436336dc0c24b5722e1f405496f3395bc41214162a99f6,d62825b9c8e2bdc488022e22080bdfc43ca524470927f880c1e4e344e10306f8,none,stationary,matched_prior_exact,1,0,"{""p_d"":0.8,""stage"":""c2-mismatch"",""tau"":10000.0,""w"":0.5}",23493243a5f6b095ea52693b5d393f86e1e58febdf4a3d27a620d765fec49176,0.25,True,8a61a7a30e5e46ea714f5cc19deb32b5776316330c9a414252d76aa3020f0038,341053,181902,Q_alpha,planner=P; endpoint=Q_alpha,0.5,0.8,10000.0,"{""alpha"":0.25,""p_d"":0.8,""stage"":""c2-mismatch"",""tau"":10000.0,""w"":0.5}",alpha_0.25,revision_C_base@7b52d9149fd5,7b52d9149fd569229bcf4dbdfab434edfabc2e03,7821c330697bd81d6d7c78669e14fc4e785ea7c98d4305a8f8d4a52af044ffbd,c2-mismatch_20260826_181638_227156_4f4ff330,4f4ff3304f262cb45b129b36796bb1faf7ceb8ecd717c2fd358f23f3a31673e0,none,none,none,none,evidence,revision_B_base,revision_B_base,5,200000.0,xlarge,45.0,80.0,5.0,0.5,1.0
10,49,dynamic_3step,0.5,0.8,10000.0,0.2158246023326308,7692.190996335072,0.2753375521415366,13.520589142504626,0.9260387258676248,12968,8766,8767,9056,9057,200017.81787904268,404.5835908150766,4236,"[[334229.3632394197,5725072.168818314],[334218.0510657913,5725063.304285395],[334273.0122088742,5725004.039631271],[334295.95106640976,5724915.288878261],[334246.1550359129,5725011.764393869]]",60433548930247880d436336dc0c24b5722e1f405496f3395bc41214162a99f6,0b4004020b83776137dede3344f42fa40b8beb1e81891c8ad3b30f895704e285,none,stationary,matched_prior_exact,1,0,"{""p_d"":0.8,""stage"":""c2-mismatch"",""tau"":10000.0,""w"":0.5}",23493243a5f6b095ea52693b5d393f86e1e58febdf4a3d27a620d765fec49176,0.25,True,8a61a7a30e5e46ea714f5cc19deb32b5776316330c9a414252d76aa3020f0038,341053,181902,Q_alpha,planner=P; endpoint=Q_alpha,0.5,0.8,10000.0,"{""alpha"":0.25,""p_d"":0.8,""stage"":""c2-mismatch"",""tau"":10000.0,""w"":0.5}",alpha_0.25,revision_C_base@7b52d9149fd5,7b52d9149fd569229bcf4dbdfab434edfabc2e03,7821c330697bd81d6d7c78669e14fc4e785ea7c98d4305a8f8d4a52af044ffbd,c2-mismatch_20260826_181638_227156_4f4ff330,4f4ff3304f262cb45b129b36796bb1faf7ceb8ecd717c2fd358f23f3a31673e0,none,none,none,none,evidence,revision_B_base,revision_B_base,5,200000.0,xlarge,45.0,80.0,5.0,0.5,1.0
10,49,online_static_3step,0.5,0.8,10000.0,0.07021918322015845,8483.060351117168,0.13290371205966817,69.32070417145044,0.985574295415022,2613,9056,9057,9056,9057,200023.7988923466,422.77217693440616,4450,"[[334229.3632394197,5725072.168818314],[334218.0510657913,5725063.304285395],[334273.0122088742,5725004.039631271],[334295.95106640976,5724915.288878261],[334246.1550359129,5725011.764393869]]",60433548930247880d436336dc0c24b5722e1f405496f3395bc41214162a99f6,d62825b9c8e2bdc488022e22080bdfc43ca524470927f880c1e4e344e10306f8,none,stationary,matched_prior_exact,1,0,"{""p_d"":0.8,""stage"":""c2-mismatch"",""tau"":10000.0,""w"":0.5}",23493243a5f6b095ea52693b5d393f86e1e58febdf4a3d27a620d765fec49176,0.5,True,60a3df8d6c0f4df584ef374ca5cfefe8d5bed8804953c1c55ad23535ca0dfe43,341053,181902,Q_alpha,planner=P; endpoint=Q_alpha,0.5,0.8,10000.0,"{""alpha"":0.5,""p_d"":0.8,""stage"":""c2-mismatch"",""tau"":10000.0,""w"":0.5}",alpha_0.5,revision_C_base@7b52d9149fd5,7b52d9149fd569229bcf4dbdfab434edfabc2e03,7821c330697bd81d6d7c78669e14fc4e785ea7c98d4305a8f8d4a52af044ffbd,c2-mismatch_20260826_181638_227156_4f4ff330,4f4ff3304f262cb45b129b36796bb1faf7ceb8ecd717c2fd358f23f3a31673e0,none,none,none,none,evidence,revision_B_base,revision_B_base,5,200000.0,xlarge,45.0,80.0,5.0,0.5,1.0
10,49,dynamic_3step,0.5,0.8,10000.0,0.15654200202811552,8085.108790899363,0.2753375521415366,13.520589142504626,0.9260387258676248,12968,8766,8767,9056,9057,200017.81787904268,404.5835908150766,4236,"[[334229.3632394197,5725072.168818314],[334218.0510657913,5725063.304285395],[334273.0122088742,5725004.039631271],[334295.95106640976,5724915.288878261],[334246.1550359129,5725011.764393869]]",60433548930247880d436336dc0c24b5722e1f405496f3395bc41214162a99f6,0b4004020b83776137dede3344f42fa40b8beb1e81891c8ad3b30f895704e285,none,stationary,matched_prior_exact,1,0,"{""p_d"":0.8,""stage"":""c2-mismatch"",""tau"":10000.0,""w"":0.5}",23493243a5f6b095ea52693b5d393f86e1e58febdf4a3d27a620d765fec49176,0.5,True,60a3df8d6c0f4df584ef374ca5cfefe8d5bed8804953c1c55ad23535ca0dfe43,341053,181902,Q_alpha,planner=P; endpoint=Q_alpha,0.5,0.8,10000.0,"{""alpha"":0.5,""p_d"":0.8,""stage"":""c2-mismatch"",""tau"":10000.0,""w"":0.5}",alpha_0.5,revision_C_base@7b52d9149fd5,7b52d9149fd569229bcf4dbdfab434edfabc2e03,7821c330697bd81d6d7c78669e14fc4e785ea7c98d4305a8f8d4a52af044ffbd,c2-mismatch_20260826_181638_227156_4f4ff330,4f4ff3304f262cb45b129b36796bb1faf7ceb8ecd717c2fd358f23f3a31673e0,none,none,none,none,evidence,revision_B_base,revision_B_base,5,200000.0,xlarge,45.0,80.0,5.0,0.5,1.0
10,49,online_static_3step,0.5,0.8,10000.0,0.038936239650058296,8739.028194507868,0.13290371205966817,69.32070417145044,0.985574295415022,2613,9056,9057,9056,9057,200023.7988923466,422.77217693440616,4450,"[[334229.3632394197,5725072.168818314],[334218.0510657913,5725063.304285395],[334273.0122088742,5725004.039631271],[334295.95106640976,5724915.288878261],[334246.1550359129,5725011.764393869]]",60433548930247880d436336dc0c24b5722e1f405496f3395bc41214162a99f6,d62825b9c8e2bdc488022e22080bdfc43ca524470927f880c1e4e344e10306f8,none,stationary,matched_prior_exact,1,0,"{""p_d"":0.8,""stage"":""c2-mismatch"",""tau"":10000.0,""w"":0.5}",23493243a5f6b095ea52693b5d393f86e1e58febdf4a3d27a620d765fec49176,0.75,True,393b7d36f32755ca9a22a8a62a0e3e0cb1139b6055b8b7fcf347549117b4c619,341053,181902,Q_alpha,planner=P; endpoint=Q_alpha,0.5,0.8,10000.0,"{""alpha"":0.75,""p_d"":0.8,""stage"":""c2-mismatch"",""tau"":10000.0,""w"":0.5}",alpha_0.75,revision_C_base@7b52d9149fd5,7b52d9149fd569229bcf4dbdfab434edfabc2e03,7821c330697bd81d6d7c78669e14fc4e785ea7c98d4305a8f8d4a52af044ffbd,c2-mismatch_20260826_181638_227156_4f4ff330,4f4ff3304f262cb45b129b36796bb1faf7ceb8ecd717c2fd358f23f3a31673e0,none,none,none,none,evidence,revision_B_base,revision_B_base,5,200000.0,xlarge,45.0,80.0,5.0,0.5,1.0
10,49,dynamic_3step,0.5,0.8,10000.0,0.09725940172360026,8478.026585524078,0.2753375521415366,13.520589142504626,0.9260387258676248,12968,8766,8767,9056,9057,200017.81787904268,404.5835908150766,4236,"[[334229.3632394197,5725072.168818314],[334218.0510657913,5725063.304285395],[334273.0122088742,5725004.039631271],[334295.95106640976,5724915.288878261],[334246.1550359129,5725011.764393869]]",60433548930247880d436336dc0c24b5722e1f405496f3395bc41214162a99f6,0b4004020b83776137dede3344f42fa40b8beb1e81891c8ad3b30f895704e285,none,stationary,matched_prior_exact,1,0,"{""p_d"":0.8,""stage"":""c2-mismatch"",""tau"":10000.0,""w"":0.5}",23493243a5f6b095ea52693b5d393f86e1e58febdf4a3d27a620d765fec49176,0.75,True,393b7d36f32755ca9a22a8a62a0e3e0cb1139b6055b8b7fcf347549117b4c619,341053,181902,Q_alpha,planner=P; endpoint=Q_alpha,0.5,0.8,10000.0,"{""alpha"":0.75,""p_d"":0.8,""stage"":""c2-mismatch"",""tau"":10000.0,""w"":0.5}",alpha_0.75,revision_C_base@7b52d9149fd5,7b52d9149fd569229bcf4dbdfab434edfabc2e03,7821c330697bd81d6d7c78669e14fc4e785ea7c98d4305a8f8d4a52af044ffbd,c2-mismatch_20260826_181638_227156_4f4ff330,4f4ff3304f262cb45b129b36796bb1faf7ceb8ecd717c2fd358f23f3a31673e0,none,none,none,none,evidence,revision_B_base,revision_B_base,5,200000.0,xlarge,45.0,80.0,5.0,0.5,1.0
10,45,online_static_3step,0.5,0.8,10000.0,0.13252531382396676,7990.134586144176,0.1326643383064388,69.58665644171779,0.9856294288138768,2608,9073,9074,9073,9074,200016.8998527769,503.97254767199047,5376,"[[334214.3573079379,5724981.472488245],[334287.2319513471,5724923.950527903],[334191.4163765472,5725008.043513834],[334301.54773942236,5724939.80748086],[334210.7322952044,5725058.230726799]]",8a7e98c8245c80a6f01e0226d2d2656885f2cb7610bee2dc775b06c99ab4ad79,9caddb731debdf4d73f89b18839ba97c8cdfca4d2137f1a2564e70b47c76641b,none,stationary,matched_prior_exact,1,0,"{""p_d"":0.8,""stage"":""c2-mismatch"",""tau"":10000.0,""w"":0.5}",23493243a5f6b095ea52693b5d393f86e1e58febdf4a3d27a620d765fec49176,0.0,True,837626615c2a794a56780b5bfc58f4bbf9499d5fc27690ed8e8d7e9dffe0ee70,341053,181902,Q_alpha,planner=P; endpoint=Q_alpha,0.5,0.8,10000.0,"{""alpha"":0.0,""p_d"":0.8,""stage"":""c2-mismatch"",""tau"":10000.0,""w"":0.5}",alpha_0,revision_C_base@7b52d9149fd5,7b52d9149fd569229bcf4dbdfab434edfabc2e03,7821c330697bd81d6d7c78669e14fc4e785ea7c98d4305a8f8d4a52af044ffbd,c2-mismatch_20260826_181638_227156_4f4ff330,4f4ff3304f262cb45b129b36796bb1faf7ceb8ecd717c2fd358f23f3a31673e0,none,none,none,none,evidence,revision_B_base,revision_B_base,5,200000.0,xlarge,45.0,80.0,5.0,0.5,1.0
10,45,dynamic_3step,0.5,0.8,10000.0,0.2891278550543886,7350.955224546353,0.28933971504100564,15.403235733755386,0.9350785758729543,11373,8758,8759,9073,9074,200000.87981180876,411.76289012120105,4231,"[[334214.3573079379,5724981.472488245],[334287.2319513471,5724923.950527903],[334191.4163765472,5725008.043513834],[334301.54773942236,5724939.80748086],[334210.7322952044,5725058.230726799]]",8a7e98c8245c80a6f01e0226d2d2656885f2cb7610bee2dc775b06c99ab4ad79,dadf3fbe3e238333721d139f8e7009d55fb4c007acb2907451b5b1f72be8f8de,none,stationary,matched_prior_exact,1,0,"{""p_d"":0.8,""stage"":""c2-mismatch"",""tau"":10000.0,""w"":0.5}",23493243a5f6b095ea52693b5d393f86e1e58febdf4a3d27a620d765fec49176,0.0,True,837626615c2a794a56780b5bfc58f4bbf9499d5fc27690ed8e8d7e9dffe0ee70,341053,181902,Q_alpha,planner=P; endpoint=Q_alpha,0.5,0.8,10000.0,"{""alpha"":0.0,""p_d"":0.8,""stage"":""c2-mismatch"",""tau"":10000.0,""w"":0.5}",alpha_0,revision_C_base@7b52d9149fd5,7b52d9149fd569229bcf4dbdfab434edfabc2e03,7821c330697bd81d6d7c78669e14fc4e785ea7c98d4305a8f8d4a52af044ffbd,c2-mismatch_20260826_181638_227156_4f4ff330,4f4ff3304f262cb45b129b36796bb1faf7ceb8ecd717c2fd358f23f3a31673e0,none,none,none,none,evidence,revision_B_base,revision_B_base,5,200000.0,xlarge,45.0,80.0,5.0,0.5,1.0
10,45,online_static_3step,0.5,0.8,10000.0,0.1013032892170691,8245.632346647057,0.1326643383064388,69.58665644171779,0.9856294288138768,2608,9073,9074,9073,9074,200016.8998527769,503.97254767199047,5376,"[[334214.3573079379,5724981.472488245],[334287.2319513471,5724923.950527903],[334191.4163765472,5725008.043513834],[334301.54773942236,5724939.80748086],[334210.7322952044,5725058.230726799]]",8a7e98c8245c80a6f01e0226d2d2656885f2cb7610bee2dc775b06c99ab4ad79,9caddb731debdf4d73f89b18839ba97c8cdfca4d2137f1a2564e70b47c76641b,none,stationary,matched_prior_exact,1,0,"{""p_d"":0.8,""stage"":""c2-mismatch"",""tau"":10000.0,""w"":0.5}",23493243a5f6b095ea52693b5d393f86e1e58febdf4a3d27a620d765fec49176,0.25,True,8a61a7a30e5e46ea714f5cc19deb32b5776316330c9a414252d76aa3020f0038,341053,181902,Q_alpha,planner=P; endpoint=Q_alpha,0.5,0.8,10000.0,"{""alpha"":0.25,""p_d"":0.8,""stage"":""c2-mismatch"",""tau"":10000.0,""w"":0.5}",alpha_0.25,revision_C_base@7b52d9149fd5,7b52d9149fd569229bcf4dbdfab434edfabc2e03,7821c330697bd81d6d7c78669e14fc4e785ea7c98d4305a8f8d4a52af044ffbd,c2-mismatch_20260826_181638_227156_4f4ff330,4f4ff3304f262cb45b129b36796bb1faf7ceb8ecd717c2fd358f23f3a31673e0,none,none,none,none,evidence,revision_B_base,revision_B_base,5,200000.0,xlarge,45.0,80.0,5.0,0.5,1.0
10,45,dynamic_3step,0.5,0.8,10000.0,0.2251722982495052,7742.299830870525,0.28933971504100564,15.403235733755386,0.9350785758729543,11373,8758,8759,9073,9074,200000.87981180876,411.76289012120105,4231,"[[334214.3573079379,5724981.472488245],[334287.2319513471,5724923.950527903],[334191.4163765472,5725008.043513834],[334301.54773942236,5724939.80748086],[334210.7322952044,5725058.230726799]]",8a7e98c8245c80a6f01e0226d2d2656885f2cb7610bee2dc775b06c99ab4ad79,dadf3fbe3e238333721d139f8e7009d55fb4c007acb2907451b5b1f72be8f8de,none,stationary,matched_prior_exact,1,0,"{""p_d"":0.8,""stage"":""c2-mismatch"",""tau"":10000.0,""w"":0.5}",23493243a5f6b095ea52693b5d393f86e1e58febdf4a3d27a620d765fec49176,0.25,True,8a61a7a30e5e46ea714f5cc19deb32b5776316330c9a414252d76aa3020f0038,341053,181902,Q_alpha,planner=P; endpoint=Q_alpha,0.5,0.8,10000.0,"{""alpha"":0.25,""p_d"":0.8,""stage"":""c2-mismatch"",""tau"":10000.0,""w"":0.5}",alpha_0.25,revision_C_base@7b52d9149fd5,7b52d9149fd569229bcf4dbdfab434edfabc2e03,7821c330697bd81d6d7c78669e14fc4e785ea7c98d4305a8f8d4a52af044ffbd,c2-mismatch_20260826_181638_227156_4f4ff330,4f4ff3304f262cb45b129b36796bb1faf7ceb8ecd717c2fd358f23f3a31673e0,none,none,none,none,evidence,revision_B_base,revision_B_base,5,200000.0,xlarge,45.0,80.0,5.0,0.5,1.0
10,45,online_static_3step,0.5,0.8,10000.0,0.07008126461017143,8501.130107137642,0.1326643383064388,69.58665644171779,0.9856294288138768,2608,9073,9074,9073,9074,200016.8998527769,503.97254767199047,5376,"[[334214.3573079379,5724981.472488245],[334287.2319513471,5724923.950527903],[334191.4163765472,5725008.043513834],[334301.54773942236,5724939.80748086],[334210.7322952044,5725058.230726799]]",8a7e98c8245c80a6f01e0226d2d2656885f2cb7610bee2dc775b06c99ab4ad79,9caddb731debdf4d73f89b18839ba97c8cdfca4d2137f1a2564e70b47c76641b,none,stationary,matched_prior_exact,1,0,"{""p_d"":0.8,""stage"":""c2-mismatch"",""tau"":10000.0,""w"":0.5}",23493243a5f6b095ea52693b5d393f86e1e58febdf4a3d27a620d765fec49176,0.5,True,60a3df8d6c0f4df584ef374ca5cfefe8d5bed8804953c1c55ad23535ca0dfe43,341053,181902,Q_alpha,planner=P; endpoint=Q_alpha,0.5,0.8,10000.0,"{""alpha"":0.5,""p_d"":0.8,""stage"":""c2-mismatch"",""tau"":10000.0,""w"":0.5}",alpha_0.5,revision_C_base@7b52d9149fd5,7b52d9149fd569229bcf4dbdfab434edfabc2e03,7821c330697bd81d6d7c78669e14fc4e785ea7c98d4305a8f8d4a52af044ffbd,c2-mismatch_20260826_181638_227156_4f4ff330,4f4ff3304f262cb45b129b36796bb1faf7ceb8ecd717c2fd358f23f3a31673e0,none,none,none,none,evidence,revision_B_base,revision_B_base,5,200000.0,xlarge,45.0,80.0,5.0,0.5,1.0
10,45,dynamic_3step,0.5,0.8,10000.0,0.16121674144462173,8133.644437180299,0.28933971504100564,15.403235733755386,0.9350785758729543,11373,8758,8759,9073,9074,200000.87981180876,411.76289012120105,4231,"[[334214.3573079379,5724981.472488245],[334287.2319513471,5724923.950527903],[334191.4163765472,5725008.043513834],[334301.54773942236,5724939.80748086],[334210.7322952044,5725058.230726799]]",8a7e98c8245c80a6f01e0226d2d2656885f2cb7610bee2dc775b06c99ab4ad79,dadf3fbe3e238333721d139f8e7009d55fb4c007acb2907451b5b1f72be8f8de,none,stationary,matched_prior_exact,1,0,"{""p_d"":0.8,""stage"":""c2-mismatch"",""tau"":10000.0,""w"":0.5}",23493243a5f6b095ea52693b5d393f86e1e58febdf4a3d27a620d765fec49176,0.5,True,60a3df8d6c0f4df584ef374ca5cfefe8d5bed8804953c1c55ad23535ca0dfe43,341053,181902,Q_alpha,planner=P; endpoint=Q_alpha,0.5,0.8,10000.0,"{""alpha"":0.5,""p_d"":0.8,""stage"":""c2-mismatch"",""tau"":10000.0,""w"":0.5}",alpha_0.5,revision_C_base@7b52d9149fd5,7b52d9149fd569229bcf4dbdfab434edfabc2e03,7821c330697bd81d6d7c78669e14fc4e785ea7c98d4305a8f8d4a52af044ffbd,c2-mismatch_20260826_181638_227156_4f4ff330,4f4ff3304f262cb45b129b36796bb1faf7ceb8ecd717c2fd358f23f3a31673e0,none,none,none,none,evidence,revision_B_base,revision_B_base,5,200000.0,xlarge,45.0,80.0,5.0,0.5,1.0
10,45,online_static_3step,0.5,0.8,10000.0,0.03885924000327376,8756.627867552985,0.1326643383064388,69.58665644171779,0.9856294288138768,2608,9073,9074,9073,9074,200016.8998527769,503.97254767199047,5376,"[[334214.3573079379,5724981.472488245],[334287.2319513471,5724923.950527903],[334191.4163765472,5725008.043513834],[334301.54773942236,5724939.80748086],[334210.7322952044,5725058.230726799]]",8a7e98c8245c80a6f01e0226d2d2656885f2cb7610bee2dc775b06c99ab4ad79,9caddb731debdf4d73f89b18839ba97c8cdfca4d2137f1a2564e70b47c76641b,none,stationary,matched_prior_exact,1,0,"{""p_d"":0.8,""stage"":""c2-mismatch"",""tau"":10000.0,""w"":0.5}",23493243a5f6b095ea52693b5d393f86e1e58febdf4a3d27a620d765fec49176,0.75,True,393b7d36f32755ca9a22a8a62a0e3e0cb1139b6055b8b7fcf347549117b4c619,341053,181902,Q_alpha,planner=P; endpoint=Q_alpha,0.5,0.8,10000.0,"{""alpha"":0.75,""p_d"":0.8,""stage"":""c2-mismatch"",""tau"":10000.0,""w"":0.5}",alpha_0.75,revision_C_base@7b52d9149fd5,7b52d9149fd569229bcf4dbdfab434edfabc2e03,7821c330697bd81d6d7c78669e14fc4e785ea7c98d4305a8f8d4a52af044ffbd,c2-mismatch_20260826_181638_227156_4f4ff330,4f4ff3304f262cb45b129b36796bb1faf7ceb8ecd717c2fd358f23f3a31673e0,none,none,none,none,evidence,revision_B_base,revision_B_base,5,200000.0,xlarge,45.0,80.0,5.0,0.5,1.0
10,45,dynamic_3step,0.5,0.8,10000.0,0.09726118463973829,8524.98904342035,0.28933971504100564,15.403235733755386,0.9350785758729543,11373,8758,8759,9073,9074,200000.87981180876,411.76289012120105,4231,"[[334214.3573079379,5724981.472488245],[334287.2319513471,5724923.950527903],[334191.4163765472,5725008.043513834],[334301.54773942236,5724939.80748086],[334210.7322952044,5725058.230726799]]",8a7e98c8245c80a6f01e0226d2d2656885f2cb7610bee2dc775b06c99ab4ad79,dadf3fbe3e238333721d139f8e7009d55fb4c007acb2907451b5b1f72be8f8de,none,stationary,matched_prior_exact,1,0,"{""p_d"":0.8,""stage"":""c2-mismatch"",""tau"":10000.0,""w"":0.5}",23493243a5f6b095ea52693b5d393f86e1e58febdf4a3d27a620d765fec49176,0.75,True,393b7d36f32755ca9a22a8a62a0e3e0cb1139b6055b8b7fcf347549117b4c619,341053,181902,Q_alpha,planner=P; endpoint=Q_alpha,0.5,0.8,10000.0,"{""alpha"":0.75,""p_d"":0.8,""stage"":""c2-mismatch"",""tau"":10000.0,""w"":0.5}",alpha_0.75,revision_C_base@7b52d9149fd5,7b52d9149fd569229bcf4dbdfab434edfabc2e03,7821c330697bd81d6d7c78669e14fc4e785ea7c98d4305a8f8d4a52af044ffbd,c2-mismatch_20260826_181638_227156_4f4ff330,4f4ff3304f262cb45b129b36796bb1faf7ceb8ecd717c2fd358f23f3a31673e0,none,none,none,none,evidence,revision_B_base,revision_B_base,5,200000.0,xlarge,45.0,80.0,5.0,0.5,1.0
10,51,online_static_3step,0.5,0.8,10000.0,0.11637620420299638,7858.671129184629,0.11646817441622583,92.41080797481636,0.9891787549322962,1906,8806,8807,8806,8807,200011.23219624688,442.09414056758396,4564,"[[334331.34945856873,5724994.104607949],[334278.059959227,5725060.873407095],[334290.01276670006,5724968.360705122],[334308.87607642583,5724933.31143598],[334217.6852865426,5725046.811770091]]",511218dd01b3f07057afc14325022c4e82154b26ec43f956302ef375f1badadf,0bd4adbfb34266d10733604754d60f97dd5426eac65eb4243359e3feb3907099,none,stationary,matched_prior_exact,1,0,"{""p_d"":0.8,""stage"":""c2-mismatch"",""tau"":10000.0,""w"":0.5}",23493243a5f6b095ea52693b5d393f86e1e58febdf4a3d27a620d765fec49176,0.0,True,837626615c2a794a56780b5bfc58f4bbf9499d5fc27690ed8e8d7e9dffe0ee70,341053,181902,Q_alpha,planner=P; endpoint=Q_alpha,0.5,0.8,10000.0,"{""alpha"":0.0,""p_d"":0.8,""stage"":""c2-mismatch"",""tau"":10000.0,""w"":0.5}",alpha_0,revision_C_base@7b52d9149fd5,7b52d9149fd569229bcf4dbdfab434edfabc2e03,7821c330697bd81d6d7c78669e14fc4e785ea7c98d4305a8f8d4a52af044ffbd,c2-mismatch_20260826_181638_227156_4f4ff330,4f4ff3304f262cb45b129b36796bb1faf7ceb8ecd717c2fd358f23f3a31673e0,none,none,none,none,evidence,revision_B_base,revision_B_base,5,200000.0,xlarge,45.0,80.0,5.0,0.5,1.0
10,51,dynamic_3step,0.5,0.8,10000.0,0.30938512862459366,7019.977877431286,0.30962435828522733,13.965022707353995,0.9283925260305235,12551,8763,8764,8806,8807,200024.4199576846,400.26899665640667,4222,"[[334331.34945856873,5724994.104607949],[334278.059959227,5725060.873407095],[334290.01276670006,5724968.360705122],[334308.87607642583,5724933.31143598],[334217.6852865426,5725046.811770091]]",511218dd01b3f07057afc14325022c4e82154b26ec43f956302ef375f1badadf,e89ae50b4da76a12f247465573e5a4a3b11231a46744bd39034bff380ff078f2,none,stationary,matched_prior_exact,1,0,"{""p_d"":0.8,""stage"":""c2-mismatch"",""tau"":10000.0,""w"":0.5}",23493243a5f6b095ea52693b5d393f86e1e58febdf4a3d27a620d765fec49176,0.0,True,837626615c2a794a56780b5bfc58f4bbf9499d5fc27690ed8e8d7e9dffe0ee70,341053,181902,Q_alpha,planner=P; endpoint=Q_alpha,0.5,0.8,10000.0,"{""alpha"":0.0,""p_d"":0.8,""stage"":""c2-mismatch"",""tau"":10000.0,""w"":0.5}",alpha_0,revision_C_base@7b52d9149fd5,7b52d9149fd569229bcf4dbdfab434edfabc2e03,7821c330697bd81d6d7c78669e14fc4e785ea7c98d4305a8f8d4a52af044ffbd,c2-mismatch_20260826_181638_227156_4f4ff330,4f4ff3304f262cb45b129b36796bb1faf7ceb8ecd717c2fd358f23f3a31673e0,none,none,none,none,evidence,revision_B_base,revision_B_base,5,200000.0,xlarge,45.0,80.0,5.0,0.5,1.0
10,51,online_static_3step,0.5,0.8,10000.0,0.08867802300654343,8084.395933881458,0.11646817441622583,92.41080797481636,0.9891787549322962,1906,8806,8807,8806,8807,200011.23219624688,442.09414056758396,4564,"[[334331.34945856873,5724994.104607949],[334278.059959227,5725060.873407095],[334290.01276670006,5724968.360705122],[334308.87607642583,5724933.31143598],[334217.6852865426,5725046.811770091]]",511218dd01b3f07057afc14325022c4e82154b26ec43f956302ef375f1badadf,0bd4adbfb34266d10733604754d60f97dd5426eac65eb4243359e3feb3907099,none,stationary,matched_prior_exact,1,0,"{""p_d"":0.8,""stage"":""c2-mismatch"",""tau"":10000.0,""w"":0.5}",23493243a5f6b095ea52693b5d393f86e1e58febdf4a3d27a620d765fec49176,0.25,True,8a61a7a30e5e46ea714f5cc19deb32b5776316330c9a414252d76aa3020f0038,341053,181902,Q_alpha,planner=P; endpoint=Q_alpha,0.5,0.8,10000.0,"{""alpha"":0.25,""p_d"":0.8,""stage"":""c2-mismatch"",""tau"":10000.0,""w"":0.5}",alpha_0.25,revision_C_base@7b52d9149fd5,7b52d9149fd569229bcf4dbdfab434edfabc2e03,7821c330697bd81d6d7c78669e14fc4e785ea7c98d4305a8f8d4a52af044ffbd,c2-mismatch_20260826_181638_227156_4f4ff330,4f4ff3304f262cb45b129b36796bb1faf7ceb8ecd717c2fd358f23f3a31673e0,none,none,none,none,evidence,revision_B_base,revision_B_base,5,200000.0,xlarge,45.0,80.0,5.0,0.5,1.0
10,51,dynamic_3step,0.5,0.8,10000.0,0.24122842262853023,7424.406806856743,0.30962435828522733,13.965022707353995,0.9283925260305235,12551,8763,8764,8806,8807,200024.4199576846,400.26899665640667,4222,"[[334331.34945856873,5724994.104607949],[334278.059959227,5725060.873407095],[334290.01276670006,5724968.360705122],[334308.87607642583,5724933.31143598],[334217.6852865426,5725046.811770091]]",511218dd01b3f07057afc14325022c4e82154b26ec43f956302ef375f1badadf,e89ae50b4da76a12f247465573e5a4a3b11231a46744bd39034bff380ff078f2,none,stationary,matched_prior_exact,1,0,"{""p_d"":0.8,""stage"":""c2-mismatch"",""tau"":10000.0,""w"":0.5}",23493243a5f6b095ea52693b5d393f86e1e58febdf4a3d27a620d765fec49176,0.25,True,8a61a7a30e5e46ea714f5cc19deb32b5776316330c9a414252d76aa3020f0038,341053,181902,Q_alpha,planner=P; endpoint=Q_alpha,0.5,0.8,10000.0,"{""alpha"":0.25,""p_d"":0.8,""stage"":""c2-mismatch"",""tau"":10000.0,""w"":0.5}",alpha_0.25,revision_C_base@7b52d9149fd5,7b52d9149fd569229bcf4dbdfab434edfabc2e03,7821c330697bd81d6d7c78669e14fc4e785ea7c98d4305a8f8d4a52af044ffbd,c2-mismatch_20260826_181638_227156_4f4ff330,4f4ff3304f262cb45b129b36796bb1faf7ceb8ecd717c2fd358f23f3a31673e0,none,none,none,none,evidence,revision_B_base,revision_B_base,5,200000.0,xlarge,45.0,80.0,5.0,0.5,1.0
10,51,online_static_3step,0.5,0.8,10000.0,0.0609798418100905,8310.12073866079,0.11646817441622583,92.41080797481636,0.9891787549322962,1906,8806,8807,8806,8807,200011.23219624688,442.09414056758396,4564,"[[334331.34945856873,5724994.104607949],[334278.059959227,5725060.873407095],[334290.01276670006,5724968.360705122],[334308.87607642583,5724933.31143598],[334217.6852865426,5725046.811770091]]",511218dd01b3f07057afc14325022c4e82154b26ec43f956302ef375f1badadf,0bd4adbfb34266d10733604754d60f97dd5426eac65eb4243359e3feb3907099,none,stationary,matched_prior_exact,1,0,"{""p_d"":0.8,""stage"":""c2-mismatch"",""tau"":10000.0,""w"":0.5}",23493243a5f6b095ea52693b5d393f86e1e58febdf4a3d27a620d765fec49176,0.5,True,60a3df8d6c0f4df584ef374ca5cfefe8d5bed8804953c1c55ad23535ca0dfe43,341053,181902,Q_alpha,planner=P; endpoint=Q_alpha,0.5,0.8,10000.0,"{""alpha"":0.5,""p_d"":0.8,""stage"":""c2-mismatch"",""tau"":10000.0,""w"":0.5}",alpha_0.5,revision_C_base@7b52d9149fd5,7b52d9149fd569229bcf4dbdfab434edfabc2e03,7821c330697bd81d6d7c78669e14fc4e785ea7c98d4305a8f8d4a52af044ffbd,c2-mismatch_20260826_181638_227156_4f4ff330,4f4ff3304f262cb45b129b36796bb1faf7ceb8ecd717c2fd358f23f3a31673e0,none,none,none,none,evidence,revision_B_base,revision_B_base,5,200000.0,xlarge,45.0,80.0,5.0,0.5,1.0
10,51,dynamic_3step,0.5,0.8,10000.0,0.1730717166324669,7828.835736358878,0.30962435828522733,13.965022707353995,0.9283925260305235,12551,8763,8764,8806,8807,200024.4199576846,400.26899665640667,4222,"[[334331.34945856873,5724994.104607949],[334278.059959227,5725060.873407095],[334290.01276670006,5724968.360705122],[334308.87607642583,5724933.31143598],[334217.6852865426,5725046.811770091]]",511218dd01b3f07057afc14325022c4e82154b26ec43f956302ef375f1badadf,e89ae50b4da76a12f247465573e5a4a3b11231a46744bd39034bff380ff078f2,none,stationary,matched_prior_exact,1,0,"{""p_d"":0.8,""stage"":""c2-mismatch"",""tau"":10000.0,""w"":0.5}",23493243a5f6b095ea52693b5d393f86e1e58febdf4a3d27a620d765fec49176,0.5,True,60a3df8d6c0f4df584ef374ca5cfefe8d5bed8804953c1c55ad23535ca0dfe43,341053,181902,Q_alpha,planner=P; endpoint=Q_alpha,0.5,0.8,10000.0,"{""alpha"":0.5,""p_d"":0.8,""stage"":""c2-mismatch"",""tau"":10000.0,""w"":0.5}",alpha_0.5,revision_C_base@7b52d9149fd5,7b52d9149fd569229bcf4dbdfab434edfabc2e03,7821c330697bd81d6d7c78669e14fc4e785ea7c98d4305a8f8d4a52af044ffbd,c2-mismatch_20260826_181638_227156_4f4ff330,4f4ff3304f262cb45b129b36796bb1faf7ceb8ecd717c2fd358f23f3a31673e0,none,none,none,none,evidence,revision_B_base,revision_B_base,5,200000.0,xlarge,45.0,80.0,5.0,0.5,1.0
10,51,online_static_3step,0.5,0.8,10000.0,0.03328166061363756,8535.845543361478,0.11646817441622583,92.41080797481636,0.9891787549322962,1906,8806,8807,8806,8807,200011.23219624688,442.09414056758396,4564,"[[334331.34945856873,5724994.104607949],[334278.059959227,5725060.873407095],[334290.01276670006,5724968.360705122],[334308.87607642583,5724933.31143598],[334217.6852865426,5725046.811770091]]",511218dd01b3f07057afc14325022c4e82154b26ec43f956302ef375f1badadf,0bd4adbfb34266d10733604754d60f97dd5426eac65eb4243359e3feb3907099,none,stationary,matched_prior_exact,1,0,"{""p_d"":0.8,""stage"":""c2-mismatch"",""tau"":10000.0,""w"":0.5}",23493243a5f6b095ea52693b5d393f86e1e58febdf4a3d27a620d765fec49176,0.75,True,393b7d36f32755ca9a22a8a62a0e3e0cb1139b6055b8b7fcf347549117b4c619,341053,181902,Q_alpha,planner=P; endpoint=Q_alpha,0.5,0.8,10000.0,"{""alpha"":0.75,""p_d"":0.8,""stage"":""c2-mismatch"",""tau"":10000.0,""w"":0.5}",alpha_0.75,revision_C_base@7b52d9149fd5,7b52d9149fd569229bcf4dbdfab434edfabc2e03,7821c330697bd81d6d7c78669e14fc4e785ea7c98d4305a8f8d4a52af044ffbd,c2-mismatch_20260826_181638_227156_4f4ff330,4f4ff3304f262cb45b129b36796bb1faf7ceb8ecd717c2fd358f23f3a31673e0,none,none,none,none,evidence,revision_B_base,revision_B_base,5,200000.0,xlarge,45.0,80.0,5.0,0.5,1.0
10,51,dynamic_3step,0.5,0.8,10000.0,0.10491501063640354,8233.26466578055,0.30962435828522733,13.965022707353995,0.9283925260305235,12551,8763,8764,8806,8807,200024.4199576846,400.26899665640667,4222,"[[334331.34945856873,5724994.104607949],[334278.059959227,5725060.873407095],[334290.01276670006,5724968.360705122],[334308.87607642583,5724933.31143598],[334217.6852865426,5725046.811770091]]",511218dd01b3f07057afc14325022c4e82154b26ec43f956302ef375f1badadf,e89ae50b4da76a12f247465573e5a4a3b11231a46744bd39034bff380ff078f2,none,stationary,matched_prior_exact,1,0,"{""p_d"":0.8,""stage"":""c2-mismatch"",""tau"":10000.0,""w"":0.5}",23493243a5f6b095ea52693b5d393f86e1e58febdf4a3d27a620d765fec49176,0.75,True,393b7d36f32755ca9a22a8a62a0e3e0cb1139b6055b8b7fcf347549117b4c619,341053,181902,Q_alpha,planner=P; endpoint=Q_alpha,0.5,0.8,10000.0,"{""alpha"":0.75,""p_d"":0.8,""stage"":""c2-mismatch"",""tau"":10000.0,""w"":0.5}",alpha_0.75,revision_C_base@7b52d9149fd5,7b52d9149fd569229bcf4dbdfab434edfabc2e03,7821c330697bd81d6d7c78669e14fc4e785ea7c98d4305a8f8d4a52af044ffbd,c2-mismatch_20260826_181638_227156_4f4ff330,4f4ff3304f262cb45b129b36796bb1faf7ceb8ecd717c2fd358f23f3a31673e0,none,none,none,none,evidence,revision_B_base,revision_B_base,5,200000.0,xlarge,45.0,80.0,5.0,0.5,1.0
10,48,online_static_3step,0.5,0.8,10000.0,0.14249745884673357,7810.489348510417,0.14261757463393704,63.46983676366217,0.9842444844513525,2818,8942,8943,8942,8943,200007.78085988906,472.9718368651811,4869,"[[334220.7584518964,5725063.768145641],[334196.4912505313,5725006.496216538],[334226.09244485555,5724937.705004173],[334218.1255894802,5724974.839774018],[334285.7569015989,5724968.255193128]]",f1d4268a7fc06b15f7692db6342f402bb3f8002b9b7058c5a0ea51e1aecefd26,f2a634c7f1ccc88349fc3302f5632b62885ddb4e86d683925383f5521b868f95,none,stationary,matched_prior_exact,1,0,"{""p_d"":0.8,""stage"":""c2-mismatch"",""tau"":10000.0,""w"":0.5}",23493243a5f6b095ea52693b5d393f86e1e58febdf4a3d27a620d765fec49176,0.0,True,837626615c2a794a56780b5bfc58f4bbf9499d5fc27690ed8e8d7e9dffe0ee70,341053,181902,Q_alpha,planner=P; endpoint=Q_alpha,0.5,0.8,10000.0,"{""alpha"":0.0,""p_d"":0.8,""stage"":""c2-mismatch"",""tau"":10000.0,""w"":0.5}",alpha_0,revision_C_base@7b52d9149fd5,7b52d9149fd569229bcf4dbdfab434edfabc2e03,7821c330697bd81d6d7c78669e14fc4e785ea7c98d4305a8f8d4a52af044ffbd,c2-mismatch_20260826_181638_227156_4f4ff330,4f4ff3304f262cb45b129b36796bb1faf7ceb8ecd717c2fd358f23f3a31673e0,none,none,none,none,evidence,revision_B_base,revision_B_base,5,200000.0,xlarge,45.0,80.0,5.0,0.5,1.0
10,48,dynamic_3step,0.5,0.8,10000.0,0.26760742447880603,7307.244102042825,0.2678009631784501,15.057484103797904,0.9335878428888547,11638,8761,8762,8942,8943,200003.7779855348,396.9913003509864,4266,"[[334220.7584518964,5725063.768145641],[334196.4912505313,5725006.496216538],[334226.09244485555,5724937.705004173],[334218.1255894802,5724974.839774018],[334285.7569015989,5724968.255193128]]",f1d4268a7fc06b15f7692db6342f402bb3f8002b9b7058c5a0ea51e1aecefd26,d9f2fcb4822a606f56bcc94cca720a552e8088b109a9967f067434c3361b9589,none,stationary,matched_prior_exact,1,0,"{""p_d"":0.8,""stage"":""c2-mismatch"",""tau"":10000.0,""w"":0.5}",23493243a5f6b095ea52693b5d393f86e1e58febdf4a3d27a620d765fec49176,0.0,True,837626615c2a794a56780b5bfc58f4bbf9499d5fc27690ed8e8d7e9dffe0ee70,341053,181902,Q_alpha,planner=P; endpoint=Q_alpha,0.5,0.8,10000.0,"{""alpha"":0.0,""p_d"":0.8,""stage"":""c2-mismatch"",""tau"":10000.0,""w"":0.5}",alpha_0,revision_C_base@7b52d9149fd5,7b52d9149fd569229bcf4dbdfab434edfabc2e03,7821c330697bd81d6d7c78669e14fc4e785ea7c98d4305a8f8d4a52af044ffbd,c2-mismatch_20260826_181638_227156_4f4ff330,4f4ff3304f262cb45b129b36796bb1faf7ceb8ecd717c2fd358f23f3a31673e0,none,none,none,none,evidence,revision_B_base,revision_B_base,5,200000.0,xlarge,45.0,80.0,5.0,0.5,1.0
10,48,online_static_3step,0.5,0.8,10000.0,0.1089363828321526,8077.331962620708,0.14261757463393704,63.46983676366217,0.9842444844513525,2818,8942,8943,8942,8943,200007.78085988906,472.9718368651811,4869,"[[334220.7584518964,5725063.768145641],[334196.4912505313,5725006.496216538],[334226.09244485555,5724937.705004173],[334218.1255894802,5724974.839774018],[334285.7569015989,5724968.255193128]]",f1d4268a7fc06b15f7692db6342f402bb3f8002b9b7058c5a0ea51e1aecefd26,f2a634c7f1ccc88349fc3302f5632b62885ddb4e86d683925383f5521b868f95,none,stationary,matched_prior_exact,1,0,"{""p_d"":0.8,""stage"":""c2-mismatch"",""tau"":10000.0,""w"":0.5}",23493243a5f6b095ea52693b5d393f86e1e58febdf4a3d27a620d765fec49176,0.25,True,8a61a7a30e5e46ea714f5cc19deb32b5776316330c9a414252d76aa3020f0038,341053,181902,Q_alpha,planner=P; endpoint=Q_alpha,0.5,0.8,10000.0,"{""alpha"":0.25,""p_d"":0.8,""stage"":""c2-mismatch"",""tau"":10000.0,""w"":0.5}",alpha_0.25,revision_C_base@7b52d9149fd5,7b52d9149fd569229bcf4dbdfab434edfabc2e03,7821c330697bd81d6d7c78669e14fc4e785ea7c98d4305a8f8d4a52af044ffbd,c2-mismatch_20260826_181638_227156_4f4ff330,4f4ff3304f262cb45b129b36796bb1faf7ceb8ecd717c2fd358f23f3a31673e0,none,none,none,none,evidence,revision_B_base,revision_B_base,5,200000.0,xlarge,45.0,80.0,5.0,0.5,1.0
10,48,dynamic_3step,0.5,0.8,10000.0,0.20922468643902872,7676.48632107253,0.2678009631784501,15.057484103797904,0.9335878428888547,11638,8761,8762,8942,8943,200003.7779855348,396.9913003509864,4266,"[[334220.7584518964,5725063.768145641],[334196.4912505313,5725006.496216538],[334226.09244485555,5724937.705004173],[334218.1255894802,5724974.839774018],[334285.7569015989,5724968.255193128]]",f1d4268a7fc06b15f7692db6342f402bb3f8002b9b7058c5a0ea51e1aecefd26,d9f2fcb4822a606f56bcc94cca720a552e8088b109a9967f067434c3361b9589,none,stationary,matched_prior_exact,1,0,"{""p_d"":0.8,""stage"":""c2-mismatch"",""tau"":10000.0,""w"":0.5}",23493243a5f6b095ea52693b5d393f86e1e58febdf4a3d27a620d765fec49176,0.25,True,8a61a7a30e5e46ea714f5cc19deb32b5776316330c9a414252d76aa3020f0038,341053,181902,Q_alpha,planner=P; endpoint=Q_alpha,0.5,0.8,10000.0,"{""alpha"":0.25,""p_d"":0.8,""stage"":""c2-mismatch"",""tau"":10000.0,""w"":0.5}",alpha_0.25,revision_C_base@7b52d9149fd5,7b52d9149fd569229bcf4dbdfab434edfabc2e03,7821c330697bd81d6d7c78669e14fc4e785ea7c98d4305a8f8d4a52af044ffbd,c2-mismatch_20260826_181638_227156_4f4ff330,4f4ff3304f262cb45b129b36796bb1faf7ceb8ecd717c2fd358f23f3a31673e0,none,none,none,none,evidence,revision_B_base,revision_B_base,5,200000.0,xlarge,45.0,80.0,5.0,0.5,1.0
10,48,online_static_3step,0.5,0.8,10000.0,0.07537530681757168,8344.174576811105,0.14261757463393704,63.46983676366217,0.9842444844513525,2818,8942,8943,8942,8943,200007.78085988906,472.9718368651811,4869,"[[334220.7584518964,5725063.768145641],[334196.4912505313,5725006.496216538],[334226.09244485555,5724937.705004173],[334218.1255894802,5724974.839774018],[334285.7569015989,5724968.255193128]]",f1d4268a7fc06b15f7692db6342f402bb3f8002b9b7058c5a0ea51e1aecefd26,f2a634c7f1ccc88349fc3302f5632b62885ddb4e86d683925383f5521b868f95,none,stationary,matched_prior_exact,1,0,"{""p_d"":0.8,""stage"":""c2-mismatch"",""tau"":10000.0,""w"":0.5}",23493243a5f6b095ea52693b5d393f86e1e58febdf4a3d27a620d765fec49176,0.5,True,60a3df8d6c0f4df584ef374ca5cfefe8d5bed8804953c1c55ad23535ca0dfe43,341053,181902,Q_alpha,planner=P; endpoint=Q_alpha,0.5,0.8,10000.0,"{""alpha"":0.5,""p_d"":0.8,""stage"":""c2-mismatch"",""tau"":10000.0,""w"":0.5}",alpha_0.5,revision_C_base@7b52d9149fd5,7b52d9149fd569229bcf4dbdfab434edfabc2e03,7821c330697bd81d6d7c78669e14fc4e785ea7c98d4305a8f8d4a52af044ffbd,c2-mismatch_20260826_181638_227156_4f4ff330,4f4ff3304f262cb45b129b36796bb1faf7ceb8ecd717c2fd358f23f3a31673e0,none,none,none,none,evidence,revision_B_base,revision_B_base,5,200000.0,xlarge,45.0,80.0,5.0,0.5,1.0
10,48,dynamic_3step,0.5,0.8,10000.0,0.15084194839925136,8045.728540177954,0.2678009631784501,15.057484103797904,0.9335878428888547,11638,8761,8762,8942,8943,200003.7779855348,396.9913003509864,4266,"[[334220.7584518964,5725063.768145641],[334196.4912505313,5725006.496216538],[334226.09244485555,5724937.705004173],[334218.1255894802,5724974.839774018],[334285.7569015989,5724968.255193128]]",f1d4268a7fc06b15f7692db6342f402bb3f8002b9b7058c5a0ea51e1aecefd26,d9f2fcb4822a606f56bcc94cca720a552e8088b109a9967f067434c3361b9589,none,stationary,matched_prior_exact,1,0,"{""p_d"":0.8,""stage"":""c2-mismatch"",""tau"":10000.0,""w"":0.5}",23493243a5f6b095ea52693b5d393f86e1e58febdf4a3d27a620d765fec49176,0.5,True,60a3df8d6c0f4df584ef374ca5cfefe8d5bed8804953c1c55ad23535ca0dfe43,341053,181902,Q_alpha,planner=P; endpoint=Q_alpha,0.5,0.8,10000.0,"{""alpha"":0.5,""p_d"":0.8,""stage"":""c2-mismatch"",""tau"":10000.0,""w"":0.5}",alpha_0.5,revision_C_base@7b52d9149fd5,7b52d9149fd569229bcf4dbdfab434edfabc2e03,7821c330697bd81d6d7c78669e14fc4e785ea7c98d4305a8f8d4a52af044ffbd,c2-mismatch_20260826_181638_227156_4f4ff330,4f4ff3304f262cb45b129b36796bb1faf7ceb8ecd717c2fd358f23f3a31673e0,none,none,none,none,evidence,revision_B_base,revision_B_base,5,200000.0,xlarge,45.0,80.0,5.0,0.5,1.0
10,48,online_static_3step,0.5,0.8,10000.0,0.04181423080299074,8611.017190905419,0.14261757463393704,63.46983676366217,0.9842444844513525,2818,8942,8943,8942,8943,200007.78085988906,472.9718368651811,4869,"[[334220.7584518964,5725063.768145641],[334196.4912505313,5725006.496216538],[334226.09244485555,5724937.705004173],[334218.1255894802,5724974.839774018],[334285.7569015989,5724968.255193128]]",f1d4268a7fc06b15f7692db6342f402bb3f8002b9b7058c5a0ea51e1aecefd26,f2a634c7f1ccc88349fc3302f5632b62885ddb4e86d683925383f5521b868f95,none,stationary,matched_prior_exact,1,0,"{""p_d"":0.8,""stage"":""c2-mismatch"",""tau"":10000.0,""w"":0.5}",23493243a5f6b095ea52693b5d393f86e1e58febdf4a3d27a620d765fec49176,0.75,True,393b7d36f32755ca9a22a8a62a0e3e0cb1139b6055b8b7fcf347549117b4c619,341053,181902,Q_alpha,planner=P; endpoint=Q_alpha,0.5,0.8,10000.0,"{""alpha"":0.75,""p_d"":0.8,""stage"":""c2-mismatch"",""tau"":10000.0,""w"":0.5}",alpha_0.75,revision_C_base@7b52d9149fd5,7b52d9149fd569229bcf4dbdfab434edfabc2e03,7821c330697bd81d6d7c78669e14fc4e785ea7c98d4305a8f8d4a52af044ffbd,c2-mismatch_20260826_181638_227156_4f4ff330,4f4ff3304f262cb45b129b36796bb1faf7ceb8ecd717c2fd358f23f3a31673e0,none,none,none,none,evidence,revision_B_base,revision_B_base,5,200000.0,xlarge,45.0,80.0,5.0,0.5,1.0
10,48,dynamic_3step,0.5,0.8,10000.0,0.09245921035947399,8414.970759188052,0.2678009631784501,15.057484103797904,0.9335878428888547,11638,8761,8762,8942,8943,200003.7779855348,396.9913003509864,4266,"[[334220.7584518964,5725063.768145641],[334196.4912505313,5725006.496216538],[334226.09244485555,5724937.705004173],[334218.1255894802,5724974.839774018],[334285.7569015989,5724968.255193128]]",f1d4268a7fc06b15f7692db6342f402bb3f8002b9b7058c5a0ea51e1aecefd26,d9f2fcb4822a606f56bcc94cca720a552e8088b109a9967f067434c3361b9589,none,stationary,matched_prior_exact,1,0,"{""p_d"":0.8,""stage"":""c2-mismatch"",""tau"":10000.0,""w"":0.5}",23493243a5f6b095ea52693b5d393f86e1e58febdf4a3d27a620d765fec49176,0.75,True,393b7d36f32755ca9a22a8a62a0e3e0cb1139b6055b8b7fcf347549117b4c619,341053,181902,Q_alpha,planner=P; endpoint=Q_alpha,0.5,0.8,10000.0,"{""alpha"":0.75,""p_d"":0.8,""stage"":""c2-mismatch"",""tau"":10000.0,""w"":0.5}",alpha_0.75,revision_C_base@7b52d9149fd5,7b52d9149fd569229bcf4dbdfab434edfabc2e03,7821c330697bd81d6d7c78669e14fc4e785ea7c98d4305a8f8d4a52af044ffbd,c2-mismatch_20260826_181638_227156_4f4ff330,4f4ff3304f262cb45b129b36796bb1faf7ceb8ecd717c2fd358f23f3a31673e0,none,none,none,none,evidence,revision_B_base,revision_B_base,5,200000.0,xlarge,45.0,80.0,5.0,0.5,1.0
10,50,online_static_3step,0.5,0.8,10000.0,0.14088505313024674,7819.094856748731,0.14102774937491974,64.27935368043087,0.984442905182719,2785,8950,8951,8950,8951,200018.19959903994,471.85737170488574,4818,"[[334300.7860474235,5724924.920300336],[334185.28645410074,5724984.462749872],[334286.16062007094,5725093.869833569],[334347.9162294534,5725043.326808645],[334237.3473894879,5725043.405227825]]",8283a2834388f9c63cfd0cea6a48fcee18a5ba4c6e6ba3aa66a9c3f28824aa66,e43f10c22302c36631e529e0704728e72139fe6afcf35f10c2016a7589453376,none,stationary,matched_prior_exact,1,0,"{""p_d"":0.8,""stage"":""c2-mismatch"",""tau"":10000.0,""w"":0.5}",23493243a5f6b095ea52693b5d393f86e1e58febdf4a3d27a620d765fec49176,0.0,True,837626615c2a794a56780b5bfc58f4bbf9499d5fc27690ed8e8d7e9dffe0ee70,341053,181902,Q_alpha,planner=P; endpoint=Q_alpha,0.5,0.8,10000.0,"{""alpha"":0.0,""p_d"":0.8,""stage"":""c2-mismatch"",""tau"":10000.0,""w"":0.5}",alpha_0,revision_C_base@7b52d9149fd5,7b52d9149fd569229bcf4dbdfab434edfabc2e03,7821c330697bd81d6d7c78669e14fc4e785ea7c98d4305a8f8d4a52af044ffbd,c2-mismatch_20260826_181638_227156_4f4ff330,4f4ff3304f262cb45b129b36796bb1faf7ceb8ecd717c2fd358f23f3a31673e0,none,none,none,none,evidence,revision_B_base,revision_B_base,5,200000.0,xlarge,45.0,80.0,5.0,0.5,1.0
10,50,dynamic_3step,0.5,0.8,10000.0,0.2973271562448613,7166.416845097077,0.2975339559386371,14.543472834678425,0.9312406320438449,12019,8739,8740,8950,8951,200004.56957476086,385.15418657823466,4138,"[[334300.7860474235,5724924.920300336],[334185.28645410074,5724984.462749872],[334286.16062007094,5725093.869833569],[334347.9162294534,5725043.326808645],[334237.3473894879,5725043.405227825]]",8283a2834388f9c63cfd0cea6a48fcee18a5ba4c6e6ba3aa66a9c3f28824aa66,2c0b7cdc7e0797a05a86d5b6745e3d571cfca1a54162ffa72effc368050c5fca,none,stationary,matched_prior_exact,1,0,"{""p_d"":0.8,""stage"":""c2-mismatch"",""tau"":10000.0,""w"":0.5}",23493243a5f6b095ea52693b5d393f86e1e58febdf4a3d27a620d765fec49176,0.0,True,837626615c2a794a56780b5bfc58f4bbf9499d5fc27690ed8e8d7e9dffe0ee70,341053,181902,Q_alpha,planner=P; endpoint=Q_alpha,0.5,0.8,10000.0,"{""alpha"":0.0,""p_d"":0.8,""stage"":""c2-mismatch"",""tau"":10000.0,""w"":0.5}",alpha_0,revision_C_base@7b52d9149fd5,7b52d9149fd569229bcf4dbdfab434edfabc2e03,7821c330697bd81d6d7c78669e14fc4e785ea7c98d4305a8f8d4a52af044ffbd,c2-mismatch_20260826_181638_227156_4f4ff330,4f4ff3304f262cb45b129b36796bb1faf7ceb8ecd717c2fd358f23f3a31673e0,none,none,none,none,evidence,revision_B_base,revision_B_base,5,200000.0,xlarge,45.0,80.0,5.0,0.5,1.0
10,50,online_static_3step,0.5,0.8,10000.0,0.10770230815728854,8085.826293921907,0.14102774937491974,64.27935368043087,0.984442905182719,2785,8950,8951,8950,8951,200018.19959903994,471.85737170488574,4818,"[[334300.7860474235,5724924.920300336],[334185.28645410074,5724984.462749872],[334286.16062007094,5725093.869833569],[334347.9162294534,5725043.326808645],[334237.3473894879,5725043.405227825]]",8283a2834388f9c63cfd0cea6a48fcee18a5ba4c6e6ba3aa66a9c3f28824aa66,e43f10c22302c36631e529e0704728e72139fe6afcf35f10c2016a7589453376,none,stationary,matched_prior_exact,1,0,"{""p_d"":0.8,""stage"":""c2-mismatch"",""tau"":10000.0,""w"":0.5}",23493243a5f6b095ea52693b5d393f86e1e58febdf4a3d27a620d765fec49176,0.25,True,8a61a7a30e5e46ea714f5cc19deb32b5776316330c9a414252d76aa3020f0038,341053,181902,Q_alpha,planner=P; endpoint=Q_alpha,0.5,0.8,10000.0,"{""alpha"":0.25,""p_d"":0.8,""stage"":""c2-mismatch"",""tau"":10000.0,""w"":0.5}",alpha_0.25,revision_C_base@7b52d9149fd5,7b52d9149fd569229bcf4dbdfab434edfabc2e03,7821c330697bd81d6d7c78669e14fc4e785ea7c98d4305a8f8d4a52af044ffbd,c2-mismatch_20260826_181638_227156_4f4ff330,4f4ff3304f262cb45b129b36796bb1faf7ceb8ecd717c2fd358f23f3a31673e0,none,none,none,none,evidence,revision_B_base,revision_B_base,5,200000.0,xlarge,45.0,80.0,5.0,0.5,1.0
10,50,dynamic_3step,0.5,0.8,10000.0,0.23179492192122916,7570.563003915579,0.2975339559386371,14.543472834678425,0.9312406320438449,12019,8739,8740,8950,8951,200004.56957476086,385.15418657823466,4138,"[[334300.7860474235,5724924.920300336],[334185.28645410074,5724984.462749872],[334286.16062007094,5725093.869833569],[334347.9162294534,5725043.326808645],[334237.3473894879,5725043.405227825]]",8283a2834388f9c63cfd0cea6a48fcee18a5ba4c6e6ba3aa66a9c3f28824aa66,2c0b7cdc7e0797a05a86d5b6745e3d571cfca1a54162ffa72effc368050c5fca,none,stationary,matched_prior_exact,1,0,"{""p_d"":0.8,""stage"":""c2-mismatch"",""tau"":10000.0,""w"":0.5}",23493243a5f6b095ea52693b5d393f86e1e58febdf4a3d27a620d765fec49176,0.25,True,8a61a7a30e5e46ea714f5cc19deb32b5776316330c9a414252d76aa3020f0038,341053,181902,Q_alpha,planner=P; endpoint=Q_alpha,0.5,0.8,10000.0,"{""alpha"":0.25,""p_d"":0.8,""stage"":""c2-mismatch"",""tau"":10000.0,""w"":0.5}",alpha_0.25,revision_C_base@7b52d9149fd5,7b52d9149fd569229bcf4dbdfab434edfabc2e03,7821c330697bd81d6d7c78669e14fc4e785ea7c98d4305a8f8d4a52af044ffbd,c2-mismatch_20260826_181638_227156_4f4ff330,4f4ff3304f262cb45b129b36796bb1faf7ceb8ecd717c2fd358f23f3a31673e0,none,none,none,none,evidence,revision_B_base,revision_B_base,5,200000.0,xlarge,45.0,80.0,5.0,0.5,1.0
10,50,online_static_3step,0.5,0.8,10000.0,0.07451956318433033,8352.557731079633,0.14102774937491974,64.27935368043087,0.984442905182719,2785,8950,8951,8950,8951,200018.19959903994,471.85737170488574,4818,"[[334300.7860474235,5724924.920300336],[334185.28645410074,5724984.462749872],[334286.16062007094,5725093.869833569],[334347.9162294534,5725043.326808645],[334237.3473894879,5725043.405227825]]",8283a2834388f9c63cfd0cea6a48fcee18a5ba4c6e6ba3aa66a9c3f28824aa66,e43f10c22302c36631e529e0704728e72139fe6afcf35f10c2016a7589453376,none,stationary,matched_prior_exact,1,0,"{""p_d"":0.8,""stage"":""c2-mismatch"",""tau"":10000.0,""w"":0.5}",23493243a5f6b095ea52693b5d393f86e1e58febdf4a3d27a620d765fec49176,0.5,True,60a3df8d6c0f4df584ef374ca5cfefe8d5bed8804953c1c55ad23535ca0dfe43,341053,181902,Q_alpha,planner=P; endpoint=Q_alpha,0.5,0.8,10000.0,"{""alpha"":0.5,""p_d"":0.8,""stage"":""c2-mismatch"",""tau"":10000.0,""w"":0.5}",alpha_0.5,revision_C_base@7b52d9149fd5,7b52d9149fd569229bcf4dbdfab434edfabc2e03,7821c330697bd81d6d7c78669e14fc4e785ea7c98d4305a8f8d4a52af044ffbd,c2-mismatch_20260826_181638_227156_4f4ff330,4f4ff3304f262cb45b129b36796bb1faf7ceb8ecd717c2fd358f23f3a31673e0,none,none,none,none,evidence,revision_B_base,revision_B_base,5,200000.0,xlarge,45.0,80.0,5.0,0.5,1.0
10,50,dynamic_3step,0.5,0.8,10000.0,0.1662626875975971,7974.709162717569,0.2975339559386371,14.543472834678425,0.9312406320438449,12019,8739,8740,8950,8951,200004.56957476086,385.15418657823466,4138,"[[334300.7860474235,5724924.920300336],[334185.28645410074,5724984.462749872],[334286.16062007094,5725093.869833569],[334347.9162294534,5725043.326808645],[334237.3473894879,5725043.405227825]]",8283a2834388f9c63cfd0cea6a48fcee18a5ba4c6e6ba3aa66a9c3f28824aa66,2c0b7cdc7e0797a05a86d5b6745e3d571cfca1a54162ffa72effc368050c5fca,none,stationary,matched_prior_exact,1,0,"{""p_d"":0.8,""stage"":""c2-mismatch"",""tau"":10000.0,""w"":0.5}",23493243a5f6b095ea52693b5d393f86e1e58febdf4a3d27a620d765fec49176,0.5,True,60a3df8d6c0f4df584ef374ca5cfefe8d5bed8804953c1c55ad23535ca0dfe43,341053,181902,Q_alpha,planner=P; endpoint=Q_alpha,0.5,0.8,10000.0,"{""alpha"":0.5,""p_d"":0.8,""stage"":""c2-mismatch"",""tau"":10000.0,""w"":0.5}",alpha_0.5,revision_C_base@7b52d9149fd5,7b52d9149fd569229bcf4dbdfab434edfabc2e03,7821c330697bd81d6d7c78669e14fc4e785ea7c98d4305a8f8d4a52af044ffbd,c2-mismatch_20260826_181638_227156_4f4ff330,4f4ff3304f262cb45b129b36796bb1faf7ceb8ecd717c2fd358f23f3a31673e0,none,none,none,none,evidence,revision_B_base,revision_B_base,5,200000.0,xlarge,45.0,80.0,5.0,0.5,1.0
10,50,online_static_3step,0.5,0.8,10000.0,0.04133681821137211,8619.289168176632,0.14102774937491974,64.27935368043087,0.984442905182719,2785,8950,8951,8950,8951,200018.19959903994,471.85737170488574,4818,"[[334300.7860474235,5724924.920300336],[334185.28645410074,5724984.462749872],[334286.16062007094,5725093.869833569],[334347.9162294534,5725043.326808645],[334237.3473894879,5725043.405227825]]",8283a2834388f9c63cfd0cea6a48fcee18a5ba4c6e6ba3aa66a9c3f28824aa66,e43f10c22302c36631e529e0704728e72139fe6afcf35f10c2016a7589453376,none,stationary,matched_prior_exact,1,0,"{""p_d"":0.8,""stage"":""c2-mismatch"",""tau"":10000.0,""w"":0.5}",23493243a5f6b095ea52693b5d393f86e1e58febdf4a3d27a620d765fec49176,0.75,True,393b7d36f32755ca9a22a8a62a0e3e0cb1139b6055b8b7fcf347549117b4c619,341053,181902,Q_alpha,planner=P; endpoint=Q_alpha,0.5,0.8,10000.0,"{""alpha"":0.75,""p_d"":0.8,""stage"":""c2-mismatch"",""tau"":10000.0,""w"":0.5}",alpha_0.75,revision_C_base@7b52d9149fd5,7b52d9149fd569229bcf4dbdfab434edfabc2e03,7821c330697bd81d6d7c78669e14fc4e785ea7c98d4305a8f8d4a52af044ffbd,c2-mismatch_20260826_181638_227156_4f4ff330,4f4ff3304f262cb45b129b36796bb1faf7ceb8ecd717c2fd358f23f3a31673e0,none,none,none,none,evidence,revision_B_base,revision_B_base,5,200000.0,xlarge,45.0,80.0,5.0,0.5,1.0
10,50,dynamic_3step,0.5,0.8,10000.0,0.10073045327396507,8378.855321459036,0.2975339559386371,14.543472834678425,0.9312406320438449,12019,8739,8740,8950,8951,200004.56957476086,385.15418657823466,4138,"[[334300.7860474235,5724924.920300336],[334185.28645410074,5724984.462749872],[334286.16062007094,5725093.869833569],[334347.9162294534,5725043.326808645],[334237.3473894879,5725043.405227825]]",8283a2834388f9c63cfd0cea6a48fcee18a5ba4c6e6ba3aa66a9c3f28824aa66,2c0b7cdc7e0797a05a86d5b6745e3d571cfca1a54162ffa72effc368050c5fca,none,stationary,matched_prior_exact,1,0,"{""p_d"":0.8,""stage"":""c2-mismatch"",""tau"":10000.0,""w"":0.5}",23493243a5f6b095ea52693b5d393f86e1e58febdf4a3d27a620d765fec49176,0.75,True,393b7d36f32755ca9a22a8a62a0e3e0cb1139b6055b8b7fcf347549117b4c619,341053,181902,Q_alpha,planner=P; endpoint=Q_alpha,0.5,0.8,10000.0,"{""alpha"":0.75,""p_d"":0.8,""stage"":""c2-mismatch"",""tau"":10000.0,""w"":0.5}",alpha_0.75,revision_C_base@7b52d9149fd5,7b52d9149fd569229bcf4dbdfab434edfabc2e03,7821c330697bd81d6d7c78669e14fc4e785ea7c98d4305a8f8d4a52af044ffbd,c2-mismatch_20260826_181638_227156_4f4ff330,4f4ff3304f262cb45b129b36796bb1faf7ceb8ecd717c2fd358f23f3a31673e0,none,none,none,none,evidence,revision_B_base,revision_B_base,5,200000.0,xlarge,45.0,80.0,5.0,0.5,1.0
