dataset,planning_seed,k,planning_mode,P_detect,RMST,L,NRMST,T,H,T_common,H_common,actual_distance_total,budget_total,budget_utilization,termination_reason,exposure_multiplicity,revisit_fraction,planner_wall_time,number_of_replans,active_fleet,failed_drone_ids,failure_seed,victim_seed,sensor_seed,distribution_seed,survivor_ids,survivor_positions,initial_positions,initial_positions_hash,pizza_assignment,pizza_assignment_hash,max_step_distance,retention_Pdet,retention_invalid_reason,degradation_NRMST,simulation_victim_model,evaluation_victim_model,victim_sampling_model,evaluation_num_victims,simulation_num_victims,implementation_version,git_commit,source_hash,experiment_id,config_hash,belief_model,fix_profile,behavior_profile,w,p_d,tau,num_drones,budget,size,fov_deg,altitude,drone_speed,victim_speed,dt,condition_key,condition_key_hash
1,50,0,dynamic_evidence_3step,0.34636574097301676,6897.806292733597,0.3466695439103741,0.7925779952583704,8518,8519,8702,8703,200000.24292424528,200000.0,1.0000012146212265,budget_exhausted,13.431388075065327,0.9255475313190862,429.5859314179979,4024,5,[],4224204660,none,none,none,"[0,1,2,3,4]","[[520681.28884999023,5662823.413556474],[520565.7892566675,5662882.956006011],[520666.6634226377,5662992.363089708],[520728.41903202015,5662941.820064784],[520617.85019205464,5662941.898483964]]","[[520675.01713351544,5662822.070045462],[520555.01713351544,5662882.161092503],[520675.01713351544,5663002.343186585],[520735.01713351544,5662942.252139544],[520615.01713351544,5662942.252139544]]",7cadefccf80f82f4b65a03191613879c8a3d1f83bddd097e9b78bd77bff707a3,none,none,5.000000000155922,1.0,none,0.0,none,stationary,matched_prior_exact,1,0,revision_C_base@2ce3a901fecb,2ce3a901fecb5ddde502d0a5eeffb8f48d73c5fd,fab97b80b871eeeac68aa1d75a33173cb368895f3e96803690e3cbc0acb1147d,c4-attrition_20260827_075624_501873_327229d1,327229d1bf70f8e05e383a7a64e8207b7bcbbc0877cfd63b067cd569f1a2c3bf,evidence,revision_B_base,revision_B_base,0.5,0.8,10000.0,5,200000.0,xlarge,45.0,80.0,5.0,0.5,1.0,"{""p_d"":0.8,""stage"":""c4-attrition"",""tau"":10000.0,""w"":0.5}",d4ab4fc6428a0b1f4ceb9e0c3f60e249d31253158385f9207158cfb8c2c16199
1,50,0,online_static_3step,0.23948073163281963,7344.432586050264,0.2397499634010072,0.8438966547225398,8652,8653,8702,8703,200015.00211225028,200000.0,1.0000750105612515,budget_exhausted,24.29073527344299,0.9588320407454567,402.12750690383837,4187,5,[],4224204660,none,none,none,"[0,1,2,3,4]","[[520681.28884999023,5662823.413556474],[520565.7892566675,5662882.956006011],[520666.6634226377,5662992.363089708],[520728.41903202015,5662941.820064784],[520617.85019205464,5662941.898483964]]","[[520675.01713351544,5662822.070045462],[520555.01713351544,5662882.161092503],[520675.01713351544,5663002.343186585],[520735.01713351544,5662942.252139544],[520615.01713351544,5662942.252139544]]",7cadefccf80f82f4b65a03191613879c8a3d1f83bddd097e9b78bd77bff707a3,none,none,5.000000000155922,1.0,none,0.0,none,stationary,matched_prior_exact,1,0,revision_C_base@2ce3a901fecb,2ce3a901fecb5ddde502d0a5eeffb8f48d73c5fd,fab97b80b871eeeac68aa1d75a33173cb368895f3e96803690e3cbc0acb1147d,c4-attrition_20260827_075624_501873_327229d1,327229d1bf70f8e05e383a7a64e8207b7bcbbc0877cfd63b067cd569f1a2c3bf,evidence,revision_B_base,revision_B_base,0.5,0.8,10000.0,5,200000.0,xlarge,45.0,80.0,5.0,0.5,1.0,"{""p_d"":0.8,""stage"":""c4-attrition"",""tau"":10000.0,""w"":0.5}",d4ab4fc6428a0b1f4ceb9e0c3f60e249d31253158385f9207158cfb8c2c16199
1,50,0,pizza_repartition,0.32156657275877726,7001.240586051708,0.32194680057339015,0.8044628962486163,8012,8013,8702,8703,200015.77811239188,200000.0,1.0000788905619593,budget_exhausted,10.999212936462508,0.9090844039681248,0.0,0,5,[],4224204660,none,none,none,"[0,1,2,3,4]","[[520681.28884999023,5662823.413556474],[520565.7892566675,5662882.956006011],[520666.6634226377,5662992.363089708],[520728.41903202015,5662941.820064784],[520617.85019205464,5662941.898483964]]","[[520675.01713351544,5662822.070045462],[520555.01713351544,5662882.161092503],[520675.01713351544,5663002.343186585],[520735.01713351544,5662942.252139544],[520615.01713351544,5662942.252139544]]",7cadefccf80f82f4b65a03191613879c8a3d1f83bddd097e9b78bd77bff707a3,"{""0"":4,""1"":3,""2"":1,""3"":0,""4"":2}",411a3c6603f6ee07acaa9879b3f9db4904e22b2421d12f43dd8b99994a2262a3,5.000000000879647,1.0,none,0.0,none,stationary,matched_prior_exact,1,0,revision_C_base@2ce3a901fecb,2ce3a901fecb5ddde502d0a5eeffb8f48d73c5fd,fab97b80b871eeeac68aa1d75a33173cb368895f3e96803690e3cbc0acb1147d,c4-attrition_20260827_075624_501873_327229d1,327229d1bf70f8e05e383a7a64e8207b7bcbbc0877cfd63b067cd569f1a2c3bf,evidence,revision_B_base,revision_B_base,0.5,0.8,10000.0,5,200000.0,xlarge,45.0,80.0,5.0,0.5,1.0,"{""p_d"":0.8,""stage"":""c4-attrition"",""tau"":10000.0,""w"":0.5}",d4ab4fc6428a0b1f4ceb9e0c3f60e249d31253158385f9207158cfb8c2c16199
1,50,1,dynamic_evidence_3step,0.3134199374276837,7092.318746956474,0.3136859775124651,0.814928041704754,8504,8505,8702,8703,160010.3686953575,160000.0,1.0000648043459843,budget_exhausted,12.60679385760819,0.9206776908312417,375.54726728610694,3471,4,[2],4224204660,none,none,none,"[0,1,3,4]","[[520681.28884999023,5662823.413556474],[520565.7892566675,5662882.956006011],[520728.41903202015,5662941.820064784],[520617.85019205464,5662941.898483964]]","[[520675.01713351544,5662822.070045462],[520555.01713351544,5662882.161092503],[520735.01713351544,5662942.252139544],[520615.01713351544,5662942.252139544]]",8c9a79f34df3263572004df8e23f5325241cb5d22f3f8b9e2c610f1ee7c9b04b,none,none,5.000000000155922,0.9048814601213702,none,0.02235004644638361,none,stationary,matched_prior_exact,1,0,revision_C_base@2ce3a901fecb,2ce3a901fecb5ddde502d0a5eeffb8f48d73c5fd,fab97b80b871eeeac68aa1d75a33173cb368895f3e96803690e3cbc0acb1147d,c4-attrition_20260827_075624_501873_327229d1,327229d1bf70f8e05e383a7a64e8207b7bcbbc0877cfd63b067cd569f1a2c3bf,evidence,revision_B_base,revision_B_base,0.5,0.8,10000.0,5,200000.0,xlarge,45.0,80.0,5.0,0.5,1.0,"{""p_d"":0.8,""stage"":""c4-attrition"",""tau"":10000.0,""w"":0.5}",d4ab4fc6428a0b1f4ceb9e0c3f60e249d31253158385f9207158cfb8c2c16199
1,50,1,online_static_3step,0.1747693445533251,7667.686284715619,0.1749799383585421,0.8810394444117683,8663,8664,8702,8703,160010.6659520766,160000.0,1.0000666622004788,budget_exhausted,31.732859435909194,0.9684869243498305,352.513000828214,3584,4,[2],4224204660,none,none,none,"[0,1,3,4]","[[520681.28884999023,5662823.413556474],[520565.7892566675,5662882.956006011],[520728.41903202015,5662941.820064784],[520617.85019205464,5662941.898483964]]","[[520675.01713351544,5662822.070045462],[520555.01713351544,5662882.161092503],[520735.01713351544,5662942.252139544],[520615.01713351544,5662942.252139544]]",8c9a79f34df3263572004df8e23f5325241cb5d22f3f8b9e2c610f1ee7c9b04b,none,none,5.000000000155922,0.7297845774969807,none,0.03714278968922846,none,stationary,matched_prior_exact,1,0,revision_C_base@2ce3a901fecb,2ce3a901fecb5ddde502d0a5eeffb8f48d73c5fd,fab97b80b871eeeac68aa1d75a33173cb368895f3e96803690e3cbc0acb1147d,c4-attrition_20260827_075624_501873_327229d1,327229d1bf70f8e05e383a7a64e8207b7bcbbc0877cfd63b067cd569f1a2c3bf,evidence,revision_B_base,revision_B_base,0.5,0.8,10000.0,5,200000.0,xlarge,45.0,80.0,5.0,0.5,1.0,"{""p_d"":0.8,""stage"":""c4-attrition"",""tau"":10000.0,""w"":0.5}",d4ab4fc6428a0b1f4ceb9e0c3f60e249d31253158385f9207158cfb8c2c16199
1,50,1,pizza_repartition,0.277966804383806,7245.618051588837,0.278359629086628,0.832542577454767,8011,8012,8702,8703,160017.53040080224,160000.0,1.000109565005014,budget_exhausted,10.932480454868514,0.9085294500065011,0.0,0,4,[2],4224204660,none,none,none,"[0,1,3,4]","[[520681.28884999023,5662823.413556474],[520565.7892566675,5662882.956006011],[520728.41903202015,5662941.820064784],[520617.85019205464,5662941.898483964]]","[[520675.01713351544,5662822.070045462],[520555.01713351544,5662882.161092503],[520735.01713351544,5662942.252139544],[520615.01713351544,5662942.252139544]]",8c9a79f34df3263572004df8e23f5325241cb5d22f3f8b9e2c610f1ee7c9b04b,"{""0"":3,""1"":2,""3"":0,""4"":1}",524e244b8e6c0ebf481a24113c42f421bba9b3d908b884c3195eef72f3367049,5.000000000905505,0.8644144881076381,none,0.028079681206150675,none,stationary,matched_prior_exact,1,0,revision_C_base@2ce3a901fecb,2ce3a901fecb5ddde502d0a5eeffb8f48d73c5fd,fab97b80b871eeeac68aa1d75a33173cb368895f3e96803690e3cbc0acb1147d,c4-attrition_20260827_075624_501873_327229d1,327229d1bf70f8e05e383a7a64e8207b7bcbbc0877cfd63b067cd569f1a2c3bf,evidence,revision_B_base,revision_B_base,0.5,0.8,10000.0,5,200000.0,xlarge,45.0,80.0,5.0,0.5,1.0,"{""p_d"":0.8,""stage"":""c4-attrition"",""tau"":10000.0,""w"":0.5}",d4ab4fc6428a0b1f4ceb9e0c3f60e249d31253158385f9207158cfb8c2c16199
1,50,2,dynamic_evidence_3step,0.2808377611959462,7226.562641191882,0.28109861352155746,0.830353055405249,8506,8507,8702,8703,120009.7323515633,120000.0,1.000081102929694,budget_exhausted,11.300433477825942,0.9115078194157569,296.7492779849563,2719,3,"[2,4]",4224204660,none,none,none,"[0,1,3]","[[520681.28884999023,5662823.413556474],[520565.7892566675,5662882.956006011],[520728.41903202015,5662941.820064784]]","[[520675.01713351544,5662822.070045462],[520555.01713351544,5662882.161092503],[520735.01713351544,5662942.252139544]]",b0290ff4e1c2e3ef3914b6eac655810d2e9c61f526f980c972305634aa7a68bb,none,none,5.000000000155922,0.8108127565012978,none,0.03777506014687859,none,stationary,matched_prior_exact,1,0,revision_C_base@2ce3a901fecb,2ce3a901fecb5ddde502d0a5eeffb8f48d73c5fd,fab97b80b871eeeac68aa1d75a33173cb368895f3e96803690e3cbc0acb1147d,c4-attrition_20260827_075624_501873_327229d1,327229d1bf70f8e05e383a7a64e8207b7bcbbc0877cfd63b067cd569f1a2c3bf,evidence,revision_B_base,revision_B_base,0.5,0.8,10000.0,5,200000.0,xlarge,45.0,80.0,5.0,0.5,1.0,"{""p_d"":0.8,""stage"":""c4-attrition"",""tau"":10000.0,""w"":0.5}",d4ab4fc6428a0b1f4ceb9e0c3f60e249d31253158385f9207158cfb8c2c16199
1,50,2,online_static_3step,0.1854205472678021,7603.194620603964,0.1856094565910811,0.873629164725263,8702,8703,8702,8703,120004.80986295304,120000.0,1.0000400821912754,budget_exhausted,21.978898501793626,0.9545018145509706,283.04374797991477,2862,3,"[2,4]",4224204660,none,none,none,"[0,1,3]","[[520681.28884999023,5662823.413556474],[520565.7892566675,5662882.956006011],[520728.41903202015,5662941.820064784]]","[[520675.01713351544,5662822.070045462],[520555.01713351544,5662882.161092503],[520735.01713351544,5662942.252139544]]",b0290ff4e1c2e3ef3914b6eac655810d2e9c61f526f980c972305634aa7a68bb,none,none,5.000000000155922,0.7742608184114599,none,0.029732510002723145,none,stationary,matched_prior_exact,1,0,revision_C_base@2ce3a901fecb,2ce3a901fecb5ddde502d0a5eeffb8f48d73c5fd,fab97b80b871eeeac68aa1d75a33173cb368895f3e96803690e3cbc0acb1147d,c4-attrition_20260827_075624_501873_327229d1,327229d1bf70f8e05e383a7a64e8207b7bcbbc0877cfd63b067cd569f1a2c3bf,evidence,revision_B_base,revision_B_base,0.5,0.8,10000.0,5,200000.0,xlarge,45.0,80.0,5.0,0.5,1.0,"{""p_d"":0.8,""stage"":""c4-attrition"",""tau"":10000.0,""w"":0.5}",d4ab4fc6428a0b1f4ceb9e0c3f60e249d31253158385f9207158cfb8c2c16199
1,50,2,pizza_repartition,0.22634499584404666,7517.354869035053,0.2266557260179114,0.8637659277300991,8010,8011,8702,8703,120008.07644025782,120000.0,1.0000673036688152,budget_exhausted,10.900307110796126,0.9082594655512451,0.0,0,3,"[2,4]",4224204660,none,none,none,"[0,1,3]","[[520681.28884999023,5662823.413556474],[520565.7892566675,5662882.956006011],[520728.41903202015,5662941.820064784]]","[[520675.01713351544,5662822.070045462],[520555.01713351544,5662882.161092503],[520735.01713351544,5662942.252139544]]",b0290ff4e1c2e3ef3914b6eac655810d2e9c61f526f980c972305634aa7a68bb,"{""0"":2,""1"":1,""3"":0}",5c3df012806321605938f83701f67da402307f0df24c16ee9ece49a20d4d28cf,5.000000000899856,0.7038822284984175,none,0.05930303148148275,none,stationary,matched_prior_exact,1,0,revision_C_base@2ce3a901fecb,2ce3a901fecb5ddde502d0a5eeffb8f48d73c5fd,fab97b80b871eeeac68aa1d75a33173cb368895f3e96803690e3cbc0acb1147d,c4-attrition_20260827_075624_501873_327229d1,327229d1bf70f8e05e383a7a64e8207b7bcbbc0877cfd63b067cd569f1a2c3bf,evidence,revision_B_base,revision_B_base,0.5,0.8,10000.0,5,200000.0,xlarge,45.0,80.0,5.0,0.5,1.0,"{""p_d"":0.8,""stage"":""c4-attrition"",""tau"":10000.0,""w"":0.5}",d4ab4fc6428a0b1f4ceb9e0c3f60e249d31253158385f9207158cfb8c2c16199
1,50,3,dynamic_evidence_3step,0.1975543141091129,7676.325019285317,0.1977470828811757,0.8820320601270041,8493,8494,8702,8703,80008.67351901671,80000.0,1.000108418987709,budget_exhausted,13.031442901234568,0.9232625268299903,207.725862959167,1943,2,"[2,4,1]",4224204660,none,none,none,"[0,3]","[[520681.28884999023,5662823.413556474],[520728.41903202015,5662941.820064784]]","[[520675.01713351544,5662822.070045462],[520735.01713351544,5662942.252139544]]",5d9ed8940bca0b270ab13591ac3a08e48863be0a93abc9c12d421b313952e084,none,none,5.000000000155922,0.5703633204431242,none,0.08945406486863372,none,stationary,matched_prior_exact,1,0,revision_C_base@2ce3a901fecb,2ce3a901fecb5ddde502d0a5eeffb8f48d73c5fd,fab97b80b871eeeac68aa1d75a33173cb368895f3e96803690e3cbc0acb1147d,c4-attrition_20260827_075624_501873_327229d1,327229d1bf70f8e05e383a7a64e8207b7bcbbc0877cfd63b067cd569f1a2c3bf,evidence,revision_B_base,revision_B_base,0.5,0.8,10000.0,5,200000.0,xlarge,45.0,80.0,5.0,0.5,1.0,"{""p_d"":0.8,""stage"":""c4-attrition"",""tau"":10000.0,""w"":0.5}",d4ab4fc6428a0b1f4ceb9e0c3f60e249d31253158385f9207158cfb8c2c16199
1,50,3,online_static_3step,0.08452157742752298,8078.825793686435,0.08459657122854382,0.928280569192972,8483,8484,8702,8703,80004.02219605111,80000.0,1.0000502774506388,budget_exhausted,37.66295884315907,0.9734487137836321,187.73325351416133,1895,2,"[2,4,1]",4224204660,none,none,none,"[0,3]","[[520681.28884999023,5662823.413556474],[520728.41903202015,5662941.820064784]]","[[520675.01713351544,5662822.070045462],[520735.01713351544,5662942.252139544]]",5d9ed8940bca0b270ab13591ac3a08e48863be0a93abc9c12d421b313952e084,none,none,5.000000000155922,0.3529368598936572,none,0.08438391447043214,none,stationary,matched_prior_exact,1,0,revision_C_base@2ce3a901fecb,2ce3a901fecb5ddde502d0a5eeffb8f48d73c5fd,fab97b80b871eeeac68aa1d75a33173cb368895f3e96803690e3cbc0acb1147d,c4-attrition_20260827_075624_501873_327229d1,327229d1bf70f8e05e383a7a64e8207b7bcbbc0877cfd63b067cd569f1a2c3bf,evidence,revision_B_base,revision_B_base,0.5,0.8,10000.0,5,200000.0,xlarge,45.0,80.0,5.0,0.5,1.0,"{""p_d"":0.8,""stage"":""c4-attrition"",""tau"":10000.0,""w"":0.5}",d4ab4fc6428a0b1f4ceb9e0c3f60e249d31253158385f9207158cfb8c2c16199
1,50,3,pizza_repartition,0.1719706115873069,7822.025365573985,0.17222044653464494,0.8987734534728238,8008,8009,8702,8703,80006.33484019843,80000.0,1.0000791855024804,budget_exhausted,10.789935121865685,0.9073210368083204,0.0,0,2,"[2,4,1]",4224204660,none,none,none,"[0,3]","[[520681.28884999023,5662823.413556474],[520728.41903202015,5662941.820064784]]","[[520675.01713351544,5662822.070045462],[520735.01713351544,5662942.252139544]]",5d9ed8940bca0b270ab13591ac3a08e48863be0a93abc9c12d421b313952e084,"{""0"":1,""3"":0}",bffb91c572fdd6074daf22a37aaf84e88c5bc0b04fa6e6315f0f4e94e893459f,5.000000000892737,0.5347900750750931,none,0.09431055722420745,none,stationary,matched_prior_exact,1,0,revision_C_base@2ce3a901fecb,2ce3a901fecb5ddde502d0a5eeffb8f48d73c5fd,fab97b80b871eeeac68aa1d75a33173cb368895f3e96803690e3cbc0acb1147d,c4-attrition_20260827_075624_501873_327229d1,327229d1bf70f8e05e383a7a64e8207b7bcbbc0877cfd63b067cd569f1a2c3bf,evidence,revision_B_base,revision_B_base,0.5,0.8,10000.0,5,200000.0,xlarge,45.0,80.0,5.0,0.5,1.0,"{""p_d"":0.8,""stage"":""c4-attrition"",""tau"":10000.0,""w"":0.5}",d4ab4fc6428a0b1f4ceb9e0c3f60e249d31253158385f9207158cfb8c2c16199
1,49,0,dynamic_evidence_3step,0.37200675925045923,6819.478128753416,0.3723908132725008,0.7703884013503633,8506,8507,8851,8852,200015.06935571373,200000.0,1.0000753467785686,budget_exhausted,11.571672704901223,0.9135820701551257,432.89725084835663,4061,5,[],3094825738,none,none,none,"[0,1,2,3,4]","[[520609.86604198645,5662970.662074452],[520598.553868358,5662961.797541534],[520653.51501144096,5662902.532887409],[520676.4538689765,5662813.7821344],[520626.6578384796,5662910.2576500075]]","[[520615.01713351544,5662972.297663065],[520585.01713351544,5662972.297663065],[520645.01713351544,5662912.206616024],[520675.01713351544,5662822.070045462],[520615.01713351544,5662912.206616024]]",30dcd531ac44796a9d76860400f92ce1445a8ba0c1900d0a11fd4ded50ecd1bf,none,none,5.000000000155922,1.0,none,0.0,none,stationary,matched_prior_exact,1,0,revision_C_base@2ce3a901fecb,2ce3a901fecb5ddde502d0a5eeffb8f48d73c5fd,fab97b80b871eeeac68aa1d75a33173cb368895f3e96803690e3cbc0acb1147d,c4-attrition_20260827_075624_501873_327229d1,327229d1bf70f8e05e383a7a64e8207b7bcbbc0877cfd63b067cd569f1a2c3bf,evidence,revision_B_base,revision_B_base,0.5,0.8,10000.0,5,200000.0,xlarge,45.0,80.0,5.0,0.5,1.0,"{""p_d"":0.8,""stage"":""c4-attrition"",""tau"":10000.0,""w"":0.5}",d4ab4fc6428a0b1f4ceb9e0c3f60e249d31253158385f9207158cfb8c2c16199
1,49,0,online_static_3step,0.23979777997169435,7442.220586074398,0.24005297727003866,0.8407388822948936,8748,8749,8851,8852,200010.2905783477,200000.0,1.0000514528917384,budget_exhausted,25.076315033055476,0.9601217324522441,432.97886320296675,4420,5,[],3094825738,none,none,none,"[0,1,2,3,4]","[[520609.86604198645,5662970.662074452],[520598.553868358,5662961.797541534],[520653.51501144096,5662902.532887409],[520676.4538689765,5662813.7821344],[520626.6578384796,5662910.2576500075]]","[[520615.01713351544,5662972.297663065],[520585.01713351544,5662972.297663065],[520645.01713351544,5662912.206616024],[520675.01713351544,5662822.070045462],[520615.01713351544,5662912.206616024]]",30dcd531ac44796a9d76860400f92ce1445a8ba0c1900d0a11fd4ded50ecd1bf,none,none,5.000000000155922,1.0,none,0.0,none,stationary,matched_prior_exact,1,0,revision_C_base@2ce3a901fecb,2ce3a901fecb5ddde502d0a5eeffb8f48d73c5fd,fab97b80b871eeeac68aa1d75a33173cb368895f3e96803690e3cbc0acb1147d,c4-attrition_20260827_075624_501873_327229d1,327229d1bf70f8e05e383a7a64e8207b7bcbbc0877cfd63b067cd569f1a2c3bf,evidence,revision_B_base,revision_B_base,0.5,0.8,10000.0,5,200000.0,xlarge,45.0,80.0,5.0,0.5,1.0,"{""p_d"":0.8,""stage"":""c4-attrition"",""tau"":10000.0,""w"":0.5}",d4ab4fc6428a0b1f4ceb9e0c3f60e249d31253158385f9207158cfb8c2c16199
1,49,0,pizza_repartition,0.3217311306112487,7100.822780696661,0.3221356570066189,0.8021715748640602,8011,8012,8851,8852,200006.19106095223,200000.0,1.000030955304761,budget_exhausted,10.987132747158482,0.9089844436203228,0.0,0,5,[],3094825738,none,none,none,"[0,1,2,3,4]","[[520609.86604198645,5662970.662074452],[520598.553868358,5662961.797541534],[520653.51501144096,5662902.532887409],[520676.4538689765,5662813.7821344],[520626.6578384796,5662910.2576500075]]","[[520615.01713351544,5662972.297663065],[520585.01713351544,5662972.297663065],[520645.01713351544,5662912.206616024],[520675.01713351544,5662822.070045462],[520615.01713351544,5662912.206616024]]",30dcd531ac44796a9d76860400f92ce1445a8ba0c1900d0a11fd4ded50ecd1bf,"{""0"":1,""1"":2,""2"":0,""3"":4,""4"":3}",1857f2c34acf13f50e15d645acc088f7c229096aed22930214d37ca87deb9235,5.00000000090993,1.0,none,0.0,none,stationary,matched_prior_exact,1,0,revision_C_base@2ce3a901fecb,2ce3a901fecb5ddde502d0a5eeffb8f48d73c5fd,fab97b80b871eeeac68aa1d75a33173cb368895f3e96803690e3cbc0acb1147d,c4-attrition_20260827_075624_501873_327229d1,327229d1bf70f8e05e383a7a64e8207b7bcbbc0877cfd63b067cd569f1a2c3bf,evidence,revision_B_base,revision_B_base,0.5,0.8,10000.0,5,200000.0,xlarge,45.0,80.0,5.0,0.5,1.0,"{""p_d"":0.8,""stage"":""c4-attrition"",""tau"":10000.0,""w"":0.5}",d4ab4fc6428a0b1f4ceb9e0c3f60e249d31253158385f9207158cfb8c2c16199
1,49,1,dynamic_evidence_3step,0.29868529251445214,7204.852796402169,0.29893568979269186,0.8139237230458845,8497,8498,8851,8852,160016.076682632,160000.0,1.00010047926645,budget_exhausted,13.2321306345947,0.9244263809347866,375.8461522371508,3480,4,[3],3094825738,none,none,none,"[0,1,2,4]","[[520609.86604198645,5662970.662074452],[520598.553868358,5662961.797541534],[520653.51501144096,5662902.532887409],[520626.6578384796,5662910.2576500075]]","[[520615.01713351544,5662972.297663065],[520585.01713351544,5662972.297663065],[520645.01713351544,5662912.206616024],[520615.01713351544,5662912.206616024]]",3c2d835d9e554c7d7bbfc10c20b5643577ac7d1a7c24b8dd1a5defdcc5b63261,none,none,5.000000000155922,0.8029028642282214,none,0.0435353216955211,none,stationary,matched_prior_exact,1,0,revision_C_base@2ce3a901fecb,2ce3a901fecb5ddde502d0a5eeffb8f48d73c5fd,fab97b80b871eeeac68aa1d75a33173cb368895f3e96803690e3cbc0acb1147d,c4-attrition_20260827_075624_501873_327229d1,327229d1bf70f8e05e383a7a64e8207b7bcbbc0877cfd63b067cd569f1a2c3bf,evidence,revision_B_base,revision_B_base,0.5,0.8,10000.0,5,200000.0,xlarge,45.0,80.0,5.0,0.5,1.0,"{""p_d"":0.8,""stage"":""c4-attrition"",""tau"":10000.0,""w"":0.5}",d4ab4fc6428a0b1f4ceb9e0c3f60e249d31253158385f9207158cfb8c2c16199
1,49,1,online_static_3step,0.18743520548870807,7593.03316233807,0.18758658239072853,0.8577760011678796,8838,8839,8851,8852,160008.00993757558,160000.0,1.0000500621098474,budget_exhausted,29.079950546053986,0.9656120460584589,302.44381150533445,3076,4,[3],3094825738,none,none,none,"[0,1,2,4]","[[520609.86604198645,5662970.662074452],[520598.553868358,5662961.797541534],[520653.51501144096,5662902.532887409],[520626.6578384796,5662910.2576500075]]","[[520615.01713351544,5662972.297663065],[520585.01713351544,5662972.297663065],[520645.01713351544,5662912.206616024],[520615.01713351544,5662912.206616024]]",3c2d835d9e554c7d7bbfc10c20b5643577ac7d1a7c24b8dd1a5defdcc5b63261,none,none,5.000000000155922,0.7816386186345547,none,0.01703711887298598,none,stationary,matched_prior_exact,1,0,revision_C_base@2ce3a901fecb,2ce3a901fecb5ddde502d0a5eeffb8f48d73c5fd,fab97b80b871eeeac68aa1d75a33173cb368895f3e96803690e3cbc0acb1147d,c4-attrition_20260827_075624_501873_327229d1,327229d1bf70f8e05e383a7a64e8207b7bcbbc0877cfd63b067cd569f1a2c3bf,evidence,revision_B_base,revision_B_base,0.5,0.8,10000.0,5,200000.0,xlarge,45.0,80.0,5.0,0.5,1.0,"{""p_d"":0.8,""stage"":""c4-attrition"",""tau"":10000.0,""w"":0.5}",d4ab4fc6428a0b1f4ceb9e0c3f60e249d31253158385f9207158cfb8c2c16199
1,49,1,pizza_repartition,0.27815759900312564,7351.207039602485,0.2785070966867959,0.8304571892908365,8010,8011,8851,8852,160006.67067116126,160000.0,1.0000416916947579,budget_exhausted,10.929579966255217,0.9085051755797137,0.0,0,4,[3],3094825738,none,none,none,"[0,1,2,4]","[[520609.86604198645,5662970.662074452],[520598.553868358,5662961.797541534],[520653.51501144096,5662902.532887409],[520626.6578384796,5662910.2576500075]]","[[520615.01713351544,5662972.297663065],[520585.01713351544,5662972.297663065],[520645.01713351544,5662912.206616024],[520615.01713351544,5662912.206616024]]",3c2d835d9e554c7d7bbfc10c20b5643577ac7d1a7c24b8dd1a5defdcc5b63261,"{""0"":1,""1"":2,""2"":0,""4"":3}",a7b6d6bb7b75863d5da631053a664b73786df55ac646fac07fbe42315623017c,5.000000000893628,0.8645653856207859,none,0.02828561442677624,none,stationary,matched_prior_exact,1,0,revision_C_base@2ce3a901fecb,2ce3a901fecb5ddde502d0a5eeffb8f48d73c5fd,fab97b80b871eeeac68aa1d75a33173cb368895f3e96803690e3cbc0acb1147d,c4-attrition_20260827_075624_501873_327229d1,327229d1bf70f8e05e383a7a64e8207b7bcbbc0877cfd63b067cd569f1a2c3bf,evidence,revision_B_base,revision_B_base,0.5,0.8,10000.0,5,200000.0,xlarge,45.0,80.0,5.0,0.5,1.0,"{""p_d"":0.8,""stage"":""c4-attrition"",""tau"":10000.0,""w"":0.5}",d4ab4fc6428a0b1f4ceb9e0c3f60e249d31253158385f9207158cfb8c2c16199
1,49,2,dynamic_evidence_3step,0.27701602616744875,7388.843633725926,0.2772996967131829,0.8347089509405701,8518,8519,8851,8852,120000.35693068488,120000.0,1.000002974422374,budget_exhausted,11.674197247706422,0.9143410053143941,294.03189562493935,2707,3,"[3,1]",3094825738,none,none,none,"[0,2,4]","[[520609.86604198645,5662970.662074452],[520653.51501144096,5662902.532887409],[520626.6578384796,5662910.2576500075]]","[[520615.01713351544,5662972.297663065],[520645.01713351544,5662912.206616024],[520615.01713351544,5662912.206616024]]",5be9051340e3426604e6d5ce8b37929b6bfaf22820f814a39526efb5b3af176a,none,none,5.000000000155922,0.7446532066395694,none,0.06432054959020672,none,stationary,matched_prior_exact,1,0,revision_C_base@2ce3a901fecb,2ce3a901fecb5ddde502d0a5eeffb8f48d73c5fd,fab97b80b871eeeac68aa1d75a33173cb368895f3e96803690e3cbc0acb1147d,c4-attrition_20260827_075624_501873_327229d1,327229d1bf70f8e05e383a7a64e8207b7bcbbc0877cfd63b067cd569f1a2c3bf,evidence,revision_B_base,revision_B_base,0.5,0.8,10000.0,5,200000.0,xlarge,45.0,80.0,5.0,0.5,1.0,"{""p_d"":0.8,""stage"":""c4-attrition"",""tau"":10000.0,""w"":0.5}",d4ab4fc6428a0b1f4ceb9e0c3f60e249d31253158385f9207158cfb8c2c16199
1,49,2,online_static_3step,0.12036898937443688,7950.698386480208,0.12049892217173701,0.8981810197108233,8851,8852,8851,8852,120010.02939505948,120000.0,1.0000835782921622,budget_exhausted,39.70497940846125,0.974814242069928,302.61916860425845,3109,3,"[3,1]",3094825738,none,none,none,"[0,2,4]","[[520609.86604198645,5662970.662074452],[520653.51501144096,5662902.532887409],[520626.6578384796,5662910.2576500075]]","[[520615.01713351544,5662972.297663065],[520645.01713351544,5662912.206616024],[520615.01713351544,5662912.206616024]]",5be9051340e3426604e6d5ce8b37929b6bfaf22820f814a39526efb5b3af176a,none,none,5.000000000155922,0.5019603992524251,none,0.05744213741592974,none,stationary,matched_prior_exact,1,0,revision_C_base@2ce3a901fecb,2ce3a901fecb5ddde502d0a5eeffb8f48d73c5fd,fab97b80b871eeeac68aa1d75a33173cb368895f3e96803690e3cbc0acb1147d,c4-attrition_20260827_075624_501873_327229d1,327229d1bf70f8e05e383a7a64e8207b7bcbbc0877cfd63b067cd569f1a2c3bf,evidence,revision_B_base,revision_B_base,0.5,0.8,10000.0,5,200000.0,xlarge,45.0,80.0,5.0,0.5,1.0,"{""p_d"":0.8,""stage"":""c4-attrition"",""tau"":10000.0,""w"":0.5}",d4ab4fc6428a0b1f4ceb9e0c3f60e249d31253158385f9207158cfb8c2c16199
1,49,2,pizza_repartition,0.22658787183160067,7630.137601167522,0.22688596205248937,0.8619676458616722,8010,8011,8851,8852,120010.9049912182,120000.0,1.0000908749268183,budget_exhausted,10.87688679245283,0.9080619280974891,0.0,0,3,"[3,1]",3094825738,none,none,none,"[0,2,4]","[[520609.86604198645,5662970.662074452],[520653.51501144096,5662902.532887409],[520626.6578384796,5662910.2576500075]]","[[520615.01713351544,5662972.297663065],[520645.01713351544,5662912.206616024],[520615.01713351544,5662912.206616024]]",5be9051340e3426604e6d5ce8b37929b6bfaf22820f814a39526efb5b3af176a,"{""0"":1,""2"":0,""4"":2}",547dfc605eb48f57942cd0a283509a04b7be4dbc428bf8620e285b2e5f79f359,5.000000000914898,0.7042771130077223,none,0.05979607099761197,none,stationary,matched_prior_exact,1,0,revision_C_base@2ce3a901fecb,2ce3a901fecb5ddde502d0a5eeffb8f48d73c5fd,fab97b80b871eeeac68aa1d75a33173cb368895f3e96803690e3cbc0acb1147d,c4-attrition_20260827_075624_501873_327229d1,327229d1bf70f8e05e383a7a64e8207b7bcbbc0877cfd63b067cd569f1a2c3bf,evidence,revision_B_base,revision_B_base,0.5,0.8,10000.0,5,200000.0,xlarge,45.0,80.0,5.0,0.5,1.0,"{""p_d"":0.8,""stage"":""c4-attrition"",""tau"":10000.0,""w"":0.5}",d4ab4fc6428a0b1f4ceb9e0c3f60e249d31253158385f9207158cfb8c2c16199
1,49,3,dynamic_evidence_3step,0.2034658555447298,7806.200053263394,0.20364154850450705,0.8818572134278574,8525,8526,8851,8852,80009.2280933535,80000.0,1.0001153511669187,budget_exhausted,12.616740905716407,0.9207402286000088,197.8919937319588,1846,2,"[3,1,0]",3094825738,none,none,none,"[2,4]","[[520653.51501144096,5662902.532887409],[520626.6578384796,5662910.2576500075]]","[[520645.01713351544,5662912.206616024],[520615.01713351544,5662912.206616024]]",554f96634f3c2716926a1737e0e11ec28e866a53c1c5321514dccdf917617d16,none,none,5.000000000155922,0.5469412866440507,none,0.11146881207749404,none,stationary,matched_prior_exact,1,0,revision_C_base@2ce3a901fecb,2ce3a901fecb5ddde502d0a5eeffb8f48d73c5fd,fab97b80b871eeeac68aa1d75a33173cb368895f3e96803690e3cbc0acb1147d,c4-attrition_20260827_075624_501873_327229d1,327229d1bf70f8e05e383a7a64e8207b7bcbbc0877cfd63b067cd569f1a2c3bf,evidence,revision_B_base,revision_B_base,0.5,0.8,10000.0,5,200000.0,xlarge,45.0,80.0,5.0,0.5,1.0,"{""p_d"":0.8,""stage"":""c4-attrition"",""tau"":10000.0,""w"":0.5}",d4ab4fc6428a0b1f4ceb9e0c3f60e249d31253158385f9207158cfb8c2c16199
1,49,3,online_static_3step,0.08104366400640242,8229.28983285329,0.08112568679830648,0.9296531668383744,8797,8798,8851,8852,80006.48721394503,80000.0,1.000081090174313,budget_exhausted,41.424528301886795,0.9758597130494193,204.08967180363834,2088,2,"[3,1,0]",3094825738,none,none,none,"[2,4]","[[520653.51501144096,5662902.532887409],[520626.6578384796,5662910.2576500075]]","[[520645.01713351544,5662912.206616024],[520615.01713351544,5662912.206616024]]",554f96634f3c2716926a1737e0e11ec28e866a53c1c5321514dccdf917617d16,none,none,5.000000000155922,0.33796669850725386,none,0.08891428454348083,none,stationary,matched_prior_exact,1,0,revision_C_base@2ce3a901fecb,2ce3a901fecb5ddde502d0a5eeffb8f48d73c5fd,fab97b80b871eeeac68aa1d75a33173cb368895f3e96803690e3cbc0acb1147d,c4-attrition_20260827_075624_501873_327229d1,327229d1bf70f8e05e383a7a64e8207b7bcbbc0877cfd63b067cd569f1a2c3bf,evidence,revision_B_base,revision_B_base,0.5,0.8,10000.0,5,200000.0,xlarge,45.0,80.0,5.0,0.5,1.0,"{""p_d"":0.8,""stage"":""c4-attrition"",""tau"":10000.0,""w"":0.5}",d4ab4fc6428a0b1f4ceb9e0c3f60e249d31253158385f9207158cfb8c2c16199
1,49,3,pizza_repartition,0.17217762147201654,7943.028243641102,0.17238030276177999,0.8973145327204136,8007,8008,8851,8852,80004.27092172772,80000.0,1.0000533865215964,budget_exhausted,10.77254421292243,0.9071714183544098,0.0,0,2,"[3,1,0]",3094825738,none,none,none,"[2,4]","[[520653.51501144096,5662902.532887409],[520626.6578384796,5662910.2576500075]]","[[520645.01713351544,5662912.206616024],[520615.01713351544,5662912.206616024]]",554f96634f3c2716926a1737e0e11ec28e866a53c1c5321514dccdf917617d16,"{""2"":0,""4"":1}",666aa16649c90e48e640c78dd66fabcbd5ca468c4c0fde73182f11e86310ebf9,5.0000000009128875,0.5351599677186994,none,0.0951429578563534,none,stationary,matched_prior_exact,1,0,revision_C_base@2ce3a901fecb,2ce3a901fecb5ddde502d0a5eeffb8f48d73c5fd,fab97b80b871eeeac68aa1d75a33173cb368895f3e96803690e3cbc0acb1147d,c4-attrition_20260827_075624_501873_327229d1,327229d1bf70f8e05e383a7a64e8207b7bcbbc0877cfd63b067cd569f1a2c3bf,evidence,revision_B_base,revision_B_base,0.5,0.8,10000.0,5,200000.0,xlarge,45.0,80.0,5.0,0.5,1.0,"{""p_d"":0.8,""stage"":""c4-attrition"",""tau"":10000.0,""w"":0.5}",d4ab4fc6428a0b1f4ceb9e0c3f60e249d31253158385f9207158cfb8c2c16199
1,42,0,dynamic_evidence_3step,0.34411087144843133,6867.820681143963,0.3444201539318853,0.7777826365961453,8494,8495,8829,8830,200001.37783143646,200000.0,1.0000068891571823,budget_exhausted,12.76024760323092,0.9216316147543409,432.36688094981946,3984,5,[],2135276945,none,none,none,"[0,1,2,3,4]","[[520669.9511760232,5662846.707767202],[520712.6785931303,5662847.395729886],[520741.99673526455,5662967.3026087405],[520666.2176493371,5662823.763432814],[520706.5342354978,5662960.580354788]]","[[520675.01713351544,5662852.115568982],[520705.01713351544,5662852.115568982],[520735.01713351544,5662972.297663065],[520675.01713351544,5662822.070045462],[520705.01713351544,5662972.297663065]]",30c155ffbc9a6fbd3effb7d8ee5b520261c472508e4a88bedcd430719d2c0104,none,none,5.000000000155922,1.0,none,0.0,none,stationary,matched_prior_exact,1,0,revision_C_base@2ce3a901fecb,2ce3a901fecb5ddde502d0a5eeffb8f48d73c5fd,fab97b80b871eeeac68aa1d75a33173cb368895f3e96803690e3cbc0acb1147d,c4-attrition_20260827_075624_501873_327229d1,327229d1bf70f8e05e383a7a64e8207b7bcbbc0877cfd63b067cd569f1a2c3bf,evidence,revision_B_base,revision_B_base,0.5,0.8,10000.0,5,200000.0,xlarge,45.0,80.0,5.0,0.5,1.0,"{""p_d"":0.8,""stage"":""c4-attrition"",""tau"":10000.0,""w"":0.5}",d4ab4fc6428a0b1f4ceb9e0c3f60e249d31253158385f9207158cfb8c2c16199
1,42,0,online_static_3step,0.2291726864278829,7387.797724276617,0.22942248190613312,0.8366701839497868,8675,8676,8829,8830,200000.2863851179,200000.0,1.0000014319255897,budget_exhausted,26.570880638232588,0.9623648153173701,410.79545017448254,4204,5,[],2135276945,none,none,none,"[0,1,2,3,4]","[[520669.9511760232,5662846.707767202],[520712.6785931303,5662847.395729886],[520741.99673526455,5662967.3026087405],[520666.2176493371,5662823.763432814],[520706.5342354978,5662960.580354788]]","[[520675.01713351544,5662852.115568982],[520705.01713351544,5662852.115568982],[520735.01713351544,5662972.297663065],[520675.01713351544,5662822.070045462],[520705.01713351544,5662972.297663065]]",30c155ffbc9a6fbd3effb7d8ee5b520261c472508e4a88bedcd430719d2c0104,none,none,5.000000000155922,1.0,none,0.0,none,stationary,matched_prior_exact,1,0,revision_C_base@2ce3a901fecb,2ce3a901fecb5ddde502d0a5eeffb8f48d73c5fd,fab97b80b871eeeac68aa1d75a33173cb368895f3e96803690e3cbc0acb1147d,c4-attrition_20260827_075624_501873_327229d1,327229d1bf70f8e05e383a7a64e8207b7bcbbc0877cfd63b067cd569f1a2c3bf,evidence,revision_B_base,revision_B_base,0.5,0.8,10000.0,5,200000.0,xlarge,45.0,80.0,5.0,0.5,1.0,"{""p_d"":0.8,""stage"":""c4-attrition"",""tau"":10000.0,""w"":0.5}",d4ab4fc6428a0b1f4ceb9e0c3f60e249d31253158385f9207158cfb8c2c16199
1,42,0,pizza_repartition,0.32169882492300206,7086.911481451369,0.32210521465179803,0.8025947317611969,8012,8013,8829,8830,200023.0299151484,200000.0,1.0001151495757419,budget_exhausted,10.984555984555984,0.90896309314587,0.0,0,5,[],2135276945,none,none,none,"[0,1,2,3,4]","[[520669.9511760232,5662846.707767202],[520712.6785931303,5662847.395729886],[520741.99673526455,5662967.3026087405],[520666.2176493371,5662823.763432814],[520706.5342354978,5662960.580354788]]","[[520675.01713351544,5662852.115568982],[520705.01713351544,5662852.115568982],[520735.01713351544,5662972.297663065],[520675.01713351544,5662822.070045462],[520705.01713351544,5662972.297663065]]",30c155ffbc9a6fbd3effb7d8ee5b520261c472508e4a88bedcd430719d2c0104,"{""0"":4,""1"":0,""2"":2,""3"":3,""4"":1}",3fb6519a682d431ecc9126ea258709ae7e02f59f156db5049ee8fd2f1a5c8933,5.00000000090993,1.0,none,0.0,none,stationary,matched_prior_exact,1,0,revision_C_base@2ce3a901fecb,2ce3a901fecb5ddde502d0a5eeffb8f48d73c5fd,fab97b80b871eeeac68aa1d75a33173cb368895f3e96803690e3cbc0acb1147d,c4-attrition_20260827_075624_501873_327229d1,327229d1bf70f8e05e383a7a64e8207b7bcbbc0877cfd63b067cd569f1a2c3bf,evidence,revision_B_base,revision_B_base,0.5,0.8,10000.0,5,200000.0,xlarge,45.0,80.0,5.0,0.5,1.0,"{""p_d"":0.8,""stage"":""c4-attrition"",""tau"":10000.0,""w"":0.5}",d4ab4fc6428a0b1f4ceb9e0c3f60e249d31253158385f9207158cfb8c2c16199
1,42,1,dynamic_evidence_3step,0.3000533478404498,7284.875721688594,0.3003461823018156,0.8250142380168284,8502,8503,8829,8830,160012.8813804455,160000.0,1.0000805086277844,budget_exhausted,13.843159292939614,0.9277621546614705,360.3058797267731,3386,4,[1],2135276945,none,none,none,"[0,2,3,4]","[[520669.9511760232,5662846.707767202],[520741.99673526455,5662967.3026087405],[520666.2176493371,5662823.763432814],[520706.5342354978,5662960.580354788]]","[[520675.01713351544,5662852.115568982],[520735.01713351544,5662972.297663065],[520675.01713351544,5662822.070045462],[520705.01713351544,5662972.297663065]]",4729e895afd8d3e655477039196aa316ac97fc91ab0331671bf934245615d5e3,none,none,5.000000000155922,0.8719670685714327,none,0.047231601420683056,none,stationary,matched_prior_exact,1,0,revision_C_base@2ce3a901fecb,2ce3a901fecb5ddde502d0a5eeffb8f48d73c5fd,fab97b80b871eeeac68aa1d75a33173cb368895f3e96803690e3cbc0acb1147d,c4-attrition_20260827_075624_501873_327229d1,327229d1bf70f8e05e383a7a64e8207b7bcbbc0877cfd63b067cd569f1a2c3bf,evidence,revision_B_base,revision_B_base,0.5,0.8,10000.0,5,200000.0,xlarge,45.0,80.0,5.0,0.5,1.0,"{""p_d"":0.8,""stage"":""c4-attrition"",""tau"":10000.0,""w"":0.5}",d4ab4fc6428a0b1f4ceb9e0c3f60e249d31253158385f9207158cfb8c2c16199
1,42,1,online_static_3step,0.24313974621003948,7417.601246633386,0.2433801675998426,0.8400454412948342,8829,8830,8829,8830,160010.11666412448,160000.0,1.000063229150778,budget_exhausted,19.37285105212488,0.9483813715746131,380.04678954393603,3894,4,[1],2135276945,none,none,none,"[0,2,3,4]","[[520669.9511760232,5662846.707767202],[520741.99673526455,5662967.3026087405],[520666.2176493371,5662823.763432814],[520706.5342354978,5662960.580354788]]","[[520675.01713351544,5662852.115568982],[520735.01713351544,5662972.297663065],[520675.01713351544,5662822.070045462],[520705.01713351544,5662972.297663065]]",4729e895afd8d3e655477039196aa316ac97fc91ab0331671bf934245615d5e3,none,none,5.000000000155922,1.060945569037311,none,0.0033752573450474,none,stationary,matched_prior_exact,1,0,revision_C_base@2ce3a901fecb,2ce3a901fecb5ddde502d0a5eeffb8f48d73c5fd,fab97b80b871eeeac68aa1d75a33173cb368895f3e96803690e3cbc0acb1147d,c4-attrition_20260827_075624_501873_327229d1,327229d1bf70f8e05e383a7a64e8207b7bcbbc0877cfd63b067cd569f1a2c3bf,evidence,revision_B_base,revision_B_base,0.5,0.8,10000.0,5,200000.0,xlarge,45.0,80.0,5.0,0.5,1.0,"{""p_d"":0.8,""stage"":""c4-attrition"",""tau"":10000.0,""w"":0.5}",d4ab4fc6428a0b1f4ceb9e0c3f60e249d31253158385f9207158cfb8c2c16199
1,42,1,pizza_repartition,0.2779626478696704,7337.586569199232,0.27831627158446487,0.8309837564212041,8011,8012,8829,8830,160014.99134282646,160000.0,1.0000936958926654,budget_exhausted,10.940298507462687,0.9085948158253752,0.0,0,4,[1],2135276945,none,none,none,"[0,2,3,4]","[[520669.9511760232,5662846.707767202],[520741.99673526455,5662967.3026087405],[520666.2176493371,5662823.763432814],[520706.5342354978,5662960.580354788]]","[[520675.01713351544,5662852.115568982],[520735.01713351544,5662972.297663065],[520675.01713351544,5662822.070045462],[520705.01713351544,5662972.297663065]]",4729e895afd8d3e655477039196aa316ac97fc91ab0331671bf934245615d5e3,"{""0"":2,""2"":0,""3"":3,""4"":1}",07a995aab00c9aaf27cabba996185642bffbd664b9e626a808814310ce7a445c,5.000000000893584,0.8640462020220315,none,0.028389024660007256,none,stationary,matched_prior_exact,1,0,revision_C_base@2ce3a901fecb,2ce3a901fecb5ddde502d0a5eeffb8f48d73c5fd,fab97b80b871eeeac68aa1d75a33173cb368895f3e96803690e3cbc0acb1147d,c4-attrition_20260827_075624_501873_327229d1,327229d1bf70f8e05e383a7a64e8207b7bcbbc0877cfd63b067cd569f1a2c3bf,evidence,revision_B_base,revision_B_base,0.5,0.8,10000.0,5,200000.0,xlarge,45.0,80.0,5.0,0.5,1.0,"{""p_d"":0.8,""stage"":""c4-attrition"",""tau"":10000.0,""w"":0.5}",d4ab4fc6428a0b1f4ceb9e0c3f60e249d31253158385f9207158cfb8c2c16199
1,42,2,dynamic_evidence_3step,0.2541751122498585,7435.201573687045,0.25441016241460046,0.8420386833167661,8506,8507,8829,8830,120002.08346183451,120000.0,1.0000173621819544,budget_exhausted,13.44672131147541,0.9256324291374581,295.7926330654882,2732,3,"[1,4]",2135276945,none,none,none,"[0,2,3]","[[520669.9511760232,5662846.707767202],[520741.99673526455,5662967.3026087405],[520666.2176493371,5662823.763432814]]","[[520675.01713351544,5662852.115568982],[520735.01713351544,5662972.297663065],[520675.01713351544,5662822.070045462]]",8845a21646fb26d134fabcbdad0ac049aa0e0b2fbe97d94a05662ab92f5a2123,none,none,5.000000000155922,0.738643075064687,none,0.0642560467206208,none,stationary,matched_prior_exact,1,0,revision_C_base@2ce3a901fecb,2ce3a901fecb5ddde502d0a5eeffb8f48d73c5fd,fab97b80b871eeeac68aa1d75a33173cb368895f3e96803690e3cbc0acb1147d,c4-attrition_20260827_075624_501873_327229d1,327229d1bf70f8e05e383a7a64e8207b7bcbbc0877cfd63b067cd569f1a2c3bf,evidence,revision_B_base,revision_B_base,0.5,0.8,10000.0,5,200000.0,xlarge,45.0,80.0,5.0,0.5,1.0,"{""p_d"":0.8,""stage"":""c4-attrition"",""tau"":10000.0,""w"":0.5}",d4ab4fc6428a0b1f4ceb9e0c3f60e249d31253158385f9207158cfb8c2c16199
1,42,2,online_static_3step,0.18385673071079328,7704.451595296022,0.18409992617500023,0.8725313244955857,8544,8545,8829,8830,120001.5452271751,120000.0,1.0000128768931258,budget_exhausted,21.47962648556876,0.953444255621863,306.2027586614713,3112,3,"[1,4]",2135276945,none,none,none,"[0,2,3]","[[520669.9511760232,5662846.707767202],[520741.99673526455,5662967.3026087405],[520666.2176493371,5662823.763432814]]","[[520675.01713351544,5662852.115568982],[520735.01713351544,5662972.297663065],[520675.01713351544,5662822.070045462]]",8845a21646fb26d134fabcbdad0ac049aa0e0b2fbe97d94a05662ab92f5a2123,none,none,5.000000000155922,0.8022628419493182,none,0.03586114054579892,none,stationary,matched_prior_exact,1,0,revision_C_base@2ce3a901fecb,2ce3a901fecb5ddde502d0a5eeffb8f48d73c5fd,fab97b80b871eeeac68aa1d75a33173cb368895f3e96803690e3cbc0acb1147d,c4-attrition_20260827_075624_501873_327229d1,327229d1bf70f8e05e383a7a64e8207b7bcbbc0877cfd63b067cd569f1a2c3bf,evidence,revision_B_base,revision_B_base,0.5,0.8,10000.0,5,200000.0,xlarge,45.0,80.0,5.0,0.5,1.0,"{""p_d"":0.8,""stage"":""c4-attrition"",""tau"":10000.0,""w"":0.5}",d4ab4fc6428a0b1f4ceb9e0c3f60e249d31253158385f9207158cfb8c2c16199
1,42,2,pizza_repartition,0.22641370810067069,7614.90804054647,0.2267136673664534,0.8623904915681166,8010,8011,8829,8830,120014.76429591242,120000.0,1.00012303579927,budget_exhausted,10.888324873096447,0.9081585081585082,0.0,0,3,"[1,4]",2135276945,none,none,none,"[0,2,3]","[[520669.9511760232,5662846.707767202],[520741.99673526455,5662967.3026087405],[520666.2176493371,5662823.763432814]]","[[520675.01713351544,5662852.115568982],[520735.01713351544,5662972.297663065],[520675.01713351544,5662822.070045462]]",8845a21646fb26d134fabcbdad0ac049aa0e0b2fbe97d94a05662ab92f5a2123,"{""0"":0,""2"":1,""3"":2}",02b990f496345e4b471c924f489de76deeec2d87ba261b3da6caa212b9aeaead,5.000000000905654,0.7038064505049477,none,0.05979575980691976,none,stationary,matched_prior_exact,1,0,revision_C_base@2ce3a901fecb,2ce3a901fecb5ddde502d0a5eeffb8f48d73c5fd,fab97b80b871eeeac68aa1d75a33173cb368895f3e96803690e3cbc0acb1147d,c4-attrition_20260827_075624_501873_327229d1,327229d1bf70f8e05e383a7a64e8207b7bcbbc0877cfd63b067cd569f1a2c3bf,evidence,revision_B_base,revision_B_base,0.5,0.8,10000.0,5,200000.0,xlarge,45.0,80.0,5.0,0.5,1.0,"{""p_d"":0.8,""stage"":""c4-attrition"",""tau"":10000.0,""w"":0.5}",d4ab4fc6428a0b1f4ceb9e0c3f60e249d31253158385f9207158cfb8c2c16199
1,42,3,dynamic_evidence_3step,0.20804236598925263,7746.018546408479,0.20828564552843776,0.8772387934777439,8513,8514,8829,8830,80000.2547452709,80000.0,1.0000031843158863,budget_exhausted,11.848289106145252,0.9155996286855173,209.4254902675748,1931,2,"[1,4,2]",2135276945,none,none,none,"[0,3]","[[520669.9511760232,5662846.707767202],[520666.2176493371,5662823.763432814]]","[[520675.01713351544,5662852.115568982],[520675.01713351544,5662822.070045462]]",761812013f00c322eba2fd9b940d1e8ef23ddd29a4f2acdb7e450ef449e63d28,none,none,5.000000000155922,0.6045794633385478,none,0.09945615688159859,none,stationary,matched_prior_exact,1,0,revision_C_base@2ce3a901fecb,2ce3a901fecb5ddde502d0a5eeffb8f48d73c5fd,fab97b80b871eeeac68aa1d75a33173cb368895f3e96803690e3cbc0acb1147d,c4-attrition_20260827_075624_501873_327229d1,327229d1bf70f8e05e383a7a64e8207b7bcbbc0877cfd63b067cd569f1a2c3bf,evidence,revision_B_base,revision_B_base,0.5,0.8,10000.0,5,200000.0,xlarge,45.0,80.0,5.0,0.5,1.0,"{""p_d"":0.8,""stage"":""c4-attrition"",""tau"":10000.0,""w"":0.5}",d4ab4fc6428a0b1f4ceb9e0c3f60e249d31253158385f9207158cfb8c2c16199
1,42,3,online_static_3step,0.16570074236132265,7881.539694005681,0.16587214424222377,0.8925866018126479,8506,8507,8829,8830,80003.90564860591,80000.0,1.000048820607574,budget_exhausted,16.652184585174275,0.9399478191654015,186.41183098498732,1881,2,"[1,4,2]",2135276945,none,none,none,"[0,3]","[[520669.9511760232,5662846.707767202],[520666.2176493371,5662823.763432814]]","[[520675.01713351544,5662852.115568982],[520675.01713351544,5662822.070045462]]",761812013f00c322eba2fd9b940d1e8ef23ddd29a4f2acdb7e450ef449e63d28,none,none,5.000000000155922,0.7230387920310307,none,0.05591641786286117,none,stationary,matched_prior_exact,1,0,revision_C_base@2ce3a901fecb,2ce3a901fecb5ddde502d0a5eeffb8f48d73c5fd,fab97b80b871eeeac68aa1d75a33173cb368895f3e96803690e3cbc0acb1147d,c4-attrition_20260827_075624_501873_327229d1,327229d1bf70f8e05e383a7a64e8207b7bcbbc0877cfd63b067cd569f1a2c3bf,evidence,revision_B_base,revision_B_base,0.5,0.8,10000.0,5,200000.0,xlarge,45.0,80.0,5.0,0.5,1.0,"{""p_d"":0.8,""stage"":""c4-attrition"",""tau"":10000.0,""w"":0.5}",d4ab4fc6428a0b1f4ceb9e0c3f60e249d31253158385f9207158cfb8c2c16199
1,42,3,pizza_repartition,0.17207156163780682,7926.630485751427,0.17231743258086366,0.897693146744216,8008,8009,8829,8830,80003.33244863561,80000.0,1.0000416556079452,budget_exhausted,10.783385909568874,0.9072647489029741,0.0,0,2,"[1,4,2]",2135276945,none,none,none,"[0,3]","[[520669.9511760232,5662846.707767202],[520666.2176493371,5662823.763432814]]","[[520675.01713351544,5662852.115568982],[520675.01713351544,5662822.070045462]]",761812013f00c322eba2fd9b940d1e8ef23ddd29a4f2acdb7e450ef449e63d28,"{""0"":0,""3"":1}",65256124dfd6b93ba5701370b92140b2e919f53de088060809c5a724a0c586e7,5.0000000008764545,0.5348840229024516,none,0.09509841498301908,none,stationary,matched_prior_exact,1,0,revision_C_base@2ce3a901fecb,2ce3a901fecb5ddde502d0a5eeffb8f48d73c5fd,fab97b80b871eeeac68aa1d75a33173cb368895f3e96803690e3cbc0acb1147d,c4-attrition_20260827_075624_501873_327229d1,327229d1bf70f8e05e383a7a64e8207b7bcbbc0877cfd63b067cd569f1a2c3bf,evidence,revision_B_base,revision_B_base,0.5,0.8,10000.0,5,200000.0,xlarge,45.0,80.0,5.0,0.5,1.0,"{""p_d"":0.8,""stage"":""c4-attrition"",""tau"":10000.0,""w"":0.5}",d4ab4fc6428a0b1f4ceb9e0c3f60e249d31253158385f9207158cfb8c2c16199
1,45,0,dynamic_evidence_3step,0.3315814911884892,7091.753664571803,0.33182604960340756,0.8062475744169854,8497,8498,8795,8796,200020.13174850965,200000.0,1.0001006587425483,budget_exhausted,13.906391379452167,0.928090618715249,429.05573135335,4002,5,[],1638234634,none,none,none,"[0,1,2,3,4]","[[520594.86011050467,5662879.965744384],[520667.7347539138,5662822.443784041],[520571.91917911393,5662906.536769972],[520682.0505419891,5662838.300736998],[520591.23509777116,5662956.723982938]]","[[520585.01713351544,5662882.161092503],[520675.01713351544,5662822.070045462],[520585.01713351544,5662912.206616024],[520675.01713351544,5662852.115568982],[520585.01713351544,5662942.252139544]]",1b4c81a4155d247c0780659c994bcaad89ba7496050ee134f1a379251ebddddb,none,none,5.000000000155922,1.0,none,0.0,none,stationary,matched_prior_exact,1,0,revision_C_base@2ce3a901fecb,2ce3a901fecb5ddde502d0a5eeffb8f48d73c5fd,fab97b80b871eeeac68aa1d75a33173cb368895f3e96803690e3cbc0acb1147d,c4-attrition_20260827_075624_501873_327229d1,327229d1bf70f8e05e383a7a64e8207b7bcbbc0877cfd63b067cd569f1a2c3bf,evidence,revision_B_base,revision_B_base,0.5,0.8,10000.0,5,200000.0,xlarge,45.0,80.0,5.0,0.5,1.0,"{""p_d"":0.8,""stage"":""c4-attrition"",""tau"":10000.0,""w"":0.5}",d4ab4fc6428a0b1f4ceb9e0c3f60e249d31253158385f9207158cfb8c2c16199
1,45,0,online_static_3step,0.24748094737700377,7422.364964297436,0.24774816905154196,0.8438341250906589,8784,8785,8795,8796,200004.72197657143,200000.0,1.0000236098828572,budget_exhausted,24.10770288858322,0.9585194821496836,434.8867931275163,4459,5,[],1638234634,none,none,none,"[0,1,2,3,4]","[[520594.86011050467,5662879.965744384],[520667.7347539138,5662822.443784041],[520571.91917911393,5662906.536769972],[520682.0505419891,5662838.300736998],[520591.23509777116,5662956.723982938]]","[[520585.01713351544,5662882.161092503],[520675.01713351544,5662822.070045462],[520585.01713351544,5662912.206616024],[520675.01713351544,5662852.115568982],[520585.01713351544,5662942.252139544]]",1b4c81a4155d247c0780659c994bcaad89ba7496050ee134f1a379251ebddddb,none,none,5.000000000155922,1.0,none,0.0,none,stationary,matched_prior_exact,1,0,revision_C_base@2ce3a901fecb,2ce3a901fecb5ddde502d0a5eeffb8f48d73c5fd,fab97b80b871eeeac68aa1d75a33173cb368895f3e96803690e3cbc0acb1147d,c4-attrition_20260827_075624_501873_327229d1,327229d1bf70f8e05e383a7a64e8207b7bcbbc0877cfd63b067cd569f1a2c3bf,evidence,revision_B_base,revision_B_base,0.5,0.8,10000.0,5,200000.0,xlarge,45.0,80.0,5.0,0.5,1.0,"{""p_d"":0.8,""stage"":""c4-attrition"",""tau"":10000.0,""w"":0.5}",d4ab4fc6428a0b1f4ceb9e0c3f60e249d31253158385f9207158cfb8c2c16199
1,45,0,pizza_repartition,0.32162820627724514,7063.8524780806965,0.32203328227731715,0.8030755432106295,8012,8013,8795,8796,200021.58790906973,200000.0,1.0001079395453487,budget_exhausted,10.988128441679182,0.9089926910385494,0.0,0,5,[],1638234634,none,none,none,"[0,1,2,3,4]","[[520594.86011050467,5662879.965744384],[520667.7347539138,5662822.443784041],[520571.91917911393,5662906.536769972],[520682.0505419891,5662838.300736998],[520591.23509777116,5662956.723982938]]","[[520585.01713351544,5662882.161092503],[520675.01713351544,5662822.070045462],[520585.01713351544,5662912.206616024],[520675.01713351544,5662852.115568982],[520585.01713351544,5662942.252139544]]",1b4c81a4155d247c0780659c994bcaad89ba7496050ee134f1a379251ebddddb,"{""0"":3,""1"":4,""2"":1,""3"":0,""4"":2}",1078b6655e6f2d472700d86864c096290a9f422288cc52c829b2a32149ac21ea,5.0000000008970575,1.0,none,0.0,none,stationary,matched_prior_exact,1,0,revision_C_base@2ce3a901fecb,2ce3a901fecb5ddde502d0a5eeffb8f48d73c5fd,fab97b80b871eeeac68aa1d75a33173cb368895f3e96803690e3cbc0acb1147d,c4-attrition_20260827_075624_501873_327229d1,327229d1bf70f8e05e383a7a64e8207b7bcbbc0877cfd63b067cd569f1a2c3bf,evidence,revision_B_base,revision_B_base,0.5,0.8,10000.0,5,200000.0,xlarge,45.0,80.0,5.0,0.5,1.0,"{""p_d"":0.8,""stage"":""c4-attrition"",""tau"":10000.0,""w"":0.5}",d4ab4fc6428a0b1f4ceb9e0c3f60e249d31253158385f9207158cfb8c2c16199
1,45,1,dynamic_evidence_3step,0.31897549083663007,7104.880624384768,0.31924887703869004,0.8077399527495189,8512,8513,8795,8796,160019.5779262117,160000.0,1.000122362038823,budget_exhausted,11.950475854776172,0.9163213237571343,369.9961738442071,3354,4,[0],1638234634,none,none,none,"[1,2,3,4]","[[520667.7347539138,5662822.443784041],[520571.91917911393,5662906.536769972],[520682.0505419891,5662838.300736998],[520591.23509777116,5662956.723982938]]","[[520675.01713351544,5662822.070045462],[520585.01713351544,5662912.206616024],[520675.01713351544,5662852.115568982],[520585.01713351544,5662942.252139544]]",ba68278294976cca4f68aaba6db97bf7bc0017954c0e37db028996bad2d510f1,none,none,5.000000000155922,0.9619821953671921,none,0.0014923783325335727,none,stationary,matched_prior_exact,1,0,revision_C_base@2ce3a901fecb,2ce3a901fecb5ddde502d0a5eeffb8f48d73c5fd,fab97b80b871eeeac68aa1d75a33173cb368895f3e96803690e3cbc0acb1147d,c4-attrition_20260827_075624_501873_327229d1,327229d1bf70f8e05e383a7a64e8207b7bcbbc0877cfd63b067cd569f1a2c3bf,evidence,revision_B_base,revision_B_base,0.5,0.8,10000.0,5,200000.0,xlarge,45.0,80.0,5.0,0.5,1.0,"{""p_d"":0.8,""stage"":""c4-attrition"",""tau"":10000.0,""w"":0.5}",d4ab4fc6428a0b1f4ceb9e0c3f60e249d31253158385f9207158cfb8c2c16199
1,45,1,online_static_3step,0.17925914086523714,7715.981322438567,0.17943120431444867,0.8772147933650031,8667,8668,8795,8796,160013.72854242974,160000.0,1.0000858033901858,budget_exhausted,30.592175066312997,0.9673119025426484,355.62536230590194,3639,4,[0],1638234634,none,none,none,"[1,2,3,4]","[[520667.7347539138,5662822.443784041],[520571.91917911393,5662906.536769972],[520682.0505419891,5662838.300736998],[520591.23509777116,5662956.723982938]]","[[520675.01713351544,5662822.070045462],[520585.01713351544,5662912.206616024],[520675.01713351544,5662852.115568982],[520585.01713351544,5662942.252139544]]",ba68278294976cca4f68aaba6db97bf7bc0017954c0e37db028996bad2d510f1,none,none,5.000000000155922,0.7243351165621654,none,0.03338066827434416,none,stationary,matched_prior_exact,1,0,revision_C_base@2ce3a901fecb,2ce3a901fecb5ddde502d0a5eeffb8f48d73c5fd,fab97b80b871eeeac68aa1d75a33173cb368895f3e96803690e3cbc0acb1147d,c4-attrition_20260827_075624_501873_327229d1,327229d1bf70f8e05e383a7a64e8207b7bcbbc0877cfd63b067cd569f1a2c3bf,evidence,revision_B_base,revision_B_base,0.5,0.8,10000.0,5,200000.0,xlarge,45.0,80.0,5.0,0.5,1.0,"{""p_d"":0.8,""stage"":""c4-attrition"",""tau"":10000.0,""w"":0.5}",d4ab4fc6428a0b1f4ceb9e0c3f60e249d31253158385f9207158cfb8c2c16199
1,45,1,pizza_repartition,0.2780240527882504,7312.353767361445,0.2783715294982027,0.8313271677309509,8011,8012,8795,8796,160016.9506169593,160000.0,1.0001059413559956,budget_exhausted,10.93879907621247,0.9085822864984693,0.0,0,4,[0],1638234634,none,none,none,"[1,2,3,4]","[[520667.7347539138,5662822.443784041],[520571.91917911393,5662906.536769972],[520682.0505419891,5662838.300736998],[520591.23509777116,5662956.723982938]]","[[520675.01713351544,5662822.070045462],[520585.01713351544,5662912.206616024],[520675.01713351544,5662852.115568982],[520585.01713351544,5662942.252139544]]",ba68278294976cca4f68aaba6db97bf7bc0017954c0e37db028996bad2d510f1,"{""1"":3,""2"":2,""3"":0,""4"":1}",a890cb8383c43bb45eee103097da8e1edaf9b6fbb34141b9a540470f8be27f1c,5.000000000893628,0.8644268362103548,none,0.028251624520321483,none,stationary,matched_prior_exact,1,0,revision_C_base@2ce3a901fecb,2ce3a901fecb5ddde502d0a5eeffb8f48d73c5fd,fab97b80b871eeeac68aa1d75a33173cb368895f3e96803690e3cbc0acb1147d,c4-attrition_20260827_075624_501873_327229d1,327229d1bf70f8e05e383a7a64e8207b7bcbbc0877cfd63b067cd569f1a2c3bf,evidence,revision_B_base,revision_B_base,0.5,0.8,10000.0,5,200000.0,xlarge,45.0,80.0,5.0,0.5,1.0,"{""p_d"":0.8,""stage"":""c4-attrition"",""tau"":10000.0,""w"":0.5}",d4ab4fc6428a0b1f4ceb9e0c3f60e249d31253158385f9207158cfb8c2c16199
1,45,2,dynamic_evidence_3step,0.27456352814735563,7377.709030559983,0.27481231211959256,0.8387572795088658,8501,8502,8795,8796,120010.84577428937,120000.0,1.0000903814524114,budget_exhausted,11.848810079328045,0.9156033396345306,289.42585593415424,2656,3,"[0,1]",1638234634,none,none,none,"[2,3,4]","[[520571.91917911393,5662906.536769972],[520682.0505419891,5662838.300736998],[520591.23509777116,5662956.723982938]]","[[520585.01713351544,5662912.206616024],[520675.01713351544,5662852.115568982],[520585.01713351544,5662942.252139544]]",811150c7f6d10485906e3043bce386b4b9aebf50fb9feffee1d5c25afd75c9ac,none,none,5.000000000155922,0.828042383075232,none,0.03250970509188045,none,stationary,matched_prior_exact,1,0,revision_C_base@2ce3a901fecb,2ce3a901fecb5ddde502d0a5eeffb8f48d73c5fd,fab97b80b871eeeac68aa1d75a33173cb368895f3e96803690e3cbc0acb1147d,c4-attrition_20260827_075624_501873_327229d1,327229d1bf70f8e05e383a7a64e8207b7bcbbc0877cfd63b067cd569f1a2c3bf,evidence,revision_B_base,revision_B_base,0.5,0.8,10000.0,5,200000.0,xlarge,45.0,80.0,5.0,0.5,1.0,"{""p_d"":0.8,""stage"":""c4-attrition"",""tau"":10000.0,""w"":0.5}",d4ab4fc6428a0b1f4ceb9e0c3f60e249d31253158385f9207158cfb8c2c16199
1,45,2,online_static_3step,0.1725943450349376,7782.211665358347,0.17278043559958858,0.8847443912412855,8728,8729,8795,8796,120014.49463952566,120000.0,1.0001207886627137,budget_exhausted,24.31836164766116,0.95887880875823,281.85757614439353,2868,3,"[0,1]",1638234634,none,none,none,"[2,3,4]","[[520571.91917911393,5662906.536769972],[520682.0505419891,5662838.300736998],[520591.23509777116,5662956.723982938]]","[[520585.01713351544,5662912.206616024],[520675.01713351544,5662852.115568982],[520585.01713351544,5662942.252139544]]",811150c7f6d10485906e3043bce386b4b9aebf50fb9feffee1d5c25afd75c9ac,none,none,5.000000000155922,0.6974045754399567,none,0.04091026615062654,none,stationary,matched_prior_exact,1,0,revision_C_base@2ce3a901fecb,2ce3a901fecb5ddde502d0a5eeffb8f48d73c5fd,fab97b80b871eeeac68aa1d75a33173cb368895f3e96803690e3cbc0acb1147d,c4-attrition_20260827_075624_501873_327229d1,327229d1bf70f8e05e383a7a64e8207b7bcbbc0877cfd63b067cd569f1a2c3bf,evidence,revision_B_base,revision_B_base,0.5,0.8,10000.0,5,200000.0,xlarge,45.0,80.0,5.0,0.5,1.0,"{""p_d"":0.8,""stage"":""c4-attrition"",""tau"":10000.0,""w"":0.5}",d4ab4fc6428a0b1f4ceb9e0c3f60e249d31253158385f9207158cfb8c2c16199
1,45,2,pizza_repartition,0.22650180771789255,7587.892767773728,0.2267851736150532,0.8626526566363948,8010,8011,8795,8796,120012.86124256486,120000.0,1.0001071770213739,budget_exhausted,10.882700023601604,0.9081110388202125,0.0,0,3,"[0,1]",1638234634,none,none,none,"[2,3,4]","[[520571.91917911393,5662906.536769972],[520682.0505419891,5662838.300736998],[520591.23509777116,5662956.723982938]]","[[520585.01713351544,5662912.206616024],[520675.01713351544,5662852.115568982],[520585.01713351544,5662942.252139544]]",811150c7f6d10485906e3043bce386b4b9aebf50fb9feffee1d5c25afd75c9ac,"{""2"":2,""3"":0,""4"":1}",cadcad7560eefd70dde3b983fde80032242357c8561891db27f1dadf00c66c58,5.000000000901971,0.7042349001027816,none,0.05957711342576533,none,stationary,matched_prior_exact,1,0,revision_C_base@2ce3a901fecb,2ce3a901fecb5ddde502d0a5eeffb8f48d73c5fd,fab97b80b871eeeac68aa1d75a33173cb368895f3e96803690e3cbc0acb1147d,c4-attrition_20260827_075624_501873_327229d1,327229d1bf70f8e05e383a7a64e8207b7bcbbc0877cfd63b067cd569f1a2c3bf,evidence,revision_B_base,revision_B_base,0.5,0.8,10000.0,5,200000.0,xlarge,45.0,80.0,5.0,0.5,1.0,"{""p_d"":0.8,""stage"":""c4-attrition"",""tau"":10000.0,""w"":0.5}",d4ab4fc6428a0b1f4ceb9e0c3f60e249d31253158385f9207158cfb8c2c16199
1,45,3,dynamic_evidence_3step,0.21572726256628771,7701.090565363009,0.2159554897543102,0.8755218923786958,8502,8503,8795,8796,80001.43441951915,80000.0,1.0000179302439893,budget_exhausted,11.31423321082526,0.9116157514728247,205.42505768942647,1893,2,"[0,1,3]",1638234634,none,none,none,"[2,4]","[[520571.91917911393,5662906.536769972],[520591.23509777116,5662956.723982938]]","[[520585.01713351544,5662912.206616024],[520585.01713351544,5662942.252139544]]",1a2769378fa6ab9d0f3525bbc897180981b85f4772f3e7b7ea14e61612b8be1f,none,none,5.000000000155922,0.6506010386558533,none,0.06927431796171046,none,stationary,matched_prior_exact,1,0,revision_C_base@2ce3a901fecb,2ce3a901fecb5ddde502d0a5eeffb8f48d73c5fd,fab97b80b871eeeac68aa1d75a33173cb368895f3e96803690e3cbc0acb1147d,c4-attrition_20260827_075624_501873_327229d1,327229d1bf70f8e05e383a7a64e8207b7bcbbc0877cfd63b067cd569f1a2c3bf,evidence,revision_B_base,revision_B_base,0.5,0.8,10000.0,5,200000.0,xlarge,45.0,80.0,5.0,0.5,1.0,"{""p_d"":0.8,""stage"":""c4-attrition"",""tau"":10000.0,""w"":0.5}",d4ab4fc6428a0b1f4ceb9e0c3f60e249d31253158385f9207158cfb8c2c16199
1,45,3,online_static_3step,0.08870530403405766,8130.738817227579,0.0888028499799385,0.9243677600304205,8795,8796,8795,8796,80007.09966915932,80000.0,1.0000887458644914,budget_exhausted,37.51523249599145,0.9733441609323132,206.73661413020454,2109,2,"[0,1,3]",1638234634,none,none,none,"[2,4]","[[520571.91917911393,5662906.536769972],[520591.23509777116,5662956.723982938]]","[[520585.01713351544,5662912.206616024],[520585.01713351544,5662942.252139544]]",1a2769378fa6ab9d0f3525bbc897180981b85f4772f3e7b7ea14e61612b8be1f,none,none,5.000000000155922,0.35843286109183636,none,0.08053363493976162,none,stationary,matched_prior_exact,1,0,revision_C_base@2ce3a901fecb,2ce3a901fecb5ddde502d0a5eeffb8f48d73c5fd,fab97b80b871eeeac68aa1d75a33173cb368895f3e96803690e3cbc0acb1147d,c4-attrition_20260827_075624_501873_327229d1,327229d1bf70f8e05e383a7a64e8207b7bcbbc0877cfd63b067cd569f1a2c3bf,evidence,revision_B_base,revision_B_base,0.5,0.8,10000.0,5,200000.0,xlarge,45.0,80.0,5.0,0.5,1.0,"{""p_d"":0.8,""stage"":""c4-attrition"",""tau"":10000.0,""w"":0.5}",d4ab4fc6428a0b1f4ceb9e0c3f60e249d31253158385f9207158cfb8c2c16199
1,45,3,pizza_repartition,0.17193481624997484,7898.825299678783,0.17215777825748876,0.8980019667665738,8007,8008,8795,8796,80002.50573577602,80000.0,1.0000313216972003,budget_exhausted,10.790775166608208,0.9073282517187018,0.0,0,2,"[0,1,3]",1638234634,none,none,none,"[2,4]","[[520571.91917911393,5662906.536769972],[520591.23509777116,5662956.723982938]]","[[520585.01713351544,5662912.206616024],[520585.01713351544,5662942.252139544]]",1a2769378fa6ab9d0f3525bbc897180981b85f4772f3e7b7ea14e61612b8be1f,"{""2"":1,""4"":0}",26ee3553378d22a304040a39c6c4f49214d9745efb74798d4695e6d22284c148,5.000000000892737,0.534576299262031,none,0.09492642355594438,none,stationary,matched_prior_exact,1,0,revision_C_base@2ce3a901fecb,2ce3a901fecb5ddde502d0a5eeffb8f48d73c5fd,fab97b80b871eeeac68aa1d75a33173cb368895f3e96803690e3cbc0acb1147d,c4-attrition_20260827_075624_501873_327229d1,327229d1bf70f8e05e383a7a64e8207b7bcbbc0877cfd63b067cd569f1a2c3bf,evidence,revision_B_base,revision_B_base,0.5,0.8,10000.0,5,200000.0,xlarge,45.0,80.0,5.0,0.5,1.0,"{""p_d"":0.8,""stage"":""c4-attrition"",""tau"":10000.0,""w"":0.5}",d4ab4fc6428a0b1f4ceb9e0c3f60e249d31253158385f9207158cfb8c2c16199
1,47,0,dynamic_evidence_3step,0.3773637803430731,6729.637573264462,0.37779710859181026,0.7757507289065663,8518,8519,8674,8675,200007.84238010593,200000.0,1.0000392119005297,budget_exhausted,11.437605339445831,0.9125691112499558,442.4452981813811,4063,5,[],3230704898,none,none,none,"[0,1,2,3,4]","[[520655.5473522094,5662825.507658554],[520628.5784474643,5662919.196559933],[520715.42801326327,5662900.496038994],[520688.45327700884,5663000.348420152],[520617.8247240626,5662908.713604079]]","[[520645.01713351544,5662822.070045462],[520615.01713351544,5662912.206616024],[520705.01713351544,5662912.206616024],[520675.01713351544,5663002.343186585],[520615.01713351544,5662912.206616024]]",a800830691d2167d6a15ff4497b6c4227ef9a8749ffdbfffc327a1bea4d2471f,none,none,5.000000000155922,1.0,none,0.0,none,stationary,matched_prior_exact,1,0,revision_C_base@2ce3a901fecb,2ce3a901fecb5ddde502d0a5eeffb8f48d73c5fd,fab97b80b871eeeac68aa1d75a33173cb368895f3e96803690e3cbc0acb1147d,c4-attrition_20260827_075624_501873_327229d1,327229d1bf70f8e05e383a7a64e8207b7bcbbc0877cfd63b067cd569f1a2c3bf,evidence,revision_B_base,revision_B_base,0.5,0.8,10000.0,5,200000.0,xlarge,45.0,80.0,5.0,0.5,1.0,"{""p_d"":0.8,""stage"":""c4-attrition"",""tau"":10000.0,""w"":0.5}",d4ab4fc6428a0b1f4ceb9e0c3f60e249d31253158385f9207158cfb8c2c16199
1,47,0,online_static_3step,0.2517237842927139,7196.665602370722,0.2520081579799724,0.8295868129533973,8632,8633,8674,8675,200008.67820161092,200000.0,1.0000433910080546,budget_exhausted,23.264145847400407,0.9570154001544079,411.4941468022298,4180,5,[],3230704898,none,none,none,"[0,1,2,3,4]","[[520655.5473522094,5662825.507658554],[520628.5784474643,5662919.196559933],[520715.42801326327,5662900.496038994],[520688.45327700884,5663000.348420152],[520617.8247240626,5662908.713604079]]","[[520645.01713351544,5662822.070045462],[520615.01713351544,5662912.206616024],[520705.01713351544,5662912.206616024],[520675.01713351544,5663002.343186585],[520615.01713351544,5662912.206616024]]",a800830691d2167d6a15ff4497b6c4227ef9a8749ffdbfffc327a1bea4d2471f,none,none,5.000000000155922,1.0,none,0.0,none,stationary,matched_prior_exact,1,0,revision_C_base@2ce3a901fecb,2ce3a901fecb5ddde502d0a5eeffb8f48d73c5fd,fab97b80b871eeeac68aa1d75a33173cb368895f3e96803690e3cbc0acb1147d,c4-attrition_20260827_075624_501873_327229d1,327229d1bf70f8e05e383a7a64e8207b7bcbbc0877cfd63b067cd569f1a2c3bf,evidence,revision_B_base,revision_B_base,0.5,0.8,10000.0,5,200000.0,xlarge,45.0,80.0,5.0,0.5,1.0,"{""p_d"":0.8,""stage"":""c4-attrition"",""tau"":10000.0,""w"":0.5}",d4ab4fc6428a0b1f4ceb9e0c3f60e249d31253158385f9207158cfb8c2c16199
1,47,0,pizza_repartition,0.3216151613168626,6981.193960290129,0.3220172810682968,0.8047485833187469,8011,8012,8674,8675,200004.037983838,200000.0,1.00002018991919,budget_exhausted,10.996639016018307,0.9090631238741814,0.0,0,5,[],3230704898,none,none,none,"[0,1,2,3,4]","[[520655.5473522094,5662825.507658554],[520628.5784474643,5662919.196559933],[520715.42801326327,5662900.496038994],[520688.45327700884,5663000.348420152],[520617.8247240626,5662908.713604079]]","[[520645.01713351544,5662822.070045462],[520615.01713351544,5662912.206616024],[520705.01713351544,5662912.206616024],[520675.01713351544,5663002.343186585],[520615.01713351544,5662912.206616024]]",a800830691d2167d6a15ff4497b6c4227ef9a8749ffdbfffc327a1bea4d2471f,"{""0"":4,""1"":2,""2"":0,""3"":1,""4"":3}",1fab15a6b9da3b8b758550f8d4e3533cff416828c946835dd23bd72df7c832b8,5.000000000912507,1.0,none,0.0,none,stationary,matched_prior_exact,1,0,revision_C_base@2ce3a901fecb,2ce3a901fecb5ddde502d0a5eeffb8f48d73c5fd,fab97b80b871eeeac68aa1d75a33173cb368895f3e96803690e3cbc0acb1147d,c4-attrition_20260827_075624_501873_327229d1,327229d1bf70f8e05e383a7a64e8207b7bcbbc0877cfd63b067cd569f1a2c3bf,evidence,revision_B_base,revision_B_base,0.5,0.8,10000.0,5,200000.0,xlarge,45.0,80.0,5.0,0.5,1.0,"{""p_d"":0.8,""stage"":""c4-attrition"",""tau"":10000.0,""w"":0.5}",d4ab4fc6428a0b1f4ceb9e0c3f60e249d31253158385f9207158cfb8c2c16199
1,47,1,dynamic_evidence_3step,0.2903488884312251,7101.848261533846,0.29057851744575286,0.8186568601191754,8482,8483,8674,8675,160010.7250089313,160000.0,1.0000670313058206,budget_exhausted,14.300943096322984,0.9300745417092725,376.9050106438808,3414,4,[1],3230704898,none,none,none,"[0,2,3,4]","[[520655.5473522094,5662825.507658554],[520715.42801326327,5662900.496038994],[520688.45327700884,5663000.348420152],[520617.8247240626,5662908.713604079]]","[[520645.01713351544,5662822.070045462],[520705.01713351544,5662912.206616024],[520675.01713351544,5663002.343186585],[520615.01713351544,5662912.206616024]]",7ccf2bf5d2cbbe7d012e424a8ea9e5cd3cc48f4baf602c988e406e60c55fb868,none,none,5.000000000155922,0.7694137687704419,none,0.04290613121260911,none,stationary,matched_prior_exact,1,0,revision_C_base@2ce3a901fecb,2ce3a901fecb5ddde502d0a5eeffb8f48d73c5fd,fab97b80b871eeeac68aa1d75a33173cb368895f3e96803690e3cbc0acb1147d,c4-attrition_20260827_075624_501873_327229d1,327229d1bf70f8e05e383a7a64e8207b7bcbbc0877cfd63b067cd569f1a2c3bf,evidence,revision_B_base,revision_B_base,0.5,0.8,10000.0,5,200000.0,xlarge,45.0,80.0,5.0,0.5,1.0,"{""p_d"":0.8,""stage"":""c4-attrition"",""tau"":10000.0,""w"":0.5}",d4ab4fc6428a0b1f4ceb9e0c3f60e249d31253158385f9207158cfb8c2c16199
1,47,1,online_static_3step,0.17522013866162045,7641.551582141297,0.17543752596169657,0.8808704993822821,8674,8675,8674,8675,160009.510786018,160000.0,1.0000594424126126,budget_exhausted,31.49659090909091,0.9682505321643756,353.811677856138,3566,4,[1],3230704898,none,none,none,"[0,2,3,4]","[[520655.5473522094,5662825.507658554],[520715.42801326327,5662900.496038994],[520688.45327700884,5663000.348420152],[520617.8247240626,5662908.713604079]]","[[520645.01713351544,5662822.070045462],[520705.01713351544,5662912.206616024],[520675.01713351544,5663002.343186585],[520615.01713351544,5662912.206616024]]",7ccf2bf5d2cbbe7d012e424a8ea9e5cd3cc48f4baf602c988e406e60c55fb868,none,none,5.000000000155922,0.6960809808018295,none,0.05128368642888481,none,stationary,matched_prior_exact,1,0,revision_C_base@2ce3a901fecb,2ce3a901fecb5ddde502d0a5eeffb8f48d73c5fd,fab97b80b871eeeac68aa1d75a33173cb368895f3e96803690e3cbc0acb1147d,c4-attrition_20260827_075624_501873_327229d1,327229d1bf70f8e05e383a7a64e8207b7bcbbc0877cfd63b067cd569f1a2c3bf,evidence,revision_B_base,revision_B_base,0.5,0.8,10000.0,5,200000.0,xlarge,45.0,80.0,5.0,0.5,1.0,"{""p_d"":0.8,""stage"":""c4-attrition"",""tau"":10000.0,""w"":0.5}",d4ab4fc6428a0b1f4ceb9e0c3f60e249d31253158385f9207158cfb8c2c16199
1,47,1,pizza_repartition,0.2780586198190046,7224.610891320881,0.2784294335435313,0.832808171910188,8011,8012,8674,8675,160018.2874656149,160000.0,1.000114296660093,budget_exhausted,10.93322678032321,0.9085356939819703,0.0,0,4,[1],3230704898,none,none,none,"[0,2,3,4]","[[520655.5473522094,5662825.507658554],[520715.42801326327,5662900.496038994],[520688.45327700884,5663000.348420152],[520617.8247240626,5662908.713604079]]","[[520645.01713351544,5662822.070045462],[520705.01713351544,5662912.206616024],[520675.01713351544,5663002.343186585],[520615.01713351544,5662912.206616024]]",7ccf2bf5d2cbbe7d012e424a8ea9e5cd3cc48f4baf602c988e406e60c55fb868,"{""0"":3,""2"":0,""3"":1,""4"":2}",d6f6140d67e8e953e43ac0893f843216455238a267d45761aa0447a394f7be10,5.000000000893628,0.8645693775146841,none,0.028059588591441087,none,stationary,matched_prior_exact,1,0,revision_C_base@2ce3a901fecb,2ce3a901fecb5ddde502d0a5eeffb8f48d73c5fd,fab97b80b871eeeac68aa1d75a33173cb368895f3e96803690e3cbc0acb1147d,c4-attrition_20260827_075624_501873_327229d1,327229d1bf70f8e05e383a7a64e8207b7bcbbc0877cfd63b067cd569f1a2c3bf,evidence,revision_B_base,revision_B_base,0.5,0.8,10000.0,5,200000.0,xlarge,45.0,80.0,5.0,0.5,1.0,"{""p_d"":0.8,""stage"":""c4-attrition"",""tau"":10000.0,""w"":0.5}",d4ab4fc6428a0b1f4ceb9e0c3f60e249d31253158385f9207158cfb8c2c16199
1,47,2,dynamic_evidence_3step,0.2687836704006268,7348.256345167296,0.26900863116380597,0.8470612501633771,8517,8518,8674,8675,120004.76520348551,120000.0,1.000039710029046,budget_exhausted,12.268072289156626,0.9184876012767003,287.0838949959725,2598,3,"[1,0]",3230704898,none,none,none,"[2,3,4]","[[520715.42801326327,5662900.496038994],[520688.45327700884,5663000.348420152],[520617.8247240626,5662908.713604079]]","[[520705.01713351544,5662912.206616024],[520675.01713351544,5663002.343186585],[520615.01713351544,5662912.206616024]]",3a931db3a6576e9780866fbee2e8cded6230881a6b5a382b6bbab61483c94318,none,none,5.000000000155922,0.7122667420711846,none,0.07131052125681081,none,stationary,matched_prior_exact,1,0,revision_C_base@2ce3a901fecb,2ce3a901fecb5ddde502d0a5eeffb8f48d73c5fd,fab97b80b871eeeac68aa1d75a33173cb368895f3e96803690e3cbc0acb1147d,c4-attrition_20260827_075624_501873_327229d1,327229d1bf70f8e05e383a7a64e8207b7bcbbc0877cfd63b067cd569f1a2c3bf,evidence,revision_B_base,revision_B_base,0.5,0.8,10000.0,5,200000.0,xlarge,45.0,80.0,5.0,0.5,1.0,"{""p_d"":0.8,""stage"":""c4-attrition"",""tau"":10000.0,""w"":0.5}",d4ab4fc6428a0b1f4ceb9e0c3f60e249d31253158385f9207158cfb8c2c16199
1,47,2,online_static_3step,0.1718195030087471,7662.52387581678,0.17201783638419316,0.8832880548491965,8492,8493,8674,8675,120000.79300482238,120000.0,1.0000066083735197,budget_exhausted,23.656896952779718,0.9577290292130854,265.480819580378,2656,3,"[1,0]",3230704898,none,none,none,"[2,3,4]","[[520715.42801326327,5662900.496038994],[520688.45327700884,5663000.348420152],[520617.8247240626,5662908.713604079]]","[[520705.01713351544,5662912.206616024],[520675.01713351544,5663002.343186585],[520615.01713351544,5662912.206616024]]",3a931db3a6576e9780866fbee2e8cded6230881a6b5a382b6bbab61483c94318,none,none,5.000000000155922,0.6825715873115465,none,0.05370124189579917,none,stationary,matched_prior_exact,1,0,revision_C_base@2ce3a901fecb,2ce3a901fecb5ddde502d0a5eeffb8f48d73c5fd,fab97b80b871eeeac68aa1d75a33173cb368895f3e96803690e3cbc0acb1147d,c4-attrition_20260827_075624_501873_327229d1,327229d1bf70f8e05e383a7a64e8207b7bcbbc0877cfd63b067cd569f1a2c3bf,evidence,revision_B_base,revision_B_base,0.5,0.8,10000.0,5,200000.0,xlarge,45.0,80.0,5.0,0.5,1.0,"{""p_d"":0.8,""stage"":""c4-attrition"",""tau"":10000.0,""w"":0.5}",d4ab4fc6428a0b1f4ceb9e0c3f60e249d31253158385f9207158cfb8c2c16199
1,47,2,pizza_repartition,0.22659559871819196,7493.861406615388,0.2268676443199843,0.8638456952870764,8010,8011,8674,8675,120011.6975733923,120000.0,1.0000974797782691,budget_exhausted,10.88075017692852,0.9080945721812091,0.0,0,3,"[1,0]",3230704898,none,none,none,"[2,3,4]","[[520715.42801326327,5662900.496038994],[520688.45327700884,5663000.348420152],[520617.8247240626,5662908.713604079]]","[[520705.01713351544,5662912.206616024],[520675.01713351544,5663002.343186585],[520615.01713351544,5662912.206616024]]",3a931db3a6576e9780866fbee2e8cded6230881a6b5a382b6bbab61483c94318,"{""2"":0,""3"":1,""4"":2}",52fb5d744140fda22b09a98220ec87119a3144a92f7dd71bf78b8b3a2ceaf43c,5.000000000914898,0.7045550893508556,none,0.05909711196832956,none,stationary,matched_prior_exact,1,0,revision_C_base@2ce3a901fecb,2ce3a901fecb5ddde502d0a5eeffb8f48d73c5fd,fab97b80b871eeeac68aa1d75a33173cb368895f3e96803690e3cbc0acb1147d,c4-attrition_20260827_075624_501873_327229d1,327229d1bf70f8e05e383a7a64e8207b7bcbbc0877cfd63b067cd569f1a2c3bf,evidence,revision_B_base,revision_B_base,0.5,0.8,10000.0,5,200000.0,xlarge,45.0,80.0,5.0,0.5,1.0,"{""p_d"":0.8,""stage"":""c4-attrition"",""tau"":10000.0,""w"":0.5}",d4ab4fc6428a0b1f4ceb9e0c3f60e249d31253158385f9207158cfb8c2c16199
1,47,3,dynamic_evidence_3step,0.19500874833256013,7675.75371503241,0.19519874133812729,0.8848131083610847,8507,8508,8674,8675,80005.43277186135,80000.0,1.000067909648267,budget_exhausted,13.202726387536513,0.9242580683226149,206.77420622925274,1897,2,"[1,0,4]",3230704898,none,none,none,"[2,3]","[[520715.42801326327,5662900.496038994],[520688.45327700884,5663000.348420152]]","[[520705.01713351544,5662912.206616024],[520675.01713351544,5663002.343186585]]",5531f66c1f73e1d25c81df55d53beae40ce986bf7a359a23f665ac86a5bcdc0b,none,none,5.000000000155922,0.5167659391033014,none,0.10906237945451847,none,stationary,matched_prior_exact,1,0,revision_C_base@2ce3a901fecb,2ce3a901fecb5ddde502d0a5eeffb8f48d73c5fd,fab97b80b871eeeac68aa1d75a33173cb368895f3e96803690e3cbc0acb1147d,c4-attrition_20260827_075624_501873_327229d1,327229d1bf70f8e05e383a7a64e8207b7bcbbc0877cfd63b067cd569f1a2c3bf,evidence,revision_B_base,revision_B_base,0.5,0.8,10000.0,5,200000.0,xlarge,45.0,80.0,5.0,0.5,1.0,"{""p_d"":0.8,""stage"":""c4-attrition"",""tau"":10000.0,""w"":0.5}",d4ab4fc6428a0b1f4ceb9e0c3f60e249d31253158385f9207158cfb8c2c16199
1,47,3,online_static_3step,0.0807848069411519,8081.236460558055,0.08086518867954298,0.9315546352228306,8274,8275,8674,8675,80000.7607657878,80000.0,1.0000095095723474,budget_exhausted,37.76484284051222,0.9735203452527743,221.90736152767204,2257,2,"[1,0,4]",3230704898,none,none,none,"[2,3]","[[520715.42801326327,5662900.496038994],[520688.45327700884,5663000.348420152]]","[[520705.01713351544,5662912.206616024],[520675.01713351544,5663002.343186585]]",5531f66c1f73e1d25c81df55d53beae40ce986bf7a359a23f665ac86a5bcdc0b,none,none,5.000000000155922,0.320926396240779,none,0.10196782226943324,none,stationary,matched_prior_exact,1,0,revision_C_base@2ce3a901fecb,2ce3a901fecb5ddde502d0a5eeffb8f48d73c5fd,fab97b80b871eeeac68aa1d75a33173cb368895f3e96803690e3cbc0acb1147d,c4-attrition_20260827_075624_501873_327229d1,327229d1bf70f8e05e383a7a64e8207b7bcbbc0877cfd63b067cd569f1a2c3bf,evidence,revision_B_base,revision_B_base,0.5,0.8,10000.0,5,200000.0,xlarge,45.0,80.0,5.0,0.5,1.0,"{""p_d"":0.8,""stage"":""c4-attrition"",""tau"":10000.0,""w"":0.5}",d4ab4fc6428a0b1f4ceb9e0c3f60e249d31253158385f9207158cfb8c2c16199
1,47,3,pizza_repartition,0.17207434064847255,7797.839045878622,0.17228484063811422,0.8988863453462388,8008,8009,8674,8675,80009.57121464719,80000.0,1.0001196401830899,budget_exhausted,10.784925503943908,0.9072779872578338,0.0,0,2,"[1,0,4]",3230704898,none,none,none,"[2,3]","[[520715.42801326327,5662900.496038994],[520688.45327700884,5663000.348420152]]","[[520705.01713351544,5662912.206616024],[520675.01713351544,5663002.343186585]]",5531f66c1f73e1d25c81df55d53beae40ce986bf7a359a23f665ac86a5bcdc0b,"{""2"":0,""3"":1}",280b690b0e0b54dfa8276b11f7f025c77d805bd35b4e30030a344745f5cc5dd3,5.0000000009128875,0.5350318061620888,none,0.09413776202749191,none,stationary,matched_prior_exact,1,0,revision_C_base@2ce3a901fecb,2ce3a901fecb5ddde502d0a5eeffb8f48d73c5fd,fab97b80b871eeeac68aa1d75a33173cb368895f3e96803690e3cbc0acb1147d,c4-attrition_20260827_075624_501873_327229d1,327229d1bf70f8e05e383a7a64e8207b7bcbbc0877cfd63b067cd569f1a2c3bf,evidence,revision_B_base,revision_B_base,0.5,0.8,10000.0,5,200000.0,xlarge,45.0,80.0,5.0,0.5,1.0,"{""p_d"":0.8,""stage"":""c4-attrition"",""tau"":10000.0,""w"":0.5}",d4ab4fc6428a0b1f4ceb9e0c3f60e249d31253158385f9207158cfb8c2c16199
1,51,0,dynamic_evidence_3step,0.3677198777659623,6885.848531753724,0.3681580057665478,0.7657749701683412,8502,8503,8991,8992,200002.94216147493,200000.0,1.0000147108073747,budget_exhausted,11.572620350109409,0.9135891466455525,440.1405052607879,4053,5,[],1429229625,none,none,none,"[0,1,2,3,4]","[[520711.8522611355,5662892.597864088],[520658.5627617937,5662959.366663233],[520670.5155692668,5662866.853961261],[520689.3788789926,5662831.804692118],[520598.1880891093,5662945.3050262295]]","[[520705.01713351544,5662882.161092503],[520645.01713351544,5662972.297663065],[520675.01713351544,5662852.115568982],[520675.01713351544,5662822.070045462],[520585.01713351544,5662942.252139544]]",d9588e28756852faae53baba628ced39401b5f0ffc3fe6073de431542207aa40,none,none,5.000000000155922,1.0,none,0.0,none,stationary,matched_prior_exact,1,0,revision_C_base@2ce3a901fecb,2ce3a901fecb5ddde502d0a5eeffb8f48d73c5fd,fab97b80b871eeeac68aa1d75a33173cb368895f3e96803690e3cbc0acb1147d,c4-attrition_20260827_075624_501873_327229d1,327229d1bf70f8e05e383a7a64e8207b7bcbbc0877cfd63b067cd569f1a2c3bf,evidence,revision_B_base,revision_B_base,0.5,0.8,10000.0,5,200000.0,xlarge,45.0,80.0,5.0,0.5,1.0,"{""p_d"":0.8,""stage"":""c4-attrition"",""tau"":10000.0,""w"":0.5}",d4ab4fc6428a0b1f4ceb9e0c3f60e249d31253158385f9207158cfb8c2c16199
1,51,0,online_static_3step,0.21454791839451115,7466.869499362296,0.21479223937997932,0.8303902912991877,8991,8992,8991,8992,200011.84392272966,200000.0,1.0000592196136484,budget_exhausted,30.70155635368565,0.9674283613351754,347.9684253737796,3536,5,[],1429229625,none,none,none,"[0,1,2,3,4]","[[520711.8522611355,5662892.597864088],[520658.5627617937,5662959.366663233],[520670.5155692668,5662866.853961261],[520689.3788789926,5662831.804692118],[520598.1880891093,5662945.3050262295]]","[[520705.01713351544,5662882.161092503],[520645.01713351544,5662972.297663065],[520675.01713351544,5662852.115568982],[520675.01713351544,5662822.070045462],[520585.01713351544,5662942.252139544]]",d9588e28756852faae53baba628ced39401b5f0ffc3fe6073de431542207aa40,none,none,5.000000000155922,1.0,none,0.0,none,stationary,matched_prior_exact,1,0,revision_C_base@2ce3a901fecb,2ce3a901fecb5ddde502d0a5eeffb8f48d73c5fd,fab97b80b871eeeac68aa1d75a33173cb368895f3e96803690e3cbc0acb1147d,c4-attrition_20260827_075624_501873_327229d1,327229d1bf70f8e05e383a7a64e8207b7bcbbc0877cfd63b067cd569f1a2c3bf,evidence,revision_B_base,revision_B_base,0.5,0.8,10000.0,5,200000.0,xlarge,45.0,80.0,5.0,0.5,1.0,"{""p_d"":0.8,""stage"":""c4-attrition"",""tau"":10000.0,""w"":0.5}",d4ab4fc6428a0b1f4ceb9e0c3f60e249d31253158385f9207158cfb8c2c16199
1,51,0,pizza_repartition,0.32172059748516946,7195.873914342172,0.32215984687273647,0.8002528819330706,8012,8013,8991,8992,200008.0239598262,200000.0,1.000040119799131,budget_exhausted,10.985057553442482,0.9089672498177653,0.0,0,5,[],1429229625,none,none,none,"[0,1,2,3,4]","[[520711.8522611355,5662892.597864088],[520658.5627617937,5662959.366663233],[520670.5155692668,5662866.853961261],[520689.3788789926,5662831.804692118],[520598.1880891093,5662945.3050262295]]","[[520705.01713351544,5662882.161092503],[520645.01713351544,5662972.297663065],[520675.01713351544,5662852.115568982],[520675.01713351544,5662822.070045462],[520585.01713351544,5662942.252139544]]",d9588e28756852faae53baba628ced39401b5f0ffc3fe6073de431542207aa40,"{""0"":0,""1"":1,""2"":4,""3"":3,""4"":2}",dee9e58c159c54f663182f6cd188561bada92b34466d5696ee16fab80e0aef54,5.000000000899729,1.0,none,0.0,none,stationary,matched_prior_exact,1,0,revision_C_base@2ce3a901fecb,2ce3a901fecb5ddde502d0a5eeffb8f48d73c5fd,fab97b80b871eeeac68aa1d75a33173cb368895f3e96803690e3cbc0acb1147d,c4-attrition_20260827_075624_501873_327229d1,327229d1bf70f8e05e383a7a64e8207b7bcbbc0877cfd63b067cd569f1a2c3bf,evidence,revision_B_base,revision_B_base,0.5,0.8,10000.0,5,200000.0,xlarge,45.0,80.0,5.0,0.5,1.0,"{""p_d"":0.8,""stage"":""c4-attrition"",""tau"":10000.0,""w"":0.5}",d4ab4fc6428a0b1f4ceb9e0c3f60e249d31253158385f9207158cfb8c2c16199
1,51,1,dynamic_evidence_3step,0.3252513411232292,7157.3614722747625,0.3256180682898279,0.7959699146213036,8526,8527,8991,8992,160003.82428523226,160000.0,1.0000239017827015,budget_exhausted,11.566808510638298,0.9135457287911117,382.45069383410737,3444,4,[1],1429229625,none,none,none,"[0,2,3,4]","[[520711.8522611355,5662892.597864088],[520670.5155692668,5662866.853961261],[520689.3788789926,5662831.804692118],[520598.1880891093,5662945.3050262295]]","[[520705.01713351544,5662882.161092503],[520675.01713351544,5662852.115568982],[520675.01713351544,5662822.070045462],[520585.01713351544,5662942.252139544]]",568af365b3b005bbf0d96606bcb3b9d23f4dd0e84c93edd3680ccd3ed0a7ffb1,none,none,5.000000000155922,0.8845084554559693,none,0.030194944452962447,none,stationary,matched_prior_exact,1,0,revision_C_base@2ce3a901fecb,2ce3a901fecb5ddde502d0a5eeffb8f48d73c5fd,fab97b80b871eeeac68aa1d75a33173cb368895f3e96803690e3cbc0acb1147d,c4-attrition_20260827_075624_501873_327229d1,327229d1bf70f8e05e383a7a64e8207b7bcbbc0877cfd63b067cd569f1a2c3bf,evidence,revision_B_base,revision_B_base,0.5,0.8,10000.0,5,200000.0,xlarge,45.0,80.0,5.0,0.5,1.0,"{""p_d"":0.8,""stage"":""c4-attrition"",""tau"":10000.0,""w"":0.5}",d4ab4fc6428a0b1f4ceb9e0c3f60e249d31253158385f9207158cfb8c2c16199
1,51,1,online_static_3step,0.22535125551106516,7528.108620458286,0.2255969053300617,0.8372006917769447,8879,8880,8991,8992,160009.05108380463,160000.0,1.000056569273779,budget_exhausted,21.41965230536659,0.9533139013769399,401.6053293021396,4069,4,[1],1429229625,none,none,none,"[0,2,3,4]","[[520711.8522611355,5662892.597864088],[520670.5155692668,5662866.853961261],[520689.3788789926,5662831.804692118],[520598.1880891093,5662945.3050262295]]","[[520705.01713351544,5662882.161092503],[520675.01713351544,5662852.115568982],[520675.01713351544,5662822.070045462],[520585.01713351544,5662942.252139544]]",568af365b3b005bbf0d96606bcb3b9d23f4dd0e84c93edd3680ccd3ed0a7ffb1,none,none,5.000000000155922,1.0503539591406748,none,0.006810400477756939,none,stationary,matched_prior_exact,1,0,revision_C_base@2ce3a901fecb,2ce3a901fecb5ddde502d0a5eeffb8f48d73c5fd,fab97b80b871eeeac68aa1d75a33173cb368895f3e96803690e3cbc0acb1147d,c4-attrition_20260827_075624_501873_327229d1,327229d1bf70f8e05e383a7a64e8207b7bcbbc0877cfd63b067cd569f1a2c3bf,evidence,revision_B_base,revision_B_base,0.5,0.8,10000.0,5,200000.0,xlarge,45.0,80.0,5.0,0.5,1.0,"{""p_d"":0.8,""stage"":""c4-attrition"",""tau"":10000.0,""w"":0.5}",d4ab4fc6428a0b1f4ceb9e0c3f60e249d31253158385f9207158cfb8c2c16199
1,51,1,pizza_repartition,0.2780737726593401,7453.328916314805,0.27844826984458687,0.8288844435403475,8011,8012,8991,8992,160015.2189037634,160000.0,1.0000951181485211,budget_exhausted,10.923630228221295,0.9084553413922332,0.0,0,4,[1],1429229625,none,none,none,"[0,2,3,4]","[[520711.8522611355,5662892.597864088],[520670.5155692668,5662866.853961261],[520689.3788789926,5662831.804692118],[520598.1880891093,5662945.3050262295]]","[[520705.01713351544,5662882.161092503],[520675.01713351544,5662852.115568982],[520675.01713351544,5662822.070045462],[520585.01713351544,5662942.252139544]]",568af365b3b005bbf0d96606bcb3b9d23f4dd0e84c93edd3680ccd3ed0a7ffb1,"{""0"":0,""2"":1,""3"":3,""4"":2}",5b2968a34c7d0cea5e63a43a344c10167e53378fcd20ed4d373c9885a7b24738,5.000000000913213,0.8643331351271614,none,0.028631561607276867,none,stationary,matched_prior_exact,1,0,revision_C_base@2ce3a901fecb,2ce3a901fecb5ddde502d0a5eeffb8f48d73c5fd,fab97b80b871eeeac68aa1d75a33173cb368895f3e96803690e3cbc0acb1147d,c4-attrition_20260827_075624_501873_327229d1,327229d1bf70f8e05e383a7a64e8207b7bcbbc0877cfd63b067cd569f1a2c3bf,evidence,revision_B_base,revision_B_base,0.5,0.8,10000.0,5,200000.0,xlarge,45.0,80.0,5.0,0.5,1.0,"{""p_d"":0.8,""stage"":""c4-attrition"",""tau"":10000.0,""w"":0.5}",d4ab4fc6428a0b1f4ceb9e0c3f60e249d31253158385f9207158cfb8c2c16199
1,51,2,dynamic_evidence_3step,0.2308754154839815,7769.93417679352,0.23101933535712113,0.8640941032910944,8529,8530,8991,8992,120007.07029413703,120000.0,1.0000589191178086,budget_exhausted,15.554538520213578,0.9357100823852491,297.6968556349166,2764,3,"[1,0]",1429229625,none,none,none,"[2,3,4]","[[520670.5155692668,5662866.853961261],[520689.3788789926,5662831.804692118],[520598.1880891093,5662945.3050262295]]","[[520675.01713351544,5662852.115568982],[520675.01713351544,5662822.070045462],[520585.01713351544,5662942.252139544]]",0b9271cf8b8a0549035a85b219786976c90d9a6f53fddb1245005e6b00248108,none,none,5.000000000155922,0.6278567720805227,none,0.0983191331227532,none,stationary,matched_prior_exact,1,0,revision_C_base@2ce3a901fecb,2ce3a901fecb5ddde502d0a5eeffb8f48d73c5fd,fab97b80b871eeeac68aa1d75a33173cb368895f3e96803690e3cbc0acb1147d,c4-attrition_20260827_075624_501873_327229d1,327229d1bf70f8e05e383a7a64e8207b7bcbbc0877cfd63b067cd569f1a2c3bf,evidence,revision_B_base,revision_B_base,0.5,0.8,10000.0,5,200000.0,xlarge,45.0,80.0,5.0,0.5,1.0,"{""p_d"":0.8,""stage"":""c4-attrition"",""tau"":10000.0,""w"":0.5}",d4ab4fc6428a0b1f4ceb9e0c3f60e249d31253158385f9207158cfb8c2c16199
1,51,2,online_static_3step,0.1475562430166513,7889.808060162516,0.14775266857400376,0.8774252735945859,8801,8802,8991,8992,120006.28491711475,120000.0,1.0000523743092895,budget_exhausted,30.437066974595844,0.9671453231405429,298.4984799507074,3026,3,"[1,0]",1429229625,none,none,none,"[2,3,4]","[[520670.5155692668,5662866.853961261],[520689.3788789926,5662831.804692118],[520598.1880891093,5662945.3050262295]]","[[520675.01713351544,5662852.115568982],[520675.01713351544,5662822.070045462],[520585.01713351544,5662942.252139544]]",0b9271cf8b8a0549035a85b219786976c90d9a6f53fddb1245005e6b00248108,none,none,5.000000000155922,0.6877542514550273,none,0.04703498229539815,none,stationary,matched_prior_exact,1,0,revision_C_base@2ce3a901fecb,2ce3a901fecb5ddde502d0a5eeffb8f48d73c5fd,fab97b80b871eeeac68aa1d75a33173cb368895f3e96803690e3cbc0acb1147d,c4-attrition_20260827_075624_501873_327229d1,327229d1bf70f8e05e383a7a64e8207b7bcbbc0877cfd63b067cd569f1a2c3bf,evidence,revision_B_base,revision_B_base,0.5,0.8,10000.0,5,200000.0,xlarge,45.0,80.0,5.0,0.5,1.0,"{""p_d"":0.8,""stage"":""c4-attrition"",""tau"":10000.0,""w"":0.5}",d4ab4fc6428a0b1f4ceb9e0c3f60e249d31253158385f9207158cfb8c2c16199
1,51,2,pizza_repartition,0.2263882790149524,7740.133629988743,0.226681075423704,0.8607799855414527,8010,8011,8991,8992,120013.38812734772,120000.0,1.0001115677278976,budget_exhausted,10.890685869436902,0.9081784185139017,0.0,0,3,"[1,0]",1429229625,none,none,none,"[2,3,4]","[[520670.5155692668,5662866.853961261],[520689.3788789926,5662831.804692118],[520598.1880891093,5662945.3050262295]]","[[520675.01713351544,5662852.115568982],[520675.01713351544,5662822.070045462],[520585.01713351544,5662942.252139544]]",0b9271cf8b8a0549035a85b219786976c90d9a6f53fddb1245005e6b00248108,"{""2"":0,""3"":2,""4"":1}",156c93d6d4087528d02eafe6958c3a4a4172f8b603aeb5955d303af148932261,5.000000000901971,0.7036797792388421,none,0.06052710360838209,none,stationary,matched_prior_exact,1,0,revision_C_base@2ce3a901fecb,2ce3a901fecb5ddde502d0a5eeffb8f48d73c5fd,fab97b80b871eeeac68aa1d75a33173cb368895f3e96803690e3cbc0acb1147d,c4-attrition_20260827_075624_501873_327229d1,327229d1bf70f8e05e383a7a64e8207b7bcbbc0877cfd63b067cd569f1a2c3bf,evidence,revision_B_base,revision_B_base,0.5,0.8,10000.0,5,200000.0,xlarge,45.0,80.0,5.0,0.5,1.0,"{""p_d"":0.8,""stage"":""c4-attrition"",""tau"":10000.0,""w"":0.5}",d4ab4fc6428a0b1f4ceb9e0c3f60e249d31253158385f9207158cfb8c2c16199
1,51,3,dynamic_evidence_3step,0.20804236598925263,7874.315683118468,0.20828564552843776,0.8757023668948474,8513,8514,8991,8992,80000.2547452709,80000.0,1.0000031843158863,budget_exhausted,11.848289106145252,0.9155996286855173,209.8134675368201,1931,2,"[1,0,4]",1429229625,none,none,none,"[2,3]","[[520670.5155692668,5662866.853961261],[520689.3788789926,5662831.804692118]]","[[520675.01713351544,5662852.115568982],[520675.01713351544,5662822.070045462]]",761812013f00c322eba2fd9b940d1e8ef23ddd29a4f2acdb7e450ef449e63d28,none,none,5.000000000155922,0.5657631761796205,none,0.1099273967265062,none,stationary,matched_prior_exact,1,0,revision_C_base@2ce3a901fecb,2ce3a901fecb5ddde502d0a5eeffb8f48d73c5fd,fab97b80b871eeeac68aa1d75a33173cb368895f3e96803690e3cbc0acb1147d,c4-attrition_20260827_075624_501873_327229d1,327229d1bf70f8e05e383a7a64e8207b7bcbbc0877cfd63b067cd569f1a2c3bf,evidence,revision_B_base,revision_B_base,0.5,0.8,10000.0,5,200000.0,xlarge,45.0,80.0,5.0,0.5,1.0,"{""p_d"":0.8,""stage"":""c4-attrition"",""tau"":10000.0,""w"":0.5}",d4ab4fc6428a0b1f4ceb9e0c3f60e249d31253158385f9207158cfb8c2c16199
1,51,3,online_static_3step,0.16570074236132265,8016.696173743374,0.16587214424222377,0.8915364961903218,8506,8507,8991,8992,80003.90564860591,80000.0,1.000048820607574,budget_exhausted,16.652184585174275,0.9399478191654015,185.71026544901542,1881,2,"[1,0,4]",1429229625,none,none,none,"[2,3]","[[520670.5155692668,5662866.853961261],[520689.3788789926,5662831.804692118]]","[[520675.01713351544,5662852.115568982],[520675.01713351544,5662822.070045462]]",761812013f00c322eba2fd9b940d1e8ef23ddd29a4f2acdb7e450ef449e63d28,none,none,5.000000000155922,0.772325099219242,none,0.06114620489113409,none,stationary,matched_prior_exact,1,0,revision_C_base@2ce3a901fecb,2ce3a901fecb5ddde502d0a5eeffb8f48d73c5fd,fab97b80b871eeeac68aa1d75a33173cb368895f3e96803690e3cbc0acb1147d,c4-attrition_20260827_075624_501873_327229d1,327229d1bf70f8e05e383a7a64e8207b7bcbbc0877cfd63b067cd569f1a2c3bf,evidence,revision_B_base,revision_B_base,0.5,0.8,10000.0,5,200000.0,xlarge,45.0,80.0,5.0,0.5,1.0,"{""p_d"":0.8,""stage"":""c4-attrition"",""tau"":10000.0,""w"":0.5}",d4ab4fc6428a0b1f4ceb9e0c3f60e249d31253158385f9207158cfb8c2c16199
1,51,3,pizza_repartition,0.17207156163780682,8060.75489276632,0.17231743258086366,0.8964362647649378,8008,8009,8991,8992,80003.33244863561,80000.0,1.0000416556079452,budget_exhausted,10.783385909568874,0.9072647489029741,0.0,0,2,"[1,0,4]",1429229625,none,none,none,"[2,3]","[[520670.5155692668,5662866.853961261],[520689.3788789926,5662831.804692118]]","[[520675.01713351544,5662852.115568982],[520675.01713351544,5662822.070045462]]",761812013f00c322eba2fd9b940d1e8ef23ddd29a4f2acdb7e450ef449e63d28,"{""2"":0,""3"":1}",280b690b0e0b54dfa8276b11f7f025c77d805bd35b4e30030a344745f5cc5dd3,5.0000000008764545,0.534847824425475,none,0.09618338283186711,none,stationary,matched_prior_exact,1,0,revision_C_base@2ce3a901fecb,2ce3a901fecb5ddde502d0a5eeffb8f48d73c5fd,fab97b80b871eeeac68aa1d75a33173cb368895f3e96803690e3cbc0acb1147d,c4-attrition_20260827_075624_501873_327229d1,327229d1bf70f8e05e383a7a64e8207b7bcbbc0877cfd63b067cd569f1a2c3bf,evidence,revision_B_base,revision_B_base,0.5,0.8,10000.0,5,200000.0,xlarge,45.0,80.0,5.0,0.5,1.0,"{""p_d"":0.8,""stage"":""c4-attrition"",""tau"":10000.0,""w"":0.5}",d4ab4fc6428a0b1f4ceb9e0c3f60e249d31253158385f9207158cfb8c2c16199
1,46,0,dynamic_evidence_3step,0.374802971135564,6921.563853244888,0.3752675269272688,0.7621189003793094,8514,8515,9081,9082,200018.33109351632,200000.0,1.0000916554675816,budget_exhausted,11.336831550802138,0.9117919327354524,432.3454888151027,4027,5,[],2170202023,none,none,none,"[0,1,2,3,4]","[[520683.0606025209,5662896.673861332],[520648.8717985227,5662990.272526192],[520686.69451162766,5662900.4684148645],[520599.4214516467,5662848.301367384],[520573.724335097,5662905.991302054]]","[[520675.01713351544,5662882.161092503],[520645.01713351544,5663002.343186585],[520675.01713351544,5662912.206616024],[520585.01713351544,5662852.115568982],[520585.01713351544,5662912.206616024]]",7482e6ea62a6b135ff55058c80dad20021c30ae106d60958d5d68f631031de0b,none,none,5.000000000155922,1.0,none,0.0,none,stationary,matched_prior_exact,1,0,revision_C_base@2ce3a901fecb,2ce3a901fecb5ddde502d0a5eeffb8f48d73c5fd,fab97b80b871eeeac68aa1d75a33173cb368895f3e96803690e3cbc0acb1147d,c4-attrition_20260827_075624_501873_327229d1,327229d1bf70f8e05e383a7a64e8207b7bcbbc0877cfd63b067cd569f1a2c3bf,evidence,revision_B_base,revision_B_base,0.5,0.8,10000.0,5,200000.0,xlarge,45.0,80.0,5.0,0.5,1.0,"{""p_d"":0.8,""stage"":""c4-attrition"",""tau"":10000.0,""w"":0.5}",d4ab4fc6428a0b1f4ceb9e0c3f60e249d31253158385f9207158cfb8c2c16199
1,46,0,online_static_3step,0.1767954918663161,7976.520015141986,0.17701700649446309,0.8782779140213594,8790,8791,9081,9082,200009.7638254951,200000.0,1.0000488191274755,budget_exhausted,39.51507650765077,0.9746932034964836,427.8664457742125,4444,5,[],2170202023,none,none,none,"[0,1,2,3,4]","[[520683.0606025209,5662896.673861332],[520648.8717985227,5662990.272526192],[520686.69451162766,5662900.4684148645],[520599.4214516467,5662848.301367384],[520573.724335097,5662905.991302054]]","[[520675.01713351544,5662882.161092503],[520645.01713351544,5663002.343186585],[520675.01713351544,5662912.206616024],[520585.01713351544,5662852.115568982],[520585.01713351544,5662912.206616024]]",7482e6ea62a6b135ff55058c80dad20021c30ae106d60958d5d68f631031de0b,none,none,5.000000000155922,1.0,none,0.0,none,stationary,matched_prior_exact,1,0,revision_C_base@2ce3a901fecb,2ce3a901fecb5ddde502d0a5eeffb8f48d73c5fd,fab97b80b871eeeac68aa1d75a33173cb368895f3e96803690e3cbc0acb1147d,c4-attrition_20260827_075624_501873_327229d1,327229d1bf70f8e05e383a7a64e8207b7bcbbc0877cfd63b067cd569f1a2c3bf,evidence,revision_B_base,revision_B_base,0.5,0.8,10000.0,5,200000.0,xlarge,45.0,80.0,5.0,0.5,1.0,"{""p_d"":0.8,""stage"":""c4-attrition"",""tau"":10000.0,""w"":0.5}",d4ab4fc6428a0b1f4ceb9e0c3f60e249d31253158385f9207158cfb8c2c16199
1,46,0,pizza_repartition,0.32182062604881595,7256.024568613817,0.3222195620071969,0.7989456693034372,8012,8013,9081,9082,200022.46397206202,200000.0,1.0001123198603101,budget_exhausted,10.987419585418156,0.9089868196781035,0.0,0,5,[],2170202023,none,none,none,"[0,1,2,3,4]","[[520683.0606025209,5662896.673861332],[520648.8717985227,5662990.272526192],[520686.69451162766,5662900.4684148645],[520599.4214516467,5662848.301367384],[520573.724335097,5662905.991302054]]","[[520675.01713351544,5662882.161092503],[520645.01713351544,5663002.343186585],[520675.01713351544,5662912.206616024],[520585.01713351544,5662852.115568982],[520585.01713351544,5662912.206616024]]",7482e6ea62a6b135ff55058c80dad20021c30ae106d60958d5d68f631031de0b,"{""0"":4,""1"":1,""2"":0,""3"":3,""4"":2}",ae3e30ceecc5a136930208b786b7693ee1d00ee9991c1b8fcd1d34367e9f9a56,5.000000000912507,1.0,none,0.0,none,stationary,matched_prior_exact,1,0,revision_C_base@2ce3a901fecb,2ce3a901fecb5ddde502d0a5eeffb8f48d73c5fd,fab97b80b871eeeac68aa1d75a33173cb368895f3e96803690e3cbc0acb1147d,c4-attrition_20260827_075624_501873_327229d1,327229d1bf70f8e05e383a7a64e8207b7bcbbc0877cfd63b067cd569f1a2c3bf,evidence,revision_B_base,revision_B_base,0.5,0.8,10000.0,5,200000.0,xlarge,45.0,80.0,5.0,0.5,1.0,"{""p_d"":0.8,""stage"":""c4-attrition"",""tau"":10000.0,""w"":0.5}",d4ab4fc6428a0b1f4ceb9e0c3f60e249d31253158385f9207158cfb8c2c16199
1,46,1,dynamic_evidence_3step,0.3281309581340962,7237.35333990276,0.32848886781053716,0.7968898194123277,8512,8513,9081,9082,160015.6251759411,160000.0,1.0000976573496319,budget_exhausted,11.735075272538502,0.9147853782974771,366.89842783496715,3382,4,[3],2170202023,none,none,none,"[0,1,2,4]","[[520683.0606025209,5662896.673861332],[520648.8717985227,5662990.272526192],[520686.69451162766,5662900.4684148645],[520573.724335097,5662905.991302054]]","[[520675.01713351544,5662882.161092503],[520645.01713351544,5663002.343186585],[520675.01713351544,5662912.206616024],[520585.01713351544,5662912.206616024]]",f54ee3d9e368b30a536789add60fd740049da459c884aac5cfa5886dbcc5b2a9,none,none,5.000000000155922,0.8754758724028716,none,0.03477091903301832,none,stationary,matched_prior_exact,1,0,revision_C_base@2ce3a901fecb,2ce3a901fecb5ddde502d0a5eeffb8f48d73c5fd,fab97b80b871eeeac68aa1d75a33173cb368895f3e96803690e3cbc0acb1147d,c4-attrition_20260827_075624_501873_327229d1,327229d1bf70f8e05e383a7a64e8207b7bcbbc0877cfd63b067cd569f1a2c3bf,evidence,revision_B_base,revision_B_base,0.5,0.8,10000.0,5,200000.0,xlarge,45.0,80.0,5.0,0.5,1.0,"{""p_d"":0.8,""stage"":""c4-attrition"",""tau"":10000.0,""w"":0.5}",d4ab4fc6428a0b1f4ceb9e0c3f60e249d31253158385f9207158cfb8c2c16199
1,46,1,online_static_3step,0.22916789003208388,7598.147664233279,0.22946381789874698,0.8366161268699933,8568,8569,9081,9082,160014.88704859265,160000.0,1.0000930440537041,budget_exhausted,20.916348065453434,0.9521905068288831,341.8207706089597,3441,4,[3],2170202023,none,none,none,"[0,1,2,4]","[[520683.0606025209,5662896.673861332],[520648.8717985227,5662990.272526192],[520686.69451162766,5662900.4684148645],[520573.724335097,5662905.991302054]]","[[520675.01713351544,5662882.161092503],[520645.01713351544,5663002.343186585],[520675.01713351544,5662912.206616024],[520585.01713351544,5662912.206616024]]",f54ee3d9e368b30a536789add60fd740049da459c884aac5cfa5886dbcc5b2a9,none,none,5.000000000155922,1.2962315249835055,none,-0.041661787151366036,none,stationary,matched_prior_exact,1,0,revision_C_base@2ce3a901fecb,2ce3a901fecb5ddde502d0a5eeffb8f48d73c5fd,fab97b80b871eeeac68aa1d75a33173cb368895f3e96803690e3cbc0acb1147d,c4-attrition_20260827_075624_501873_327229d1,327229d1bf70f8e05e383a7a64e8207b7bcbbc0877cfd63b067cd569f1a2c3bf,evidence,revision_B_base,revision_B_base,0.5,0.8,10000.0,5,200000.0,xlarge,45.0,80.0,5.0,0.5,1.0,"{""p_d"":0.8,""stage"":""c4-attrition"",""tau"":10000.0,""w"":0.5}",d4ab4fc6428a0b1f4ceb9e0c3f60e249d31253158385f9207158cfb8c2c16199
1,46,1,pizza_repartition,0.27814300291957905,7517.564718243443,0.2785119411733291,0.8277433074480779,8011,8012,9081,9082,160017.54481785293,160000.0,1.000109655111581,budget_exhausted,10.9306640625,0.9085142499776646,0.0,0,4,[3],2170202023,none,none,none,"[0,1,2,4]","[[520683.0606025209,5662896.673861332],[520648.8717985227,5662990.272526192],[520686.69451162766,5662900.4684148645],[520573.724335097,5662905.991302054]]","[[520675.01713351544,5662882.161092503],[520645.01713351544,5663002.343186585],[520675.01713351544,5662912.206616024],[520585.01713351544,5662912.206616024]]",f54ee3d9e368b30a536789add60fd740049da459c884aac5cfa5886dbcc5b2a9,"{""0"":3,""1"":1,""2"":0,""4"":2}",2a0ab38f6fc6bb3439c9b1f59c98ef5a9648ad3e7e333613af7d1f42c1a2c309,5.000000000902051,0.8642796030027871,none,0.028797638144640647,none,stationary,matched_prior_exact,1,0,revision_C_base@2ce3a901fecb,2ce3a901fecb5ddde502d0a5eeffb8f48d73c5fd,fab97b80b871eeeac68aa1d75a33173cb368895f3e96803690e3cbc0acb1147d,c4-attrition_20260827_075624_501873_327229d1,327229d1bf70f8e05e383a7a64e8207b7bcbbc0877cfd63b067cd569f1a2c3bf,evidence,revision_B_base,revision_B_base,0.5,0.8,10000.0,5,200000.0,xlarge,45.0,80.0,5.0,0.5,1.0,"{""p_d"":0.8,""stage"":""c4-attrition"",""tau"":10000.0,""w"":0.5}",d4ab4fc6428a0b1f4ceb9e0c3f60e249d31253158385f9207158cfb8c2c16199
1,46,2,dynamic_evidence_3step,0.26809853863345623,7646.620465584768,0.26837539216495737,0.8419533655125268,8516,8517,9081,9082,120008.42836085138,120000.0,1.0000702363404281,budget_exhausted,12.409872029250456,0.9194189917798533,293.6204433408566,2691,3,"[3,4]",2170202023,none,none,none,"[0,1,2]","[[520683.0606025209,5662896.673861332],[520648.8717985227,5662990.272526192],[520686.69451162766,5662900.4684148645]]","[[520675.01713351544,5662882.161092503],[520645.01713351544,5663002.343186585],[520675.01713351544,5662912.206616024]]",7d0fc6da630f35db981692fd0c0c5748503c335d35f5a6edae8a7b49f4f4f03c,none,none,5.000000000155922,0.715305265113511,none,0.07983446513321735,none,stationary,matched_prior_exact,1,0,revision_C_base@2ce3a901fecb,2ce3a901fecb5ddde502d0a5eeffb8f48d73c5fd,fab97b80b871eeeac68aa1d75a33173cb368895f3e96803690e3cbc0acb1147d,c4-attrition_20260827_075624_501873_327229d1,327229d1bf70f8e05e383a7a64e8207b7bcbbc0877cfd63b067cd569f1a2c3bf,evidence,revision_B_base,revision_B_base,0.5,0.8,10000.0,5,200000.0,xlarge,45.0,80.0,5.0,0.5,1.0,"{""p_d"":0.8,""stage"":""c4-attrition"",""tau"":10000.0,""w"":0.5}",d4ab4fc6428a0b1f4ceb9e0c3f60e249d31253158385f9207158cfb8c2c16199
1,46,2,online_static_3step,0.12157580365987794,8123.520249866176,0.12171617241382181,0.8944638020112503,8865,8866,9081,9082,120009.03979274962,120000.0,1.000075331606247,budget_exhausted,39.50687988099665,0.9746879530093944,306.4264607138466,3105,3,"[3,4]",2170202023,none,none,none,"[0,1,2]","[[520683.0606025209,5662896.673861332],[520648.8717985227,5662990.272526192],[520686.69451162766,5662900.4684148645]]","[[520675.01713351544,5662882.161092503],[520645.01713351544,5663002.343186585],[520675.01713351544,5662912.206616024]]",7d0fc6da630f35db981692fd0c0c5748503c335d35f5a6edae8a7b49f4f4f03c,none,none,5.000000000155922,0.6876634826854492,none,0.016185887989890957,none,stationary,matched_prior_exact,1,0,revision_C_base@2ce3a901fecb,2ce3a901fecb5ddde502d0a5eeffb8f48d73c5fd,fab97b80b871eeeac68aa1d75a33173cb368895f3e96803690e3cbc0acb1147d,c4-attrition_20260827_075624_501873_327229d1,327229d1bf70f8e05e383a7a64e8207b7bcbbc0877cfd63b067cd569f1a2c3bf,evidence,revision_B_base,revision_B_base,0.5,0.8,10000.0,5,200000.0,xlarge,45.0,80.0,5.0,0.5,1.0,"{""p_d"":0.8,""stage"":""c4-attrition"",""tau"":10000.0,""w"":0.5}",d4ab4fc6428a0b1f4ceb9e0c3f60e249d31253158385f9207158cfb8c2c16199
1,46,2,pizza_repartition,0.22663623350669931,7807.8087098219485,0.2269185539952388,0.8597014655166206,8010,8011,9081,9082,120012.0579473535,120000.0,1.0001004828946125,budget_exhausted,10.87454309633298,0.9080421134808678,0.0,0,3,"[3,4]",2170202023,none,none,none,"[0,1,2]","[[520683.0606025209,5662896.673861332],[520648.8717985227,5662990.272526192],[520686.69451162766,5662900.4684148645]]","[[520675.01713351544,5662882.161092503],[520645.01713351544,5663002.343186585],[520675.01713351544,5662912.206616024]]",7d0fc6da630f35db981692fd0c0c5748503c335d35f5a6edae8a7b49f4f4f03c,"{""0"":2,""1"":1,""2"":0}",3b76330b57ba40fc3467ebad36c02e0668dd2726072a6e6f74af25c61a12092e,5.000000000914898,0.7042315350922274,none,0.06075579621318339,none,stationary,matched_prior_exact,1,0,revision_C_base@2ce3a901fecb,2ce3a901fecb5ddde502d0a5eeffb8f48d73c5fd,fab97b80b871eeeac68aa1d75a33173cb368895f3e96803690e3cbc0acb1147d,c4-attrition_20260827_075624_501873_327229d1,327229d1bf70f8e05e383a7a64e8207b7bcbbc0877cfd63b067cd569f1a2c3bf,evidence,revision_B_base,revision_B_base,0.5,0.8,10000.0,5,200000.0,xlarge,45.0,80.0,5.0,0.5,1.0,"{""p_d"":0.8,""stage"":""c4-attrition"",""tau"":10000.0,""w"":0.5}",d4ab4fc6428a0b1f4ceb9e0c3f60e249d31253158385f9207158cfb8c2c16199
1,46,3,dynamic_evidence_3step,0.2038541374994166,7941.970976408203,0.20406485380543993,0.8744737917207887,8524,8525,9081,9082,80003.92595905524,80000.0,1.0000490744881905,budget_exhausted,12.502299061982711,0.9200147112909158,208.26096184155904,1914,2,"[3,4,2]",2170202023,none,none,none,"[0,1]","[[520683.0606025209,5662896.673861332],[520648.8717985227,5662990.272526192]]","[[520675.01713351544,5662882.161092503],[520645.01713351544,5663002.343186585]]",b9664d21d4b105a37aec2cd251045f7b3d2eab306eebc2d756af2d2b30ab6660,none,none,5.000000000155922,0.5438968023166598,none,0.11235489134147925,none,stationary,matched_prior_exact,1,0,revision_C_base@2ce3a901fecb,2ce3a901fecb5ddde502d0a5eeffb8f48d73c5fd,fab97b80b871eeeac68aa1d75a33173cb368895f3e96803690e3cbc0acb1147d,c4-attrition_20260827_075624_501873_327229d1,327229d1bf70f8e05e383a7a64e8207b7bcbbc0877cfd63b067cd569f1a2c3bf,evidence,revision_B_base,revision_B_base,0.5,0.8,10000.0,5,200000.0,xlarge,45.0,80.0,5.0,0.5,1.0,"{""p_d"":0.8,""stage"":""c4-attrition"",""tau"":10000.0,""w"":0.5}",d4ab4fc6428a0b1f4ceb9e0c3f60e249d31253158385f9207158cfb8c2c16199
1,46,3,online_static_3step,0.08415342238692386,8428.513396560773,0.0842446329986387,0.928045958661173,9081,9082,9081,9082,80002.26807033698,80000.0,1.0000283508792123,budget_exhausted,41.10997732426304,0.9756750048263879,235.94383377069607,2439,2,"[3,4,2]",2170202023,none,none,none,"[0,1]","[[520683.0606025209,5662896.673861332],[520648.8717985227,5662990.272526192]]","[[520675.01713351544,5662882.161092503],[520645.01713351544,5663002.343186585]]",b9664d21d4b105a37aec2cd251045f7b3d2eab306eebc2d756af2d2b30ab6660,none,none,5.000000000155922,0.4759930329589878,none,0.04976804463981366,none,stationary,matched_prior_exact,1,0,revision_C_base@2ce3a901fecb,2ce3a901fecb5ddde502d0a5eeffb8f48d73c5fd,fab97b80b871eeeac68aa1d75a33173cb368895f3e96803690e3cbc0acb1147d,c4-attrition_20260827_075624_501873_327229d1,327229d1bf70f8e05e383a7a64e8207b7bcbbc0877cfd63b067cd569f1a2c3bf,evidence,revision_B_base,revision_B_base,0.5,0.8,10000.0,5,200000.0,xlarge,45.0,80.0,5.0,0.5,1.0,"{""p_d"":0.8,""stage"":""c4-attrition"",""tau"":10000.0,""w"":0.5}",d4ab4fc6428a0b1f4ceb9e0c3f60e249d31253158385f9207158cfb8c2c16199
1,46,3,pizza_repartition,0.17207194871541417,8135.029591282147,0.17225564900712168,0.8957310714910974,8008,8009,9081,9082,80005.11069409977,80000.0,1.0000638836762472,budget_exhausted,10.78478794251665,0.9072768045760343,0.0,0,2,"[3,4,2]",2170202023,none,none,none,"[0,1]","[[520683.0606025209,5662896.673861332],[520648.8717985227,5662990.272526192]]","[[520675.01713351544,5662882.161092503],[520645.01713351544,5663002.343186585]]",b9664d21d4b105a37aec2cd251045f7b3d2eab306eebc2d756af2d2b30ab6660,"{""0"":0,""1"":1}",2f2bc0b30bed735fa9b98a729955d57b7b5a11eaa018f065423e464ab5a4dde1,5.00000000087634,0.5346827853392875,none,0.09678540218766019,none,stationary,matched_prior_exact,1,0,revision_C_base@2ce3a901fecb,2ce3a901fecb5ddde502d0a5eeffb8f48d73c5fd,fab97b80b871eeeac68aa1d75a33173cb368895f3e96803690e3cbc0acb1147d,c4-attrition_20260827_075624_501873_327229d1,327229d1bf70f8e05e383a7a64e8207b7bcbbc0877cfd63b067cd569f1a2c3bf,evidence,revision_B_base,revision_B_base,0.5,0.8,10000.0,5,200000.0,xlarge,45.0,80.0,5.0,0.5,1.0,"{""p_d"":0.8,""stage"":""c4-attrition"",""tau"":10000.0,""w"":0.5}",d4ab4fc6428a0b1f4ceb9e0c3f60e249d31253158385f9207158cfb8c2c16199
1,44,0,dynamic_evidence_3step,0.3613313343116582,6904.017836789002,0.3617014861465743,0.7761683908700396,8514,8515,8894,8895,200019.76716977332,200000.0,1.0000988358488665,budget_exhausted,11.863000279876854,0.9157042926403454,426.689265091205,3942,5,[],2798862237,none,none,none,"[0,1,2,3,4]","[[520696.4868621241,5662947.577361604],[520578.32640263636,5662967.147165437],[520708.48603658227,5662991.097060128],[520690.22232444835,5662961.878196735],[520625.57199829567,5662841.645476752]]","[[520705.01713351544,5662942.252139544],[520585.01713351544,5662972.297663065],[520705.01713351544,5663002.343186585],[520705.01713351544,5662972.297663065],[520615.01713351544,5662852.115568982]]",3b959359867fcb2b45b92315bf9568b79d943432b1b3c27e35f71a092ea0c61e,none,none,5.000000000155922,1.0,none,0.0,none,stationary,matched_prior_exact,1,0,revision_C_base@2ce3a901fecb,2ce3a901fecb5ddde502d0a5eeffb8f48d73c5fd,fab97b80b871eeeac68aa1d75a33173cb368895f3e96803690e3cbc0acb1147d,c4-attrition_20260827_075624_501873_327229d1,327229d1bf70f8e05e383a7a64e8207b7bcbbc0877cfd63b067cd569f1a2c3bf,evidence,revision_B_base,revision_B_base,0.5,0.8,10000.0,5,200000.0,xlarge,45.0,80.0,5.0,0.5,1.0,"{""p_d"":0.8,""stage"":""c4-attrition"",""tau"":10000.0,""w"":0.5}",d4ab4fc6428a0b1f4ceb9e0c3f60e249d31253158385f9207158cfb8c2c16199
1,44,0,online_static_3step,0.26026157173798364,7356.391111627143,0.26052061481720196,0.8270254200817474,8894,8895,8894,8895,200010.51521724148,200000.0,1.0000525760862073,budget_exhausted,22.2508780732564,0.9550579533667073,468.2211248520762,4825,5,[],2798862237,none,none,none,"[0,1,2,3,4]","[[520696.4868621241,5662947.577361604],[520578.32640263636,5662967.147165437],[520708.48603658227,5662991.097060128],[520690.22232444835,5662961.878196735],[520625.57199829567,5662841.645476752]]","[[520705.01713351544,5662942.252139544],[520585.01713351544,5662972.297663065],[520705.01713351544,5663002.343186585],[520705.01713351544,5662972.297663065],[520615.01713351544,5662852.115568982]]",3b959359867fcb2b45b92315bf9568b79d943432b1b3c27e35f71a092ea0c61e,none,none,5.000000000155922,1.0,none,0.0,none,stationary,matched_prior_exact,1,0,revision_C_base@2ce3a901fecb,2ce3a901fecb5ddde502d0a5eeffb8f48d73c5fd,fab97b80b871eeeac68aa1d75a33173cb368895f3e96803690e3cbc0acb1147d,c4-attrition_20260827_075624_501873_327229d1,327229d1bf70f8e05e383a7a64e8207b7bcbbc0877cfd63b067cd569f1a2c3bf,evidence,revision_B_base,revision_B_base,0.5,0.8,10000.0,5,200000.0,xlarge,45.0,80.0,5.0,0.5,1.0,"{""p_d"":0.8,""stage"":""c4-attrition"",""tau"":10000.0,""w"":0.5}",d4ab4fc6428a0b1f4ceb9e0c3f60e249d31253158385f9207158cfb8c2c16199
1,44,0,pizza_repartition,0.3217013612234914,7130.804991532677,0.3220981178338247,0.8016644172605596,8011,8012,8894,8895,200006.8951559725,200000.0,1.0000344757798625,budget_exhausted,10.99456482872059,0.9090459681143771,0.0,0,5,[],2798862237,none,none,none,"[0,1,2,3,4]","[[520696.4868621241,5662947.577361604],[520578.32640263636,5662967.147165437],[520708.48603658227,5662991.097060128],[520690.22232444835,5662961.878196735],[520625.57199829567,5662841.645476752]]","[[520705.01713351544,5662942.252139544],[520585.01713351544,5662972.297663065],[520705.01713351544,5663002.343186585],[520705.01713351544,5662972.297663065],[520615.01713351544,5662852.115568982]]",3b959359867fcb2b45b92315bf9568b79d943432b1b3c27e35f71a092ea0c61e,"{""0"":4,""1"":2,""2"":1,""3"":0,""4"":3}",13a02d093eca8ead5aedbcb0dc00c470fe1dd7de60ea5776378352dd45e07b1b,5.00000000090993,1.0,none,0.0,none,stationary,matched_prior_exact,1,0,revision_C_base@2ce3a901fecb,2ce3a901fecb5ddde502d0a5eeffb8f48d73c5fd,fab97b80b871eeeac68aa1d75a33173cb368895f3e96803690e3cbc0acb1147d,c4-attrition_20260827_075624_501873_327229d1,327229d1bf70f8e05e383a7a64e8207b7bcbbc0877cfd63b067cd569f1a2c3bf,evidence,revision_B_base,revision_B_base,0.5,0.8,10000.0,5,200000.0,xlarge,45.0,80.0,5.0,0.5,1.0,"{""p_d"":0.8,""stage"":""c4-attrition"",""tau"":10000.0,""w"":0.5}",d4ab4fc6428a0b1f4ceb9e0c3f60e249d31253158385f9207158cfb8c2c16199
1,44,1,dynamic_evidence_3step,0.2882170158320028,7275.23590437818,0.2884124927291818,0.8179017318019314,8499,8500,8894,8895,160017.5709024018,160000.0,1.0001098181400114,budget_exhausted,14.405511811023622,0.9305821262640066,359.29840313410386,3361,4,[4],2798862237,none,none,none,"[0,1,2,3]","[[520696.4868621241,5662947.577361604],[520578.32640263636,5662967.147165437],[520708.48603658227,5662991.097060128],[520690.22232444835,5662961.878196735]]","[[520705.01713351544,5662942.252139544],[520585.01713351544,5662972.297663065],[520705.01713351544,5663002.343186585],[520705.01713351544,5662972.297663065]]",4451ae8f03c66c4fb47da1ae587a991fc4d2cb32dc6ac9f3e381d1d2c991162a,none,none,5.000000000155922,0.7976529806944662,none,0.04173334093189174,none,stationary,matched_prior_exact,1,0,revision_C_base@2ce3a901fecb,2ce3a901fecb5ddde502d0a5eeffb8f48d73c5fd,fab97b80b871eeeac68aa1d75a33173cb368895f3e96803690e3cbc0acb1147d,c4-attrition_20260827_075624_501873_327229d1,327229d1bf70f8e05e383a7a64e8207b7bcbbc0877cfd63b067cd569f1a2c3bf,evidence,revision_B_base,revision_B_base,0.5,0.8,10000.0,5,200000.0,xlarge,45.0,80.0,5.0,0.5,1.0,"{""p_d"":0.8,""stage"":""c4-attrition"",""tau"":10000.0,""w"":0.5}",d4ab4fc6428a0b1f4ceb9e0c3f60e249d31253158385f9207158cfb8c2c16199
1,44,1,online_static_3step,0.17911855671543483,7811.187053245347,0.17929576562411442,0.8781548120568125,8835,8836,8894,8895,160006.3336237346,160000.0,1.0000395851483412,budget_exhausted,30.918237615081104,0.967656629965473,379.0970355665777,3887,4,[4],2798862237,none,none,none,"[0,1,2,3]","[[520696.4868621241,5662947.577361604],[520578.32640263636,5662967.147165437],[520708.48603658227,5662991.097060128],[520690.22232444835,5662961.878196735]]","[[520705.01713351544,5662942.252139544],[520585.01713351544,5662972.297663065],[520705.01713351544,5663002.343186585],[520705.01713351544,5662972.297663065]]",4451ae8f03c66c4fb47da1ae587a991fc4d2cb32dc6ac9f3e381d1d2c991162a,none,none,5.000000000155922,0.6882251402668124,none,0.05112939197506505,none,stationary,matched_prior_exact,1,0,revision_C_base@2ce3a901fecb,2ce3a901fecb5ddde502d0a5eeffb8f48d73c5fd,fab97b80b871eeeac68aa1d75a33173cb368895f3e96803690e3cbc0acb1147d,c4-attrition_20260827_075624_501873_327229d1,327229d1bf70f8e05e383a7a64e8207b7bcbbc0877cfd63b067cd569f1a2c3bf,evidence,revision_B_base,revision_B_base,0.5,0.8,10000.0,5,200000.0,xlarge,45.0,80.0,5.0,0.5,1.0,"{""p_d"":0.8,""stage"":""c4-attrition"",""tau"":10000.0,""w"":0.5}",d4ab4fc6428a0b1f4ceb9e0c3f60e249d31253158385f9207158cfb8c2c16199
1,44,1,pizza_repartition,0.27807785393444273,7383.992876618249,0.27845141573531074,0.830128485285919,8010,8011,8894,8895,160003.80989509102,160000.0,1.000023811844319,budget_exhausted,10.936039797459358,0.9085592208404071,0.0,0,4,[4],2798862237,none,none,none,"[0,1,2,3]","[[520696.4868621241,5662947.577361604],[520578.32640263636,5662967.147165437],[520708.48603658227,5662991.097060128],[520690.22232444835,5662961.878196735]]","[[520705.01713351544,5662942.252139544],[520585.01713351544,5662972.297663065],[520705.01713351544,5663002.343186585],[520705.01713351544,5662972.297663065]]",4451ae8f03c66c4fb47da1ae587a991fc4d2cb32dc6ac9f3e381d1d2c991162a,"{""0"":3,""1"":2,""2"":1,""3"":0}",c0c33a67eeae07ea74b720ce6a36220a53d9fc592d92f7f044082031613535bb,5.000000000902051,0.8643975048065069,none,0.02846406802535939,none,stationary,matched_prior_exact,1,0,revision_C_base@2ce3a901fecb,2ce3a901fecb5ddde502d0a5eeffb8f48d73c5fd,fab97b80b871eeeac68aa1d75a33173cb368895f3e96803690e3cbc0acb1147d,c4-attrition_20260827_075624_501873_327229d1,327229d1bf70f8e05e383a7a64e8207b7bcbbc0877cfd63b067cd569f1a2c3bf,evidence,revision_B_base,revision_B_base,0.5,0.8,10000.0,5,200000.0,xlarge,45.0,80.0,5.0,0.5,1.0,"{""p_d"":0.8,""stage"":""c4-attrition"",""tau"":10000.0,""w"":0.5}",d4ab4fc6428a0b1f4ceb9e0c3f60e249d31253158385f9207158cfb8c2c16199
1,44,2,dynamic_evidence_3step,0.23564875267934815,7714.813137131752,0.23585044560808532,0.8673201952930581,8497,8498,8894,8895,120011.94274523114,120000.0,1.000099522876926,budget_exhausted,15.076032076032076,0.9336695494572606,303.846371460706,2821,3,"[4,1]",2798862237,none,none,none,"[0,2,3]","[[520696.4868621241,5662947.577361604],[520708.48603658227,5662991.097060128],[520690.22232444835,5662961.878196735]]","[[520705.01713351544,5662942.252139544],[520705.01713351544,5663002.343186585],[520705.01713351544,5662972.297663065]]",9fe857adedb076d43f3bfab0da54b8e83de95cd30f11723a748a77202273ae83,none,none,5.000000000155922,0.6521680527050406,none,0.09115180442301851,none,stationary,matched_prior_exact,1,0,revision_C_base@2ce3a901fecb,2ce3a901fecb5ddde502d0a5eeffb8f48d73c5fd,fab97b80b871eeeac68aa1d75a33173cb368895f3e96803690e3cbc0acb1147d,c4-attrition_20260827_075624_501873_327229d1,327229d1bf70f8e05e383a7a64e8207b7bcbbc0877cfd63b067cd569f1a2c3bf,evidence,revision_B_base,revision_B_base,0.5,0.8,10000.0,5,200000.0,xlarge,45.0,80.0,5.0,0.5,1.0,"{""p_d"":0.8,""stage"":""c4-attrition"",""tau"":10000.0,""w"":0.5}",d4ab4fc6428a0b1f4ceb9e0c3f60e249d31253158385f9207158cfb8c2c16199
1,44,2,online_static_3step,0.1770006763399628,7817.204257414358,0.17719439837055292,0.8788312824524293,8692,8693,8894,8895,120003.70076813475,120000.0,1.0000308397344562,budget_exhausted,23.138153503893214,0.9567813395381036,281.09097706945613,2896,3,"[4,1]",2798862237,none,none,none,"[0,2,3]","[[520696.4868621241,5662947.577361604],[520708.48603658227,5662991.097060128],[520690.22232444835,5662961.878196735]]","[[520705.01713351544,5662942.252139544],[520705.01713351544,5663002.343186585],[520705.01713351544,5662972.297663065]]",9fe857adedb076d43f3bfab0da54b8e83de95cd30f11723a748a77202273ae83,none,none,5.000000000155922,0.6800876332144681,none,0.051805862370681854,none,stationary,matched_prior_exact,1,0,revision_C_base@2ce3a901fecb,2ce3a901fecb5ddde502d0a5eeffb8f48d73c5fd,fab97b80b871eeeac68aa1d75a33173cb368895f3e96803690e3cbc0acb1147d,c4-attrition_20260827_075624_501873_327229d1,327229d1bf70f8e05e383a7a64e8207b7bcbbc0877cfd63b067cd569f1a2c3bf,evidence,revision_B_base,revision_B_base,0.5,0.8,10000.0,5,200000.0,xlarge,45.0,80.0,5.0,0.5,1.0,"{""p_d"":0.8,""stage"":""c4-attrition"",""tau"":10000.0,""w"":0.5}",d4ab4fc6428a0b1f4ceb9e0c3f60e249d31253158385f9207158cfb8c2c16199
1,44,2,pizza_repartition,0.22647153743428786,7664.76854336567,0.22675204597638388,0.8616940464716886,8010,8011,8894,8895,120007.6489563417,120000.0,1.0000637413028475,budget_exhausted,10.891158068704993,0.9081823995490955,0.0,0,3,"[4,1]",2798862237,none,none,none,"[0,2,3]","[[520696.4868621241,5662947.577361604],[520708.48603658227,5662991.097060128],[520690.22232444835,5662961.878196735]]","[[520705.01713351544,5662942.252139544],[520705.01713351544,5663002.343186585],[520705.01713351544,5662972.297663065]]",9fe857adedb076d43f3bfab0da54b8e83de95cd30f11723a748a77202273ae83,"{""0"":0,""2"":1,""3"":2}",02b990f496345e4b471c924f489de76deeec2d87ba261b3da6caa212b9aeaead,5.000000000900504,0.7039806626026498,none,0.060029629211128976,none,stationary,matched_prior_exact,1,0,revision_C_base@2ce3a901fecb,2ce3a901fecb5ddde502d0a5eeffb8f48d73c5fd,fab97b80b871eeeac68aa1d75a33173cb368895f3e96803690e3cbc0acb1147d,c4-attrition_20260827_075624_501873_327229d1,327229d1bf70f8e05e383a7a64e8207b7bcbbc0877cfd63b067cd569f1a2c3bf,evidence,revision_B_base,revision_B_base,0.5,0.8,10000.0,5,200000.0,xlarge,45.0,80.0,5.0,0.5,1.0,"{""p_d"":0.8,""stage"":""c4-attrition"",""tau"":10000.0,""w"":0.5}",d4ab4fc6428a0b1f4ceb9e0c3f60e249d31253158385f9207158cfb8c2c16199
1,44,3,dynamic_evidence_3step,0.21926519830222088,7755.35613438066,0.21952161400151138,0.871878148890462,8502,8503,8894,8895,80005.54019212066,80000.0,1.0000692524015082,budget_exhausted,11.096753033781567,0.9098835490926287,210.82573991268873,1931,2,"[4,1,3]",2798862237,none,none,none,"[0,2]","[[520696.4868621241,5662947.577361604],[520708.48603658227,5662991.097060128]]","[[520705.01713351544,5662942.252139544],[520705.01713351544,5663002.343186585]]",f1f6161a010414ab110edec944579b7392997e92f387bdaf414be7fe0f287b9c,none,none,5.000000000155922,0.6068258616981682,none,0.09570975802042236,none,stationary,matched_prior_exact,1,0,revision_C_base@2ce3a901fecb,2ce3a901fecb5ddde502d0a5eeffb8f48d73c5fd,fab97b80b871eeeac68aa1d75a33173cb368895f3e96803690e3cbc0acb1147d,c4-attrition_20260827_075624_501873_327229d1,327229d1bf70f8e05e383a7a64e8207b7bcbbc0877cfd63b067cd569f1a2c3bf,evidence,revision_B_base,revision_B_base,0.5,0.8,10000.0,5,200000.0,xlarge,45.0,80.0,5.0,0.5,1.0,"{""p_d"":0.8,""stage"":""c4-attrition"",""tau"":10000.0,""w"":0.5}",d4ab4fc6428a0b1f4ceb9e0c3f60e249d31253158385f9207158cfb8c2c16199
1,44,3,online_static_3step,0.16865098232035408,7922.177086238973,0.16881908455377112,0.8906326122809414,8490,8491,8894,8895,80004.26988840915,80000.0,1.0000533736051145,budget_exhausted,16.290050590219224,0.9386128364389233,182.52389037795365,1891,2,"[4,1,3]",2798862237,none,none,none,"[0,2]","[[520696.4868621241,5662947.577361604],[520708.48603658227,5662991.097060128]]","[[520705.01713351544,5662942.252139544],[520705.01713351544,5663002.343186585]]",f1f6161a010414ab110edec944579b7392997e92f387bdaf414be7fe0f287b9c,none,none,5.000000000155922,0.6480057013186034,none,0.06360719219919397,none,stationary,matched_prior_exact,1,0,revision_C_base@2ce3a901fecb,2ce3a901fecb5ddde502d0a5eeffb8f48d73c5fd,fab97b80b871eeeac68aa1d75a33173cb368895f3e96803690e3cbc0acb1147d,c4-attrition_20260827_075624_501873_327229d1,327229d1bf70f8e05e383a7a64e8207b7bcbbc0877cfd63b067cd569f1a2c3bf,evidence,revision_B_base,revision_B_base,0.5,0.8,10000.0,5,200000.0,xlarge,45.0,80.0,5.0,0.5,1.0,"{""p_d"":0.8,""stage"":""c4-attrition"",""tau"":10000.0,""w"":0.5}",d4ab4fc6428a0b1f4ceb9e0c3f60e249d31253158385f9207158cfb8c2c16199
1,44,3,pizza_repartition,0.1720430877347435,7980.766316314461,0.17222426120400192,0.8972193722669433,8008,8009,8894,8895,80009.28824276633,80000.0,1.000116103034579,budget_exhausted,10.789971949509116,0.907321353134241,0.0,0,2,"[4,1,3]",2798862237,none,none,none,"[0,2]","[[520696.4868621241,5662947.577361604],[520708.48603658227,5662991.097060128]]","[[520705.01713351544,5662942.252139544],[520705.01713351544,5663002.343186585]]",f1f6161a010414ab110edec944579b7392997e92f387bdaf414be7fe0f287b9c,"{""0"":0,""2"":1}",7f56b65c731fa8115c5e8dae88796506d35c94d4257153f02b0b122cf9d20f9c,5.000000000859175,0.5347912955059654,none,0.09555495500638367,none,stationary,matched_prior_exact,1,0,revision_C_base@2ce3a901fecb,2ce3a901fecb5ddde502d0a5eeffb8f48d73c5fd,fab97b80b871eeeac68aa1d75a33173cb368895f3e96803690e3cbc0acb1147d,c4-attrition_20260827_075624_501873_327229d1,327229d1bf70f8e05e383a7a64e8207b7bcbbc0877cfd63b067cd569f1a2c3bf,evidence,revision_B_base,revision_B_base,0.5,0.8,10000.0,5,200000.0,xlarge,45.0,80.0,5.0,0.5,1.0,"{""p_d"":0.8,""stage"":""c4-attrition"",""tau"":10000.0,""w"":0.5}",d4ab4fc6428a0b1f4ceb9e0c3f60e249d31253158385f9207158cfb8c2c16199
1,43,0,dynamic_evidence_3step,0.3458148849355229,7081.423473367679,0.34614181514575104,0.7933479132161864,8509,8510,8925,8926,200010.7482981608,200000.0,1.000053741490804,budget_exhausted,12.723715830579753,0.9214066068972844,437.1196139373351,4042,5,[],143461485,none,none,none,"[0,1,2,3,4]","[[520647.9649749217,5662895.104022372],[520750.9011834474,5662923.705106928],[520619.5439127976,5662887.529284183],[520660.59539358615,5662860.8589034155],[520601.16985800257,5662944.568816733]]","[[520645.01713351544,5662882.161092503],[520765.01713351544,5662912.206616024],[520615.01713351544,5662882.161092503],[520675.01713351544,5662852.115568982],[520615.01713351544,5662942.252139544]]",de6506683a628b61ccaed496db2f3af4d1a2f6b066f9ddd6ec3d9f87199cb9de,none,none,5.000000000155922,1.0,none,0.0,none,stationary,matched_prior_exact,1,0,revision_C_base@2ce3a901fecb,2ce3a901fecb5ddde502d0a5eeffb8f48d73c5fd,fab97b80b871eeeac68aa1d75a33173cb368895f3e96803690e3cbc0acb1147d,c4-attrition_20260827_075624_501873_327229d1,327229d1bf70f8e05e383a7a64e8207b7bcbbc0877cfd63b067cd569f1a2c3bf,evidence,revision_B_base,revision_B_base,0.5,0.8,10000.0,5,200000.0,xlarge,45.0,80.0,5.0,0.5,1.0,"{""p_d"":0.8,""stage"":""c4-attrition"",""tau"":10000.0,""w"":0.5}",d4ab4fc6428a0b1f4ceb9e0c3f60e249d31253158385f9207158cfb8c2c16199
1,43,0,online_static_3step,0.22190124583161178,7550.873176118963,0.2221330538448065,0.8459414268562584,8821,8822,8925,8926,200019.8157083752,200000.0,1.000099078541876,budget_exhausted,28.283488596209445,0.9646436825995355,439.9949429819826,4556,5,[],143461485,none,none,none,"[0,1,2,3,4]","[[520647.9649749217,5662895.104022372],[520750.9011834474,5662923.705106928],[520619.5439127976,5662887.529284183],[520660.59539358615,5662860.8589034155],[520601.16985800257,5662944.568816733]]","[[520645.01713351544,5662882.161092503],[520765.01713351544,5662912.206616024],[520615.01713351544,5662882.161092503],[520675.01713351544,5662852.115568982],[520615.01713351544,5662942.252139544]]",de6506683a628b61ccaed496db2f3af4d1a2f6b066f9ddd6ec3d9f87199cb9de,none,none,5.000000000155922,1.0,none,0.0,none,stationary,matched_prior_exact,1,0,revision_C_base@2ce3a901fecb,2ce3a901fecb5ddde502d0a5eeffb8f48d73c5fd,fab97b80b871eeeac68aa1d75a33173cb368895f3e96803690e3cbc0acb1147d,c4-attrition_20260827_075624_501873_327229d1,327229d1bf70f8e05e383a7a64e8207b7bcbbc0877cfd63b067cd569f1a2c3bf,evidence,revision_B_base,revision_B_base,0.5,0.8,10000.0,5,200000.0,xlarge,45.0,80.0,5.0,0.5,1.0,"{""p_d"":0.8,""stage"":""c4-attrition"",""tau"":10000.0,""w"":0.5}",d4ab4fc6428a0b1f4ceb9e0c3f60e249d31253158385f9207158cfb8c2c16199
1,43,0,pizza_repartition,0.32169137167093576,7151.298198446801,0.3220817540533616,0.8011761369534842,8012,8013,8925,8926,200015.76915966393,200000.0,1.0000788457983196,budget_exhausted,10.987917351826697,0.9089909426890844,0.0,0,5,[],143461485,none,none,none,"[0,1,2,3,4]","[[520647.9649749217,5662895.104022372],[520750.9011834474,5662923.705106928],[520619.5439127976,5662887.529284183],[520660.59539358615,5662860.8589034155],[520601.16985800257,5662944.568816733]]","[[520645.01713351544,5662882.161092503],[520765.01713351544,5662912.206616024],[520615.01713351544,5662882.161092503],[520675.01713351544,5662852.115568982],[520615.01713351544,5662942.252139544]]",de6506683a628b61ccaed496db2f3af4d1a2f6b066f9ddd6ec3d9f87199cb9de,"{""0"":1,""1"":0,""2"":3,""3"":4,""4"":2}",565f711767708b1482a1995dd1898e0f175b73d0c2a3c41c452faf2f4115b121,5.000000000899729,1.0,none,0.0,none,stationary,matched_prior_exact,1,0,revision_C_base@2ce3a901fecb,2ce3a901fecb5ddde502d0a5eeffb8f48d73c5fd,fab97b80b871eeeac68aa1d75a33173cb368895f3e96803690e3cbc0acb1147d,c4-attrition_20260827_075624_501873_327229d1,327229d1bf70f8e05e383a7a64e8207b7bcbbc0877cfd63b067cd569f1a2c3bf,evidence,revision_B_base,revision_B_base,0.5,0.8,10000.0,5,200000.0,xlarge,45.0,80.0,5.0,0.5,1.0,"{""p_d"":0.8,""stage"":""c4-attrition"",""tau"":10000.0,""w"":0.5}",d4ab4fc6428a0b1f4ceb9e0c3f60e249d31253158385f9207158cfb8c2c16199
1,43,1,dynamic_evidence_3step,0.3200175084096423,7224.52778444486,0.3203223239527224,0.8093802133592718,8513,8514,8925,8926,160000.86496908526,160000.0,1.000005406056783,budget_exhausted,12.03007718924674,0.9168750138283515,379.3922543928493,3453,4,[2],143461485,none,none,none,"[0,1,3,4]","[[520647.9649749217,5662895.104022372],[520750.9011834474,5662923.705106928],[520660.59539358615,5662860.8589034155],[520601.16985800257,5662944.568816733]]","[[520645.01713351544,5662882.161092503],[520765.01713351544,5662912.206616024],[520675.01713351544,5662852.115568982],[520615.01713351544,5662942.252139544]]",fb54c3db6512a120b0f9ee2e19893eb96c60c4bfe6f0e9008e778b5743bcb777,none,none,5.000000000155922,0.925401196855102,none,0.01603230014308543,none,stationary,matched_prior_exact,1,0,revision_C_base@2ce3a901fecb,2ce3a901fecb5ddde502d0a5eeffb8f48d73c5fd,fab97b80b871eeeac68aa1d75a33173cb368895f3e96803690e3cbc0acb1147d,c4-attrition_20260827_075624_501873_327229d1,327229d1bf70f8e05e383a7a64e8207b7bcbbc0877cfd63b067cd569f1a2c3bf,evidence,revision_B_base,revision_B_base,0.5,0.8,10000.0,5,200000.0,xlarge,45.0,80.0,5.0,0.5,1.0,"{""p_d"":0.8,""stage"":""c4-attrition"",""tau"":10000.0,""w"":0.5}",d4ab4fc6428a0b1f4ceb9e0c3f60e249d31253158385f9207158cfb8c2c16199
1,43,1,online_static_3step,0.20199144086057122,7645.998358539991,0.20218484927702415,0.8565985165292395,8925,8926,8925,8926,160009.9021065437,160000.0,1.0000618881658982,budget_exhausted,26.443207126948774,0.962183104522867,415.6052165054716,4186,4,[2],143461485,none,none,none,"[0,1,3,4]","[[520647.9649749217,5662895.104022372],[520750.9011834474,5662923.705106928],[520660.59539358615,5662860.8589034155],[520601.16985800257,5662944.568816733]]","[[520645.01713351544,5662882.161092503],[520765.01713351544,5662912.206616024],[520675.01713351544,5662852.115568982],[520615.01713351544,5662942.252139544]]",fb54c3db6512a120b0f9ee2e19893eb96c60c4bfe6f0e9008e778b5743bcb777,none,none,5.000000000155922,0.9102762812510347,none,0.010657089672981068,none,stationary,matched_prior_exact,1,0,revision_C_base@2ce3a901fecb,2ce3a901fecb5ddde502d0a5eeffb8f48d73c5fd,fab97b80b871eeeac68aa1d75a33173cb368895f3e96803690e3cbc0acb1147d,c4-attrition_20260827_075624_501873_327229d1,327229d1bf70f8e05e383a7a64e8207b7bcbbc0877cfd63b067cd569f1a2c3bf,evidence,revision_B_base,revision_B_base,0.5,0.8,10000.0,5,200000.0,xlarge,45.0,80.0,5.0,0.5,1.0,"{""p_d"":0.8,""stage"":""c4-attrition"",""tau"":10000.0,""w"":0.5}",d4ab4fc6428a0b1f4ceb9e0c3f60e249d31253158385f9207158cfb8c2c16199
1,43,1,pizza_repartition,0.27803056587510905,7405.957685796673,0.27839188811122295,0.8297062161994928,8011,8012,8925,8926,160013.3058816297,160000.0,1.0000831617601855,budget_exhausted,10.925761477666281,0.9084731986833015,0.0,0,4,[2],143461485,none,none,none,"[0,1,3,4]","[[520647.9649749217,5662895.104022372],[520750.9011834474,5662923.705106928],[520660.59539358615,5662860.8589034155],[520601.16985800257,5662944.568816733]]","[[520645.01713351544,5662882.161092503],[520765.01713351544,5662912.206616024],[520675.01713351544,5662852.115568982],[520615.01713351544,5662942.252139544]]",fb54c3db6512a120b0f9ee2e19893eb96c60c4bfe6f0e9008e778b5743bcb777,"{""0"":2,""1"":0,""3"":3,""4"":1}",bba9b3c28f59045a48c82bf690ee9fc01f0e1eebf67a25259c643c1359571a92,5.000000000895129,0.8642773489104079,none,0.02853007924600859,none,stationary,matched_prior_exact,1,0,revision_C_base@2ce3a901fecb,2ce3a901fecb5ddde502d0a5eeffb8f48d73c5fd,fab97b80b871eeeac68aa1d75a33173cb368895f3e96803690e3cbc0acb1147d,c4-attrition_20260827_075624_501873_327229d1,327229d1bf70f8e05e383a7a64e8207b7bcbbc0877cfd63b067cd569f1a2c3bf,evidence,revision_B_base,revision_B_base,0.5,0.8,10000.0,5,200000.0,xlarge,45.0,80.0,5.0,0.5,1.0,"{""p_d"":0.8,""stage"":""c4-attrition"",""tau"":10000.0,""w"":0.5}",d4ab4fc6428a0b1f4ceb9e0c3f60e249d31253158385f9207158cfb8c2c16199
1,43,2,dynamic_evidence_3step,0.24796435284041085,7640.57654990032,0.2481990748340679,0.8559910990253552,8504,8505,8925,8926,120013.28365532505,120000.0,1.0001106971277087,budget_exhausted,12.932298294731483,0.9226742240853358,291.813404846238,2674,3,"[2,4]",143461485,none,none,none,"[0,1,3]","[[520647.9649749217,5662895.104022372],[520750.9011834474,5662923.705106928],[520660.59539358615,5662860.8589034155]]","[[520645.01713351544,5662882.161092503],[520765.01713351544,5662912.206616024],[520675.01713351544,5662852.115568982]]",ab087f2eb753c2ea34d9ad6f7671994cb840a2b6f6f0be9f1de1bbe36545ea11,none,none,5.000000000155922,0.71704360813342,none,0.06264318580916883,none,stationary,matched_prior_exact,1,0,revision_C_base@2ce3a901fecb,2ce3a901fecb5ddde502d0a5eeffb8f48d73c5fd,fab97b80b871eeeac68aa1d75a33173cb368895f3e96803690e3cbc0acb1147d,c4-attrition_20260827_075624_501873_327229d1,327229d1bf70f8e05e383a7a64e8207b7bcbbc0877cfd63b067cd569f1a2c3bf,evidence,revision_B_base,revision_B_base,0.5,0.8,10000.0,5,200000.0,xlarge,45.0,80.0,5.0,0.5,1.0,"{""p_d"":0.8,""stage"":""c4-attrition"",""tau"":10000.0,""w"":0.5}",d4ab4fc6428a0b1f4ceb9e0c3f60e249d31253158385f9207158cfb8c2c16199
1,43,2,online_static_3step,0.19683092395130708,7713.411295788686,0.19702839175359516,0.8641509405992255,8864,8865,8925,8926,120005.97219431165,120000.0,1.0000497682859304,budget_exhausted,20.47769839737401,0.9511663869349577,306.63287596567534,3165,3,"[2,4]",143461485,none,none,none,"[0,1,3]","[[520647.9649749217,5662895.104022372],[520750.9011834474,5662923.705106928],[520660.59539358615,5662860.8589034155]]","[[520645.01713351544,5662882.161092503],[520765.01713351544,5662912.206616024],[520675.01713351544,5662852.115568982]]",ab087f2eb753c2ea34d9ad6f7671994cb840a2b6f6f0be9f1de1bbe36545ea11,none,none,5.000000000155922,0.8870203644582999,none,0.018209513742967087,none,stationary,matched_prior_exact,1,0,revision_C_base@2ce3a901fecb,2ce3a901fecb5ddde502d0a5eeffb8f48d73c5fd,fab97b80b871eeeac68aa1d75a33173cb368895f3e96803690e3cbc0acb1147d,c4-attrition_20260827_075624_501873_327229d1,327229d1bf70f8e05e383a7a64e8207b7bcbbc0877cfd63b067cd569f1a2c3bf,evidence,revision_B_base,revision_B_base,0.5,0.8,10000.0,5,200000.0,xlarge,45.0,80.0,5.0,0.5,1.0,"{""p_d"":0.8,""stage"":""c4-attrition"",""tau"":10000.0,""w"":0.5}",d4ab4fc6428a0b1f4ceb9e0c3f60e249d31253158385f9207158cfb8c2c16199
1,43,2,pizza_repartition,0.22633151358594222,7689.4278864151265,0.22660315668416292,0.8614640249176705,8009,8010,8925,8926,120000.04061819521,120000.0,1.00000033848496,budget_exhausted,10.89021367016881,0.9081744371334728,0.0,0,3,"[2,4]",143461485,none,none,none,"[0,1,3]","[[520647.9649749217,5662895.104022372],[520750.9011834474,5662923.705106928],[520660.59539358615,5662860.8589034155]]","[[520645.01713351544,5662882.161092503],[520765.01713351544,5662912.206616024],[520675.01713351544,5662852.115568982]]",ab087f2eb753c2ea34d9ad6f7671994cb840a2b6f6f0be9f1de1bbe36545ea11,"{""0"":1,""1"":0,""3"":2}",e4000d9e9cc1745f8d03a9026ac71b664dea2ee4184433bae682f23bea874d45,5.000000000914898,0.7035672495980435,none,0.06028788796418627,none,stationary,matched_prior_exact,1,0,revision_C_base@2ce3a901fecb,2ce3a901fecb5ddde502d0a5eeffb8f48d73c5fd,fab97b80b871eeeac68aa1d75a33173cb368895f3e96803690e3cbc0acb1147d,c4-attrition_20260827_075624_501873_327229d1,327229d1bf70f8e05e383a7a64e8207b7bcbbc0877cfd63b067cd569f1a2c3bf,evidence,revision_B_base,revision_B_base,0.5,0.8,10000.0,5,200000.0,xlarge,45.0,80.0,5.0,0.5,1.0,"{""p_d"":0.8,""stage"":""c4-attrition"",""tau"":10000.0,""w"":0.5}",d4ab4fc6428a0b1f4ceb9e0c3f60e249d31253158385f9207158cfb8c2c16199
1,43,3,dynamic_evidence_3step,0.19627101897080035,7905.974260578087,0.1965164810961609,0.8857242057560034,8512,8513,8925,8926,80001.08655291895,80000.0,1.0000135819114868,budget_exhausted,11.331717914438503,0.9117521272987361,208.6953226090409,1888,2,"[2,4,3]",143461485,none,none,none,"[0,1]","[[520647.9649749217,5662895.104022372],[520750.9011834474,5662923.705106928]]","[[520645.01713351544,5662882.161092503],[520765.01713351544,5662912.206616024]]",7165e58257fcbe68a59452031b9f38ad042ad4f711052a657ee27477de171fe0,none,none,5.000000000155922,0.5675609336694545,none,0.09237629253981705,none,stationary,matched_prior_exact,1,0,revision_C_base@2ce3a901fecb,2ce3a901fecb5ddde502d0a5eeffb8f48d73c5fd,fab97b80b871eeeac68aa1d75a33173cb368895f3e96803690e3cbc0acb1147d,c4-attrition_20260827_075624_501873_327229d1,327229d1bf70f8e05e383a7a64e8207b7bcbbc0877cfd63b067cd569f1a2c3bf,evidence,revision_B_base,revision_B_base,0.5,0.8,10000.0,5,200000.0,xlarge,45.0,80.0,5.0,0.5,1.0,"{""p_d"":0.8,""stage"":""c4-attrition"",""tau"":10000.0,""w"":0.5}",d4ab4fc6428a0b1f4ceb9e0c3f60e249d31253158385f9207158cfb8c2c16199
1,43,3,online_static_3step,0.17213539281784246,7932.203620870617,0.1723166981874526,0.8886627404067462,8746,8747,8925,8926,80003.15158566707,80000.0,1.0000393948208384,budget_exhausted,16.222998137802605,0.9383591126926277,198.8409181511961,2091,2,"[2,4,3]",143461485,none,none,none,"[0,1]","[[520647.9649749217,5662895.104022372],[520750.9011834474,5662923.705106928]]","[[520645.01713351544,5662882.161092503],[520765.01713351544,5662912.206616024]]",7165e58257fcbe68a59452031b9f38ad042ad4f711052a657ee27477de171fe0,none,none,5.000000000155922,0.7757297268554599,none,0.042721313550487805,none,stationary,matched_prior_exact,1,0,revision_C_base@2ce3a901fecb,2ce3a901fecb5ddde502d0a5eeffb8f48d73c5fd,fab97b80b871eeeac68aa1d75a33173cb368895f3e96803690e3cbc0acb1147d,c4-attrition_20260827_075624_501873_327229d1,327229d1bf70f8e05e383a7a64e8207b7bcbbc0877cfd63b067cd569f1a2c3bf,evidence,revision_B_base,revision_B_base,0.5,0.8,10000.0,5,200000.0,xlarge,45.0,80.0,5.0,0.5,1.0,"{""p_d"":0.8,""stage"":""c4-attrition"",""tau"":10000.0,""w"":0.5}",d4ab4fc6428a0b1f4ceb9e0c3f60e249d31253158385f9207158cfb8c2c16199
1,43,3,pizza_repartition,0.1718837686117834,8006.823875472489,0.17207299318168873,0.89702261656649,8007,8008,8925,8926,80000.23360598685,80000.0,1.0000029200748357,budget_exhausted,10.788394109396915,0.9073077985602158,0.0,0,2,"[2,4,3]",143461485,none,none,none,"[0,1]","[[520647.9649749217,5662895.104022372],[520750.9011834474,5662923.705106928]]","[[520645.01713351544,5662882.161092503],[520765.01713351544,5662912.206616024]]",7165e58257fcbe68a59452031b9f38ad042ad4f711052a657ee27477de171fe0,"{""0"":1,""1"":0}",d4cc8594cb909404258d65952cf35e63ada8bf0b03ff172b2fdde6d17deffdd5,5.0000000009128875,0.5343126479239443,none,0.09584647961300574,none,stationary,matched_prior_exact,1,0,revision_C_base@2ce3a901fecb,2ce3a901fecb5ddde502d0a5eeffb8f48d73c5fd,fab97b80b871eeeac68aa1d75a33173cb368895f3e96803690e3cbc0acb1147d,c4-attrition_20260827_075624_501873_327229d1,327229d1bf70f8e05e383a7a64e8207b7bcbbc0877cfd63b067cd569f1a2c3bf,evidence,revision_B_base,revision_B_base,0.5,0.8,10000.0,5,200000.0,xlarge,45.0,80.0,5.0,0.5,1.0,"{""p_d"":0.8,""stage"":""c4-attrition"",""tau"":10000.0,""w"":0.5}",d4ab4fc6428a0b1f4ceb9e0c3f60e249d31253158385f9207158cfb8c2c16199
1,48,0,dynamic_evidence_3step,0.35527271287865775,7034.093623311659,0.35561443479139226,0.775106735351147,8528,8529,9074,9075,200002.21305559896,200000.0,1.0000110652779948,budget_exhausted,12.138275837440183,0.9176159766516817,430.48139890050516,3981,5,[],3781670433,none,none,none,"[0,1,2,3,4]","[[520601.26125446317,5662962.26140178],[520576.994053098,5662904.989472677],[520606.5952474223,5662836.198260312],[520598.62839204696,5662873.333030157],[520666.2597041656,5662866.748449267]]","[[520615.01713351544,5662972.297663065],[520585.01713351544,5662912.206616024],[520615.01713351544,5662822.070045462],[520585.01713351544,5662882.161092503],[520675.01713351544,5662852.115568982]]",6a770aa80b8b9a32e0208d4e57fa414f4e132f94048c63345cf70e2879ceaf9c,none,none,5.000000000155922,1.0,none,0.0,none,stationary,matched_prior_exact,1,0,revision_C_base@2ce3a901fecb,2ce3a901fecb5ddde502d0a5eeffb8f48d73c5fd,fab97b80b871eeeac68aa1d75a33173cb368895f3e96803690e3cbc0acb1147d,c4-attrition_20260827_075624_501873_327229d1,327229d1bf70f8e05e383a7a64e8207b7bcbbc0877cfd63b067cd569f1a2c3bf,evidence,revision_B_base,revision_B_base,0.5,0.8,10000.0,5,200000.0,xlarge,45.0,80.0,5.0,0.5,1.0,"{""p_d"":0.8,""stage"":""c4-attrition"",""tau"":10000.0,""w"":0.5}",d4ab4fc6428a0b1f4ceb9e0c3f60e249d31253158385f9207158cfb8c2c16199
1,48,0,online_static_3step,0.2375388696647806,7513.242772590023,0.23782550588559034,0.8279055396793414,8946,8947,9074,9075,200015.44283756177,200000.0,1.000077214187809,budget_exhausted,26.30328472529091,0.9619819345589758,417.02287319186144,4256,5,[],3781670433,none,none,none,"[0,1,2,3,4]","[[520601.26125446317,5662962.26140178],[520576.994053098,5662904.989472677],[520606.5952474223,5662836.198260312],[520598.62839204696,5662873.333030157],[520666.2597041656,5662866.748449267]]","[[520615.01713351544,5662972.297663065],[520585.01713351544,5662912.206616024],[520615.01713351544,5662822.070045462],[520585.01713351544,5662882.161092503],[520675.01713351544,5662852.115568982]]",6a770aa80b8b9a32e0208d4e57fa414f4e132f94048c63345cf70e2879ceaf9c,none,none,5.000000000155922,1.0,none,0.0,none,stationary,matched_prior_exact,1,0,revision_C_base@2ce3a901fecb,2ce3a901fecb5ddde502d0a5eeffb8f48d73c5fd,fab97b80b871eeeac68aa1d75a33173cb368895f3e96803690e3cbc0acb1147d,c4-attrition_20260827_075624_501873_327229d1,327229d1bf70f8e05e383a7a64e8207b7bcbbc0877cfd63b067cd569f1a2c3bf,evidence,revision_B_base,revision_B_base,0.5,0.8,10000.0,5,200000.0,xlarge,45.0,80.0,5.0,0.5,1.0,"{""p_d"":0.8,""stage"":""c4-attrition"",""tau"":10000.0,""w"":0.5}",d4ab4fc6428a0b1f4ceb9e0c3f60e249d31253158385f9207158cfb8c2c16199
1,48,0,pizza_repartition,0.32161614527571597,7253.283093744114,0.3220026988241995,0.7992598450406737,8011,8012,9074,9075,200003.5108209963,200000.0,1.0000175541049816,budget_exhausted,10.99170243204578,0.9090222823823407,0.0,0,5,[],3781670433,none,none,none,"[0,1,2,3,4]","[[520601.26125446317,5662962.26140178],[520576.994053098,5662904.989472677],[520606.5952474223,5662836.198260312],[520598.62839204696,5662873.333030157],[520666.2597041656,5662866.748449267]]","[[520615.01713351544,5662972.297663065],[520585.01713351544,5662912.206616024],[520615.01713351544,5662822.070045462],[520585.01713351544,5662882.161092503],[520675.01713351544,5662852.115568982]]",6a770aa80b8b9a32e0208d4e57fa414f4e132f94048c63345cf70e2879ceaf9c,"{""0"":1,""1"":2,""2"":0,""3"":3,""4"":4}",c09afa85b468c109db25be9adec4bf4414c40f481d6bb93e401a80c54a1b6f73,5.000000000912507,1.0,none,0.0,none,stationary,matched_prior_exact,1,0,revision_C_base@2ce3a901fecb,2ce3a901fecb5ddde502d0a5eeffb8f48d73c5fd,fab97b80b871eeeac68aa1d75a33173cb368895f3e96803690e3cbc0acb1147d,c4-attrition_20260827_075624_501873_327229d1,327229d1bf70f8e05e383a7a64e8207b7bcbbc0877cfd63b067cd569f1a2c3bf,evidence,revision_B_base,revision_B_base,0.5,0.8,10000.0,5,200000.0,xlarge,45.0,80.0,5.0,0.5,1.0,"{""p_d"":0.8,""stage"":""c4-attrition"",""tau"":10000.0,""w"":0.5}",d4ab4fc6428a0b1f4ceb9e0c3f60e249d31253158385f9207158cfb8c2c16199
1,48,1,dynamic_evidence_3step,0.3241295759033977,7259.981204705402,0.3244582403860489,0.7999979288931572,8503,8504,9074,9075,160001.32880841664,160000.0,1.000008305052604,budget_exhausted,11.78448951170685,0.9151426967619948,377.92073899134994,3438,4,[3],3781670433,none,none,none,"[0,1,2,4]","[[520601.26125446317,5662962.26140178],[520576.994053098,5662904.989472677],[520606.5952474223,5662836.198260312],[520666.2597041656,5662866.748449267]]","[[520615.01713351544,5662972.297663065],[520585.01713351544,5662912.206616024],[520615.01713351544,5662822.070045462],[520675.01713351544,5662852.115568982]]",1f9349e1ee0c6316f4f37a2121d0b9426700ba35d9c4d567a0828fa992122f6d,none,none,5.000000000155922,0.9123401943174372,none,0.024891193542010193,none,stationary,matched_prior_exact,1,0,revision_C_base@2ce3a901fecb,2ce3a901fecb5ddde502d0a5eeffb8f48d73c5fd,fab97b80b871eeeac68aa1d75a33173cb368895f3e96803690e3cbc0acb1147d,c4-attrition_20260827_075624_501873_327229d1,327229d1bf70f8e05e383a7a64e8207b7bcbbc0877cfd63b067cd569f1a2c3bf,evidence,revision_B_base,revision_B_base,0.5,0.8,10000.0,5,200000.0,xlarge,45.0,80.0,5.0,0.5,1.0,"{""p_d"":0.8,""stage"":""c4-attrition"",""tau"":10000.0,""w"":0.5}",d4ab4fc6428a0b1f4ceb9e0c3f60e249d31253158385f9207158cfb8c2c16199
1,48,1,online_static_3step,0.1513279218414546,7911.726966541429,0.15152027752207473,0.8718156436960252,9074,9075,9074,9075,160010.55489330797,160000.0,1.0000659680831747,budget_exhausted,40.59322508398656,0.9753653473472231,451.9739800975658,4634,4,[3],3781670433,none,none,none,"[0,1,2,4]","[[520601.26125446317,5662962.26140178],[520576.994053098,5662904.989472677],[520606.5952474223,5662836.198260312],[520666.2597041656,5662866.748449267]]","[[520615.01713351544,5662972.297663065],[520585.01713351544,5662912.206616024],[520615.01713351544,5662822.070045462],[520675.01713351544,5662852.115568982]]",1f9349e1ee0c6316f4f37a2121d0b9426700ba35d9c4d567a0828fa992122f6d,none,none,5.000000000155922,0.6370659339038341,none,0.043910104016683715,none,stationary,matched_prior_exact,1,0,revision_C_base@2ce3a901fecb,2ce3a901fecb5ddde502d0a5eeffb8f48d73c5fd,fab97b80b871eeeac68aa1d75a33173cb368895f3e96803690e3cbc0acb1147d,c4-attrition_20260827_075624_501873_327229d1,327229d1bf70f8e05e383a7a64e8207b7bcbbc0877cfd63b067cd569f1a2c3bf,evidence,revision_B_base,revision_B_base,0.5,0.8,10000.0,5,200000.0,xlarge,45.0,80.0,5.0,0.5,1.0,"{""p_d"":0.8,""stage"":""c4-attrition"",""tau"":10000.0,""w"":0.5}",d4ab4fc6428a0b1f4ceb9e0c3f60e249d31253158385f9207158cfb8c2c16199
1,48,1,pizza_repartition,0.2780017374801992,7513.85689164594,0.27833893755545325,0.8279732112006545,8010,8011,9074,9075,160002.8630406767,160000.0,1.0000178940042292,budget_exhausted,10.936045478770652,0.9085592683441901,0.0,0,4,[3],3781670433,none,none,none,"[0,1,2,4]","[[520601.26125446317,5662962.26140178],[520576.994053098,5662904.989472677],[520606.5952474223,5662836.198260312],[520666.2597041656,5662866.748449267]]","[[520615.01713351544,5662972.297663065],[520585.01713351544,5662912.206616024],[520615.01713351544,5662822.070045462],[520675.01713351544,5662852.115568982]]",1f9349e1ee0c6316f4f37a2121d0b9426700ba35d9c4d567a0828fa992122f6d,"{""0"":1,""1"":2,""2"":3,""4"":0}",4ba4fbc791f2640bb1e34fc13591ce049a3e7c1c3b5cc8305be7099110d38a62,5.000000000893628,0.8643898683689312,none,0.02871336615998077,none,stationary,matched_prior_exact,1,0,revision_C_base@2ce3a901fecb,2ce3a901fecb5ddde502d0a5eeffb8f48d73c5fd,fab97b80b871eeeac68aa1d75a33173cb368895f3e96803690e3cbc0acb1147d,c4-attrition_20260827_075624_501873_327229d1,327229d1bf70f8e05e383a7a64e8207b7bcbbc0877cfd63b067cd569f1a2c3bf,evidence,revision_B_base,revision_B_base,0.5,0.8,10000.0,5,200000.0,xlarge,45.0,80.0,5.0,0.5,1.0,"{""p_d"":0.8,""stage"":""c4-attrition"",""tau"":10000.0,""w"":0.5}",d4ab4fc6428a0b1f4ceb9e0c3f60e249d31253158385f9207158cfb8c2c16199
1,48,2,dynamic_evidence_3step,0.23977279080338515,7695.267537918435,0.23991314846784162,0.8479633650598826,8504,8505,9074,9075,120013.94989923193,120000.0,1.000116249160266,budget_exhausted,14.704111175448755,0.9319918090887611,296.0769862907473,2685,3,"[3,2]",3781670433,none,none,none,"[0,1,4]","[[520601.26125446317,5662962.26140178],[520576.994053098,5662904.989472677],[520666.2597041656,5662866.748449267]]","[[520615.01713351544,5662972.297663065],[520585.01713351544,5662912.206616024],[520675.01713351544,5662852.115568982]]",4b28ef46d2ae3ace1c185a9e8158fdf062d7b95e2f026f2b9e433acd7143909e,none,none,5.000000000155922,0.6748978520207342,none,0.07285662970873552,none,stationary,matched_prior_exact,1,0,revision_C_base@2ce3a901fecb,2ce3a901fecb5ddde502d0a5eeffb8f48d73c5fd,fab97b80b871eeeac68aa1d75a33173cb368895f3e96803690e3cbc0acb1147d,c4-attrition_20260827_075624_501873_327229d1,327229d1bf70f8e05e383a7a64e8207b7bcbbc0877cfd63b067cd569f1a2c3bf,evidence,revision_B_base,revision_B_base,0.5,0.8,10000.0,5,200000.0,xlarge,45.0,80.0,5.0,0.5,1.0,"{""p_d"":0.8,""stage"":""c4-attrition"",""tau"":10000.0,""w"":0.5}",d4ab4fc6428a0b1f4ceb9e0c3f60e249d31253158385f9207158cfb8c2c16199
1,48,2,online_static_3step,0.17293706919315838,8006.37443526456,0.1731239865017655,0.8822451168335603,8720,8721,9074,9075,120002.46667892879,120000.0,1.00002055565774,budget_exhausted,24.17040981708729,0.9586270978619051,281.08011352666654,2899,3,"[3,2]",3781670433,none,none,none,"[0,1,4]","[[520601.26125446317,5662962.26140178],[520576.994053098,5662904.989472677],[520666.2597041656,5662866.748449267]]","[[520615.01713351544,5662972.297663065],[520585.01713351544,5662912.206616024],[520675.01713351544,5662852.115568982]]",4b28ef46d2ae3ace1c185a9e8158fdf062d7b95e2f026f2b9e433acd7143909e,none,none,5.000000000155922,0.7280369290180191,none,0.05433957715421889,none,stationary,matched_prior_exact,1,0,revision_C_base@2ce3a901fecb,2ce3a901fecb5ddde502d0a5eeffb8f48d73c5fd,fab97b80b871eeeac68aa1d75a33173cb368895f3e96803690e3cbc0acb1147d,c4-attrition_20260827_075624_501873_327229d1,327229d1bf70f8e05e383a7a64e8207b7bcbbc0877cfd63b067cd569f1a2c3bf,evidence,revision_B_base,revision_B_base,0.5,0.8,10000.0,5,200000.0,xlarge,45.0,80.0,5.0,0.5,1.0,"{""p_d"":0.8,""stage"":""c4-attrition"",""tau"":10000.0,""w"":0.5}",d4ab4fc6428a0b1f4ceb9e0c3f60e249d31253158385f9207158cfb8c2c16199
1,48,2,pizza_repartition,0.2264746864643477,7803.752743744583,0.22678517361505324,0.8599176577129017,8010,8011,9074,9075,120013.66810744756,120000.0,1.0001139008953963,budget_exhausted,10.877758112094396,0.908069292431852,0.0,0,3,"[3,2]",3781670433,none,none,none,"[0,1,4]","[[520601.26125446317,5662962.26140178],[520576.994053098,5662904.989472677],[520666.2597041656,5662866.748449267]]","[[520615.01713351544,5662972.297663065],[520585.01713351544,5662912.206616024],[520675.01713351544,5662852.115568982]]",4b28ef46d2ae3ace1c185a9e8158fdf062d7b95e2f026f2b9e433acd7143909e,"{""0"":1,""1"":2,""4"":0}",478e4f90c59a8560fe57db0fac9ee7b6049a3f68cd679a4eec73470c7813c78f,5.0000000008936345,0.7041769817562948,none,0.06065781267222803,none,stationary,matched_prior_exact,1,0,revision_C_base@2ce3a901fecb,2ce3a901fecb5ddde502d0a5eeffb8f48d73c5fd,fab97b80b871eeeac68aa1d75a33173cb368895f3e96803690e3cbc0acb1147d,c4-attrition_20260827_075624_501873_327229d1,327229d1bf70f8e05e383a7a64e8207b7bcbbc0877cfd63b067cd569f1a2c3bf,evidence,revision_B_base,revision_B_base,0.5,0.8,10000.0,5,200000.0,xlarge,45.0,80.0,5.0,0.5,1.0,"{""p_d"":0.8,""stage"":""c4-attrition"",""tau"":10000.0,""w"":0.5}",d4ab4fc6428a0b1f4ceb9e0c3f60e249d31253158385f9207158cfb8c2c16199
1,48,3,dynamic_evidence_3step,0.19400854880990598,8014.395206331401,0.1942036747290735,0.8831289483560772,8523,8524,9074,9075,80000.03518407595,80000.0,1.0000004398009494,budget_exhausted,13.383691156194603,0.925282196941824,211.7769873701036,1938,2,"[3,2,0]",3781670433,none,none,none,"[1,4]","[[520576.994053098,5662904.989472677],[520666.2597041656,5662866.748449267]]","[[520585.01713351544,5662912.206616024],[520675.01713351544,5662852.115568982]]",d702fbc00246e247d3cfea32374e5b9538d8b581d22866734a71c3067c3f07d6,none,none,5.000000000155922,0.5460834501977893,none,0.1080222130049302,none,stationary,matched_prior_exact,1,0,revision_C_base@2ce3a901fecb,2ce3a901fecb5ddde502d0a5eeffb8f48d73c5fd,fab97b80b871eeeac68aa1d75a33173cb368895f3e96803690e3cbc0acb1147d,c4-attrition_20260827_075624_501873_327229d1,327229d1bf70f8e05e383a7a64e8207b7bcbbc0877cfd63b067cd569f1a2c3bf,evidence,revision_B_base,revision_B_base,0.5,0.8,10000.0,5,200000.0,xlarge,45.0,80.0,5.0,0.5,1.0,"{""p_d"":0.8,""stage"":""c4-attrition"",""tau"":10000.0,""w"":0.5}",d4ab4fc6428a0b1f4ceb9e0c3f60e249d31253158385f9207158cfb8c2c16199
1,48,3,online_static_3step,0.16990146800275605,8072.0278216749175,0.17007656061361798,0.8894796497713408,8761,8762,9074,9075,80006.2888498529,80000.0,1.0000786106231614,budget_exhausted,16.62375059495478,0.939845103288334,199.82454696344212,2104,2,"[3,2,0]",3781670433,none,none,none,"[1,4]","[[520576.994053098,5662904.989472677],[520666.2597041656,5662866.748449267]]","[[520585.01713351544,5662912.206616024],[520675.01713351544,5662852.115568982]]",d702fbc00246e247d3cfea32374e5b9538d8b581d22866734a71c3067c3f07d6,none,none,5.000000000155922,0.7152575418184158,none,0.06157411009199931,none,stationary,matched_prior_exact,1,0,revision_C_base@2ce3a901fecb,2ce3a901fecb5ddde502d0a5eeffb8f48d73c5fd,fab97b80b871eeeac68aa1d75a33173cb368895f3e96803690e3cbc0acb1147d,c4-attrition_20260827_075624_501873_327229d1,327229d1bf70f8e05e383a7a64e8207b7bcbbc0877cfd63b067cd569f1a2c3bf,evidence,revision_B_base,revision_B_base,0.5,0.8,10000.0,5,200000.0,xlarge,45.0,80.0,5.0,0.5,1.0,"{""p_d"":0.8,""stage"":""c4-attrition"",""tau"":10000.0,""w"":0.5}",d4ab4fc6428a0b1f4ceb9e0c3f60e249d31253158385f9207158cfb8c2c16199
1,48,3,pizza_repartition,0.17208593993616572,8129.220319561962,0.17231743258086368,0.8957818533952575,8008,8009,9074,9075,80008.0322261893,80000.0,1.0001004028273663,budget_exhausted,10.781846854739793,0.9072515114086979,0.0,0,2,"[3,2,0]",3781670433,none,none,none,"[1,4]","[[520576.994053098,5662904.989472677],[520666.2597041656,5662866.748449267]]","[[520585.01713351544,5662912.206616024],[520675.01713351544,5662852.115568982]]",d702fbc00246e247d3cfea32374e5b9538d8b581d22866734a71c3067c3f07d6,"{""1"":1,""4"":0}",5ac4637e09721ad2893258aa81306b30f59de46ded16b0eb3307941523e08c25,5.0000000008764545,0.5350662349013586,none,0.0965220083545838,none,stationary,matched_prior_exact,1,0,revision_C_base@2ce3a901fecb,2ce3a901fecb5ddde502d0a5eeffb8f48d73c5fd,fab97b80b871eeeac68aa1d75a33173cb368895f3e96803690e3cbc0acb1147d,c4-attrition_20260827_075624_501873_327229d1,327229d1bf70f8e05e383a7a64e8207b7bcbbc0877cfd63b067cd569f1a2c3bf,evidence,revision_B_base,revision_B_base,0.5,0.8,10000.0,5,200000.0,xlarge,45.0,80.0,5.0,0.5,1.0,"{""p_d"":0.8,""stage"":""c4-attrition"",""tau"":10000.0,""w"":0.5}",d4ab4fc6428a0b1f4ceb9e0c3f60e249d31253158385f9207158cfb8c2c16199
5,43,0,dynamic_evidence_3step,0.28906179918546593,7278.925133394426,0.28953956351866716,0.8243403322077493,8533,8534,8829,8830,200015.35769533712,200000.0,1.0000767884766857,budget_exhausted,11.406489318823056,0.9123306065478188,425.3934110426344,4082,5,[],1240473512,none,none,none,"[0,1,2,3,4]","[[488932.0096447233,5514361.008240472],[489034.945853249,5514389.609325028],[488903.5885825992,5514353.433502283],[488944.64006338775,5514326.7631215155],[488885.2145278042,5514410.473034833]]","[[488944.06180331705,5514363.110834124],[489034.1983738785,5514393.110834124],[488914.01627979655,5514363.110834124],[488944.06180331705,5514333.110834124],[488883.97075627604,5514423.110834124]]",bde004228fe99a98919b7fb2b32ff622f2c3cff1d6312c60a61068b6050f8bb4,none,none,5.000000000114857,1.0,none,0.0,none,stationary,matched_prior_exact,1,0,revision_C_base@2ce3a901fecb,2ce3a901fecb5ddde502d0a5eeffb8f48d73c5fd,fab97b80b871eeeac68aa1d75a33173cb368895f3e96803690e3cbc0acb1147d,c4-attrition_20260827_075624_501873_327229d1,327229d1bf70f8e05e383a7a64e8207b7bcbbc0877cfd63b067cd569f1a2c3bf,evidence,revision_B_base,revision_B_base,0.5,0.8,10000.0,5,200000.0,xlarge,45.0,80.0,5.0,0.5,1.0,"{""p_d"":0.8,""stage"":""c4-attrition"",""tau"":10000.0,""w"":0.5}",d4ab4fc6428a0b1f4ceb9e0c3f60e249d31253158385f9207158cfb8c2c16199
5,43,0,online_static_3step,0.19438429139566105,7665.991744088783,0.1946750534315237,0.8681757354573933,8607,8608,8829,8830,200015.39450491857,200000.0,1.0000769725245928,budget_exhausted,21.618662283474524,0.9537436689242142,397.1466864733957,4104,5,[],1240473512,none,none,none,"[0,1,2,3,4]","[[488932.0096447233,5514361.008240472],[489034.945853249,5514389.609325028],[488903.5885825992,5514353.433502283],[488944.64006338775,5514326.7631215155],[488885.2145278042,5514410.473034833]]","[[488944.06180331705,5514363.110834124],[489034.1983738785,5514393.110834124],[488914.01627979655,5514363.110834124],[488944.06180331705,5514333.110834124],[488883.97075627604,5514423.110834124]]",bde004228fe99a98919b7fb2b32ff622f2c3cff1d6312c60a61068b6050f8bb4,none,none,5.000000000114857,1.0,none,0.0,none,stationary,matched_prior_exact,1,0,revision_C_base@2ce3a901fecb,2ce3a901fecb5ddde502d0a5eeffb8f48d73c5fd,fab97b80b871eeeac68aa1d75a33173cb368895f3e96803690e3cbc0acb1147d,c4-attrition_20260827_075624_501873_327229d1,327229d1bf70f8e05e383a7a64e8207b7bcbbc0877cfd63b067cd569f1a2c3bf,evidence,revision_B_base,revision_B_base,0.5,0.8,10000.0,5,200000.0,xlarge,45.0,80.0,5.0,0.5,1.0,"{""p_d"":0.8,""stage"":""c4-attrition"",""tau"":10000.0,""w"":0.5}",d4ab4fc6428a0b1f4ceb9e0c3f60e249d31253158385f9207158cfb8c2c16199
5,43,0,pizza_repartition,0.28092505400191653,7285.689449459755,0.28134164407281725,0.8251063929172996,8011,8012,8829,8830,200002.40828300625,200000.0,1.0000120414150313,budget_exhausted,10.975487743871936,0.9088878760255241,0.0,0,5,[],1240473512,none,none,none,"[0,1,2,3,4]","[[488932.0096447233,5514361.008240472],[489034.945853249,5514389.609325028],[488903.5885825992,5514353.433502283],[488944.64006338775,5514326.7631215155],[488885.2145278042,5514410.473034833]]","[[488944.06180331705,5514363.110834124],[489034.1983738785,5514393.110834124],[488914.01627979655,5514363.110834124],[488944.06180331705,5514333.110834124],[488883.97075627604,5514423.110834124]]",bde004228fe99a98919b7fb2b32ff622f2c3cff1d6312c60a61068b6050f8bb4,"{""0"":1,""1"":0,""2"":3,""3"":4,""4"":2}",565f711767708b1482a1995dd1898e0f175b73d0c2a3c41c452faf2f4115b121,5.000000000896881,1.0,none,0.0,none,stationary,matched_prior_exact,1,0,revision_C_base@2ce3a901fecb,2ce3a901fecb5ddde502d0a5eeffb8f48d73c5fd,fab97b80b871eeeac68aa1d75a33173cb368895f3e96803690e3cbc0acb1147d,c4-attrition_20260827_075624_501873_327229d1,327229d1bf70f8e05e383a7a64e8207b7bcbbc0877cfd63b067cd569f1a2c3bf,evidence,revision_B_base,revision_B_base,0.5,0.8,10000.0,5,200000.0,xlarge,45.0,80.0,5.0,0.5,1.0,"{""p_d"":0.8,""stage"":""c4-attrition"",""tau"":10000.0,""w"":0.5}",d4ab4fc6428a0b1f4ceb9e0c3f60e249d31253158385f9207158cfb8c2c16199
5,43,1,dynamic_evidence_3step,0.25467686626652875,7476.719155639118,0.25508719743606256,0.8467405612275332,8545,8546,8829,8830,160002.47789738604,160000.0,1.0000154868586628,budget_exhausted,11.28281237045021,0.9113696153789627,376.52978215646,3526,4,[3],1240473512,none,none,none,"[0,1,2,4]","[[488932.0096447233,5514361.008240472],[489034.945853249,5514389.609325028],[488903.5885825992,5514353.433502283],[488885.2145278042,5514410.473034833]]","[[488944.06180331705,5514363.110834124],[489034.1983738785,5514393.110834124],[488914.01627979655,5514363.110834124],[488883.97075627604,5514423.110834124]]",5950e6580b96f62f4b9f44468a141c6b1b46b1305f87550706c99cda960d8e5b,none,none,5.000000000114857,0.8810464301549741,none,0.02240022901978389,none,stationary,matched_prior_exact,1,0,revision_C_base@2ce3a901fecb,2ce3a901fecb5ddde502d0a5eeffb8f48d73c5fd,fab97b80b871eeeac68aa1d75a33173cb368895f3e96803690e3cbc0acb1147d,c4-attrition_20260827_075624_501873_327229d1,327229d1bf70f8e05e383a7a64e8207b7bcbbc0877cfd63b067cd569f1a2c3bf,evidence,revision_B_base,revision_B_base,0.5,0.8,10000.0,5,200000.0,xlarge,45.0,80.0,5.0,0.5,1.0,"{""p_d"":0.8,""stage"":""c4-attrition"",""tau"":10000.0,""w"":0.5}",d4ab4fc6428a0b1f4ceb9e0c3f60e249d31253158385f9207158cfb8c2c16199
5,43,1,online_static_3step,0.12944516790481206,8062.508373771753,0.12963601417500822,0.9130813560330411,8829,8830,8829,8830,160001.98398979782,160000.0,1.0000123999362365,budget_exhausted,30.735454347352363,0.9674642844482257,362.16836173669435,3781,4,[3],1240473512,none,none,none,"[0,1,2,4]","[[488932.0096447233,5514361.008240472],[489034.945853249,5514389.609325028],[488903.5885825992,5514353.433502283],[488885.2145278042,5514410.473034833]]","[[488944.06180331705,5514363.110834124],[489034.1983738785,5514393.110834124],[488914.01627979655,5514363.110834124],[488883.97075627604,5514423.110834124]]",5950e6580b96f62f4b9f44468a141c6b1b46b1305f87550706c99cda960d8e5b,none,none,5.000000000114857,0.6659240156465723,none,0.04490562057564773,none,stationary,matched_prior_exact,1,0,revision_C_base@2ce3a901fecb,2ce3a901fecb5ddde502d0a5eeffb8f48d73c5fd,fab97b80b871eeeac68aa1d75a33173cb368895f3e96803690e3cbc0acb1147d,c4-attrition_20260827_075624_501873_327229d1,327229d1bf70f8e05e383a7a64e8207b7bcbbc0877cfd63b067cd569f1a2c3bf,evidence,revision_B_base,revision_B_base,0.5,0.8,10000.0,5,200000.0,xlarge,45.0,80.0,5.0,0.5,1.0,"{""p_d"":0.8,""stage"":""c4-attrition"",""tau"":10000.0,""w"":0.5}",d4ab4fc6428a0b1f4ceb9e0c3f60e249d31253158385f9207158cfb8c2c16199
5,43,1,pizza_repartition,0.24509867567425714,7499.463331572325,0.2454520427366116,0.8493163455914298,8011,8012,8829,8830,160017.66079297534,160000.0,1.0001103799560958,budget_exhausted,10.929332386363637,0.9085031029665009,0.0,0,4,[3],1240473512,none,none,none,"[0,1,2,4]","[[488932.0096447233,5514361.008240472],[489034.945853249,5514389.609325028],[488903.5885825992,5514353.433502283],[488885.2145278042,5514410.473034833]]","[[488944.06180331705,5514363.110834124],[489034.1983738785,5514393.110834124],[488914.01627979655,5514363.110834124],[488883.97075627604,5514423.110834124]]",5950e6580b96f62f4b9f44468a141c6b1b46b1305f87550706c99cda960d8e5b,"{""0"":3,""1"":0,""2"":2,""4"":1}",abb3ae2ea2ee8e7214bba682d81bbc091a27e5a9fb043a42f044326b12720cc3,5.000000000875116,0.8724699779628236,none,0.024209952674130175,none,stationary,matched_prior_exact,1,0,revision_C_base@2ce3a901fecb,2ce3a901fecb5ddde502d0a5eeffb8f48d73c5fd,fab97b80b871eeeac68aa1d75a33173cb368895f3e96803690e3cbc0acb1147d,c4-attrition_20260827_075624_501873_327229d1,327229d1bf70f8e05e383a7a64e8207b7bcbbc0877cfd63b067cd569f1a2c3bf,evidence,revision_B_base,revision_B_base,0.5,0.8,10000.0,5,200000.0,xlarge,45.0,80.0,5.0,0.5,1.0,"{""p_d"":0.8,""stage"":""c4-attrition"",""tau"":10000.0,""w"":0.5}",d4ab4fc6428a0b1f4ceb9e0c3f60e249d31253158385f9207158cfb8c2c16199
5,43,2,dynamic_evidence_3step,0.20711435626267632,7732.394265859278,0.20743668718763517,0.8756958398481628,8534,8535,8829,8830,120006.51952644058,120000.0,1.0000543293870048,budget_exhausted,11.77632794457275,0.915083886530108,292.91852026362903,2741,3,"[3,0]",1240473512,none,none,none,"[1,2,4]","[[489034.945853249,5514389.609325028],[488903.5885825992,5514353.433502283],[488885.2145278042,5514410.473034833]]","[[489034.1983738785,5514393.110834124],[488914.01627979655,5514363.110834124],[488883.97075627604,5514423.110834124]]",21f7b4fd73c44bcea6346e749b1b64878a10b866b7636dd8cd18802a5132588a,none,none,5.000000000114857,0.7165054560868798,none,0.05135550764041352,none,stationary,matched_prior_exact,1,0,revision_C_base@2ce3a901fecb,2ce3a901fecb5ddde502d0a5eeffb8f48d73c5fd,fab97b80b871eeeac68aa1d75a33173cb368895f3e96803690e3cbc0acb1147d,c4-attrition_20260827_075624_501873_327229d1,327229d1bf70f8e05e383a7a64e8207b7bcbbc0877cfd63b067cd569f1a2c3bf,evidence,revision_B_base,revision_B_base,0.5,0.8,10000.0,5,200000.0,xlarge,45.0,80.0,5.0,0.5,1.0,"{""p_d"":0.8,""stage"":""c4-attrition"",""tau"":10000.0,""w"":0.5}",d4ab4fc6428a0b1f4ceb9e0c3f60e249d31253158385f9207158cfb8c2c16199
5,43,2,online_static_3step,0.1317148921343082,8042.996714705313,0.1319116631468254,0.9108716551195145,8711,8712,8829,8830,120014.79320188807,120000.0,1.0001232766824006,budget_exhausted,21.73968320133389,0.9540011696242822,281.1060506829526,2848,3,"[3,0]",1240473512,none,none,none,"[1,2,4]","[[489034.945853249,5514389.609325028],[488903.5885825992,5514353.433502283],[488885.2145278042,5514410.473034833]]","[[489034.1983738785,5514393.110834124],[488914.01627979655,5514363.110834124],[488883.97075627604,5514423.110834124]]",21f7b4fd73c44bcea6346e749b1b64878a10b866b7636dd8cd18802a5132588a,none,none,5.000000000114857,0.6776004953312204,none,0.04269591966212116,none,stationary,matched_prior_exact,1,0,revision_C_base@2ce3a901fecb,2ce3a901fecb5ddde502d0a5eeffb8f48d73c5fd,fab97b80b871eeeac68aa1d75a33173cb368895f3e96803690e3cbc0acb1147d,c4-attrition_20260827_075624_501873_327229d1,327229d1bf70f8e05e383a7a64e8207b7bcbbc0877cfd63b067cd569f1a2c3bf,evidence,revision_B_base,revision_B_base,0.5,0.8,10000.0,5,200000.0,xlarge,45.0,80.0,5.0,0.5,1.0,"{""p_d"":0.8,""stage"":""c4-attrition"",""tau"":10000.0,""w"":0.5}",d4ab4fc6428a0b1f4ceb9e0c3f60e249d31253158385f9207158cfb8c2c16199
5,43,2,pizza_repartition,0.2029118620105323,7742.18289587136,0.20322552828819784,0.876804404968444,8010,8011,8829,8830,120011.17429095779,120000.0,1.000093119091315,budget_exhausted,10.87650389242746,0.9080586914793246,0.0,0,3,"[3,0]",1240473512,none,none,none,"[1,2,4]","[[489034.945853249,5514389.609325028],[488903.5885825992,5514353.433502283],[488885.2145278042,5514410.473034833]]","[[489034.1983738785,5514393.110834124],[488914.01627979655,5514363.110834124],[488883.97075627604,5514423.110834124]]",21f7b4fd73c44bcea6346e749b1b64878a10b866b7636dd8cd18802a5132588a,"{""1"":0,""2"":2,""4"":1}",d8205d30471242452bc0ca46199549291c0dede64410b4949f00f06c615e193c,5.000000000908379,0.7222989160986261,none,0.05169801205114444,none,stationary,matched_prior_exact,1,0,revision_C_base@2ce3a901fecb,2ce3a901fecb5ddde502d0a5eeffb8f48d73c5fd,fab97b80b871eeeac68aa1d75a33173cb368895f3e96803690e3cbc0acb1147d,c4-attrition_20260827_075624_501873_327229d1,327229d1bf70f8e05e383a7a64e8207b7bcbbc0877cfd63b067cd569f1a2c3bf,evidence,revision_B_base,revision_B_base,0.5,0.8,10000.0,5,200000.0,xlarge,45.0,80.0,5.0,0.5,1.0,"{""p_d"":0.8,""stage"":""c4-attrition"",""tau"":10000.0,""w"":0.5}",d4ab4fc6428a0b1f4ceb9e0c3f60e249d31253158385f9207158cfb8c2c16199
5,43,3,dynamic_evidence_3step,0.15609256390026938,8032.544341609418,0.15635471524141537,0.9096879209070688,8561,8562,8829,8830,80002.23663431888,80000.0,1.000027957928986,budget_exhausted,11.195018026876435,0.9106745520552758,199.48275849968195,1921,2,"[3,0,2]",1240473512,none,none,none,"[1,4]","[[489034.945853249,5514389.609325028],[488885.2145278042,5514410.473034833]]","[[489034.1983738785,5514393.110834124],[488883.97075627604,5514423.110834124]]",f265cb54e55849d9dca6e6cc769db285dc4357e41ffc29936e5eb29b2837584a,none,none,5.000000000114857,0.5399972059266064,none,0.08534758869931958,none,stationary,matched_prior_exact,1,0,revision_C_base@2ce3a901fecb,2ce3a901fecb5ddde502d0a5eeffb8f48d73c5fd,fab97b80b871eeeac68aa1d75a33173cb368895f3e96803690e3cbc0acb1147d,c4-attrition_20260827_075624_501873_327229d1,327229d1bf70f8e05e383a7a64e8207b7bcbbc0877cfd63b067cd569f1a2c3bf,evidence,revision_B_base,revision_B_base,0.5,0.8,10000.0,5,200000.0,xlarge,45.0,80.0,5.0,0.5,1.0,"{""p_d"":0.8,""stage"":""c4-attrition"",""tau"":10000.0,""w"":0.5}",d4ab4fc6428a0b1f4ceb9e0c3f60e249d31253158385f9207158cfb8c2c16199
5,43,3,online_static_3step,0.11640233792854755,8156.531627057732,0.11657915397778801,0.9237295160880784,8387,8388,8829,8830,80005.17174999979,80000.0,1.0000646468749974,budget_exhausted,16.15973581213307,0.9381178002149528,203.84443472186103,2078,2,"[3,0,2]",1240473512,none,none,none,"[1,4]","[[489034.945853249,5514389.609325028],[488885.2145278042,5514410.473034833]]","[[489034.1983738785,5514393.110834124],[488883.97075627604,5514423.110834124]]",f265cb54e55849d9dca6e6cc769db285dc4357e41ffc29936e5eb29b2837584a,none,none,5.000000000114857,0.5988258469487923,none,0.05555378063068506,none,stationary,matched_prior_exact,1,0,revision_C_base@2ce3a901fecb,2ce3a901fecb5ddde502d0a5eeffb8f48d73c5fd,fab97b80b871eeeac68aa1d75a33173cb368895f3e96803690e3cbc0acb1147d,c4-attrition_20260827_075624_501873_327229d1,327229d1bf70f8e05e383a7a64e8207b7bcbbc0877cfd63b067cd569f1a2c3bf,evidence,revision_B_base,revision_B_base,0.5,0.8,10000.0,5,200000.0,xlarge,45.0,80.0,5.0,0.5,1.0,"{""p_d"":0.8,""stage"":""c4-attrition"",""tau"":10000.0,""w"":0.5}",d4ab4fc6428a0b1f4ceb9e0c3f60e249d31253158385f9207158cfb8c2c16199
5,43,3,pizza_repartition,0.15511254520655515,8024.4249090880485,0.15533566158838474,0.9087683928752037,8008,8009,8829,8830,80007.44888070473,80000.0,1.0000931110088092,budget_exhausted,10.776064482214824,0.9072017431177742,0.0,0,2,"[3,0,2]",1240473512,none,none,none,"[1,4]","[[489034.945853249,5514389.609325028],[488885.2145278042,5514410.473034833]]","[[489034.1983738785,5514393.110834124],[488883.97075627604,5514423.110834124]]",f265cb54e55849d9dca6e6cc769db285dc4357e41ffc29936e5eb29b2837584a,"{""1"":0,""4"":1}",9dc284199ee3c047db254e9e43b7576c0afbfedb703aef34f2d0bce9f110296c,5.000000000884721,0.5521492049103492,none,0.08366199995790413,none,stationary,matched_prior_exact,1,0,revision_C_base@2ce3a901fecb,2ce3a901fecb5ddde502d0a5eeffb8f48d73c5fd,fab97b80b871eeeac68aa1d75a33173cb368895f3e96803690e3cbc0acb1147d,c4-attrition_20260827_075624_501873_327229d1,327229d1bf70f8e05e383a7a64e8207b7bcbbc0877cfd63b067cd569f1a2c3bf,evidence,revision_B_base,revision_B_base,0.5,0.8,10000.0,5,200000.0,xlarge,45.0,80.0,5.0,0.5,1.0,"{""p_d"":0.8,""stage"":""c4-attrition"",""tau"":10000.0,""w"":0.5}",d4ab4fc6428a0b1f4ceb9e0c3f60e249d31253158385f9207158cfb8c2c16199
5,42,0,dynamic_evidence_3step,0.28290324986669824,7232.1944597160045,0.2833271248065008,0.827671602164798,8535,8536,8737,8738,200004.38902980025,200000.0,1.0000219451490013,budget_exhausted,11.588086790393014,0.9137044778755852,427.7763127232902,4057,5,[],2003303993,none,none,none,"[0,1,2,3,4]","[[488953.99584582483,5514312.611985302],[488996.7232629319,5514313.299947986],[489026.04140506615,5514433.2068268405],[488950.2623191387,5514289.667650914],[488990.5789052994,5514426.484572888]]","[[488944.06180331705,5514303.110834124],[489004.152850358,5514303.110834124],[489034.1983738785,5514423.110834124],[488944.06180331705,5514303.110834124],[489004.152850358,5514423.110834124]]",641b62252d091ddc0527b4329f6d01215628a08d4a585e52c94b97bf947caef3,none,none,5.000000000114857,1.0,none,0.0,none,stationary,matched_prior_exact,1,0,revision_C_base@2ce3a901fecb,2ce3a901fecb5ddde502d0a5eeffb8f48d73c5fd,fab97b80b871eeeac68aa1d75a33173cb368895f3e96803690e3cbc0acb1147d,c4-attrition_20260827_075624_501873_327229d1,327229d1bf70f8e05e383a7a64e8207b7bcbbc0877cfd63b067cd569f1a2c3bf,evidence,revision_B_base,revision_B_base,0.5,0.8,10000.0,5,200000.0,xlarge,45.0,80.0,5.0,0.5,1.0,"{""p_d"":0.8,""stage"":""c4-attrition"",""tau"":10000.0,""w"":0.5}",d4ab4fc6428a0b1f4ceb9e0c3f60e249d31253158385f9207158cfb8c2c16199
5,42,0,online_static_3step,0.1998518531096185,7470.135066972704,0.200165373251503,0.8549021591866222,8640,8641,8737,8738,200019.17558810007,200000.0,1.0000958779405003,budget_exhausted,20.405472932778107,0.9509935396599576,424.5749821430072,4305,5,[],2003303993,none,none,none,"[0,1,2,3,4]","[[488953.99584582483,5514312.611985302],[488996.7232629319,5514313.299947986],[489026.04140506615,5514433.2068268405],[488950.2623191387,5514289.667650914],[488990.5789052994,5514426.484572888]]","[[488944.06180331705,5514303.110834124],[489004.152850358,5514303.110834124],[489034.1983738785,5514423.110834124],[488944.06180331705,5514303.110834124],[489004.152850358,5514423.110834124]]",641b62252d091ddc0527b4329f6d01215628a08d4a585e52c94b97bf947caef3,none,none,5.000000000114857,1.0,none,0.0,none,stationary,matched_prior_exact,1,0,revision_C_base@2ce3a901fecb,2ce3a901fecb5ddde502d0a5eeffb8f48d73c5fd,fab97b80b871eeeac68aa1d75a33173cb368895f3e96803690e3cbc0acb1147d,c4-attrition_20260827_075624_501873_327229d1,327229d1bf70f8e05e383a7a64e8207b7bcbbc0877cfd63b067cd569f1a2c3bf,evidence,revision_B_base,revision_B_base,0.5,0.8,10000.0,5,200000.0,xlarge,45.0,80.0,5.0,0.5,1.0,"{""p_d"":0.8,""stage"":""c4-attrition"",""tau"":10000.0,""w"":0.5}",d4ab4fc6428a0b1f4ceb9e0c3f60e249d31253158385f9207158cfb8c2c16199
5,42,0,pizza_repartition,0.28070299010501487,7222.013529331615,0.2810898408817035,0.8265064693673169,8011,8012,8737,8738,200011.1810343238,200000.0,1.000055905171619,budget_exhausted,10.99821121923297,0.9090761233743844,0.0,0,5,[],2003303993,none,none,none,"[0,1,2,3,4]","[[488953.99584582483,5514312.611985302],[488996.7232629319,5514313.299947986],[489026.04140506615,5514433.2068268405],[488950.2623191387,5514289.667650914],[488990.5789052994,5514426.484572888]]","[[488944.06180331705,5514303.110834124],[489004.152850358,5514303.110834124],[489034.1983738785,5514423.110834124],[488944.06180331705,5514303.110834124],[489004.152850358,5514423.110834124]]",641b62252d091ddc0527b4329f6d01215628a08d4a585e52c94b97bf947caef3,"{""0"":2,""1"":4,""2"":0,""3"":3,""4"":1}",204aabaa1616ca707a2c1d4296b87bcc4248e4499b1038aee72c8fc46a37a48c,5.000000000912507,1.0,none,0.0,none,stationary,matched_prior_exact,1,0,revision_C_base@2ce3a901fecb,2ce3a901fecb5ddde502d0a5eeffb8f48d73c5fd,fab97b80b871eeeac68aa1d75a33173cb368895f3e96803690e3cbc0acb1147d,c4-attrition_20260827_075624_501873_327229d1,327229d1bf70f8e05e383a7a64e8207b7bcbbc0877cfd63b067cd569f1a2c3bf,evidence,revision_B_base,revision_B_base,0.5,0.8,10000.0,5,200000.0,xlarge,45.0,80.0,5.0,0.5,1.0,"{""p_d"":0.8,""stage"":""c4-attrition"",""tau"":10000.0,""w"":0.5}",d4ab4fc6428a0b1f4ceb9e0c3f60e249d31253158385f9207158cfb8c2c16199
5,42,1,dynamic_evidence_3step,0.2415067182850677,7453.107863137376,0.2418849147084923,0.8529535206154012,8554,8555,8737,8738,160007.4821219762,160000.0,1.0000467632623513,budget_exhausted,11.881666085744161,0.9158367191281517,374.65579712879844,3445,4,[3],2003303993,none,none,none,"[0,1,2,4]","[[488953.99584582483,5514312.611985302],[488996.7232629319,5514313.299947986],[489026.04140506615,5514433.2068268405],[488990.5789052994,5514426.484572888]]","[[488944.06180331705,5514303.110834124],[489004.152850358,5514303.110834124],[489034.1983738785,5514423.110834124],[489004.152850358,5514423.110834124]]",ace5d591a3b33e5f175d29bc454335c3af35c5e03ca1d4dcccd0581102d3f1db,none,none,5.000000000114857,0.8536724777776987,none,0.025281918450603236,none,stationary,matched_prior_exact,1,0,revision_C_base@2ce3a901fecb,2ce3a901fecb5ddde502d0a5eeffb8f48d73c5fd,fab97b80b871eeeac68aa1d75a33173cb368895f3e96803690e3cbc0acb1147d,c4-attrition_20260827_075624_501873_327229d1,327229d1bf70f8e05e383a7a64e8207b7bcbbc0877cfd63b067cd569f1a2c3bf,evidence,revision_B_base,revision_B_base,0.5,0.8,10000.0,5,200000.0,xlarge,45.0,80.0,5.0,0.5,1.0,"{""p_d"":0.8,""stage"":""c4-attrition"",""tau"":10000.0,""w"":0.5}",d4ab4fc6428a0b1f4ceb9e0c3f60e249d31253158385f9207158cfb8c2c16199
5,42,1,online_static_3step,0.16696357027726438,7682.634884416536,0.16721034683428257,0.8792212044422678,8617,8618,8737,8738,160010.88719865418,160000.0,1.0000680449915886,budget_exhausted,19.606265267998275,0.9489958956317796,386.0720998784527,3893,4,[3],2003303993,none,none,none,"[0,1,2,4]","[[488953.99584582483,5514312.611985302],[488996.7232629319,5514313.299947986],[489026.04140506615,5514433.2068268405],[488990.5789052994,5514426.484572888]]","[[488944.06180331705,5514303.110834124],[489004.152850358,5514303.110834124],[489034.1983738785,5514423.110834124],[489004.152850358,5514423.110834124]]",ace5d591a3b33e5f175d29bc454335c3af35c5e03ca1d4dcccd0581102d3f1db,none,none,5.000000000114857,0.8354366881236025,none,0.024319045255645655,none,stationary,matched_prior_exact,1,0,revision_C_base@2ce3a901fecb,2ce3a901fecb5ddde502d0a5eeffb8f48d73c5fd,fab97b80b871eeeac68aa1d75a33173cb368895f3e96803690e3cbc0acb1147d,c4-attrition_20260827_075624_501873_327229d1,327229d1bf70f8e05e383a7a64e8207b7bcbbc0877cfd63b067cd569f1a2c3bf,evidence,revision_B_base,revision_B_base,0.5,0.8,10000.0,5,200000.0,xlarge,45.0,80.0,5.0,0.5,1.0,"{""p_d"":0.8,""stage"":""c4-attrition"",""tau"":10000.0,""w"":0.5}",d4ab4fc6428a0b1f4ceb9e0c3f60e249d31253158385f9207158cfb8c2c16199
5,42,1,pizza_repartition,0.24505166298628553,7431.261175711318,0.2454034231609538,0.8504533275018675,8010,8011,8737,8738,160007.09846185916,160000.0,1.0000443653866198,budget_exhausted,10.93400248712027,0.9085421828668915,0.0,0,4,[3],2003303993,none,none,none,"[0,1,2,4]","[[488953.99584582483,5514312.611985302],[488996.7232629319,5514313.299947986],[489026.04140506615,5514433.2068268405],[488990.5789052994,5514426.484572888]]","[[488944.06180331705,5514303.110834124],[489004.152850358,5514303.110834124],[489034.1983738785,5514423.110834124],[489004.152850358,5514423.110834124]]",ace5d591a3b33e5f175d29bc454335c3af35c5e03ca1d4dcccd0581102d3f1db,"{""0"":3,""1"":2,""2"":0,""4"":1}",35a881cb2a4c73aa5fa284a47b2dc8df89f7758047788214c79c408cd8468aa6,5.000000000926453,0.8729927062572732,none,0.023946858134550664,none,stationary,matched_prior_exact,1,0,revision_C_base@2ce3a901fecb,2ce3a901fecb5ddde502d0a5eeffb8f48d73c5fd,fab97b80b871eeeac68aa1d75a33173cb368895f3e96803690e3cbc0acb1147d,c4-attrition_20260827_075624_501873_327229d1,327229d1bf70f8e05e383a7a64e8207b7bcbbc0877cfd63b067cd569f1a2c3bf,evidence,revision_B_base,revision_B_base,0.5,0.8,10000.0,5,200000.0,xlarge,45.0,80.0,5.0,0.5,1.0,"{""p_d"":0.8,""stage"":""c4-attrition"",""tau"":10000.0,""w"":0.5}",d4ab4fc6428a0b1f4ceb9e0c3f60e249d31253158385f9207158cfb8c2c16199
5,42,2,dynamic_evidence_3step,0.1840854623009938,7727.781565558748,0.18438545570656287,0.8843879109131092,8543,8544,8737,8738,120009.13530388224,120000.0,1.000076127532352,budget_exhausted,11.37707474657458,0.9121039439157169,299.0650082549546,2735,3,"[3,4]",2003303993,none,none,none,"[0,1,2]","[[488953.99584582483,5514312.611985302],[488996.7232629319,5514313.299947986],[489026.04140506615,5514433.2068268405]]","[[488944.06180331705,5514303.110834124],[489004.152850358,5514303.110834124],[489034.1983738785,5514423.110834124]]",b7aa57eb9048b8a64625b5d088fda36bb1854e8f863874bbe3f1ab928d1658a8,none,none,5.000000000114857,0.6507011226902957,none,0.05671630874831124,none,stationary,matched_prior_exact,1,0,revision_C_base@2ce3a901fecb,2ce3a901fecb5ddde502d0a5eeffb8f48d73c5fd,fab97b80b871eeeac68aa1d75a33173cb368895f3e96803690e3cbc0acb1147d,c4-attrition_20260827_075624_501873_327229d1,327229d1bf70f8e05e383a7a64e8207b7bcbbc0877cfd63b067cd569f1a2c3bf,evidence,revision_B_base,revision_B_base,0.5,0.8,10000.0,5,200000.0,xlarge,45.0,80.0,5.0,0.5,1.0,"{""p_d"":0.8,""stage"":""c4-attrition"",""tau"":10000.0,""w"":0.5}",d4ab4fc6428a0b1f4ceb9e0c3f60e249d31253158385f9207158cfb8c2c16199
5,42,2,online_static_3step,0.19208249231828606,7685.54409944198,0.19238849680151926,0.8795541427605836,8492,8493,8737,8738,120001.59810847041,120000.0,1.0000133175705868,budget_exhausted,12.592924763328352,0.9205903299833821,284.2626616181806,2846,3,"[3,4]",2003303993,none,none,none,"[0,1,2]","[[488953.99584582483,5514312.611985302],[488996.7232629319,5514313.299947986],[489026.04140506615,5514433.2068268405]]","[[488944.06180331705,5514303.110834124],[489004.152850358,5514303.110834124],[489034.1983738785,5514423.110834124]]",b7aa57eb9048b8a64625b5d088fda36bb1854e8f863874bbe3f1ab928d1658a8,none,none,5.000000000114857,0.9611243995467434,none,0.024651983573961478,none,stationary,matched_prior_exact,1,0,revision_C_base@2ce3a901fecb,2ce3a901fecb5ddde502d0a5eeffb8f48d73c5fd,fab97b80b871eeeac68aa1d75a33173cb368895f3e96803690e3cbc0acb1147d,c4-attrition_20260827_075624_501873_327229d1,327229d1bf70f8e05e383a7a64e8207b7bcbbc0877cfd63b067cd569f1a2c3bf,evidence,revision_B_base,revision_B_base,0.5,0.8,10000.0,5,200000.0,xlarge,45.0,80.0,5.0,0.5,1.0,"{""p_d"":0.8,""stage"":""c4-attrition"",""tau"":10000.0,""w"":0.5}",d4ab4fc6428a0b1f4ceb9e0c3f60e249d31253158385f9207158cfb8c2c16199
5,42,2,pizza_repartition,0.20285601048361795,7669.672875761996,0.20311635901382913,0.8777377976381319,8010,8011,8737,8738,120010.44835174561,120000.0,1.00008706959788,budget_exhausted,10.882908404154863,0.9081127982646421,0.0,0,3,"[3,4]",2003303993,none,none,none,"[0,1,2]","[[488953.99584582483,5514312.611985302],[488996.7232629319,5514313.299947986],[489026.04140506615,5514433.2068268405]]","[[488944.06180331705,5514303.110834124],[489004.152850358,5514303.110834124],[489034.1983738785,5514423.110834124]]",b7aa57eb9048b8a64625b5d088fda36bb1854e8f863874bbe3f1ab928d1658a8,"{""0"":2,""1"":0,""2"":1}",f6aea97c040a5c453c6bcea020c2227a2c9844a39a20a0057ce323817c583ab2,5.000000000905654,0.7226713559685514,none,0.051231328270815,none,stationary,matched_prior_exact,1,0,revision_C_base@2ce3a901fecb,2ce3a901fecb5ddde502d0a5eeffb8f48d73c5fd,fab97b80b871eeeac68aa1d75a33173cb368895f3e96803690e3cbc0acb1147d,c4-attrition_20260827_075624_501873_327229d1,327229d1bf70f8e05e383a7a64e8207b7bcbbc0877cfd63b067cd569f1a2c3bf,evidence,revision_B_base,revision_B_base,0.5,0.8,10000.0,5,200000.0,xlarge,45.0,80.0,5.0,0.5,1.0,"{""p_d"":0.8,""stage"":""c4-attrition"",""tau"":10000.0,""w"":0.5}",d4ab4fc6428a0b1f4ceb9e0c3f60e249d31253158385f9207158cfb8c2c16199
5,42,3,dynamic_evidence_3step,0.1513053098922464,8017.212402892411,0.15154326886819453,0.9175111470465107,8591,8592,8737,8738,80001.85927848575,80000.0,1.0000232409810719,budget_exhausted,11.022683397683398,0.9092779894040895,210.86746962624602,1972,2,"[3,4,2]",2003303993,none,none,none,"[0,1]","[[488953.99584582483,5514312.611985302],[488996.7232629319,5514313.299947986]]","[[488944.06180331705,5514303.110834124],[489004.152850358,5514303.110834124]]",02817105f509939182573ece6c41714c4571fca5b17db221ee39c395cb3fc197,none,none,5.000000000114857,0.5348305824112669,none,0.08983954488171275,none,stationary,matched_prior_exact,1,0,revision_C_base@2ce3a901fecb,2ce3a901fecb5ddde502d0a5eeffb8f48d73c5fd,fab97b80b871eeeac68aa1d75a33173cb368895f3e96803690e3cbc0acb1147d,c4-attrition_20260827_075624_501873_327229d1,327229d1bf70f8e05e383a7a64e8207b7bcbbc0877cfd63b067cd569f1a2c3bf,evidence,revision_B_base,revision_B_base,0.5,0.8,10000.0,5,200000.0,xlarge,45.0,80.0,5.0,0.5,1.0,"{""p_d"":0.8,""stage"":""c4-attrition"",""tau"":10000.0,""w"":0.5}",d4ab4fc6428a0b1f4ceb9e0c3f60e249d31253158385f9207158cfb8c2c16199
5,42,3,online_static_3step,0.12199193233731864,8033.481046600121,0.1221586016950987,0.919372973975752,8737,8738,8737,8738,80008.39195317615,80000.0,1.000104899414702,budget_exhausted,15.318671651638443,0.934720188359606,206.14378778962418,2083,2,"[3,4,2]",2003303993,none,none,none,"[0,1]","[[488953.99584582483,5514312.611985302],[488996.7232629319,5514313.299947986]]","[[488944.06180331705,5514303.110834124],[489004.152850358,5514303.110834124]]",02817105f509939182573ece6c41714c4571fca5b17db221ee39c395cb3fc197,none,none,5.000000000114857,0.6104118147476282,none,0.06447081478912986,none,stationary,matched_prior_exact,1,0,revision_C_base@2ce3a901fecb,2ce3a901fecb5ddde502d0a5eeffb8f48d73c5fd,fab97b80b871eeeac68aa1d75a33173cb368895f3e96803690e3cbc0acb1147d,c4-attrition_20260827_075624_501873_327229d1,327229d1bf70f8e05e383a7a64e8207b7bcbbc0877cfd63b067cd569f1a2c3bf,evidence,revision_B_base,revision_B_base,0.5,0.8,10000.0,5,200000.0,xlarge,45.0,80.0,5.0,0.5,1.0,"{""p_d"":0.8,""stage"":""c4-attrition"",""tau"":10000.0,""w"":0.5}",d4ab4fc6428a0b1f4ceb9e0c3f60e249d31253158385f9207158cfb8c2c16199
5,42,3,pizza_repartition,0.15511116055040097,7946.767760398626,0.15534747688802902,0.9094492744791286,8007,8008,8737,8738,80000.09898430697,80000.0,1.0000012373038372,budget_exhausted,10.771899088997898,0.9071658588947077,0.0,0,2,"[3,4,2]",2003303993,none,none,none,"[0,1]","[[488953.99584582483,5514312.611985302],[488996.7232629319,5514313.299947986]]","[[488944.06180331705,5514303.110834124],[489004.152850358,5514303.110834124]]",02817105f509939182573ece6c41714c4571fca5b17db221ee39c395cb3fc197,"{""0"":1,""1"":0}",d4cc8594cb909404258d65952cf35e63ada8bf0b03ff172b2fdde6d17deffdd5,5.000000000889532,0.5525810768612466,none,0.08294280511181173,none,stationary,matched_prior_exact,1,0,revision_C_base@2ce3a901fecb,2ce3a901fecb5ddde502d0a5eeffb8f48d73c5fd,fab97b80b871eeeac68aa1d75a33173cb368895f3e96803690e3cbc0acb1147d,c4-attrition_20260827_075624_501873_327229d1,327229d1bf70f8e05e383a7a64e8207b7bcbbc0877cfd63b067cd569f1a2c3bf,evidence,revision_B_base,revision_B_base,0.5,0.8,10000.0,5,200000.0,xlarge,45.0,80.0,5.0,0.5,1.0,"{""p_d"":0.8,""stage"":""c4-attrition"",""tau"":10000.0,""w"":0.5}",d4ab4fc6428a0b1f4ceb9e0c3f60e249d31253158385f9207158cfb8c2c16199
5,49,0,dynamic_evidence_3step,0.2545819580593254,7306.08358370126,0.25494222157670543,0.8346947999201714,8546,8547,8752,8753,200017.49745790506,200000.0,1.0000874872895253,budget_exhausted,12.886432465172623,0.9223990035486828,434.1100910033565,4052,5,[],1522885522,none,none,none,"[0,1,2,3,4]","[[488893.91071178805,5514436.566292552],[488882.5985381596,5514427.701759634],[488937.55968124256,5514368.437105509],[488960.4985387781,5514279.6863525],[488910.7025082812,5514376.1618681075]]","[[488883.97075627604,5514423.110834124],[488883.97075627604,5514423.110834124],[488944.06180331705,5514363.110834124],[488974.1073268375,5514273.110834124],[488914.01627979655,5514363.110834124]]",cf958bd9521c895ee01de032e1f38c70d1630d6b1740110f850603932b1940f5,none,none,5.000000000114857,1.0,none,0.0,none,stationary,matched_prior_exact,1,0,revision_C_base@2ce3a901fecb,2ce3a901fecb5ddde502d0a5eeffb8f48d73c5fd,fab97b80b871eeeac68aa1d75a33173cb368895f3e96803690e3cbc0acb1147d,c4-attrition_20260827_075624_501873_327229d1,327229d1bf70f8e05e383a7a64e8207b7bcbbc0877cfd63b067cd569f1a2c3bf,evidence,revision_B_base,revision_B_base,0.5,0.8,10000.0,5,200000.0,xlarge,45.0,80.0,5.0,0.5,1.0,"{""p_d"":0.8,""stage"":""c4-attrition"",""tau"":10000.0,""w"":0.5}",d4ab4fc6428a0b1f4ceb9e0c3f60e249d31253158385f9207158cfb8c2c16199
5,49,0,online_static_3step,0.2045443855237779,7560.513240492397,0.20482490826319621,0.8637625089103618,8596,8597,8752,8753,200016.35384331355,200000.0,1.0000817692165678,budget_exhausted,19.520309477756285,0.9487713040031708,398.4311723683495,4116,5,[],1522885522,none,none,none,"[0,1,2,3,4]","[[488893.91071178805,5514436.566292552],[488882.5985381596,5514427.701759634],[488937.55968124256,5514368.437105509],[488960.4985387781,5514279.6863525],[488910.7025082812,5514376.1618681075]]","[[488883.97075627604,5514423.110834124],[488883.97075627604,5514423.110834124],[488944.06180331705,5514363.110834124],[488974.1073268375,5514273.110834124],[488914.01627979655,5514363.110834124]]",cf958bd9521c895ee01de032e1f38c70d1630d6b1740110f850603932b1940f5,none,none,5.000000000114857,1.0,none,0.0,none,stationary,matched_prior_exact,1,0,revision_C_base@2ce3a901fecb,2ce3a901fecb5ddde502d0a5eeffb8f48d73c5fd,fab97b80b871eeeac68aa1d75a33173cb368895f3e96803690e3cbc0acb1147d,c4-attrition_20260827_075624_501873_327229d1,327229d1bf70f8e05e383a7a64e8207b7bcbbc0877cfd63b067cd569f1a2c3bf,evidence,revision_B_base,revision_B_base,0.5,0.8,10000.0,5,200000.0,xlarge,45.0,80.0,5.0,0.5,1.0,"{""p_d"":0.8,""stage"":""c4-attrition"",""tau"":10000.0,""w"":0.5}",d4ab4fc6428a0b1f4ceb9e0c3f60e249d31253158385f9207158cfb8c2c16199
5,49,0,pizza_repartition,0.28083527914902634,7231.234120560915,0.28125914809002905,0.8261435074329846,8011,8012,8752,8753,200005.04612614753,200000.0,1.0000252306307376,budget_exhausted,10.975695189077133,0.9088895980825719,0.0,0,5,[],1522885522,none,none,none,"[0,1,2,3,4]","[[488893.91071178805,5514436.566292552],[488882.5985381596,5514427.701759634],[488937.55968124256,5514368.437105509],[488960.4985387781,5514279.6863525],[488910.7025082812,5514376.1618681075]]","[[488883.97075627604,5514423.110834124],[488883.97075627604,5514423.110834124],[488944.06180331705,5514363.110834124],[488974.1073268375,5514273.110834124],[488914.01627979655,5514363.110834124]]",cf958bd9521c895ee01de032e1f38c70d1630d6b1740110f850603932b1940f5,"{""0"":1,""1"":2,""2"":0,""3"":4,""4"":3}",1857f2c34acf13f50e15d645acc088f7c229096aed22930214d37ca87deb9235,5.000000000888166,1.0,none,0.0,none,stationary,matched_prior_exact,1,0,revision_C_base@2ce3a901fecb,2ce3a901fecb5ddde502d0a5eeffb8f48d73c5fd,fab97b80b871eeeac68aa1d75a33173cb368895f3e96803690e3cbc0acb1147d,c4-attrition_20260827_075624_501873_327229d1,327229d1bf70f8e05e383a7a64e8207b7bcbbc0877cfd63b067cd569f1a2c3bf,evidence,revision_B_base,revision_B_base,0.5,0.8,10000.0,5,200000.0,xlarge,45.0,80.0,5.0,0.5,1.0,"{""p_d"":0.8,""stage"":""c4-attrition"",""tau"":10000.0,""w"":0.5}",d4ab4fc6428a0b1f4ceb9e0c3f60e249d31253158385f9207158cfb8c2c16199
5,49,1,dynamic_evidence_3step,0.24825453663837882,7430.830205921087,0.2486615365306443,0.848946670389705,8528,8529,8752,8753,160007.98348006193,160000.0,1.000049896750387,budget_exhausted,11.866730752425063,0.9157307921732663,374.41919462685473,3462,4,[0],1522885522,none,none,none,"[1,2,3,4]","[[488882.5985381596,5514427.701759634],[488937.55968124256,5514368.437105509],[488960.4985387781,5514279.6863525],[488910.7025082812,5514376.1618681075]]","[[488883.97075627604,5514423.110834124],[488944.06180331705,5514363.110834124],[488974.1073268375,5514273.110834124],[488914.01627979655,5514363.110834124]]",bfe7e4a578ac99656b3ccce2beb0835ada86ffd2b555c7e746e4288f766cee2e,none,none,5.000000000114857,0.9751458372416475,none,0.014251870469533579,none,stationary,matched_prior_exact,1,0,revision_C_base@2ce3a901fecb,2ce3a901fecb5ddde502d0a5eeffb8f48d73c5fd,fab97b80b871eeeac68aa1d75a33173cb368895f3e96803690e3cbc0acb1147d,c4-attrition_20260827_075624_501873_327229d1,327229d1bf70f8e05e383a7a64e8207b7bcbbc0877cfd63b067cd569f1a2c3bf,evidence,revision_B_base,revision_B_base,0.5,0.8,10000.0,5,200000.0,xlarge,45.0,80.0,5.0,0.5,1.0,"{""p_d"":0.8,""stage"":""c4-attrition"",""tau"":10000.0,""w"":0.5}",d4ab4fc6428a0b1f4ceb9e0c3f60e249d31253158385f9207158cfb8c2c16199
5,49,1,online_static_3step,0.12618203960404314,7834.112243426976,0.1263843020901394,0.8950202494489862,8752,8753,8752,8753,160001.0604507255,160000.0,1.0000066278170343,budget_exhausted,31.451042611060743,0.9682045516784133,399.0726043896284,4143,4,[0],1522885522,none,none,none,"[1,2,3,4]","[[488882.5985381596,5514427.701759634],[488937.55968124256,5514368.437105509],[488960.4985387781,5514279.6863525],[488910.7025082812,5514376.1618681075]]","[[488883.97075627604,5514423.110834124],[488944.06180331705,5514363.110834124],[488974.1073268375,5514273.110834124],[488914.01627979655,5514363.110834124]]",bfe7e4a578ac99656b3ccce2beb0835ada86ffd2b555c7e746e4288f766cee2e,none,none,5.000000000114857,0.6168931954838462,none,0.0312577405386244,none,stationary,matched_prior_exact,1,0,revision_C_base@2ce3a901fecb,2ce3a901fecb5ddde502d0a5eeffb8f48d73c5fd,fab97b80b871eeeac68aa1d75a33173cb368895f3e96803690e3cbc0acb1147d,c4-attrition_20260827_075624_501873_327229d1,327229d1bf70f8e05e383a7a64e8207b7bcbbc0877cfd63b067cd569f1a2c3bf,evidence,revision_B_base,revision_B_base,0.5,0.8,10000.0,5,200000.0,xlarge,45.0,80.0,5.0,0.5,1.0,"{""p_d"":0.8,""stage"":""c4-attrition"",""tau"":10000.0,""w"":0.5}",d4ab4fc6428a0b1f4ceb9e0c3f60e249d31253158385f9207158cfb8c2c16199
5,49,1,pizza_repartition,0.245096650776003,7441.46012680829,0.24544444159955509,0.8501611021145081,8010,8011,8752,8753,160001.03222042153,160000.0,1.0000064513776346,budget_exhausted,10.9244361569881,0.9084620949191667,0.0,0,4,[0],1522885522,none,none,none,"[1,2,3,4]","[[488882.5985381596,5514427.701759634],[488937.55968124256,5514368.437105509],[488960.4985387781,5514279.6863525],[488910.7025082812,5514376.1618681075]]","[[488883.97075627604,5514423.110834124],[488944.06180331705,5514363.110834124],[488974.1073268375,5514273.110834124],[488914.01627979655,5514363.110834124]]",bfe7e4a578ac99656b3ccce2beb0835ada86ffd2b555c7e746e4288f766cee2e,"{""1"":1,""2"":0,""3"":3,""4"":2}",6e85ed91b4cc7837d010fa8bb4e11e4ed399f283e8696a01f9983def60551e1e,5.000000000910829,0.8727416709135803,none,0.024017594681523535,none,stationary,matched_prior_exact,1,0,revision_C_base@2ce3a901fecb,2ce3a901fecb5ddde502d0a5eeffb8f48d73c5fd,fab97b80b871eeeac68aa1d75a33173cb368895f3e96803690e3cbc0acb1147d,c4-attrition_20260827_075624_501873_327229d1,327229d1bf70f8e05e383a7a64e8207b7bcbbc0877cfd63b067cd569f1a2c3bf,evidence,revision_B_base,revision_B_base,0.5,0.8,10000.0,5,200000.0,xlarge,45.0,80.0,5.0,0.5,1.0,"{""p_d"":0.8,""stage"":""c4-attrition"",""tau"":10000.0,""w"":0.5}",d4ab4fc6428a0b1f4ceb9e0c3f60e249d31253158385f9207158cfb8c2c16199
5,49,2,dynamic_evidence_3step,0.20042712286171058,7694.32289495344,0.20073277911367107,0.8790497994919958,8504,8505,8752,8753,120002.01277646581,120000.0,1.0000167731372152,budget_exhausted,12.44321940463065,0.9196349459507355,290.5099747623317,2697,3,"[0,2]",1522885522,none,none,none,"[1,3,4]","[[488882.5985381596,5514427.701759634],[488960.4985387781,5514279.6863525],[488910.7025082812,5514376.1618681075]]","[[488883.97075627604,5514423.110834124],[488974.1073268375,5514273.110834124],[488914.01627979655,5514363.110834124]]",6248e3f7cd8ac634af3f935ca754a8564631019c04a6a3e9d1e39755a83d984d,none,none,5.000000000114857,0.7872793672794556,none,0.04435499957182443,none,stationary,matched_prior_exact,1,0,revision_C_base@2ce3a901fecb,2ce3a901fecb5ddde502d0a5eeffb8f48d73c5fd,fab97b80b871eeeac68aa1d75a33173cb368895f3e96803690e3cbc0acb1147d,c4-attrition_20260827_075624_501873_327229d1,327229d1bf70f8e05e383a7a64e8207b7bcbbc0877cfd63b067cd569f1a2c3bf,evidence,revision_B_base,revision_B_base,0.5,0.8,10000.0,5,200000.0,xlarge,45.0,80.0,5.0,0.5,1.0,"{""p_d"":0.8,""stage"":""c4-attrition"",""tau"":10000.0,""w"":0.5}",d4ab4fc6428a0b1f4ceb9e0c3f60e249d31253158385f9207158cfb8c2c16199
5,49,2,online_static_3step,0.15158993653255665,7827.160194675558,0.15187361827480197,0.8942260019051249,8577,8578,8752,8753,120011.26202899635,120000.0,1.0000938502416363,budget_exhausted,18.051900070372977,0.9446041693061877,252.14366892096587,2564,3,"[0,2]",1522885522,none,none,none,"[1,3,4]","[[488882.5985381596,5514427.701759634],[488960.4985387781,5514279.6863525],[488910.7025082812,5514376.1618681075]]","[[488883.97075627604,5514423.110834124],[488974.1073268375,5514273.110834124],[488914.01627979655,5514363.110834124]]",6248e3f7cd8ac634af3f935ca754a8564631019c04a6a3e9d1e39755a83d984d,none,none,5.000000000114857,0.7411102296666784,none,0.03046349299476314,none,stationary,matched_prior_exact,1,0,revision_C_base@2ce3a901fecb,2ce3a901fecb5ddde502d0a5eeffb8f48d73c5fd,fab97b80b871eeeac68aa1d75a33173cb368895f3e96803690e3cbc0acb1147d,c4-attrition_20260827_075624_501873_327229d1,327229d1bf70f8e05e383a7a64e8207b7bcbbc0877cfd63b067cd569f1a2c3bf,evidence,revision_B_base,revision_B_base,0.5,0.8,10000.0,5,200000.0,xlarge,45.0,80.0,5.0,0.5,1.0,"{""p_d"":0.8,""stage"":""c4-attrition"",""tau"":10000.0,""w"":0.5}",d4ab4fc6428a0b1f4ceb9e0c3f60e249d31253158385f9207158cfb8c2c16199
5,49,2,pizza_repartition,0.20286854490025236,7681.227084220706,0.20315103414339108,0.8775536483743523,8010,8011,8752,8753,120008.63482846522,120000.0,1.0000719569038767,budget_exhausted,10.886607669616518,0.9081440215035117,0.0,0,3,"[0,2]",1522885522,none,none,none,"[1,3,4]","[[488882.5985381596,5514427.701759634],[488960.4985387781,5514279.6863525],[488910.7025082812,5514376.1618681075]]","[[488883.97075627604,5514423.110834124],[488974.1073268375,5514273.110834124],[488914.01627979655,5514363.110834124]]",6248e3f7cd8ac634af3f935ca754a8564631019c04a6a3e9d1e39755a83d984d,"{""1"":1,""3"":0,""4"":2}",964ca46957dbbbbe9fa7ca6b7fdc179baf499833a33076d674074f113331abdf,5.000000000908379,0.722375570174,none,0.051410140941367755,none,stationary,matched_prior_exact,1,0,revision_C_base@2ce3a901fecb,2ce3a901fecb5ddde502d0a5eeffb8f48d73c5fd,fab97b80b871eeeac68aa1d75a33173cb368895f3e96803690e3cbc0acb1147d,c4-attrition_20260827_075624_501873_327229d1,327229d1bf70f8e05e383a7a64e8207b7bcbbc0877cfd63b067cd569f1a2c3bf,evidence,revision_B_base,revision_B_base,0.5,0.8,10000.0,5,200000.0,xlarge,45.0,80.0,5.0,0.5,1.0,"{""p_d"":0.8,""stage"":""c4-attrition"",""tau"":10000.0,""w"":0.5}",d4ab4fc6428a0b1f4ceb9e0c3f60e249d31253158385f9207158cfb8c2c16199
5,49,3,dynamic_evidence_3step,0.16028297068027064,7940.701182047037,0.1605301060871037,0.9071976673194375,8525,8526,8752,8753,80003.42491269394,80000.0,1.0000428114086743,budget_exhausted,11.40221588047675,0.912297748921573,207.83864271640778,1930,2,"[0,2,3]",1522885522,none,none,none,"[1,4]","[[488882.5985381596,5514427.701759634],[488910.7025082812,5514376.1618681075]]","[[488883.97075627604,5514423.110834124],[488914.01627979655,5514363.110834124]]",010de9ae80b0a47ae8f68b2137e2bc95fbe03c0be8358d2b3dd2f80530a3607f,none,none,5.000000000114857,0.6295928112978054,none,0.07250286739926615,none,stationary,matched_prior_exact,1,0,revision_C_base@2ce3a901fecb,2ce3a901fecb5ddde502d0a5eeffb8f48d73c5fd,fab97b80b871eeeac68aa1d75a33173cb368895f3e96803690e3cbc0acb1147d,c4-attrition_20260827_075624_501873_327229d1,327229d1bf70f8e05e383a7a64e8207b7bcbbc0877cfd63b067cd569f1a2c3bf,evidence,revision_B_base,revision_B_base,0.5,0.8,10000.0,5,200000.0,xlarge,45.0,80.0,5.0,0.5,1.0,"{""p_d"":0.8,""stage"":""c4-attrition"",""tau"":10000.0,""w"":0.5}",d4ab4fc6428a0b1f4ceb9e0c3f60e249d31253158385f9207158cfb8c2c16199
5,49,3,online_static_3step,0.11133508402546685,8147.576086718132,0.11150027617470033,0.9308324102271371,8539,8540,8752,8753,80004.52183198388,80000.0,1.0000565228997984,budget_exhausted,17.479476654694714,0.9427900491670947,184.9698328229133,1899,2,"[0,2,3]",1522885522,none,none,none,"[1,4]","[[488882.5985381596,5514427.701759634],[488910.7025082812,5514376.1618681075]]","[[488883.97075627604,5514423.110834124],[488914.01627979655,5514363.110834124]]",010de9ae80b0a47ae8f68b2137e2bc95fbe03c0be8358d2b3dd2f80530a3607f,none,none,5.000000000114857,0.5443076999662958,none,0.06706990131677537,none,stationary,matched_prior_exact,1,0,revision_C_base@2ce3a901fecb,2ce3a901fecb5ddde502d0a5eeffb8f48d73c5fd,fab97b80b871eeeac68aa1d75a33173cb368895f3e96803690e3cbc0acb1147d,c4-attrition_20260827_075624_501873_327229d1,327229d1bf70f8e05e383a7a64e8207b7bcbbc0877cfd63b067cd569f1a2c3bf,evidence,revision_B_base,revision_B_base,0.5,0.8,10000.0,5,200000.0,xlarge,45.0,80.0,5.0,0.5,1.0,"{""p_d"":0.8,""stage"":""c4-attrition"",""tau"":10000.0,""w"":0.5}",d4ab4fc6428a0b1f4ceb9e0c3f60e249d31253158385f9207158cfb8c2c16199
5,49,3,pizza_repartition,0.1551025179152551,7958.746324787843,0.1553335307647084,0.90925926251432,8007,8008,8752,8753,80001.59775808678,80000.0,1.0000199719760847,budget_exhausted,10.77355516637478,0.9071801290700132,0.0,0,2,"[0,2,3]",1522885522,none,none,none,"[1,4]","[[488882.5985381596,5514427.701759634],[488910.7025082812,5514376.1618681075]]","[[488883.97075627604,5514423.110834124],[488914.01627979655,5514363.110834124]]",010de9ae80b0a47ae8f68b2137e2bc95fbe03c0be8358d2b3dd2f80530a3607f,"{""1"":1,""4"":0}",5ac4637e09721ad2893258aa81306b30f59de46ded16b0eb3307941523e08c25,5.000000000889653,0.5522900056760651,none,0.0831157550813354,none,stationary,matched_prior_exact,1,0,revision_C_base@2ce3a901fecb,2ce3a901fecb5ddde502d0a5eeffb8f48d73c5fd,fab97b80b871eeeac68aa1d75a33173cb368895f3e96803690e3cbc0acb1147d,c4-attrition_20260827_075624_501873_327229d1,327229d1bf70f8e05e383a7a64e8207b7bcbbc0877cfd63b067cd569f1a2c3bf,evidence,revision_B_base,revision_B_base,0.5,0.8,10000.0,5,200000.0,xlarge,45.0,80.0,5.0,0.5,1.0,"{""p_d"":0.8,""stage"":""c4-attrition"",""tau"":10000.0,""w"":0.5}",d4ab4fc6428a0b1f4ceb9e0c3f60e249d31253158385f9207158cfb8c2c16199
5,47,0,dynamic_evidence_3step,0.28038048247156666,7415.652034050604,0.28082036347938527,0.822772887390503,8528,8529,9012,9013,200024.7453703069,200000.0,1.0001237268515344,budget_exhausted,11.17296549907822,0.910498246854651,440.3282127303537,4073,5,[],4188120730,none,none,none,"[0,1,2,3,4]","[[488939.592022011,5514291.411876654],[488912.6231172659,5514385.100778033],[488999.4726830649,5514366.400257094],[488972.49794681044,5514466.252638252],[488901.8693938642,5514374.617822179]]","[[488944.06180331705,5514303.110834124],[488914.01627979655,5514393.110834124],[489004.152850358,5514363.110834124],[488974.1073268375,5514453.110834124],[488914.01627979655,5514363.110834124]]",16032c3d3dcc3d7c5626339453b69f0160b805ad82d5118c5de473931a86bd4c,none,none,5.000000000114857,1.0,none,0.0,none,stationary,matched_prior_exact,1,0,revision_C_base@2ce3a901fecb,2ce3a901fecb5ddde502d0a5eeffb8f48d73c5fd,fab97b80b871eeeac68aa1d75a33173cb368895f3e96803690e3cbc0acb1147d,c4-attrition_20260827_075624_501873_327229d1,327229d1bf70f8e05e383a7a64e8207b7bcbbc0877cfd63b067cd569f1a2c3bf,evidence,revision_B_base,revision_B_base,0.5,0.8,10000.0,5,200000.0,xlarge,45.0,80.0,5.0,0.5,1.0,"{""p_d"":0.8,""stage"":""c4-attrition"",""tau"":10000.0,""w"":0.5}",d4ab4fc6428a0b1f4ceb9e0c3f60e249d31253158385f9207158cfb8c2c16199
5,47,0,online_static_3step,0.15533674154114518,7939.083694050276,0.15556379906531487,0.8808480743426468,9012,9013,9012,9013,200012.46396461685,200000.0,1.0000623198230842,budget_exhausted,30.352613827993256,0.9670539082509682,428.7181828431785,4437,5,[],4188120730,none,none,none,"[0,1,2,3,4]","[[488939.592022011,5514291.411876654],[488912.6231172659,5514385.100778033],[488999.4726830649,5514366.400257094],[488972.49794681044,5514466.252638252],[488901.8693938642,5514374.617822179]]","[[488944.06180331705,5514303.110834124],[488914.01627979655,5514393.110834124],[489004.152850358,5514363.110834124],[488974.1073268375,5514453.110834124],[488914.01627979655,5514363.110834124]]",16032c3d3dcc3d7c5626339453b69f0160b805ad82d5118c5de473931a86bd4c,none,none,5.000000000114857,1.0,none,0.0,none,stationary,matched_prior_exact,1,0,revision_C_base@2ce3a901fecb,2ce3a901fecb5ddde502d0a5eeffb8f48d73c5fd,fab97b80b871eeeac68aa1d75a33173cb368895f3e96803690e3cbc0acb1147d,c4-attrition_20260827_075624_501873_327229d1,327229d1bf70f8e05e383a7a64e8207b7bcbbc0877cfd63b067cd569f1a2c3bf,evidence,revision_B_base,revision_B_base,0.5,0.8,10000.0,5,200000.0,xlarge,45.0,80.0,5.0,0.5,1.0,"{""p_d"":0.8,""stage"":""c4-attrition"",""tau"":10000.0,""w"":0.5}",d4ab4fc6428a0b1f4ceb9e0c3f60e249d31253158385f9207158cfb8c2c16199
5,47,0,pizza_repartition,0.28089256663132095,7417.639378917189,0.28129808681607127,0.8229933849902573,8012,8013,9012,9013,200012.22439650897,200000.0,1.0000611219825448,budget_exhausted,10.97462654563648,0.9088807262970054,0.0,0,5,[],4188120730,none,none,none,"[0,1,2,3,4]","[[488939.592022011,5514291.411876654],[488912.6231172659,5514385.100778033],[488999.4726830649,5514366.400257094],[488972.49794681044,5514466.252638252],[488901.8693938642,5514374.617822179]]","[[488944.06180331705,5514303.110834124],[488914.01627979655,5514393.110834124],[489004.152850358,5514363.110834124],[488974.1073268375,5514453.110834124],[488914.01627979655,5514363.110834124]]",16032c3d3dcc3d7c5626339453b69f0160b805ad82d5118c5de473931a86bd4c,"{""0"":4,""1"":2,""2"":0,""3"":1,""4"":3}",1fab15a6b9da3b8b758550f8d4e3533cff416828c946835dd23bd72df7c832b8,5.000000000887461,1.0,none,0.0,none,stationary,matched_prior_exact,1,0,revision_C_base@2ce3a901fecb,2ce3a901fecb5ddde502d0a5eeffb8f48d73c5fd,fab97b80b871eeeac68aa1d75a33173cb368895f3e96803690e3cbc0acb1147d,c4-attrition_20260827_075624_501873_327229d1,327229d1bf70f8e05e383a7a64e8207b7bcbbc0877cfd63b067cd569f1a2c3bf,evidence,revision_B_base,revision_B_base,0.5,0.8,10000.0,5,200000.0,xlarge,45.0,80.0,5.0,0.5,1.0,"{""p_d"":0.8,""stage"":""c4-attrition"",""tau"":10000.0,""w"":0.5}",d4ab4fc6428a0b1f4ceb9e0c3f60e249d31253158385f9207158cfb8c2c16199
5,47,1,dynamic_evidence_3step,0.2461361054965971,7635.81315507477,0.24651850133600692,0.8471999506351682,8545,8546,9012,9013,160011.31097329443,160000.0,1.00007069358309,budget_exhausted,11.928515111695138,0.9161672688816427,378.26340394397266,3462,4,[0],4188120730,none,none,none,"[1,2,3,4]","[[488912.6231172659,5514385.100778033],[488999.4726830649,5514366.400257094],[488972.49794681044,5514466.252638252],[488901.8693938642,5514374.617822179]]","[[488914.01627979655,5514393.110834124],[489004.152850358,5514363.110834124],[488974.1073268375,5514453.110834124],[488914.01627979655,5514363.110834124]]",48f770fbe2e1ab93de888fc097b09ab2d4cec4b1f33662c5fcab88311e310c26,none,none,5.000000000114857,0.8778646192734108,none,0.024427063244665148,none,stationary,matched_prior_exact,1,0,revision_C_base@2ce3a901fecb,2ce3a901fecb5ddde502d0a5eeffb8f48d73c5fd,fab97b80b871eeeac68aa1d75a33173cb368895f3e96803690e3cbc0acb1147d,c4-attrition_20260827_075624_501873_327229d1,327229d1bf70f8e05e383a7a64e8207b7bcbbc0877cfd63b067cd569f1a2c3bf,evidence,revision_B_base,revision_B_base,0.5,0.8,10000.0,5,200000.0,xlarge,45.0,80.0,5.0,0.5,1.0,"{""p_d"":0.8,""stage"":""c4-attrition"",""tau"":10000.0,""w"":0.5}",d4ab4fc6428a0b1f4ceb9e0c3f60e249d31253158385f9207158cfb8c2c16199
5,47,1,online_static_3step,0.15073054330471278,7994.043556846243,0.15090308772967048,0.8869459177683615,8686,8687,9012,9013,160015.9994223784,160000.0,1.000099996389865,budget_exhausted,23.909185082872927,0.9581750696841467,327.90316787408665,3349,4,[0],4188120730,none,none,none,"[1,2,3,4]","[[488912.6231172659,5514385.100778033],[488999.4726830649,5514366.400257094],[488972.49794681044,5514466.252638252],[488901.8693938642,5514374.617822179]]","[[488914.01627979655,5514393.110834124],[489004.152850358,5514363.110834124],[488974.1073268375,5514453.110834124],[488914.01627979655,5514363.110834124]]",48f770fbe2e1ab93de888fc097b09ab2d4cec4b1f33662c5fcab88311e310c26,none,none,5.000000000114857,0.9703470139084105,none,0.006097843425714733,none,stationary,matched_prior_exact,1,0,revision_C_base@2ce3a901fecb,2ce3a901fecb5ddde502d0a5eeffb8f48d73c5fd,fab97b80b871eeeac68aa1d75a33173cb368895f3e96803690e3cbc0acb1147d,c4-attrition_20260827_075624_501873_327229d1,327229d1bf70f8e05e383a7a64e8207b7bcbbc0877cfd63b067cd569f1a2c3bf,evidence,revision_B_base,revision_B_base,0.5,0.8,10000.0,5,200000.0,xlarge,45.0,80.0,5.0,0.5,1.0,"{""p_d"":0.8,""stage"":""c4-attrition"",""tau"":10000.0,""w"":0.5}",d4ab4fc6428a0b1f4ceb9e0c3f60e249d31253158385f9207158cfb8c2c16199
5,47,1,pizza_repartition,0.24508003370831843,7637.912824893683,0.24542178863639655,0.8474329107837216,8011,8012,9012,9013,160007.8206849768,160000.0,1.0000488792811049,budget_exhausted,10.918582970789311,0.9084130236794171,0.0,0,4,[0],4188120730,none,none,none,"[1,2,3,4]","[[488912.6231172659,5514385.100778033],[488999.4726830649,5514366.400257094],[488972.49794681044,5514466.252638252],[488901.8693938642,5514374.617822179]]","[[488914.01627979655,5514393.110834124],[489004.152850358,5514363.110834124],[488974.1073268375,5514453.110834124],[488914.01627979655,5514363.110834124]]",48f770fbe2e1ab93de888fc097b09ab2d4cec4b1f33662c5fcab88311e310c26,"{""1"":2,""2"":0,""3"":1,""4"":3}",db22d96c578ac5362d4b373302b08f1f951eddb4ed7ee6a47d37c23fe32c4cea,5.000000000892224,0.8725045188895745,none,0.024439525793464312,none,stationary,matched_prior_exact,1,0,revision_C_base@2ce3a901fecb,2ce3a901fecb5ddde502d0a5eeffb8f48d73c5fd,fab97b80b871eeeac68aa1d75a33173cb368895f3e96803690e3cbc0acb1147d,c4-attrition_20260827_075624_501873_327229d1,327229d1bf70f8e05e383a7a64e8207b7bcbbc0877cfd63b067cd569f1a2c3bf,evidence,revision_B_base,revision_B_base,0.5,0.8,10000.0,5,200000.0,xlarge,45.0,80.0,5.0,0.5,1.0,"{""p_d"":0.8,""stage"":""c4-attrition"",""tau"":10000.0,""w"":0.5}",d4ab4fc6428a0b1f4ceb9e0c3f60e249d31253158385f9207158cfb8c2c16199
5,47,2,dynamic_evidence_3step,0.21334606420023428,7869.453751541258,0.2136865321642584,0.8731225731211869,8549,8550,9012,9013,120000.71201821227,120000.0,1.0000059334851024,budget_exhausted,11.378396436525613,0.9121141537317231,299.88192956196144,2727,3,"[0,2]",4188120730,none,none,none,"[1,3,4]","[[488912.6231172659,5514385.100778033],[488972.49794681044,5514466.252638252],[488901.8693938642,5514374.617822179]]","[[488914.01627979655,5514393.110834124],[488974.1073268375,5514453.110834124],[488914.01627979655,5514363.110834124]]",930e815159e3e0c88c46a5c720e90336405911853c0aad669e9d363a82c8f15b,none,none,5.000000000114857,0.7609162460938046,none,0.05034968573068388,none,stationary,matched_prior_exact,1,0,revision_C_base@2ce3a901fecb,2ce3a901fecb5ddde502d0a5eeffb8f48d73c5fd,fab97b80b871eeeac68aa1d75a33173cb368895f3e96803690e3cbc0acb1147d,c4-attrition_20260827_075624_501873_327229d1,327229d1bf70f8e05e383a7a64e8207b7bcbbc0877cfd63b067cd569f1a2c3bf,evidence,revision_B_base,revision_B_base,0.5,0.8,10000.0,5,200000.0,xlarge,45.0,80.0,5.0,0.5,1.0,"{""p_d"":0.8,""stage"":""c4-attrition"",""tau"":10000.0,""w"":0.5}",d4ab4fc6428a0b1f4ceb9e0c3f60e249d31253158385f9207158cfb8c2c16199
5,47,2,online_static_3step,0.09527876677457393,8286.735773734265,0.09540884697399438,0.9194203676616293,8862,8863,9012,9013,120011.81299843188,120000.0,1.000098441653599,budget_exhausted,31.952452603069517,0.9687034978997533,304.8203536993824,3108,3,"[0,2]",4188120730,none,none,none,"[1,3,4]","[[488912.6231172659,5514385.100778033],[488972.49794681044,5514466.252638252],[488901.8693938642,5514374.617822179]]","[[488914.01627979655,5514393.110834124],[488974.1073268375,5514453.110834124],[488914.01627979655,5514363.110834124]]",930e815159e3e0c88c46a5c720e90336405911853c0aad669e9d363a82c8f15b,none,none,5.000000000114857,0.6133691606331059,none,0.03857229331898249,none,stationary,matched_prior_exact,1,0,revision_C_base@2ce3a901fecb,2ce3a901fecb5ddde502d0a5eeffb8f48d73c5fd,fab97b80b871eeeac68aa1d75a33173cb368895f3e96803690e3cbc0acb1147d,c4-attrition_20260827_075624_501873_327229d1,327229d1bf70f8e05e383a7a64e8207b7bcbbc0877cfd63b067cd569f1a2c3bf,evidence,revision_B_base,revision_B_base,0.5,0.8,10000.0,5,200000.0,xlarge,45.0,80.0,5.0,0.5,1.0,"{""p_d"":0.8,""stage"":""c4-attrition"",""tau"":10000.0,""w"":0.5}",d4ab4fc6428a0b1f4ceb9e0c3f60e249d31253158385f9207158cfb8c2c16199
5,47,2,pizza_repartition,0.20299457613369157,7887.179929742809,0.20328068384121578,0.8750893076381681,8010,8011,9012,9013,120010.79405443162,120000.0,1.000089950453597,budget_exhausted,10.874425185709232,0.9080411163880033,0.0,0,3,"[0,2]",4188120730,none,none,none,"[1,3,4]","[[488912.6231172659,5514385.100778033],[488972.49794681044,5514466.252638252],[488901.8693938642,5514374.617822179]]","[[488914.01627979655,5514393.110834124],[488974.1073268375,5514453.110834124],[488914.01627979655,5514363.110834124]]",930e815159e3e0c88c46a5c720e90336405911853c0aad669e9d363a82c8f15b,"{""1"":1,""3"":0,""4"":2}",964ca46957dbbbbe9fa7ca6b7fdc179baf499833a33076d674074f113331abdf,5.000000000908379,0.7226769243777369,none,0.05209592264791074,none,stationary,matched_prior_exact,1,0,revision_C_base@2ce3a901fecb,2ce3a901fecb5ddde502d0a5eeffb8f48d73c5fd,fab97b80b871eeeac68aa1d75a33173cb368895f3e96803690e3cbc0acb1147d,c4-attrition_20260827_075624_501873_327229d1,327229d1bf70f8e05e383a7a64e8207b7bcbbc0877cfd63b067cd569f1a2c3bf,evidence,revision_B_base,revision_B_base,0.5,0.8,10000.0,5,200000.0,xlarge,45.0,80.0,5.0,0.5,1.0,"{""p_d"":0.8,""stage"":""c4-attrition"",""tau"":10000.0,""w"":0.5}",d4ab4fc6428a0b1f4ceb9e0c3f60e249d31253158385f9207158cfb8c2c16199
5,47,3,dynamic_evidence_3step,0.1602025223027161,8159.726074138612,0.16045733044951122,0.9053285336889617,8525,8526,9012,9013,80008.3793891735,80000.0,1.0001047423646687,budget_exhausted,11.403962390866353,0.9123111804717176,209.12319995695725,1933,2,"[0,2,3]",4188120730,none,none,none,"[1,4]","[[488912.6231172659,5514385.100778033],[488901.8693938642,5514374.617822179]]","[[488914.01627979655,5514393.110834124],[488914.01627979655,5514363.110834124]]",55f6d962bc2d9544cdaec5b935f5d7c4d8adc9ba01f433d32ad41ba30429dbe0,none,none,5.000000000114857,0.571375442721703,none,0.08255564629845868,none,stationary,matched_prior_exact,1,0,revision_C_base@2ce3a901fecb,2ce3a901fecb5ddde502d0a5eeffb8f48d73c5fd,fab97b80b871eeeac68aa1d75a33173cb368895f3e96803690e3cbc0acb1147d,c4-attrition_20260827_075624_501873_327229d1,327229d1bf70f8e05e383a7a64e8207b7bcbbc0877cfd63b067cd569f1a2c3bf,evidence,revision_B_base,revision_B_base,0.5,0.8,10000.0,5,200000.0,xlarge,45.0,80.0,5.0,0.5,1.0,"{""p_d"":0.8,""stage"":""c4-attrition"",""tau"":10000.0,""w"":0.5}",d4ab4fc6428a0b1f4ceb9e0c3f60e249d31253158385f9207158cfb8c2c16199
5,47,3,online_static_3step,0.11134355255988243,8378.68728392155,0.11150116038431626,0.929622465762959,8539,8540,9012,9013,80009.47630846346,80000.0,1.0001184538557932,budget_exhausted,17.47473711208002,0.9427745325388206,187.73588640172966,1917,2,"[0,2,3]",4188120730,none,none,none,"[1,4]","[[488912.6231172659,5514385.100778033],[488901.8693938642,5514374.617822179]]","[[488914.01627979655,5514393.110834124],[488914.01627979655,5514363.110834124]]",55f6d962bc2d9544cdaec5b935f5d7c4d8adc9ba01f433d32ad41ba30429dbe0,none,none,5.000000000114857,0.7167882592051801,none,0.04877439142031226,none,stationary,matched_prior_exact,1,0,revision_C_base@2ce3a901fecb,2ce3a901fecb5ddde502d0a5eeffb8f48d73c5fd,fab97b80b871eeeac68aa1d75a33173cb368895f3e96803690e3cbc0acb1147d,c4-attrition_20260827_075624_501873_327229d1,327229d1bf70f8e05e383a7a64e8207b7bcbbc0877cfd63b067cd569f1a2c3bf,evidence,revision_B_base,revision_B_base,0.5,0.8,10000.0,5,200000.0,xlarge,45.0,80.0,5.0,0.5,1.0,"{""p_d"":0.8,""stage"":""c4-attrition"",""tau"":10000.0,""w"":0.5}",d4ab4fc6428a0b1f4ceb9e0c3f60e249d31253158385f9207158cfb8c2c16199
5,47,3,pizza_repartition,0.15511790741613568,8178.038135553399,0.15533007536045623,0.9073602724457338,8008,8009,9012,9013,80007.06634047092,80000.0,1.0000883292558864,budget_exhausted,10.773029772329247,0.907175602301915,0.0,0,2,"[0,2,3]",4188120730,none,none,none,"[1,4]","[[488912.6231172659,5514385.100778033],[488901.8693938642,5514374.617822179]]","[[488914.01627979655,5514393.110834124],[488914.01627979655,5514363.110834124]]",55f6d962bc2d9544cdaec5b935f5d7c4d8adc9ba01f433d32ad41ba30429dbe0,"{""1"":0,""4"":1}",9dc284199ee3c047db254e9e43b7576c0afbfedb703aef34f2d0bce9f110296c,5.000000000889653,0.5522321550777529,none,0.08436688745547649,none,stationary,matched_prior_exact,1,0,revision_C_base@2ce3a901fecb,2ce3a901fecb5ddde502d0a5eeffb8f48d73c5fd,fab97b80b871eeeac68aa1d75a33173cb368895f3e96803690e3cbc0acb1147d,c4-attrition_20260827_075624_501873_327229d1,327229d1bf70f8e05e383a7a64e8207b7bcbbc0877cfd63b067cd569f1a2c3bf,evidence,revision_B_base,revision_B_base,0.5,0.8,10000.0,5,200000.0,xlarge,45.0,80.0,5.0,0.5,1.0,"{""p_d"":0.8,""stage"":""c4-attrition"",""tau"":10000.0,""w"":0.5}",d4ab4fc6428a0b1f4ceb9e0c3f60e249d31253158385f9207158cfb8c2c16199
5,48,0,dynamic_evidence_3step,0.27498983700794455,7323.277929565602,0.27534811574822404,0.8300212999620993,8545,8546,8822,8823,200009.38905670436,200000.0,1.0000469452835217,budget_exhausted,12.583142329020333,0.9205285950160705,442.79577696998604,4083,5,[],2554995583,none,none,none,"[0,1,2,3,4]","[[488885.3059242648,5514428.16561988],[488861.0387228996,5514370.893690777],[488890.6399172239,5514302.102478412],[488882.67306184856,5514339.237248257],[488950.3043739672,5514332.652667367]]","[[488883.97075627604,5514423.110834124],[488853.92523275554,5514363.110834124],[488883.97075627604,5514303.110834124],[488883.97075627604,5514333.110834124],[488944.06180331705,5514333.110834124]]",f092b0bf81c12aff7aed800fe96ae6865f7b0c5c56f3940ce419f6c91e850313,none,none,5.000000000114857,1.0,none,0.0,none,stationary,matched_prior_exact,1,0,revision_C_base@2ce3a901fecb,2ce3a901fecb5ddde502d0a5eeffb8f48d73c5fd,fab97b80b871eeeac68aa1d75a33173cb368895f3e96803690e3cbc0acb1147d,c4-attrition_20260827_075624_501873_327229d1,327229d1bf70f8e05e383a7a64e8207b7bcbbc0877cfd63b067cd569f1a2c3bf,evidence,revision_B_base,revision_B_base,0.5,0.8,10000.0,5,200000.0,xlarge,45.0,80.0,5.0,0.5,1.0,"{""p_d"":0.8,""stage"":""c4-attrition"",""tau"":10000.0,""w"":0.5}",d4ab4fc6428a0b1f4ceb9e0c3f60e249d31253158385f9207158cfb8c2c16199
5,48,0,online_static_3step,0.20833522997683382,7513.2369179647685,0.20866170110608576,0.8515512771126339,8822,8823,8822,8823,200010.6923069526,200000.0,1.0000534615347632,budget_exhausted,19.962656072644723,0.9499064655343974,462.7280236566439,4687,5,[],2554995583,none,none,none,"[0,1,2,3,4]","[[488885.3059242648,5514428.16561988],[488861.0387228996,5514370.893690777],[488890.6399172239,5514302.102478412],[488882.67306184856,5514339.237248257],[488950.3043739672,5514332.652667367]]","[[488883.97075627604,5514423.110834124],[488853.92523275554,5514363.110834124],[488883.97075627604,5514303.110834124],[488883.97075627604,5514333.110834124],[488944.06180331705,5514333.110834124]]",f092b0bf81c12aff7aed800fe96ae6865f7b0c5c56f3940ce419f6c91e850313,none,none,5.000000000114857,1.0,none,0.0,none,stationary,matched_prior_exact,1,0,revision_C_base@2ce3a901fecb,2ce3a901fecb5ddde502d0a5eeffb8f48d73c5fd,fab97b80b871eeeac68aa1d75a33173cb368895f3e96803690e3cbc0acb1147d,c4-attrition_20260827_075624_501873_327229d1,327229d1bf70f8e05e383a7a64e8207b7bcbbc0877cfd63b067cd569f1a2c3bf,evidence,revision_B_base,revision_B_base,0.5,0.8,10000.0,5,200000.0,xlarge,45.0,80.0,5.0,0.5,1.0,"{""p_d"":0.8,""stage"":""c4-attrition"",""tau"":10000.0,""w"":0.5}",d4ab4fc6428a0b1f4ceb9e0c3f60e249d31253158385f9207158cfb8c2c16199
5,48,0,pizza_repartition,0.2807074622678873,7282.605138511408,0.2811132578915647,0.8254114403843826,8011,8012,8822,8823,200009.03321138062,200000.0,1.0000451660569032,budget_exhausted,10.99656603233653,0.9090625203304925,0.0,0,5,[],2554995583,none,none,none,"[0,1,2,3,4]","[[488885.3059242648,5514428.16561988],[488861.0387228996,5514370.893690777],[488890.6399172239,5514302.102478412],[488882.67306184856,5514339.237248257],[488950.3043739672,5514332.652667367]]","[[488883.97075627604,5514423.110834124],[488853.92523275554,5514363.110834124],[488883.97075627604,5514303.110834124],[488883.97075627604,5514333.110834124],[488944.06180331705,5514333.110834124]]",f092b0bf81c12aff7aed800fe96ae6865f7b0c5c56f3940ce419f6c91e850313,"{""0"":2,""1"":1,""2"":4,""3"":3,""4"":0}",f1e2d5a1d0e50b2cd665d4c201166c11c7ee6832f94f1228b66b3c95cace34db,5.000000000905258,1.0,none,0.0,none,stationary,matched_prior_exact,1,0,revision_C_base@2ce3a901fecb,2ce3a901fecb5ddde502d0a5eeffb8f48d73c5fd,fab97b80b871eeeac68aa1d75a33173cb368895f3e96803690e3cbc0acb1147d,c4-attrition_20260827_075624_501873_327229d1,327229d1bf70f8e05e383a7a64e8207b7bcbbc0877cfd63b067cd569f1a2c3bf,evidence,revision_B_base,revision_B_base,0.5,0.8,10000.0,5,200000.0,xlarge,45.0,80.0,5.0,0.5,1.0,"{""p_d"":0.8,""stage"":""c4-attrition"",""tau"":10000.0,""w"":0.5}",d4ab4fc6428a0b1f4ceb9e0c3f60e249d31253158385f9207158cfb8c2c16199
5,48,1,dynamic_evidence_3step,0.2403697609197269,7527.789217224281,0.24071278552869205,0.8532006366569512,8550,8551,8822,8823,160002.56910153333,160000.0,1.0000160568845833,budget_exhausted,12.193557046979866,0.9179894762334603,368.09685927652754,3364,4,[4],2554995583,none,none,none,"[0,1,2,3]","[[488885.3059242648,5514428.16561988],[488861.0387228996,5514370.893690777],[488890.6399172239,5514302.102478412],[488882.67306184856,5514339.237248257]]","[[488883.97075627604,5514423.110834124],[488853.92523275554,5514363.110834124],[488883.97075627604,5514303.110834124],[488883.97075627604,5514333.110834124]]",d83459b29eb23ac53f644f3b58c8dbce101dccf8d17b782c14dc90d3778ed67b,none,none,5.000000000114857,0.874104161575915,none,0.02317933669485195,none,stationary,matched_prior_exact,1,0,revision_C_base@2ce3a901fecb,2ce3a901fecb5ddde502d0a5eeffb8f48d73c5fd,fab97b80b871eeeac68aa1d75a33173cb368895f3e96803690e3cbc0acb1147d,c4-attrition_20260827_075624_501873_327229d1,327229d1bf70f8e05e383a7a64e8207b7bcbbc0877cfd63b067cd569f1a2c3bf,evidence,revision_B_base,revision_B_base,0.5,0.8,10000.0,5,200000.0,xlarge,45.0,80.0,5.0,0.5,1.0,"{""p_d"":0.8,""stage"":""c4-attrition"",""tau"":10000.0,""w"":0.5}",d4ab4fc6428a0b1f4ceb9e0c3f60e249d31253158385f9207158cfb8c2c16199
5,48,1,online_static_3step,0.183611541476529,7705.351156902265,0.18390639222900435,0.8733255306474289,8628,8629,8822,8823,160000.57180198398,160000.0,1.0000035737624,budget_exhausted,16.565363800360792,0.939633079475247,339.1563332043588,3421,4,[4],2554995583,none,none,none,"[0,1,2,3]","[[488885.3059242648,5514428.16561988],[488861.0387228996,5514370.893690777],[488890.6399172239,5514302.102478412],[488882.67306184856,5514339.237248257]]","[[488883.97075627604,5514423.110834124],[488853.92523275554,5514363.110834124],[488883.97075627604,5514303.110834124],[488883.97075627604,5514333.110834124]]",d83459b29eb23ac53f644f3b58c8dbce101dccf8d17b782c14dc90d3778ed67b,none,none,5.000000000114857,0.8813273755809135,none,0.021774253534795007,none,stationary,matched_prior_exact,1,0,revision_C_base@2ce3a901fecb,2ce3a901fecb5ddde502d0a5eeffb8f48d73c5fd,fab97b80b871eeeac68aa1d75a33173cb368895f3e96803690e3cbc0acb1147d,c4-attrition_20260827_075624_501873_327229d1,327229d1bf70f8e05e383a7a64e8207b7bcbbc0877cfd63b067cd569f1a2c3bf,evidence,revision_B_base,revision_B_base,0.5,0.8,10000.0,5,200000.0,xlarge,45.0,80.0,5.0,0.5,1.0,"{""p_d"":0.8,""stage"":""c4-attrition"",""tau"":10000.0,""w"":0.5}",d4ab4fc6428a0b1f4ceb9e0c3f60e249d31253158385f9207158cfb8c2c16199
5,48,1,pizza_repartition,0.24502988648049287,7495.411668821676,0.24538938177942166,0.8495309609907827,8010,8011,8822,8823,160000.87255076814,160000.0,1.0000054534423009,budget_exhausted,10.934612651030562,0.9085472863178421,0.0,0,4,[4],2554995583,none,none,none,"[0,1,2,3]","[[488885.3059242648,5514428.16561988],[488861.0387228996,5514370.893690777],[488890.6399172239,5514302.102478412],[488882.67306184856,5514339.237248257]]","[[488883.97075627604,5514423.110834124],[488853.92523275554,5514363.110834124],[488883.97075627604,5514303.110834124],[488883.97075627604,5514333.110834124]]",d83459b29eb23ac53f644f3b58c8dbce101dccf8d17b782c14dc90d3778ed67b,"{""0"":1,""1"":2,""2"":3,""3"":0}",ed43f1107d0f224afa50dcb743d2c48eec521ed0df6e1a9dae28731ff58cb15a,5.000000000914471,0.872901220725845,none,0.024119520606400102,none,stationary,matched_prior_exact,1,0,revision_C_base@2ce3a901fecb,2ce3a901fecb5ddde502d0a5eeffb8f48d73c5fd,fab97b80b871eeeac68aa1d75a33173cb368895f3e96803690e3cbc0acb1147d,c4-attrition_20260827_075624_501873_327229d1,327229d1bf70f8e05e383a7a64e8207b7bcbbc0877cfd63b067cd569f1a2c3bf,evidence,revision_B_base,revision_B_base,0.5,0.8,10000.0,5,200000.0,xlarge,45.0,80.0,5.0,0.5,1.0,"{""p_d"":0.8,""stage"":""c4-attrition"",""tau"":10000.0,""w"":0.5}",d4ab4fc6428a0b1f4ceb9e0c3f60e249d31253158385f9207158cfb8c2c16199
5,48,2,dynamic_evidence_3step,0.20051333989903802,7763.819501027738,0.20077615501548526,0.8799523405902457,8541,8542,8822,8823,120004.42090785671,120000.0,1.0000368408988058,budget_exhausted,12.446300134097282,0.9196548380461718,295.2062413021922,2709,3,"[4,1]",2554995583,none,none,none,"[0,2,3]","[[488885.3059242648,5514428.16561988],[488890.6399172239,5514302.102478412],[488882.67306184856,5514339.237248257]]","[[488883.97075627604,5514423.110834124],[488883.97075627604,5514303.110834124],[488883.97075627604,5514333.110834124]]",89acffe167793ffa5e65c448a089bde679f8528b27f81243a1b0afa5ecbdf644,none,none,5.000000000114857,0.7291663651309598,none,0.04993104062814646,none,stationary,matched_prior_exact,1,0,revision_C_base@2ce3a901fecb,2ce3a901fecb5ddde502d0a5eeffb8f48d73c5fd,fab97b80b871eeeac68aa1d75a33173cb368895f3e96803690e3cbc0acb1147d,c4-attrition_20260827_075624_501873_327229d1,327229d1bf70f8e05e383a7a64e8207b7bcbbc0877cfd63b067cd569f1a2c3bf,evidence,revision_B_base,revision_B_base,0.5,0.8,10000.0,5,200000.0,xlarge,45.0,80.0,5.0,0.5,1.0,"{""p_d"":0.8,""stage"":""c4-attrition"",""tau"":10000.0,""w"":0.5}",d4ab4fc6428a0b1f4ceb9e0c3f60e249d31253158385f9207158cfb8c2c16199
5,48,2,online_static_3step,0.13042695720184994,8034.44834987291,0.13062599497173497,0.9106254505126272,8686,8687,8822,8823,120001.54885639506,120000.0,1.0000129071366255,budget_exhausted,22.17547974413646,0.9549051469669144,272.9444622914307,2781,3,"[4,1]",2554995583,none,none,none,"[0,2,3]","[[488885.3059242648,5514428.16561988],[488890.6399172239,5514302.102478412],[488882.67306184856,5514339.237248257]]","[[488883.97075627604,5514423.110834124],[488883.97075627604,5514303.110834124],[488883.97075627604,5514333.110834124]]",89acffe167793ffa5e65c448a089bde679f8528b27f81243a1b0afa5ecbdf644,none,none,5.000000000114857,0.6260436951366938,none,0.059074173399993324,none,stationary,matched_prior_exact,1,0,revision_C_base@2ce3a901fecb,2ce3a901fecb5ddde502d0a5eeffb8f48d73c5fd,fab97b80b871eeeac68aa1d75a33173cb368895f3e96803690e3cbc0acb1147d,c4-attrition_20260827_075624_501873_327229d1,327229d1bf70f8e05e383a7a64e8207b7bcbbc0877cfd63b067cd569f1a2c3bf,evidence,revision_B_base,revision_B_base,0.5,0.8,10000.0,5,200000.0,xlarge,45.0,80.0,5.0,0.5,1.0,"{""p_d"":0.8,""stage"":""c4-attrition"",""tau"":10000.0,""w"":0.5}",d4ab4fc6428a0b1f4ceb9e0c3f60e249d31253158385f9207158cfb8c2c16199
5,48,2,pizza_repartition,0.2028400554555344,7737.375934416035,0.20311620858670118,0.8769552232138769,8010,8011,8822,8823,120010.00385991027,120000.0,1.0000833654992523,budget_exhausted,10.88150596010858,0.9081009555418171,0.0,0,3,"[4,1]",2554995583,none,none,none,"[0,2,3]","[[488885.3059242648,5514428.16561988],[488890.6399172239,5514302.102478412],[488882.67306184856,5514339.237248257]]","[[488883.97075627604,5514423.110834124],[488883.97075627604,5514303.110834124],[488883.97075627604,5514333.110834124]]",89acffe167793ffa5e65c448a089bde679f8528b27f81243a1b0afa5ecbdf644,"{""0"":1,""2"":2,""3"":0}",1bc7674aada3d3ccea6005e7eabe6adc8afc751ab8afd2fc1a2c8797efba087e,5.000000000908379,0.7226030039128716,none,0.051543782829494234,none,stationary,matched_prior_exact,1,0,revision_C_base@2ce3a901fecb,2ce3a901fecb5ddde502d0a5eeffb8f48d73c5fd,fab97b80b871eeeac68aa1d75a33173cb368895f3e96803690e3cbc0acb1147d,c4-attrition_20260827_075624_501873_327229d1,327229d1bf70f8e05e383a7a64e8207b7bcbbc0877cfd63b067cd569f1a2c3bf,evidence,revision_B_base,revision_B_base,0.5,0.8,10000.0,5,200000.0,xlarge,45.0,80.0,5.0,0.5,1.0,"{""p_d"":0.8,""stage"":""c4-attrition"",""tau"":10000.0,""w"":0.5}",d4ab4fc6428a0b1f4ceb9e0c3f60e249d31253158385f9207158cfb8c2c16199
5,48,3,dynamic_evidence_3step,0.16018566827149283,7999.963109829312,0.1604488708597092,0.906716888793983,8524,8525,8822,8823,80000.79247471603,80000.0,1.0000099059339504,budget_exhausted,11.3987915407855,0.9122714020673204,205.21035961969756,1923,2,"[4,1,3]",2554995583,none,none,none,"[0,2]","[[488885.3059242648,5514428.16561988],[488890.6399172239,5514302.102478412]]","[[488883.97075627604,5514423.110834124],[488883.97075627604,5514303.110834124]]",e918d3205f8910fd02c735bed9ad43d70080642cba6ecb4a9da7e4693a3c190d,none,none,5.000000000114857,0.5825148667834769,none,0.07669558883188377,none,stationary,matched_prior_exact,1,0,revision_C_base@2ce3a901fecb,2ce3a901fecb5ddde502d0a5eeffb8f48d73c5fd,fab97b80b871eeeac68aa1d75a33173cb368895f3e96803690e3cbc0acb1147d,c4-attrition_20260827_075624_501873_327229d1,327229d1bf70f8e05e383a7a64e8207b7bcbbc0877cfd63b067cd569f1a2c3bf,evidence,revision_B_base,revision_B_base,0.5,0.8,10000.0,5,200000.0,xlarge,45.0,80.0,5.0,0.5,1.0,"{""p_d"":0.8,""stage"":""c4-attrition"",""tau"":10000.0,""w"":0.5}",d4ab4fc6428a0b1f4ceb9e0c3f60e249d31253158385f9207158cfb8c2c16199
5,48,3,online_static_3step,0.11120875747742387,8210.585527830926,0.11138379899627425,0.9305888618192142,8539,8540,8822,8823,80004.52183198386,80000.0,1.0000565228997982,budget_exhausted,17.506423432682425,0.9428781096352828,184.6335759749636,1898,2,"[4,1,3]",2554995583,none,none,none,"[0,2]","[[488885.3059242648,5514428.16561988],[488890.6399172239,5514302.102478412]]","[[488883.97075627604,5514423.110834124],[488883.97075627604,5514303.110834124]]",e918d3205f8910fd02c735bed9ad43d70080642cba6ecb4a9da7e4693a3c190d,none,none,5.000000000114857,0.5337971762614989,none,0.07903758470658029,none,stationary,matched_prior_exact,1,0,revision_C_base@2ce3a901fecb,2ce3a901fecb5ddde502d0a5eeffb8f48d73c5fd,fab97b80b871eeeac68aa1d75a33173cb368895f3e96803690e3cbc0acb1147d,c4-attrition_20260827_075624_501873_327229d1,327229d1bf70f8e05e383a7a64e8207b7bcbbc0877cfd63b067cd569f1a2c3bf,evidence,revision_B_base,revision_B_base,0.5,0.8,10000.0,5,200000.0,xlarge,45.0,80.0,5.0,0.5,1.0,"{""p_d"":0.8,""stage"":""c4-attrition"",""tau"":10000.0,""w"":0.5}",d4ab4fc6428a0b1f4ceb9e0c3f60e249d31253158385f9207158cfb8c2c16199
5,48,3,pizza_repartition,0.1551121068401272,8018.576389583501,0.15534747688802902,0.908826520410688,8007,8008,8822,8823,80001.12787587926,80000.0,1.0000140984484909,budget_exhausted,10.771373510861949,0.9071613291478945,0.0,0,2,"[4,1,3]",2554995583,none,none,none,"[0,2]","[[488885.3059242648,5514428.16561988],[488890.6399172239,5514302.102478412]]","[[488883.97075627604,5514423.110834124],[488883.97075627604,5514303.110834124]]",e918d3205f8910fd02c735bed9ad43d70080642cba6ecb4a9da7e4693a3c190d,"{""0"":1,""2"":0}",2abe3514da153818740655c425e4d2ef3dba78e470d00585ae16c403f04250e4,5.00000000087634,0.5525756443628107,none,0.08341508002630538,none,stationary,matched_prior_exact,1,0,revision_C_base@2ce3a901fecb,2ce3a901fecb5ddde502d0a5eeffb8f48d73c5fd,fab97b80b871eeeac68aa1d75a33173cb368895f3e96803690e3cbc0acb1147d,c4-attrition_20260827_075624_501873_327229d1,327229d1bf70f8e05e383a7a64e8207b7bcbbc0877cfd63b067cd569f1a2c3bf,evidence,revision_B_base,revision_B_base,0.5,0.8,10000.0,5,200000.0,xlarge,45.0,80.0,5.0,0.5,1.0,"{""p_d"":0.8,""stage"":""c4-attrition"",""tau"":10000.0,""w"":0.5}",d4ab4fc6428a0b1f4ceb9e0c3f60e249d31253158385f9207158cfb8c2c16199
5,46,0,dynamic_evidence_3step,0.2602977126680589,7287.901356512458,0.26066299898095363,0.8374972829823555,8524,8525,8701,8702,200000.06424370466,200000.0,1.0000003212185233,budget_exhausted,12.693332335553393,0.9212184812022096,437.1490782822948,4087,5,[],2375558030,none,none,none,"[0,1,2,3,4]","[[488967.1052723225,5514362.578079432],[488932.9164683243,5514456.176744292],[488970.73918142926,5514366.3726329645],[488883.4661214483,5514314.205585484],[488857.7690048986,5514371.895520154]]","[[488974.1073268375,5514363.110834124],[488944.06180331705,5514453.110834124],[488974.1073268375,5514363.110834124],[488883.97075627604,5514303.110834124],[488853.92523275554,5514363.110834124]]",c67220906d652b067a7cf8b397fe7e22dc6d5c155ae6f5ff67c986d3e8edd122,none,none,5.000000000114857,1.0,none,0.0,none,stationary,matched_prior_exact,1,0,revision_C_base@2ce3a901fecb,2ce3a901fecb5ddde502d0a5eeffb8f48d73c5fd,fab97b80b871eeeac68aa1d75a33173cb368895f3e96803690e3cbc0acb1147d,c4-attrition_20260827_075624_501873_327229d1,327229d1bf70f8e05e383a7a64e8207b7bcbbc0877cfd63b067cd569f1a2c3bf,evidence,revision_B_base,revision_B_base,0.5,0.8,10000.0,5,200000.0,xlarge,45.0,80.0,5.0,0.5,1.0,"{""p_d"":0.8,""stage"":""c4-attrition"",""tau"":10000.0,""w"":0.5}",d4ab4fc6428a0b1f4ceb9e0c3f60e249d31253158385f9207158cfb8c2c16199
5,46,0,online_static_3step,0.1317809783737669,7778.612832881391,0.13198499858137508,0.8938879375869215,8701,8702,8701,8702,200001.3452261932,200000.0,1.000006726130966,budget_exhausted,36.00709219858156,0.9722276935197951,433.3954922934063,4461,5,[],2375558030,none,none,none,"[0,1,2,3,4]","[[488967.1052723225,5514362.578079432],[488932.9164683243,5514456.176744292],[488970.73918142926,5514366.3726329645],[488883.4661214483,5514314.205585484],[488857.7690048986,5514371.895520154]]","[[488974.1073268375,5514363.110834124],[488944.06180331705,5514453.110834124],[488974.1073268375,5514363.110834124],[488883.97075627604,5514303.110834124],[488853.92523275554,5514363.110834124]]",c67220906d652b067a7cf8b397fe7e22dc6d5c155ae6f5ff67c986d3e8edd122,none,none,5.000000000114857,1.0,none,0.0,none,stationary,matched_prior_exact,1,0,revision_C_base@2ce3a901fecb,2ce3a901fecb5ddde502d0a5eeffb8f48d73c5fd,fab97b80b871eeeac68aa1d75a33173cb368895f3e96803690e3cbc0acb1147d,c4-attrition_20260827_075624_501873_327229d1,327229d1bf70f8e05e383a7a64e8207b7bcbbc0877cfd63b067cd569f1a2c3bf,evidence,revision_B_base,revision_B_base,0.5,0.8,10000.0,5,200000.0,xlarge,45.0,80.0,5.0,0.5,1.0,"{""p_d"":0.8,""stage"":""c4-attrition"",""tau"":10000.0,""w"":0.5}",d4ab4fc6428a0b1f4ceb9e0c3f60e249d31253158385f9207158cfb8c2c16199
5,46,0,pizza_repartition,0.28082331621729484,7194.735465629215,0.2811947798792629,0.8267910211019552,8012,8013,8701,8702,200014.84617339322,200000.0,1.0000742308669661,budget_exhausted,10.990060779406507,0.9090086924838643,0.0,0,5,[],2375558030,none,none,none,"[0,1,2,3,4]","[[488967.1052723225,5514362.578079432],[488932.9164683243,5514456.176744292],[488970.73918142926,5514366.3726329645],[488883.4661214483,5514314.205585484],[488857.7690048986,5514371.895520154]]","[[488974.1073268375,5514363.110834124],[488944.06180331705,5514453.110834124],[488974.1073268375,5514363.110834124],[488883.97075627604,5514303.110834124],[488853.92523275554,5514363.110834124]]",c67220906d652b067a7cf8b397fe7e22dc6d5c155ae6f5ff67c986d3e8edd122,"{""0"":0,""1"":1,""2"":4,""3"":3,""4"":2}",dee9e58c159c54f663182f6cd188561bada92b34466d5696ee16fab80e0aef54,5.0000000009060015,1.0,none,0.0,none,stationary,matched_prior_exact,1,0,revision_C_base@2ce3a901fecb,2ce3a901fecb5ddde502d0a5eeffb8f48d73c5fd,fab97b80b871eeeac68aa1d75a33173cb368895f3e96803690e3cbc0acb1147d,c4-attrition_20260827_075624_501873_327229d1,327229d1bf70f8e05e383a7a64e8207b7bcbbc0877cfd63b067cd569f1a2c3bf,evidence,revision_B_base,revision_B_base,0.5,0.8,10000.0,5,200000.0,xlarge,45.0,80.0,5.0,0.5,1.0,"{""p_d"":0.8,""stage"":""c4-attrition"",""tau"":10000.0,""w"":0.5}",d4ab4fc6428a0b1f4ceb9e0c3f60e249d31253158385f9207158cfb8c2c16199
5,46,1,dynamic_evidence_3step,0.25156463483200764,7394.444073817821,0.25198440507134734,0.8497407577359022,8530,8531,8701,8702,160011.12095300306,160000.0,1.0000695059562692,budget_exhausted,11.425784206542763,0.9124786551257139,374.076522490941,3451,4,[4],2375558030,none,none,none,"[0,1,2,3]","[[488967.1052723225,5514362.578079432],[488932.9164683243,5514456.176744292],[488970.73918142926,5514366.3726329645],[488883.4661214483,5514314.205585484]]","[[488974.1073268375,5514363.110834124],[488944.06180331705,5514453.110834124],[488974.1073268375,5514363.110834124],[488883.97075627604,5514303.110834124]]",49c998b67cf0b577be36fc5e312520841b6f0cbb32faa14d0152b13d04a71b05,none,none,5.000000000114857,0.966449655870822,none,0.012243474753546701,none,stationary,matched_prior_exact,1,0,revision_C_base@2ce3a901fecb,2ce3a901fecb5ddde502d0a5eeffb8f48d73c5fd,fab97b80b871eeeac68aa1d75a33173cb368895f3e96803690e3cbc0acb1147d,c4-attrition_20260827_075624_501873_327229d1,327229d1bf70f8e05e383a7a64e8207b7bcbbc0877cfd63b067cd569f1a2c3bf,evidence,revision_B_base,revision_B_base,0.5,0.8,10000.0,5,200000.0,xlarge,45.0,80.0,5.0,0.5,1.0,"{""p_d"":0.8,""stage"":""c4-attrition"",""tau"":10000.0,""w"":0.5}",d4ab4fc6428a0b1f4ceb9e0c3f60e249d31253158385f9207158cfb8c2c16199
5,46,1,online_static_3step,0.1356259898268753,7784.937378634227,0.13586617725890215,0.8946147297901892,8668,8669,8701,8702,160003.89809438243,160000.0,1.0000243630898902,budget_exhausted,28.75316850197382,0.9652212242302495,355.06449290690944,3606,4,[4],2375558030,none,none,none,"[0,1,2,3]","[[488967.1052723225,5514362.578079432],[488932.9164683243,5514456.176744292],[488970.73918142926,5514366.3726329645],[488883.4661214483,5514314.205585484]]","[[488974.1073268375,5514363.110834124],[488944.06180331705,5514453.110834124],[488974.1073268375,5514363.110834124],[488883.97075627604,5514303.110834124]]",49c998b67cf0b577be36fc5e312520841b6f0cbb32faa14d0152b13d04a71b05,none,none,5.000000000114857,1.0291772871969647,none,0.0007267922032676566,none,stationary,matched_prior_exact,1,0,revision_C_base@2ce3a901fecb,2ce3a901fecb5ddde502d0a5eeffb8f48d73c5fd,fab97b80b871eeeac68aa1d75a33173cb368895f3e96803690e3cbc0acb1147d,c4-attrition_20260827_075624_501873_327229d1,327229d1bf70f8e05e383a7a64e8207b7bcbbc0877cfd63b067cd569f1a2c3bf,evidence,revision_B_base,revision_B_base,0.5,0.8,10000.0,5,200000.0,xlarge,45.0,80.0,5.0,0.5,1.0,"{""p_d"":0.8,""stage"":""c4-attrition"",""tau"":10000.0,""w"":0.5}",d4ab4fc6428a0b1f4ceb9e0c3f60e249d31253158385f9207158cfb8c2c16199
5,46,1,pizza_repartition,0.24506874688785385,7403.371947461207,0.2454071458803615,0.8507667142566315,8011,8012,8701,8702,160014.04179869196,160000.0,1.0000877612418249,budget_exhausted,10.928869549773555,0.9084992280815796,0.0,0,4,[4],2375558030,none,none,none,"[0,1,2,3]","[[488967.1052723225,5514362.578079432],[488932.9164683243,5514456.176744292],[488970.73918142926,5514366.3726329645],[488883.4661214483,5514314.205585484]]","[[488974.1073268375,5514363.110834124],[488944.06180331705,5514453.110834124],[488974.1073268375,5514363.110834124],[488883.97075627604,5514303.110834124]]",49c998b67cf0b577be36fc5e312520841b6f0cbb32faa14d0152b13d04a71b05,"{""0"":0,""1"":1,""2"":3,""3"":2}",b34454483f29bda8398424a2dbb0063f54fc76ca4b40c7707f1c2d8a02dfb3b1,5.000000000888339,0.872679484698575,none,0.023975693154676292,none,stationary,matched_prior_exact,1,0,revision_C_base@2ce3a901fecb,2ce3a901fecb5ddde502d0a5eeffb8f48d73c5fd,fab97b80b871eeeac68aa1d75a33173cb368895f3e96803690e3cbc0acb1147d,c4-attrition_20260827_075624_501873_327229d1,327229d1bf70f8e05e383a7a64e8207b7bcbbc0877cfd63b067cd569f1a2c3bf,evidence,revision_B_base,revision_B_base,0.5,0.8,10000.0,5,200000.0,xlarge,45.0,80.0,5.0,0.5,1.0,"{""p_d"":0.8,""stage"":""c4-attrition"",""tau"":10000.0,""w"":0.5}",d4ab4fc6428a0b1f4ceb9e0c3f60e249d31253158385f9207158cfb8c2c16199
5,46,2,dynamic_evidence_3step,0.21143325866657725,7629.276649987906,0.2117429916187532,0.8767268041815567,8533,8534,8701,8702,120001.42847940038,120000.0,1.000011903995003,budget_exhausted,11.205274725274725,0.9107563157068884,300.3698056032881,2763,3,"[4,1]",2375558030,none,none,none,"[0,2,3]","[[488967.1052723225,5514362.578079432],[488970.73918142926,5514366.3726329645],[488883.4661214483,5514314.205585484]]","[[488974.1073268375,5514363.110834124],[488974.1073268375,5514363.110834124],[488883.97075627604,5514303.110834124]]",64eb8d1c8096d97629e399953acb6609f11aaf6758abfb7c16dcc6f8fb8e5aac,none,none,5.000000000114857,0.8122747468634295,none,0.0392295211992012,none,stationary,matched_prior_exact,1,0,revision_C_base@2ce3a901fecb,2ce3a901fecb5ddde502d0a5eeffb8f48d73c5fd,fab97b80b871eeeac68aa1d75a33173cb368895f3e96803690e3cbc0acb1147d,c4-attrition_20260827_075624_501873_327229d1,327229d1bf70f8e05e383a7a64e8207b7bcbbc0877cfd63b067cd569f1a2c3bf,evidence,revision_B_base,revision_B_base,0.5,0.8,10000.0,5,200000.0,xlarge,45.0,80.0,5.0,0.5,1.0,"{""p_d"":0.8,""stage"":""c4-attrition"",""tau"":10000.0,""w"":0.5}",d4ab4fc6428a0b1f4ceb9e0c3f60e249d31253158385f9207158cfb8c2c16199
5,46,2,online_static_3step,0.11036777250462546,7962.4226969627625,0.11052763974850123,0.9150106523744843,8622,8623,8701,8702,120004.20280365356,120000.0,1.0000350233637796,budget_exhausted,26.579803719008265,0.9623774497896364,286.8313059662469,2919,3,"[4,1]",2375558030,none,none,none,"[0,2,3]","[[488967.1052723225,5514362.578079432],[488970.73918142926,5514366.3726329645],[488883.4661214483,5514314.205585484]]","[[488974.1073268375,5514363.110834124],[488974.1073268375,5514363.110834124],[488883.97075627604,5514303.110834124]]",64eb8d1c8096d97629e399953acb6609f11aaf6758abfb7c16dcc6f8fb8e5aac,none,none,5.000000000114857,0.8375091296681093,none,0.02112271478756278,none,stationary,matched_prior_exact,1,0,revision_C_base@2ce3a901fecb,2ce3a901fecb5ddde502d0a5eeffb8f48d73c5fd,fab97b80b871eeeac68aa1d75a33173cb368895f3e96803690e3cbc0acb1147d,c4-attrition_20260827_075624_501873_327229d1,327229d1bf70f8e05e383a7a64e8207b7bcbbc0877cfd63b067cd569f1a2c3bf,evidence,revision_B_base,revision_B_base,0.5,0.8,10000.0,5,200000.0,xlarge,45.0,80.0,5.0,0.5,1.0,"{""p_d"":0.8,""stage"":""c4-attrition"",""tau"":10000.0,""w"":0.5}",d4ab4fc6428a0b1f4ceb9e0c3f60e249d31253158385f9207158cfb8c2c16199
5,46,2,pizza_repartition,0.2029981552694623,7639.39124405898,0.20326404683579308,0.8778891339989635,8010,8011,8701,8702,120012.91090883664,120000.0,1.0001075909069719,budget_exhausted,10.878301886792453,0.9080738877807649,0.0,0,3,"[4,1]",2375558030,none,none,none,"[0,2,3]","[[488967.1052723225,5514362.578079432],[488970.73918142926,5514366.3726329645],[488883.4661214483,5514314.205585484]]","[[488974.1073268375,5514363.110834124],[488974.1073268375,5514363.110834124],[488883.97075627604,5514303.110834124]]",64eb8d1c8096d97629e399953acb6609f11aaf6758abfb7c16dcc6f8fb8e5aac,"{""0"":0,""2"":1,""3"":2}",02b990f496345e4b471c924f489de76deeec2d87ba261b3da6caa212b9aeaead,5.000000000901971,0.7228678800744125,none,0.051098112897008274,none,stationary,matched_prior_exact,1,0,revision_C_base@2ce3a901fecb,2ce3a901fecb5ddde502d0a5eeffb8f48d73c5fd,fab97b80b871eeeac68aa1d75a33173cb368895f3e96803690e3cbc0acb1147d,c4-attrition_20260827_075624_501873_327229d1,327229d1bf70f8e05e383a7a64e8207b7bcbbc0877cfd63b067cd569f1a2c3bf,evidence,revision_B_base,revision_B_base,0.5,0.8,10000.0,5,200000.0,xlarge,45.0,80.0,5.0,0.5,1.0,"{""p_d"":0.8,""stage"":""c4-attrition"",""tau"":10000.0,""w"":0.5}",d4ab4fc6428a0b1f4ceb9e0c3f60e249d31253158385f9207158cfb8c2c16199
5,46,3,dynamic_evidence_3step,0.1559271299588802,7915.579422521633,0.15617129806273544,0.909627605438018,8558,8559,8701,8702,80008.25045751488,80000.0,1.0001031307189359,budget_exhausted,11.090095950561066,0.9098294546361063,211.8612376304809,1946,2,"[4,1,0]",2375558030,none,none,none,"[2,3]","[[488970.73918142926,5514366.3726329645],[488883.4661214483,5514314.205585484]]","[[488974.1073268375,5514363.110834124],[488883.97075627604,5514303.110834124]]",a2a702a3f1a9795d29ab6d1b155726470055877b17aedac48e29947b7bbc4624,none,none,5.000000000114857,0.5990338077143388,none,0.07213032245566253,none,stationary,matched_prior_exact,1,0,revision_C_base@2ce3a901fecb,2ce3a901fecb5ddde502d0a5eeffb8f48d73c5fd,fab97b80b871eeeac68aa1d75a33173cb368895f3e96803690e3cbc0acb1147d,c4-attrition_20260827_075624_501873_327229d1,327229d1bf70f8e05e383a7a64e8207b7bcbbc0877cfd63b067cd569f1a2c3bf,evidence,revision_B_base,revision_B_base,0.5,0.8,10000.0,5,200000.0,xlarge,45.0,80.0,5.0,0.5,1.0,"{""p_d"":0.8,""stage"":""c4-attrition"",""tau"":10000.0,""w"":0.5}",d4ab4fc6428a0b1f4ceb9e0c3f60e249d31253158385f9207158cfb8c2c16199
5,46,3,online_static_3step,0.15837245091022564,7901.070034556497,0.1586153477309746,0.9079602429966097,8522,8523,8701,8702,80007.25754418848,80000.0,1.000090719302356,budget_exhausted,11.354871108135253,0.9119320694636908,197.06157764280215,1973,2,"[4,1,0]",2375558030,none,none,none,"[2,3]","[[488970.73918142926,5514366.3726329645],[488883.4661214483,5514314.205585484]]","[[488974.1073268375,5514363.110834124],[488883.97075627604,5514303.110834124]]",a2a702a3f1a9795d29ab6d1b155726470055877b17aedac48e29947b7bbc4624,none,none,5.000000000114857,1.2017853628392259,none,0.01407230540968818,none,stationary,matched_prior_exact,1,0,revision_C_base@2ce3a901fecb,2ce3a901fecb5ddde502d0a5eeffb8f48d73c5fd,fab97b80b871eeeac68aa1d75a33173cb368895f3e96803690e3cbc0acb1147d,c4-attrition_20260827_075624_501873_327229d1,327229d1bf70f8e05e383a7a64e8207b7bcbbc0877cfd63b067cd569f1a2c3bf,evidence,revision_B_base,revision_B_base,0.5,0.8,10000.0,5,200000.0,xlarge,45.0,80.0,5.0,0.5,1.0,"{""p_d"":0.8,""stage"":""c4-attrition"",""tau"":10000.0,""w"":0.5}",d4ab4fc6428a0b1f4ceb9e0c3f60e249d31253158385f9207158cfb8c2c16199
5,46,3,pizza_repartition,0.15507302023896335,7915.955212089814,0.1552873505754891,0.9096707897138375,8008,8009,8701,8702,80005.24969715756,80000.0,1.0000656212144694,budget_exhausted,10.770847932726,0.907156798959011,0.0,0,2,"[4,1,0]",2375558030,none,none,none,"[2,3]","[[488970.73918142926,5514366.3726329645],[488883.4661214483,5514314.205585484]]","[[488974.1073268375,5514363.110834124],[488883.97075627604,5514303.110834124]]",a2a702a3f1a9795d29ab6d1b155726470055877b17aedac48e29947b7bbc4624,"{""2"":0,""3"":1}",280b690b0e0b54dfa8276b11f7f025c77d805bd35b4e30030a344745f5cc5dd3,5.000000000899856,0.5522084929691924,none,0.08287976861188229,none,stationary,matched_prior_exact,1,0,revision_C_base@2ce3a901fecb,2ce3a901fecb5ddde502d0a5eeffb8f48d73c5fd,fab97b80b871eeeac68aa1d75a33173cb368895f3e96803690e3cbc0acb1147d,c4-attrition_20260827_075624_501873_327229d1,327229d1bf70f8e05e383a7a64e8207b7bcbbc0877cfd63b067cd569f1a2c3bf,evidence,revision_B_base,revision_B_base,0.5,0.8,10000.0,5,200000.0,xlarge,45.0,80.0,5.0,0.5,1.0,"{""p_d"":0.8,""stage"":""c4-attrition"",""tau"":10000.0,""w"":0.5}",d4ab4fc6428a0b1f4ceb9e0c3f60e249d31253158385f9207158cfb8c2c16199
5,44,0,dynamic_evidence_3step,0.25324325774305206,7394.3112138331135,0.2535644847245819,0.8294235797905904,8503,8504,8914,8915,200002.6271191266,200000.0,1.000013135595633,budget_exhausted,13.647300895666909,0.9267254376784859,433.94032095116563,4101,5,[],3669628876,none,none,none,"[0,1,2,3,4]","[[488980.5315319257,5514413.481579704],[488862.37107243796,5514433.051383537],[488992.53070638387,5514457.001278228],[488974.26699424995,5514427.782414835],[488909.61666809727,5514307.549694852]]","[[488974.1073268375,5514423.110834124],[488853.92523275554,5514423.110834124],[489004.152850358,5514453.110834124],[488974.1073268375,5514423.110834124],[488914.01627979655,5514303.110834124]]",f8afb1ebb42ce0e31e4c1c624a23577c2574521cce1a4321cbcdd0642a45b6e0,none,none,5.000000000114857,1.0,none,0.0,none,stationary,matched_prior_exact,1,0,revision_C_base@2ce3a901fecb,2ce3a901fecb5ddde502d0a5eeffb8f48d73c5fd,fab97b80b871eeeac68aa1d75a33173cb368895f3e96803690e3cbc0acb1147d,c4-attrition_20260827_075624_501873_327229d1,327229d1bf70f8e05e383a7a64e8207b7bcbbc0877cfd63b067cd569f1a2c3bf,evidence,revision_B_base,revision_B_base,0.5,0.8,10000.0,5,200000.0,xlarge,45.0,80.0,5.0,0.5,1.0,"{""p_d"":0.8,""stage"":""c4-attrition"",""tau"":10000.0,""w"":0.5}",d4ab4fc6428a0b1f4ceb9e0c3f60e249d31253158385f9207158cfb8c2c16199
5,44,0,online_static_3step,0.16293840736329232,7752.515569308963,0.1631882497488523,0.8696035411451445,8832,8833,8914,8915,200017.67106943423,200000.0,1.000088355347171,budget_exhausted,28.886449287235784,0.9653816919464077,441.8981283362955,4598,5,[],3669628876,none,none,none,"[0,1,2,3,4]","[[488980.5315319257,5514413.481579704],[488862.37107243796,5514433.051383537],[488992.53070638387,5514457.001278228],[488974.26699424995,5514427.782414835],[488909.61666809727,5514307.549694852]]","[[488974.1073268375,5514423.110834124],[488853.92523275554,5514423.110834124],[489004.152850358,5514453.110834124],[488974.1073268375,5514423.110834124],[488914.01627979655,5514303.110834124]]",f8afb1ebb42ce0e31e4c1c624a23577c2574521cce1a4321cbcdd0642a45b6e0,none,none,5.000000000114857,1.0,none,0.0,none,stationary,matched_prior_exact,1,0,revision_C_base@2ce3a901fecb,2ce3a901fecb5ddde502d0a5eeffb8f48d73c5fd,fab97b80b871eeeac68aa1d75a33173cb368895f3e96803690e3cbc0acb1147d,c4-attrition_20260827_075624_501873_327229d1,327229d1bf70f8e05e383a7a64e8207b7bcbbc0877cfd63b067cd569f1a2c3bf,evidence,revision_B_base,revision_B_base,0.5,0.8,10000.0,5,200000.0,xlarge,45.0,80.0,5.0,0.5,1.0,"{""p_d"":0.8,""stage"":""c4-attrition"",""tau"":10000.0,""w"":0.5}",d4ab4fc6428a0b1f4ceb9e0c3f60e249d31253158385f9207158cfb8c2c16199
5,44,0,pizza_repartition,0.28078384121496036,7348.474289714902,0.28119365956789577,0.8242820291323502,8012,8013,8914,8915,200024.29240198992,200000.0,1.0001214620099497,budget_exhausted,10.991203604376743,0.9090181534257271,0.0,0,5,[],3669628876,none,none,none,"[0,1,2,3,4]","[[488980.5315319257,5514413.481579704],[488862.37107243796,5514433.051383537],[488992.53070638387,5514457.001278228],[488974.26699424995,5514427.782414835],[488909.61666809727,5514307.549694852]]","[[488974.1073268375,5514423.110834124],[488853.92523275554,5514423.110834124],[489004.152850358,5514453.110834124],[488974.1073268375,5514423.110834124],[488914.01627979655,5514303.110834124]]",f8afb1ebb42ce0e31e4c1c624a23577c2574521cce1a4321cbcdd0642a45b6e0,"{""0"":1,""1"":2,""2"":0,""3"":4,""4"":3}",1857f2c34acf13f50e15d645acc088f7c229096aed22930214d37ca87deb9235,5.000000000904837,1.0,none,0.0,none,stationary,matched_prior_exact,1,0,revision_C_base@2ce3a901fecb,2ce3a901fecb5ddde502d0a5eeffb8f48d73c5fd,fab97b80b871eeeac68aa1d75a33173cb368895f3e96803690e3cbc0acb1147d,c4-attrition_20260827_075624_501873_327229d1,327229d1bf70f8e05e383a7a64e8207b7bcbbc0877cfd63b067cd569f1a2c3bf,evidence,revision_B_base,revision_B_base,0.5,0.8,10000.0,5,200000.0,xlarge,45.0,80.0,5.0,0.5,1.0,"{""p_d"":0.8,""stage"":""c4-attrition"",""tau"":10000.0,""w"":0.5}",d4ab4fc6428a0b1f4ceb9e0c3f60e249d31253158385f9207158cfb8c2c16199
5,44,1,dynamic_evidence_3step,0.23430675595942507,7627.620413213896,0.2346453915196872,0.8555939891434544,8540,8541,8914,8915,160012.96661076983,160000.0,1.0000810413173113,budget_exhausted,11.666037735849057,0.9142810933203946,377.2975611798465,3488,4,[2],3669628876,none,none,none,"[0,1,3,4]","[[488980.5315319257,5514413.481579704],[488862.37107243796,5514433.051383537],[488974.26699424995,5514427.782414835],[488909.61666809727,5514307.549694852]]","[[488974.1073268375,5514423.110834124],[488853.92523275554,5514423.110834124],[488974.1073268375,5514423.110834124],[488914.01627979655,5514303.110834124]]",06293382e6f873547bb88e66215a0d195674b33d01dc6647ec7831ff2eb7cc27,none,none,5.000000000114857,0.9252240634068903,none,0.026170409352863966,none,stationary,matched_prior_exact,1,0,revision_C_base@2ce3a901fecb,2ce3a901fecb5ddde502d0a5eeffb8f48d73c5fd,fab97b80b871eeeac68aa1d75a33173cb368895f3e96803690e3cbc0acb1147d,c4-attrition_20260827_075624_501873_327229d1,327229d1bf70f8e05e383a7a64e8207b7bcbbc0877cfd63b067cd569f1a2c3bf,evidence,revision_B_base,revision_B_base,0.5,0.8,10000.0,5,200000.0,xlarge,45.0,80.0,5.0,0.5,1.0,"{""p_d"":0.8,""stage"":""c4-attrition"",""tau"":10000.0,""w"":0.5}",d4ab4fc6428a0b1f4ceb9e0c3f60e249d31253158385f9207158cfb8c2c16199
5,44,1,online_static_3step,0.15212172752246908,7938.419654723174,0.15232941727391003,0.8904564952017021,8884,8885,8914,8915,160016.73702264903,160000.0,1.0001046063915564,budget_exhausted,23.00422009414056,0.9565297151606235,356.8779696188867,3650,4,[2],3669628876,none,none,none,"[0,1,3,4]","[[488980.5315319257,5514413.481579704],[488862.37107243796,5514433.051383537],[488974.26699424995,5514427.782414835],[488909.61666809727,5514307.549694852]]","[[488974.1073268375,5514423.110834124],[488853.92523275554,5514423.110834124],[488974.1073268375,5514423.110834124],[488914.01627979655,5514303.110834124]]",06293382e6f873547bb88e66215a0d195674b33d01dc6647ec7831ff2eb7cc27,none,none,5.000000000114857,0.933614916115474,none,0.020852954056557627,none,stationary,matched_prior_exact,1,0,revision_C_base@2ce3a901fecb,2ce3a901fecb5ddde502d0a5eeffb8f48d73c5fd,fab97b80b871eeeac68aa1d75a33173cb368895f3e96803690e3cbc0acb1147d,c4-attrition_20260827_075624_501873_327229d1,327229d1bf70f8e05e383a7a64e8207b7bcbbc0877cfd63b067cd569f1a2c3bf,evidence,revision_B_base,revision_B_base,0.5,0.8,10000.0,5,200000.0,xlarge,45.0,80.0,5.0,0.5,1.0,"{""p_d"":0.8,""stage"":""c4-attrition"",""tau"":10000.0,""w"":0.5}",d4ab4fc6428a0b1f4ceb9e0c3f60e249d31253158385f9207158cfb8c2c16199
5,44,1,pizza_repartition,0.24506341195474496,7564.307730119684,0.24542848253022317,0.8484921738776987,8010,8011,8914,8915,160002.08541241894,160000.0,1.0000130338276183,budget_exhausted,10.92912336797229,0.9085013530974961,0.0,0,4,[2],3669628876,none,none,none,"[0,1,3,4]","[[488980.5315319257,5514413.481579704],[488862.37107243796,5514433.051383537],[488974.26699424995,5514427.782414835],[488909.61666809727,5514307.549694852]]","[[488974.1073268375,5514423.110834124],[488853.92523275554,5514423.110834124],[488974.1073268375,5514423.110834124],[488914.01627979655,5514303.110834124]]",06293382e6f873547bb88e66215a0d195674b33d01dc6647ec7831ff2eb7cc27,"{""0"":0,""1"":2,""3"":1,""4"":3}",bbef5bc8de89176aa6ce6ff2b9d9fefd33af482ea97645de6ba7a9ca900e8589,5.000000000898341,0.8727831733277385,none,0.02421014474534855,none,stationary,matched_prior_exact,1,0,revision_C_base@2ce3a901fecb,2ce3a901fecb5ddde502d0a5eeffb8f48d73c5fd,fab97b80b871eeeac68aa1d75a33173cb368895f3e96803690e3cbc0acb1147d,c4-attrition_20260827_075624_501873_327229d1,327229d1bf70f8e05e383a7a64e8207b7bcbbc0877cfd63b067cd569f1a2c3bf,evidence,revision_B_base,revision_B_base,0.5,0.8,10000.0,5,200000.0,xlarge,45.0,80.0,5.0,0.5,1.0,"{""p_d"":0.8,""stage"":""c4-attrition"",""tau"":10000.0,""w"":0.5}",d4ab4fc6428a0b1f4ceb9e0c3f60e249d31253158385f9207158cfb8c2c16199
5,44,2,dynamic_evidence_3step,0.20289807996287756,7834.127323239606,0.20323064538119984,0.8787579723207635,8530,8531,8914,8915,120006.89609890383,120000.0,1.0000574674908653,budget_exhausted,11.223421835408175,0.9109006134969325,298.53028556285426,2763,3,"[2,1]",3669628876,none,none,none,"[0,3,4]","[[488980.5315319257,5514413.481579704],[488974.26699424995,5514427.782414835],[488909.61666809727,5514307.549694852]]","[[488974.1073268375,5514423.110834124],[488974.1073268375,5514423.110834124],[488914.01627979655,5514303.110834124]]",3e8a4b7dcfea54f27851454916ba8b4bc5b38608df1a19e30bef72dbe1953edf,none,none,5.000000000114857,0.8011983488569074,none,0.04933439253017302,none,stationary,matched_prior_exact,1,0,revision_C_base@2ce3a901fecb,2ce3a901fecb5ddde502d0a5eeffb8f48d73c5fd,fab97b80b871eeeac68aa1d75a33173cb368895f3e96803690e3cbc0acb1147d,c4-attrition_20260827_075624_501873_327229d1,327229d1bf70f8e05e383a7a64e8207b7bcbbc0877cfd63b067cd569f1a2c3bf,evidence,revision_B_base,revision_B_base,0.5,0.8,10000.0,5,200000.0,xlarge,45.0,80.0,5.0,0.5,1.0,"{""p_d"":0.8,""stage"":""c4-attrition"",""tau"":10000.0,""w"":0.5}",d4ab4fc6428a0b1f4ceb9e0c3f60e249d31253158385f9207158cfb8c2c16199
5,44,2,online_static_3step,0.1301839668942288,8022.747834689827,0.13036268961402567,0.899915629241708,8914,8915,8914,8915,120004.50558464031,120000.0,1.0000375465386693,budget_exhausted,23.553985427246634,0.9575443398702613,324.8547693223227,3303,3,"[2,1]",3669628876,none,none,none,"[0,3,4]","[[488980.5315319257,5514413.481579704],[488974.26699424995,5514427.782414835],[488909.61666809727,5514307.549694852]]","[[488974.1073268375,5514423.110834124],[488974.1073268375,5514423.110834124],[488914.01627979655,5514303.110834124]]",3e8a4b7dcfea54f27851454916ba8b4bc5b38608df1a19e30bef72dbe1953edf,none,none,5.000000000114857,0.7989765519431323,none,0.030312088096563494,none,stationary,matched_prior_exact,1,0,revision_C_base@2ce3a901fecb,2ce3a901fecb5ddde502d0a5eeffb8f48d73c5fd,fab97b80b871eeeac68aa1d75a33173cb368895f3e96803690e3cbc0acb1147d,c4-attrition_20260827_075624_501873_327229d1,327229d1bf70f8e05e383a7a64e8207b7bcbbc0877cfd63b067cd569f1a2c3bf,evidence,revision_B_base,revision_B_base,0.5,0.8,10000.0,5,200000.0,xlarge,45.0,80.0,5.0,0.5,1.0,"{""p_d"":0.8,""stage"":""c4-attrition"",""tau"":10000.0,""w"":0.5}",d4ab4fc6428a0b1f4ceb9e0c3f60e249d31253158385f9207158cfb8c2c16199
5,44,2,pizza_repartition,0.2029329117074372,7809.793828161203,0.2031874161235365,0.8760284720315427,8010,8011,8914,8915,120005.64484873164,120000.0,1.000047040406097,budget_exhausted,10.884864928630412,0.9081293147359408,0.0,0,3,"[2,1]",3669628876,none,none,none,"[0,3,4]","[[488980.5315319257,5514413.481579704],[488974.26699424995,5514427.782414835],[488909.61666809727,5514307.549694852]]","[[488974.1073268375,5514423.110834124],[488974.1073268375,5514423.110834124],[488914.01627979655,5514303.110834124]]",3e8a4b7dcfea54f27851454916ba8b4bc5b38608df1a19e30bef72dbe1953edf,"{""0"":0,""3"":1,""4"":2}",8cb713b0d38412c055fdff516a72263e09b599e4406ae2602c751c39fd85c817,5.000000000925189,0.7227371448062688,none,0.0517464428991925,none,stationary,matched_prior_exact,1,0,revision_C_base@2ce3a901fecb,2ce3a901fecb5ddde502d0a5eeffb8f48d73c5fd,fab97b80b871eeeac68aa1d75a33173cb368895f3e96803690e3cbc0acb1147d,c4-attrition_20260827_075624_501873_327229d1,327229d1bf70f8e05e383a7a64e8207b7bcbbc0877cfd63b067cd569f1a2c3bf,evidence,revision_B_base,revision_B_base,0.5,0.8,10000.0,5,200000.0,xlarge,45.0,80.0,5.0,0.5,1.0,"{""p_d"":0.8,""stage"":""c4-attrition"",""tau"":10000.0,""w"":0.5}",d4ab4fc6428a0b1f4ceb9e0c3f60e249d31253158385f9207158cfb8c2c16199
5,44,3,dynamic_evidence_3step,0.15540316410890825,8112.242088514181,0.15564150700945042,0.9099542443650231,8516,8517,8914,8915,80001.47545772576,80000.0,1.000018443221572,budget_exhausted,11.183212401055409,0.9105802551058025,213.98021209356375,1983,2,"[2,1,3]",3669628876,none,none,none,"[0,4]","[[488980.5315319257,5514413.481579704],[488909.61666809727,5514307.549694852]]","[[488974.1073268375,5514423.110834124],[488914.01627979655,5514303.110834124]]",c1630fcc30b5270603fb49597e25ce70a66d1dbf2bb06b759f7b18999b789d44,none,none,5.000000000114857,0.6136517334909062,none,0.0805306645744327,none,stationary,matched_prior_exact,1,0,revision_C_base@2ce3a901fecb,2ce3a901fecb5ddde502d0a5eeffb8f48d73c5fd,fab97b80b871eeeac68aa1d75a33173cb368895f3e96803690e3cbc0acb1147d,c4-attrition_20260827_075624_501873_327229d1,327229d1bf70f8e05e383a7a64e8207b7bcbbc0877cfd63b067cd569f1a2c3bf,evidence,revision_B_base,revision_B_base,0.5,0.8,10000.0,5,200000.0,xlarge,45.0,80.0,5.0,0.5,1.0,"{""p_d"":0.8,""stage"":""c4-attrition"",""tau"":10000.0,""w"":0.5}",d4ab4fc6428a0b1f4ceb9e0c3f60e249d31253158385f9207158cfb8c2c16199
5,44,3,online_static_3step,0.0872070597088888,8289.497121040928,0.08733018011095356,0.9298370298419436,8711,8712,8914,8915,80001.48460737838,80000.0,1.0000185575922298,budget_exhausted,26.257175226586103,0.9619151720864675,196.69218897540122,2035,2,"[2,1,3]",3669628876,none,none,none,"[0,4]","[[488980.5315319257,5514413.481579704],[488909.61666809727,5514307.549694852]]","[[488974.1073268375,5514423.110834124],[488914.01627979655,5514303.110834124]]",c1630fcc30b5270603fb49597e25ce70a66d1dbf2bb06b759f7b18999b789d44,none,none,5.000000000114857,0.5352148773275373,none,0.06023348869679912,none,stationary,matched_prior_exact,1,0,revision_C_base@2ce3a901fecb,2ce3a901fecb5ddde502d0a5eeffb8f48d73c5fd,fab97b80b871eeeac68aa1d75a33173cb368895f3e96803690e3cbc0acb1147d,c4-attrition_20260827_075624_501873_327229d1,327229d1bf70f8e05e383a7a64e8207b7bcbbc0877cfd63b067cd569f1a2c3bf,evidence,revision_B_base,revision_B_base,0.5,0.8,10000.0,5,200000.0,xlarge,45.0,80.0,5.0,0.5,1.0,"{""p_d"":0.8,""stage"":""c4-attrition"",""tau"":10000.0,""w"":0.5}",d4ab4fc6428a0b1f4ceb9e0c3f60e249d31253158385f9207158cfb8c2c16199
5,44,3,pizza_repartition,0.1550872787210683,8096.022779623086,0.15532244370408324,0.9081349163906994,8008,8009,8914,8915,80008.72909531038,80000.0,1.0001091136913798,budget_exhausted,10.763881590471186,0.9070967112007942,0.0,0,2,"[2,1,3]",3669628876,none,none,none,"[0,4]","[[488980.5315319257,5514413.481579704],[488909.61666809727,5514307.549694852]]","[[488974.1073268375,5514423.110834124],[488914.01627979655,5514303.110834124]]",c1630fcc30b5270603fb49597e25ce70a66d1dbf2bb06b759f7b18999b789d44,"{""0"":0,""4"":1}",360beb47f36dbe81ab96ef65959893c3863487e8654df1ed466e9c69f3457f55,5.000000000892737,0.5523369081710716,none,0.08385288725834927,none,stationary,matched_prior_exact,1,0,revision_C_base@2ce3a901fecb,2ce3a901fecb5ddde502d0a5eeffb8f48d73c5fd,fab97b80b871eeeac68aa1d75a33173cb368895f3e96803690e3cbc0acb1147d,c4-attrition_20260827_075624_501873_327229d1,327229d1bf70f8e05e383a7a64e8207b7bcbbc0877cfd63b067cd569f1a2c3bf,evidence,revision_B_base,revision_B_base,0.5,0.8,10000.0,5,200000.0,xlarge,45.0,80.0,5.0,0.5,1.0,"{""p_d"":0.8,""stage"":""c4-attrition"",""tau"":10000.0,""w"":0.5}",d4ab4fc6428a0b1f4ceb9e0c3f60e249d31253158385f9207158cfb8c2c16199
5,45,0,dynamic_evidence_3step,0.28116512655714165,7365.756592911909,0.281607028292361,0.8260352801291813,8541,8542,8916,8917,200006.06550075082,200000.0,1.000030327503754,budget_exhausted,11.47369131138694,0.9128440906365015,438.4534745356068,4071,5,[],1173828954,none,none,none,"[0,1,2,3,4]","[[488878.9047803063,5514345.869962484],[488951.77942371543,5514288.348002141],[488855.96384891553,5514372.440988072],[488966.0952117907,5514304.204955098],[488875.27976757276,5514422.628201038]]","[[488883.97075627604,5514333.110834124],[488944.06180331705,5514303.110834124],[488853.92523275554,5514363.110834124],[488974.1073268375,5514303.110834124],[488883.97075627604,5514423.110834124]]",df1a8490359a34f6b7838fd59a2dfd0505a237242c27fa3236111dc28509e06c,none,none,5.000000000114857,1.0,none,0.0,none,stationary,matched_prior_exact,1,0,revision_C_base@2ce3a901fecb,2ce3a901fecb5ddde502d0a5eeffb8f48d73c5fd,fab97b80b871eeeac68aa1d75a33173cb368895f3e96803690e3cbc0acb1147d,c4-attrition_20260827_075624_501873_327229d1,327229d1bf70f8e05e383a7a64e8207b7bcbbc0877cfd63b067cd569f1a2c3bf,evidence,revision_B_base,revision_B_base,0.5,0.8,10000.0,5,200000.0,xlarge,45.0,80.0,5.0,0.5,1.0,"{""p_d"":0.8,""stage"":""c4-attrition"",""tau"":10000.0,""w"":0.5}",d4ab4fc6428a0b1f4ceb9e0c3f60e249d31253158385f9207158cfb8c2c16199
5,45,0,online_static_3step,0.21654848075032068,7506.736661161891,0.21688632455493542,0.8418455378672077,8739,8740,8916,8917,200007.62520904324,200000.0,1.0000381260452162,budget_exhausted,18.37308868501529,0.945572569906791,406.7012963674497,4092,5,[],1173828954,none,none,none,"[0,1,2,3,4]","[[488878.9047803063,5514345.869962484],[488951.77942371543,5514288.348002141],[488855.96384891553,5514372.440988072],[488966.0952117907,5514304.204955098],[488875.27976757276,5514422.628201038]]","[[488883.97075627604,5514333.110834124],[488944.06180331705,5514303.110834124],[488853.92523275554,5514363.110834124],[488974.1073268375,5514303.110834124],[488883.97075627604,5514423.110834124]]",df1a8490359a34f6b7838fd59a2dfd0505a237242c27fa3236111dc28509e06c,none,none,5.000000000114857,1.0,none,0.0,none,stationary,matched_prior_exact,1,0,revision_C_base@2ce3a901fecb,2ce3a901fecb5ddde502d0a5eeffb8f48d73c5fd,fab97b80b871eeeac68aa1d75a33173cb368895f3e96803690e3cbc0acb1147d,c4-attrition_20260827_075624_501873_327229d1,327229d1bf70f8e05e383a7a64e8207b7bcbbc0877cfd63b067cd569f1a2c3bf,evidence,revision_B_base,revision_B_base,0.5,0.8,10000.0,5,200000.0,xlarge,45.0,80.0,5.0,0.5,1.0,"{""p_d"":0.8,""stage"":""c4-attrition"",""tau"":10000.0,""w"":0.5}",d4ab4fc6428a0b1f4ceb9e0c3f60e249d31253158385f9207158cfb8c2c16199
5,45,0,pizza_repartition,0.2807292947798077,7350.169636609863,0.28113626015906845,0.8242872756094946,8011,8012,8916,8917,200011.08536248247,200000.0,1.0000554268124124,budget_exhausted,10.995421376448705,0.9090530534698817,0.0,0,5,[],1173828954,none,none,none,"[0,1,2,3,4]","[[488878.9047803063,5514345.869962484],[488951.77942371543,5514288.348002141],[488855.96384891553,5514372.440988072],[488966.0952117907,5514304.204955098],[488875.27976757276,5514422.628201038]]","[[488883.97075627604,5514333.110834124],[488944.06180331705,5514303.110834124],[488853.92523275554,5514363.110834124],[488974.1073268375,5514303.110834124],[488883.97075627604,5514423.110834124]]",df1a8490359a34f6b7838fd59a2dfd0505a237242c27fa3236111dc28509e06c,"{""0"":3,""1"":4,""2"":1,""3"":0,""4"":2}",1078b6655e6f2d472700d86864c096290a9f422288cc52c829b2a32149ac21ea,5.000000000926453,1.0,none,0.0,none,stationary,matched_prior_exact,1,0,revision_C_base@2ce3a901fecb,2ce3a901fecb5ddde502d0a5eeffb8f48d73c5fd,fab97b80b871eeeac68aa1d75a33173cb368895f3e96803690e3cbc0acb1147d,c4-attrition_20260827_075624_501873_327229d1,327229d1bf70f8e05e383a7a64e8207b7bcbbc0877cfd63b067cd569f1a2c3bf,evidence,revision_B_base,revision_B_base,0.5,0.8,10000.0,5,200000.0,xlarge,45.0,80.0,5.0,0.5,1.0,"{""p_d"":0.8,""stage"":""c4-attrition"",""tau"":10000.0,""w"":0.5}",d4ab4fc6428a0b1f4ceb9e0c3f60e249d31253158385f9207158cfb8c2c16199
5,45,1,dynamic_evidence_3step,0.2566028078816239,7571.658014432569,0.25706473456700957,0.8491261651264516,8530,8531,8916,8917,160002.51977093512,160000.0,1.0000157485683445,budget_exhausted,11.177860082304527,0.9105374380573003,384.0509290294722,3457,4,[2],1173828954,none,none,none,"[0,1,3,4]","[[488878.9047803063,5514345.869962484],[488951.77942371543,5514288.348002141],[488966.0952117907,5514304.204955098],[488875.27976757276,5514422.628201038]]","[[488883.97075627604,5514333.110834124],[488944.06180331705,5514303.110834124],[488974.1073268375,5514303.110834124],[488883.97075627604,5514423.110834124]]",99f9464f853fcd1c6a8a8b7ea7c03c03772ed78cc57c067c398164e7db2871c9,none,none,5.000000000114857,0.9126409488392724,none,0.0230908849972703,none,stationary,matched_prior_exact,1,0,revision_C_base@2ce3a901fecb,2ce3a901fecb5ddde502d0a5eeffb8f48d73c5fd,fab97b80b871eeeac68aa1d75a33173cb368895f3e96803690e3cbc0acb1147d,c4-attrition_20260827_075624_501873_327229d1,327229d1bf70f8e05e383a7a64e8207b7bcbbc0877cfd63b067cd569f1a2c3bf,evidence,revision_B_base,revision_B_base,0.5,0.8,10000.0,5,200000.0,xlarge,45.0,80.0,5.0,0.5,1.0,"{""p_d"":0.8,""stage"":""c4-attrition"",""tau"":10000.0,""w"":0.5}",d4ab4fc6428a0b1f4ceb9e0c3f60e249d31253158385f9207158cfb8c2c16199
5,45,1,online_static_3step,0.11205953386972947,8052.070436512006,0.11223628230528775,0.9030021797142543,8916,8917,8916,8917,160012.47734098716,160000.0,1.0000779833811697,budget_exhausted,39.46910501523968,0.9746637274999298,403.39886597171426,4112,4,[2],1173828954,none,none,none,"[0,1,3,4]","[[488878.9047803063,5514345.869962484],[488951.77942371543,5514288.348002141],[488966.0952117907,5514304.204955098],[488875.27976757276,5514422.628201038]]","[[488883.97075627604,5514333.110834124],[488944.06180331705,5514303.110834124],[488974.1073268375,5514303.110834124],[488883.97075627604,5514423.110834124]]",99f9464f853fcd1c6a8a8b7ea7c03c03772ed78cc57c067c398164e7db2871c9,none,none,5.000000000114857,0.5174801203012528,none,0.06115664184704661,none,stationary,matched_prior_exact,1,0,revision_C_base@2ce3a901fecb,2ce3a901fecb5ddde502d0a5eeffb8f48d73c5fd,fab97b80b871eeeac68aa1d75a33173cb368895f3e96803690e3cbc0acb1147d,c4-attrition_20260827_075624_501873_327229d1,327229d1bf70f8e05e383a7a64e8207b7bcbbc0877cfd63b067cd569f1a2c3bf,evidence,revision_B_base,revision_B_base,0.5,0.8,10000.0,5,200000.0,xlarge,45.0,80.0,5.0,0.5,1.0,"{""p_d"":0.8,""stage"":""c4-attrition"",""tau"":10000.0,""w"":0.5}",d4ab4fc6428a0b1f4ceb9e0c3f60e249d31253158385f9207158cfb8c2c16199
5,45,1,pizza_repartition,0.24506272621268915,7565.923159359896,0.245411989004756,0.848483027852405,8010,8011,8916,8917,160009.64452223247,160000.0,1.000060278263953,budget_exhausted,10.930366817656985,0.9085117620769512,0.0,0,4,[2],1173828954,none,none,none,"[0,1,3,4]","[[488878.9047803063,5514345.869962484],[488951.77942371543,5514288.348002141],[488966.0952117907,5514304.204955098],[488875.27976757276,5514422.628201038]]","[[488883.97075627604,5514333.110834124],[488944.06180331705,5514303.110834124],[488974.1073268375,5514303.110834124],[488883.97075627604,5514423.110834124]]",99f9464f853fcd1c6a8a8b7ea7c03c03772ed78cc57c067c398164e7db2871c9,"{""0"":2,""1"":3,""3"":0,""4"":1}",825353b1580c6c7014efe9bd525e7c1ac34f3ebc6f9d2b38196b587cd3c5d3e6,5.000000000920888,0.8729503146613399,none,0.024195752242910484,none,stationary,matched_prior_exact,1,0,revision_C_base@2ce3a901fecb,2ce3a901fecb5ddde502d0a5eeffb8f48d73c5fd,fab97b80b871eeeac68aa1d75a33173cb368895f3e96803690e3cbc0acb1147d,c4-attrition_20260827_075624_501873_327229d1,327229d1bf70f8e05e383a7a64e8207b7bcbbc0877cfd63b067cd569f1a2c3bf,evidence,revision_B_base,revision_B_base,0.5,0.8,10000.0,5,200000.0,xlarge,45.0,80.0,5.0,0.5,1.0,"{""p_d"":0.8,""stage"":""c4-attrition"",""tau"":10000.0,""w"":0.5}",d4ab4fc6428a0b1f4ceb9e0c3f60e249d31253158385f9207158cfb8c2c16199
5,45,2,dynamic_evidence_3step,0.1940775567011224,7819.4088782489025,0.19431463072926314,0.8769102700738929,8540,8541,8916,8917,120001.74294635862,120000.0,1.0000145245529886,budget_exhausted,12.779544316474713,0.9217499485712607,300.92302594007924,2747,3,"[2,3]",1173828954,none,none,none,"[0,1,4]","[[488878.9047803063,5514345.869962484],[488951.77942371543,5514288.348002141],[488875.27976757276,5514422.628201038]]","[[488883.97075627604,5514333.110834124],[488944.06180331705,5514303.110834124],[488883.97075627604,5514423.110834124]]",d6245e2f06ca986c03a09ff242d9ace4e79f3a7b2d07097bd1f7077fe994de92,none,none,5.000000000114857,0.6902618367988809,none,0.050874989944711624,none,stationary,matched_prior_exact,1,0,revision_C_base@2ce3a901fecb,2ce3a901fecb5ddde502d0a5eeffb8f48d73c5fd,fab97b80b871eeeac68aa1d75a33173cb368895f3e96803690e3cbc0acb1147d,c4-attrition_20260827_075624_501873_327229d1,327229d1bf70f8e05e383a7a64e8207b7bcbbc0877cfd63b067cd569f1a2c3bf,evidence,revision_B_base,revision_B_base,0.5,0.8,10000.0,5,200000.0,xlarge,45.0,80.0,5.0,0.5,1.0,"{""p_d"":0.8,""stage"":""c4-attrition"",""tau"":10000.0,""w"":0.5}",d4ab4fc6428a0b1f4ceb9e0c3f60e249d31253158385f9207158cfb8c2c16199
5,45,2,online_static_3step,0.13268903545182992,8021.506825950854,0.13289930244542775,0.8995746132052096,8548,8549,8916,8917,120006.85769133213,120000.0,1.0000571474277677,budget_exhausted,21.713829107180906,0.9539464000078506,278.37640531896614,2856,3,"[2,3]",1173828954,none,none,none,"[0,1,4]","[[488878.9047803063,5514345.869962484],[488951.77942371543,5514288.348002141],[488875.27976757276,5514422.628201038]]","[[488883.97075627604,5514333.110834124],[488944.06180331705,5514303.110834124],[488883.97075627604,5514423.110834124]]",d6245e2f06ca986c03a09ff242d9ace4e79f3a7b2d07097bd1f7077fe994de92,none,none,5.000000000114857,0.6127451690821129,none,0.05772907533800187,none,stationary,matched_prior_exact,1,0,revision_C_base@2ce3a901fecb,2ce3a901fecb5ddde502d0a5eeffb8f48d73c5fd,fab97b80b871eeeac68aa1d75a33173cb368895f3e96803690e3cbc0acb1147d,c4-attrition_20260827_075624_501873_327229d1,327229d1bf70f8e05e383a7a64e8207b7bcbbc0877cfd63b067cd569f1a2c3bf,evidence,revision_B_base,revision_B_base,0.5,0.8,10000.0,5,200000.0,xlarge,45.0,80.0,5.0,0.5,1.0,"{""p_d"":0.8,""stage"":""c4-attrition"",""tau"":10000.0,""w"":0.5}",d4ab4fc6428a0b1f4ceb9e0c3f60e249d31253158385f9207158cfb8c2c16199
5,45,2,pizza_repartition,0.20285201716535273,7812.036122071687,0.20313219973799634,0.8760834498229996,8010,8011,8916,8917,120010.65025003871,120000.0,1.0000887520836559,budget_exhausted,10.88116591928251,0.908098083659592,0.0,0,3,"[2,3]",1173828954,none,none,none,"[0,1,4]","[[488878.9047803063,5514345.869962484],[488951.77942371543,5514288.348002141],[488875.27976757276,5514422.628201038]]","[[488883.97075627604,5514333.110834124],[488944.06180331705,5514303.110834124],[488883.97075627604,5514423.110834124]]",d6245e2f06ca986c03a09ff242d9ace4e79f3a7b2d07097bd1f7077fe994de92,"{""0"":2,""1"":0,""4"":1}",8fe16a94ebedbc3f070632f01aaa6fc61d11f430cccedfc137f3c1d399b26923,5.000000000914898,0.72258941598689,none,0.05179617421350502,none,stationary,matched_prior_exact,1,0,revision_C_base@2ce3a901fecb,2ce3a901fecb5ddde502d0a5eeffb8f48d73c5fd,fab97b80b871eeeac68aa1d75a33173cb368895f3e96803690e3cbc0acb1147d,c4-attrition_20260827_075624_501873_327229d1,327229d1bf70f8e05e383a7a64e8207b7bcbbc0877cfd63b067cd569f1a2c3bf,evidence,revision_B_base,revision_B_base,0.5,0.8,10000.0,5,200000.0,xlarge,45.0,80.0,5.0,0.5,1.0,"{""p_d"":0.8,""stage"":""c4-attrition"",""tau"":10000.0,""w"":0.5}",d4ab4fc6428a0b1f4ceb9e0c3f60e249d31253158385f9207158cfb8c2c16199
5,45,3,dynamic_evidence_3step,0.1611535926644214,8089.414745476573,0.1613936120040689,0.9071901699536361,8540,8541,8916,8917,80003.01905973774,80000.0,1.0000377382467218,budget_exhausted,11.203950617283951,0.9107457686882934,209.82064307434484,1938,2,"[2,3,4]",1173828954,none,none,none,"[0,1]","[[488878.9047803063,5514345.869962484],[488951.77942371543,5514288.348002141]]","[[488883.97075627604,5514333.110834124],[488944.06180331705,5514303.110834124]]",cd0430e9a367b80f90ab49a6b360f5b3216d2880494f4b03d3fbb2a9292364b2,none,none,5.000000000114857,0.5731635165347218,none,0.08115488982445485,none,stationary,matched_prior_exact,1,0,revision_C_base@2ce3a901fecb,2ce3a901fecb5ddde502d0a5eeffb8f48d73c5fd,fab97b80b871eeeac68aa1d75a33173cb368895f3e96803690e3cbc0acb1147d,c4-attrition_20260827_075624_501873_327229d1,327229d1bf70f8e05e383a7a64e8207b7bcbbc0877cfd63b067cd569f1a2c3bf,evidence,revision_B_base,revision_B_base,0.5,0.8,10000.0,5,200000.0,xlarge,45.0,80.0,5.0,0.5,1.0,"{""p_d"":0.8,""stage"":""c4-attrition"",""tau"":10000.0,""w"":0.5}",d4ab4fc6428a0b1f4ceb9e0c3f60e249d31253158385f9207158cfb8c2c16199
5,45,3,online_static_3step,0.11717945990319154,8213.627593971141,0.11733091627472475,0.9211200621252822,8509,8510,8916,8917,80004.33181169043,80000.0,1.0000541476461304,budget_exhausted,15.87479522583665,0.9370070614597614,181.68175401282497,1890,2,"[2,3,4]",1173828954,none,none,none,"[0,1]","[[488878.9047803063,5514345.869962484],[488951.77942371543,5514288.348002141]]","[[488883.97075627604,5514333.110834124],[488944.06180331705,5514303.110834124]]",cd0430e9a367b80f90ab49a6b360f5b3216d2880494f4b03d3fbb2a9292364b2,none,none,5.000000000114857,0.5411234449541065,none,0.07927452425807446,none,stationary,matched_prior_exact,1,0,revision_C_base@2ce3a901fecb,2ce3a901fecb5ddde502d0a5eeffb8f48d73c5fd,fab97b80b871eeeac68aa1d75a33173cb368895f3e96803690e3cbc0acb1147d,c4-attrition_20260827_075624_501873_327229d1,327229d1bf70f8e05e383a7a64e8207b7bcbbc0877cfd63b067cd569f1a2c3bf,evidence,revision_B_base,revision_B_base,0.5,0.8,10000.0,5,200000.0,xlarge,45.0,80.0,5.0,0.5,1.0,"{""p_d"":0.8,""stage"":""c4-attrition"",""tau"":10000.0,""w"":0.5}",d4ab4fc6428a0b1f4ceb9e0c3f60e249d31253158385f9207158cfb8c2c16199
5,45,3,pizza_repartition,0.15513134783089122,8097.676710850366,0.15537048429258798,0.9081167108725319,8007,8008,8916,8917,80003.95318103413,80000.0,1.0000494147629266,budget_exhausted,10.776007005253941,0.9072012481513384,0.0,0,2,"[2,3,4]",1173828954,none,none,none,"[0,1]","[[488878.9047803063,5514345.869962484],[488951.77942371543,5514288.348002141]]","[[488883.97075627604,5514333.110834124],[488944.06180331705,5514303.110834124]]",cd0430e9a367b80f90ab49a6b360f5b3216d2880494f4b03d3fbb2a9292364b2,"{""0"":1,""1"":0}",d4cc8594cb909404258d65952cf35e63ada8bf0b03ff172b2fdde6d17deffdd5,5.0000000009128875,0.5526012094768014,none,0.08382943526303732,none,stationary,matched_prior_exact,1,0,revision_C_base@2ce3a901fecb,2ce3a901fecb5ddde502d0a5eeffb8f48d73c5fd,fab97b80b871eeeac68aa1d75a33173cb368895f3e96803690e3cbc0acb1147d,c4-attrition_20260827_075624_501873_327229d1,327229d1bf70f8e05e383a7a64e8207b7bcbbc0877cfd63b067cd569f1a2c3bf,evidence,revision_B_base,revision_B_base,0.5,0.8,10000.0,5,200000.0,xlarge,45.0,80.0,5.0,0.5,1.0,"{""p_d"":0.8,""stage"":""c4-attrition"",""tau"":10000.0,""w"":0.5}",d4ab4fc6428a0b1f4ceb9e0c3f60e249d31253158385f9207158cfb8c2c16199
5,50,0,dynamic_evidence_3step,0.26580813366909434,7406.8109630772415,0.2661844204096249,0.829244398015813,8521,8522,8931,8932,200006.7242359709,200000.0,1.0000336211798546,budget_exhausted,13.16937174807797,0.9240662334445873,433.0314756690059,3961,5,[],759396235,none,none,none,"[0,1,2,3,4]","[[488965.33351979183,5514289.317774574],[488849.8339264691,5514348.860224111],[488950.7080924393,5514458.267307808],[489012.46370182175,5514407.724282884],[488901.89486185624,5514407.802702064]]","[[488974.1073268375,5514303.110834124],[488853.92523275554,5514363.110834124],[488944.06180331705,5514453.110834124],[489004.152850358,5514393.110834124],[488914.01627979655,5514393.110834124]]",a9870407c9be3f8cada061a5c5350e112c9f130eb89718ecbe80ebea8df39327,none,none,5.000000000114857,1.0,none,0.0,none,stationary,matched_prior_exact,1,0,revision_C_base@2ce3a901fecb,2ce3a901fecb5ddde502d0a5eeffb8f48d73c5fd,fab97b80b871eeeac68aa1d75a33173cb368895f3e96803690e3cbc0acb1147d,c4-attrition_20260827_075624_501873_327229d1,327229d1bf70f8e05e383a7a64e8207b7bcbbc0877cfd63b067cd569f1a2c3bf,evidence,revision_B_base,revision_B_base,0.5,0.8,10000.0,5,200000.0,xlarge,45.0,80.0,5.0,0.5,1.0,"{""p_d"":0.8,""stage"":""c4-attrition"",""tau"":10000.0,""w"":0.5}",d4ab4fc6428a0b1f4ceb9e0c3f60e249d31253158385f9207158cfb8c2c16199
5,50,0,online_static_3step,0.11072209735822672,8086.451042205771,0.11084886302284992,0.9053348681376815,8824,8825,8931,8932,200005.56098007655,200000.0,1.0000278049003828,budget_exhausted,46.24265477439664,0.978374943980213,440.5948945414275,4597,5,[],759396235,none,none,none,"[0,1,2,3,4]","[[488965.33351979183,5514289.317774574],[488849.8339264691,5514348.860224111],[488950.7080924393,5514458.267307808],[489012.46370182175,5514407.724282884],[488901.89486185624,5514407.802702064]]","[[488974.1073268375,5514303.110834124],[488853.92523275554,5514363.110834124],[488944.06180331705,5514453.110834124],[489004.152850358,5514393.110834124],[488914.01627979655,5514393.110834124]]",a9870407c9be3f8cada061a5c5350e112c9f130eb89718ecbe80ebea8df39327,none,none,5.000000000114857,1.0,none,0.0,none,stationary,matched_prior_exact,1,0,revision_C_base@2ce3a901fecb,2ce3a901fecb5ddde502d0a5eeffb8f48d73c5fd,fab97b80b871eeeac68aa1d75a33173cb368895f3e96803690e3cbc0acb1147d,c4-attrition_20260827_075624_501873_327229d1,327229d1bf70f8e05e383a7a64e8207b7bcbbc0877cfd63b067cd569f1a2c3bf,evidence,revision_B_base,revision_B_base,0.5,0.8,10000.0,5,200000.0,xlarge,45.0,80.0,5.0,0.5,1.0,"{""p_d"":0.8,""stage"":""c4-attrition"",""tau"":10000.0,""w"":0.5}",d4ab4fc6428a0b1f4ceb9e0c3f60e249d31253158385f9207158cfb8c2c16199
5,50,0,pizza_repartition,0.280800181138421,7360.489453746829,0.2811733139659994,0.8240583804015706,8012,8013,8931,8932,200013.93790403218,200000.0,1.0000696895201608,budget_exhausted,10.98212242562929,0.9089429200255251,0.0,0,5,[],759396235,none,none,none,"[0,1,2,3,4]","[[488965.33351979183,5514289.317774574],[488849.8339264691,5514348.860224111],[488950.7080924393,5514458.267307808],[489012.46370182175,5514407.724282884],[488901.89486185624,5514407.802702064]]","[[488974.1073268375,5514303.110834124],[488853.92523275554,5514363.110834124],[488944.06180331705,5514453.110834124],[489004.152850358,5514393.110834124],[488914.01627979655,5514393.110834124]]",a9870407c9be3f8cada061a5c5350e112c9f130eb89718ecbe80ebea8df39327,"{""0"":4,""1"":3,""2"":1,""3"":0,""4"":2}",411a3c6603f6ee07acaa9879b3f9db4904e22b2421d12f43dd8b99994a2262a3,5.000000000887461,1.0,none,0.0,none,stationary,matched_prior_exact,1,0,revision_C_base@2ce3a901fecb,2ce3a901fecb5ddde502d0a5eeffb8f48d73c5fd,fab97b80b871eeeac68aa1d75a33173cb368895f3e96803690e3cbc0acb1147d,c4-attrition_20260827_075624_501873_327229d1,327229d1bf70f8e05e383a7a64e8207b7bcbbc0877cfd63b067cd569f1a2c3bf,evidence,revision_B_base,revision_B_base,0.5,0.8,10000.0,5,200000.0,xlarge,45.0,80.0,5.0,0.5,1.0,"{""p_d"":0.8,""stage"":""c4-attrition"",""tau"":10000.0,""w"":0.5}",d4ab4fc6428a0b1f4ceb9e0c3f60e249d31253158385f9207158cfb8c2c16199
5,50,1,dynamic_evidence_3step,0.24295722171352616,7593.879677591886,0.24334617814536916,0.8501880516784468,8507,8508,8931,8932,160003.00475579104,160000.0,1.0000187797236941,budget_exhausted,11.287119633180492,0.9114034375023081,357.6692580052186,3308,4,[1],759396235,none,none,none,"[0,2,3,4]","[[488965.33351979183,5514289.317774574],[488950.7080924393,5514458.267307808],[489012.46370182175,5514407.724282884],[488901.89486185624,5514407.802702064]]","[[488974.1073268375,5514303.110834124],[488944.06180331705,5514453.110834124],[489004.152850358,5514393.110834124],[488914.01627979655,5514393.110834124]]",3913eea08519f79c713cdb281701a6d1fa0b18acdf2bf7c1a9c9ce73313e6c98,none,none,5.000000000114857,0.9140323072881759,none,0.020943653662633843,none,stationary,matched_prior_exact,1,0,revision_C_base@2ce3a901fecb,2ce3a901fecb5ddde502d0a5eeffb8f48d73c5fd,fab97b80b871eeeac68aa1d75a33173cb368895f3e96803690e3cbc0acb1147d,c4-attrition_20260827_075624_501873_327229d1,327229d1bf70f8e05e383a7a64e8207b7bcbbc0877cfd63b067cd569f1a2c3bf,evidence,revision_B_base,revision_B_base,0.5,0.8,10000.0,5,200000.0,xlarge,45.0,80.0,5.0,0.5,1.0,"{""p_d"":0.8,""stage"":""c4-attrition"",""tau"":10000.0,""w"":0.5}",d4ab4fc6428a0b1f4ceb9e0c3f60e249d31253158385f9207158cfb8c2c16199
5,50,1,online_static_3step,0.15505959906416542,7936.204781774668,0.155286255984857,0.8885137462801912,8931,8932,8931,8932,160013.02283984638,160000.0,1.00008139274904,budget_exhausted,23.80617696160267,0.9579940953302618,333.19898860901594,3404,4,[1],759396235,none,none,none,"[0,2,3,4]","[[488965.33351979183,5514289.317774574],[488950.7080924393,5514458.267307808],[489012.46370182175,5514407.724282884],[488901.89486185624,5514407.802702064]]","[[488974.1073268375,5514303.110834124],[488944.06180331705,5514453.110834124],[489004.152850358,5514393.110834124],[488914.01627979655,5514393.110834124]]",3913eea08519f79c713cdb281701a6d1fa0b18acdf2bf7c1a9c9ce73313e6c98,none,none,5.000000000114857,1.4004395036204071,none,-0.016821121857490295,none,stationary,matched_prior_exact,1,0,revision_C_base@2ce3a901fecb,2ce3a901fecb5ddde502d0a5eeffb8f48d73c5fd,fab97b80b871eeeac68aa1d75a33173cb368895f3e96803690e3cbc0acb1147d,c4-attrition_20260827_075624_501873_327229d1,327229d1bf70f8e05e383a7a64e8207b7bcbbc0877cfd63b067cd569f1a2c3bf,evidence,revision_B_base,revision_B_base,0.5,0.8,10000.0,5,200000.0,xlarge,45.0,80.0,5.0,0.5,1.0,"{""p_d"":0.8,""stage"":""c4-attrition"",""tau"":10000.0,""w"":0.5}",d4ab4fc6428a0b1f4ceb9e0c3f60e249d31253158385f9207158cfb8c2c16199
5,50,1,pizza_repartition,0.2450913641027705,7576.8780103286,0.24544327478295652,0.8482845958719883,8011,8012,8931,8932,160013.7824231582,160000.0,1.0000861401447387,budget_exhausted,10.924613745338306,0.9084635829411621,0.0,0,4,[1],759396235,none,none,none,"[0,2,3,4]","[[488965.33351979183,5514289.317774574],[488950.7080924393,5514458.267307808],[489012.46370182175,5514407.724282884],[488901.89486185624,5514407.802702064]]","[[488974.1073268375,5514303.110834124],[488944.06180331705,5514453.110834124],[489004.152850358,5514393.110834124],[488914.01627979655,5514393.110834124]]",3913eea08519f79c713cdb281701a6d1fa0b18acdf2bf7c1a9c9ce73313e6c98,"{""0"":3,""2"":1,""3"":0,""4"":2}",fb17b5bc8f7b5a50680221aaa0201732a028f926ca7979d3ce8476fcbfdfc04a,5.000000000889608,0.8728319301971968,none,0.0242262154704177,none,stationary,matched_prior_exact,1,0,revision_C_base@2ce3a901fecb,2ce3a901fecb5ddde502d0a5eeffb8f48d73c5fd,fab97b80b871eeeac68aa1d75a33173cb368895f3e96803690e3cbc0acb1147d,c4-attrition_20260827_075624_501873_327229d1,327229d1bf70f8e05e383a7a64e8207b7bcbbc0877cfd63b067cd569f1a2c3bf,evidence,revision_B_base,revision_B_base,0.5,0.8,10000.0,5,200000.0,xlarge,45.0,80.0,5.0,0.5,1.0,"{""p_d"":0.8,""stage"":""c4-attrition"",""tau"":10000.0,""w"":0.5}",d4ab4fc6428a0b1f4ceb9e0c3f60e249d31253158385f9207158cfb8c2c16199
5,50,2,dynamic_evidence_3step,0.19865044184569952,7848.340057652549,0.1989186306588483,0.8786766746140338,8546,8547,8931,8932,120007.10721307593,120000.0,1.0000592267756327,budget_exhausted,12.283619757240716,0.9185907721206903,296.1613705472555,2724,3,"[1,2]",759396235,none,none,none,"[0,3,4]","[[488965.33351979183,5514289.317774574],[489012.46370182175,5514407.724282884],[488901.89486185624,5514407.802702064]]","[[488974.1073268375,5514303.110834124],[489004.152850358,5514393.110834124],[488914.01627979655,5514393.110834124]]",5e03da9d83308652e6a9247a51d0ebb3f3b5adb9c90a6bd2e37a3618557b9fe4,none,none,5.000000000114857,0.7473452339611258,none,0.0494322765982208,none,stationary,matched_prior_exact,1,0,revision_C_base@2ce3a901fecb,2ce3a901fecb5ddde502d0a5eeffb8f48d73c5fd,fab97b80b871eeeac68aa1d75a33173cb368895f3e96803690e3cbc0acb1147d,c4-attrition_20260827_075624_501873_327229d1,327229d1bf70f8e05e383a7a64e8207b7bcbbc0877cfd63b067cd569f1a2c3bf,evidence,revision_B_base,revision_B_base,0.5,0.8,10000.0,5,200000.0,xlarge,45.0,80.0,5.0,0.5,1.0,"{""p_d"":0.8,""stage"":""c4-attrition"",""tau"":10000.0,""w"":0.5}",d4ab4fc6428a0b1f4ceb9e0c3f60e249d31253158385f9207158cfb8c2c16199
5,50,2,online_static_3step,0.11046548729675326,8126.017232677691,0.11061913500983354,0.9097645804610044,8791,8792,8931,8932,120014.31494234539,120000.0,1.0001192911862116,budget_exhausted,27.411351210622232,0.9635187630001805,290.12704255245626,3007,3,"[1,2]",759396235,none,none,none,"[0,3,4]","[[488965.33351979183,5514289.317774574],[489012.46370182175,5514407.724282884],[488901.89486185624,5514407.802702064]]","[[488974.1073268375,5514303.110834124],[489004.152850358,5514393.110834124],[488914.01627979655,5514393.110834124]]",5e03da9d83308652e6a9247a51d0ebb3f3b5adb9c90a6bd2e37a3618557b9fe4,none,none,5.000000000114857,0.9976823952255598,none,0.0044297123233228985,none,stationary,matched_prior_exact,1,0,revision_C_base@2ce3a901fecb,2ce3a901fecb5ddde502d0a5eeffb8f48d73c5fd,fab97b80b871eeeac68aa1d75a33173cb368895f3e96803690e3cbc0acb1147d,c4-attrition_20260827_075624_501873_327229d1,327229d1bf70f8e05e383a7a64e8207b7bcbbc0877cfd63b067cd569f1a2c3bf,evidence,revision_B_base,revision_B_base,0.5,0.8,10000.0,5,200000.0,xlarge,45.0,80.0,5.0,0.5,1.0,"{""p_d"":0.8,""stage"":""c4-attrition"",""tau"":10000.0,""w"":0.5}",d4ab4fc6428a0b1f4ceb9e0c3f60e249d31253158385f9207158cfb8c2c16199
5,50,2,pizza_repartition,0.2029652399562687,7822.9414201755235,0.2032370518880728,0.8758331191419081,8010,8011,8931,8932,120011.25199035238,120000.0,1.00009376658627,budget_exhausted,10.879820733577073,0.9080867208672087,0.0,0,3,"[1,2]",759396235,none,none,none,"[0,3,4]","[[488965.33351979183,5514289.317774574],[489012.46370182175,5514407.724282884],[488901.89486185624,5514407.802702064]]","[[488974.1073268375,5514303.110834124],[489004.152850358,5514393.110834124],[488914.01627979655,5514393.110834124]]",5e03da9d83308652e6a9247a51d0ebb3f3b5adb9c90a6bd2e37a3618557b9fe4,"{""0"":2,""3"":0,""4"":1}",8d7327ee93eb6089c4b6b7510fe3d489f9315de49202748ba3e02059e75612ee,5.000000000908379,0.7228102173346412,none,0.051774738740337445,none,stationary,matched_prior_exact,1,0,revision_C_base@2ce3a901fecb,2ce3a901fecb5ddde502d0a5eeffb8f48d73c5fd,fab97b80b871eeeac68aa1d75a33173cb368895f3e96803690e3cbc0acb1147d,c4-attrition_20260827_075624_501873_327229d1,327229d1bf70f8e05e383a7a64e8207b7bcbbc0877cfd63b067cd569f1a2c3bf,evidence,revision_B_base,revision_B_base,0.5,0.8,10000.0,5,200000.0,xlarge,45.0,80.0,5.0,0.5,1.0,"{""p_d"":0.8,""stage"":""c4-attrition"",""tau"":10000.0,""w"":0.5}",d4ab4fc6428a0b1f4ceb9e0c3f60e249d31253158385f9207158cfb8c2c16199
5,50,3,dynamic_evidence_3step,0.15597864254519725,8120.20750230992,0.15622649291498497,0.9091141404287864,8563,8564,8931,8932,80009.78629042298,80000.0,1.0001223286302874,budget_exhausted,11.20363994097393,0.9107432936734425,209.32975619356148,1920,2,"[1,2,0]",759396235,none,none,none,"[3,4]","[[489012.46370182175,5514407.724282884],[488901.89486185624,5514407.802702064]]","[[489004.152850358,5514393.110834124],[488914.01627979655,5514393.110834124]]",f995d0f42bca614ec2bbaa34cba9b449f22c34a3d6bbee77f9c41e08548c00bd,none,none,5.000000000114857,0.5868091408345529,none,0.0798697424129734,none,stationary,matched_prior_exact,1,0,revision_C_base@2ce3a901fecb,2ce3a901fecb5ddde502d0a5eeffb8f48d73c5fd,fab97b80b871eeeac68aa1d75a33173cb368895f3e96803690e3cbc0acb1147d,c4-attrition_20260827_075624_501873_327229d1,327229d1bf70f8e05e383a7a64e8207b7bcbbc0877cfd63b067cd569f1a2c3bf,evidence,revision_B_base,revision_B_base,0.5,0.8,10000.0,5,200000.0,xlarge,45.0,80.0,5.0,0.5,1.0,"{""p_d"":0.8,""stage"":""c4-attrition"",""tau"":10000.0,""w"":0.5}",d4ab4fc6428a0b1f4ceb9e0c3f60e249d31253158385f9207158cfb8c2c16199
5,50,3,online_static_3step,0.11640051679267725,8247.216261910706,0.11657513129865935,0.9233336612080951,8386,8387,8931,8932,80002.66761741626,80000.0,1.0000333452177033,budget_exhausted,16.14149560117302,0.9380478720988327,200.5519240067806,2135,2,"[1,2,0]",759396235,none,none,none,"[3,4]","[[489012.46370182175,5514407.724282884],[488901.89486185624,5514407.802702064]]","[[489004.152850358,5514393.110834124],[488914.01627979655,5514393.110834124]]",f995d0f42bca614ec2bbaa34cba9b449f22c34a3d6bbee77f9c41e08548c00bd,none,none,5.000000000114857,1.051285331202486,none,0.017998793070413632,none,stationary,matched_prior_exact,1,0,revision_C_base@2ce3a901fecb,2ce3a901fecb5ddde502d0a5eeffb8f48d73c5fd,fab97b80b871eeeac68aa1d75a33173cb368895f3e96803690e3cbc0acb1147d,c4-attrition_20260827_075624_501873_327229d1,327229d1bf70f8e05e383a7a64e8207b7bcbbc0877cfd63b067cd569f1a2c3bf,evidence,revision_B_base,revision_B_base,0.5,0.8,10000.0,5,200000.0,xlarge,45.0,80.0,5.0,0.5,1.0,"{""p_d"":0.8,""stage"":""c4-attrition"",""tau"":10000.0,""w"":0.5}",d4ab4fc6428a0b1f4ceb9e0c3f60e249d31253158385f9207158cfb8c2c16199
5,50,3,pizza_repartition,0.1551040778940742,8109.956413599167,0.1552957451482621,0.9079664592027729,8008,8009,8931,8932,80001.25578088926,80000.0,1.0000156972611158,budget_exhausted,10.775188365165587,0.9071941978079162,0.0,0,2,"[1,2,0]",759396235,none,none,none,"[3,4]","[[489012.46370182175,5514407.724282884],[488901.89486185624,5514407.802702064]]","[[489004.152850358,5514393.110834124],[488914.01627979655,5514393.110834124]]",f995d0f42bca614ec2bbaa34cba9b449f22c34a3d6bbee77f9c41e08548c00bd,"{""3"":0,""4"":1}",921d59e8dd5f96e96021133243a306ba062e1c2064f4a40c18c2a3c22e352f44,5.000000000889653,0.5523645934459542,none,0.08390807880120221,none,stationary,matched_prior_exact,1,0,revision_C_base@2ce3a901fecb,2ce3a901fecb5ddde502d0a5eeffb8f48d73c5fd,fab97b80b871eeeac68aa1d75a33173cb368895f3e96803690e3cbc0acb1147d,c4-attrition_20260827_075624_501873_327229d1,327229d1bf70f8e05e383a7a64e8207b7bcbbc0877cfd63b067cd569f1a2c3bf,evidence,revision_B_base,revision_B_base,0.5,0.8,10000.0,5,200000.0,xlarge,45.0,80.0,5.0,0.5,1.0,"{""p_d"":0.8,""stage"":""c4-attrition"",""tau"":10000.0,""w"":0.5}",d4ab4fc6428a0b1f4ceb9e0c3f60e249d31253158385f9207158cfb8c2c16199
5,51,0,dynamic_evidence_3step,0.2863496347243115,7292.820330290079,0.2867624869849142,0.8273193794997253,8543,8544,8814,8815,200001.0777548477,200000.0,1.0000053887742386,budget_exhausted,11.521809807640206,0.9132080795729771,440.61807259521447,4039,5,[],1954673922,none,none,none,"[0,1,2,3,4]","[[488995.8969309371,5514358.502082188],[488942.60743159533,5514425.270881333],[488954.5602390684,5514332.758179361],[488973.4235487942,5514297.708910218],[488882.2327589109,5514411.2092443295]]","[[489004.152850358,5514363.110834124],[488944.06180331705,5514423.110834124],[488944.06180331705,5514333.110834124],[488974.1073268375,5514303.110834124],[488883.97075627604,5514423.110834124]]",8fe1cd6d82d7fc5aa985197edfb9e7d842fe31316527dd42dfcdb207a45ad25c,none,none,5.000000000114857,1.0,none,0.0,none,stationary,matched_prior_exact,1,0,revision_C_base@2ce3a901fecb,2ce3a901fecb5ddde502d0a5eeffb8f48d73c5fd,fab97b80b871eeeac68aa1d75a33173cb368895f3e96803690e3cbc0acb1147d,c4-attrition_20260827_075624_501873_327229d1,327229d1bf70f8e05e383a7a64e8207b7bcbbc0877cfd63b067cd569f1a2c3bf,evidence,revision_B_base,revision_B_base,0.5,0.8,10000.0,5,200000.0,xlarge,45.0,80.0,5.0,0.5,1.0,"{""p_d"":0.8,""stage"":""c4-attrition"",""tau"":10000.0,""w"":0.5}",d4ab4fc6428a0b1f4ceb9e0c3f60e249d31253158385f9207158cfb8c2c16199
5,51,0,online_static_3step,0.12168130796575438,7894.502521265139,0.12188191516899374,0.8955760092189607,8751,8752,8814,8815,200014.08803171868,200000.0,1.0000704401585934,budget_exhausted,43.26293532338308,0.9768855258542868,445.88375938427635,4593,5,[],1954673922,none,none,none,"[0,1,2,3,4]","[[488995.8969309371,5514358.502082188],[488942.60743159533,5514425.270881333],[488954.5602390684,5514332.758179361],[488973.4235487942,5514297.708910218],[488882.2327589109,5514411.2092443295]]","[[489004.152850358,5514363.110834124],[488944.06180331705,5514423.110834124],[488944.06180331705,5514333.110834124],[488974.1073268375,5514303.110834124],[488883.97075627604,5514423.110834124]]",8fe1cd6d82d7fc5aa985197edfb9e7d842fe31316527dd42dfcdb207a45ad25c,none,none,5.000000000114857,1.0,none,0.0,none,stationary,matched_prior_exact,1,0,revision_C_base@2ce3a901fecb,2ce3a901fecb5ddde502d0a5eeffb8f48d73c5fd,fab97b80b871eeeac68aa1d75a33173cb368895f3e96803690e3cbc0acb1147d,c4-attrition_20260827_075624_501873_327229d1,327229d1bf70f8e05e383a7a64e8207b7bcbbc0877cfd63b067cd569f1a2c3bf,evidence,revision_B_base,revision_B_base,0.5,0.8,10000.0,5,200000.0,xlarge,45.0,80.0,5.0,0.5,1.0,"{""p_d"":0.8,""stage"":""c4-attrition"",""tau"":10000.0,""w"":0.5}",d4ab4fc6428a0b1f4ceb9e0c3f60e249d31253158385f9207158cfb8c2c16199
5,51,0,pizza_repartition,0.28084584321523165,7275.691089285619,0.2812391213995986,0.8253761870999,8011,8012,8814,8815,200004.9368925778,200000.0,1.000024684462889,budget_exhausted,10.984128118967613,0.9089595469782277,0.0,0,5,[],1954673922,none,none,none,"[0,1,2,3,4]","[[488995.8969309371,5514358.502082188],[488942.60743159533,5514425.270881333],[488954.5602390684,5514332.758179361],[488973.4235487942,5514297.708910218],[488882.2327589109,5514411.2092443295]]","[[489004.152850358,5514363.110834124],[488944.06180331705,5514423.110834124],[488944.06180331705,5514333.110834124],[488974.1073268375,5514303.110834124],[488883.97075627604,5514423.110834124]]",8fe1cd6d82d7fc5aa985197edfb9e7d842fe31316527dd42dfcdb207a45ad25c,"{""0"":0,""1"":1,""2"":3,""3"":4,""4"":2}",f8cc2a8a06891f8b07bbab0a52eabda85d693ea964fb2ca8872c2ac6968d3383,5.000000000888166,1.0,none,0.0,none,stationary,matched_prior_exact,1,0,revision_C_base@2ce3a901fecb,2ce3a901fecb5ddde502d0a5eeffb8f48d73c5fd,fab97b80b871eeeac68aa1d75a33173cb368895f3e96803690e3cbc0acb1147d,c4-attrition_20260827_075624_501873_327229d1,327229d1bf70f8e05e383a7a64e8207b7bcbbc0877cfd63b067cd569f1a2c3bf,evidence,revision_B_base,revision_B_base,0.5,0.8,10000.0,5,200000.0,xlarge,45.0,80.0,5.0,0.5,1.0,"{""p_d"":0.8,""stage"":""c4-attrition"",""tau"":10000.0,""w"":0.5}",d4ab4fc6428a0b1f4ceb9e0c3f60e249d31253158385f9207158cfb8c2c16199
5,51,1,dynamic_evidence_3step,0.24073130799464582,7484.315648588387,0.24105845117833272,0.8490431819158692,8537,8538,8814,8815,160009.95780908543,160000.0,1.000062236306784,budget_exhausted,12.678378378378378,0.9211255595821787,375.58198509854265,3473,4,[1],1954673922,none,none,none,"[0,2,3,4]","[[488995.8969309371,5514358.502082188],[488954.5602390684,5514332.758179361],[488973.4235487942,5514297.708910218],[488882.2327589109,5514411.2092443295]]","[[489004.152850358,5514363.110834124],[488944.06180331705,5514333.110834124],[488974.1073268375,5514303.110834124],[488883.97075627604,5514423.110834124]]",c9a487ecdba95f62afb51224539229dc8541d5afa6c9ba8969cb97fbb20f1ed8,none,none,5.000000000114857,0.8406901172631647,none,0.02172380241614391,none,stationary,matched_prior_exact,1,0,revision_C_base@2ce3a901fecb,2ce3a901fecb5ddde502d0a5eeffb8f48d73c5fd,fab97b80b871eeeac68aa1d75a33173cb368895f3e96803690e3cbc0acb1147d,c4-attrition_20260827_075624_501873_327229d1,327229d1bf70f8e05e383a7a64e8207b7bcbbc0877cfd63b067cd569f1a2c3bf,evidence,revision_B_base,revision_B_base,0.5,0.8,10000.0,5,200000.0,xlarge,45.0,80.0,5.0,0.5,1.0,"{""p_d"":0.8,""stage"":""c4-attrition"",""tau"":10000.0,""w"":0.5}",d4ab4fc6428a0b1f4ceb9e0c3f60e249d31253158385f9207158cfb8c2c16199
5,51,1,online_static_3step,0.18128478857959168,7684.642167688134,0.18154824588088836,0.871768822199448,8642,8643,8814,8815,160010.77112261148,160000.0,1.0000673195163217,budget_exhausted,19.03068166041927,0.9474532747778637,375.06787069444545,3833,4,[1],1954673922,none,none,none,"[0,2,3,4]","[[488995.8969309371,5514358.502082188],[488954.5602390684,5514332.758179361],[488973.4235487942,5514297.708910218],[488882.2327589109,5514411.2092443295]]","[[489004.152850358,5514363.110834124],[488944.06180331705,5514333.110834124],[488974.1073268375,5514303.110834124],[488883.97075627604,5514423.110834124]]",c9a487ecdba95f62afb51224539229dc8541d5afa6c9ba8969cb97fbb20f1ed8,none,none,5.000000000114857,1.489832675291524,none,-0.023807187019512788,none,stationary,matched_prior_exact,1,0,revision_C_base@2ce3a901fecb,2ce3a901fecb5ddde502d0a5eeffb8f48d73c5fd,fab97b80b871eeeac68aa1d75a33173cb368895f3e96803690e3cbc0acb1147d,c4-attrition_20260827_075624_501873_327229d1,327229d1bf70f8e05e383a7a64e8207b7bcbbc0877cfd63b067cd569f1a2c3bf,evidence,revision_B_base,revision_B_base,0.5,0.8,10000.0,5,200000.0,xlarge,45.0,80.0,5.0,0.5,1.0,"{""p_d"":0.8,""stage"":""c4-attrition"",""tau"":10000.0,""w"":0.5}",d4ab4fc6428a0b1f4ceb9e0c3f60e249d31253158385f9207158cfb8c2c16199
5,51,1,pizza_repartition,0.24510413875685189,7488.439750580731,0.24546458459226791,0.8495110323971334,8010,8011,8814,8815,160000.67182826402,160000.0,1.0000041989266502,budget_exhausted,10.92106197833422,0.9084338133064483,0.0,0,4,[1],1954673922,none,none,none,"[0,2,3,4]","[[488995.8969309371,5514358.502082188],[488954.5602390684,5514332.758179361],[488973.4235487942,5514297.708910218],[488882.2327589109,5514411.2092443295]]","[[489004.152850358,5514363.110834124],[488944.06180331705,5514333.110834124],[488974.1073268375,5514303.110834124],[488883.97075627604,5514423.110834124]]",c9a487ecdba95f62afb51224539229dc8541d5afa6c9ba8969cb97fbb20f1ed8,"{""0"":0,""2"":2,""3"":3,""4"":1}",fa21d650124c8fc41637c0a364dcc35604c566aca42b67ee008c9e5099378db6,5.000000000893628,0.8727355048264381,none,0.02413484529723342,none,stationary,matched_prior_exact,1,0,revision_C_base@2ce3a901fecb,2ce3a901fecb5ddde502d0a5eeffb8f48d73c5fd,fab97b80b871eeeac68aa1d75a33173cb368895f3e96803690e3cbc0acb1147d,c4-attrition_20260827_075624_501873_327229d1,327229d1bf70f8e05e383a7a64e8207b7bcbbc0877cfd63b067cd569f1a2c3bf,evidence,revision_B_base,revision_B_base,0.5,0.8,10000.0,5,200000.0,xlarge,45.0,80.0,5.0,0.5,1.0,"{""p_d"":0.8,""stage"":""c4-attrition"",""tau"":10000.0,""w"":0.5}",d4ab4fc6428a0b1f4ceb9e0c3f60e249d31253158385f9207158cfb8c2c16199
5,51,2,dynamic_evidence_3step,0.20986662329085454,7719.621494998143,0.21020240677230007,0.8757369818489101,8524,8525,8814,8815,120005.43514856296,120000.0,1.0000452929046912,budget_exhausted,11.24152401987852,0.9110440899088337,304.38718479592353,2761,3,"[1,0]",1954673922,none,none,none,"[2,3,4]","[[488954.5602390684,5514332.758179361],[488973.4235487942,5514297.708910218],[488882.2327589109,5514411.2092443295]]","[[488944.06180331705,5514333.110834124],[488974.1073268375,5514303.110834124],[488883.97075627604,5514423.110834124]]",fe8f753a42425b6619a4458a17f56a778250ef1d9f1b5ff0aff7c92f765a22ef,none,none,5.000000000114857,0.7329034084255339,none,0.048417602349184796,none,stationary,matched_prior_exact,1,0,revision_C_base@2ce3a901fecb,2ce3a901fecb5ddde502d0a5eeffb8f48d73c5fd,fab97b80b871eeeac68aa1d75a33173cb368895f3e96803690e3cbc0acb1147d,c4-attrition_20260827_075624_501873_327229d1,327229d1bf70f8e05e383a7a64e8207b7bcbbc0877cfd63b067cd569f1a2c3bf,evidence,revision_B_base,revision_B_base,0.5,0.8,10000.0,5,200000.0,xlarge,45.0,80.0,5.0,0.5,1.0,"{""p_d"":0.8,""stage"":""c4-attrition"",""tau"":10000.0,""w"":0.5}",d4ab4fc6428a0b1f4ceb9e0c3f60e249d31253158385f9207158cfb8c2c16199
5,51,2,online_static_3step,0.08880165009421112,8156.040435043768,0.08897148039646072,0.9252456534366158,8814,8815,8814,8815,120009.72830403369,120000.0,1.0000810692002808,budget_exhausted,37.23624823695346,0.9731444480218178,292.7234341800213,3048,3,"[1,0]",1954673922,none,none,none,"[2,3,4]","[[488954.5602390684,5514332.758179361],[488973.4235487942,5514297.708910218],[488882.2327589109,5514411.2092443295]]","[[488944.06180331705,5514333.110834124],[488974.1073268375,5514303.110834124],[488883.97075627604,5514423.110834124]]",fe8f753a42425b6619a4458a17f56a778250ef1d9f1b5ff0aff7c92f765a22ef,none,none,5.000000000114857,0.7297887537435346,none,0.029669644217655056,none,stationary,matched_prior_exact,1,0,revision_C_base@2ce3a901fecb,2ce3a901fecb5ddde502d0a5eeffb8f48d73c5fd,fab97b80b871eeeac68aa1d75a33173cb368895f3e96803690e3cbc0acb1147d,c4-attrition_20260827_075624_501873_327229d1,327229d1bf70f8e05e383a7a64e8207b7bcbbc0877cfd63b067cd569f1a2c3bf,evidence,revision_B_base,revision_B_base,0.5,0.8,10000.0,5,200000.0,xlarge,45.0,80.0,5.0,0.5,1.0,"{""p_d"":0.8,""stage"":""c4-attrition"",""tau"":10000.0,""w"":0.5}",d4ab4fc6428a0b1f4ceb9e0c3f60e249d31253158385f9207158cfb8c2c16199
5,51,2,pizza_repartition,0.2029318077869192,7730.10212929287,0.20320691499946156,0.8769259363917039,8010,8011,8814,8815,120010.2024955329,120000.0,1.0000850207961074,budget_exhausted,10.878258817978057,0.9080735238301795,0.0,0,3,"[1,0]",1954673922,none,none,none,"[2,3,4]","[[488954.5602390684,5514332.758179361],[488973.4235487942,5514297.708910218],[488882.2327589109,5514411.2092443295]]","[[488944.06180331705,5514333.110834124],[488974.1073268375,5514303.110834124],[488883.97075627604,5514423.110834124]]",fe8f753a42425b6619a4458a17f56a778250ef1d9f1b5ff0aff7c92f765a22ef,"{""2"":2,""3"":0,""4"":1}",cadcad7560eefd70dde3b983fde80032242357c8561891db27f1dadf00c66c58,5.000000000908379,0.7225736562937073,none,0.05154974929180389,none,stationary,matched_prior_exact,1,0,revision_C_base@2ce3a901fecb,2ce3a901fecb5ddde502d0a5eeffb8f48d73c5fd,fab97b80b871eeeac68aa1d75a33173cb368895f3e96803690e3cbc0acb1147d,c4-attrition_20260827_075624_501873_327229d1,327229d1bf70f8e05e383a7a64e8207b7bcbbc0877cfd63b067cd569f1a2c3bf,evidence,revision_B_base,revision_B_base,0.5,0.8,10000.0,5,200000.0,xlarge,45.0,80.0,5.0,0.5,1.0,"{""p_d"":0.8,""stage"":""c4-attrition"",""tau"":10000.0,""w"":0.5}",d4ab4fc6428a0b1f4ceb9e0c3f60e249d31253158385f9207158cfb8c2c16199
5,51,3,dynamic_evidence_3step,0.1509458246255716,8042.608410861106,0.15117071384206973,0.9123775848963251,8558,8559,8814,8815,80006.30115965237,80000.0,1.0000787644956546,budget_exhausted,11.498483827493262,0.9130320123067908,215.7443978888914,1951,2,"[1,0,4]",1954673922,none,none,none,"[2,3]","[[488954.5602390684,5514332.758179361],[488973.4235487942,5514297.708910218]]","[[488944.06180331705,5514333.110834124],[488974.1073268375,5514303.110834124]]",caa956b7a1e4001cd29a1f55e08ad116b74842b78a2c500ed4502c33378e5943,none,none,5.000000000114857,0.5271381776718435,none,0.0850582053965998,none,stationary,matched_prior_exact,1,0,revision_C_base@2ce3a901fecb,2ce3a901fecb5ddde502d0a5eeffb8f48d73c5fd,fab97b80b871eeeac68aa1d75a33173cb368895f3e96803690e3cbc0acb1147d,c4-attrition_20260827_075624_501873_327229d1,327229d1bf70f8e05e383a7a64e8207b7bcbbc0877cfd63b067cd569f1a2c3bf,evidence,revision_B_base,revision_B_base,0.5,0.8,10000.0,5,200000.0,xlarge,45.0,80.0,5.0,0.5,1.0,"{""p_d"":0.8,""stage"":""c4-attrition"",""tau"":10000.0,""w"":0.5}",d4ab4fc6428a0b1f4ceb9e0c3f60e249d31253158385f9207158cfb8c2c16199
5,51,3,online_static_3step,0.09241265569075377,8228.845327701374,0.09253491311215593,0.9335048585027084,8603,8604,8814,8815,80006.98346476088,80000.0,1.000087293309511,budget_exhausted,24.556667858419736,0.9592778627065589,170.0100329867564,1891,2,"[1,0,4]",1954673922,none,none,none,"[2,3]","[[488954.5602390684,5514332.758179361],[488973.4235487942,5514297.708910218]]","[[488944.06180331705,5514333.110834124],[488974.1073268375,5514303.110834124]]",caa956b7a1e4001cd29a1f55e08ad116b74842b78a2c500ed4502c33378e5943,none,none,5.000000000114857,0.7594646806127536,none,0.03792884928374762,none,stationary,matched_prior_exact,1,0,revision_C_base@2ce3a901fecb,2ce3a901fecb5ddde502d0a5eeffb8f48d73c5fd,fab97b80b871eeeac68aa1d75a33173cb368895f3e96803690e3cbc0acb1147d,c4-attrition_20260827_075624_501873_327229d1,327229d1bf70f8e05e383a7a64e8207b7bcbbc0877cfd63b067cd569f1a2c3bf,evidence,revision_B_base,revision_B_base,0.5,0.8,10000.0,5,200000.0,xlarge,45.0,80.0,5.0,0.5,1.0,"{""p_d"":0.8,""stage"":""c4-attrition"",""tau"":10000.0,""w"":0.5}",d4ab4fc6428a0b1f4ceb9e0c3f60e249d31253158385f9207158cfb8c2c16199
5,51,3,pizza_repartition,0.1551426440959674,8011.114962112849,0.15537000593121386,0.9088048737507486,8007,8008,8814,8815,80001.5329511445,80000.0,1.0000191618893062,budget_exhausted,10.770362585391487,0.9071526151444185,0.0,0,2,"[1,0,4]",1954673922,none,none,none,"[2,3]","[[488954.5602390684,5514332.758179361],[488973.4235487942,5514297.708910218]]","[[488944.06180331705,5514333.110834124],[488974.1073268375,5514303.110834124]]",caa956b7a1e4001cd29a1f55e08ad116b74842b78a2c500ed4502c33378e5943,"{""2"":1,""3"":0}",4c34bff36c621ebcb698f54044828a5094c8086f2eccc023640dd2ad5530aefd,5.0000000009128875,0.5524121073676381,none,0.08342868665084857,none,stationary,matched_prior_exact,1,0,revision_C_base@2ce3a901fecb,2ce3a901fecb5ddde502d0a5eeffb8f48d73c5fd,fab97b80b871eeeac68aa1d75a33173cb368895f3e96803690e3cbc0acb1147d,c4-attrition_20260827_075624_501873_327229d1,327229d1bf70f8e05e383a7a64e8207b7bcbbc0877cfd63b067cd569f1a2c3bf,evidence,revision_B_base,revision_B_base,0.5,0.8,10000.0,5,200000.0,xlarge,45.0,80.0,5.0,0.5,1.0,"{""p_d"":0.8,""stage"":""c4-attrition"",""tau"":10000.0,""w"":0.5}",d4ab4fc6428a0b1f4ceb9e0c3f60e249d31253158385f9207158cfb8c2c16199
10,42,0,dynamic_evidence_3step,0.25859990658051946,7422.0927597605005,0.25875277085555926,0.8178614611306336,8738,8739,9074,9075,200015.09411903756,200000.0,1.0000754705951878,budget_exhausted,16.86586895686577,0.94070865826377,429.94262274331413,4195,5,[],2976144255,none,none,none,"[0,1,2,3,4]","[[334289.4483734565,5724948.214511063],[334332.1757905636,5724948.902473748],[334361.4939326978,5725068.809352602],[334285.71484677034,5724925.270176675],[334326.0314329311,5725062.08709865]]","[[334279.5143309487,5724953.622312844],[334339.60537798965,5724953.622312844],[334369.65090151015,5725073.804406926],[334279.5143309487,5724923.576789323],[334339.60537798965,5725073.804406926]]",bf8648c958dc56b9817789881f463fceb77d3e5d0f270480b609ac49aec5581c,none,none,5.000000000121749,1.0,none,0.0,none,stationary,matched_prior_exact,1,0,revision_C_base@2ce3a901fecb,2ce3a901fecb5ddde502d0a5eeffb8f48d73c5fd,fab97b80b871eeeac68aa1d75a33173cb368895f3e96803690e3cbc0acb1147d,c4-attrition_20260827_075624_501873_327229d1,327229d1bf70f8e05e383a7a64e8207b7bcbbc0877cfd63b067cd569f1a2c3bf,evidence,revision_B_base,revision_B_base,0.5,0.8,10000.0,5,200000.0,xlarge,45.0,80.0,5.0,0.5,1.0,"{""p_d"":0.8,""stage"":""c4-attrition"",""tau"":10000.0,""w"":0.5}",d4ab4fc6428a0b1f4ceb9e0c3f60e249d31253158385f9207158cfb8c2c16199
10,42,0,online_static_3step,0.11071819686365005,8131.726071216777,0.1108406907182031,0.8960579692800856,9074,9075,9074,9075,200015.08663610852,200000.0,1.0000754331805426,budget_exhausted,101.17001114827202,0.9901156480200993,421.991617401829,4425,5,[],2976144255,none,none,none,"[0,1,2,3,4]","[[334289.4483734565,5724948.214511063],[334332.1757905636,5724948.902473748],[334361.4939326978,5725068.809352602],[334285.71484677034,5724925.270176675],[334326.0314329311,5725062.08709865]]","[[334279.5143309487,5724953.622312844],[334339.60537798965,5724953.622312844],[334369.65090151015,5725073.804406926],[334279.5143309487,5724923.576789323],[334339.60537798965,5725073.804406926]]",bf8648c958dc56b9817789881f463fceb77d3e5d0f270480b609ac49aec5581c,none,none,5.000000000121749,1.0,none,0.0,none,stationary,matched_prior_exact,1,0,revision_C_base@2ce3a901fecb,2ce3a901fecb5ddde502d0a5eeffb8f48d73c5fd,fab97b80b871eeeac68aa1d75a33173cb368895f3e96803690e3cbc0acb1147d,c4-attrition_20260827_075624_501873_327229d1,327229d1bf70f8e05e383a7a64e8207b7bcbbc0877cfd63b067cd569f1a2c3bf,evidence,revision_B_base,revision_B_base,0.5,0.8,10000.0,5,200000.0,xlarge,45.0,80.0,5.0,0.5,1.0,"{""p_d"":0.8,""stage"":""c4-attrition"",""tau"":10000.0,""w"":0.5}",d4ab4fc6428a0b1f4ceb9e0c3f60e249d31253158385f9207158cfb8c2c16199
10,42,0,pizza_repartition,0.20813568564820448,7791.678838634882,0.2085691637936085,0.8585871998495738,8011,8012,9074,9075,200007.78103610539,200000.0,1.000038905180527,budget_exhausted,10.956829896907216,0.9087327256689209,0.0,0,5,[],2976144255,none,none,none,"[0,1,2,3,4]","[[334289.4483734565,5724948.214511063],[334332.1757905636,5724948.902473748],[334361.4939326978,5725068.809352602],[334285.71484677034,5724925.270176675],[334326.0314329311,5725062.08709865]]","[[334279.5143309487,5724953.622312844],[334339.60537798965,5724953.622312844],[334369.65090151015,5725073.804406926],[334279.5143309487,5724923.576789323],[334339.60537798965,5725073.804406926]]",bf8648c958dc56b9817789881f463fceb77d3e5d0f270480b609ac49aec5581c,"{""0"":2,""1"":4,""2"":0,""3"":3,""4"":1}",204aabaa1616ca707a2c1d4296b87bcc4248e4499b1038aee72c8fc46a37a48c,5.000000000918218,1.0,none,0.0,none,stationary,matched_prior_exact,1,0,revision_C_base@2ce3a901fecb,2ce3a901fecb5ddde502d0a5eeffb8f48d73c5fd,fab97b80b871eeeac68aa1d75a33173cb368895f3e96803690e3cbc0acb1147d,c4-attrition_20260827_075624_501873_327229d1,327229d1bf70f8e05e383a7a64e8207b7bcbbc0877cfd63b067cd569f1a2c3bf,evidence,revision_B_base,revision_B_base,0.5,0.8,10000.0,5,200000.0,xlarge,45.0,80.0,5.0,0.5,1.0,"{""p_d"":0.8,""stage"":""c4-attrition"",""tau"":10000.0,""w"":0.5}",d4ab4fc6428a0b1f4ceb9e0c3f60e249d31253158385f9207158cfb8c2c16199
10,42,1,dynamic_evidence_3step,0.24881684196654555,7502.257635280432,0.24898748901056497,0.8266950562292487,8741,8742,9074,9075,160005.7206462678,160000.0,1.0000357540391736,budget_exhausted,15.680717488789238,0.9362274079158087,378.7323331288062,3510,4,[3],2976144255,none,none,none,"[0,1,2,4]","[[334289.4483734565,5724948.214511063],[334332.1757905636,5724948.902473748],[334361.4939326978,5725068.809352602],[334326.0314329311,5725062.08709865]]","[[334279.5143309487,5724953.622312844],[334339.60537798965,5724953.622312844],[334369.65090151015,5725073.804406926],[334339.60537798965,5725073.804406926]]",a176a94f34d86832c9fdf39cc6c5530e9c7600ca5ab8d6d6a14e8be37a68900a,none,none,5.000000000121749,0.9621691100227533,none,0.008833595098615032,none,stationary,matched_prior_exact,1,0,revision_C_base@2ce3a901fecb,2ce3a901fecb5ddde502d0a5eeffb8f48d73c5fd,fab97b80b871eeeac68aa1d75a33173cb368895f3e96803690e3cbc0acb1147d,c4-attrition_20260827_075624_501873_327229d1,327229d1bf70f8e05e383a7a64e8207b7bcbbc0877cfd63b067cd569f1a2c3bf,evidence,revision_B_base,revision_B_base,0.5,0.8,10000.0,5,200000.0,xlarge,45.0,80.0,5.0,0.5,1.0,"{""p_d"":0.8,""stage"":""c4-attrition"",""tau"":10000.0,""w"":0.5}",d4ab4fc6428a0b1f4ceb9e0c3f60e249d31253158385f9207158cfb8c2c16199
10,42,1,online_static_3step,0.1214911406722256,8057.915639212382,0.12161558370902636,0.8879245883429623,8681,8682,9074,9075,160010.93415851975,160000.0,1.0000683384907485,budget_exhausted,67.62999026290166,0.9852136604469016,353.8206478585489,3697,4,[3],2976144255,none,none,none,"[0,1,2,4]","[[334289.4483734565,5724948.214511063],[334332.1757905636,5724948.902473748],[334361.4939326978,5725068.809352602],[334326.0314329311,5725062.08709865]]","[[334279.5143309487,5724953.622312844],[334339.60537798965,5724953.622312844],[334369.65090151015,5725073.804406926],[334339.60537798965,5725073.804406926]]",a176a94f34d86832c9fdf39cc6c5530e9c7600ca5ab8d6d6a14e8be37a68900a,none,none,5.000000000121749,1.0973005713039428,none,-0.008133380937123347,none,stationary,matched_prior_exact,1,0,revision_C_base@2ce3a901fecb,2ce3a901fecb5ddde502d0a5eeffb8f48d73c5fd,fab97b80b871eeeac68aa1d75a33173cb368895f3e96803690e3cbc0acb1147d,c4-attrition_20260827_075624_501873_327229d1,327229d1bf70f8e05e383a7a64e8207b7bcbbc0877cfd63b067cd569f1a2c3bf,evidence,revision_B_base,revision_B_base,0.5,0.8,10000.0,5,200000.0,xlarge,45.0,80.0,5.0,0.5,1.0,"{""p_d"":0.8,""stage"":""c4-attrition"",""tau"":10000.0,""w"":0.5}",d4ab4fc6428a0b1f4ceb9e0c3f60e249d31253158385f9207158cfb8c2c16199
10,42,1,pizza_repartition,0.1874483334237249,7932.210225881663,0.18775732201232223,0.8740727521632686,8010,8011,9074,9075,160001.64543414421,160000.0,1.0000102839634013,budget_exhausted,10.94745308310992,0.9086545525787334,0.0,0,4,[3],2976144255,none,none,none,"[0,1,2,4]","[[334289.4483734565,5724948.214511063],[334332.1757905636,5724948.902473748],[334361.4939326978,5725068.809352602],[334326.0314329311,5725062.08709865]]","[[334279.5143309487,5724953.622312844],[334339.60537798965,5724953.622312844],[334369.65090151015,5725073.804406926],[334339.60537798965,5725073.804406926]]",a176a94f34d86832c9fdf39cc6c5530e9c7600ca5ab8d6d6a14e8be37a68900a,"{""0"":3,""1"":2,""2"":0,""4"":1}",35a881cb2a4c73aa5fa284a47b2dc8df89f7758047788214c79c408cd8468aa6,5.000000000884041,0.9006064137437451,none,0.015485552313694861,none,stationary,matched_prior_exact,1,0,revision_C_base@2ce3a901fecb,2ce3a901fecb5ddde502d0a5eeffb8f48d73c5fd,fab97b80b871eeeac68aa1d75a33173cb368895f3e96803690e3cbc0acb1147d,c4-attrition_20260827_075624_501873_327229d1,327229d1bf70f8e05e383a7a64e8207b7bcbbc0877cfd63b067cd569f1a2c3bf,evidence,revision_B_base,revision_B_base,0.5,0.8,10000.0,5,200000.0,xlarge,45.0,80.0,5.0,0.5,1.0,"{""p_d"":0.8,""stage"":""c4-attrition"",""tau"":10000.0,""w"":0.5}",d4ab4fc6428a0b1f4ceb9e0c3f60e249d31253158385f9207158cfb8c2c16199
10,42,2,dynamic_evidence_3step,0.2382293666740681,7755.466567409794,0.23843787185134152,0.8545968669322087,8741,8742,9074,9075,120009.7603522575,120000.0,1.0000813362688123,budget_exhausted,12.78717698683569,0.9217966560539912,302.23890421702527,2847,3,"[3,1]",2976144255,none,none,none,"[0,2,4]","[[334289.4483734565,5724948.214511063],[334361.4939326978,5725068.809352602],[334326.0314329311,5725062.08709865]]","[[334279.5143309487,5724953.622312844],[334369.65090151015,5725073.804406926],[334339.60537798965,5725073.804406926]]",e3119d3c042c11f4472528e418d4176ebed5d9c78313abd90da13d7c6fc4b2f5,none,none,5.000000000121749,0.9212275821139609,none,0.03673540580157508,none,stationary,matched_prior_exact,1,0,revision_C_base@2ce3a901fecb,2ce3a901fecb5ddde502d0a5eeffb8f48d73c5fd,fab97b80b871eeeac68aa1d75a33173cb368895f3e96803690e3cbc0acb1147d,c4-attrition_20260827_075624_501873_327229d1,327229d1bf70f8e05e383a7a64e8207b7bcbbc0877cfd63b067cd569f1a2c3bf,evidence,revision_B_base,revision_B_base,0.5,0.8,10000.0,5,200000.0,xlarge,45.0,80.0,5.0,0.5,1.0,"{""p_d"":0.8,""stage"":""c4-attrition"",""tau"":10000.0,""w"":0.5}",d4ab4fc6428a0b1f4ceb9e0c3f60e249d31253158385f9207158cfb8c2c16199
10,42,2,online_static_3step,0.10844378459064288,8187.350973165529,0.10855140683884766,0.9021874350595623,8698,8699,9074,9075,120004.30185770214,120000.0,1.0000358488141845,budget_exhausted,62.02436125965538,0.9838773027292671,216.43297601188533,2230,3,"[3,1]",2976144255,none,none,none,"[0,2,4]","[[334289.4483734565,5724948.214511063],[334361.4939326978,5725068.809352602],[334326.0314329311,5725062.08709865]]","[[334279.5143309487,5724953.622312844],[334369.65090151015,5725073.804406926],[334339.60537798965,5725073.804406926]]",e3119d3c042c11f4472528e418d4176ebed5d9c78313abd90da13d7c6fc4b2f5,none,none,5.000000000121749,0.9794576470947399,none,0.006129465779476706,none,stationary,matched_prior_exact,1,0,revision_C_base@2ce3a901fecb,2ce3a901fecb5ddde502d0a5eeffb8f48d73c5fd,fab97b80b871eeeac68aa1d75a33173cb368895f3e96803690e3cbc0acb1147d,c4-attrition_20260827_075624_501873_327229d1,327229d1bf70f8e05e383a7a64e8207b7bcbbc0877cfd63b067cd569f1a2c3bf,evidence,revision_B_base,revision_B_base,0.5,0.8,10000.0,5,200000.0,xlarge,45.0,80.0,5.0,0.5,1.0,"{""p_d"":0.8,""stage"":""c4-attrition"",""tau"":10000.0,""w"":0.5}",d4ab4fc6428a0b1f4ceb9e0c3f60e249d31253158385f9207158cfb8c2c16199
10,42,2,pizza_repartition,0.16178078302825544,8099.659568047313,0.16208240326000567,0.8925244703082439,8010,8011,9074,9075,120010.50630114602,120000.0,1.00008755250955,budget_exhausted,10.87462899204559,0.9080428398309989,0.0,0,3,"[3,1]",2976144255,none,none,none,"[0,2,4]","[[334289.4483734565,5724948.214511063],[334361.4939326978,5725068.809352602],[334326.0314329311,5725062.08709865]]","[[334279.5143309487,5724953.622312844],[334369.65090151015,5725073.804406926],[334339.60537798965,5725073.804406926]]",e3119d3c042c11f4472528e418d4176ebed5d9c78313abd90da13d7c6fc4b2f5,"{""0"":2,""2"":0,""4"":1}",3a5a111d6a9272bac9feefa88a4e9cf7e3c2d49a4979a035de5d739ffabdf549,5.000000000914898,0.7772851758909852,none,0.03393727045867012,none,stationary,matched_prior_exact,1,0,revision_C_base@2ce3a901fecb,2ce3a901fecb5ddde502d0a5eeffb8f48d73c5fd,fab97b80b871eeeac68aa1d75a33173cb368895f3e96803690e3cbc0acb1147d,c4-attrition_20260827_075624_501873_327229d1,327229d1bf70f8e05e383a7a64e8207b7bcbbc0877cfd63b067cd569f1a2c3bf,evidence,revision_B_base,revision_B_base,0.5,0.8,10000.0,5,200000.0,xlarge,45.0,80.0,5.0,0.5,1.0,"{""p_d"":0.8,""stage"":""c4-attrition"",""tau"":10000.0,""w"":0.5}",d4ab4fc6428a0b1f4ceb9e0c3f60e249d31253158385f9207158cfb8c2c16199
10,42,3,dynamic_evidence_3step,0.18735391478753688,7970.037788006488,0.1875553344426951,0.878241078568208,8729,8730,9074,9075,80004.60430597496,80000.0,1.000057553824687,budget_exhausted,13.346264093254348,0.9250726650534786,204.0268867253326,1992,2,"[3,1,0]",2976144255,none,none,none,"[2,4]","[[334361.4939326978,5725068.809352602],[334326.0314329311,5725062.08709865]]","[[334369.65090151015,5725073.804406926],[334339.60537798965,5725073.804406926]]",c4828ca9dcf60e503daece02333346e4bb0bfbacc77ad3dd3aab0cb28e5cfefc,none,none,5.000000000121749,0.7244933583500777,none,0.06037961743757436,none,stationary,matched_prior_exact,1,0,revision_C_base@2ce3a901fecb,2ce3a901fecb5ddde502d0a5eeffb8f48d73c5fd,fab97b80b871eeeac68aa1d75a33173cb368895f3e96803690e3cbc0acb1147d,c4-attrition_20260827_075624_501873_327229d1,327229d1bf70f8e05e383a7a64e8207b7bcbbc0877cfd63b067cd569f1a2c3bf,evidence,revision_B_base,revision_B_base,0.5,0.8,10000.0,5,200000.0,xlarge,45.0,80.0,5.0,0.5,1.0,"{""p_d"":0.8,""stage"":""c4-attrition"",""tau"":10000.0,""w"":0.5}",d4ab4fc6428a0b1f4ceb9e0c3f60e249d31253158385f9207158cfb8c2c16199
10,42,3,online_static_3step,0.1057306476927671,8235.872007071579,0.1057978968307034,0.907534105462433,8853,8854,9074,9075,80002.45604491039,80000.0,1.0000307005613798,budget_exhausted,44.49246231155779,0.9775242828100293,203.2910514443647,2093,2,"[3,1,0]",2976144255,none,none,none,"[2,4]","[[334361.4939326978,5725068.809352602],[334326.0314329311,5725062.08709865]]","[[334369.65090151015,5725073.804406926],[334339.60537798965,5725073.804406926]]",c4828ca9dcf60e503daece02333346e4bb0bfbacc77ad3dd3aab0cb28e5cfefc,none,none,5.000000000121749,0.9549527601409087,none,0.01147613618234733,none,stationary,matched_prior_exact,1,0,revision_C_base@2ce3a901fecb,2ce3a901fecb5ddde502d0a5eeffb8f48d73c5fd,fab97b80b871eeeac68aa1d75a33173cb368895f3e96803690e3cbc0acb1147d,c4-attrition_20260827_075624_501873_327229d1,327229d1bf70f8e05e383a7a64e8207b7bcbbc0877cfd63b067cd569f1a2c3bf,evidence,revision_B_base,revision_B_base,0.5,0.8,10000.0,5,200000.0,xlarge,45.0,80.0,5.0,0.5,1.0,"{""p_d"":0.8,""stage"":""c4-attrition"",""tau"":10000.0,""w"":0.5}",d4ab4fc6428a0b1f4ceb9e0c3f60e249d31253158385f9207158cfb8c2c16199
10,42,3,pizza_repartition,0.13866056778572494,8315.899797934806,0.138921003663978,0.9163525948137528,8008,8009,9074,9075,80008.19906081024,80000.0,1.000102488260128,budget_exhausted,10.781475611903504,0.9072483177631149,0.0,0,2,"[3,1,0]",2976144255,none,none,none,"[2,4]","[[334361.4939326978,5725068.809352602],[334326.0314329311,5725062.08709865]]","[[334369.65090151015,5725073.804406926],[334339.60537798965,5725073.804406926]]",c4828ca9dcf60e503daece02333346e4bb0bfbacc77ad3dd3aab0cb28e5cfefc,"{""2"":0,""4"":1}",666aa16649c90e48e640c78dd66fabcbd5ca468c4c0fde73182f11e86310ebf9,5.000000000869609,0.6662027578494737,none,0.057765394964178984,none,stationary,matched_prior_exact,1,0,revision_C_base@2ce3a901fecb,2ce3a901fecb5ddde502d0a5eeffb8f48d73c5fd,fab97b80b871eeeac68aa1d75a33173cb368895f3e96803690e3cbc0acb1147d,c4-attrition_20260827_075624_501873_327229d1,327229d1bf70f8e05e383a7a64e8207b7bcbbc0877cfd63b067cd569f1a2c3bf,evidence,revision_B_base,revision_B_base,0.5,0.8,10000.0,5,200000.0,xlarge,45.0,80.0,5.0,0.5,1.0,"{""p_d"":0.8,""stage"":""c4-attrition"",""tau"":10000.0,""w"":0.5}",d4ab4fc6428a0b1f4ceb9e0c3f60e249d31253158385f9207158cfb8c2c16199
10,43,0,dynamic_evidence_3step,0.31399698243007007,7100.837638033784,0.3142443366787184,0.7968620399544141,8762,8763,8910,8911,200014.93262637002,200000.0,1.00007466313185,budget_exhausted,13.663366336633663,0.9268115942028986,448.98649712256156,4290,5,[],4273844901,none,none,none,"[0,1,2,3,4]","[[334267.462172355,5724996.610766233],[334370.39838088065,5725025.211850789],[334239.04111023084,5724989.036028044],[334280.0925910194,5724962.365647277],[334220.6670554358,5725046.075560594]]","[[334279.5143309487,5724983.667836364],[334369.65090151015,5725013.713359885],[334249.4688074282,5724983.667836364],[334279.5143309487,5724953.622312844],[334219.4232839077,5725043.7588834055]]",f6c8eacd52200e5d87cb440cb59a1ac48d05a35e3dc2ced7ce1160db7bb3a978,none,none,5.000000000121749,1.0,none,0.0,none,stationary,matched_prior_exact,1,0,revision_C_base@2ce3a901fecb,2ce3a901fecb5ddde502d0a5eeffb8f48d73c5fd,fab97b80b871eeeac68aa1d75a33173cb368895f3e96803690e3cbc0acb1147d,c4-attrition_20260827_075624_501873_327229d1,327229d1bf70f8e05e383a7a64e8207b7bcbbc0877cfd63b067cd569f1a2c3bf,evidence,revision_B_base,revision_B_base,0.5,0.8,10000.0,5,200000.0,xlarge,45.0,80.0,5.0,0.5,1.0,"{""p_d"":0.8,""stage"":""c4-attrition"",""tau"":10000.0,""w"":0.5}",d4ab4fc6428a0b1f4ceb9e0c3f60e249d31253158385f9207158cfb8c2c16199
10,43,0,online_static_3step,0.1241202022761239,7889.692202928348,0.12423084988846808,0.8853879702534337,8910,8911,8910,8911,200008.11389959714,200000.0,1.0000405694979857,budget_exhausted,85.88915662650602,0.9883570867467175,462.96267089853063,4833,5,[],4273844901,none,none,none,"[0,1,2,3,4]","[[334267.462172355,5724996.610766233],[334370.39838088065,5725025.211850789],[334239.04111023084,5724989.036028044],[334280.0925910194,5724962.365647277],[334220.6670554358,5725046.075560594]]","[[334279.5143309487,5724983.667836364],[334369.65090151015,5725013.713359885],[334249.4688074282,5724983.667836364],[334279.5143309487,5724953.622312844],[334219.4232839077,5725043.7588834055]]",f6c8eacd52200e5d87cb440cb59a1ac48d05a35e3dc2ced7ce1160db7bb3a978,none,none,5.000000000121749,1.0,none,0.0,none,stationary,matched_prior_exact,1,0,revision_C_base@2ce3a901fecb,2ce3a901fecb5ddde502d0a5eeffb8f48d73c5fd,fab97b80b871eeeac68aa1d75a33173cb368895f3e96803690e3cbc0acb1147d,c4-attrition_20260827_075624_501873_327229d1,327229d1bf70f8e05e383a7a64e8207b7bcbbc0877cfd63b067cd569f1a2c3bf,evidence,revision_B_base,revision_B_base,0.5,0.8,10000.0,5,200000.0,xlarge,45.0,80.0,5.0,0.5,1.0,"{""p_d"":0.8,""stage"":""c4-attrition"",""tau"":10000.0,""w"":0.5}",d4ab4fc6428a0b1f4ceb9e0c3f60e249d31253158385f9207158cfb8c2c16199
10,43,0,pizza_repartition,0.20804055772849395,7661.251527182976,0.20842812889754747,0.8597521633018714,8012,8013,8910,8911,200017.86005415436,200000.0,1.0000893002707718,budget_exhausted,10.954750483282021,0.9087154014574688,0.0,0,5,[],4273844901,none,none,none,"[0,1,2,3,4]","[[334267.462172355,5724996.610766233],[334370.39838088065,5725025.211850789],[334239.04111023084,5724989.036028044],[334280.0925910194,5724962.365647277],[334220.6670554358,5725046.075560594]]","[[334279.5143309487,5724983.667836364],[334369.65090151015,5725013.713359885],[334249.4688074282,5724983.667836364],[334279.5143309487,5724953.622312844],[334219.4232839077,5725043.7588834055]]",f6c8eacd52200e5d87cb440cb59a1ac48d05a35e3dc2ced7ce1160db7bb3a978,"{""0"":1,""1"":0,""2"":3,""3"":4,""4"":2}",565f711767708b1482a1995dd1898e0f175b73d0c2a3c41c452faf2f4115b121,5.000000000917254,1.0,none,0.0,none,stationary,matched_prior_exact,1,0,revision_C_base@2ce3a901fecb,2ce3a901fecb5ddde502d0a5eeffb8f48d73c5fd,fab97b80b871eeeac68aa1d75a33173cb368895f3e96803690e3cbc0acb1147d,c4-attrition_20260827_075624_501873_327229d1,327229d1bf70f8e05e383a7a64e8207b7bcbbc0877cfd63b067cd569f1a2c3bf,evidence,revision_B_base,revision_B_base,0.5,0.8,10000.0,5,200000.0,xlarge,45.0,80.0,5.0,0.5,1.0,"{""p_d"":0.8,""stage"":""c4-attrition"",""tau"":10000.0,""w"":0.5}",d4ab4fc6428a0b1f4ceb9e0c3f60e249d31253158385f9207158cfb8c2c16199
10,43,1,dynamic_evidence_3step,0.23154785670536268,7438.451155408922,0.23169652514081862,0.834749316059805,8741,8742,8910,8911,160017.946962918,160000.0,1.0001121685182375,budget_exhausted,18.61732996140024,0.9462866048959049,386.305137043586,3575,4,[2],4273844901,none,none,none,"[0,1,3,4]","[[334267.462172355,5724996.610766233],[334370.39838088065,5725025.211850789],[334280.0925910194,5724962.365647277],[334220.6670554358,5725046.075560594]]","[[334279.5143309487,5724983.667836364],[334369.65090151015,5725013.713359885],[334279.5143309487,5724953.622312844],[334219.4232839077,5725043.7588834055]]",d09a11df5fbdc6fbac9583426a77888b7361254d181219586d9470574d3cd727,none,none,5.000000000121749,0.7374206430691749,none,0.03788727610539089,none,stationary,matched_prior_exact,1,0,revision_C_base@2ce3a901fecb,2ce3a901fecb5ddde502d0a5eeffb8f48d73c5fd,fab97b80b871eeeac68aa1d75a33173cb368895f3e96803690e3cbc0acb1147d,c4-attrition_20260827_075624_501873_327229d1,327229d1bf70f8e05e383a7a64e8207b7bcbbc0877cfd63b067cd569f1a2c3bf,evidence,revision_B_base,revision_B_base,0.5,0.8,10000.0,5,200000.0,xlarge,45.0,80.0,5.0,0.5,1.0,"{""p_d"":0.8,""stage"":""c4-attrition"",""tau"":10000.0,""w"":0.5}",d4ab4fc6428a0b1f4ceb9e0c3f60e249d31253158385f9207158cfb8c2c16199
10,43,1,online_static_3step,0.12033867638269462,7930.676099333371,0.1204530446976043,0.8899872179703031,8838,8839,8910,8911,160017.187177925,160000.0,1.0001074198620312,budget_exhausted,70.85521042084169,0.9858867118725562,295.1378625880461,3053,4,[2],4273844901,none,none,none,"[0,1,3,4]","[[334267.462172355,5724996.610766233],[334370.39838088065,5725025.211850789],[334280.0925910194,5724962.365647277],[334220.6670554358,5725046.075560594]]","[[334279.5143309487,5724983.667836364],[334369.65090151015,5725013.713359885],[334279.5143309487,5724953.622312844],[334219.4232839077,5725043.7588834055]]",d09a11df5fbdc6fbac9583426a77888b7361254d181219586d9470574d3cd727,none,none,5.000000000121749,0.9695333569871509,none,0.00459924771686937,none,stationary,matched_prior_exact,1,0,revision_C_base@2ce3a901fecb,2ce3a901fecb5ddde502d0a5eeffb8f48d73c5fd,fab97b80b871eeeac68aa1d75a33173cb368895f3e96803690e3cbc0acb1147d,c4-attrition_20260827_075624_501873_327229d1,327229d1bf70f8e05e383a7a64e8207b7bcbbc0877cfd63b067cd569f1a2c3bf,evidence,revision_B_base,revision_B_base,0.5,0.8,10000.0,5,200000.0,xlarge,45.0,80.0,5.0,0.5,1.0,"{""p_d"":0.8,""stage"":""c4-attrition"",""tau"":10000.0,""w"":0.5}",d4ab4fc6428a0b1f4ceb9e0c3f60e249d31253158385f9207158cfb8c2c16199
10,43,1,pizza_repartition,0.1875205953414169,7798.025564320715,0.18784709848618467,0.8751010620941213,8010,8011,8910,8911,160001.44363751914,160000.0,1.0000090227344947,budget_exhausted,10.937527889335119,0.9085716617029089,0.0,0,4,[2],4273844901,none,none,none,"[0,1,3,4]","[[334267.462172355,5724996.610766233],[334370.39838088065,5725025.211850789],[334280.0925910194,5724962.365647277],[334220.6670554358,5725046.075560594]]","[[334279.5143309487,5724983.667836364],[334369.65090151015,5725013.713359885],[334279.5143309487,5724953.622312844],[334219.4232839077,5725043.7588834055]]",d09a11df5fbdc6fbac9583426a77888b7361254d181219586d9470574d3cd727,"{""0"":1,""1"":0,""3"":3,""4"":2}",377b0e88d46c18305081890e635f88421afabd25f26b81002abbc4bf64f17786,5.000000000894282,0.9013655673147306,none,0.015348898792249877,none,stationary,matched_prior_exact,1,0,revision_C_base@2ce3a901fecb,2ce3a901fecb5ddde502d0a5eeffb8f48d73c5fd,fab97b80b871eeeac68aa1d75a33173cb368895f3e96803690e3cbc0acb1147d,c4-attrition_20260827_075624_501873_327229d1,327229d1bf70f8e05e383a7a64e8207b7bcbbc0877cfd63b067cd569f1a2c3bf,evidence,revision_B_base,revision_B_base,0.5,0.8,10000.0,5,200000.0,xlarge,45.0,80.0,5.0,0.5,1.0,"{""p_d"":0.8,""stage"":""c4-attrition"",""tau"":10000.0,""w"":0.5}",d4ab4fc6428a0b1f4ceb9e0c3f60e249d31253158385f9207158cfb8c2c16199
10,43,2,dynamic_evidence_3step,0.22500067901954118,7582.5396731846795,0.22516120510195015,0.8509190520911996,8740,8741,8910,8911,120004.60535541768,120000.0,1.000038377961814,budget_exhausted,14.821675851349442,0.9325312461270057,305.04219594434835,2812,3,"[2,0]",4273844901,none,none,none,"[1,3,4]","[[334370.39838088065,5725025.211850789],[334280.0925910194,5724962.365647277],[334220.6670554358,5725046.075560594]]","[[334369.65090151015,5725013.713359885],[334279.5143309487,5724953.622312844],[334219.4232839077,5725043.7588834055]]",7a592f3c1504a05dd22fc48977ca9fc672a52f09a36aec9f2c074e108152d676,none,none,5.000000000121749,0.7165695583385131,none,0.05405701213678549,none,stationary,matched_prior_exact,1,0,revision_C_base@2ce3a901fecb,2ce3a901fecb5ddde502d0a5eeffb8f48d73c5fd,fab97b80b871eeeac68aa1d75a33173cb368895f3e96803690e3cbc0acb1147d,c4-attrition_20260827_075624_501873_327229d1,327229d1bf70f8e05e383a7a64e8207b7bcbbc0877cfd63b067cd569f1a2c3bf,evidence,revision_B_base,revision_B_base,0.5,0.8,10000.0,5,200000.0,xlarge,45.0,80.0,5.0,0.5,1.0,"{""p_d"":0.8,""stage"":""c4-attrition"",""tau"":10000.0,""w"":0.5}",d4ab4fc6428a0b1f4ceb9e0c3f60e249d31253158385f9207158cfb8c2c16199
10,43,2,online_static_3step,0.12281794412339492,7937.276039404252,0.12292065813610821,0.8907278688591911,8739,8740,8910,8911,120001.89562208313,120000.0,1.0000157968506929,budget_exhausted,49.73020388809862,0.9798914960765057,225.5058196785394,2313,3,"[2,0]",4273844901,none,none,none,"[1,3,4]","[[334370.39838088065,5725025.211850789],[334280.0925910194,5724962.365647277],[334220.6670554358,5725046.075560594]]","[[334369.65090151015,5725013.713359885],[334279.5143309487,5724953.622312844],[334219.4232839077,5725043.7588834055]]",7a592f3c1504a05dd22fc48977ca9fc672a52f09a36aec9f2c074e108152d676,none,none,5.000000000121749,0.9895080887007265,none,0.005339898605757343,none,stationary,matched_prior_exact,1,0,revision_C_base@2ce3a901fecb,2ce3a901fecb5ddde502d0a5eeffb8f48d73c5fd,fab97b80b871eeeac68aa1d75a33173cb368895f3e96803690e3cbc0acb1147d,c4-attrition_20260827_075624_501873_327229d1,327229d1bf70f8e05e383a7a64e8207b7bcbbc0877cfd63b067cd569f1a2c3bf,evidence,revision_B_base,revision_B_base,0.5,0.8,10000.0,5,200000.0,xlarge,45.0,80.0,5.0,0.5,1.0,"{""p_d"":0.8,""stage"":""c4-attrition"",""tau"":10000.0,""w"":0.5}",d4ab4fc6428a0b1f4ceb9e0c3f60e249d31253158385f9207158cfb8c2c16199
10,43,2,pizza_repartition,0.1619263065082247,7961.443353982437,0.16225163405137144,0.8934399454586957,8010,8011,8910,8911,120011.55135065908,120000.0,1.0000962612554922,budget_exhausted,10.8592768227623,0.9079128365248149,0.0,0,3,"[2,0]",4273844901,none,none,none,"[1,3,4]","[[334370.39838088065,5725025.211850789],[334280.0925910194,5724962.365647277],[334220.6670554358,5725046.075560594]]","[[334369.65090151015,5725013.713359885],[334279.5143309487,5724953.622312844],[334219.4232839077,5725043.7588834055]]",7a592f3c1504a05dd22fc48977ca9fc672a52f09a36aec9f2c074e108152d676,"{""1"":0,""3"":2,""4"":1}",6cce4eaafa807341a8f58932731207d65cd719c8ee8556b895e2230bde219506,5.000000000892224,0.7783400903950121,none,0.03368778215682422,none,stationary,matched_prior_exact,1,0,revision_C_base@2ce3a901fecb,2ce3a901fecb5ddde502d0a5eeffb8f48d73c5fd,fab97b80b871eeeac68aa1d75a33173cb368895f3e96803690e3cbc0acb1147d,c4-attrition_20260827_075624_501873_327229d1,327229d1bf70f8e05e383a7a64e8207b7bcbbc0877cfd63b067cd569f1a2c3bf,evidence,revision_B_base,revision_B_base,0.5,0.8,10000.0,5,200000.0,xlarge,45.0,80.0,5.0,0.5,1.0,"{""p_d"":0.8,""stage"":""c4-attrition"",""tau"":10000.0,""w"":0.5}",d4ab4fc6428a0b1f4ceb9e0c3f60e249d31253158385f9207158cfb8c2c16199
10,43,3,dynamic_evidence_3step,0.1853194323375737,7867.512445624012,0.18561002295965054,0.8828989390218844,8748,8749,8910,8911,80007.67714595461,80000.0,1.0000959643244327,budget_exhausted,11.504273504273504,0.913075780089153,209.6347236726433,2008,2,"[2,0,3]",4273844901,none,none,none,"[1,4]","[[334370.39838088065,5725025.211850789],[334220.6670554358,5725046.075560594]]","[[334369.65090151015,5725013.713359885],[334219.4232839077,5725043.7588834055]]",3b2036bae807a40683b568ab83cf5586d02dd8e414fb4801cd8ff3cfa80f85d9,none,none,5.000000000121749,0.5901949467901207,none,0.08603689906747036,none,stationary,matched_prior_exact,1,0,revision_C_base@2ce3a901fecb,2ce3a901fecb5ddde502d0a5eeffb8f48d73c5fd,fab97b80b871eeeac68aa1d75a33173cb368895f3e96803690e3cbc0acb1147d,c4-attrition_20260827_075624_501873_327229d1,327229d1bf70f8e05e383a7a64e8207b7bcbbc0877cfd63b067cd569f1a2c3bf,evidence,revision_B_base,revision_B_base,0.5,0.8,10000.0,5,200000.0,xlarge,45.0,80.0,5.0,0.5,1.0,"{""p_d"":0.8,""stage"":""c4-attrition"",""tau"":10000.0,""w"":0.5}",d4ab4fc6428a0b1f4ceb9e0c3f60e249d31253158385f9207158cfb8c2c16199
10,43,3,online_static_3step,0.11514899835709416,8031.507882777106,0.1152491093903696,0.9013026464793071,8844,8845,8910,8911,80000.99712334784,80000.0,1.000012464041848,budget_exhausted,38.16612729234088,0.9737987563595252,203.2422103851568,2092,2,"[2,0,3]",4273844901,none,none,none,"[1,4]","[[334370.39838088065,5725025.211850789],[334220.6670554358,5725046.075560594]]","[[334369.65090151015,5725013.713359885],[334219.4232839077,5725043.7588834055]]",3b2036bae807a40683b568ab83cf5586d02dd8e414fb4801cd8ff3cfa80f85d9,none,none,5.000000000121749,0.9277216459970637,none,0.015914676225873392,none,stationary,matched_prior_exact,1,0,revision_C_base@2ce3a901fecb,2ce3a901fecb5ddde502d0a5eeffb8f48d73c5fd,fab97b80b871eeeac68aa1d75a33173cb368895f3e96803690e3cbc0acb1147d,c4-attrition_20260827_075624_501873_327229d1,327229d1bf70f8e05e383a7a64e8207b7bcbbc0877cfd63b067cd569f1a2c3bf,evidence,revision_B_base,revision_B_base,0.5,0.8,10000.0,5,200000.0,xlarge,45.0,80.0,5.0,0.5,1.0,"{""p_d"":0.8,""stage"":""c4-attrition"",""tau"":10000.0,""w"":0.5}",d4ab4fc6428a0b1f4ceb9e0c3f60e249d31253158385f9207158cfb8c2c16199
10,43,3,pizza_repartition,0.13863088722220793,8174.348338903887,0.1388941841093381,0.91733232397081,8008,8009,8910,8911,80005.02467483426,80000.0,1.0000628084354282,budget_exhausted,10.787702607470049,0.9073018569025494,0.0,0,2,"[2,0,3]",4273844901,none,none,none,"[1,4]","[[334370.39838088065,5725025.211850789],[334220.6670554358,5725046.075560594]]","[[334369.65090151015,5725013.713359885],[334219.4232839077,5725043.7588834055]]",3b2036bae807a40683b568ab83cf5586d02dd8e414fb4801cd8ff3cfa80f85d9,"{""1"":0,""4"":1}",9dc284199ee3c047db254e9e43b7576c0afbfedb703aef34f2d0bce9f110296c,5.000000000899856,0.666364716264268,none,0.05758016066893856,none,stationary,matched_prior_exact,1,0,revision_C_base@2ce3a901fecb,2ce3a901fecb5ddde502d0a5eeffb8f48d73c5fd,fab97b80b871eeeac68aa1d75a33173cb368895f3e96803690e3cbc0acb1147d,c4-attrition_20260827_075624_501873_327229d1,327229d1bf70f8e05e383a7a64e8207b7bcbbc0877cfd63b067cd569f1a2c3bf,evidence,revision_B_base,revision_B_base,0.5,0.8,10000.0,5,200000.0,xlarge,45.0,80.0,5.0,0.5,1.0,"{""p_d"":0.8,""stage"":""c4-attrition"",""tau"":10000.0,""w"":0.5}",d4ab4fc6428a0b1f4ceb9e0c3f60e249d31253158385f9207158cfb8c2c16199
10,45,0,dynamic_evidence_3step,0.2973458442553948,7375.483938771413,0.2975354286937351,0.799423795661328,8763,8764,9225,9226,200015.35209344456,200000.0,1.0000767604672227,budget_exhausted,14.660588825694212,0.9317899156787348,449.02209298848175,4257,5,[],401026166,none,none,none,"[0,1,2,3,4]","[[334214.3573079379,5724981.472488245],[334287.2319513471,5724923.950527903],[334191.4163765472,5725008.043513834],[334301.54773942236,5724939.80748086],[334210.7322952044,5725058.230726799]]","[[334219.4232839077,5724983.667836364],[334279.5143309487,5724923.576789323],[334189.3777603872,5725013.713359885],[334309.55985446915,5724953.622312844],[334219.4232839077,5725043.7588834055]]",61c2bff68b2e5a656ff70e00d0e795080c7c6ad4a2b77ac2c2721ff4d34574c2,none,none,5.000000000121749,1.0,none,0.0,none,stationary,matched_prior_exact,1,0,revision_C_base@2ce3a901fecb,2ce3a901fecb5ddde502d0a5eeffb8f48d73c5fd,fab97b80b871eeeac68aa1d75a33173cb368895f3e96803690e3cbc0acb1147d,c4-attrition_20260827_075624_501873_327229d1,327229d1bf70f8e05e383a7a64e8207b7bcbbc0877cfd63b067cd569f1a2c3bf,evidence,revision_B_base,revision_B_base,0.5,0.8,10000.0,5,200000.0,xlarge,45.0,80.0,5.0,0.5,1.0,"{""p_d"":0.8,""stage"":""c4-attrition"",""tau"":10000.0,""w"":0.5}",d4ab4fc6428a0b1f4ceb9e0c3f60e249d31253158385f9207158cfb8c2c16199
10,45,0,online_static_3step,0.11938672601120817,8223.647572723776,0.11947081826430636,0.8913556874836089,9098,9099,9225,9226,200012.4159302161,200000.0,1.0000620796510806,budget_exhausted,92.0010111223458,0.9891305542428206,507.06382666295394,5414,5,[],401026166,none,none,none,"[0,1,2,3,4]","[[334214.3573079379,5724981.472488245],[334287.2319513471,5724923.950527903],[334191.4163765472,5725008.043513834],[334301.54773942236,5724939.80748086],[334210.7322952044,5725058.230726799]]","[[334219.4232839077,5724983.667836364],[334279.5143309487,5724923.576789323],[334189.3777603872,5725013.713359885],[334309.55985446915,5724953.622312844],[334219.4232839077,5725043.7588834055]]",61c2bff68b2e5a656ff70e00d0e795080c7c6ad4a2b77ac2c2721ff4d34574c2,none,none,5.000000000121749,1.0,none,0.0,none,stationary,matched_prior_exact,1,0,revision_C_base@2ce3a901fecb,2ce3a901fecb5ddde502d0a5eeffb8f48d73c5fd,fab97b80b871eeeac68aa1d75a33173cb368895f3e96803690e3cbc0acb1147d,c4-attrition_20260827_075624_501873_327229d1,327229d1bf70f8e05e383a7a64e8207b7bcbbc0877cfd63b067cd569f1a2c3bf,evidence,revision_B_base,revision_B_base,0.5,0.8,10000.0,5,200000.0,xlarge,45.0,80.0,5.0,0.5,1.0,"{""p_d"":0.8,""stage"":""c4-attrition"",""tau"":10000.0,""w"":0.5}",d4ab4fc6428a0b1f4ceb9e0c3f60e249d31253158385f9207158cfb8c2c16199
10,45,0,pizza_repartition,0.20806337326349866,7910.966714367521,0.2084948508177105,0.8574644173387731,8012,8013,9225,9226,200008.9554085335,200000.0,1.0000447770426675,budget_exhausted,10.957975372279495,0.9087422661553237,0.0,0,5,[],401026166,none,none,none,"[0,1,2,3,4]","[[334214.3573079379,5724981.472488245],[334287.2319513471,5724923.950527903],[334191.4163765472,5725008.043513834],[334301.54773942236,5724939.80748086],[334210.7322952044,5725058.230726799]]","[[334219.4232839077,5724983.667836364],[334279.5143309487,5724923.576789323],[334189.3777603872,5725013.713359885],[334309.55985446915,5724953.622312844],[334219.4232839077,5725043.7588834055]]",61c2bff68b2e5a656ff70e00d0e795080c7c6ad4a2b77ac2c2721ff4d34574c2,"{""0"":3,""1"":4,""2"":1,""3"":0,""4"":2}",1078b6655e6f2d472700d86864c096290a9f422288cc52c829b2a32149ac21ea,5.000000000917254,1.0,none,0.0,none,stationary,matched_prior_exact,1,0,revision_C_base@2ce3a901fecb,2ce3a901fecb5ddde502d0a5eeffb8f48d73c5fd,fab97b80b871eeeac68aa1d75a33173cb368895f3e96803690e3cbc0acb1147d,c4-attrition_20260827_075624_501873_327229d1,327229d1bf70f8e05e383a7a64e8207b7bcbbc0877cfd63b067cd569f1a2c3bf,evidence,revision_B_base,revision_B_base,0.5,0.8,10000.0,5,200000.0,xlarge,45.0,80.0,5.0,0.5,1.0,"{""p_d"":0.8,""stage"":""c4-attrition"",""tau"":10000.0,""w"":0.5}",d4ab4fc6428a0b1f4ceb9e0c3f60e249d31253158385f9207158cfb8c2c16199
10,45,1,dynamic_evidence_3step,0.2624647625420665,7565.955362294207,0.2626598364716214,0.8200688664962288,8734,8735,9225,9226,160005.93200372992,160000.0,1.000037075023312,budget_exhausted,15.1532039466551,0.9340073555717741,377.27289976738393,3531,4,[4],401026166,none,none,none,"[0,1,2,3]","[[334214.3573079379,5724981.472488245],[334287.2319513471,5724923.950527903],[334191.4163765472,5725008.043513834],[334301.54773942236,5724939.80748086]]","[[334219.4232839077,5724983.667836364],[334279.5143309487,5724923.576789323],[334189.3777603872,5725013.713359885],[334309.55985446915,5724953.622312844]]",f5d55ef7003e28279cf1c05e772d12f8a7de967dff5c0ffebf7b9f06c059a46c,none,none,5.000000000121749,0.8826918808948667,none,0.020645070834900747,none,stationary,matched_prior_exact,1,0,revision_C_base@2ce3a901fecb,2ce3a901fecb5ddde502d0a5eeffb8f48d73c5fd,fab97b80b871eeeac68aa1d75a33173cb368895f3e96803690e3cbc0acb1147d,c4-attrition_20260827_075624_501873_327229d1,327229d1bf70f8e05e383a7a64e8207b7bcbbc0877cfd63b067cd569f1a2c3bf,evidence,revision_B_base,revision_B_base,0.5,0.8,10000.0,5,200000.0,xlarge,45.0,80.0,5.0,0.5,1.0,"{""p_d"":0.8,""stage"":""c4-attrition"",""tau"":10000.0,""w"":0.5}",d4ab4fc6428a0b1f4ceb9e0c3f60e249d31253158385f9207158cfb8c2c16199
10,45,1,online_static_3step,0.11549278140445893,8255.968950377206,0.11558015514418364,0.8948589800972475,9225,9226,9225,9226,160009.01146618347,160000.0,1.0000563216636467,budget_exhausted,78.14505029115935,0.987203284196835,280.23885179287754,2912,4,[4],401026166,none,none,none,"[0,1,2,3]","[[334214.3573079379,5724981.472488245],[334287.2319513471,5724923.950527903],[334191.4163765472,5725008.043513834],[334301.54773942236,5724939.80748086]]","[[334219.4232839077,5724983.667836364],[334279.5143309487,5724923.576789323],[334189.3777603872,5725013.713359885],[334309.55985446915,5724953.622312844]]",f5d55ef7003e28279cf1c05e772d12f8a7de967dff5c0ffebf7b9f06c059a46c,none,none,5.000000000121749,0.9673837725780027,none,0.0035032926136385756,none,stationary,matched_prior_exact,1,0,revision_C_base@2ce3a901fecb,2ce3a901fecb5ddde502d0a5eeffb8f48d73c5fd,fab97b80b871eeeac68aa1d75a33173cb368895f3e96803690e3cbc0acb1147d,c4-attrition_20260827_075624_501873_327229d1,327229d1bf70f8e05e383a7a64e8207b7bcbbc0877cfd63b067cd569f1a2c3bf,evidence,revision_B_base,revision_B_base,0.5,0.8,10000.0,5,200000.0,xlarge,45.0,80.0,5.0,0.5,1.0,"{""p_d"":0.8,""stage"":""c4-attrition"",""tau"":10000.0,""w"":0.5}",d4ab4fc6428a0b1f4ceb9e0c3f60e249d31253158385f9207158cfb8c2c16199
10,45,1,pizza_repartition,0.18746227467596,8054.660871367621,0.18780678423293662,0.8730393313860417,8011,8012,9225,9226,160016.3439835089,160000.0,1.0001021498969307,budget_exhausted,10.939055947175872,0.9085844331696494,0.0,0,4,[4],401026166,none,none,none,"[0,1,2,3]","[[334214.3573079379,5724981.472488245],[334287.2319513471,5724923.950527903],[334191.4163765472,5725008.043513834],[334301.54773942236,5724939.80748086]]","[[334219.4232839077,5724983.667836364],[334279.5143309487,5724923.576789323],[334189.3777603872,5725013.713359885],[334309.55985446915,5724953.622312844]]",f5d55ef7003e28279cf1c05e772d12f8a7de967dff5c0ffebf7b9f06c059a46c,"{""0"":1,""1"":3,""2"":2,""3"":0}",233a965e46e5f5f81574f8cb5ccb163116b12a4b9df3ad76067626694bc7a9a2,5.000000000910829,0.9009864241629462,none,0.015574914047268629,none,stationary,matched_prior_exact,1,0,revision_C_base@2ce3a901fecb,2ce3a901fecb5ddde502d0a5eeffb8f48d73c5fd,fab97b80b871eeeac68aa1d75a33173cb368895f3e96803690e3cbc0acb1147d,c4-attrition_20260827_075624_501873_327229d1,327229d1bf70f8e05e383a7a64e8207b7bcbbc0877cfd63b067cd569f1a2c3bf,evidence,revision_B_base,revision_B_base,0.5,0.8,10000.0,5,200000.0,xlarge,45.0,80.0,5.0,0.5,1.0,"{""p_d"":0.8,""stage"":""c4-attrition"",""tau"":10000.0,""w"":0.5}",d4ab4fc6428a0b1f4ceb9e0c3f60e249d31253158385f9207158cfb8c2c16199
10,45,2,dynamic_evidence_3step,0.2431393863925997,7792.931065530919,0.24335755842740484,0.8446706119153392,8769,8770,9225,9226,120006.68101650066,120000.0,1.0000556751375056,budget_exhausted,12.69187168355041,0.9212094145817694,310.636612014845,2890,3,"[4,3]",401026166,none,none,none,"[0,1,2]","[[334214.3573079379,5724981.472488245],[334287.2319513471,5724923.950527903],[334191.4163765472,5725008.043513834]]","[[334219.4232839077,5724983.667836364],[334279.5143309487,5724923.576789323],[334189.3777603872,5725013.713359885]]",b827ce382f11a4147f425dc94756ce4cbe4b4fc47e109e1c1e2580fcd008b128,none,none,5.000000000121749,0.8176989559126431,none,0.04524681625401117,none,stationary,matched_prior_exact,1,0,revision_C_base@2ce3a901fecb,2ce3a901fecb5ddde502d0a5eeffb8f48d73c5fd,fab97b80b871eeeac68aa1d75a33173cb368895f3e96803690e3cbc0acb1147d,c4-attrition_20260827_075624_501873_327229d1,327229d1bf70f8e05e383a7a64e8207b7bcbbc0877cfd63b067cd569f1a2c3bf,evidence,revision_B_base,revision_B_base,0.5,0.8,10000.0,5,200000.0,xlarge,45.0,80.0,5.0,0.5,1.0,"{""p_d"":0.8,""stage"":""c4-attrition"",""tau"":10000.0,""w"":0.5}",d4ab4fc6428a0b1f4ceb9e0c3f60e249d31253158385f9207158cfb8c2c16199
10,45,2,online_static_3step,0.12652284526402888,8194.914059292363,0.1266293420078643,0.8882412810852334,8567,8568,9225,9226,120004.7061256952,120000.0,1.0000392177141266,budget_exhausted,42.80391340549542,0.9766376501483247,272.56664740201086,2839,3,"[4,3]",401026166,none,none,none,"[0,1,2]","[[334214.3573079379,5724981.472488245],[334287.2319513471,5724923.950527903],[334191.4163765472,5725008.043513834]]","[[334219.4232839077,5724983.667836364],[334279.5143309487,5724923.576789323],[334189.3777603872,5725013.713359885]]",b827ce382f11a4147f425dc94756ce4cbe4b4fc47e109e1c1e2580fcd008b128,none,none,5.000000000121749,1.0597731380300248,none,-0.0031144063983755688,none,stationary,matched_prior_exact,1,0,revision_C_base@2ce3a901fecb,2ce3a901fecb5ddde502d0a5eeffb8f48d73c5fd,fab97b80b871eeeac68aa1d75a33173cb368895f3e96803690e3cbc0acb1147d,c4-attrition_20260827_075624_501873_327229d1,327229d1bf70f8e05e383a7a64e8207b7bcbbc0877cfd63b067cd569f1a2c3bf,evidence,revision_B_base,revision_B_base,0.5,0.8,10000.0,5,200000.0,xlarge,45.0,80.0,5.0,0.5,1.0,"{""p_d"":0.8,""stage"":""c4-attrition"",""tau"":10000.0,""w"":0.5}",d4ab4fc6428a0b1f4ceb9e0c3f60e249d31253158385f9207158cfb8c2c16199
10,45,2,pizza_repartition,0.16172983488958304,8226.353471488923,0.16204873113705234,0.8916489780499591,8010,8011,9225,9226,120011.51910052894,120000.0,1.0000959925044077,budget_exhausted,10.864149150932194,0.9079541355602435,0.0,0,3,"[4,3]",401026166,none,none,none,"[0,1,2]","[[334214.3573079379,5724981.472488245],[334287.2319513471,5724923.950527903],[334191.4163765472,5725008.043513834]]","[[334219.4232839077,5724983.667836364],[334279.5143309487,5724923.576789323],[334189.3777603872,5725013.713359885]]",b827ce382f11a4147f425dc94756ce4cbe4b4fc47e109e1c1e2580fcd008b128,"{""0"":2,""1"":0,""2"":1}",f6aea97c040a5c453c6bcea020c2227a2c9844a39a20a0057ce323817c583ab2,5.0000000009016325,0.7773104528338237,none,0.03418456071118603,none,stationary,matched_prior_exact,1,0,revision_C_base@2ce3a901fecb,2ce3a901fecb5ddde502d0a5eeffb8f48d73c5fd,fab97b80b871eeeac68aa1d75a33173cb368895f3e96803690e3cbc0acb1147d,c4-attrition_20260827_075624_501873_327229d1,327229d1bf70f8e05e383a7a64e8207b7bcbbc0877cfd63b067cd569f1a2c3bf,evidence,revision_B_base,revision_B_base,0.5,0.8,10000.0,5,200000.0,xlarge,45.0,80.0,5.0,0.5,1.0,"{""p_d"":0.8,""stage"":""c4-attrition"",""tau"":10000.0,""w"":0.5}",d4ab4fc6428a0b1f4ceb9e0c3f60e249d31253158385f9207158cfb8c2c16199
10,45,3,dynamic_evidence_3step,0.18725877841514382,8126.213675161749,0.18742140037383156,0.8807948921701441,8726,8727,9225,9226,80004.1393154049,80000.0,1.0000517414425611,budget_exhausted,13.61712502438073,0.926563059514431,209.81711535528302,2000,2,"[4,3,1]",401026166,none,none,none,"[0,2]","[[334214.3573079379,5724981.472488245],[334191.4163765472,5725008.043513834]]","[[334219.4232839077,5724983.667836364],[334189.3777603872,5725013.713359885]]",6feda1451455c880cabc09a224ab733b695f37bb10de6cafd0e1a4534f2f39f8,none,none,5.000000000121749,0.6297675990194921,none,0.08137109650881602,none,stationary,matched_prior_exact,1,0,revision_C_base@2ce3a901fecb,2ce3a901fecb5ddde502d0a5eeffb8f48d73c5fd,fab97b80b871eeeac68aa1d75a33173cb368895f3e96803690e3cbc0acb1147d,c4-attrition_20260827_075624_501873_327229d1,327229d1bf70f8e05e383a7a64e8207b7bcbbc0877cfd63b067cd569f1a2c3bf,evidence,revision_B_base,revision_B_base,0.5,0.8,10000.0,5,200000.0,xlarge,45.0,80.0,5.0,0.5,1.0,"{""p_d"":0.8,""stage"":""c4-attrition"",""tau"":10000.0,""w"":0.5}",d4ab4fc6428a0b1f4ceb9e0c3f60e249d31253158385f9207158cfb8c2c16199
10,45,3,online_static_3step,0.10517236155394832,8413.057012125917,0.10524798452352727,0.9118856505664337,8899,8900,9225,9226,80009.84169972016,80000.0,1.000123021246502,budget_exhausted,40.04386951631046,0.9750273884097868,206.49451468000188,2130,2,"[4,3,1]",401026166,none,none,none,"[0,2]","[[334214.3573079379,5724981.472488245],[334191.4163765472,5725008.043513834]]","[[334219.4232839077,5724983.667836364],[334189.3777603872,5725013.713359885]]",6feda1451455c880cabc09a224ab733b695f37bb10de6cafd0e1a4534f2f39f8,none,none,5.000000000121749,0.880938485104907,none,0.02052996308282473,none,stationary,matched_prior_exact,1,0,revision_C_base@2ce3a901fecb,2ce3a901fecb5ddde502d0a5eeffb8f48d73c5fd,fab97b80b871eeeac68aa1d75a33173cb368895f3e96803690e3cbc0acb1147d,c4-attrition_20260827_075624_501873_327229d1,327229d1bf70f8e05e383a7a64e8207b7bcbbc0877cfd63b067cd569f1a2c3bf,evidence,revision_B_base,revision_B_base,0.5,0.8,10000.0,5,200000.0,xlarge,45.0,80.0,5.0,0.5,1.0,"{""p_d"":0.8,""stage"":""c4-attrition"",""tau"":10000.0,""w"":0.5}",d4ab4fc6428a0b1f4ceb9e0c3f60e249d31253158385f9207158cfb8c2c16199
10,45,3,pizza_repartition,0.13862963480475693,8445.821233353883,0.13889327975410043,0.9154369427003992,8008,8009,9225,9226,80008.58986122166,80000.0,1.0001073732652708,budget_exhausted,10.787702607470049,0.9073018569025494,0.0,0,2,"[4,3,1]",401026166,none,none,none,"[0,2]","[[334214.3573079379,5724981.472488245],[334191.4163765472,5725008.043513834]]","[[334219.4232839077,5724983.667836364],[334189.3777603872,5725013.713359885]]",6feda1451455c880cabc09a224ab733b695f37bb10de6cafd0e1a4534f2f39f8,"{""0"":0,""2"":1}",7f56b65c731fa8115c5e8dae88796506d35c94d4257153f02b0b122cf9d20f9c,5.000000000889653,0.6662856255300232,none,0.057972525361626115,none,stationary,matched_prior_exact,1,0,revision_C_base@2ce3a901fecb,2ce3a901fecb5ddde502d0a5eeffb8f48d73c5fd,fab97b80b871eeeac68aa1d75a33173cb368895f3e96803690e3cbc0acb1147d,c4-attrition_20260827_075624_501873_327229d1,327229d1bf70f8e05e383a7a64e8207b7bcbbc0877cfd63b067cd569f1a2c3bf,evidence,revision_B_base,revision_B_base,0.5,0.8,10000.0,5,200000.0,xlarge,45.0,80.0,5.0,0.5,1.0,"{""p_d"":0.8,""stage"":""c4-attrition"",""tau"":10000.0,""w"":0.5}",d4ab4fc6428a0b1f4ceb9e0c3f60e249d31253158385f9207158cfb8c2c16199
10,44,0,dynamic_evidence_3step,0.3156237013092057,7058.253292018409,0.31598798778263704,0.7896021134375668,8788,8789,8938,8939,200015.61006783936,200000.0,1.0000780503391968,budget_exhausted,11.869741373489095,0.9157521660721701,447.1775663832668,4230,5,[],2423362899,none,none,none,"[0,1,2,3,4]","[[334315.9840595574,5725049.084105466],[334197.8236000696,5725068.653909299],[334327.9832340155,5725092.6038039895],[334309.7195218816,5725063.384940596],[334245.0691957289,5724943.152220613]]","[[334309.55985446915,5725043.7588834055],[334189.3777603872,5725073.804406926],[334339.60537798965,5725103.849930447],[334309.55985446915,5725073.804406926],[334249.4688074282,5724953.622312844]]",e277508cac457b731eb44b76763894102f97b5fe1776e3c2f23345e28a9e6b6f,none,none,5.000000000121749,1.0,none,0.0,none,stationary,matched_prior_exact,1,0,revision_C_base@2ce3a901fecb,2ce3a901fecb5ddde502d0a5eeffb8f48d73c5fd,fab97b80b871eeeac68aa1d75a33173cb368895f3e96803690e3cbc0acb1147d,c4-attrition_20260827_075624_501873_327229d1,327229d1bf70f8e05e383a7a64e8207b7bcbbc0877cfd63b067cd569f1a2c3bf,evidence,revision_B_base,revision_B_base,0.5,0.8,10000.0,5,200000.0,xlarge,45.0,80.0,5.0,0.5,1.0,"{""p_d"":0.8,""stage"":""c4-attrition"",""tau"":10000.0,""w"":0.5}",d4ab4fc6428a0b1f4ceb9e0c3f60e249d31253158385f9207158cfb8c2c16199
10,44,0,online_static_3step,0.12084738074376429,7937.936122565778,0.12095054248976572,0.8880116481223602,8938,8939,8938,8939,200014.39290220122,200000.0,1.000071964511006,budget_exhausted,88.72555831265508,0.9887292904207359,463.5958537296392,4839,5,[],2423362899,none,none,none,"[0,1,2,3,4]","[[334315.9840595574,5725049.084105466],[334197.8236000696,5725068.653909299],[334327.9832340155,5725092.6038039895],[334309.7195218816,5725063.384940596],[334245.0691957289,5724943.152220613]]","[[334309.55985446915,5725043.7588834055],[334189.3777603872,5725073.804406926],[334339.60537798965,5725103.849930447],[334309.55985446915,5725073.804406926],[334249.4688074282,5724953.622312844]]",e277508cac457b731eb44b76763894102f97b5fe1776e3c2f23345e28a9e6b6f,none,none,5.000000000121749,1.0,none,0.0,none,stationary,matched_prior_exact,1,0,revision_C_base@2ce3a901fecb,2ce3a901fecb5ddde502d0a5eeffb8f48d73c5fd,fab97b80b871eeeac68aa1d75a33173cb368895f3e96803690e3cbc0acb1147d,c4-attrition_20260827_075624_501873_327229d1,327229d1bf70f8e05e383a7a64e8207b7bcbbc0877cfd63b067cd569f1a2c3bf,evidence,revision_B_base,revision_B_base,0.5,0.8,10000.0,5,200000.0,xlarge,45.0,80.0,5.0,0.5,1.0,"{""p_d"":0.8,""stage"":""c4-attrition"",""tau"":10000.0,""w"":0.5}",d4ab4fc6428a0b1f4ceb9e0c3f60e249d31253158385f9207158cfb8c2c16199
10,44,0,pizza_repartition,0.20816802219802566,7683.1868463070305,0.2086234014696478,0.8595130155841851,8013,8014,8938,8939,200013.55771163572,200000.0,1.0000677885581786,budget_exhausted,10.961433886662851,0.9087710594854991,0.0,0,5,[],2423362899,none,none,none,"[0,1,2,3,4]","[[334315.9840595574,5725049.084105466],[334197.8236000696,5725068.653909299],[334327.9832340155,5725092.6038039895],[334309.7195218816,5725063.384940596],[334245.0691957289,5724943.152220613]]","[[334309.55985446915,5725043.7588834055],[334189.3777603872,5725073.804406926],[334339.60537798965,5725103.849930447],[334309.55985446915,5725073.804406926],[334249.4688074282,5724953.622312844]]",e277508cac457b731eb44b76763894102f97b5fe1776e3c2f23345e28a9e6b6f,"{""0"":4,""1"":2,""2"":0,""3"":1,""4"":3}",1fab15a6b9da3b8b758550f8d4e3533cff416828c946835dd23bd72df7c832b8,5.000000000905258,1.0,none,0.0,none,stationary,matched_prior_exact,1,0,revision_C_base@2ce3a901fecb,2ce3a901fecb5ddde502d0a5eeffb8f48d73c5fd,fab97b80b871eeeac68aa1d75a33173cb368895f3e96803690e3cbc0acb1147d,c4-attrition_20260827_075624_501873_327229d1,327229d1bf70f8e05e383a7a64e8207b7bcbbc0877cfd63b067cd569f1a2c3bf,evidence,revision_B_base,revision_B_base,0.5,0.8,10000.0,5,200000.0,xlarge,45.0,80.0,5.0,0.5,1.0,"{""p_d"":0.8,""stage"":""c4-attrition"",""tau"":10000.0,""w"":0.5}",d4ab4fc6428a0b1f4ceb9e0c3f60e249d31253158385f9207158cfb8c2c16199
10,44,1,dynamic_evidence_3step,0.27302236895589865,7292.181623498668,0.27323874648223323,0.8157715206956783,8745,8746,8938,8939,160002.07009445634,160000.0,1.0000129380903522,budget_exhausted,13.60044707940519,0.9264730053239004,381.5992957553826,3531,4,[4],2423362899,none,none,none,"[0,1,2,3]","[[334315.9840595574,5725049.084105466],[334197.8236000696,5725068.653909299],[334327.9832340155,5725092.6038039895],[334309.7195218816,5725063.384940596]]","[[334309.55985446915,5725043.7588834055],[334189.3777603872,5725073.804406926],[334339.60537798965,5725103.849930447],[334309.55985446915,5725073.804406926]]",2d1e28a1f467579d0310b8737911018992fd8fff3d60eb60e86ebfb1d4badd44,none,none,5.000000000121749,0.865024926275825,none,0.026169407258111455,none,stationary,matched_prior_exact,1,0,revision_C_base@2ce3a901fecb,2ce3a901fecb5ddde502d0a5eeffb8f48d73c5fd,fab97b80b871eeeac68aa1d75a33173cb368895f3e96803690e3cbc0acb1147d,c4-attrition_20260827_075624_501873_327229d1,327229d1bf70f8e05e383a7a64e8207b7bcbbc0877cfd63b067cd569f1a2c3bf,evidence,revision_B_base,revision_B_base,0.5,0.8,10000.0,5,200000.0,xlarge,45.0,80.0,5.0,0.5,1.0,"{""p_d"":0.8,""stage"":""c4-attrition"",""tau"":10000.0,""w"":0.5}",d4ab4fc6428a0b1f4ceb9e0c3f60e249d31253158385f9207158cfb8c2c16199
10,44,1,online_static_3step,0.11821419235869118,7963.466602717317,0.11831720624076529,0.8908677260003711,8848,8849,8938,8939,160010.57001161287,160000.0,1.0000660625725803,budget_exhausted,73.02062919030428,0.9863052398878428,373.4778515265789,3860,4,[4],2423362899,none,none,none,"[0,1,2,3]","[[334315.9840595574,5725049.084105466],[334197.8236000696,5725068.653909299],[334327.9832340155,5725092.6038039895],[334309.7195218816,5725063.384940596]]","[[334309.55985446915,5725043.7588834055],[334189.3777603872,5725073.804406926],[334339.60537798965,5725103.849930447],[334309.55985446915,5725073.804406926]]",2d1e28a1f467579d0310b8737911018992fd8fff3d60eb60e86ebfb1d4badd44,none,none,5.000000000121749,0.9782106292344365,none,0.0028560778780108986,none,stationary,matched_prior_exact,1,0,revision_C_base@2ce3a901fecb,2ce3a901fecb5ddde502d0a5eeffb8f48d73c5fd,fab97b80b871eeeac68aa1d75a33173cb368895f3e96803690e3cbc0acb1147d,c4-attrition_20260827_075624_501873_327229d1,327229d1bf70f8e05e383a7a64e8207b7bcbbc0877cfd63b067cd569f1a2c3bf,evidence,revision_B_base,revision_B_base,0.5,0.8,10000.0,5,200000.0,xlarge,45.0,80.0,5.0,0.5,1.0,"{""p_d"":0.8,""stage"":""c4-attrition"",""tau"":10000.0,""w"":0.5}",d4ab4fc6428a0b1f4ceb9e0c3f60e249d31253158385f9207158cfb8c2c16199
10,44,1,pizza_repartition,0.18762666977598966,7820.603125254089,0.18801951305521794,0.8748856835500715,8012,8013,8938,8939,160017.85773380264,160000.0,1.0001116108362664,budget_exhausted,10.930191037314765,0.9085102907546554,0.0,0,4,[4],2423362899,none,none,none,"[0,1,2,3]","[[334315.9840595574,5725049.084105466],[334197.8236000696,5725068.653909299],[334327.9832340155,5725092.6038039895],[334309.7195218816,5725063.384940596]]","[[334309.55985446915,5725043.7588834055],[334189.3777603872,5725073.804406926],[334339.60537798965,5725103.849930447],[334309.55985446915,5725073.804406926]]",2d1e28a1f467579d0310b8737911018992fd8fff3d60eb60e86ebfb1d4badd44,"{""0"":3,""1"":2,""2"":0,""3"":1}",668660f110c9b98499c378a2b29451f04e09d1beceae2a3c545b6e9ee8670305,5.000000000897583,0.901323208986943,none,0.015372667965886322,none,stationary,matched_prior_exact,1,0,revision_C_base@2ce3a901fecb,2ce3a901fecb5ddde502d0a5eeffb8f48d73c5fd,fab97b80b871eeeac68aa1d75a33173cb368895f3e96803690e3cbc0acb1147d,c4-attrition_20260827_075624_501873_327229d1,327229d1bf70f8e05e383a7a64e8207b7bcbbc0877cfd63b067cd569f1a2c3bf,evidence,revision_B_base,revision_B_base,0.5,0.8,10000.0,5,200000.0,xlarge,45.0,80.0,5.0,0.5,1.0,"{""p_d"":0.8,""stage"":""c4-attrition"",""tau"":10000.0,""w"":0.5}",d4ab4fc6428a0b1f4ceb9e0c3f60e249d31253158385f9207158cfb8c2c16199
10,44,2,dynamic_evidence_3step,0.23022880736903167,7576.524365735982,0.23042394159772286,0.8475807546410093,8741,8742,8938,8939,120007.31508893216,120000.0,1.0000609590744347,budget_exhausted,13.538004903858562,0.9261338722284712,303.99411176447757,2808,3,"[4,2]",2423362899,none,none,none,"[0,1,3]","[[334315.9840595574,5725049.084105466],[334197.8236000696,5725068.653909299],[334309.7195218816,5725063.384940596]]","[[334309.55985446915,5725043.7588834055],[334189.3777603872,5725073.804406926],[334309.55985446915,5725073.804406926]]",e50bf9254cee26c2eb94ccc2efaf969d93918038ab220d210abef4f10207df2b,none,none,5.000000000121749,0.7294408069294024,none,0.05797864120344254,none,stationary,matched_prior_exact,1,0,revision_C_base@2ce3a901fecb,2ce3a901fecb5ddde502d0a5eeffb8f48d73c5fd,fab97b80b871eeeac68aa1d75a33173cb368895f3e96803690e3cbc0acb1147d,c4-attrition_20260827_075624_501873_327229d1,327229d1bf70f8e05e383a7a64e8207b7bcbbc0877cfd63b067cd569f1a2c3bf,evidence,revision_B_base,revision_B_base,0.5,0.8,10000.0,5,200000.0,xlarge,45.0,80.0,5.0,0.5,1.0,"{""p_d"":0.8,""stage"":""c4-attrition"",""tau"":10000.0,""w"":0.5}",d4ab4fc6428a0b1f4ceb9e0c3f60e249d31253158385f9207158cfb8c2c16199
10,44,2,online_static_3step,0.11743763222055852,7995.356373245772,0.11752878253352561,0.8944352134741886,8739,8740,8938,8939,120009.29536189871,120000.0,1.0000774613491559,budget_exhausted,54.738517745302715,0.9817313284832998,276.5568839535117,2886,3,"[4,2]",2423362899,none,none,none,"[0,1,3]","[[334315.9840595574,5725049.084105466],[334197.8236000696,5725068.653909299],[334309.7195218816,5725063.384940596]]","[[334309.55985446915,5725043.7588834055],[334189.3777603872,5725073.804406926],[334309.55985446915,5725073.804406926]]",e50bf9254cee26c2eb94ccc2efaf969d93918038ab220d210abef4f10207df2b,none,none,5.000000000121749,0.9717846716890327,none,0.00642356535182842,none,stationary,matched_prior_exact,1,0,revision_C_base@2ce3a901fecb,2ce3a901fecb5ddde502d0a5eeffb8f48d73c5fd,fab97b80b871eeeac68aa1d75a33173cb368895f3e96803690e3cbc0acb1147d,c4-attrition_20260827_075624_501873_327229d1,327229d1bf70f8e05e383a7a64e8207b7bcbbc0877cfd63b067cd569f1a2c3bf,evidence,revision_B_base,revision_B_base,0.5,0.8,10000.0,5,200000.0,xlarge,45.0,80.0,5.0,0.5,1.0,"{""p_d"":0.8,""stage"":""c4-attrition"",""tau"":10000.0,""w"":0.5}",d4ab4fc6428a0b1f4ceb9e0c3f60e249d31253158385f9207158cfb8c2c16199
10,44,2,pizza_repartition,0.16174138142962485,7985.238769695879,0.16207147885998427,0.8933033638769301,8009,8010,8938,8939,120001.5622110937,120000.0,1.0000130184257807,budget_exhausted,10.859213496495189,0.9079122995120457,0.0,0,3,"[4,2]",2423362899,none,none,none,"[0,1,3]","[[334315.9840595574,5725049.084105466],[334197.8236000696,5725068.653909299],[334309.7195218816,5725063.384940596]]","[[334309.55985446915,5725043.7588834055],[334189.3777603872,5725073.804406926],[334309.55985446915,5725073.804406926]]",e50bf9254cee26c2eb94ccc2efaf969d93918038ab220d210abef4f10207df2b,"{""0"":2,""1"":1,""3"":0}",5c3df012806321605938f83701f67da402307f0df24c16ee9ece49a20d4d28cf,5.0000000008936345,0.7769751555585412,none,0.033790348292744965,none,stationary,matched_prior_exact,1,0,revision_C_base@2ce3a901fecb,2ce3a901fecb5ddde502d0a5eeffb8f48d73c5fd,fab97b80b871eeeac68aa1d75a33173cb368895f3e96803690e3cbc0acb1147d,c4-attrition_20260827_075624_501873_327229d1,327229d1bf70f8e05e383a7a64e8207b7bcbbc0877cfd63b067cd569f1a2c3bf,evidence,revision_B_base,revision_B_base,0.5,0.8,10000.0,5,200000.0,xlarge,45.0,80.0,5.0,0.5,1.0,"{""p_d"":0.8,""stage"":""c4-attrition"",""tau"":10000.0,""w"":0.5}",d4ab4fc6428a0b1f4ceb9e0c3f60e249d31253158385f9207158cfb8c2c16199
10,44,3,dynamic_evidence_3step,0.1846280203492842,7892.8357835363795,0.18491404829152694,0.8829663031140373,8747,8748,8938,8939,80000.12240928723,80000.0,1.0000015301160903,budget_exhausted,11.569515622416928,0.9135659579332419,214.2805361300707,2019,2,"[4,2,3]",2423362899,none,none,none,"[0,1]","[[334315.9840595574,5725049.084105466],[334197.8236000696,5725068.653909299]]","[[334309.55985446915,5725043.7588834055],[334189.3777603872,5725073.804406926]]",f190438e1e9ad29b1e55600379ea5211721c9b0e7d87abbf435247e84a421be9,none,none,5.000000000121749,0.5849624713969451,none,0.09336418967647053,none,stationary,matched_prior_exact,1,0,revision_C_base@2ce3a901fecb,2ce3a901fecb5ddde502d0a5eeffb8f48d73c5fd,fab97b80b871eeeac68aa1d75a33173cb368895f3e96803690e3cbc0acb1147d,c4-attrition_20260827_075624_501873_327229d1,327229d1bf70f8e05e383a7a64e8207b7bcbbc0877cfd63b067cd569f1a2c3bf,evidence,revision_B_base,revision_B_base,0.5,0.8,10000.0,5,200000.0,xlarge,45.0,80.0,5.0,0.5,1.0,"{""p_d"":0.8,""stage"":""c4-attrition"",""tau"":10000.0,""w"":0.5}",d4ab4fc6428a0b1f4ceb9e0c3f60e249d31253158385f9207158cfb8c2c16199
10,44,3,online_static_3step,0.12055285925472192,8024.988951709639,0.12067077377659742,0.8977501903691284,8846,8847,8938,8939,80001.30711705697,80000.0,1.0000163389632122,budget_exhausted,35.87227572225038,0.9721233186390867,201.07831671345048,2088,2,"[4,2,3]",2423362899,none,none,none,"[0,1]","[[334315.9840595574,5725049.084105466],[334197.8236000696,5725068.653909299]]","[[334309.55985446915,5725043.7588834055],[334189.3777603872,5725073.804406926]]",f190438e1e9ad29b1e55600379ea5211721c9b0e7d87abbf435247e84a421be9,none,none,5.000000000121749,0.9975628641081857,none,0.009738542246768178,none,stationary,matched_prior_exact,1,0,revision_C_base@2ce3a901fecb,2ce3a901fecb5ddde502d0a5eeffb8f48d73c5fd,fab97b80b871eeeac68aa1d75a33173cb368895f3e96803690e3cbc0acb1147d,c4-attrition_20260827_075624_501873_327229d1,327229d1bf70f8e05e383a7a64e8207b7bcbbc0877cfd63b067cd569f1a2c3bf,evidence,revision_B_base,revision_B_base,0.5,0.8,10000.0,5,200000.0,xlarge,45.0,80.0,5.0,0.5,1.0,"{""p_d"":0.8,""stage"":""c4-attrition"",""tau"":10000.0,""w"":0.5}",d4ab4fc6428a0b1f4ceb9e0c3f60e249d31253158385f9207158cfb8c2c16199
10,44,3,pizza_repartition,0.13872129508532266,8198.362393866833,0.13902905771781107,0.9171453623298841,8009,8010,8938,8939,80009.42451977081,80000.0,1.000117806497135,budget_exhausted,10.767499120647203,0.9071279236900562,0.0,0,2,"[4,2,3]",2423362899,none,none,none,"[0,1]","[[334315.9840595574,5725049.084105466],[334197.8236000696,5725068.653909299]]","[[334309.55985446915,5725043.7588834055],[334189.3777603872,5725073.804406926]]",f190438e1e9ad29b1e55600379ea5211721c9b0e7d87abbf435247e84a421be9,"{""0"":0,""1"":1}",2f2bc0b30bed735fa9b98a729955d57b7b5a11eaa018f065423e464ab5a4dde1,5.000000000899856,0.6663909932975207,none,0.05763234674569895,none,stationary,matched_prior_exact,1,0,revision_C_base@2ce3a901fecb,2ce3a901fecb5ddde502d0a5eeffb8f48d73c5fd,fab97b80b871eeeac68aa1d75a33173cb368895f3e96803690e3cbc0acb1147d,c4-attrition_20260827_075624_501873_327229d1,327229d1bf70f8e05e383a7a64e8207b7bcbbc0877cfd63b067cd569f1a2c3bf,evidence,revision_B_base,revision_B_base,0.5,0.8,10000.0,5,200000.0,xlarge,45.0,80.0,5.0,0.5,1.0,"{""p_d"":0.8,""stage"":""c4-attrition"",""tau"":10000.0,""w"":0.5}",d4ab4fc6428a0b1f4ceb9e0c3f60e249d31253158385f9207158cfb8c2c16199
10,46,0,dynamic_evidence_3step,0.27208333487175496,7454.154668169336,0.2722562131393574,0.8096181892222587,8751,8752,9206,9207,200008.06507486987,200000.0,1.0000403253743493,budget_exhausted,16.572334785078585,0.939658472208733,431.05581744294614,4082,5,[],3395191265,none,none,none,"[0,1,2,3,4]","[[334302.55779995414,5724998.180605194],[334268.36899595597,5725091.779270053],[334306.1917090609,5725001.975158726],[334218.91864908,5724949.808111246],[334193.22153253027,5725007.498045916]]","[[334309.55985446915,5724983.667836364],[334279.5143309487,5725103.849930447],[334309.55985446915,5725013.713359885],[334219.4232839077,5724953.622312844],[334189.3777603872,5725013.713359885]]",34d08ebcb484b8ac7a604bf7341a37d1b0ed8216ef0a5fa38e652a0cf12689e2,none,none,5.000000000121749,1.0,none,0.0,none,stationary,matched_prior_exact,1,0,revision_C_base@2ce3a901fecb,2ce3a901fecb5ddde502d0a5eeffb8f48d73c5fd,fab97b80b871eeeac68aa1d75a33173cb368895f3e96803690e3cbc0acb1147d,c4-attrition_20260827_075624_501873_327229d1,327229d1bf70f8e05e383a7a64e8207b7bcbbc0877cfd63b067cd569f1a2c3bf,evidence,revision_B_base,revision_B_base,0.5,0.8,10000.0,5,200000.0,xlarge,45.0,80.0,5.0,0.5,1.0,"{""p_d"":0.8,""stage"":""c4-attrition"",""tau"":10000.0,""w"":0.5}",d4ab4fc6428a0b1f4ceb9e0c3f60e249d31253158385f9207158cfb8c2c16199
10,46,0,online_static_3step,0.11956002402253046,8208.323647114987,0.11962983325118166,0.8915307534609521,8957,8958,9206,9207,200007.30749741482,200000.0,1.000036537487074,budget_exhausted,89.94026104417671,0.9888815088105112,389.6533714525867,4092,5,[],3395191265,none,none,none,"[0,1,2,3,4]","[[334302.55779995414,5724998.180605194],[334268.36899595597,5725091.779270053],[334306.1917090609,5725001.975158726],[334218.91864908,5724949.808111246],[334193.22153253027,5725007.498045916]]","[[334309.55985446915,5724983.667836364],[334279.5143309487,5725103.849930447],[334309.55985446915,5725013.713359885],[334219.4232839077,5724953.622312844],[334189.3777603872,5725013.713359885]]",34d08ebcb484b8ac7a604bf7341a37d1b0ed8216ef0a5fa38e652a0cf12689e2,none,none,5.000000000121749,1.0,none,0.0,none,stationary,matched_prior_exact,1,0,revision_C_base@2ce3a901fecb,2ce3a901fecb5ddde502d0a5eeffb8f48d73c5fd,fab97b80b871eeeac68aa1d75a33173cb368895f3e96803690e3cbc0acb1147d,c4-attrition_20260827_075624_501873_327229d1,327229d1bf70f8e05e383a7a64e8207b7bcbbc0877cfd63b067cd569f1a2c3bf,evidence,revision_B_base,revision_B_base,0.5,0.8,10000.0,5,200000.0,xlarge,45.0,80.0,5.0,0.5,1.0,"{""p_d"":0.8,""stage"":""c4-attrition"",""tau"":10000.0,""w"":0.5}",d4ab4fc6428a0b1f4ceb9e0c3f60e249d31253158385f9207158cfb8c2c16199
10,46,0,pizza_repartition,0.20822565007146981,7894.649661164016,0.20863854925773873,0.85746167711133,8011,8012,9206,9207,200005.62828977653,200000.0,1.0000281414488827,budget_exhausted,10.954883987396162,0.9087165139173977,0.0,0,5,[],3395191265,none,none,none,"[0,1,2,3,4]","[[334302.55779995414,5724998.180605194],[334268.36899595597,5725091.779270053],[334306.1917090609,5725001.975158726],[334218.91864908,5724949.808111246],[334193.22153253027,5725007.498045916]]","[[334309.55985446915,5724983.667836364],[334279.5143309487,5725103.849930447],[334309.55985446915,5725013.713359885],[334219.4232839077,5724953.622312844],[334189.3777603872,5725013.713359885]]",34d08ebcb484b8ac7a604bf7341a37d1b0ed8216ef0a5fa38e652a0cf12689e2,"{""0"":4,""1"":1,""2"":0,""3"":3,""4"":2}",ae3e30ceecc5a136930208b786b7693ee1d00ee9991c1b8fcd1d34367e9f9a56,5.000000000901098,1.0,none,0.0,none,stationary,matched_prior_exact,1,0,revision_C_base@2ce3a901fecb,2ce3a901fecb5ddde502d0a5eeffb8f48d73c5fd,fab97b80b871eeeac68aa1d75a33173cb368895f3e96803690e3cbc0acb1147d,c4-attrition_20260827_075624_501873_327229d1,327229d1bf70f8e05e383a7a64e8207b7bcbbc0877cfd63b067cd569f1a2c3bf,evidence,revision_B_base,revision_B_base,0.5,0.8,10000.0,5,200000.0,xlarge,45.0,80.0,5.0,0.5,1.0,"{""p_d"":0.8,""stage"":""c4-attrition"",""tau"":10000.0,""w"":0.5}",d4ab4fc6428a0b1f4ceb9e0c3f60e249d31253158385f9207158cfb8c2c16199
10,46,1,dynamic_evidence_3step,0.23845743886410864,7622.215677750724,0.23861758547015155,0.8278718016455658,8727,8728,9206,9207,160006.07941138087,160000.0,1.0000379963211303,budget_exhausted,16.388804130970545,0.938982735286325,376.7504834115971,3492,4,[2],3395191265,none,none,none,"[0,1,3,4]","[[334302.55779995414,5724998.180605194],[334268.36899595597,5725091.779270053],[334218.91864908,5724949.808111246],[334193.22153253027,5725007.498045916]]","[[334309.55985446915,5724983.667836364],[334279.5143309487,5725103.849930447],[334219.4232839077,5724953.622312844],[334189.3777603872,5725013.713359885]]",6b59407636afd1f2c98eadd43892d106181060f49a08ff33668ad34e98972b38,none,none,5.000000000121749,0.8764132466124921,none,0.01825361242330714,none,stationary,matched_prior_exact,1,0,revision_C_base@2ce3a901fecb,2ce3a901fecb5ddde502d0a5eeffb8f48d73c5fd,fab97b80b871eeeac68aa1d75a33173cb368895f3e96803690e3cbc0acb1147d,c4-attrition_20260827_075624_501873_327229d1,327229d1bf70f8e05e383a7a64e8207b7bcbbc0877cfd63b067cd569f1a2c3bf,evidence,revision_B_base,revision_B_base,0.5,0.8,10000.0,5,200000.0,xlarge,45.0,80.0,5.0,0.5,1.0,"{""p_d"":0.8,""stage"":""c4-attrition"",""tau"":10000.0,""w"":0.5}",d4ab4fc6428a0b1f4ceb9e0c3f60e249d31253158385f9207158cfb8c2c16199
10,46,1,online_static_3step,0.11848033791580823,8206.126456604035,0.1185682930545689,0.8912921099819741,9206,9207,9206,9207,160012.71078949096,160000.0,1.0000794424343185,budget_exhausted,74.58987341772152,0.9865933543766758,477.8169279138092,4954,4,[2],3395191265,none,none,none,"[0,1,3,4]","[[334302.55779995414,5724998.180605194],[334268.36899595597,5725091.779270053],[334218.91864908,5724949.808111246],[334193.22153253027,5725007.498045916]]","[[334309.55985446915,5724983.667836364],[334279.5143309487,5725103.849930447],[334219.4232839077,5724953.622312844],[334189.3777603872,5725013.713359885]]",6b59407636afd1f2c98eadd43892d106181060f49a08ff33668ad34e98972b38,none,none,5.000000000121749,0.9909695057729432,none,-0.00023864347897806226,none,stationary,matched_prior_exact,1,0,revision_C_base@2ce3a901fecb,2ce3a901fecb5ddde502d0a5eeffb8f48d73c5fd,fab97b80b871eeeac68aa1d75a33173cb368895f3e96803690e3cbc0acb1147d,c4-attrition_20260827_075624_501873_327229d1,327229d1bf70f8e05e383a7a64e8207b7bcbbc0877cfd63b067cd569f1a2c3bf,evidence,revision_B_base,revision_B_base,0.5,0.8,10000.0,5,200000.0,xlarge,45.0,80.0,5.0,0.5,1.0,"{""p_d"":0.8,""stage"":""c4-attrition"",""tau"":10000.0,""w"":0.5}",d4ab4fc6428a0b1f4ceb9e0c3f60e249d31253158385f9207158cfb8c2c16199
10,46,1,pizza_repartition,0.18742275054331853,8039.153484748742,0.18775442862912264,0.8731566726130924,8010,8011,9206,9207,160001.2608277346,160000.0,1.0000078801733412,budget_exhausted,10.943834270917046,0.9086243472584856,0.0,0,4,[2],3395191265,none,none,none,"[0,1,3,4]","[[334302.55779995414,5724998.180605194],[334268.36899595597,5725091.779270053],[334218.91864908,5724949.808111246],[334193.22153253027,5725007.498045916]]","[[334309.55985446915,5724983.667836364],[334279.5143309487,5725103.849930447],[334219.4232839077,5724953.622312844],[334189.3777603872,5725013.713359885]]",6b59407636afd1f2c98eadd43892d106181060f49a08ff33668ad34e98972b38,"{""0"":0,""1"":1,""3"":3,""4"":2}",7ea6634391c7175d1e2c20a996785d24d9939d1d14c25c52225f5546ff3a1129,5.000000000875136,0.9000944431149042,none,0.015694995501762343,none,stationary,matched_prior_exact,1,0,revision_C_base@2ce3a901fecb,2ce3a901fecb5ddde502d0a5eeffb8f48d73c5fd,fab97b80b871eeeac68aa1d75a33173cb368895f3e96803690e3cbc0acb1147d,c4-attrition_20260827_075624_501873_327229d1,327229d1bf70f8e05e383a7a64e8207b7bcbbc0877cfd63b067cd569f1a2c3bf,evidence,revision_B_base,revision_B_base,0.5,0.8,10000.0,5,200000.0,xlarge,45.0,80.0,5.0,0.5,1.0,"{""p_d"":0.8,""stage"":""c4-attrition"",""tau"":10000.0,""w"":0.5}",d4ab4fc6428a0b1f4ceb9e0c3f60e249d31253158385f9207158cfb8c2c16199
10,46,2,dynamic_evidence_3step,0.22069841988323552,7805.4511841243675,0.22086215820698196,0.8477735618686182,8749,8750,9206,9207,120004.34847441473,120000.0,1.0000362372867895,budget_exhausted,15.053906810035842,0.9335720612184646,309.7043522805907,2863,3,"[2,4]",3395191265,none,none,none,"[0,1,3]","[[334302.55779995414,5724998.180605194],[334268.36899595597,5725091.779270053],[334218.91864908,5724949.808111246]]","[[334309.55985446915,5724983.667836364],[334279.5143309487,5725103.849930447],[334219.4232839077,5724953.622312844]]",2eeb303e52eb1fa86f2e1846e3f277ecefdd8a24d0b9c39363d79bdf1e9e3eca,none,none,5.000000000121749,0.8111427331161629,none,0.03815537264635949,none,stationary,matched_prior_exact,1,0,revision_C_base@2ce3a901fecb,2ce3a901fecb5ddde502d0a5eeffb8f48d73c5fd,fab97b80b871eeeac68aa1d75a33173cb368895f3e96803690e3cbc0acb1147d,c4-attrition_20260827_075624_501873_327229d1,327229d1bf70f8e05e383a7a64e8207b7bcbbc0877cfd63b067cd569f1a2c3bf,evidence,revision_B_base,revision_B_base,0.5,0.8,10000.0,5,200000.0,xlarge,45.0,80.0,5.0,0.5,1.0,"{""p_d"":0.8,""stage"":""c4-attrition"",""tau"":10000.0,""w"":0.5}",d4ab4fc6428a0b1f4ceb9e0c3f60e249d31253158385f9207158cfb8c2c16199
10,46,2,online_static_3step,0.1386435504418321,8110.332542740258,0.13878855184822492,0.8808876444814009,8745,8746,9206,9207,120000.90928029381,120000.0,1.0000075773357817,budget_exhausted,38.628266470371734,0.9741122216611245,278.0046695701312,2869,3,"[2,4]",3395191265,none,none,none,"[0,1,3]","[[334302.55779995414,5724998.180605194],[334268.36899595597,5725091.779270053],[334218.91864908,5724949.808111246]]","[[334309.55985446915,5724983.667836364],[334279.5143309487,5725103.849930447],[334219.4232839077,5724953.622312844]]",2eeb303e52eb1fa86f2e1846e3f277ecefdd8a24d0b9c39363d79bdf1e9e3eca,none,none,5.000000000121749,1.1596146084388996,none,-0.01064310897955123,none,stationary,matched_prior_exact,1,0,revision_C_base@2ce3a901fecb,2ce3a901fecb5ddde502d0a5eeffb8f48d73c5fd,fab97b80b871eeeac68aa1d75a33173cb368895f3e96803690e3cbc0acb1147d,c4-attrition_20260827_075624_501873_327229d1,327229d1bf70f8e05e383a7a64e8207b7bcbbc0877cfd63b067cd569f1a2c3bf,evidence,revision_B_base,revision_B_base,0.5,0.8,10000.0,5,200000.0,xlarge,45.0,80.0,5.0,0.5,1.0,"{""p_d"":0.8,""stage"":""c4-attrition"",""tau"":10000.0,""w"":0.5}",d4ab4fc6428a0b1f4ceb9e0c3f60e249d31253158385f9207158cfb8c2c16199
10,46,2,pizza_repartition,0.161823934440274,8210.138456081793,0.16210749408620834,0.8917278653287491,8010,8011,9206,9207,120010.93088976279,120000.0,1.0000910907480234,budget_exhausted,10.874614105913086,0.908042713951914,0.0,0,3,"[2,4]",3395191265,none,none,none,"[0,1,3]","[[334302.55779995414,5724998.180605194],[334268.36899595597,5725091.779270053],[334218.91864908,5724949.808111246]]","[[334309.55985446915,5724983.667836364],[334279.5143309487,5725103.849930447],[334219.4232839077,5724953.622312844]]",2eeb303e52eb1fa86f2e1846e3f277ecefdd8a24d0b9c39363d79bdf1e9e3eca,"{""0"":0,""1"":1,""3"":2}",c951547505843cddbf0e5c4bfb2f1d52c7cb4a4d7fb51f13a9b0309179adf302,5.000000000901098,0.7771565817406777,none,0.034266188217419113,none,stationary,matched_prior_exact,1,0,revision_C_base@2ce3a901fecb,2ce3a901fecb5ddde502d0a5eeffb8f48d73c5fd,fab97b80b871eeeac68aa1d75a33173cb368895f3e96803690e3cbc0acb1147d,c4-attrition_20260827_075624_501873_327229d1,327229d1bf70f8e05e383a7a64e8207b7bcbbc0877cfd63b067cd569f1a2c3bf,evidence,revision_B_base,revision_B_base,0.5,0.8,10000.0,5,200000.0,xlarge,45.0,80.0,5.0,0.5,1.0,"{""p_d"":0.8,""stage"":""c4-attrition"",""tau"":10000.0,""w"":0.5}",d4ab4fc6428a0b1f4ceb9e0c3f60e249d31253158385f9207158cfb8c2c16199
10,46,3,dynamic_evidence_3step,0.18515286074727508,8110.955220992208,0.18543774135162322,0.8809552754417517,8747,8748,9206,9207,80002.56767261574,80000.0,1.0000320959076967,budget_exhausted,11.506741203551464,0.9130944215820759,213.4798396602273,2010,2,"[2,4,3]",3395191265,none,none,none,"[0,1]","[[334302.55779995414,5724998.180605194],[334268.36899595597,5725091.779270053]]","[[334309.55985446915,5724983.667836364],[334279.5143309487,5725103.849930447]]",51c2a1af77bc9590fd4b7f29d877616199a4e29e1a23463eef03d894eddfb556,none,none,5.000000000121749,0.6805005563260459,none,0.07133708621949297,none,stationary,matched_prior_exact,1,0,revision_C_base@2ce3a901fecb,2ce3a901fecb5ddde502d0a5eeffb8f48d73c5fd,fab97b80b871eeeac68aa1d75a33173cb368895f3e96803690e3cbc0acb1147d,c4-attrition_20260827_075624_501873_327229d1,327229d1bf70f8e05e383a7a64e8207b7bcbbc0877cfd63b067cd569f1a2c3bf,evidence,revision_B_base,revision_B_base,0.5,0.8,10000.0,5,200000.0,xlarge,45.0,80.0,5.0,0.5,1.0,"{""p_d"":0.8,""stage"":""c4-attrition"",""tau"":10000.0,""w"":0.5}",d4ab4fc6428a0b1f4ceb9e0c3f60e249d31253158385f9207158cfb8c2c16199
10,46,3,online_static_3step,0.11489718947261293,8296.046211448793,0.1149963767493722,0.9010585653794714,8846,8847,9206,9207,80001.3071170647,80000.0,1.0000163389633088,budget_exhausted,38.0306286942504,0.9737054044507242,199.6941197954584,2093,2,"[2,4,3]",3395191265,none,none,none,"[0,1]","[[334302.55779995414,5724998.180605194],[334268.36899595597,5725091.779270053]]","[[334309.55985446915,5724983.667836364],[334279.5143309487,5725103.849930447]]",51c2a1af77bc9590fd4b7f29d877616199a4e29e1a23463eef03d894eddfb556,none,none,5.000000000121749,0.961000053420541,none,0.009527811918519258,none,stationary,matched_prior_exact,1,0,revision_C_base@2ce3a901fecb,2ce3a901fecb5ddde502d0a5eeffb8f48d73c5fd,fab97b80b871eeeac68aa1d75a33173cb368895f3e96803690e3cbc0acb1147d,c4-attrition_20260827_075624_501873_327229d1,327229d1bf70f8e05e383a7a64e8207b7bcbbc0877cfd63b067cd569f1a2c3bf,evidence,revision_B_base,revision_B_base,0.5,0.8,10000.0,5,200000.0,xlarge,45.0,80.0,5.0,0.5,1.0,"{""p_d"":0.8,""stage"":""c4-attrition"",""tau"":10000.0,""w"":0.5}",d4ab4fc6428a0b1f4ceb9e0c3f60e249d31253158385f9207158cfb8c2c16199
10,46,3,pizza_repartition,0.13873598027528591,8429.002740817277,0.1390141970533361,0.9154993744778187,8008,8009,9206,9207,80005.07634095536,80000.0,1.000063454261942,budget_exhausted,10.777856011265623,0.907217168335266,0.0,0,2,"[2,4,3]",3395191265,none,none,none,"[0,1]","[[334302.55779995414,5724998.180605194],[334268.36899595597,5725091.779270053]]","[[334309.55985446915,5724983.667836364],[334279.5143309487,5725103.849930447]]",51c2a1af77bc9590fd4b7f29d877616199a4e29e1a23463eef03d894eddfb556,"{""0"":0,""1"":1}",2f2bc0b30bed735fa9b98a729955d57b7b5a11eaa018f065423e464ab5a4dde1,5.000000000899856,0.6662770903952862,none,0.05803769736648867,none,stationary,matched_prior_exact,1,0,revision_C_base@2ce3a901fecb,2ce3a901fecb5ddde502d0a5eeffb8f48d73c5fd,fab97b80b871eeeac68aa1d75a33173cb368895f3e96803690e3cbc0acb1147d,c4-attrition_20260827_075624_501873_327229d1,327229d1bf70f8e05e383a7a64e8207b7bcbbc0877cfd63b067cd569f1a2c3bf,evidence,revision_B_base,revision_B_base,0.5,0.8,10000.0,5,200000.0,xlarge,45.0,80.0,5.0,0.5,1.0,"{""p_d"":0.8,""stage"":""c4-attrition"",""tau"":10000.0,""w"":0.5}",d4ab4fc6428a0b1f4ceb9e0c3f60e249d31253158385f9207158cfb8c2c16199
10,48,0,dynamic_evidence_3step,0.2543825195025774,7321.034194337825,0.25452412347029335,0.8192741936367307,8751,8752,8935,8936,200003.17454820816,200000.0,1.0000158727410409,budget_exhausted,18.51470277131373,0.945988870988014,439.17972051072866,4185,5,[],1773811642,none,none,none,"[0,1,2,3,4]","[[334220.7584518964,5725063.768145641],[334196.4912505313,5725006.496216538],[334226.09244485555,5724937.705004173],[334218.1255894802,5724974.839774018],[334285.7569015989,5724968.255193128]]","[[334219.4232839077,5725073.804406926],[334189.3777603872,5725013.713359885],[334219.4232839077,5724923.576789323],[334219.4232839077,5724983.667836364],[334279.5143309487,5724953.622312844]]",72de94d103216530d7b39d2938a5ba94a9218ad02ff675db15e52e3a8dcfd981,none,none,5.000000000121749,1.0,none,0.0,none,stationary,matched_prior_exact,1,0,revision_C_base@2ce3a901fecb,2ce3a901fecb5ddde502d0a5eeffb8f48d73c5fd,fab97b80b871eeeac68aa1d75a33173cb368895f3e96803690e3cbc0acb1147d,c4-attrition_20260827_075624_501873_327229d1,327229d1bf70f8e05e383a7a64e8207b7bcbbc0877cfd63b067cd569f1a2c3bf,evidence,revision_B_base,revision_B_base,0.5,0.8,10000.0,5,200000.0,xlarge,45.0,80.0,5.0,0.5,1.0,"{""p_d"":0.8,""stage"":""c4-attrition"",""tau"":10000.0,""w"":0.5}",d4ab4fc6428a0b1f4ceb9e0c3f60e249d31253158385f9207158cfb8c2c16199
10,48,0,online_static_3step,0.1440666000311919,7793.802074799707,0.14417340987173238,0.8721801784690809,8906,8907,8935,8936,200013.83577113337,200000.0,1.0000691788556668,budget_exhausted,62.46178120617111,0.9839902100021892,457.0216374802403,4757,5,[],1773811642,none,none,none,"[0,1,2,3,4]","[[334220.7584518964,5725063.768145641],[334196.4912505313,5725006.496216538],[334226.09244485555,5724937.705004173],[334218.1255894802,5724974.839774018],[334285.7569015989,5724968.255193128]]","[[334219.4232839077,5725073.804406926],[334189.3777603872,5725013.713359885],[334219.4232839077,5724923.576789323],[334219.4232839077,5724983.667836364],[334279.5143309487,5724953.622312844]]",72de94d103216530d7b39d2938a5ba94a9218ad02ff675db15e52e3a8dcfd981,none,none,5.000000000121749,1.0,none,0.0,none,stationary,matched_prior_exact,1,0,revision_C_base@2ce3a901fecb,2ce3a901fecb5ddde502d0a5eeffb8f48d73c5fd,fab97b80b871eeeac68aa1d75a33173cb368895f3e96803690e3cbc0acb1147d,c4-attrition_20260827_075624_501873_327229d1,327229d1bf70f8e05e383a7a64e8207b7bcbbc0877cfd63b067cd569f1a2c3bf,evidence,revision_B_base,revision_B_base,0.5,0.8,10000.0,5,200000.0,xlarge,45.0,80.0,5.0,0.5,1.0,"{""p_d"":0.8,""stage"":""c4-attrition"",""tau"":10000.0,""w"":0.5}",d4ab4fc6428a0b1f4ceb9e0c3f60e249d31253158385f9207158cfb8c2c16199
10,48,0,pizza_repartition,0.2080922969557488,7682.010361811302,0.20852777806488945,0.8596699151534581,8012,8013,8935,8936,200021.12576217085,200000.0,1.0001056288108543,budget_exhausted,10.963896848137535,0.9087915534183567,0.0,0,5,[],1773811642,none,none,none,"[0,1,2,3,4]","[[334220.7584518964,5725063.768145641],[334196.4912505313,5725006.496216538],[334226.09244485555,5724937.705004173],[334218.1255894802,5724974.839774018],[334285.7569015989,5724968.255193128]]","[[334219.4232839077,5725073.804406926],[334189.3777603872,5725013.713359885],[334219.4232839077,5724923.576789323],[334219.4232839077,5724983.667836364],[334279.5143309487,5724953.622312844]]",72de94d103216530d7b39d2938a5ba94a9218ad02ff675db15e52e3a8dcfd981,"{""0"":1,""1"":2,""2"":4,""3"":3,""4"":0}",6e696e7d2d7cf4aa55a54431a20ad857afdba8fe9554f10965faff94c30c13a6,5.000000000904411,1.0,none,0.0,none,stationary,matched_prior_exact,1,0,revision_C_base@2ce3a901fecb,2ce3a901fecb5ddde502d0a5eeffb8f48d73c5fd,fab97b80b871eeeac68aa1d75a33173cb368895f3e96803690e3cbc0acb1147d,c4-attrition_20260827_075624_501873_327229d1,327229d1bf70f8e05e383a7a64e8207b7bcbbc0877cfd63b067cd569f1a2c3bf,evidence,revision_B_base,revision_B_base,0.5,0.8,10000.0,5,200000.0,xlarge,45.0,80.0,5.0,0.5,1.0,"{""p_d"":0.8,""stage"":""c4-attrition"",""tau"":10000.0,""w"":0.5}",d4ab4fc6428a0b1f4ceb9e0c3f60e249d31253158385f9207158cfb8c2c16199
10,48,1,dynamic_evidence_3step,0.27434037034502323,7325.530459292055,0.2745755260717344,0.8197773566799524,8758,8759,8935,8936,160013.62765225762,160000.0,1.0000851728266102,budget_exhausted,13.724904514739007,0.9271397481180206,393.42834397917613,3600,4,[4],1773811642,none,none,none,"[0,1,2,3]","[[334220.7584518964,5725063.768145641],[334196.4912505313,5725006.496216538],[334226.09244485555,5724937.705004173],[334218.1255894802,5724974.839774018]]","[[334219.4232839077,5725073.804406926],[334189.3777603872,5725013.713359885],[334219.4232839077,5724923.576789323],[334219.4232839077,5724983.667836364]]",422de537697b7d2dceb546711736fc02ea1393ef948c24efbc2ac7261305adac,none,none,5.000000000121749,1.0784560624742283,none,0.0005031630432217327,none,stationary,matched_prior_exact,1,0,revision_C_base@2ce3a901fecb,2ce3a901fecb5ddde502d0a5eeffb8f48d73c5fd,fab97b80b871eeeac68aa1d75a33173cb368895f3e96803690e3cbc0acb1147d,c4-attrition_20260827_075624_501873_327229d1,327229d1bf70f8e05e383a7a64e8207b7bcbbc0877cfd63b067cd569f1a2c3bf,evidence,revision_B_base,revision_B_base,0.5,0.8,10000.0,5,200000.0,xlarge,45.0,80.0,5.0,0.5,1.0,"{""p_d"":0.8,""stage"":""c4-attrition"",""tau"":10000.0,""w"":0.5}",d4ab4fc6428a0b1f4ceb9e0c3f60e249d31253158385f9207158cfb8c2c16199
10,48,1,online_static_3step,0.14804913196156633,7830.2409486214565,0.1482035477833739,0.8762579396398228,8729,8730,8935,8936,160014.0991388821,160000.0,1.0000881196180131,budget_exhausted,43.71862284820031,0.9771264524165778,357.47143310983665,3681,4,[4],1773811642,none,none,none,"[0,1,2,3]","[[334220.7584518964,5725063.768145641],[334196.4912505313,5725006.496216538],[334226.09244485555,5724937.705004173],[334218.1255894802,5724974.839774018]]","[[334219.4232839077,5725073.804406926],[334189.3777603872,5725013.713359885],[334219.4232839077,5724923.576789323],[334219.4232839077,5724983.667836364]]",422de537697b7d2dceb546711736fc02ea1393ef948c24efbc2ac7261305adac,none,none,5.000000000121749,1.0276436865277043,none,0.004077761170741878,none,stationary,matched_prior_exact,1,0,revision_C_base@2ce3a901fecb,2ce3a901fecb5ddde502d0a5eeffb8f48d73c5fd,fab97b80b871eeeac68aa1d75a33173cb368895f3e96803690e3cbc0acb1147d,c4-attrition_20260827_075624_501873_327229d1,327229d1bf70f8e05e383a7a64e8207b7bcbbc0877cfd63b067cd569f1a2c3bf,evidence,revision_B_base,revision_B_base,0.5,0.8,10000.0,5,200000.0,xlarge,45.0,80.0,5.0,0.5,1.0,"{""p_d"":0.8,""stage"":""c4-attrition"",""tau"":10000.0,""w"":0.5}",d4ab4fc6428a0b1f4ceb9e0c3f60e249d31253158385f9207158cfb8c2c16199
10,48,1,pizza_repartition,0.1873106395935173,7820.022192079465,0.18764463420420996,0.875114390340137,8011,8012,8935,8936,160016.0317316852,160000.0,1.0001001983230324,budget_exhausted,10.943640585923545,0.9086227300550908,0.0,0,4,[4],1773811642,none,none,none,"[0,1,2,3]","[[334220.7584518964,5725063.768145641],[334196.4912505313,5725006.496216538],[334226.09244485555,5724937.705004173],[334218.1255894802,5724974.839774018]]","[[334219.4232839077,5725073.804406926],[334189.3777603872,5725013.713359885],[334219.4232839077,5724923.576789323],[334219.4232839077,5724983.667836364]]",422de537697b7d2dceb546711736fc02ea1393ef948c24efbc2ac7261305adac,"{""0"":1,""1"":2,""2"":3,""3"":0}",ed43f1107d0f224afa50dcb743d2c48eec521ed0df6e1a9dae28731ff58cb15a,5.000000000894282,0.9001325004997626,none,0.015444475186678908,none,stationary,matched_prior_exact,1,0,revision_C_base@2ce3a901fecb,2ce3a901fecb5ddde502d0a5eeffb8f48d73c5fd,fab97b80b871eeeac68aa1d75a33173cb368895f3e96803690e3cbc0acb1147d,c4-attrition_20260827_075624_501873_327229d1,327229d1bf70f8e05e383a7a64e8207b7bcbbc0877cfd63b067cd569f1a2c3bf,evidence,revision_B_base,revision_B_base,0.5,0.8,10000.0,5,200000.0,xlarge,45.0,80.0,5.0,0.5,1.0,"{""p_d"":0.8,""stage"":""c4-attrition"",""tau"":10000.0,""w"":0.5}",d4ab4fc6428a0b1f4ceb9e0c3f60e249d31253158385f9207158cfb8c2c16199
10,48,2,dynamic_evidence_3step,0.21756025708316595,7646.523666680384,0.21768677795402686,0.8556987093420304,8756,8757,8935,8936,120010.9623928312,120000.0,1.0000913532735933,budget_exhausted,15.453235294117647,0.9352886317352163,308.82340631680563,2840,3,"[4,1]",1773811642,none,none,none,"[0,2,3]","[[334220.7584518964,5725063.768145641],[334226.09244485555,5724937.705004173],[334218.1255894802,5724974.839774018]]","[[334219.4232839077,5725073.804406926],[334219.4232839077,5724923.576789323],[334219.4232839077,5724983.667836364]]",072a1d06a289cd6fa8c57d427f6ead6da8b704ab063b24c88056c6b1fa004589,none,none,5.000000000121749,0.8552484561776724,none,0.0364245157052997,none,stationary,matched_prior_exact,1,0,revision_C_base@2ce3a901fecb,2ce3a901fecb5ddde502d0a5eeffb8f48d73c5fd,fab97b80b871eeeac68aa1d75a33173cb368895f3e96803690e3cbc0acb1147d,c4-attrition_20260827_075624_501873_327229d1,327229d1bf70f8e05e383a7a64e8207b7bcbbc0877cfd63b067cd569f1a2c3bf,evidence,revision_B_base,revision_B_base,0.5,0.8,10000.0,5,200000.0,xlarge,45.0,80.0,5.0,0.5,1.0,"{""p_d"":0.8,""stage"":""c4-attrition"",""tau"":10000.0,""w"":0.5}",d4ab4fc6428a0b1f4ceb9e0c3f60e249d31253158385f9207158cfb8c2c16199
10,48,2,online_static_3step,0.13468447818214635,8024.294594050443,0.134786447967076,0.8979738802652689,8935,8936,8935,8936,120002.53949103909,120000.0,1.0000211624253257,budget_exhausted,40.46490566037736,0.975287227693226,298.7033671690151,3089,3,"[4,1]",1773811642,none,none,none,"[0,2,3]","[[334220.7584518964,5725063.768145641],[334226.09244485555,5724937.705004173],[334218.1255894802,5724974.839774018]]","[[334219.4232839077,5725073.804406926],[334219.4232839077,5724923.576789323],[334219.4232839077,5724983.667836364]]",072a1d06a289cd6fa8c57d427f6ead6da8b704ab063b24c88056c6b1fa004589,none,none,5.000000000121749,0.9348764956831478,none,0.025793701796188007,none,stationary,matched_prior_exact,1,0,revision_C_base@2ce3a901fecb,2ce3a901fecb5ddde502d0a5eeffb8f48d73c5fd,fab97b80b871eeeac68aa1d75a33173cb368895f3e96803690e3cbc0acb1147d,c4-attrition_20260827_075624_501873_327229d1,327229d1bf70f8e05e383a7a64e8207b7bcbbc0877cfd63b067cd569f1a2c3bf,evidence,revision_B_base,revision_B_base,0.5,0.8,10000.0,5,200000.0,xlarge,45.0,80.0,5.0,0.5,1.0,"{""p_d"":0.8,""stage"":""c4-attrition"",""tau"":10000.0,""w"":0.5}",d4ab4fc6428a0b1f4ceb9e0c3f60e249d31253158385f9207158cfb8c2c16199
10,48,2,pizza_repartition,0.1617729399815943,7983.630971715976,0.16208289863309722,0.8934233406127994,8010,8011,8935,8936,120014.92267436294,120000.0,1.0001243556196913,budget_exhausted,10.877541314944715,0.9080674601873409,0.0,0,3,"[4,1]",1773811642,none,none,none,"[0,2,3]","[[334220.7584518964,5725063.768145641],[334226.09244485555,5724937.705004173],[334218.1255894802,5724974.839774018]]","[[334219.4232839077,5725073.804406926],[334219.4232839077,5724923.576789323],[334219.4232839077,5724983.667836364]]",072a1d06a289cd6fa8c57d427f6ead6da8b704ab063b24c88056c6b1fa004589,"{""0"":1,""2"":2,""3"":0}",1bc7674aada3d3ccea6005e7eabe6adc8afc751ab8afd2fc1a2c8797efba087e,5.00000000088045,0.7774095550302644,none,0.033753425459341235,none,stationary,matched_prior_exact,1,0,revision_C_base@2ce3a901fecb,2ce3a901fecb5ddde502d0a5eeffb8f48d73c5fd,fab97b80b871eeeac68aa1d75a33173cb368895f3e96803690e3cbc0acb1147d,c4-attrition_20260827_075624_501873_327229d1,327229d1bf70f8e05e383a7a64e8207b7bcbbc0877cfd63b067cd569f1a2c3bf,evidence,revision_B_base,revision_B_base,0.5,0.8,10000.0,5,200000.0,xlarge,45.0,80.0,5.0,0.5,1.0,"{""p_d"":0.8,""stage"":""c4-attrition"",""tau"":10000.0,""w"":0.5}",d4ab4fc6428a0b1f4ceb9e0c3f60e249d31253158385f9207158cfb8c2c16199
10,48,3,dynamic_evidence_3step,0.18713731053363708,7892.228650322372,0.1873003861463042,0.8831947907701849,8726,8727,8935,8936,80006.58457873545,80000.0,1.0000823072341931,budget_exhausted,13.61181516864886,0.926534412375564,216.8468655978795,2002,2,"[4,1,0]",1773811642,none,none,none,"[2,3]","[[334226.09244485555,5724937.705004173],[334218.1255894802,5724974.839774018]]","[[334219.4232839077,5724923.576789323],[334219.4232839077,5724983.667836364]]",1c175adff9e7af9c7ecff8966669fc89f5fd09a1cf4457fc2f9b8288e5599d1b,none,none,5.000000000121749,0.735653184423079,none,0.06392059713345422,none,stationary,matched_prior_exact,1,0,revision_C_base@2ce3a901fecb,2ce3a901fecb5ddde502d0a5eeffb8f48d73c5fd,fab97b80b871eeeac68aa1d75a33173cb368895f3e96803690e3cbc0acb1147d,c4-attrition_20260827_075624_501873_327229d1,327229d1bf70f8e05e383a7a64e8207b7bcbbc0877cfd63b067cd569f1a2c3bf,evidence,revision_B_base,revision_B_base,0.5,0.8,10000.0,5,200000.0,xlarge,45.0,80.0,5.0,0.5,1.0,"{""p_d"":0.8,""stage"":""c4-attrition"",""tau"":10000.0,""w"":0.5}",d4ab4fc6428a0b1f4ceb9e0c3f60e249d31253158385f9207158cfb8c2c16199
10,48,3,online_static_3step,0.10517236155051071,8154.503231344462,0.10524798452352727,0.9125451243671063,8898,8899,8935,8936,80002.2869630507,80000.0,1.0000285870381338,budget_exhausted,39.884033613445375,0.974927310269268,202.3995812383946,2129,2,"[4,1,0]",1773811642,none,none,none,"[2,3]","[[334226.09244485555,5724937.705004173],[334218.1255894802,5724974.839774018]]","[[334219.4232839077,5724923.576789323],[334219.4232839077,5724983.667836364]]",1c175adff9e7af9c7ecff8966669fc89f5fd09a1cf4457fc2f9b8288e5599d1b,none,none,5.000000000121749,0.7300259847024905,none,0.04036494589802542,none,stationary,matched_prior_exact,1,0,revision_C_base@2ce3a901fecb,2ce3a901fecb5ddde502d0a5eeffb8f48d73c5fd,fab97b80b871eeeac68aa1d75a33173cb368895f3e96803690e3cbc0acb1147d,c4-attrition_20260827_075624_501873_327229d1,327229d1bf70f8e05e383a7a64e8207b7bcbbc0877cfd63b067cd569f1a2c3bf,evidence,revision_B_base,revision_B_base,0.5,0.8,10000.0,5,200000.0,xlarge,45.0,80.0,5.0,0.5,1.0,"{""p_d"":0.8,""stage"":""c4-attrition"",""tau"":10000.0,""w"":0.5}",d4ab4fc6428a0b1f4ceb9e0c3f60e249d31253158385f9207158cfb8c2c16199
10,48,3,pizza_repartition,0.13863664177171112,8195.910197403882,0.13887331200522252,0.9171788493066118,8008,8009,8935,8936,80001.83770764356,80000.0,1.0000229713455444,budget_exhausted,10.777640845070422,0.9072153160069916,0.0,0,2,"[4,1,0]",1773811642,none,none,none,"[2,3]","[[334226.09244485555,5724937.705004173],[334218.1255894802,5724974.839774018]]","[[334219.4232839077,5724923.576789323],[334219.4232839077,5724983.667836364]]",1c175adff9e7af9c7ecff8966669fc89f5fd09a1cf4457fc2f9b8288e5599d1b,"{""2"":0,""3"":1}",280b690b0e0b54dfa8276b11f7f025c77d805bd35b4e30030a344745f5cc5dd3,5.000000000889653,0.6662266878681841,none,0.05750893415315361,none,stationary,matched_prior_exact,1,0,revision_C_base@2ce3a901fecb,2ce3a901fecb5ddde502d0a5eeffb8f48d73c5fd,fab97b80b871eeeac68aa1d75a33173cb368895f3e96803690e3cbc0acb1147d,c4-attrition_20260827_075624_501873_327229d1,327229d1bf70f8e05e383a7a64e8207b7bcbbc0877cfd63b067cd569f1a2c3bf,evidence,revision_B_base,revision_B_base,0.5,0.8,10000.0,5,200000.0,xlarge,45.0,80.0,5.0,0.5,1.0,"{""p_d"":0.8,""stage"":""c4-attrition"",""tau"":10000.0,""w"":0.5}",d4ab4fc6428a0b1f4ceb9e0c3f60e249d31253158385f9207158cfb8c2c16199
10,49,0,dynamic_evidence_3step,0.29698386691581746,7237.825842175351,0.29720350127722156,0.8019751625679059,8768,8769,9024,9025,200002.64994910648,200000.0,1.0000132497455323,budget_exhausted,15.086451612903225,0.9337153609305509,459.0422707546968,4255,5,[],599794624,none,none,none,"[0,1,2,3,4]","[[334229.3632394197,5725072.168818314],[334218.0510657913,5725063.304285395],[334273.0122088742,5725004.039631271],[334295.95106640976,5724915.288878261],[334246.1550359129,5725011.764393869]]","[[334219.4232839077,5725073.804406926],[334219.4232839077,5725073.804406926],[334279.5143309487,5725013.713359885],[334309.55985446915,5724923.576789323],[334249.4688074282,5725013.713359885]]",0cd5dccbd897ccc017b296a3c5b82fdc6147ac4bfbf109a86c283b14a8a4a990,none,none,5.000000000121749,1.0,none,0.0,none,stationary,matched_prior_exact,1,0,revision_C_base@2ce3a901fecb,2ce3a901fecb5ddde502d0a5eeffb8f48d73c5fd,fab97b80b871eeeac68aa1d75a33173cb368895f3e96803690e3cbc0acb1147d,c4-attrition_20260827_075624_501873_327229d1,327229d1bf70f8e05e383a7a64e8207b7bcbbc0877cfd63b067cd569f1a2c3bf,evidence,revision_B_base,revision_B_base,0.5,0.8,10000.0,5,200000.0,xlarge,45.0,80.0,5.0,0.5,1.0,"{""p_d"":0.8,""stage"":""c4-attrition"",""tau"":10000.0,""w"":0.5}",d4ab4fc6428a0b1f4ceb9e0c3f60e249d31253158385f9207158cfb8c2c16199
10,49,0,online_static_3step,0.139257431679997,7899.412585377184,0.13940344419221504,0.8752811728949789,8939,8940,9024,9025,200000.07683936675,200000.0,1.0000003841968337,budget_exhausted,65.37513711151736,0.9847036649683167,393.52691051294096,4053,5,[],599794624,none,none,none,"[0,1,2,3,4]","[[334229.3632394197,5725072.168818314],[334218.0510657913,5725063.304285395],[334273.0122088742,5725004.039631271],[334295.95106640976,5724915.288878261],[334246.1550359129,5725011.764393869]]","[[334219.4232839077,5725073.804406926],[334219.4232839077,5725073.804406926],[334279.5143309487,5725013.713359885],[334309.55985446915,5724923.576789323],[334249.4688074282,5725013.713359885]]",0cd5dccbd897ccc017b296a3c5b82fdc6147ac4bfbf109a86c283b14a8a4a990,none,none,5.000000000121749,1.0,none,0.0,none,stationary,matched_prior_exact,1,0,revision_C_base@2ce3a901fecb,2ce3a901fecb5ddde502d0a5eeffb8f48d73c5fd,fab97b80b871eeeac68aa1d75a33173cb368895f3e96803690e3cbc0acb1147d,c4-attrition_20260827_075624_501873_327229d1,327229d1bf70f8e05e383a7a64e8207b7bcbbc0877cfd63b067cd569f1a2c3bf,evidence,revision_B_base,revision_B_base,0.5,0.8,10000.0,5,200000.0,xlarge,45.0,80.0,5.0,0.5,1.0,"{""p_d"":0.8,""stage"":""c4-attrition"",""tau"":10000.0,""w"":0.5}",d4ab4fc6428a0b1f4ceb9e0c3f60e249d31253158385f9207158cfb8c2c16199
10,49,0,pizza_repartition,0.20823380722319978,7750.919133137944,0.20863318812969606,0.8588276047798277,8011,8012,9024,9025,200018.27431597438,200000.0,1.0000913715798718,budget_exhausted,10.951886589818859,0.9086915307423267,0.0,0,5,[],599794624,none,none,none,"[0,1,2,3,4]","[[334229.3632394197,5725072.168818314],[334218.0510657913,5725063.304285395],[334273.0122088742,5725004.039631271],[334295.95106640976,5724915.288878261],[334246.1550359129,5725011.764393869]]","[[334219.4232839077,5725073.804406926],[334219.4232839077,5725073.804406926],[334279.5143309487,5725013.713359885],[334309.55985446915,5724923.576789323],[334249.4688074282,5725013.713359885]]",0cd5dccbd897ccc017b296a3c5b82fdc6147ac4bfbf109a86c283b14a8a4a990,"{""0"":1,""1"":2,""2"":0,""3"":4,""4"":3}",1857f2c34acf13f50e15d645acc088f7c229096aed22930214d37ca87deb9235,5.0000000008760175,1.0,none,0.0,none,stationary,matched_prior_exact,1,0,revision_C_base@2ce3a901fecb,2ce3a901fecb5ddde502d0a5eeffb8f48d73c5fd,fab97b80b871eeeac68aa1d75a33173cb368895f3e96803690e3cbc0acb1147d,c4-attrition_20260827_075624_501873_327229d1,327229d1bf70f8e05e383a7a64e8207b7bcbbc0877cfd63b067cd569f1a2c3bf,evidence,revision_B_base,revision_B_base,0.5,0.8,10000.0,5,200000.0,xlarge,45.0,80.0,5.0,0.5,1.0,"{""p_d"":0.8,""stage"":""c4-attrition"",""tau"":10000.0,""w"":0.5}",d4ab4fc6428a0b1f4ceb9e0c3f60e249d31253158385f9207158cfb8c2c16199
10,49,1,dynamic_evidence_3step,0.23576297780491315,7529.399415751928,0.2359158105968297,0.8342824837398258,8740,8741,9024,9025,160005.3467027102,160000.0,1.0000334168919387,budget_exhausted,18.076386196200076,0.9446792080482207,378.88371948106214,3564,4,[3],599794624,none,none,none,"[0,1,2,4]","[[334229.3632394197,5725072.168818314],[334218.0510657913,5725063.304285395],[334273.0122088742,5725004.039631271],[334246.1550359129,5725011.764393869]]","[[334219.4232839077,5725073.804406926],[334219.4232839077,5725073.804406926],[334279.5143309487,5725013.713359885],[334249.4688074282,5725013.713359885]]",1fd3841648da14c376a961676f20d6844c07c388c4e783b7bf5c3b4df42a81c4,none,none,5.000000000121749,0.7938578625610735,none,0.03230732117191992,none,stationary,matched_prior_exact,1,0,revision_C_base@2ce3a901fecb,2ce3a901fecb5ddde502d0a5eeffb8f48d73c5fd,fab97b80b871eeeac68aa1d75a33173cb368895f3e96803690e3cbc0acb1147d,c4-attrition_20260827_075624_501873_327229d1,327229d1bf70f8e05e383a7a64e8207b7bcbbc0877cfd63b067cd569f1a2c3bf,evidence,revision_B_base,revision_B_base,0.5,0.8,10000.0,5,200000.0,xlarge,45.0,80.0,5.0,0.5,1.0,"{""p_d"":0.8,""stage"":""c4-attrition"",""tau"":10000.0,""w"":0.5}",d4ab4fc6428a0b1f4ceb9e0c3f60e249d31253158385f9207158cfb8c2c16199
10,49,1,online_static_3step,0.13154071127191239,7995.23590351251,0.1316447191925321,0.8858987150706382,9024,9025,9024,9025,160010.67844440028,160000.0,1.0000667402775019,budget_exhausted,56.012412723041116,0.9821468144044321,406.545500964392,4225,4,[3],599794624,none,none,none,"[0,1,2,4]","[[334229.3632394197,5725072.168818314],[334218.0510657913,5725063.304285395],[334273.0122088742,5725004.039631271],[334246.1550359129,5725011.764393869]]","[[334219.4232839077,5725073.804406926],[334219.4232839077,5725073.804406926],[334279.5143309487,5725013.713359885],[334249.4688074282,5725013.713359885]]",1fd3841648da14c376a961676f20d6844c07c388c4e783b7bf5c3b4df42a81c4,none,none,5.000000000121749,0.9445866528271393,none,0.010617542175659356,none,stationary,matched_prior_exact,1,0,revision_C_base@2ce3a901fecb,2ce3a901fecb5ddde502d0a5eeffb8f48d73c5fd,fab97b80b871eeeac68aa1d75a33173cb368895f3e96803690e3cbc0acb1147d,c4-attrition_20260827_075624_501873_327229d1,327229d1bf70f8e05e383a7a64e8207b7bcbbc0877cfd63b067cd569f1a2c3bf,evidence,revision_B_base,revision_B_base,0.5,0.8,10000.0,5,200000.0,xlarge,45.0,80.0,5.0,0.5,1.0,"{""p_d"":0.8,""stage"":""c4-attrition"",""tau"":10000.0,""w"":0.5}",d4ab4fc6428a0b1f4ceb9e0c3f60e249d31253158385f9207158cfb8c2c16199
10,49,1,pizza_repartition,0.18746085538732798,7889.845259176285,0.18776209734485283,0.8742210813491729,8010,8011,9024,9025,160010.2229123681,160000.0,1.0000638932023007,budget_exhausted,10.943298508795428,0.9086198736883333,0.0,0,4,[3],599794624,none,none,none,"[0,1,2,4]","[[334229.3632394197,5725072.168818314],[334218.0510657913,5725063.304285395],[334273.0122088742,5725004.039631271],[334246.1550359129,5725011.764393869]]","[[334219.4232839077,5725073.804406926],[334219.4232839077,5725073.804406926],[334279.5143309487,5725013.713359885],[334249.4688074282,5725013.713359885]]",1fd3841648da14c376a961676f20d6844c07c388c4e783b7bf5c3b4df42a81c4,"{""0"":1,""1"":2,""2"":0,""4"":3}",a7b6d6bb7b75863d5da631053a664b73786df55ac646fac07fbe42315623017c,5.000000000905505,0.9002421743477711,none,0.0153934765693452,none,stationary,matched_prior_exact,1,0,revision_C_base@2ce3a901fecb,2ce3a901fecb5ddde502d0a5eeffb8f48d73c5fd,fab97b80b871eeeac68aa1d75a33173cb368895f3e96803690e3cbc0acb1147d,c4-attrition_20260827_075624_501873_327229d1,327229d1bf70f8e05e383a7a64e8207b7bcbbc0877cfd63b067cd569f1a2c3bf,evidence,revision_B_base,revision_B_base,0.5,0.8,10000.0,5,200000.0,xlarge,45.0,80.0,5.0,0.5,1.0,"{""p_d"":0.8,""stage"":""c4-attrition"",""tau"":10000.0,""w"":0.5}",d4ab4fc6428a0b1f4ceb9e0c3f60e249d31253158385f9207158cfb8c2c16199
10,49,2,dynamic_evidence_3step,0.2450378439473938,7577.757775212893,0.2453031975082756,0.83964075071611,8744,8745,9024,9025,120008.10849952277,120000.0,1.0000675708293565,budget_exhausted,12.360306242638398,0.9190958556875899,306.9011519723572,2824,3,"[3,1]",599794624,none,none,none,"[0,2,4]","[[334229.3632394197,5725072.168818314],[334273.0122088742,5725004.039631271],[334246.1550359129,5725011.764393869]]","[[334219.4232839077,5725073.804406926],[334279.5143309487,5725013.713359885],[334249.4688074282,5725013.713359885]]",2ab6185e93ac810eb64b55f865006dbc7d8622751f53c2e68bca30ce4bd03069,none,none,5.000000000121749,0.8250880645205277,none,0.03766558814820409,none,stationary,matched_prior_exact,1,0,revision_C_base@2ce3a901fecb,2ce3a901fecb5ddde502d0a5eeffb8f48d73c5fd,fab97b80b871eeeac68aa1d75a33173cb368895f3e96803690e3cbc0acb1147d,c4-attrition_20260827_075624_501873_327229d1,327229d1bf70f8e05e383a7a64e8207b7bcbbc0877cfd63b067cd569f1a2c3bf,evidence,revision_B_base,revision_B_base,0.5,0.8,10000.0,5,200000.0,xlarge,45.0,80.0,5.0,0.5,1.0,"{""p_d"":0.8,""stage"":""c4-attrition"",""tau"":10000.0,""w"":0.5}",d4ab4fc6428a0b1f4ceb9e0c3f60e249d31253158385f9207158cfb8c2c16199
10,49,2,online_static_3step,0.13428738395387918,8023.997481058719,0.13442500780951838,0.8890855934691102,8792,8793,9024,9025,120009.87091913716,120000.0,1.0000822576594763,budget_exhausted,39.71208129469326,0.9748187461498365,280.72539701592177,2925,3,"[3,1]",599794624,none,none,none,"[0,2,4]","[[334229.3632394197,5725072.168818314],[334273.0122088742,5725004.039631271],[334246.1550359129,5725011.764393869]]","[[334219.4232839077,5725073.804406926],[334279.5143309487,5725013.713359885],[334249.4688074282,5725013.713359885]]",2ab6185e93ac810eb64b55f865006dbc7d8622751f53c2e68bca30ce4bd03069,none,none,5.000000000121749,0.9643103591229616,none,0.013804420574131337,none,stationary,matched_prior_exact,1,0,revision_C_base@2ce3a901fecb,2ce3a901fecb5ddde502d0a5eeffb8f48d73c5fd,fab97b80b871eeeac68aa1d75a33173cb368895f3e96803690e3cbc0acb1147d,c4-attrition_20260827_075624_501873_327229d1,327229d1bf70f8e05e383a7a64e8207b7bcbbc0877cfd63b067cd569f1a2c3bf,evidence,revision_B_base,revision_B_base,0.5,0.8,10000.0,5,200000.0,xlarge,45.0,80.0,5.0,0.5,1.0,"{""p_d"":0.8,""stage"":""c4-attrition"",""tau"":10000.0,""w"":0.5}",d4ab4fc6428a0b1f4ceb9e0c3f60e249d31253158385f9207158cfb8c2c16199
10,49,2,pizza_repartition,0.1619441449425923,8055.817994755034,0.16225673800840568,0.8926114121612226,8010,8011,9024,9025,120010.9697268636,120000.0,1.00009141439053,budget_exhausted,10.856787196206284,0.9078917195365649,0.0,0,3,"[3,1]",599794624,none,none,none,"[0,2,4]","[[334229.3632394197,5725072.168818314],[334273.0122088742,5725004.039631271],[334246.1550359129,5725011.764393869]]","[[334219.4232839077,5725073.804406926],[334279.5143309487,5725013.713359885],[334249.4688074282,5725013.713359885]]",2ab6185e93ac810eb64b55f865006dbc7d8622751f53c2e68bca30ce4bd03069,"{""0"":1,""2"":0,""4"":2}",547dfc605eb48f57942cd0a283509a04b7be4dbc428bf8620e285b2e5f79f359,5.000000000914898,0.7777034243484251,none,0.03378380738139497,none,stationary,matched_prior_exact,1,0,revision_C_base@2ce3a901fecb,2ce3a901fecb5ddde502d0a5eeffb8f48d73c5fd,fab97b80b871eeeac68aa1d75a33173cb368895f3e96803690e3cbc0acb1147d,c4-attrition_20260827_075624_501873_327229d1,327229d1bf70f8e05e383a7a64e8207b7bcbbc0877cfd63b067cd569f1a2c3bf,evidence,revision_B_base,revision_B_base,0.5,0.8,10000.0,5,200000.0,xlarge,45.0,80.0,5.0,0.5,1.0,"{""p_d"":0.8,""stage"":""c4-attrition"",""tau"":10000.0,""w"":0.5}",d4ab4fc6428a0b1f4ceb9e0c3f60e249d31253158385f9207158cfb8c2c16199
10,49,3,dynamic_evidence_3step,0.19844907190708447,7921.6999262021545,0.19870846576237444,0.877750684343729,8754,8755,9024,9025,80008.60712710519,80000.0,1.000107589088815,budget_exhausted,12.11572392319668,0.9174626290315673,210.88854687055573,1958,2,"[3,1,0]",599794624,none,none,none,"[2,4]","[[334273.0122088742,5725004.039631271],[334246.1550359129,5725011.764393869]]","[[334279.5143309487,5725013.713359885],[334249.4688074282,5725013.713359885]]",9723a68d6b3178f379f8f416f3bc31fb45fef62882c142a29c2a7ad542819876,none,none,5.000000000121749,0.668214990827554,none,0.07577552177582314,none,stationary,matched_prior_exact,1,0,revision_C_base@2ce3a901fecb,2ce3a901fecb5ddde502d0a5eeffb8f48d73c5fd,fab97b80b871eeeac68aa1d75a33173cb368895f3e96803690e3cbc0acb1147d,c4-attrition_20260827_075624_501873_327229d1,327229d1bf70f8e05e383a7a64e8207b7bcbbc0877cfd63b067cd569f1a2c3bf,evidence,revision_B_base,revision_B_base,0.5,0.8,10000.0,5,200000.0,xlarge,45.0,80.0,5.0,0.5,1.0,"{""p_d"":0.8,""stage"":""c4-attrition"",""tau"":10000.0,""w"":0.5}",d4ab4fc6428a0b1f4ceb9e0c3f60e249d31253158385f9207158cfb8c2c16199
10,49,3,online_static_3step,0.13470786653823258,8111.980306005333,0.13481060930258432,0.898834382936879,8757,8758,9024,9025,80004.18159110166,80000.0,1.0000522698887708,budget_exhausted,26.51892505677517,0.9622910808843469,193.32742149638943,2004,2,"[3,1,0]",599794624,none,none,none,"[2,4]","[[334273.0122088742,5725004.039631271],[334246.1550359129,5725011.764393869]]","[[334279.5143309487,5725013.713359885],[334249.4688074282,5725013.713359885]]",9723a68d6b3178f379f8f416f3bc31fb45fef62882c142a29c2a7ad542819876,none,none,5.000000000121749,0.9673298215622778,none,0.02355321004190014,none,stationary,matched_prior_exact,1,0,revision_C_base@2ce3a901fecb,2ce3a901fecb5ddde502d0a5eeffb8f48d73c5fd,fab97b80b871eeeac68aa1d75a33173cb368895f3e96803690e3cbc0acb1147d,c4-attrition_20260827_075624_501873_327229d1,327229d1bf70f8e05e383a7a64e8207b7bcbbc0877cfd63b067cd569f1a2c3bf,evidence,revision_B_base,revision_B_base,0.5,0.8,10000.0,5,200000.0,xlarge,45.0,80.0,5.0,0.5,1.0,"{""p_d"":0.8,""stage"":""c4-attrition"",""tau"":10000.0,""w"":0.5}",d4ab4fc6428a0b1f4ceb9e0c3f60e249d31253158385f9207158cfb8c2c16199
10,49,3,pizza_repartition,0.13876868893935917,8270.932898973744,0.13903311315622918,0.9164468586120492,8007,8008,9024,9025,80004.06273280724,80000.0,1.0000507841600905,budget_exhausted,10.777015135515663,0.9072099289621949,0.0,0,2,"[3,1,0]",599794624,none,none,none,"[2,4]","[[334273.0122088742,5725004.039631271],[334246.1550359129,5725011.764393869]]","[[334279.5143309487,5725013.713359885],[334249.4688074282,5725013.713359885]]",9723a68d6b3178f379f8f416f3bc31fb45fef62882c142a29c2a7ad542819876,"{""2"":0,""4"":1}",666aa16649c90e48e640c78dd66fabcbd5ca468c4c0fde73182f11e86310ebf9,5.0000000009128875,0.6664080669217033,none,0.05761925383222155,none,stationary,matched_prior_exact,1,0,revision_C_base@2ce3a901fecb,2ce3a901fecb5ddde502d0a5eeffb8f48d73c5fd,fab97b80b871eeeac68aa1d75a33173cb368895f3e96803690e3cbc0acb1147d,c4-attrition_20260827_075624_501873_327229d1,327229d1bf70f8e05e383a7a64e8207b7bcbbc0877cfd63b067cd569f1a2c3bf,evidence,revision_B_base,revision_B_base,0.5,0.8,10000.0,5,200000.0,xlarge,45.0,80.0,5.0,0.5,1.0,"{""p_d"":0.8,""stage"":""c4-attrition"",""tau"":10000.0,""w"":0.5}",d4ab4fc6428a0b1f4ceb9e0c3f60e249d31253158385f9207158cfb8c2c16199
10,50,0,dynamic_evidence_3step,0.2902199284247654,7258.118632974308,0.2904290952233778,0.8013822052527667,8759,8760,9056,9057,200006.33843520214,200000.0,1.0000316921760106,budget_exhausted,15.04913245146882,0.9335509868608806,460.6998979181517,4224,5,[],1678786266,none,none,none,"[0,1,2,3,4]","[[334300.7860474235,5724924.920300336],[334185.28645410074,5724984.462749872],[334286.16062007094,5725093.869833569],[334347.9162294534,5725043.326808645],[334237.3473894879,5725043.405227825]]","[[334309.55985446915,5724923.576789323],[334189.3777603872,5724983.667836364],[334279.5143309487,5725103.849930447],[334339.60537798965,5725043.7588834055],[334249.4688074282,5725043.7588834055]]",6b35575434fe69a5180e3cd097f178baeb7758b3aaea7a7216e176426fef5009,none,none,5.000000000121749,1.0,none,0.0,none,stationary,matched_prior_exact,1,0,revision_C_base@2ce3a901fecb,2ce3a901fecb5ddde502d0a5eeffb8f48d73c5fd,fab97b80b871eeeac68aa1d75a33173cb368895f3e96803690e3cbc0acb1147d,c4-attrition_20260827_075624_501873_327229d1,327229d1bf70f8e05e383a7a64e8207b7bcbbc0877cfd63b067cd569f1a2c3bf,evidence,revision_B_base,revision_B_base,0.5,0.8,10000.0,5,200000.0,xlarge,45.0,80.0,5.0,0.5,1.0,"{""p_d"":0.8,""stage"":""c4-attrition"",""tau"":10000.0,""w"":0.5}",d4ab4fc6428a0b1f4ceb9e0c3f60e249d31253158385f9207158cfb8c2c16199
10,50,0,online_static_3step,0.14287408821257447,7879.373828798906,0.143008235063302,0.8699761321407647,9056,9057,9056,9057,200002.90150163308,200000.0,1.0000145075081655,budget_exhausted,63.759943681802184,0.9843161718430844,428.1744943961967,4417,5,[],1678786266,none,none,none,"[0,1,2,3,4]","[[334300.7860474235,5724924.920300336],[334185.28645410074,5724984.462749872],[334286.16062007094,5725093.869833569],[334347.9162294534,5725043.326808645],[334237.3473894879,5725043.405227825]]","[[334309.55985446915,5724923.576789323],[334189.3777603872,5724983.667836364],[334279.5143309487,5725103.849930447],[334339.60537798965,5725043.7588834055],[334249.4688074282,5725043.7588834055]]",6b35575434fe69a5180e3cd097f178baeb7758b3aaea7a7216e176426fef5009,none,none,5.000000000121749,1.0,none,0.0,none,stationary,matched_prior_exact,1,0,revision_C_base@2ce3a901fecb,2ce3a901fecb5ddde502d0a5eeffb8f48d73c5fd,fab97b80b871eeeac68aa1d75a33173cb368895f3e96803690e3cbc0acb1147d,c4-attrition_20260827_075624_501873_327229d1,327229d1bf70f8e05e383a7a64e8207b7bcbbc0877cfd63b067cd569f1a2c3bf,evidence,revision_B_base,revision_B_base,0.5,0.8,10000.0,5,200000.0,xlarge,45.0,80.0,5.0,0.5,1.0,"{""p_d"":0.8,""stage"":""c4-attrition"",""tau"":10000.0,""w"":0.5}",d4ab4fc6428a0b1f4ceb9e0c3f60e249d31253158385f9207158cfb8c2c16199
10,50,0,pizza_repartition,0.20808438863010276,7777.124571687319,0.20849870441052662,0.85868660391822,8012,8013,9056,9057,200018.20710980412,200000.0,1.0000910355490207,budget_exhausted,10.957754546756409,0.9087404270890509,0.0,0,5,[],1678786266,none,none,none,"[0,1,2,3,4]","[[334300.7860474235,5724924.920300336],[334185.28645410074,5724984.462749872],[334286.16062007094,5725093.869833569],[334347.9162294534,5725043.326808645],[334237.3473894879,5725043.405227825]]","[[334309.55985446915,5724923.576789323],[334189.3777603872,5724983.667836364],[334279.5143309487,5725103.849930447],[334339.60537798965,5725043.7588834055],[334249.4688074282,5725043.7588834055]]",6b35575434fe69a5180e3cd097f178baeb7758b3aaea7a7216e176426fef5009,"{""0"":4,""1"":3,""2"":1,""3"":0,""4"":2}",411a3c6603f6ee07acaa9879b3f9db4904e22b2421d12f43dd8b99994a2262a3,5.000000000889608,1.0,none,0.0,none,stationary,matched_prior_exact,1,0,revision_C_base@2ce3a901fecb,2ce3a901fecb5ddde502d0a5eeffb8f48d73c5fd,fab97b80b871eeeac68aa1d75a33173cb368895f3e96803690e3cbc0acb1147d,c4-attrition_20260827_075624_501873_327229d1,327229d1bf70f8e05e383a7a64e8207b7bcbbc0877cfd63b067cd569f1a2c3bf,evidence,revision_B_base,revision_B_base,0.5,0.8,10000.0,5,200000.0,xlarge,45.0,80.0,5.0,0.5,1.0,"{""p_d"":0.8,""stage"":""c4-attrition"",""tau"":10000.0,""w"":0.5}",d4ab4fc6428a0b1f4ceb9e0c3f60e249d31253158385f9207158cfb8c2c16199
10,50,1,dynamic_evidence_3step,0.26599221467566897,7450.0563931871175,0.2662048741416403,0.8225744057841579,8747,8748,9056,9057,160000.24481857452,160000.0,1.0000015301160907,budget_exhausted,14.148185585767715,0.9293195587562871,383.2778491356876,3551,4,[0],1678786266,none,none,none,"[1,2,3,4]","[[334185.28645410074,5724984.462749872],[334286.16062007094,5725093.869833569],[334347.9162294534,5725043.326808645],[334237.3473894879,5725043.405227825]]","[[334189.3777603872,5724983.667836364],[334279.5143309487,5725103.849930447],[334339.60537798965,5725043.7588834055],[334249.4688074282,5725043.7588834055]]",3de027417bb9d18fa8635c31a55dabdbf08ef100055ba9b1f5d91d0776354a01,none,none,5.000000000121749,0.9165194689399937,none,0.021192200531391148,none,stationary,matched_prior_exact,1,0,revision_C_base@2ce3a901fecb,2ce3a901fecb5ddde502d0a5eeffb8f48d73c5fd,fab97b80b871eeeac68aa1d75a33173cb368895f3e96803690e3cbc0acb1147d,c4-attrition_20260827_075624_501873_327229d1,327229d1bf70f8e05e383a7a64e8207b7bcbbc0877cfd63b067cd569f1a2c3bf,evidence,revision_B_base,revision_B_base,0.5,0.8,10000.0,5,200000.0,xlarge,45.0,80.0,5.0,0.5,1.0,"{""p_d"":0.8,""stage"":""c4-attrition"",""tau"":10000.0,""w"":0.5}",d4ab4fc6428a0b1f4ceb9e0c3f60e249d31253158385f9207158cfb8c2c16199
10,50,1,online_static_3step,0.14158933889412834,7915.648570730948,0.14172560406242582,0.8739812930033066,8867,8868,9056,9057,160009.37990153744,160000.0,1.000058624384609,budget_exhausted,50.80021482277122,0.9803150438735596,302.32274454506114,3087,4,[0],1678786266,none,none,none,"[1,2,3,4]","[[334185.28645410074,5724984.462749872],[334286.16062007094,5725093.869833569],[334347.9162294534,5725043.326808645],[334237.3473894879,5725043.405227825]]","[[334189.3777603872,5724983.667836364],[334279.5143309487,5725103.849930447],[334339.60537798965,5725043.7588834055],[334249.4688074282,5725043.7588834055]]",3de027417bb9d18fa8635c31a55dabdbf08ef100055ba9b1f5d91d0776354a01,none,none,5.000000000121749,0.9910078214005144,none,0.004005160862541879,none,stationary,matched_prior_exact,1,0,revision_C_base@2ce3a901fecb,2ce3a901fecb5ddde502d0a5eeffb8f48d73c5fd,fab97b80b871eeeac68aa1d75a33173cb368895f3e96803690e3cbc0acb1147d,c4-attrition_20260827_075624_501873_327229d1,327229d1bf70f8e05e383a7a64e8207b7bcbbc0877cfd63b067cd569f1a2c3bf,evidence,revision_B_base,revision_B_base,0.5,0.8,10000.0,5,200000.0,xlarge,45.0,80.0,5.0,0.5,1.0,"{""p_d"":0.8,""stage"":""c4-attrition"",""tau"":10000.0,""w"":0.5}",d4ab4fc6428a0b1f4ceb9e0c3f60e249d31253158385f9207158cfb8c2c16199
10,50,1,pizza_repartition,0.1875618779991353,7916.350907464631,0.18792273008433003,0.8740588392916673,8011,8012,9056,9057,160014.61475915895,160000.0,1.0000913422447435,budget_exhausted,10.93611135897207,0.9085598191920757,0.0,0,4,[0],1678786266,none,none,none,"[1,2,3,4]","[[334185.28645410074,5724984.462749872],[334286.16062007094,5725093.869833569],[334347.9162294534,5725043.326808645],[334237.3473894879,5725043.405227825]]","[[334189.3777603872,5724983.667836364],[334279.5143309487,5725103.849930447],[334339.60537798965,5725043.7588834055],[334249.4688074282,5725043.7588834055]]",3de027417bb9d18fa8635c31a55dabdbf08ef100055ba9b1f5d91d0776354a01,"{""1"":2,""2"":1,""3"":0,""4"":3}",ae49165f6e2674c1a6bb38bb78716279dc3414e31bd0afbd0c8781737a40ab7b,5.000000000885739,0.901374097470383,none,0.01537223537344723,none,stationary,matched_prior_exact,1,0,revision_C_base@2ce3a901fecb,2ce3a901fecb5ddde502d0a5eeffb8f48d73c5fd,fab97b80b871eeeac68aa1d75a33173cb368895f3e96803690e3cbc0acb1147d,c4-attrition_20260827_075624_501873_327229d1,327229d1bf70f8e05e383a7a64e8207b7bcbbc0877cfd63b067cd569f1a2c3bf,evidence,revision_B_base,revision_B_base,0.5,0.8,10000.0,5,200000.0,xlarge,45.0,80.0,5.0,0.5,1.0,"{""p_d"":0.8,""stage"":""c4-attrition"",""tau"":10000.0,""w"":0.5}",d4ab4fc6428a0b1f4ceb9e0c3f60e249d31253158385f9207158cfb8c2c16199
10,50,2,dynamic_evidence_3step,0.2221483562238084,7682.640751770849,0.2223690825926761,0.8482544718748868,8752,8753,9056,9057,120000.18740852183,120000.0,1.0000015617376818,budget_exhausted,13.971135940409683,0.9284238587137621,301.81010296801105,2782,3,"[0,4]",1678786266,none,none,none,"[1,2,3]","[[334185.28645410074,5724984.462749872],[334286.16062007094,5725093.869833569],[334347.9162294534,5725043.326808645]]","[[334189.3777603872,5724983.667836364],[334279.5143309487,5725103.849930447],[334339.60537798965,5725043.7588834055]]",f0596e14aa4df72e7aee996baac1536b4bd9e0eb9691adfbe3f6ef3ae37a490c,none,none,5.000000000121749,0.7654483185547218,none,0.04687226662212007,none,stationary,matched_prior_exact,1,0,revision_C_base@2ce3a901fecb,2ce3a901fecb5ddde502d0a5eeffb8f48d73c5fd,fab97b80b871eeeac68aa1d75a33173cb368895f3e96803690e3cbc0acb1147d,c4-attrition_20260827_075624_501873_327229d1,327229d1bf70f8e05e383a7a64e8207b7bcbbc0877cfd63b067cd569f1a2c3bf,evidence,revision_B_base,revision_B_base,0.5,0.8,10000.0,5,200000.0,xlarge,45.0,80.0,5.0,0.5,1.0,"{""p_d"":0.8,""stage"":""c4-attrition"",""tau"":10000.0,""w"":0.5}",d4ab4fc6428a0b1f4ceb9e0c3f60e249d31253158385f9207158cfb8c2c16199
10,50,2,online_static_3step,0.11819784884141649,8095.965319006908,0.1182921358565577,0.8938903962688427,8977,8978,9056,9057,120005.28825240988,120000.0,1.0000440687700825,budget_exhausted,55.22193746796515,0.9818912547105014,222.23223468801007,2306,3,"[0,4]",1678786266,none,none,none,"[1,2,3]","[[334185.28645410074,5724984.462749872],[334286.16062007094,5725093.869833569],[334347.9162294534,5725043.326808645]]","[[334189.3777603872,5724983.667836364],[334279.5143309487,5725103.849930447],[334339.60537798965,5725043.7588834055]]",f0596e14aa4df72e7aee996baac1536b4bd9e0eb9691adfbe3f6ef3ae37a490c,none,none,5.000000000121749,0.8272868112064969,none,0.023914264128077956,none,stationary,matched_prior_exact,1,0,revision_C_base@2ce3a901fecb,2ce3a901fecb5ddde502d0a5eeffb8f48d73c5fd,fab97b80b871eeeac68aa1d75a33173cb368895f3e96803690e3cbc0acb1147d,c4-attrition_20260827_075624_501873_327229d1,327229d1bf70f8e05e383a7a64e8207b7bcbbc0877cfd63b067cd569f1a2c3bf,evidence,revision_B_base,revision_B_base,0.5,0.8,10000.0,5,200000.0,xlarge,45.0,80.0,5.0,0.5,1.0,"{""p_d"":0.8,""stage"":""c4-attrition"",""tau"":10000.0,""w"":0.5}",d4ab4fc6428a0b1f4ceb9e0c3f60e249d31253158385f9207158cfb8c2c16199
10,50,2,pizza_repartition,0.16177417995387544,8084.903555307871,0.16207068690467105,0.8926690466277875,8010,8011,9056,9057,120011.62537101336,120000.0,1.000096878091778,budget_exhausted,10.875980042765503,0.9080542630578675,0.0,0,3,"[0,4]",1678786266,none,none,none,"[1,2,3]","[[334185.28645410074,5724984.462749872],[334286.16062007094,5725093.869833569],[334347.9162294534,5725043.326808645]]","[[334189.3777603872,5724983.667836364],[334279.5143309487,5725103.849930447],[334339.60537798965,5725043.7588834055]]",f0596e14aa4df72e7aee996baac1536b4bd9e0eb9691adfbe3f6ef3ae37a490c,"{""1"":2,""2"":1,""3"":0}",d63205ddb5ec5b0e6c0104791d106f030e272ec42fbaea702e7fc64fd437ea29,5.000000000901098,0.7774450597610676,none,0.033982442709567406,none,stationary,matched_prior_exact,1,0,revision_C_base@2ce3a901fecb,2ce3a901fecb5ddde502d0a5eeffb8f48d73c5fd,fab97b80b871eeeac68aa1d75a33173cb368895f3e96803690e3cbc0acb1147d,c4-attrition_20260827_075624_501873_327229d1,327229d1bf70f8e05e383a7a64e8207b7bcbbc0877cfd63b067cd569f1a2c3bf,evidence,revision_B_base,revision_B_base,0.5,0.8,10000.0,5,200000.0,xlarge,45.0,80.0,5.0,0.5,1.0,"{""p_d"":0.8,""stage"":""c4-attrition"",""tau"":10000.0,""w"":0.5}",d4ab4fc6428a0b1f4ceb9e0c3f60e249d31253158385f9207158cfb8c2c16199
10,50,3,dynamic_evidence_3step,0.18514449240447117,7988.32683798458,0.1854272999936063,0.882005833938896,8747,8748,9056,9057,80007.52214909528,80000.0,1.000094026863691,budget_exhausted,11.512255305148873,0.9131360473257791,217.62540474161506,2018,2,"[0,4,2]",1678786266,none,none,none,"[1,3]","[[334185.28645410074,5724984.462749872],[334347.9162294534,5725043.326808645]]","[[334189.3777603872,5724983.667836364],[334339.60537798965,5725043.7588834055]]",8979a5324d5bb9d1ad94536ed8090eb0915fceedef83f3079ce0c3d61edf18b9,none,none,5.000000000121749,0.6379454829631617,none,0.08062362868612927,none,stationary,matched_prior_exact,1,0,revision_C_base@2ce3a901fecb,2ce3a901fecb5ddde502d0a5eeffb8f48d73c5fd,fab97b80b871eeeac68aa1d75a33173cb368895f3e96803690e3cbc0acb1147d,c4-attrition_20260827_075624_501873_327229d1,327229d1bf70f8e05e383a7a64e8207b7bcbbc0877cfd63b067cd569f1a2c3bf,evidence,revision_B_base,revision_B_base,0.5,0.8,10000.0,5,200000.0,xlarge,45.0,80.0,5.0,0.5,1.0,"{""p_d"":0.8,""stage"":""c4-attrition"",""tau"":10000.0,""w"":0.5}",d4ab4fc6428a0b1f4ceb9e0c3f60e249d31253158385f9207158cfb8c2c16199
10,50,3,online_static_3step,0.120486653696109,8129.452141810588,0.1205984876061178,0.8975877378613877,8845,8846,9056,9057,80001.15212019753,80000.0,1.000014401502469,budget_exhausted,35.92233502538071,0.972162165981319,194.32114360644482,2079,2,"[0,4,2]",1678786266,none,none,none,"[1,3]","[[334185.28645410074,5724984.462749872],[334347.9162294534,5725043.326808645]]","[[334189.3777603872,5724983.667836364],[334339.60537798965,5725043.7588834055]]",8979a5324d5bb9d1ad94536ed8090eb0915fceedef83f3079ce0c3d61edf18b9,none,none,5.000000000121749,0.8433065449687669,none,0.027611605720622934,none,stationary,matched_prior_exact,1,0,revision_C_base@2ce3a901fecb,2ce3a901fecb5ddde502d0a5eeffb8f48d73c5fd,fab97b80b871eeeac68aa1d75a33173cb368895f3e96803690e3cbc0acb1147d,c4-attrition_20260827_075624_501873_327229d1,327229d1bf70f8e05e383a7a64e8207b7bcbbc0877cfd63b067cd569f1a2c3bf,evidence,revision_B_base,revision_B_base,0.5,0.8,10000.0,5,200000.0,xlarge,45.0,80.0,5.0,0.5,1.0,"{""p_d"":0.8,""stage"":""c4-attrition"",""tau"":10000.0,""w"":0.5}",d4ab4fc6428a0b1f4ceb9e0c3f60e249d31253158385f9207158cfb8c2c16199
10,50,3,pizza_repartition,0.13871685395126188,8300.092503985683,0.1390000368258544,0.9164284535702422,8008,8009,9056,9057,80005.56463590001,80000.0,1.0000695579487502,budget_exhausted,10.787072912997534,0.9072964456562556,0.0,0,2,"[0,4,2]",1678786266,none,none,none,"[1,3]","[[334185.28645410074,5724984.462749872],[334347.9162294534,5725043.326808645]]","[[334189.3777603872,5724983.667836364],[334339.60537798965,5725043.7588834055]]",8979a5324d5bb9d1ad94536ed8090eb0915fceedef83f3079ce0c3d61edf18b9,"{""1"":1,""3"":0}",f0f60cf051fd647d0cf03abd7e1b6cfe6137da639a116a7f38bfe966cb551dd0,5.0000000008764545,0.66663748714878,none,0.057741849652022115,none,stationary,matched_prior_exact,1,0,revision_C_base@2ce3a901fecb,2ce3a901fecb5ddde502d0a5eeffb8f48d73c5fd,fab97b80b871eeeac68aa1d75a33173cb368895f3e96803690e3cbc0acb1147d,c4-attrition_20260827_075624_501873_327229d1,327229d1bf70f8e05e383a7a64e8207b7bcbbc0877cfd63b067cd569f1a2c3bf,evidence,revision_B_base,revision_B_base,0.5,0.8,10000.0,5,200000.0,xlarge,45.0,80.0,5.0,0.5,1.0,"{""p_d"":0.8,""stage"":""c4-attrition"",""tau"":10000.0,""w"":0.5}",d4ab4fc6428a0b1f4ceb9e0c3f60e249d31253158385f9207158cfb8c2c16199
10,47,0,dynamic_evidence_3step,0.2923187274610215,7413.212602288219,0.2925709319425003,0.8038617005300607,8743,8744,9221,9222,200007.3464511977,200000.0,1.0000367322559884,budget_exhausted,13.443957564575646,0.9256171409946305,447.89217718085274,4194,5,[],2875081238,none,none,none,"[0,1,2,3,4]","[[334275.04454964265,5724927.014402416],[334248.07564489753,5725020.703303794],[334334.9252106965,5725002.002782855],[334307.9504744421,5725101.855164014],[334237.32192149584,5725010.22034794]]","[[334279.5143309487,5724923.576789323],[334249.4688074282,5725013.713359885],[334339.60537798965,5725013.713359885],[334309.55985446915,5725103.849930447],[334249.4688074282,5725013.713359885]]",86acef197abba91ad432c41bbaaa79eac06cb00f3811ca9fda24e1da389d2362,none,none,5.000000000121749,1.0,none,0.0,none,stationary,matched_prior_exact,1,0,revision_C_base@2ce3a901fecb,2ce3a901fecb5ddde502d0a5eeffb8f48d73c5fd,fab97b80b871eeeac68aa1d75a33173cb368895f3e96803690e3cbc0acb1147d,c4-attrition_20260827_075624_501873_327229d1,327229d1bf70f8e05e383a7a64e8207b7bcbbc0877cfd63b067cd569f1a2c3bf,evidence,revision_B_base,revision_B_base,0.5,0.8,10000.0,5,200000.0,xlarge,45.0,80.0,5.0,0.5,1.0,"{""p_d"":0.8,""stage"":""c4-attrition"",""tau"":10000.0,""w"":0.5}",d4ab4fc6428a0b1f4ceb9e0c3f60e249d31253158385f9207158cfb8c2c16199
10,47,0,online_static_3step,0.1121133654866952,8277.861436564515,0.11216205302869511,0.8976210623036777,9221,9222,9221,9222,200022.52002154518,200000.0,1.0001126001077258,budget_exhausted,99.96910569105691,0.9899969096143524,395.0637119116727,4061,5,[],2875081238,none,none,none,"[0,1,2,3,4]","[[334275.04454964265,5724927.014402416],[334248.07564489753,5725020.703303794],[334334.9252106965,5725002.002782855],[334307.9504744421,5725101.855164014],[334237.32192149584,5725010.22034794]]","[[334279.5143309487,5724923.576789323],[334249.4688074282,5725013.713359885],[334339.60537798965,5725013.713359885],[334309.55985446915,5725103.849930447],[334249.4688074282,5725013.713359885]]",86acef197abba91ad432c41bbaaa79eac06cb00f3811ca9fda24e1da389d2362,none,none,5.000000000121749,1.0,none,0.0,none,stationary,matched_prior_exact,1,0,revision_C_base@2ce3a901fecb,2ce3a901fecb5ddde502d0a5eeffb8f48d73c5fd,fab97b80b871eeeac68aa1d75a33173cb368895f3e96803690e3cbc0acb1147d,c4-attrition_20260827_075624_501873_327229d1,327229d1bf70f8e05e383a7a64e8207b7bcbbc0877cfd63b067cd569f1a2c3bf,evidence,revision_B_base,revision_B_base,0.5,0.8,10000.0,5,200000.0,xlarge,45.0,80.0,5.0,0.5,1.0,"{""p_d"":0.8,""stage"":""c4-attrition"",""tau"":10000.0,""w"":0.5}",d4ab4fc6428a0b1f4ceb9e0c3f60e249d31253158385f9207158cfb8c2c16199
10,47,0,pizza_repartition,0.2080925405072097,7907.39118413914,0.20849079306625656,0.8574486211384884,8011,8012,9221,9222,200018.85613937967,200000.0,1.0000942806968984,budget_exhausted,10.952820733104238,0.908699318251639,0.0,0,5,[],2875081238,none,none,none,"[0,1,2,3,4]","[[334275.04454964265,5724927.014402416],[334248.07564489753,5725020.703303794],[334334.9252106965,5725002.002782855],[334307.9504744421,5725101.855164014],[334237.32192149584,5725010.22034794]]","[[334279.5143309487,5724923.576789323],[334249.4688074282,5725013.713359885],[334339.60537798965,5725013.713359885],[334309.55985446915,5725103.849930447],[334249.4688074282,5725013.713359885]]",86acef197abba91ad432c41bbaaa79eac06cb00f3811ca9fda24e1da389d2362,"{""0"":4,""1"":2,""2"":0,""3"":1,""4"":3}",1fab15a6b9da3b8b758550f8d4e3533cff416828c946835dd23bd72df7c832b8,5.000000000891834,1.0,none,0.0,none,stationary,matched_prior_exact,1,0,revision_C_base@2ce3a901fecb,2ce3a901fecb5ddde502d0a5eeffb8f48d73c5fd,fab97b80b871eeeac68aa1d75a33173cb368895f3e96803690e3cbc0acb1147d,c4-attrition_20260827_075624_501873_327229d1,327229d1bf70f8e05e383a7a64e8207b7bcbbc0877cfd63b067cd569f1a2c3bf,evidence,revision_B_base,revision_B_base,0.5,0.8,10000.0,5,200000.0,xlarge,45.0,80.0,5.0,0.5,1.0,"{""p_d"":0.8,""stage"":""c4-attrition"",""tau"":10000.0,""w"":0.5}",d4ab4fc6428a0b1f4ceb9e0c3f60e249d31253158385f9207158cfb8c2c16199
10,47,1,dynamic_evidence_3step,0.2626631503728527,7608.4149031099705,0.2628828653357147,0.825028725125783,8773,8774,9221,9222,160008.62440435504,160000.0,1.000053902527219,budget_exhausted,13.177884164085235,0.9241152837930249,397.4152536657639,3617,4,[4],2875081238,none,none,none,"[0,1,2,3]","[[334275.04454964265,5724927.014402416],[334248.07564489753,5725020.703303794],[334334.9252106965,5725002.002782855],[334307.9504744421,5725101.855164014]]","[[334279.5143309487,5724923.576789323],[334249.4688074282,5725013.713359885],[334339.60537798965,5725013.713359885],[334309.55985446915,5725103.849930447]]",b13c6758b66d7a146b41c565a02d43dc31e15f2388508541ab835d1ec7174a4a,none,none,5.000000000121749,0.898550539865349,none,0.021167024595722284,none,stationary,matched_prior_exact,1,0,revision_C_base@2ce3a901fecb,2ce3a901fecb5ddde502d0a5eeffb8f48d73c5fd,fab97b80b871eeeac68aa1d75a33173cb368895f3e96803690e3cbc0acb1147d,c4-attrition_20260827_075624_501873_327229d1,327229d1bf70f8e05e383a7a64e8207b7bcbbc0877cfd63b067cd569f1a2c3bf,evidence,revision_B_base,revision_B_base,0.5,0.8,10000.0,5,200000.0,xlarge,45.0,80.0,5.0,0.5,1.0,"{""p_d"":0.8,""stage"":""c4-attrition"",""tau"":10000.0,""w"":0.5}",d4ab4fc6428a0b1f4ceb9e0c3f60e249d31253158385f9207158cfb8c2c16199
10,47,1,online_static_3step,0.11855560225578474,8226.176634609157,0.11863638592346079,0.8920165511395747,9201,9202,9221,9222,160003.76108102407,160000.0,1.0000235067564005,budget_exhausted,74.3966649823143,0.9865585372645707,476.3356410553679,4898,4,[4],2875081238,none,none,none,"[0,1,2,3]","[[334275.04454964265,5724927.014402416],[334248.07564489753,5725020.703303794],[334334.9252106965,5725002.002782855],[334307.9504744421,5725101.855164014]]","[[334279.5143309487,5724923.576789323],[334249.4688074282,5725013.713359885],[334339.60537798965,5725013.713359885],[334309.55985446915,5725103.849930447]]",b13c6758b66d7a146b41c565a02d43dc31e15f2388508541ab835d1ec7174a4a,none,none,5.000000000121749,1.0574618087783125,none,-0.005604511164102988,none,stationary,matched_prior_exact,1,0,revision_C_base@2ce3a901fecb,2ce3a901fecb5ddde502d0a5eeffb8f48d73c5fd,fab97b80b871eeeac68aa1d75a33173cb368895f3e96803690e3cbc0acb1147d,c4-attrition_20260827_075624_501873_327229d1,327229d1bf70f8e05e383a7a64e8207b7bcbbc0877cfd63b067cd569f1a2c3bf,evidence,revision_B_base,revision_B_base,0.5,0.8,10000.0,5,200000.0,xlarge,45.0,80.0,5.0,0.5,1.0,"{""p_d"":0.8,""stage"":""c4-attrition"",""tau"":10000.0,""w"":0.5}",d4ab4fc6428a0b1f4ceb9e0c3f60e249d31253158385f9207158cfb8c2c16199
10,47,1,pizza_repartition,0.18738445798679404,8051.437521918861,0.18769645480828348,0.8730684799304773,8010,8011,9221,9222,160010.73934100583,160000.0,1.0000671208812864,budget_exhausted,10.946320114326545,0.9086450981192118,0.0,0,4,[4],2875081238,none,none,none,"[0,1,2,3]","[[334275.04454964265,5724927.014402416],[334248.07564489753,5725020.703303794],[334334.9252106965,5725002.002782855],[334307.9504744421,5725101.855164014]]","[[334279.5143309487,5724923.576789323],[334249.4688074282,5725013.713359885],[334339.60537798965,5725013.713359885],[334309.55985446915,5725103.849930447]]",b13c6758b66d7a146b41c565a02d43dc31e15f2388508541ab835d1ec7174a4a,"{""0"":3,""1"":2,""2"":0,""3"":1}",668660f110c9b98499c378a2b29451f04e09d1beceae2a3c545b6e9ee8670305,5.000000000892224,0.9004861852811191,none,0.015619858791988905,none,stationary,matched_prior_exact,1,0,revision_C_base@2ce3a901fecb,2ce3a901fecb5ddde502d0a5eeffb8f48d73c5fd,fab97b80b871eeeac68aa1d75a33173cb368895f3e96803690e3cbc0acb1147d,c4-attrition_20260827_075624_501873_327229d1,327229d1bf70f8e05e383a7a64e8207b7bcbbc0877cfd63b067cd569f1a2c3bf,evidence,revision_B_base,revision_B_base,0.5,0.8,10000.0,5,200000.0,xlarge,45.0,80.0,5.0,0.5,1.0,"{""p_d"":0.8,""stage"":""c4-attrition"",""tau"":10000.0,""w"":0.5}",d4ab4fc6428a0b1f4ceb9e0c3f60e249d31253158385f9207158cfb8c2c16199
10,47,2,dynamic_evidence_3step,0.2266133993645344,7809.264645045844,0.22679880371340602,0.8468081376106966,8743,8744,9221,9222,120002.8895528471,120000.0,1.0000240796070592,budget_exhausted,14.502557014512785,0.9310466423955931,311.43177168117836,2856,3,"[4,2]",2875081238,none,none,none,"[0,1,3]","[[334275.04454964265,5724927.014402416],[334248.07564489753,5725020.703303794],[334307.9504744421,5725101.855164014]]","[[334279.5143309487,5724923.576789323],[334249.4688074282,5725013.713359885],[334309.55985446915,5725103.849930447]]",5496f77148b85cd7a6320de0ed69bbb5063ae38367e728cc17841174af2effcc,none,none,5.000000000121749,0.7752270999973876,none,0.042946437080635946,none,stationary,matched_prior_exact,1,0,revision_C_base@2ce3a901fecb,2ce3a901fecb5ddde502d0a5eeffb8f48d73c5fd,fab97b80b871eeeac68aa1d75a33173cb368895f3e96803690e3cbc0acb1147d,c4-attrition_20260827_075624_501873_327229d1,327229d1bf70f8e05e383a7a64e8207b7bcbbc0877cfd63b067cd569f1a2c3bf,evidence,revision_B_base,revision_B_base,0.5,0.8,10000.0,5,200000.0,xlarge,45.0,80.0,5.0,0.5,1.0,"{""p_d"":0.8,""stage"":""c4-attrition"",""tau"":10000.0,""w"":0.5}",d4ab4fc6428a0b1f4ceb9e0c3f60e249d31253158385f9207158cfb8c2c16199
10,47,2,online_static_3step,0.11827677952533189,8242.83686734052,0.11835365350240916,0.8938231259315247,8977,8978,9221,9222,120002.84298907893,120000.0,1.0000236915756577,budget_exhausted,55.02400408580184,0.981826113591431,221.05905171576887,2315,3,"[4,2]",2875081238,none,none,none,"[0,1,3]","[[334275.04454964265,5724927.014402416],[334248.07564489753,5725020.703303794],[334307.9504744421,5725101.855164014]]","[[334279.5143309487,5724923.576789323],[334249.4688074282,5725013.713359885],[334309.55985446915,5725103.849930447]]",5496f77148b85cd7a6320de0ed69bbb5063ae38367e728cc17841174af2effcc,none,none,5.000000000121749,1.0549748374056982,none,-0.003797936372152977,none,stationary,matched_prior_exact,1,0,revision_C_base@2ce3a901fecb,2ce3a901fecb5ddde502d0a5eeffb8f48d73c5fd,fab97b80b871eeeac68aa1d75a33173cb368895f3e96803690e3cbc0acb1147d,c4-attrition_20260827_075624_501873_327229d1,327229d1bf70f8e05e383a7a64e8207b7bcbbc0877cfd63b067cd569f1a2c3bf,evidence,revision_B_base,revision_B_base,0.5,0.8,10000.0,5,200000.0,xlarge,45.0,80.0,5.0,0.5,1.0,"{""p_d"":0.8,""stage"":""c4-attrition"",""tau"":10000.0,""w"":0.5}",d4ab4fc6428a0b1f4ceb9e0c3f60e249d31253158385f9207158cfb8c2c16199
10,47,2,pizza_repartition,0.1618232450985441,8222.866068910025,0.16213635986373595,0.8916575654857976,8010,8011,9221,9222,120010.49125532007,120000.0,1.0000874271276672,budget_exhausted,10.869229856413908,0.907997161417108,0.0,0,3,"[4,2]",2875081238,none,none,none,"[0,1,3]","[[334275.04454964265,5724927.014402416],[334248.07564489753,5725020.703303794],[334307.9504744421,5725101.855164014]]","[[334279.5143309487,5724923.576789323],[334249.4688074282,5725013.713359885],[334309.55985446915,5725103.849930447]]",5496f77148b85cd7a6320de0ed69bbb5063ae38367e728cc17841174af2effcc,"{""0"":2,""1"":1,""3"":0}",5c3df012806321605938f83701f67da402307f0df24c16ee9ece49a20d4d28cf,5.0000000009016325,0.7776503891206876,none,0.034208944347309145,none,stationary,matched_prior_exact,1,0,revision_C_base@2ce3a901fecb,2ce3a901fecb5ddde502d0a5eeffb8f48d73c5fd,fab97b80b871eeeac68aa1d75a33173cb368895f3e96803690e3cbc0acb1147d,c4-attrition_20260827_075624_501873_327229d1,327229d1bf70f8e05e383a7a64e8207b7bcbbc0877cfd63b067cd569f1a2c3bf,evidence,revision_B_base,revision_B_base,0.5,0.8,10000.0,5,200000.0,xlarge,45.0,80.0,5.0,0.5,1.0,"{""p_d"":0.8,""stage"":""c4-attrition"",""tau"":10000.0,""w"":0.5}",d4ab4fc6428a0b1f4ceb9e0c3f60e249d31253158385f9207158cfb8c2c16199
10,47,3,dynamic_evidence_3step,0.18514358928328667,8123.795967088098,0.1854258977701953,0.8809147654617326,8748,8749,9221,9222,80002.72266947522,80000.0,1.0000340333684403,budget_exhausted,11.510113468179576,0.9131198834169131,219.82632842264138,2038,2,"[4,2,3]",2875081238,none,none,none,"[0,1]","[[334275.04454964265,5724927.014402416],[334248.07564489753,5725020.703303794]]","[[334279.5143309487,5724923.576789323],[334249.4688074282,5725013.713359885]]",c89d5408254f677a9611b6fa110dcdeb4ea614d296e9897f8889262de232f370,none,none,5.000000000121749,0.6333620527544688,none,0.07705306493167197,none,stationary,matched_prior_exact,1,0,revision_C_base@2ce3a901fecb,2ce3a901fecb5ddde502d0a5eeffb8f48d73c5fd,fab97b80b871eeeac68aa1d75a33173cb368895f3e96803690e3cbc0acb1147d,c4-attrition_20260827_075624_501873_327229d1,327229d1bf70f8e05e383a7a64e8207b7bcbbc0877cfd63b067cd569f1a2c3bf,evidence,revision_B_base,revision_B_base,0.5,0.8,10000.0,5,200000.0,xlarge,45.0,80.0,5.0,0.5,1.0,"{""p_d"":0.8,""stage"":""c4-attrition"",""tau"":10000.0,""w"":0.5}",d4ab4fc6428a0b1f4ceb9e0c3f60e249d31253158385f9207158cfb8c2c16199
10,47,3,online_static_3step,0.11083637333858329,8379.244288387463,0.11092678654138886,0.9086146484913753,8916,8917,9221,9222,80002.75954276056,80000.0,1.000034494284507,budget_exhausted,39.346387203530064,0.974584705964814,182.6259487126954,2150,2,"[4,2,3]",2875081238,none,none,none,"[0,1]","[[334275.04454964265,5724927.014402416],[334248.07564489753,5725020.703303794]]","[[334279.5143309487,5724923.576789323],[334249.4688074282,5725013.713359885]]",c89d5408254f677a9611b6fa110dcdeb4ea614d296e9897f8889262de232f370,none,none,5.000000000121749,0.9886098134458067,none,0.010993586187697635,none,stationary,matched_prior_exact,1,0,revision_C_base@2ce3a901fecb,2ce3a901fecb5ddde502d0a5eeffb8f48d73c5fd,fab97b80b871eeeac68aa1d75a33173cb368895f3e96803690e3cbc0acb1147d,c4-attrition_20260827_075624_501873_327229d1,327229d1bf70f8e05e383a7a64e8207b7bcbbc0877cfd63b067cd569f1a2c3bf,evidence,revision_B_base,revision_B_base,0.5,0.8,10000.0,5,200000.0,xlarge,45.0,80.0,5.0,0.5,1.0,"{""p_d"":0.8,""stage"":""c4-attrition"",""tau"":10000.0,""w"":0.5}",d4ab4fc6428a0b1f4ceb9e0c3f60e249d31253158385f9207158cfb8c2c16199
10,47,3,pizza_repartition,0.13871461719855854,8441.606345386459,0.13898373724810134,0.9153769621976208,8007,8008,9221,9222,80003.61971320202,80000.0,1.0000452464150251,budget_exhausted,10.789074889867841,0.9073136473508853,0.0,0,2,"[4,2,3]",2875081238,none,none,none,"[0,1]","[[334275.04454964265,5724927.014402416],[334248.07564489753,5725020.703303794]]","[[334279.5143309487,5724923.576789323],[334249.4688074282,5725013.713359885]]",c89d5408254f677a9611b6fa110dcdeb4ea614d296e9897f8889262de232f370,"{""0"":0,""1"":1}",2f2bc0b30bed735fa9b98a729955d57b7b5a11eaa018f065423e464ab5a4dde1,5.000000000899856,0.6666006232633435,none,0.05792834105913236,none,stationary,matched_prior_exact,1,0,revision_C_base@2ce3a901fecb,2ce3a901fecb5ddde502d0a5eeffb8f48d73c5fd,fab97b80b871eeeac68aa1d75a33173cb368895f3e96803690e3cbc0acb1147d,c4-attrition_20260827_075624_501873_327229d1,327229d1bf70f8e05e383a7a64e8207b7bcbbc0877cfd63b067cd569f1a2c3bf,evidence,revision_B_base,revision_B_base,0.5,0.8,10000.0,5,200000.0,xlarge,45.0,80.0,5.0,0.5,1.0,"{""p_d"":0.8,""stage"":""c4-attrition"",""tau"":10000.0,""w"":0.5}",d4ab4fc6428a0b1f4ceb9e0c3f60e249d31253158385f9207158cfb8c2c16199
10,51,0,dynamic_evidence_3step,0.2848767661477277,7457.423890386228,0.28508766155197085,0.8079549177016498,8733,8734,9229,9230,200000.83441691071,200000.0,1.0000041720845536,budget_exhausted,13.965462104253278,0.928394779024502,458.30675080697984,4192,5,[],594469579,none,none,none,"[0,1,2,3,4]","[[334331.34945856873,5724994.104607949],[334278.059959227,5725060.873407095],[334290.01276670006,5724968.360705122],[334308.87607642583,5724933.31143598],[334217.6852865426,5725046.811770091]]","[[334339.60537798965,5724983.667836364],[334279.5143309487,5725073.804406926],[334279.5143309487,5724953.622312844],[334309.55985446915,5724923.576789323],[334219.4232839077,5725043.7588834055]]",5cde012c487dc830c7c2bc0e8ce231023f9bc13b55394a6740c49ae0cc56e10b,none,none,5.000000000121749,1.0,none,0.0,none,stationary,matched_prior_exact,1,0,revision_C_base@2ce3a901fecb,2ce3a901fecb5ddde502d0a5eeffb8f48d73c5fd,fab97b80b871eeeac68aa1d75a33173cb368895f3e96803690e3cbc0acb1147d,c4-attrition_20260827_075624_501873_327229d1,327229d1bf70f8e05e383a7a64e8207b7bcbbc0877cfd63b067cd569f1a2c3bf,evidence,revision_B_base,revision_B_base,0.5,0.8,10000.0,5,200000.0,xlarge,45.0,80.0,5.0,0.5,1.0,"{""p_d"":0.8,""stage"":""c4-attrition"",""tau"":10000.0,""w"":0.5}",d4ab4fc6428a0b1f4ceb9e0c3f60e249d31253158385f9207158cfb8c2c16199
10,51,0,online_static_3step,0.12138830856290984,8196.251523395778,0.12146272755107691,0.8880012484719153,9229,9230,9229,9230,200018.41206857943,200000.0,1.000092060342897,budget_exhausted,91.3409203364671,0.9890520043336944,496.7451403224841,5117,5,[],594469579,none,none,none,"[0,1,2,3,4]","[[334331.34945856873,5724994.104607949],[334278.059959227,5725060.873407095],[334290.01276670006,5724968.360705122],[334308.87607642583,5724933.31143598],[334217.6852865426,5725046.811770091]]","[[334339.60537798965,5724983.667836364],[334279.5143309487,5725073.804406926],[334279.5143309487,5724953.622312844],[334309.55985446915,5724923.576789323],[334219.4232839077,5725043.7588834055]]",5cde012c487dc830c7c2bc0e8ce231023f9bc13b55394a6740c49ae0cc56e10b,none,none,5.000000000121749,1.0,none,0.0,none,stationary,matched_prior_exact,1,0,revision_C_base@2ce3a901fecb,2ce3a901fecb5ddde502d0a5eeffb8f48d73c5fd,fab97b80b871eeeac68aa1d75a33173cb368895f3e96803690e3cbc0acb1147d,c4-attrition_20260827_075624_501873_327229d1,327229d1bf70f8e05e383a7a64e8207b7bcbbc0877cfd63b067cd569f1a2c3bf,evidence,revision_B_base,revision_B_base,0.5,0.8,10000.0,5,200000.0,xlarge,45.0,80.0,5.0,0.5,1.0,"{""p_d"":0.8,""stage"":""c4-attrition"",""tau"":10000.0,""w"":0.5}",d4ab4fc6428a0b1f4ceb9e0c3f60e249d31253158385f9207158cfb8c2c16199
10,51,0,pizza_repartition,0.20809555496509186,7913.96356186824,0.20850551337622447,0.8574175039943922,8012,8013,9229,9230,200019.7332349,200000.0,1.0000986661745,budget_exhausted,10.956966919662037,0.9087338670151935,0.0,0,5,[],594469579,none,none,none,"[0,1,2,3,4]","[[334331.34945856873,5724994.104607949],[334278.059959227,5725060.873407095],[334290.01276670006,5724968.360705122],[334308.87607642583,5724933.31143598],[334217.6852865426,5725046.811770091]]","[[334339.60537798965,5724983.667836364],[334279.5143309487,5725073.804406926],[334279.5143309487,5724953.622312844],[334309.55985446915,5724923.576789323],[334219.4232839077,5725043.7588834055]]",5cde012c487dc830c7c2bc0e8ce231023f9bc13b55394a6740c49ae0cc56e10b,"{""0"":0,""1"":1,""2"":3,""3"":4,""4"":2}",f8cc2a8a06891f8b07bbab0a52eabda85d693ea964fb2ca8872c2ac6968d3383,5.000000000917254,1.0,none,0.0,none,stationary,matched_prior_exact,1,0,revision_C_base@2ce3a901fecb,2ce3a901fecb5ddde502d0a5eeffb8f48d73c5fd,fab97b80b871eeeac68aa1d75a33173cb368895f3e96803690e3cbc0acb1147d,c4-attrition_20260827_075624_501873_327229d1,327229d1bf70f8e05e383a7a64e8207b7bcbbc0877cfd63b067cd569f1a2c3bf,evidence,revision_B_base,revision_B_base,0.5,0.8,10000.0,5,200000.0,xlarge,45.0,80.0,5.0,0.5,1.0,"{""p_d"":0.8,""stage"":""c4-attrition"",""tau"":10000.0,""w"":0.5}",d4ab4fc6428a0b1f4ceb9e0c3f60e249d31253158385f9207158cfb8c2c16199
10,51,1,dynamic_evidence_3step,0.2588494957124234,7593.147959995388,0.2590510400784302,0.8226595839648307,8764,8765,9229,9230,160005.70656125539,160000.0,1.0000356660078462,budget_exhausted,14.02129574085183,0.9286799152886817,386.13802389986813,3589,4,[0],594469579,none,none,none,"[1,2,3,4]","[[334278.059959227,5725060.873407095],[334290.01276670006,5724968.360705122],[334308.87607642583,5724933.31143598],[334217.6852865426,5725046.811770091]]","[[334279.5143309487,5725073.804406926],[334279.5143309487,5724953.622312844],[334309.55985446915,5724923.576789323],[334219.4232839077,5725043.7588834055]]",1967fcaeb654aa77e7e8907337d0fe6e68ebe33eba23fb891cfab512cb5ebf26,none,none,5.000000000121749,0.9086367386598054,none,0.014704666263180899,none,stationary,matched_prior_exact,1,0,revision_C_base@2ce3a901fecb,2ce3a901fecb5ddde502d0a5eeffb8f48d73c5fd,fab97b80b871eeeac68aa1d75a33173cb368895f3e96803690e3cbc0acb1147d,c4-attrition_20260827_075624_501873_327229d1,327229d1bf70f8e05e383a7a64e8207b7bcbbc0877cfd63b067cd569f1a2c3bf,evidence,revision_B_base,revision_B_base,0.5,0.8,10000.0,5,200000.0,xlarge,45.0,80.0,5.0,0.5,1.0,"{""p_d"":0.8,""stage"":""c4-attrition"",""tau"":10000.0,""w"":0.5}",d4ab4fc6428a0b1f4ceb9e0c3f60e249d31253158385f9207158cfb8c2c16199
10,51,1,online_static_3step,0.1187480761272315,8235.159397704261,0.11884652994980334,0.8922166194695841,9056,9057,9229,9230,160001.29193613114,160000.0,1.0000080746008195,budget_exhausted,73.7856415478615,0.9864472276851948,420.7061195608694,4340,4,[0],594469579,none,none,none,"[1,2,3,4]","[[334278.059959227,5725060.873407095],[334290.01276670006,5724968.360705122],[334308.87607642583,5724933.31143598],[334217.6852865426,5725046.811770091]]","[[334279.5143309487,5725073.804406926],[334279.5143309487,5724953.622312844],[334309.55985446915,5724923.576789323],[334219.4232839077,5725043.7588834055]]",1967fcaeb654aa77e7e8907337d0fe6e68ebe33eba23fb891cfab512cb5ebf26,none,none,5.000000000121749,0.9782496974631619,none,0.004215370997668777,none,stationary,matched_prior_exact,1,0,revision_C_base@2ce3a901fecb,2ce3a901fecb5ddde502d0a5eeffb8f48d73c5fd,fab97b80b871eeeac68aa1d75a33173cb368895f3e96803690e3cbc0acb1147d,c4-attrition_20260827_075624_501873_327229d1,327229d1bf70f8e05e383a7a64e8207b7bcbbc0877cfd63b067cd569f1a2c3bf,evidence,revision_B_base,revision_B_base,0.5,0.8,10000.0,5,200000.0,xlarge,45.0,80.0,5.0,0.5,1.0,"{""p_d"":0.8,""stage"":""c4-attrition"",""tau"":10000.0,""w"":0.5}",d4ab4fc6428a0b1f4ceb9e0c3f60e249d31253158385f9207158cfb8c2c16199
10,51,1,pizza_repartition,0.18753729795000795,8057.346316884393,0.18786927386529656,0.8729519303233362,8010,8011,9229,9230,160001.25745830705,160000.0,1.000007859114419,budget_exhausted,10.94036779146581,0.9085953946831601,0.0,0,4,[0],594469579,none,none,none,"[1,2,3,4]","[[334278.059959227,5725060.873407095],[334290.01276670006,5724968.360705122],[334308.87607642583,5724933.31143598],[334217.6852865426,5725046.811770091]]","[[334279.5143309487,5725073.804406926],[334279.5143309487,5724953.622312844],[334309.55985446915,5724923.576789323],[334219.4232839077,5725043.7588834055]]",1967fcaeb654aa77e7e8907337d0fe6e68ebe33eba23fb891cfab512cb5ebf26,"{""1"":1,""2"":3,""3"":0,""4"":2}",e625bc03cf4a3fce4ee994e269052925f1e872eee5e727e39de5b85b7bad9887,5.000000000901971,0.901207611000953,none,0.015534426328943973,none,stationary,matched_prior_exact,1,0,revision_C_base@2ce3a901fecb,2ce3a901fecb5ddde502d0a5eeffb8f48d73c5fd,fab97b80b871eeeac68aa1d75a33173cb368895f3e96803690e3cbc0acb1147d,c4-attrition_20260827_075624_501873_327229d1,327229d1bf70f8e05e383a7a64e8207b7bcbbc0877cfd63b067cd569f1a2c3bf,evidence,revision_B_base,revision_B_base,0.5,0.8,10000.0,5,200000.0,xlarge,45.0,80.0,5.0,0.5,1.0,"{""p_d"":0.8,""stage"":""c4-attrition"",""tau"":10000.0,""w"":0.5}",d4ab4fc6428a0b1f4ceb9e0c3f60e249d31253158385f9207158cfb8c2c16199
10,51,2,dynamic_evidence_3step,0.2271732701385042,7809.1708593292105,0.22735121552545354,0.8460640150952558,8754,8755,9229,9230,120012.94266557318,120000.0,1.000107855546443,budget_exhausted,13.661898569570871,0.9268037312012184,306.30182306468487,2832,3,"[0,3]",594469579,none,none,none,"[1,2,4]","[[334278.059959227,5725060.873407095],[334290.01276670006,5724968.360705122],[334217.6852865426,5725046.811770091]]","[[334279.5143309487,5725073.804406926],[334279.5143309487,5724953.622312844],[334219.4232839077,5725043.7588834055]]",205b13e52025008384a48e890cec56bd18b95aeca9b59b2a83ec20d25608ec29,none,none,5.000000000121749,0.7974440078440781,none,0.038109097393605906,none,stationary,matched_prior_exact,1,0,revision_C_base@2ce3a901fecb,2ce3a901fecb5ddde502d0a5eeffb8f48d73c5fd,fab97b80b871eeeac68aa1d75a33173cb368895f3e96803690e3cbc0acb1147d,c4-attrition_20260827_075624_501873_327229d1,327229d1bf70f8e05e383a7a64e8207b7bcbbc0877cfd63b067cd569f1a2c3bf,evidence,revision_B_base,revision_B_base,0.5,0.8,10000.0,5,200000.0,xlarge,45.0,80.0,5.0,0.5,1.0,"{""p_d"":0.8,""stage"":""c4-attrition"",""tau"":10000.0,""w"":0.5}",d4ab4fc6428a0b1f4ceb9e0c3f60e249d31253158385f9207158cfb8c2c16199
10,51,2,online_static_3step,0.13342934259168387,8162.257540110375,0.13354434083723202,0.8843182600336268,8739,8740,9229,9230,120004.4048352078,120000.0,1.0000367069600649,budget_exhausted,41.242233582383015,0.9757530106122293,270.54889311734587,2861,3,"[0,3]",594469579,none,none,none,"[1,2,4]","[[334278.059959227,5725060.873407095],[334290.01276670006,5724968.360705122],[334217.6852865426,5725046.811770091]]","[[334279.5143309487,5725073.804406926],[334279.5143309487,5724953.622312844],[334219.4232839077,5725043.7588834055]]",205b13e52025008384a48e890cec56bd18b95aeca9b59b2a83ec20d25608ec29,none,none,5.000000000121749,1.0991943472260652,none,-0.0036829884382885147,none,stationary,matched_prior_exact,1,0,revision_C_base@2ce3a901fecb,2ce3a901fecb5ddde502d0a5eeffb8f48d73c5fd,fab97b80b871eeeac68aa1d75a33173cb368895f3e96803690e3cbc0acb1147d,c4-attrition_20260827_075624_501873_327229d1,327229d1bf70f8e05e383a7a64e8207b7bcbbc0877cfd63b067cd569f1a2c3bf,evidence,revision_B_base,revision_B_base,0.5,0.8,10000.0,5,200000.0,xlarge,45.0,80.0,5.0,0.5,1.0,"{""p_d"":0.8,""stage"":""c4-attrition"",""tau"":10000.0,""w"":0.5}",d4ab4fc6428a0b1f4ceb9e0c3f60e249d31253158385f9207158cfb8c2c16199
10,51,2,pizza_repartition,0.16194913501109007,8228.563927730233,0.1622890989672366,0.8915020506749981,8010,8011,9229,9230,120011.87131096015,120000.0,1.0000989275913346,budget_exhausted,10.856702619414484,0.907891001986943,0.0,0,3,"[0,3]",594469579,none,none,none,"[1,2,4]","[[334278.059959227,5725060.873407095],[334290.01276670006,5724968.360705122],[334217.6852865426,5725046.811770091]]","[[334279.5143309487,5725073.804406926],[334279.5143309487,5724953.622312844],[334219.4232839077,5725043.7588834055]]",205b13e52025008384a48e890cec56bd18b95aeca9b59b2a83ec20d25608ec29,"{""1"":0,""2"":2,""4"":1}",d8205d30471242452bc0ca46199549291c0dede64410b4949f00f06c615e193c,5.000000000891764,0.778244086175974,none,0.0340845466806059,none,stationary,matched_prior_exact,1,0,revision_C_base@2ce3a901fecb,2ce3a901fecb5ddde502d0a5eeffb8f48d73c5fd,fab97b80b871eeeac68aa1d75a33173cb368895f3e96803690e3cbc0acb1147d,c4-attrition_20260827_075624_501873_327229d1,327229d1bf70f8e05e383a7a64e8207b7bcbbc0877cfd63b067cd569f1a2c3bf,evidence,revision_B_base,revision_B_base,0.5,0.8,10000.0,5,200000.0,xlarge,45.0,80.0,5.0,0.5,1.0,"{""p_d"":0.8,""stage"":""c4-attrition"",""tau"":10000.0,""w"":0.5}",d4ab4fc6428a0b1f4ceb9e0c3f60e249d31253158385f9207158cfb8c2c16199
10,51,3,dynamic_evidence_3step,0.18467539826643128,8130.324312563758,0.18496054076160268,0.8808585387393021,8749,8750,9229,9230,80007.832142816,80000.0,1.0000979017852,budget_exhausted,11.56451346439782,0.9135285714285715,215.8522015362978,2023,2,"[0,3,1]",594469579,none,none,none,"[2,4]","[[334290.01276670006,5724968.360705122],[334217.6852865426,5725046.811770091]]","[[334279.5143309487,5724953.622312844],[334219.4232839077,5725043.7588834055]]",62e15518a6e7a554aa925e9f36b97a32991148c3fec9086520f1c587797c1601,none,none,5.000000000121749,0.6482641626543342,none,0.07290362103765224,none,stationary,matched_prior_exact,1,0,revision_C_base@2ce3a901fecb,2ce3a901fecb5ddde502d0a5eeffb8f48d73c5fd,fab97b80b871eeeac68aa1d75a33173cb368895f3e96803690e3cbc0acb1147d,c4-attrition_20260827_075624_501873_327229d1,327229d1bf70f8e05e383a7a64e8207b7bcbbc0877cfd63b067cd569f1a2c3bf,evidence,revision_B_base,revision_B_base,0.5,0.8,10000.0,5,200000.0,xlarge,45.0,80.0,5.0,0.5,1.0,"{""p_d"":0.8,""stage"":""c4-attrition"",""tau"":10000.0,""w"":0.5}",d4ab4fc6428a0b1f4ceb9e0c3f60e249d31253158385f9207158cfb8c2c16199
10,51,3,online_static_3step,0.12063114635597025,8280.787875489326,0.12074931557667183,0.8971601165210538,8847,8848,9229,9230,80001.46211391623,80000.0,1.000018276423953,budget_exhausted,35.767054067710966,0.972041309353941,118.67386859026738,2090,2,"[0,3,1]",594469579,none,none,none,"[2,4]","[[334290.01276670006,5724968.360705122],[334217.6852865426,5725046.811770091]]","[[334279.5143309487,5724953.622312844],[334219.4232839077,5725043.7588834055]]",62e15518a6e7a554aa925e9f36b97a32991148c3fec9086520f1c587797c1601,none,none,5.000000000121749,0.9937624783152227,none,0.009158868049138458,none,stationary,matched_prior_exact,1,0,revision_C_base@2ce3a901fecb,2ce3a901fecb5ddde502d0a5eeffb8f48d73c5fd,fab97b80b871eeeac68aa1d75a33173cb368895f3e96803690e3cbc0acb1147d,c4-attrition_20260827_075624_501873_327229d1,327229d1bf70f8e05e383a7a64e8207b7bcbbc0877cfd63b067cd569f1a2c3bf,evidence,revision_B_base,revision_B_base,0.5,0.8,10000.0,5,200000.0,xlarge,45.0,80.0,5.0,0.5,1.0,"{""p_d"":0.8,""stage"":""c4-attrition"",""tau"":10000.0,""w"":0.5}",d4ab4fc6428a0b1f4ceb9e0c3f60e249d31253158385f9207158cfb8c2c16199
10,51,3,pizza_repartition,0.13867497281619917,8448.760941411603,0.1389435600174659,0.9153587152125248,8008,8009,9229,9230,80005.28859316159,80000.0,1.0000661074145198,budget_exhausted,10.784078901021486,0.9072707081264698,0.0,0,2,"[0,3,1]",594469579,none,none,none,"[2,4]","[[334290.01276670006,5724968.360705122],[334217.6852865426,5725046.811770091]]","[[334279.5143309487,5724953.622312844],[334219.4232839077,5725043.7588834055]]",62e15518a6e7a554aa925e9f36b97a32991148c3fec9086520f1c587797c1601,"{""2"":0,""4"":1}",666aa16649c90e48e640c78dd66fabcbd5ca468c4c0fde73182f11e86310ebf9,5.000000000889653,0.6664004564607926,none,0.05794121121813256,none,stationary,matched_prior_exact,1,0,revision_C_base@2ce3a901fecb,2ce3a901fecb5ddde502d0a5eeffb8f48d73c5fd,fab97b80b871eeeac68aa1d75a33173cb368895f3e96803690e3cbc0acb1147d,c4-attrition_20260827_075624_501873_327229d1,327229d1bf70f8e05e383a7a64e8207b7bcbbc0877cfd63b067cd569f1a2c3bf,evidence,revision_B_base,revision_B_base,0.5,0.8,10000.0,5,200000.0,xlarge,45.0,80.0,5.0,0.5,1.0,"{""p_d"":0.8,""stage"":""c4-attrition"",""tau"":10000.0,""w"":0.5}",d4ab4fc6428a0b1f4ceb9e0c3f60e249d31253158385f9207158cfb8c2c16199
