dataset,planning_seed,planning_mode,simulation_mode,condition,failure_ids,failure_identity_source,failure_seed,failure_fraction,trigger_step,failure_distance,failure_time,search_inactive_uav_ids,search_inactive_activation_uav_ids,no_parked_repeats,search_inactive_post_fault_exposures,failed_uav_post_fault_distance,failed_uav_post_fault_exposures,P_detect,RMST,RMST_at_own_T,RMST_at_fault,L,Pdet_at_fault,PostFault_PdetGain,ConditionalPostFaultPdet,exposure_multiplicity,revisit_fraction,T,H,P_detect_at_Tref,RMST_at_Tref,NRMST_at_Tref,actual_distance_total,budget_utilization,termination_reason,max_step_distance,dead_uav_silent,hold_inactive_for_search,step_bound_ok,initial_positions,initial_positions_hash,trajectory_hash,prefailure_trajectory_hash,policy_seed,pizza_assignment_diag,number_of_replans,planner_wall_time,victim_sampling_model,simulation_num_victims,evaluation_victim_model,evaluation_num_victims,condition_key,condition_key_hash,NRMST,T_common,H_common,retention_Pdet,retention_invalid_reason,degradation_NRMST,common_horizon_ok,implementation_version,git_commit,source_hash,experiment_id,config_hash,victim_seed,sensor_seed,distribution_seed,belief_model,fix_profile,behavior_profile,w,p_d,tau,simulation_victim_model,num_drones,budget,size,fov_deg,altitude,drone_speed,victim_speed,dt
10,42,dynamic_evidence_3step,dynamic_3step,midflight_failure,[3],c4_frozen,2976144255,0.25,2178,50013.59305962551,2178.0,[],[],True,0,0.0,0,0.2891788856553776,8696.83665494017,8299.487652021375,1969.9476579471527,0.28937557451786555,0.15328502273106065,0.13589386292431693,0.16049540467872628,14.633932302549102,0.9316656672092293,10398,10399,0.2646076945699781,6568.80616559414,0.8209981459310262,200017.04005873366,1.0000852002936682,budget_exhausted,5.000000000121749,True,True,True,"[[334279.5143309487,5724953.622312844],[334339.60537798965,5724953.622312844],[334369.65090151015,5725073.804406926],[334279.5143309487,5724923.576789323],[334339.60537798965,5725073.804406926]]",bf8648c958dc56b9817789881f463fceb77d3e5d0f270480b609ac49aec5581c,17dfef24041169ab6c505fcba8ae9bc419528719043e00760ade47deb9a396f9,f0671fdc0c22e3b815ba0918ce45134377f6a5a0be0bc87f91cb800fc5a28388,2375072754,null,4309,959.5347391415853,matched_prior_exact,0,stationary,1,"{""fraction"":0.25,""k"":1,""stage"":""c7-timing""}",afb392704cd91dc121192dd93c7aa1904370ee07844253dff5b4afaa9642f3ae,0.7936518210385263,10957,10958,1.1182482216610428,none,-0.014920287093312723,True,revision_C_base@712b395,712b395,5ede81cb5815049fe381f461ce5502b4a13d3d3945ab77c4b78242c6d10572b8,c7-timing_20260911_041506_496602_705c3cf8,705c3cf8d1b3a80735499262310009dc0b3cd9c5e151de83f16ab60a82062b6e,none,none,none,evidence,revision_B_base,revision_B_base,0.5,0.8,10000.0,none,5,200000.0,xlarge,45.0,80.0,5.0,0.5,1.0
10,42,online_static_3step,online_static_3step,midflight_failure,[3],c4_frozen,2976144255,0.25,2221,50003.8369490893,2221.0,[],[],True,0,0.0,0,0.11071819686365005,9806.243706522773,9806.243706522773,2037.4778743233062,0.1108406907182031,0.11071819686365005,0.0,0.0,102.68283166109254,0.9902612736343255,10957,10958,0.11071819686365005,7176.63741464825,0.8969675558865454,200005.99931667908,1.0000299965833954,budget_exhausted,5.000000000121749,True,True,True,"[[334279.5143309487,5724953.622312844],[334339.60537798965,5724953.622312844],[334369.65090151015,5725073.804406926],[334279.5143309487,5724923.576789323],[334339.60537798965,5725073.804406926]]",bf8648c958dc56b9817789881f463fceb77d3e5d0f270480b609ac49aec5581c,22d31c36bc8c58687f05fd1a0c62c8585c7c0868f8003640c93a4497e212546d,9cf86960877cfddd320c919d4569447039b237d28f535f69bbbdadf574288d3e,2375072754,null,4797,950.4829767458723,matched_prior_exact,0,stationary,1,"{""fraction"":0.25,""k"":1,""stage"":""c7-timing""}",afb392704cd91dc121192dd93c7aa1904370ee07844253dff5b4afaa9642f3ae,0.8948935669394755,10957,10958,1.0000000000000004,none,-0.00034116047126220295,True,revision_C_base@712b395,712b395,5ede81cb5815049fe381f461ce5502b4a13d3d3945ab77c4b78242c6d10572b8,c7-timing_20260911_041506_496602_705c3cf8,705c3cf8d1b3a80735499262310009dc0b3cd9c5e151de83f16ab60a82062b6e,none,none,none,evidence,revision_B_base,revision_B_base,0.5,0.8,10000.0,none,5,200000.0,xlarge,45.0,80.0,5.0,0.5,1.0
10,42,pizza_replan_midflight,pizza_replan,midflight_failure,[3],c4_frozen,2976144255,0.25,2006,50007.573794371034,2006.0,[],[],True,0,0.0,0,0.2068598807953177,9362.781079228507,8216.69360697741,1916.1581545437396,0.20728924993639555,0.09326012317162166,0.11359975762369603,0.1252837340969812,11.026774147113862,0.909311645757999,9512,9513,0.19140904050528257,7005.486167130492,0.8755763238508301,200007.68200779345,1.0000384100389672,budget_exhausted,5.000000000918218,True,True,True,"[[334279.5143309487,5724953.622312844],[334339.60537798965,5724953.622312844],[334369.65090151015,5725073.804406926],[334279.5143309487,5724923.576789323],[334339.60537798965,5725073.804406926]]",bf8648c958dc56b9817789881f463fceb77d3e5d0f270480b609ac49aec5581c,df847040cedd1a6b78e83c32e6a228aa57647de86211d7880c29c422269ba927,d09026529ea6cbeeb2295f863381cb02d24b632a3e6233cd506c238b4b200e69,2375072754,"{""assignment"":{""0"":[2,""forward""],""1"":[3,""forward""],""2"":[0,""forward""],""4"":[1,""forward""]},""assignment_cost"":1037.6861103060955,""deadhead_fraction_remaining_budget"":0.006918256718399245,""deadhead_per_drone"":{""0"":390.6229462022275,""1"":512.983789293993,""2"":28.366507877452772,""4"":105.71286693242209},""deadhead_total"":1037.6861103060955,""empty_sectors"":0,""generator"":""generate_pizza_zigzag_path(overlap=0.0, path_point_spacing_m=10.0, border_gap_m=0.0)"",""num_sectors"":4,""orientations_per_sector"":{""0"":""forward"",""1"":""forward"",""2"":""forward"",""4"":""forward""},""prefix_removed_total"":4369,""route_length_after_replan"":{""0"":1161303.1826265343,""1"":1161303.1826265282,""2"":1161091.6189178592,""4"":1161303.1826265266},""search_inactive_uav_ids"":[],""suffix_removed_total"":0,""survivor_ids"":[0,1,2,4],""task_splits"":0}",0,0.0,matched_prior_exact,0,stationary,1,"{""fraction"":0.25,""k"":1,""stage"":""c7-timing""}",afb392704cd91dc121192dd93c7aa1904370ee07844253dff5b4afaa9642f3ae,0.8544242634813385,10957,10958,0.993870321425596,none,0.003943280601730659,True,revision_C_base@712b395,712b395,5ede81cb5815049fe381f461ce5502b4a13d3d3945ab77c4b78242c6d10572b8,c7-timing_20260911_041506_496602_705c3cf8,705c3cf8d1b3a80735499262310009dc0b3cd9c5e151de83f16ab60a82062b6e,none,none,none,evidence,revision_B_base,revision_B_base,0.5,0.8,10000.0,none,5,200000.0,xlarge,45.0,80.0,5.0,0.5,1.0
10,42,pizza_fixed_midflight,pizza_fixed,midflight_failure,[3],c4_frozen,2976144255,0.25,2006,50007.573794371034,2006.0,[],[],True,0,0.0,0,0.20815352342159515,9356.750237028024,8212.53207837194,1916.1581545437396,0.20854568569733062,0.09326012317162166,0.11489340024997349,0.12671043061638695,10.914468995010692,0.9083785019264677,9512,9513,0.19347057973595322,7004.142752706157,0.8754084180360151,200003.36703193822,1.0000168351596912,budget_exhausted,5.000000000918218,True,True,True,"[[334279.5143309487,5724953.622312844],[334339.60537798965,5724953.622312844],[334369.65090151015,5725073.804406926],[334279.5143309487,5724923.576789323],[334339.60537798965,5725073.804406926]]",bf8648c958dc56b9817789881f463fceb77d3e5d0f270480b609ac49aec5581c,86a137ba9dfec0f5e2ab9882257d3371ec67dcecf7f792b88ff427516170d4e0,d09026529ea6cbeeb2295f863381cb02d24b632a3e6233cd506c238b4b200e69,2375072754,null,0,0.0,matched_prior_exact,0,stationary,1,"{""fraction"":0.25,""k"":1,""stage"":""c7-timing""}",afb392704cd91dc121192dd93c7aa1904370ee07844253dff5b4afaa9642f3ae,0.8538739037258646,10957,10958,1.0000857026191121,none,0.003392920846256753,True,revision_C_base@712b395,712b395,5ede81cb5815049fe381f461ce5502b4a13d3d3945ab77c4b78242c6d10572b8,c7-timing_20260911_041506_496602_705c3cf8,705c3cf8d1b3a80735499262310009dc0b3cd9c5e151de83f16ab60a82062b6e,none,none,none,evidence,revision_B_base,revision_B_base,0.5,0.8,10000.0,none,5,200000.0,xlarge,45.0,80.0,5.0,0.5,1.0
10,42,random_uniform_n8_uncoordinated,random_uniform_n8_uncoordinated,midflight_failure,[3],c4_frozen,2976144255,0.25,2000,50000.0,2000.0,[],[],True,0,0.0,0,0.01143998486450249,10899.64000710518,9459.308065052299,2000.164151442644,0.011469723294784554,0.0007635937609997905,0.0106763911035027,0.010684549759037792,225.3274074074074,0.9955620134651799,9500,9501,0.00863601633767006,7974.47802176718,0.9966851670750131,200000.0,1.0,budget_exhausted,5.000000000465136,True,True,True,"[[334279.5143309487,5724953.622312844],[334339.60537798965,5724953.622312844],[334369.65090151015,5725073.804406926],[334279.5143309487,5724923.576789323],[334339.60537798965,5725073.804406926]]",bf8648c958dc56b9817789881f463fceb77d3e5d0f270480b609ac49aec5581c,80ec6f987f59951c3338970bca198d99d53154ee66b3b722fb55bf87587548da,064c4ac3e4438c85f24b3f203819b32c7b197fbe5331af17df10cd9a0888d5d4,2375072754,null,9500,0.0,matched_prior_exact,0,stationary,1,"{""fraction"":0.25,""k"":1,""stage"":""c7-timing""}",afb392704cd91dc121192dd93c7aa1904370ee07844253dff5b4afaa9642f3ae,0.9946742112707775,10957,10958,1.324683096603428,none,-0.0008112427192322746,True,revision_C_base@712b395,712b395,5ede81cb5815049fe381f461ce5502b4a13d3d3945ab77c4b78242c6d10572b8,c7-timing_20260911_041506_496602_705c3cf8,705c3cf8d1b3a80735499262310009dc0b3cd9c5e151de83f16ab60a82062b6e,none,none,none,evidence,revision_B_base,revision_B_base,0.5,0.8,10000.0,none,5,200000.0,xlarge,45.0,80.0,5.0,0.5,1.0
10,42,dynamic_evidence_3step,dynamic_3step,midflight_failure,[3],c4_frozen,2976144255,0.5,4374,100024.37992460898,4374.0,[],[],True,0,0.0,0,0.2550037986020313,8379.55985728817,8013.766722401919,3782.3895094331724,0.25516288257406844,0.19158885459814196,0.06341494400388936,0.07844392592134047,16.60881124192936,0.9397909949463767,9838,9839,0.2365058350067848,6628.242603572094,0.8284267720999993,200000.41225501866,1.0000020612750933,budget_exhausted,5.000000000164241,True,True,True,"[[334279.5143309487,5724953.622312844],[334339.60537798965,5724953.622312844],[334369.65090151015,5725073.804406926],[334279.5143309487,5724923.576789323],[334339.60537798965,5725073.804406926]]",bf8648c958dc56b9817789881f463fceb77d3e5d0f270480b609ac49aec5581c,52080015b2c7fc364dc946c980304c82b26e1b2ee4fd5877f2510e111f922d8c,c0cd97d5aec129de21c14709ecb099ee87f9a0ed38d687bf3ea3e09ac9d48a30,2375072754,null,4281,961.3126134574995,matched_prior_exact,0,stationary,1,"{""fraction"":0.5,""k"":1,""stage"":""c7-timing""}",e48f7e450930aa2cad23001d8a223a0347fc2e867d4f90039ce62228ac53c328,0.8111868206474511,10329,10330,0.9860939316411996,none,0.002614712515612072,True,revision_C_base@712b395,712b395,5ede81cb5815049fe381f461ce5502b4a13d3d3945ab77c4b78242c6d10572b8,c7-timing_20260911_041506_496602_705c3cf8,705c3cf8d1b3a80735499262310009dc0b3cd9c5e151de83f16ab60a82062b6e,none,none,none,evidence,revision_B_base,revision_B_base,0.5,0.8,10000.0,none,5,200000.0,xlarge,45.0,80.0,5.0,0.5,1.0
10,42,online_static_3step,online_static_3step,midflight_failure,[3],c4_frozen,2976144255,0.5,4506,100015.99605062959,4506.0,[],[],True,0,0.0,0,0.11071819686365005,9247.774734152921,9247.774734152921,4069.486794489827,0.1108406907182031,0.11071819686365005,0.0,0.0,102.17670011148272,0.99021303292327,10329,10330,0.11071819686365005,7176.63741464825,0.8969675558865454,200000.31126103457,1.000001556305173,budget_exhausted,5.000000000121749,True,True,True,"[[334279.5143309487,5724953.622312844],[334339.60537798965,5724953.622312844],[334369.65090151015,5725073.804406926],[334279.5143309487,5724923.576789323],[334339.60537798965,5725073.804406926]]",bf8648c958dc56b9817789881f463fceb77d3e5d0f270480b609ac49aec5581c,d80331eac00dc0e4e05c41566970eae85b814e803e3e38772941c707b6810293,650558c8786bcad7f7e22cfe389c846dcd555319fa1644a42b276ee9f7cd76be,2375072754,null,5504,1122.8077719052671,matched_prior_exact,0,stationary,1,"{""fraction"":0.5,""k"":1,""stage"":""c7-timing""}",e48f7e450930aa2cad23001d8a223a0347fc2e867d4f90039ce62228ac53c328,0.8952347274107377,10329,10330,1.0000000000000004,none,0.0,True,revision_C_base@712b395,712b395,5ede81cb5815049fe381f461ce5502b4a13d3d3945ab77c4b78242c6d10572b8,c7-timing_20260911_041506_496602_705c3cf8,705c3cf8d1b3a80735499262310009dc0b3cd9c5e151de83f16ab60a82062b6e,none,none,none,evidence,revision_B_base,revision_B_base,0.5,0.8,10000.0,none,5,200000.0,xlarge,45.0,80.0,5.0,0.5,1.0
10,42,pizza_replan_midflight,pizza_replan,midflight_failure,[3],c4_frozen,2976144255,0.5,4008,100000.57950051368,4008.0,[],[],True,0,0.0,0,0.1933146869613047,8900.83355323206,7839.235681272952,3663.044173073036,0.1935920909762476,0.14975120577598966,0.04356348118531503,0.051236157559122156,12.73879353441093,0.9214996304556841,9013,9014,0.18162752828331905,7016.005199160114,0.8768910385151999,200018.19251121173,1.0000909625560586,budget_exhausted,5.000000000918218,True,True,True,"[[334279.5143309487,5724953.622312844],[334339.60537798965,5724953.622312844],[334369.65090151015,5725073.804406926],[334279.5143309487,5724923.576789323],[334339.60537798965,5725073.804406926]]",bf8648c958dc56b9817789881f463fceb77d3e5d0f270480b609ac49aec5581c,c5da2a3b02ad8e5617baae45986696ca8474c1538dad123418750086670ac117,eae6cdee7e47765bdc1a201ff46144f68c2e5e9c448e5af0235a22d5354bfabf,2375072754,"{""assignment"":{""0"":[1,""forward""],""1"":[3,""forward""],""2"":[0,""forward""],""4"":[2,""forward""]},""assignment_cost"":3816.88016471019,""deadhead_fraction_remaining_budget"":0.038169022836785305,""deadhead_per_drone"":{""0"":278.7231102093033,""1"":617.0550031767225,""2"":346.4844928740224,""4"":2574.617558450142},""deadhead_total"":3816.88016471019,""empty_sectors"":0,""generator"":""generate_pizza_zigzag_path(overlap=0.0, path_point_spacing_m=10.0, border_gap_m=0.0)"",""num_sectors"":4,""orientations_per_sector"":{""0"":""forward"",""1"":""forward"",""2"":""forward"",""4"":""forward""},""prefix_removed_total"":6923,""route_length_after_replan"":{""0"":1152219.6166224296,""1"":1157225.4349640314,""2"":1156891.7108959458,""4"":1152219.6166224345},""search_inactive_uav_ids"":[],""suffix_removed_total"":0,""survivor_ids"":[0,1,2,4],""task_splits"":0}",0,0.0,matched_prior_exact,0,stationary,1,"{""fraction"":0.5,""k"":1,""stage"":""c7-timing""}",e48f7e450930aa2cad23001d8a223a0347fc2e867d4f90039ce62228ac53c328,0.8616489402935198,10329,10330,0.9287916503085852,none,0.011167957413911966,True,revision_C_base@712b395,712b395,5ede81cb5815049fe381f461ce5502b4a13d3d3945ab77c4b78242c6d10572b8,c7-timing_20260911_041506_496602_705c3cf8,705c3cf8d1b3a80735499262310009dc0b3cd9c5e151de83f16ab60a82062b6e,none,none,none,evidence,revision_B_base,revision_B_base,0.5,0.8,10000.0,none,5,200000.0,xlarge,45.0,80.0,5.0,0.5,1.0
10,42,pizza_fixed_midflight,pizza_fixed,midflight_failure,[3],c4_frozen,2976144255,0.5,4008,100000.57950051368,4008.0,[],[],True,0,0.0,0,0.2134875574965699,8790.717057556392,7754.880170779356,3663.044173073036,0.21391860193966666,0.14975120577598966,0.06373635172058023,0.07496200189116407,10.929657930443476,0.908505828236893,9012,9013,0.20300458047791864,6953.231844540727,0.8690453498988535,200009.0976322573,1.0000454881612866,budget_exhausted,5.000000000918218,True,True,True,"[[334279.5143309487,5724953.622312844],[334339.60537798965,5724953.622312844],[334369.65090151015,5725073.804406926],[334279.5143309487,5724923.576789323],[334339.60537798965,5725073.804406926]]",bf8648c958dc56b9817789881f463fceb77d3e5d0f270480b609ac49aec5581c,c4c427a94dae234f82cfb22f585b29e5073a0a247da37a3ee985f657216dcd31,eae6cdee7e47765bdc1a201ff46144f68c2e5e9c448e5af0235a22d5354bfabf,2375072754,null,0,0.0,matched_prior_exact,0,stationary,1,"{""fraction"":0.5,""k"":1,""stage"":""c7-timing""}",e48f7e450930aa2cad23001d8a223a0347fc2e867d4f90039ce62228ac53c328,0.850989066559186,10329,10330,1.025713379383732,none,0.0005080836795782195,True,revision_C_base@712b395,712b395,5ede81cb5815049fe381f461ce5502b4a13d3d3945ab77c4b78242c6d10572b8,c7-timing_20260911_041506_496602_705c3cf8,705c3cf8d1b3a80735499262310009dc0b3cd9c5e151de83f16ab60a82062b6e,none,none,none,evidence,revision_B_base,revision_B_base,0.5,0.8,10000.0,none,5,200000.0,xlarge,45.0,80.0,5.0,0.5,1.0
10,42,random_uniform_n8_uncoordinated,random_uniform_n8_uncoordinated,midflight_failure,[3],c4_frozen,2976144255,0.5,4000,100000.0,4000.0,[],[],True,0,0.0,0,0.01063557637007135,10279.694536553403,8964.829217548997,3998.3679925438905,0.01067190094990661,0.0009801596243994334,0.009655416745671917,0.009664889880507057,220.07091172214183,0.995456010100678,9000,9001,0.00863601633767006,7974.47802176718,0.9966851670750131,200000.0,1.0,budget_exhausted,5.000000000465136,True,True,True,"[[334279.5143309487,5724953.622312844],[334339.60537798965,5724953.622312844],[334369.65090151015,5725073.804406926],[334279.5143309487,5724923.576789323],[334339.60537798965,5725073.804406926]]",bf8648c958dc56b9817789881f463fceb77d3e5d0f270480b609ac49aec5581c,7d1295899128a6dfdb8599d9bd9aa40ca05c5cdce29628314a3aaadae2f2b7be,6ce870d34b0afc086675ba999e08b546474adb13a3641e27ed4242fbb59053a4,2375072754,null,9000,0.0,matched_prior_exact,0,stationary,1,"{""fraction"":0.5,""k"":1,""stage"":""c7-timing""}",e48f7e450930aa2cad23001d8a223a0347fc2e867d4f90039ce62228ac53c328,0.9951301584272413,10329,10330,1.2315373146851678,none,-0.0003552955627684762,True,revision_C_base@712b395,712b395,5ede81cb5815049fe381f461ce5502b4a13d3d3945ab77c4b78242c6d10572b8,c7-timing_20260911_041506_496602_705c3cf8,705c3cf8d1b3a80735499262310009dc0b3cd9c5e151de83f16ab60a82062b6e,none,none,none,evidence,revision_B_base,revision_B_base,0.5,0.8,10000.0,none,5,200000.0,xlarge,45.0,80.0,5.0,0.5,1.0
10,42,dynamic_evidence_3step,dynamic_3step,midflight_failure,[3],c4_frozen,2976144255,0.75,6553,150008.6655924129,6553.0,[],[],True,0,0.0,0,0.2469716885948297,7917.078973821602,7598.547998097315,5511.18706605295,0.24712357030130458,0.22025148544777565,0.02672020314705406,0.034267719204823764,17.30875941339675,0.9422257842912755,9278,9279,0.23444321710164745,6628.558998345593,0.8284663165036361,200010.7116222306,1.000053558111153,budget_exhausted,5.000000000294457,True,True,True,"[[334279.5143309487,5724953.622312844],[334339.60537798965,5724953.622312844],[334369.65090151015,5725073.804406926],[334279.5143309487,5724923.576789323],[334339.60537798965,5725073.804406926]]",bf8648c958dc56b9817789881f463fceb77d3e5d0f270480b609ac49aec5581c,983eb15df31af767d9ab00bc94d37cc0638880c298b7b52f6e6a6ff697aaecec,aa9b18789c467071ee8e46fd68c8f6c21e45ad3aa8949420809f96f4bca3f1e9,2375072754,null,4184,880.7618136953679,matched_prior_exact,0,stationary,1,"{""fraction"":0.75,""k"":1,""stage"":""c7-timing""}",1afd6aad4615879250c18a49e0765e646d736ba5546c63af535ab9149ba3f9ac,0.8160254559700683,9701,9702,0.955033943594759,none,0.007453347838229263,True,revision_C_base@712b395,712b395,5ede81cb5815049fe381f461ce5502b4a13d3d3945ab77c4b78242c6d10572b8,c7-timing_20260911_041506_496602_705c3cf8,705c3cf8d1b3a80735499262310009dc0b3cd9c5e151de83f16ab60a82062b6e,none,none,none,evidence,revision_B_base,revision_B_base,0.5,0.8,10000.0,none,5,200000.0,xlarge,45.0,80.0,5.0,0.5,1.0
10,42,online_static_3step,online_static_3step,midflight_failure,[3],c4_frozen,2976144255,0.75,6790,150013.06410512934,6790.0,[],[],True,0,0.0,0,0.11071819686365005,8689.305761783313,8689.305761783313,6100.606432853281,0.1108406907182031,0.11071819686365005,0.0,0.0,101.66833890746935,0.9901640962098326,9701,9702,0.11071819686365005,7176.63741464825,0.8969675558865454,200003.67867277795,1.0000183933638898,budget_exhausted,5.000000000121749,True,True,True,"[[334279.5143309487,5724953.622312844],[334339.60537798965,5724953.622312844],[334369.65090151015,5725073.804406926],[334279.5143309487,5724923.576789323],[334339.60537798965,5725073.804406926]]",bf8648c958dc56b9817789881f463fceb77d3e5d0f270480b609ac49aec5581c,9be52cf592fbc03316dd7a6b8b3b7cc9e1f8ad4a17f8b6e855c74e755b761340,efad0e9b67ec94407b8907f399023bcd60d7843c7128988955159110ed0db746,2375072754,null,4548,893.8185714933497,matched_prior_exact,0,stationary,1,"{""fraction"":0.75,""k"":1,""stage"":""c7-timing""}",1afd6aad4615879250c18a49e0765e646d736ba5546c63af535ab9149ba3f9ac,0.8956200537810053,9701,9702,1.0000000000000004,none,0.000385326370267558,True,revision_C_base@712b395,712b395,5ede81cb5815049fe381f461ce5502b4a13d3d3945ab77c4b78242c6d10572b8,c7-timing_20260911_041506_496602_705c3cf8,705c3cf8d1b3a80735499262310009dc0b3cd9c5e151de83f16ab60a82062b6e,none,none,none,evidence,revision_B_base,revision_B_base,0.5,0.8,10000.0,none,5,200000.0,xlarge,45.0,80.0,5.0,0.5,1.0
10,42,pizza_replan_midflight,pizza_replan,midflight_failure,[3],c4_frozen,2976144255,0.75,6010,150012.61915094266,6010.0,[],[],True,0,0.0,0,0.17916386866042439,8366.95239261039,7390.978232447549,5337.0634161293865,0.17940430649703312,0.1788948663830231,0.0002690022774012868,0.000327610029931647,14.684104046242775,0.9318991477552305,8512,8513,0.17915197178215625,6970.7058375116885,0.8712293260232081,200003.36570708745,1.0000168285354372,budget_exhausted,5.000000000918218,True,True,True,"[[334279.5143309487,5724953.622312844],[334339.60537798965,5724953.622312844],[334369.65090151015,5725073.804406926],[334279.5143309487,5724923.576789323],[334339.60537798965,5725073.804406926]]",bf8648c958dc56b9817789881f463fceb77d3e5d0f270480b609ac49aec5581c,86c289291fb9fe5c74ab690a49f468dfe4301398709cfc0cebec8ad22169eab2,38074f2fdffd9b44e6696f0780d44d109c2b6ba686f60d2570da5e9b47545e4c,2375072754,"{""assignment"":{""0"":[1,""forward""],""1"":[3,""forward""],""2"":[0,""forward""],""4"":[2,""forward""]},""assignment_cost"":4877.599723441236,""deadhead_fraction_remaining_budget"":0.09757662115104031,""deadhead_per_drone"":{""0"":468.4647363079305,""1"":691.2207647100046,""2"":764.9491455067474,""4"":2952.965076916553},""deadhead_total"":4877.599723441236,""empty_sectors"":0,""generator"":""generate_pizza_zigzag_path(overlap=0.0, path_point_spacing_m=10.0, border_gap_m=0.0)"",""num_sectors"":4,""orientations_per_sector"":{""0"":""forward"",""1"":""forward"",""2"":""forward"",""4"":""forward""},""prefix_removed_total"":6923,""route_length_after_replan"":{""0"":1152219.6166224296,""1"":1157225.4349640314,""2"":1156891.7108959458,""4"":1152219.6166224345},""search_inactive_uav_ids"":[],""suffix_removed_total"":0,""survivor_ids"":[0,1,2,4],""task_splits"":0}",0,0.0,matched_prior_exact,0,stationary,1,"{""fraction"":0.75,""k"":1,""stage"":""c7-timing""}",1afd6aad4615879250c18a49e0765e646d736ba5546c63af535ab9149ba3f9ac,0.8623945982900835,9701,9702,0.8608032212373767,none,0.011913615410475642,True,revision_C_base@712b395,712b395,5ede81cb5815049fe381f461ce5502b4a13d3d3945ab77c4b78242c6d10572b8,c7-timing_20260911_041506_496602_705c3cf8,705c3cf8d1b3a80735499262310009dc0b3cd9c5e151de83f16ab60a82062b6e,none,none,none,evidence,revision_B_base,revision_B_base,0.5,0.8,10000.0,none,5,200000.0,xlarge,45.0,80.0,5.0,0.5,1.0
10,42,pizza_fixed_midflight,pizza_fixed,midflight_failure,[3],c4_frozen,2976144255,0.75,6010,150012.61915094266,6010.0,[],[],True,0,0.0,0,0.21159066402321144,8286.093156591582,7347.886046779294,5337.0634161293865,0.21201989017232267,0.1788948663830231,0.032695797640188345,0.03981925858405367,10.943502824858758,0.9086215797625193,8511,8512,0.20609578741111045,6943.369453024739,0.8678127050399624,200002.1035386081,1.0000105176930405,budget_exhausted,5.000000000918218,True,True,True,"[[334279.5143309487,5724953.622312844],[334339.60537798965,5724953.622312844],[334369.65090151015,5725073.804406926],[334279.5143309487,5724923.576789323],[334339.60537798965,5725073.804406926]]",bf8648c958dc56b9817789881f463fceb77d3e5d0f270480b609ac49aec5581c,5f792ac4cda43190c509b4848110f303a1cab96a23692d1f68468477a686b4a6,38074f2fdffd9b44e6696f0780d44d109c2b6ba686f60d2570da5e9b47545e4c,2375072754,null,0,0.0,matched_prior_exact,0,stationary,1,"{""fraction"":0.75,""k"":1,""stage"":""c7-timing""}",1afd6aad4615879250c18a49e0765e646d736ba5546c63af535ab9149ba3f9ac,0.8540603129861453,9701,9702,1.0165996444302527,none,0.0035793301065374372,True,revision_C_base@712b395,712b395,5ede81cb5815049fe381f461ce5502b4a13d3d3945ab77c4b78242c6d10572b8,c7-timing_20260911_041506_496602_705c3cf8,705c3cf8d1b3a80735499262310009dc0b3cd9c5e151de83f16ab60a82062b6e,none,none,none,evidence,revision_B_base,revision_B_base,0.5,0.8,10000.0,none,5,200000.0,xlarge,45.0,80.0,5.0,0.5,1.0
10,42,random_uniform_n8_uncoordinated,random_uniform_n8_uncoordinated,midflight_failure,[3],c4_frozen,2976144255,0.75,6000,150000.0,6000.0,[],[],True,0,0.0,0,0.009516266764983402,9659.461239213008,8469.890275597312,5990.052464490452,0.009545989161890903,0.006730233989548534,0.002786032775434868,0.00280491047928016,218.81870503597122,0.9954300067727957,8500,8501,0.00863601633767006,7974.47802176718,0.9966851670750131,200000.0,1.0,budget_exhausted,5.000000000465136,True,True,True,"[[334279.5143309487,5724953.622312844],[334339.60537798965,5724953.622312844],[334369.65090151015,5725073.804406926],[334279.5143309487,5724923.576789323],[334339.60537798965,5725073.804406926]]",bf8648c958dc56b9817789881f463fceb77d3e5d0f270480b609ac49aec5581c,77d68146c40e315050492dfa28d597959696a877bc95a07e50b87b103c206d57,7b1876ed080dedf350948105e0bff9db3034fac78b15e03938f9570e790d952d,2375072754,null,8500,0.0,matched_prior_exact,0,stationary,1,"{""fraction"":0.75,""k"":1,""stage"":""c7-timing""}",1afd6aad4615879250c18a49e0765e646d736ba5546c63af535ab9149ba3f9ac,0.9956154647714912,9701,9702,1.1019278325671735,none,0.00013001078148144884,True,revision_C_base@712b395,712b395,5ede81cb5815049fe381f461ce5502b4a13d3d3945ab77c4b78242c6d10572b8,c7-timing_20260911_041506_496602_705c3cf8,705c3cf8d1b3a80735499262310009dc0b3cd9c5e151de83f16ab60a82062b6e,none,none,none,evidence,revision_B_base,revision_B_base,0.5,0.8,10000.0,none,5,200000.0,xlarge,45.0,80.0,5.0,0.5,1.0
10,43,dynamic_evidence_3step,dynamic_3step,midflight_failure,[2],c4_frozen,4273844901,0.25,2178,50008.63858314766,2178.0,[],[],True,0,0.0,0,0.26757838113298316,8652.032846004375,8406.671603683926,1970.8226743530442,0.26774882337891365,0.1550774396890168,0.11250094144396636,0.13314941123427823,17.414648729446935,0.9425770788985786,10377,10378,0.23348524812541865,6621.781440137163,0.8276192276136937,200019.85964573882,1.000099298228694,budget_exhausted,5.000000000121749,True,True,True,"[[334279.5143309487,5724983.667836364],[334369.65090151015,5725013.713359885],[334249.4688074282,5724983.667836364],[334279.5143309487,5724953.622312844],[334219.4232839077,5725043.7588834055]]",f6c8eacd52200e5d87cb440cb59a1ac48d05a35e3dc2ced7ce1160db7bb3a978,469b54e53cc64423107f5f963b87b5b4c1dd0d0814277e3cdf06e7c7971874e0,08035770a3a002817fe756cfa14ed808453ebb9339da2b0cc4762b07c9011be9,1717360071,null,4443,472.2932878168067,matched_prior_exact,0,stationary,1,"{""fraction"":0.25,""k"":1,""stage"":""c7-timing""}",afb392704cd91dc121192dd93c7aa1904370ee07844253dff5b4afaa9642f3ae,0.8076199800246779,10712,10713,0.8521686388899463,none,0.02392464160147778,True,revision_C_base@712b395,712b395,5ede81cb5815049fe381f461ce5502b4a13d3d3945ab77c4b78242c6d10572b8,c7-timing_20260911_041506_496602_705c3cf8,705c3cf8d1b3a80735499262310009dc0b3cd9c5e151de83f16ab60a82062b6e,none,none,none,evidence,revision_B_base,revision_B_base,0.5,0.8,10000.0,none,5,200000.0,xlarge,45.0,80.0,5.0,0.5,1.0
10,43,online_static_3step,online_static_3step,midflight_failure,[2],c4_frozen,4273844901,0.25,2190,50023.26139175018,2190.0,[],[],True,0,0.0,0,0.1241202130327009,9468.027506815908,9468.027506815908,2003.7799622239029,0.12423084988846808,0.1241202022761239,1.0756577004111811e-08,1.2280882641733057e-08,86.8289156626506,0.9884830992951101,10712,10713,0.1241202130327009,7092.641524560349,0.8864693818973065,200003.1973897473,1.0000159869487366,budget_exhausted,5.000000000121749,True,True,True,"[[334279.5143309487,5724983.667836364],[334369.65090151015,5725013.713359885],[334249.4688074282,5724983.667836364],[334279.5143309487,5724953.622312844],[334219.4232839077,5725043.7588834055]]",f6c8eacd52200e5d87cb440cb59a1ac48d05a35e3dc2ced7ce1160db7bb3a978,9be432cc58d9a23b258a6fe78f8200bad28051f58e907a9f2beab616d897a6a0,1f749f81e311b56d6dc7a7d7df53d0459f36cae869c2e565c725672f111f1f3b,1717360071,null,5292,570.9801809591299,matched_prior_exact,0,stationary,1,"{""fraction"":0.25,""k"":1,""stage"":""c7-timing""}",afb392704cd91dc121192dd93c7aa1904370ee07844253dff5b4afaa9642f3ae,0.8837886219374506,10712,10713,1.0000000866625804,none,-0.0004700647708847372,True,revision_C_base@712b395,712b395,5ede81cb5815049fe381f461ce5502b4a13d3d3945ab77c4b78242c6d10572b8,c7-timing_20260911_041506_496602_705c3cf8,705c3cf8d1b3a80735499262310009dc0b3cd9c5e151de83f16ab60a82062b6e,none,none,none,evidence,revision_B_base,revision_B_base,0.5,0.8,10000.0,none,5,200000.0,xlarge,45.0,80.0,5.0,0.5,1.0
10,43,pizza_replan_midflight,pizza_replan,midflight_failure,[2],c4_frozen,4273844901,0.25,2006,50000.82274249324,2006.0,[],[],True,0,0.0,0,0.20706629213990402,9166.395185808304,8214.874736375908,1915.6554492890189,0.2074960014981988,0.0933441798583205,0.11372211228158352,0.1254303008431718,11.02591419522027,0.9093045726372966,9512,9513,0.191615776954211,7004.00861339455,0.875391652717729,200004.43265972662,1.000022163298633,budget_exhausted,5.000000000894488,True,True,True,"[[334279.5143309487,5724983.667836364],[334369.65090151015,5725013.713359885],[334249.4688074282,5724983.667836364],[334279.5143309487,5724953.622312844],[334219.4232839077,5725043.7588834055]]",f6c8eacd52200e5d87cb440cb59a1ac48d05a35e3dc2ced7ce1160db7bb3a978,8da609869133f387ec50b47d3e06fbf322061ff2da840cd8d108183c8e430c67,7e9a247257e9d238ed3fabce0b02661e3f2631d9b8cf2417701d15846966f360,1717360071,"{""assignment"":{""0"":[1,""forward""],""1"":[0,""forward""],""3"":[3,""forward""],""4"":[2,""forward""]},""assignment_cost"":995.5618907098813,""deadhead_fraction_remaining_budget"":0.006637115675646534,""deadhead_per_drone"":{""0"":50.8212498428268,""1"":10.17321105749822,""3"":536.9915112104845,""4"":397.5759185990717},""deadhead_total"":995.5618907098813,""empty_sectors"":0,""generator"":""generate_pizza_zigzag_path(overlap=0.0, path_point_spacing_m=10.0, border_gap_m=0.0)"",""num_sectors"":4,""orientations_per_sector"":{""0"":""forward"",""1"":""forward"",""3"":""forward"",""4"":""forward""},""prefix_removed_total"":4369,""route_length_after_replan"":{""0"":1161303.1826265266,""1"":1161091.6189178592,""3"":1161303.1826265282,""4"":1161303.1826265343},""search_inactive_uav_ids"":[],""suffix_removed_total"":0,""survivor_ids"":[0,1,3,4],""task_splits"":0}",0,0.0,matched_prior_exact,0,stationary,1,"{""fraction"":0.25,""k"":1,""stage"":""c7-timing""}",afb392704cd91dc121192dd93c7aa1904370ee07844253dff5b4afaa9642f3ae,0.855632893289303,10712,10713,0.9953169439688709,none,0.0039324564468372625,True,revision_C_base@712b395,712b395,5ede81cb5815049fe381f461ce5502b4a13d3d3945ab77c4b78242c6d10572b8,c7-timing_20260911_041506_496602_705c3cf8,705c3cf8d1b3a80735499262310009dc0b3cd9c5e151de83f16ab60a82062b6e,none,none,none,evidence,revision_B_base,revision_B_base,0.5,0.8,10000.0,none,5,200000.0,xlarge,45.0,80.0,5.0,0.5,1.0
10,43,pizza_fixed_midflight,pizza_fixed,midflight_failure,[2],c4_frozen,4273844901,0.25,2006,50000.82274249324,2006.0,[],[],True,0,0.0,0,0.20802153551487074,9162.550029226737,8212.175871844356,1915.6554492890189,0.20837592407706385,0.0933441798583205,0.11467735565655024,0.12648389069915206,10.910387110572467,0.9083442237323576,9512,9513,0.1933931827726972,7003.617636398678,0.875342786701497,200000.19396654624,1.0000009698327312,budget_exhausted,5.000000000917254,True,True,True,"[[334279.5143309487,5724983.667836364],[334369.65090151015,5725013.713359885],[334249.4688074282,5724983.667836364],[334279.5143309487,5724953.622312844],[334219.4232839077,5725043.7588834055]]",f6c8eacd52200e5d87cb440cb59a1ac48d05a35e3dc2ced7ce1160db7bb3a978,541c41fcf137cc7071fbe49d93a11eed1459903f7953ce67b2e881dad7ee748b,7e9a247257e9d238ed3fabce0b02661e3f2631d9b8cf2417701d15846966f360,1717360071,null,0,0.0,matched_prior_exact,0,stationary,1,"{""fraction"":0.25,""k"":1,""stage"":""c7-timing""}",afb392704cd91dc121192dd93c7aa1904370ee07844253dff5b4afaa9642f3ae,0.8552739689374346,10712,10713,0.9999085648787388,none,0.003573532094968801,True,revision_C_base@712b395,712b395,5ede81cb5815049fe381f461ce5502b4a13d3d3945ab77c4b78242c6d10572b8,c7-timing_20260911_041506_496602_705c3cf8,705c3cf8d1b3a80735499262310009dc0b3cd9c5e151de83f16ab60a82062b6e,none,none,none,evidence,revision_B_base,revision_B_base,0.5,0.8,10000.0,none,5,200000.0,xlarge,45.0,80.0,5.0,0.5,1.0
10,43,random_uniform_n8_uncoordinated,random_uniform_n8_uncoordinated,midflight_failure,[2],c4_frozen,4273844901,0.25,2000,50000.0,2000.0,[],[],True,0,0.0,0,0.015290015985843492,10647.072437131968,9453.603936506246,1999.0069064906352,0.015403434985533844,0.0019137692587772581,0.013376246727066235,0.013401894861461466,256.4907251264755,0.9961012235451909,9500,9501,0.009418411584834096,7972.50883223046,0.996439049147664,200000.0,1.0,budget_exhausted,5.000000000465831,True,True,True,"[[334279.5143309487,5724983.667836364],[334369.65090151015,5725013.713359885],[334249.4688074282,5724983.667836364],[334279.5143309487,5724953.622312844],[334219.4232839077,5725043.7588834055]]",f6c8eacd52200e5d87cb440cb59a1ac48d05a35e3dc2ced7ce1160db7bb3a978,959fe009f03bf8a79244e3450afd46fcf5e7a0da5294f6b84e90c5f6bd223bba,7cfdf7a35c0ba50c7b1fb7b41a9477355217631704f7150d84d952ba20a35470,1717360071,null,9500,0.0,matched_prior_exact,0,stationary,1,"{""fraction"":0.25,""k"":1,""stage"":""c7-timing""}",afb392704cd91dc121192dd93c7aa1904370ee07844253dff5b4afaa9642f3ae,0.9938460223216623,10712,10713,1.47959538450521,none,-0.0009710609297692852,True,revision_C_base@712b395,712b395,5ede81cb5815049fe381f461ce5502b4a13d3d3945ab77c4b78242c6d10572b8,c7-timing_20260911_041506_496602_705c3cf8,705c3cf8d1b3a80735499262310009dc0b3cd9c5e151de83f16ab60a82062b6e,none,none,none,evidence,revision_B_base,revision_B_base,0.5,0.8,10000.0,none,5,200000.0,xlarge,45.0,80.0,5.0,0.5,1.0
10,43,dynamic_evidence_3step,dynamic_3step,midflight_failure,[2],c4_frozen,4273844901,0.5,4381,100022.29776771108,4381.0,[],[],True,0,0.0,0,0.28703991829059494,8038.7733384880385,7844.135236181343,3767.015211087712,0.2872513215906606,0.21223466782724817,0.07480525046334677,0.09495879979514314,15.496014171833481,0.9354672763646756,9838,9839,0.2692095497659799,6517.123689668934,0.814538643878132,200013.8508962526,1.000069254481263,budget_exhausted,5.000000000121749,True,True,True,"[[334279.5143309487,5724983.667836364],[334369.65090151015,5725013.713359885],[334249.4688074282,5724983.667836364],[334279.5143309487,5724953.622312844],[334219.4232839077,5725043.7588834055]]",f6c8eacd52200e5d87cb440cb59a1ac48d05a35e3dc2ced7ce1160db7bb3a978,049356479b63a28c8404885d1e827f665a94ca705117b2f6235b6d2b6e6c8cac,99ea0ace36b82259a69d0a02752d14ec36ae9678f3eac1c8c45e0d1b324b0b52,1717360071,null,4348,499.0165214234439,matched_prior_exact,0,stationary,1,"{""fraction"":0.5,""k"":1,""stage"":""c7-timing""}",e48f7e450930aa2cad23001d8a223a0347fc2e867d4f90039ce62228ac53c328,0.7949736292017443,10111,10112,0.9141486522231829,none,0.011278290778544142,True,revision_C_base@712b395,712b395,5ede81cb5815049fe381f461ce5502b4a13d3d3945ab77c4b78242c6d10572b8,c7-timing_20260911_041506_496602_705c3cf8,705c3cf8d1b3a80735499262310009dc0b3cd9c5e151de83f16ab60a82062b6e,none,none,none,evidence,revision_B_base,revision_B_base,0.5,0.8,10000.0,none,5,200000.0,xlarge,45.0,80.0,5.0,0.5,1.0
10,43,online_static_3step,online_static_3step,midflight_failure,[2],c4_frozen,4273844901,0.5,4430,100017.37582331544,4430.0,[],[],True,0,0.0,0,0.1241202130327009,8941.62377894304,8941.62377894304,3965.750709125337,0.12423084988846808,0.1241202022761239,1.0756577004111811e-08,1.2280882641733057e-08,86.51228915662651,0.9884409485663991,10111,10112,0.1241202130327009,7092.641548655081,0.8864693849087716,200004.77552833623,1.0000238776416812,budget_exhausted,5.000000000121749,True,True,True,"[[334279.5143309487,5724983.667836364],[334369.65090151015,5725013.713359885],[334249.4688074282,5724983.667836364],[334279.5143309487,5724953.622312844],[334219.4232839077,5725043.7588834055]]",f6c8eacd52200e5d87cb440cb59a1ac48d05a35e3dc2ced7ce1160db7bb3a978,d500ff884f4e5ae73ce3b9e25cfb983a7324e1641ed659378d42398f73280852,fb1771db6ad5a5da088c42444e0ca8694e4a61dd8d642deb511592fac486fbfd,1717360071,null,5138,539.8495120680018,matched_prior_exact,0,stationary,1,"{""fraction"":0.5,""k"":1,""stage"":""c7-timing""}",e48f7e450930aa2cad23001d8a223a0347fc2e867d4f90039ce62228ac53c328,0.8842586806707912,10111,10112,1.0000000866625804,none,-6.037544131309858e-09,True,revision_C_base@712b395,712b395,5ede81cb5815049fe381f461ce5502b4a13d3d3945ab77c4b78242c6d10572b8,c7-timing_20260911_041506_496602_705c3cf8,705c3cf8d1b3a80735499262310009dc0b3cd9c5e151de83f16ab60a82062b6e,none,none,none,evidence,revision_B_base,revision_B_base,0.5,0.8,10000.0,none,5,200000.0,xlarge,45.0,80.0,5.0,0.5,1.0
10,43,pizza_replan_midflight,pizza_replan,midflight_failure,[2],c4_frozen,4273844901,0.5,4009,100021.43162383235,4009.0,[],[],True,0,0.0,0,0.1944347918047004,8718.672653312145,7833.356489505545,3663.1470107886325,0.1947005891734986,0.14969550426420372,0.04473928754049669,0.05261560742635181,12.747205072584682,0.9215514307406341,9012,9013,0.1815238060256396,7011.384615888239,0.8763135377938056,200003.66089107996,1.0000183044553999,budget_exhausted,5.000000000917254,True,True,True,"[[334279.5143309487,5724983.667836364],[334369.65090151015,5725013.713359885],[334249.4688074282,5724983.667836364],[334279.5143309487,5724953.622312844],[334219.4232839077,5725043.7588834055]]",f6c8eacd52200e5d87cb440cb59a1ac48d05a35e3dc2ced7ce1160db7bb3a978,e532b7ac6ed56409ae0e661d807b931b79992d10dbf528881fbfe8fd165abb59,5a8dd2e47d48c2128954b2512d08b05aa2c737563301de5ff3b5cc966390b0d0,1717360071,"{""assignment"":{""0"":[1,""forward""],""1"":[0,""forward""],""3"":[3,""forward""],""4"":[2,""forward""]},""assignment_cost"":1964.3637969641054,""deadhead_fraction_remaining_budget"":0.019647848822691882,""deadhead_per_drone"":{""0"":28.401174713805958,""1"":313.9778892976795,""3"":640.8014186414044,""4"":981.1833143112153},""deadhead_total"":1964.3637969641054,""empty_sectors"":0,""generator"":""generate_pizza_zigzag_path(overlap=0.0, path_point_spacing_m=10.0, border_gap_m=0.0)"",""num_sectors"":4,""orientations_per_sector"":{""0"":""forward"",""1"":""forward"",""3"":""forward"",""4"":""forward""},""prefix_removed_total"":6722,""route_length_after_replan"":{""0"":1149249.3711796752,""1"":1157225.434964038,""3"":1157225.4349640314,""4"":1156891.7108959449},""search_inactive_uav_ids"":[],""suffix_removed_total"":0,""survivor_ids"":[0,1,3,4],""task_splits"":0}",0,0.0,matched_prior_exact,0,stationary,1,"{""fraction"":0.5,""k"":1,""stage"":""c7-timing""}",e48f7e450930aa2cad23001d8a223a0347fc2e867d4f90039ce62228ac53c328,0.862210507645584,10111,10112,0.9346004160325803,none,0.010510070803118277,True,revision_C_base@712b395,712b395,5ede81cb5815049fe381f461ce5502b4a13d3d3945ab77c4b78242c6d10572b8,c7-timing_20260911_041506_496602_705c3cf8,705c3cf8d1b3a80735499262310009dc0b3cd9c5e151de83f16ab60a82062b6e,none,none,none,evidence,revision_B_base,revision_B_base,0.5,0.8,10000.0,none,5,200000.0,xlarge,45.0,80.0,5.0,0.5,1.0
10,43,pizza_fixed_midflight,pizza_fixed,midflight_failure,[2],c4_frozen,4273844901,0.5,4009,100021.43162383235,4009.0,[],[],True,0,0.0,0,0.21334588920166303,8618.92465925417,7754.391791486823,3663.1470107886325,0.21372224889956706,0.14969550426420372,0.06365038493745931,0.07485599012666698,10.927775396485211,0.9084900664849281,9012,9013,0.20292922641782302,6952.632272602283,0.8689704127736886,200009.3187381848,1.000046593690924,budget_exhausted,5.000000000917254,True,True,True,"[[334279.5143309487,5724983.667836364],[334369.65090151015,5725013.713359885],[334249.4688074282,5724983.667836364],[334279.5143309487,5724953.622312844],[334219.4232839077,5725043.7588834055]]",f6c8eacd52200e5d87cb440cb59a1ac48d05a35e3dc2ced7ce1160db7bb3a978,f460b25f7c2742bfeb8fd57fefb32b15126fd238249be32a9f99df1697fb8c19,5a8dd2e47d48c2128954b2512d08b05aa2c737563301de5ff3b5cc966390b0d0,1717360071,null,0,0.0,matched_prior_exact,0,stationary,1,"{""fraction"":0.5,""k"":1,""stage"":""c7-timing""}",e48f7e450930aa2cad23001d8a223a0347fc2e867d4f90039ce62228ac53c328,0.8523461886129519,10111,10112,1.025501428813188,none,0.0006457517704860916,True,revision_C_base@712b395,712b395,5ede81cb5815049fe381f461ce5502b4a13d3d3945ab77c4b78242c6d10572b8,c7-timing_20260911_041506_496602_705c3cf8,705c3cf8d1b3a80735499262310009dc0b3cd9c5e151de83f16ab60a82062b6e,none,none,none,evidence,revision_B_base,revision_B_base,0.5,0.8,10000.0,none,5,200000.0,xlarge,45.0,80.0,5.0,0.5,1.0
10,43,random_uniform_n8_uncoordinated,random_uniform_n8_uncoordinated,midflight_failure,[2],c4_frozen,4273844901,0.5,4000,100000.0,4000.0,[],[],True,0,0.0,0,0.014497517177389568,10054.042806695195,8959.149548279258,3994.600445935601,0.014628915226985244,0.0030866701132082745,0.011410847064181294,0.01144617763860886,261.3006872852234,0.9961729913136109,9000,9001,0.009716762656343882,7970.90641028762,0.9962387714395226,200000.0,1.0,budget_exhausted,5.000000000465831,True,True,True,"[[334279.5143309487,5724983.667836364],[334369.65090151015,5725013.713359885],[334249.4688074282,5724983.667836364],[334279.5143309487,5724953.622312844],[334219.4232839077,5725043.7588834055]]",f6c8eacd52200e5d87cb440cb59a1ac48d05a35e3dc2ced7ce1160db7bb3a978,90148a0f2c788acb2eea20901e9c89626280935abd8cf0a7cbe8cec26298fbce,b4e5dca154d3474a31eb3a2b6747ddf65441369d8ccb1a31aaf6a3684745cf33,1717360071,null,9000,0.0,matched_prior_exact,0,stationary,1,"{""fraction"":0.5,""k"":1,""stage"":""c7-timing""}",e48f7e450930aa2cad23001d8a223a0347fc2e867d4f90039ce62228ac53c328,0.9942684737633698,10111,10112,1.4029062835716364,none,-0.0005486094880617909,True,revision_C_base@712b395,712b395,5ede81cb5815049fe381f461ce5502b4a13d3d3945ab77c4b78242c6d10572b8,c7-timing_20260911_041506_496602_705c3cf8,705c3cf8d1b3a80735499262310009dc0b3cd9c5e151de83f16ab60a82062b6e,none,none,none,evidence,revision_B_base,revision_B_base,0.5,0.8,10000.0,none,5,200000.0,xlarge,45.0,80.0,5.0,0.5,1.0
10,43,dynamic_evidence_3step,dynamic_3step,midflight_failure,[2],c4_frozen,4273844901,0.75,6564,150015.59709374272,6564.0,[],[],True,0,0.0,0,0.3102643691487168,7528.7811567606595,7395.662180006039,5438.451065068268,0.31051670216970095,0.261300050436852,0.048964318711864796,0.06628444842973293,13.686753571149794,0.9269366548610992,9317,9318,0.29310530871919804,6476.751217057862,0.8094927155427899,200010.66829511925,1.0000533414755963,budget_exhausted,5.000000000294395,True,True,True,"[[334279.5143309487,5724983.667836364],[334369.65090151015,5725013.713359885],[334249.4688074282,5724983.667836364],[334279.5143309487,5724953.622312844],[334219.4232839077,5725043.7588834055]]",f6c8eacd52200e5d87cb440cb59a1ac48d05a35e3dc2ced7ce1160db7bb3a978,75656bb19bce3164a9335d60d945dad2f7aee725139ce9b9f2216d24083b411a,bd4bd45fa59f14546dd6f78ee3bb54a51040d8a433e2276aeaf9a3d1557e40c0,1717360071,null,4361,513.7283026265213,matched_prior_exact,0,stationary,1,"{""fraction"":0.75,""k"":1,""stage"":""c7-timing""}",1afd6aad4615879250c18a49e0765e646d736ba5546c63af535ab9149ba3f9ac,0.7915867055788728,9510,9511,0.988112582316983,none,0.007891367155672624,True,revision_C_base@712b395,712b395,5ede81cb5815049fe381f461ce5502b4a13d3d3945ab77c4b78242c6d10572b8,c7-timing_20260911_041506_496602_705c3cf8,705c3cf8d1b3a80735499262310009dc0b3cd9c5e151de83f16ab60a82062b6e,none,none,none,evidence,revision_B_base,revision_B_base,0.5,0.8,10000.0,none,5,200000.0,xlarge,45.0,80.0,5.0,0.5,1.0
10,43,online_static_3step,online_static_3step,midflight_failure,[2],c4_frozen,4273844901,0.75,6670,150013.99946803076,6670.0,[],[],True,0,0.0,0,0.1241202130327009,8415.220051070815,8415.220051070815,5927.721456026964,0.12423084988846808,0.1241202022761239,1.0756577004111811e-08,1.2280882641733057e-08,86.19614457831325,0.988398553033988,9510,9511,0.1241202130327009,7092.641572749813,0.8864693879202367,200001.417616744,1.00000708808372,budget_exhausted,5.000000000121749,True,True,True,"[[334279.5143309487,5724983.667836364],[334369.65090151015,5725013.713359885],[334249.4688074282,5724983.667836364],[334279.5143309487,5724953.622312844],[334219.4232839077,5725043.7588834055]]",f6c8eacd52200e5d87cb440cb59a1ac48d05a35e3dc2ced7ce1160db7bb3a978,260503cbc48d9d10a41a562ff04558e0b645e21a8d92f14d739ea80fce8f9d3d,36b3474adbf667efdbc85a086dd60e952f4e6c75a1d9880057899effeec2eab1,1717360071,null,4984,545.906430096511,matched_prior_exact,0,stationary,1,"{""fraction"":0.75,""k"":1,""stage"":""c7-timing""}",1afd6aad4615879250c18a49e0765e646d736ba5546c63af535ab9149ba3f9ac,0.8847881454180229,9510,9511,1.0000000866625804,none,0.0005294587096875691,True,revision_C_base@712b395,712b395,5ede81cb5815049fe381f461ce5502b4a13d3d3945ab77c4b78242c6d10572b8,c7-timing_20260911_041506_496602_705c3cf8,705c3cf8d1b3a80735499262310009dc0b3cd9c5e151de83f16ab60a82062b6e,none,none,none,evidence,revision_B_base,revision_B_base,0.5,0.8,10000.0,none,5,200000.0,xlarge,45.0,80.0,5.0,0.5,1.0
10,43,pizza_replan_midflight,pizza_replan,midflight_failure,[2],c4_frozen,4273844901,0.75,6010,150002.88870912697,6010.0,[],[],True,0,0.0,0,0.18716657751799687,8192.186334760723,7380.978579123599,5336.336705863949,0.1874111385953712,0.17884478016342037,0.008321797354576499,0.010134256171729191,13.6078501338091,0.9265130060834906,8512,8513,0.18516242370677327,6964.269265691011,0.8704248551044883,200000.70908818665,1.0000035454409333,budget_exhausted,5.000000000917254,True,True,True,"[[334279.5143309487,5724983.667836364],[334369.65090151015,5725013.713359885],[334249.4688074282,5724983.667836364],[334279.5143309487,5724953.622312844],[334219.4232839077,5725043.7588834055]]",f6c8eacd52200e5d87cb440cb59a1ac48d05a35e3dc2ced7ce1160db7bb3a978,c1b450798f797922a29ae0af2871903b7c9f7a3a1c225c0ea4a4892778c49c0a,92e5613a781ef0ea0f6d6fe5a5fa3014b4c995ae99b761d3530729e8709a612f,1717360071,"{""assignment"":{""0"":[2,""forward""],""1"":[0,""forward""],""3"":[3,""forward""],""4"":[1,""forward""]},""assignment_cost"":3892.8093588164065,""deadhead_fraction_remaining_budget"":0.07786068551378565,""deadhead_per_drone"":{""0"":2599.0006089927056,""1"":602.2532534092603,""3"":681.3450431891428,""4"":10.210453225297927},""deadhead_total"":3892.8093588164065,""empty_sectors"":0,""generator"":""generate_pizza_zigzag_path(overlap=0.0, path_point_spacing_m=10.0, border_gap_m=0.0)"",""num_sectors"":4,""orientations_per_sector"":{""0"":""forward"",""1"":""forward"",""3"":""forward"",""4"":""forward""},""prefix_removed_total"":7857,""route_length_after_replan"":{""0"":1156891.7108959449,""1"":1157225.434964038,""3"":1157225.4349640314,""4"":1137550.770245457},""search_inactive_uav_ids"":[],""suffix_removed_total"":0,""survivor_ids"":[0,1,3,4],""task_splits"":0}",0,0.0,matched_prior_exact,0,stationary,1,"{""fraction"":0.75,""k"":1,""stage"":""c7-timing""}",1afd6aad4615879250c18a49e0765e646d736ba5546c63af535ab9149ba3f9ac,0.8613380648470953,9510,9511,0.8996638903567117,none,0.009637628004629528,True,revision_C_base@712b395,712b395,5ede81cb5815049fe381f461ce5502b4a13d3d3945ab77c4b78242c6d10572b8,c7-timing_20260911_041506_496602_705c3cf8,705c3cf8d1b3a80735499262310009dc0b3cd9c5e151de83f16ab60a82062b6e,none,none,none,evidence,revision_B_base,revision_B_base,0.5,0.8,10000.0,none,5,200000.0,xlarge,45.0,80.0,5.0,0.5,1.0
10,43,pizza_fixed_midflight,pizza_fixed,midflight_failure,[2],c4_frozen,4273844901,0.75,6010,150002.88870912697,6010.0,[],[],True,0,0.0,0,0.21143967215289478,8135.079763990635,7348.096556799148,5336.336705863949,0.21182087036923197,0.17884478016342037,0.032594891989474406,0.039693947261226936,10.937508937508937,0.9085715032816463,8512,8513,0.20602063812470006,6942.738089498838,0.8677337944630469,200011.34159928813,1.0000567079964406,budget_exhausted,5.000000000917254,True,True,True,"[[334279.5143309487,5724983.667836364],[334369.65090151015,5725013.713359885],[334249.4688074282,5724983.667836364],[334279.5143309487,5724953.622312844],[334219.4232839077,5725043.7588834055]]",f6c8eacd52200e5d87cb440cb59a1ac48d05a35e3dc2ced7ce1160db7bb3a978,80bc6a21a3a88a750e142b6a67478905a484d6f8263a836ec68837009b9ebac0,92e5613a781ef0ea0f6d6fe5a5fa3014b4c995ae99b761d3530729e8709a612f,1717360071,null,0,0.0,matched_prior_exact,0,stationary,1,"{""fraction"":0.75,""k"":1,""stage"":""c7-timing""}",1afd6aad4615879250c18a49e0765e646d736ba5546c63af535ab9149ba3f9ac,0.8553337991789123,9510,9511,1.0163387104010602,none,0.0036333623364465106,True,revision_C_base@712b395,712b395,5ede81cb5815049fe381f461ce5502b4a13d3d3945ab77c4b78242c6d10572b8,c7-timing_20260911_041506_496602_705c3cf8,705c3cf8d1b3a80735499262310009dc0b3cd9c5e151de83f16ab60a82062b6e,none,none,none,evidence,revision_B_base,revision_B_base,0.5,0.8,10000.0,none,5,200000.0,xlarge,45.0,80.0,5.0,0.5,1.0
10,43,random_uniform_n8_uncoordinated,random_uniform_n8_uncoordinated,midflight_failure,[2],c4_frozen,4273844901,0.75,6000,150000.0,6000.0,[],[],True,0,0.0,0,0.011022106992366408,9464.299348980145,8465.431677041921,5985.506294419821,0.011115625056767943,0.005384698348249349,0.005637408644117059,0.005667928730590666,298.75638506876226,0.9966527912038773,8500,8501,0.009793958704348937,7970.733802893359,0.9962171982118934,200000.0,1.0,budget_exhausted,5.000000000465831,True,True,True,"[[334279.5143309487,5724983.667836364],[334369.65090151015,5725013.713359885],[334249.4688074282,5724983.667836364],[334279.5143309487,5724953.622312844],[334219.4232839077,5725043.7588834055]]",f6c8eacd52200e5d87cb440cb59a1ac48d05a35e3dc2ced7ce1160db7bb3a978,0158bf05bb52a6450097b2469dabf74effc986015bb2ec7484d8ce76b1a23ac9,33125e82d00630f41cc0d79118b6696587e1b24c7202613cb7fe15afd833c246,1717360071,null,8500,0.0,matched_prior_exact,0,stationary,1,"{""fraction"":0.75,""k"":1,""stage"":""c7-timing""}",1afd6aad4615879250c18a49e0765e646d736ba5546c63af535ab9149ba3f9ac,0.9950898274608501,9510,9511,1.0665952637673632,none,0.000272744209418474,True,revision_C_base@712b395,712b395,5ede81cb5815049fe381f461ce5502b4a13d3d3945ab77c4b78242c6d10572b8,c7-timing_20260911_041506_496602_705c3cf8,705c3cf8d1b3a80735499262310009dc0b3cd9c5e151de83f16ab60a82062b6e,none,none,none,evidence,revision_B_base,revision_B_base,0.5,0.8,10000.0,none,5,200000.0,xlarge,45.0,80.0,5.0,0.5,1.0
10,44,dynamic_evidence_3step,dynamic_3step,midflight_failure,[4],c4_frozen,2423362899,0.25,2178,50023.3741129609,2178.0,[],[],True,0,0.0,0,0.30910496474948235,8290.031788584787,8210.578859530739,1968.5097766709541,0.30944381217779565,0.15732437293700985,0.1517805918124725,0.18011745793749756,12.291027526791343,0.9186398372454824,10422,10423,0.2792243299141949,6505.404037796327,0.8130738704907295,200015.844202524,1.00007922101262,budget_exhausted,5.000000000195527,True,True,True,"[[334309.55985446915,5725043.7588834055],[334189.3777603872,5725073.804406926],[334339.60537798965,5725103.849930447],[334309.55985446915,5725073.804406926],[334249.4688074282,5724953.622312844]]",e277508cac457b731eb44b76763894102f97b5fe1776e3c2f23345e28a9e6b6f,ec61b7e350e79008434a39a37a83cac81c71be07b4a4d86a70686e11db079a08,7e8806d2a793f7ff200bae1b81ddb3407f25b381be8670334badab03f4c9daa8,233262710,null,4451,516.6122212790942,matched_prior_exact,0,stationary,1,"{""fraction"":0.25,""k"":1,""stage"":""c7-timing""}",afb392704cd91dc121192dd93c7aa1904370ee07844253dff5b4afaa9642f3ae,0.7866798053316366,10537,10538,0.9793464922542773,none,0.008289158013031983,True,revision_C_base@712b395,712b395,5ede81cb5815049fe381f461ce5502b4a13d3d3945ab77c4b78242c6d10572b8,c7-timing_20260911_041506_496602_705c3cf8,705c3cf8d1b3a80735499262310009dc0b3cd9c5e151de83f16ab60a82062b6e,none,none,none,evidence,revision_B_base,revision_B_base,0.5,0.8,10000.0,none,5,200000.0,xlarge,45.0,80.0,5.0,0.5,1.0
10,44,online_static_3step,online_static_3step,midflight_failure,[4],c4_frozen,2423362899,0.25,2217,50012.00408398264,2217.0,[],[],True,0,0.0,0,0.1208473915003413,9343.70107131832,9343.70107131832,2029.151368544555,0.12095054248976572,0.12084738074376429,1.0756577004111811e-08,1.2235164598851893e-08,88.07940446650124,0.9886466080685148,10537,10538,0.1208473915003413,7113.290903554538,0.8890502316653591,200005.60575922354,1.0000280287961176,budget_exhausted,5.000000000121749,True,True,True,"[[334309.55985446915,5725043.7588834055],[334189.3777603872,5725073.804406926],[334339.60537798965,5725103.849930447],[334309.55985446915,5725073.804406926],[334249.4688074282,5724953.622312844]]",e277508cac457b731eb44b76763894102f97b5fe1776e3c2f23345e28a9e6b6f,d41be85ceac671ef51b44338635daaf42d27ab7157aaad05ee06890dc9ff5aa4,b961aefbf77f7006d52522f5282e73ae5bdcec1d7bf37aaa40e82d92eeae494f,233262710,null,4141,434.8882315865776,matched_prior_exact,0,stationary,1,"{""fraction"":0.25,""k"":1,""stage"":""c7-timing""}",afb392704cd91dc121192dd93c7aa1904370ee07844253dff5b4afaa9642f3ae,0.8866674009601747,10537,10538,1.0000000890096006,none,-0.000400346635324178,True,revision_C_base@712b395,712b395,5ede81cb5815049fe381f461ce5502b4a13d3d3945ab77c4b78242c6d10572b8,c7-timing_20260911_041506_496602_705c3cf8,705c3cf8d1b3a80735499262310009dc0b3cd9c5e151de83f16ab60a82062b6e,none,none,none,evidence,revision_B_base,revision_B_base,0.5,0.8,10000.0,none,5,200000.0,xlarge,45.0,80.0,5.0,0.5,1.0
10,44,pizza_replan_midflight,pizza_replan,midflight_failure,[4],c4_frozen,2423362899,0.25,2007,50024.313801063516,2007.0,[],[],True,0,0.0,0,0.20678818257475268,9029.857361120927,8216.815248259976,1916.6731493127488,0.20716674028843657,0.09328421099209978,0.1135039715826529,0.12518142174059343,11.040417867435158,0.909423718195522,9512,9513,0.1913936516326814,7005.532131626978,0.8755820686947854,200012.9058137897,1.0000645290689485,budget_exhausted,5.000000000910829,True,True,True,"[[334309.55985446915,5725043.7588834055],[334189.3777603872,5725073.804406926],[334339.60537798965,5725103.849930447],[334309.55985446915,5725073.804406926],[334249.4688074282,5724953.622312844]]",e277508cac457b731eb44b76763894102f97b5fe1776e3c2f23345e28a9e6b6f,a5048393022c8e5aa84d553499d780094ccca18d2377888b8ec11acd6801cd45,07c916f48acff193542497baddd1b9d4df351d85307eb720db9a4a87ad677537,233262710,"{""assignment"":{""0"":[3,""forward""],""1"":[2,""forward""],""2"":[0,""forward""],""3"":[1,""forward""]},""assignment_cost"":1097.9498207986362,""deadhead_fraction_remaining_budget"":0.007320852123605233,""deadhead_per_drone"":{""0"":558.7189351052384,""1"":432.9232113101525,""2"":23.366780470463585,""3"":82.94089391278168},""deadhead_total"":1097.9498207986362,""empty_sectors"":0,""generator"":""generate_pizza_zigzag_path(overlap=0.0, path_point_spacing_m=10.0, border_gap_m=0.0)"",""num_sectors"":4,""orientations_per_sector"":{""0"":""forward"",""1"":""forward"",""2"":""forward"",""3"":""forward""},""prefix_removed_total"":4369,""route_length_after_replan"":{""0"":1161303.1826265282,""1"":1161303.1826265343,""2"":1161091.6189178592,""3"":1161303.1826265266},""search_inactive_uav_ids"":[],""suffix_removed_total"":0,""survivor_ids"":[0,1,2,3],""task_splits"":0}",0,0.0,matched_prior_exact,0,stationary,1,"{""fraction"":0.25,""k"":1,""stage"":""c7-timing""}",afb392704cd91dc121192dd93c7aa1904370ee07844253dff5b4afaa9642f3ae,0.8568853066161441,10537,10538,0.9933715101450101,none,0.0045834840630240015,True,revision_C_base@712b395,712b395,5ede81cb5815049fe381f461ce5502b4a13d3d3945ab77c4b78242c6d10572b8,c7-timing_20260911_041506_496602_705c3cf8,705c3cf8d1b3a80735499262310009dc0b3cd9c5e151de83f16ab60a82062b6e,none,none,none,evidence,revision_B_base,revision_B_base,0.5,0.8,10000.0,none,5,200000.0,xlarge,45.0,80.0,5.0,0.5,1.0
10,44,pizza_fixed_midflight,pizza_fixed,midflight_failure,[4],c4_frozen,2423362899,0.25,2007,50024.313801063516,2007.0,[],[],True,0,0.0,0,0.20814667509979448,9023.446258209484,8213.380306836432,1916.6731493127488,0.2085712440397025,0.09328421099209978,0.1148624641076947,0.1266796779102894,10.918780279281847,0.908414678707522,9514,9515,0.1934775087859602,7003.417120698878,0.8753177253716883,200008.76113861628,1.0000438056930814,budget_exhausted,5.000000000905258,True,True,True,"[[334309.55985446915,5725043.7588834055],[334189.3777603872,5725073.804406926],[334339.60537798965,5725103.849930447],[334309.55985446915,5725073.804406926],[334249.4688074282,5724953.622312844]]",e277508cac457b731eb44b76763894102f97b5fe1776e3c2f23345e28a9e6b6f,6da02bdeff3ef4c1d92627a11132d8172e53c03d47fa0529b014f5763ce53d4d,07c916f48acff193542497baddd1b9d4df351d85307eb720db9a4a87ad677537,233262710,null,0,0.0,matched_prior_exact,0,stationary,1,"{""fraction"":0.25,""k"":1,""stage"":""c7-timing""}",afb392704cd91dc121192dd93c7aa1904370ee07844253dff5b4afaa9642f3ae,0.8562769271407747,10537,10538,0.999897452557767,none,0.003975104587654599,True,revision_C_base@712b395,712b395,5ede81cb5815049fe381f461ce5502b4a13d3d3945ab77c4b78242c6d10572b8,c7-timing_20260911_041506_496602_705c3cf8,705c3cf8d1b3a80735499262310009dc0b3cd9c5e151de83f16ab60a82062b6e,none,none,none,evidence,revision_B_base,revision_B_base,0.5,0.8,10000.0,none,5,200000.0,xlarge,45.0,80.0,5.0,0.5,1.0
10,44,random_uniform_n8_uncoordinated,random_uniform_n8_uncoordinated,midflight_failure,[4],c4_frozen,2423362899,0.25,2000,50000.0,2000.0,[],[],True,0,0.0,0,0.005799769959088652,10494.8719494157,9463.88631086291,2000.2190466481024,0.005816376493531088,0.0010791920664942481,0.004720577892594404,0.004725677806592086,425.49299719887955,0.9976497850573729,9500,9501,0.0054912563727128865,7972.311802469396,0.9964144235057363,200000.0,1.0,budget_exhausted,5.000000000464474,True,True,True,"[[334309.55985446915,5725043.7588834055],[334189.3777603872,5725073.804406926],[334339.60537798965,5725103.849930447],[334309.55985446915,5725073.804406926],[334249.4688074282,5724953.622312844]]",e277508cac457b731eb44b76763894102f97b5fe1776e3c2f23345e28a9e6b6f,09d02027419a1aa24c6a23ba71ecb3968a9665e1303de1a7e61361a5132b4f41,734c361e030926d2b5bd20972bbf0df473afd107147f99b0ac9eeb5912e3a628,233262710,null,9500,0.0,matched_prior_exact,0,stationary,1,"{""fraction"":0.25,""k"":1,""stage"":""c7-timing""}",afb392704cd91dc121192dd93c7aa1904370ee07844253dff5b4afaa9642f3ae,0.995907378004906,10537,10538,1.0015516376906568,none,-1.844245412041534e-05,True,revision_C_base@712b395,712b395,5ede81cb5815049fe381f461ce5502b4a13d3d3945ab77c4b78242c6d10572b8,c7-timing_20260911_041506_496602_705c3cf8,705c3cf8d1b3a80735499262310009dc0b3cd9c5e151de83f16ab60a82062b6e,none,none,none,evidence,revision_B_base,revision_B_base,0.5,0.8,10000.0,none,5,200000.0,xlarge,45.0,80.0,5.0,0.5,1.0
10,44,dynamic_evidence_3step,dynamic_3step,midflight_failure,[4],c4_frozen,2423362899,0.5,4386,100014.42220024613,4386.0,[],[],True,0,0.0,0,0.3131045732127199,7844.47988750203,7753.122795739436,3757.077898644024,0.313473259759691,0.21973790531316456,0.09336666789955533,0.11966064805061279,11.96550078407309,0.9164263980216298,9871,9872,0.28926164995494724,6447.440313693419,0.8058293105478589,200007.60876811395,1.0000380438405698,budget_exhausted,5.000000000121749,True,True,True,"[[334309.55985446915,5725043.7588834055],[334189.3777603872,5725073.804406926],[334339.60537798965,5725103.849930447],[334309.55985446915,5725073.804406926],[334249.4688074282,5724953.622312844]]",e277508cac457b731eb44b76763894102f97b5fe1776e3c2f23345e28a9e6b6f,8f2ca5d2a2f712188d03bdf608127b4badd7859f33bf52d7d718df534182a3f4,5ea538058c9da2e2ccdb8f445012a937f9f34533b0d8190ddd1754bb258d8213,233262710,null,4396,524.3125134440779,matched_prior_exact,0,stationary,1,"{""fraction"":0.5,""k"":1,""stage"":""c7-timing""}",e48f7e450930aa2cad23001d8a223a0347fc2e867d4f90039ce62228ac53c328,0.7840559607698181,10004,10005,0.9920185712098412,none,0.005665313451213461,True,revision_C_base@712b395,712b395,5ede81cb5815049fe381f461ce5502b4a13d3d3945ab77c4b78242c6d10572b8,c7-timing_20260911_041506_496602_705c3cf8,705c3cf8d1b3a80735499262310009dc0b3cd9c5e151de83f16ab60a82062b6e,none,none,none,evidence,revision_B_base,revision_B_base,0.5,0.8,10000.0,none,5,200000.0,xlarge,45.0,80.0,5.0,0.5,1.0
10,44,online_static_3step,online_static_3step,midflight_failure,[4],c4_frozen,2423362899,0.5,4457,100006.11851554789,4457.0,[],[],True,0,0.0,0,0.1208473915003413,8875.112755082702,8875.112755082702,3998.45323567848,0.12095054248976572,0.12084738074376429,1.0756577004111811e-08,1.2235164598851893e-08,88.29379652605459,0.9886741759971222,10004,10005,0.1208473915003413,7113.29092764927,0.8890502346768242,200009.3408622522,1.000046704311261,budget_exhausted,5.000000000121749,True,True,True,"[[334309.55985446915,5725043.7588834055],[334189.3777603872,5725073.804406926],[334339.60537798965,5725103.849930447],[334309.55985446915,5725073.804406926],[334249.4688074282,5724953.622312844]]",e277508cac457b731eb44b76763894102f97b5fe1776e3c2f23345e28a9e6b6f,2c030904403d53d96489e7978cc7bd1df4be117ef66ba668c675483aa5ec7cf1,3e65b373b14ce8a8fd118644c5ef6bd83551dc9bdbb3e765cd2a3c9752d7d46c,233262710,null,4815,522.2381529344129,matched_prior_exact,0,stationary,1,"{""fraction"":0.5,""k"":1,""stage"":""c7-timing""}",e48f7e450930aa2cad23001d8a223a0347fc2e867d4f90039ce62228ac53c328,0.8870677416374515,10004,10005,1.0000000890096006,none,-5.9580473887876906e-09,True,revision_C_base@712b395,712b395,5ede81cb5815049fe381f461ce5502b4a13d3d3945ab77c4b78242c6d10572b8,c7-timing_20260911_041506_496602_705c3cf8,705c3cf8d1b3a80735499262310009dc0b3cd9c5e151de83f16ab60a82062b6e,none,none,none,evidence,revision_B_base,revision_B_base,0.5,0.8,10000.0,none,5,200000.0,xlarge,45.0,80.0,5.0,0.5,1.0
10,44,pizza_replan_midflight,pizza_replan,midflight_failure,[4],c4_frozen,2423362899,0.5,4009,100015.11421243036,4009.0,[],[],True,0,0.0,0,0.18944031439969045,8658.560936199674,7855.296287769553,3663.268632794732,0.18972110050594468,0.14972983208675053,0.039710482312939915,0.046703370071654045,13.341859450021824,0.9250479287579091,9013,9014,0.17697584424303364,7027.804930834942,0.8783658206267894,200013.02642248748,1.0000651321124374,budget_exhausted,5.000000000902051,True,True,True,"[[334309.55985446915,5725043.7588834055],[334189.3777603872,5725073.804406926],[334339.60537798965,5725103.849930447],[334309.55985446915,5725073.804406926],[334249.4688074282,5724953.622312844]]",e277508cac457b731eb44b76763894102f97b5fe1776e3c2f23345e28a9e6b6f,2cf22987a8cbef8907f564fe62b93f1dbbb924eea444f5f58daf90d975d1e0b8,38a95c572b3efdfc1c4a164443423c770e08de98313683c3a2b79f4c9016ea7f,233262710,"{""assignment"":{""0"":[3,""forward""],""1"":[2,""forward""],""2"":[0,""forward""],""3"":[1,""forward""]},""assignment_cost"":2045.51873792471,""deadhead_fraction_remaining_budget"":0.02045827948706837,""deadhead_per_drone"":{""0"":353.19498176498576,""1"":1014.1361761232685,""2"":343.6100127500021,""3"":334.57756728645376},""deadhead_total"":2045.51873792471,""empty_sectors"":0,""generator"":""generate_pizza_zigzag_path(overlap=0.0, path_point_spacing_m=10.0, border_gap_m=0.0)"",""num_sectors"":4,""orientations_per_sector"":{""0"":""forward"",""1"":""forward"",""2"":""forward"",""3"":""forward""},""prefix_removed_total"":6019,""route_length_after_replan"":{""0"":1156891.71089594,""1"":1156891.7108959449,""2"":1156891.7108959458,""3"":1157225.4349640298},""search_inactive_uav_ids"":[],""suffix_removed_total"":0,""survivor_ids"":[0,1,2,3],""task_splits"":0}",0,0.0,matched_prior_exact,0,stationary,1,"{""fraction"":0.5,""k"":1,""stage"":""c7-timing""}",e48f7e450930aa2cad23001d8a223a0347fc2e867d4f90039ce62228ac53c328,0.8654233819290029,10004,10005,0.9100356164189334,none,0.013121559375882774,True,revision_C_base@712b395,712b395,5ede81cb5815049fe381f461ce5502b4a13d3d3945ab77c4b78242c6d10572b8,c7-timing_20260911_041506_496602_705c3cf8,705c3cf8d1b3a80735499262310009dc0b3cd9c5e151de83f16ab60a82062b6e,none,none,none,evidence,revision_B_base,revision_B_base,0.5,0.8,10000.0,none,5,200000.0,xlarge,45.0,80.0,5.0,0.5,1.0
10,44,pizza_fixed_midflight,pizza_fixed,midflight_failure,[4],c4_frozen,2423362899,0.5,4009,100015.11421243036,4009.0,[],[],True,0,0.0,0,0.21358781346593736,8534.283154455767,7755.735089787076,3663.268632794732,0.2140481727421782,0.14972983208675053,0.06385798137918683,0.07510316578071696,10.934832262669522,0.9085491230246023,9014,9015,0.20300688596956612,6952.507146283084,0.8689547739386432,200018.09535769216,1.0000904767884609,budget_exhausted,5.000000000905258,True,True,True,"[[334309.55985446915,5725043.7588834055],[334189.3777603872,5725073.804406926],[334339.60537798965,5725103.849930447],[334309.55985446915,5725073.804406926],[334249.4688074282,5724953.622312844]]",e277508cac457b731eb44b76763894102f97b5fe1776e3c2f23345e28a9e6b6f,3002619e8d834a7d9995cde4e56feecc53238ccd2d2318bf12daa9f6e1769c8d,38a95c572b3efdfc1c4a164443423c770e08de98313683c3a2b79f4c9016ea7f,233262710,null,0,0.0,matched_prior_exact,0,stationary,1,"{""fraction"":0.5,""k"":1,""stage"":""c7-timing""}",e48f7e450930aa2cad23001d8a223a0347fc2e867d4f90039ce62228ac53c328,0.8530018145383075,10004,10005,1.026035657209425,none,0.0006999919851873315,True,revision_C_base@712b395,712b395,5ede81cb5815049fe381f461ce5502b4a13d3d3945ab77c4b78242c6d10572b8,c7-timing_20260911_041506_496602_705c3cf8,705c3cf8d1b3a80735499262310009dc0b3cd9c5e151de83f16ab60a82062b6e,none,none,none,evidence,revision_B_base,revision_B_base,0.5,0.8,10000.0,none,5,200000.0,xlarge,45.0,80.0,5.0,0.5,1.0
10,44,random_uniform_n8_uncoordinated,random_uniform_n8_uncoordinated,midflight_failure,[4],c4_frozen,2423362899,0.5,4000,100000.0,4000.0,[],[],True,0,0.0,0,0.005721649428646683,9965.004968525907,8966.749504552019,3993.82861592744,0.005738379285213438,0.005343977054071143,0.00037767237457553976,0.000379701490628857,449.5443786982249,0.9977755255156437,9000,9001,0.0054912563727128865,7972.311802469396,0.9964144235057363,200000.0,1.0,budget_exhausted,5.000000000464474,True,True,True,"[[334309.55985446915,5725043.7588834055],[334189.3777603872,5725073.804406926],[334339.60537798965,5725103.849930447],[334309.55985446915,5725073.804406926],[334249.4688074282,5724953.622312844]]",e277508cac457b731eb44b76763894102f97b5fe1776e3c2f23345e28a9e6b6f,9d9a4f31f36f0fd6d181414babc070d968e5404d8b37507d2f6431510983a39d,bdcb8cd327a71cd0e4034c5239c9ba9158570e744ea55714de9dd01395cc4f5f,233262710,null,9000,0.0,matched_prior_exact,0,stationary,1,"{""fraction"":0.5,""k"":1,""stage"":""c7-timing""}",e48f7e450930aa2cad23001d8a223a0347fc2e867d4f90039ce62228ac53c328,0.9960024956047884,10004,10005,0.9880611465585375,none,7.667514576192858e-05,True,revision_C_base@712b395,712b395,5ede81cb5815049fe381f461ce5502b4a13d3d3945ab77c4b78242c6d10572b8,c7-timing_20260911_041506_496602_705c3cf8,705c3cf8d1b3a80735499262310009dc0b3cd9c5e151de83f16ab60a82062b6e,none,none,none,evidence,revision_B_base,revision_B_base,0.5,0.8,10000.0,none,5,200000.0,xlarge,45.0,80.0,5.0,0.5,1.0
10,44,dynamic_evidence_3step,dynamic_3step,midflight_failure,[4],c4_frozen,2423362899,0.75,6588,150003.08138481027,6588.0,[],[],True,0,0.0,0,0.3201741447018963,7424.782918597664,7330.287124710929,5409.920381379027,0.32054164499188764,0.2759995541813226,0.04417459052057371,0.06101459021979253,11.883387445887445,0.9158489105439311,9332,9333,0.3020276717980144,6413.201849148513,0.8015500373888905,200008.7772027502,1.000043886013751,budget_exhausted,5.000000000121749,True,True,True,"[[334309.55985446915,5725043.7588834055],[334189.3777603872,5725073.804406926],[334339.60537798965,5725103.849930447],[334309.55985446915,5725073.804406926],[334249.4688074282,5724953.622312844]]",e277508cac457b731eb44b76763894102f97b5fe1776e3c2f23345e28a9e6b6f,fef04b151041520c26422ca5c3a5deb38f3d6238e233a699e5822a4bae1ba2e6,864096aa27d57025f95bbce97e12de5d4c7531b04b6b6fd11e56921810e68b7b,233262710,null,4311,498.20881079809624,matched_prior_exact,0,stationary,1,"{""fraction"":0.75,""k"":1,""stage"":""c7-timing""}",1afd6aad4615879250c18a49e0765e646d736ba5546c63af535ab9149ba3f9ac,0.7838664398857331,9471,9472,1.0144173057150505,none,0.00547579256712849,True,revision_C_base@712b395,712b395,5ede81cb5815049fe381f461ce5502b4a13d3d3945ab77c4b78242c6d10572b8,c7-timing_20260911_041506_496602_705c3cf8,705c3cf8d1b3a80735499262310009dc0b3cd9c5e151de83f16ab60a82062b6e,none,none,none,evidence,revision_B_base,revision_B_base,0.5,0.8,10000.0,none,5,200000.0,xlarge,45.0,80.0,5.0,0.5,1.0
10,44,online_static_3step,online_static_3step,midflight_failure,[4],c4_frozen,2423362899,0.75,6697,150000.23294711427,6697.0,[],[],True,0,0.0,0,0.12084752565779673,8406.524067459597,8406.524067459597,5967.755102812441,0.12095054248976572,0.12084738074376429,1.4491403244054624e-07,1.648337606764383e-07,88.50818858560794,0.9887016103709685,9471,9472,0.12084752565779673,7113.290777702223,0.8890502159357859,200003.2764856605,1.0000163824283024,budget_exhausted,5.000000000121749,True,True,True,"[[334309.55985446915,5725043.7588834055],[334189.3777603872,5725073.804406926],[334339.60537798965,5725103.849930447],[334309.55985446915,5725073.804406926],[334249.4688074282,5724953.622312844]]",e277508cac457b731eb44b76763894102f97b5fe1776e3c2f23345e28a9e6b6f,43e2404206739cef98203b167428f54ff3895345451da5f441c098051f428bce,3c34daac905d64d9ed23846711ba4af78ef7624223e5d2853d3c0868e9b92e22,233262710,null,4825,504.3315793181828,matched_prior_exact,0,stationary,1,"{""fraction"":0.75,""k"":1,""stage"":""c7-timing""}",1afd6aad4615879250c18a49e0765e646d736ba5546c63af535ab9149ba3f9ac,0.8875130983382176,9471,9472,1.0000011991491387,none,0.00044535074271867536,True,revision_C_base@712b395,712b395,5ede81cb5815049fe381f461ce5502b4a13d3d3945ab77c4b78242c6d10572b8,c7-timing_20260911_041506_496602_705c3cf8,705c3cf8d1b3a80735499262310009dc0b3cd9c5e151de83f16ab60a82062b6e,none,none,none,evidence,revision_B_base,revision_B_base,0.5,0.8,10000.0,none,5,200000.0,xlarge,45.0,80.0,5.0,0.5,1.0
10,44,pizza_replan_midflight,pizza_replan,midflight_failure,[4],c4_frozen,2423362899,0.75,6011,150008.85223343893,6011.0,[],[],True,0,0.0,0,0.1792407909592151,8177.187042599515,7390.899720338501,5337.159397076909,0.17948419670264268,0.17896170050345805,0.0002790904557570528,0.00033992379640290863,14.690026954177897,0.9319266055045872,8513,8514,0.17924067892505752,6969.850215476648,0.8711223866362515,200006.7387199417,1.0000336935997085,budget_exhausted,5.000000000904697,True,True,True,"[[334309.55985446915,5725043.7588834055],[334189.3777603872,5725073.804406926],[334339.60537798965,5725103.849930447],[334309.55985446915,5725073.804406926],[334249.4688074282,5724953.622312844]]",e277508cac457b731eb44b76763894102f97b5fe1776e3c2f23345e28a9e6b6f,1725a4efdf508c1481ea84016083b310a06a128d4c55ddcaccf8fa688bc52b20,cd52e41f1b04badaa236443e648cffe7f9a2b6b7e24c4086921d3abf2e32fc09,233262710,"{""assignment"":{""0"":[3,""forward""],""1"":[2,""forward""],""2"":[0,""forward""],""3"":[1,""forward""]},""assignment_cost"":3614.137381423143,""deadhead_fraction_remaining_budget"":0.07229554716966567,""deadhead_per_drone"":{""0"":604.927783840151,""1"":1437.0185048699198,""2"":767.4522958191966,""3"":804.738796893875},""deadhead_total"":3614.137381423143,""empty_sectors"":0,""generator"":""generate_pizza_zigzag_path(overlap=0.0, path_point_spacing_m=10.0, border_gap_m=0.0)"",""num_sectors"":4,""orientations_per_sector"":{""0"":""forward"",""1"":""forward"",""2"":""forward"",""3"":""forward""},""prefix_removed_total"":6019,""route_length_after_replan"":{""0"":1156891.71089594,""1"":1156891.7108959449,""2"":1156891.7108959458,""3"":1157225.4349640298},""search_inactive_uav_ids"":[],""suffix_removed_total"":0,""survivor_ids"":[0,1,2,3],""task_splits"":0}",0,0.0,matched_prior_exact,0,stationary,1,"{""fraction"":0.75,""k"":1,""stage"":""c7-timing""}",1afd6aad4615879250c18a49e0765e646d736ba5546c63af535ab9149ba3f9ac,0.8633009968960637,9471,9472,0.8610390254306559,none,0.010999174342943507,True,revision_C_base@712b395,712b395,5ede81cb5815049fe381f461ce5502b4a13d3d3945ab77c4b78242c6d10572b8,c7-timing_20260911_041506_496602_705c3cf8,705c3cf8d1b3a80735499262310009dc0b3cd9c5e151de83f16ab60a82062b6e,none,none,none,evidence,revision_B_base,revision_B_base,0.5,0.8,10000.0,none,5,200000.0,xlarge,45.0,80.0,5.0,0.5,1.0
10,44,pizza_fixed_midflight,pizza_fixed,midflight_failure,[4],c4_frozen,2423362899,0.75,6011,150008.85223343893,6011.0,[],[],True,0,0.0,0,0.21159499970894863,8103.990032070085,7348.698041791341,5337.159397076909,0.21204514350355222,0.17896170050345805,0.032633299205490574,0.03974637873227255,10.950954457710731,0.908683758674945,8513,8514,0.20610593000613536,6942.602646050294,0.8677168661480184,200002.82732401116,1.000014136620056,budget_exhausted,5.000000000905258,True,True,True,"[[334309.55985446915,5725043.7588834055],[334189.3777603872,5725073.804406926],[334339.60537798965,5725103.849930447],[334309.55985446915,5725073.804406926],[334249.4688074282,5724953.622312844]]",e277508cac457b731eb44b76763894102f97b5fe1776e3c2f23345e28a9e6b6f,220348f4b0234722c87544500e55aafa58a9ce2380b6e2fe360473c1dd3917fe,cd52e41f1b04badaa236443e648cffe7f9a2b6b7e24c4086921d3abf2e32fc09,233262710,null,0,0.0,matched_prior_exact,0,stationary,1,"{""fraction"":0.75,""k"":1,""stage"":""c7-timing""}",1afd6aad4615879250c18a49e0765e646d736ba5546c63af535ab9149ba3f9ac,0.8555732719668587,9471,9472,1.0164625549819704,none,0.0032714494137385808,True,revision_C_base@712b395,712b395,5ede81cb5815049fe381f461ce5502b4a13d3d3945ab77c4b78242c6d10572b8,c7-timing_20260911_041506_496602_705c3cf8,705c3cf8d1b3a80735499262310009dc0b3cd9c5e151de83f16ab60a82062b6e,none,none,none,evidence,revision_B_base,revision_B_base,0.5,0.8,10000.0,none,5,200000.0,xlarge,45.0,80.0,5.0,0.5,1.0
10,44,random_uniform_n8_uncoordinated,random_uniform_n8_uncoordinated,midflight_failure,[4],c4_frozen,2423362899,0.75,6000,150000.0,6000.0,[],[],True,0,0.0,0,0.005491256409104745,9435.23416414804,8469.566174121079,5983.14066171642,0.005507861947105578,0.005343977120463138,0.00014727928864160644,0.0001480705744034322,466.0858895705521,0.9978544727004686,8500,8501,0.005491256409104745,7972.311802325767,0.9964144234877849,200000.0,1.0,budget_exhausted,5.000000000464474,True,True,True,"[[334309.55985446915,5725043.7588834055],[334189.3777603872,5725073.804406926],[334339.60537798965,5725103.849930447],[334309.55985446915,5725073.804406926],[334249.4688074282,5724953.622312844]]",e277508cac457b731eb44b76763894102f97b5fe1776e3c2f23345e28a9e6b6f,d279de0330c95390e50e1fc4de9e4121b9452e3d8b57eac4f8196bdb7e3a5791,d251f5c44e6926cc37a8da4d32cab4aea1aac38678e5b3013ce2b493877cf21c,233262710,null,8500,0.0,matched_prior_exact,0,stationary,1,"{""fraction"":0.75,""k"":1,""stage"":""c7-timing""}",1afd6aad4615879250c18a49e0765e646d736ba5546c63af535ab9149ba3f9ac,0.9961184717217103,9471,9472,0.9482749985453527,none,0.0001926512626838628,True,revision_C_base@712b395,712b395,5ede81cb5815049fe381f461ce5502b4a13d3d3945ab77c4b78242c6d10572b8,c7-timing_20260911_041506_496602_705c3cf8,705c3cf8d1b3a80735499262310009dc0b3cd9c5e151de83f16ab60a82062b6e,none,none,none,evidence,revision_B_base,revision_B_base,0.5,0.8,10000.0,none,5,200000.0,xlarge,45.0,80.0,5.0,0.5,1.0
10,45,dynamic_evidence_3step,dynamic_3step,midflight_failure,[4],c4_frozen,401026166,0.25,2180,50002.01382763752,2180.0,[],[],True,0,0.0,0,0.27422607976419044,8649.631371663556,8392.707403900085,1988.5393254039095,0.27439381660160905,0.15469782580821997,0.11952825395597047,0.14140298890187428,16.15038217147067,0.9380819605763584,10415,10416,0.24893861211881346,6609.85774385812,0.8261289518632821,200019.18336693483,1.0000959168346741,budget_exhausted,5.000000000313076,True,True,True,"[[334219.4232839077,5724983.667836364],[334279.5143309487,5724923.576789323],[334189.3777603872,5725013.713359885],[334309.55985446915,5724953.622312844],[334219.4232839077,5725043.7588834055]]",61c2bff68b2e5a656ff70e00d0e795080c7c6ad4a2b77ac2c2721ff4d34574c2,b80cec3ef70a3d636d0aa48f84221d2908b0e7720dcd127f788c3ed8bbce3a33,12a28f668aa129f846f00049ac9a2514b40ef2b68921ffd150c3fbaac6c181a4,4078075203,null,4422,515.4855199192534,matched_prior_exact,0,stationary,1,"{""fraction"":0.25,""k"":1,""stage"":""c7-timing""}",afb392704cd91dc121192dd93c7aa1904370ee07844253dff5b4afaa9642f3ae,0.8031226900337564,10769,10770,0.9222462161894335,none,0.013042300655054517,True,revision_C_base@712b395,712b395,5ede81cb5815049fe381f461ce5502b4a13d3d3945ab77c4b78242c6d10572b8,c7-timing_20260911_041506_496602_705c3cf8,705c3cf8d1b3a80735499262310009dc0b3cd9c5e151de83f16ab60a82062b6e,none,none,none,evidence,revision_B_base,revision_B_base,0.5,0.8,10000.0,none,5,200000.0,xlarge,45.0,80.0,5.0,0.5,1.0
10,45,online_static_3step,online_static_3step,midflight_failure,[4],c4_frozen,401026166,0.25,2245,50010.94729657693,2245.0,[],[],True,0,0.0,0,0.11938672601120817,9583.314467762397,9583.314467762397,2076.9669141482173,0.11947081826430636,0.1193865933963737,1.3261483447490896e-07,1.505937037529118e-07,91.659757330637,0.9890900867608369,10769,10770,0.11938672601120817,7144.896312087321,0.8930004139591703,200008.68407507235,1.0000434203753616,budget_exhausted,5.000000000121749,True,True,True,"[[334219.4232839077,5724983.667836364],[334279.5143309487,5724923.576789323],[334189.3777603872,5725013.713359885],[334309.55985446915,5724953.622312844],[334219.4232839077,5725043.7588834055]]",61c2bff68b2e5a656ff70e00d0e795080c7c6ad4a2b77ac2c2721ff4d34574c2,677c05e455ab776b1f2844acee5193023a8ae5cfe84f30fb101a0bac073c8412,ca24ce5d85f20e424e64924dfef11e910f26b7124111c791cdd36f5ff8ceb47f,4078075203,null,4286,451.55954454644234,matched_prior_exact,0,stationary,1,"{""fraction"":0.25,""k"":1,""stage"":""c7-timing""}",afb392704cd91dc121192dd93c7aa1904370ee07844253dff5b4afaa9642f3ae,0.8898156423177713,10769,10770,1.0000000000000007,none,-0.0005028321119423529,True,revision_C_base@712b395,712b395,5ede81cb5815049fe381f461ce5502b4a13d3d3945ab77c4b78242c6d10572b8,c7-timing_20260911_041506_496602_705c3cf8,705c3cf8d1b3a80735499262310009dc0b3cd9c5e151de83f16ab60a82062b6e,none,none,none,evidence,revision_B_base,revision_B_base,0.5,0.8,10000.0,none,5,200000.0,xlarge,45.0,80.0,5.0,0.5,1.0
10,45,pizza_replan_midflight,pizza_replan,midflight_failure,[4],c4_frozen,401026166,0.25,2007,50023.95144052121,2007.0,[],[],True,0,0.0,0,0.20681030837607733,9215.00564320839,8217.966200836903,1916.8122589731988,0.20721842850340658,0.09341287466526085,0.11339743371081648,0.12508167228709183,11.056509815242494,0.9095555454017323,9512,9513,0.19127869782380602,7006.561207977877,0.8757106871613394,200001.10016416587,1.0000055008208293,budget_exhausted,5.000000000892273,True,True,True,"[[334219.4232839077,5724983.667836364],[334279.5143309487,5724923.576789323],[334189.3777603872,5725013.713359885],[334309.55985446915,5724953.622312844],[334219.4232839077,5725043.7588834055]]",61c2bff68b2e5a656ff70e00d0e795080c7c6ad4a2b77ac2c2721ff4d34574c2,a38b10bded5c8bed1c2e8438b27b888b9284218729b52181989403b0fe8b2585,8a4748ba94560f2096f3aac8f22fcf91322057fa15ec0b5727974d84b8c51852,4078075203,"{""assignment"":{""0"":[2,""forward""],""1"":[3,""forward""],""2"":[1,""forward""],""3"":[0,""forward""]},""assignment_cost"":1459.0885243974558,""deadhead_fraction_remaining_budget"":0.009728810289456307,""deadhead_per_drone"":{""0"":827.9429538435651,""1"":512.8341080739457,""2"":105.86765926509665,""3"":12.443803214848268},""deadhead_total"":1459.0885243974558,""empty_sectors"":0,""generator"":""generate_pizza_zigzag_path(overlap=0.0, path_point_spacing_m=10.0, border_gap_m=0.0)"",""num_sectors"":4,""orientations_per_sector"":{""0"":""forward"",""1"":""forward"",""2"":""forward"",""3"":""forward""},""prefix_removed_total"":4372,""route_length_after_replan"":{""0"":1161303.1826265343,""1"":1161303.1826265282,""2"":1161303.1826265266,""3"":1161061.395530905},""search_inactive_uav_ids"":[],""suffix_removed_total"":0,""survivor_ids"":[0,1,2,3],""task_splits"":0}",0,0.0,matched_prior_exact,0,stationary,1,"{""fraction"":0.25,""k"":1,""stage"":""c7-timing""}",afb392704cd91dc121192dd93c7aa1904370ee07844253dff5b4afaa9642f3ae,0.8556179798707882,10769,10770,0.993977484514613,none,0.004480472200470542,True,revision_C_base@712b395,712b395,5ede81cb5815049fe381f461ce5502b4a13d3d3945ab77c4b78242c6d10572b8,c7-timing_20260911_041506_496602_705c3cf8,705c3cf8d1b3a80735499262310009dc0b3cd9c5e151de83f16ab60a82062b6e,none,none,none,evidence,revision_B_base,revision_B_base,0.5,0.8,10000.0,none,5,200000.0,xlarge,45.0,80.0,5.0,0.5,1.0
10,45,pizza_fixed_midflight,pizza_fixed,midflight_failure,[4],c4_frozen,401026166,0.25,2007,50023.95144052121,2007.0,[],[],True,0,0.0,0,0.20309556207471585,9200.869780687275,8199.957806653038,1916.8122589731988,0.203521677629523,0.09341287466526085,0.109682687409455,0.12098416615938248,10.907510332050734,0.9083200501711568,9513,9514,0.19085942702569708,6984.809708219296,0.8729920895162225,200014.04935793788,1.0000702467896894,budget_exhausted,5.000000000891834,True,True,True,"[[334219.4232839077,5724983.667836364],[334279.5143309487,5724923.576789323],[334189.3777603872,5725013.713359885],[334309.55985446915,5724953.622312844],[334219.4232839077,5725043.7588834055]]",61c2bff68b2e5a656ff70e00d0e795080c7c6ad4a2b77ac2c2721ff4d34574c2,e36725128601e2119c94fffd0429656c4ac2c87fe12c35873778dc88c94c6ddf,8a4748ba94560f2096f3aac8f22fcf91322057fa15ec0b5727974d84b8c51852,4078075203,null,0,0.0,matched_prior_exact,0,stationary,1,"{""fraction"":0.25,""k"":1,""stage"":""c7-timing""}",afb392704cd91dc121192dd93c7aa1904370ee07844253dff5b4afaa9642f3ae,0.8543054578168315,10769,10770,0.9761235670129632,none,0.0031679501465138316,True,revision_C_base@712b395,712b395,5ede81cb5815049fe381f461ce5502b4a13d3d3945ab77c4b78242c6d10572b8,c7-timing_20260911_041506_496602_705c3cf8,705c3cf8d1b3a80735499262310009dc0b3cd9c5e151de83f16ab60a82062b6e,none,none,none,evidence,revision_B_base,revision_B_base,0.5,0.8,10000.0,none,5,200000.0,xlarge,45.0,80.0,5.0,0.5,1.0
10,45,random_uniform_n8_uncoordinated,random_uniform_n8_uncoordinated,midflight_failure,[4],c4_frozen,401026166,0.25,2000,50000.0,2000.0,[],[],True,0,0.0,0,0.02345104587190615,10659.96836232332,9420.727739534466,2000.3868423146632,0.023524280019618947,0.0004819021841530154,0.022969143687753137,0.022980217904953845,249.08196721311475,0.995985257338423,9500,9501,0.019223467567437272,7953.324942291627,0.9940413626161263,200000.0,1.0,budget_exhausted,5.000000000465697,True,True,True,"[[334219.4232839077,5724983.667836364],[334279.5143309487,5724923.576789323],[334189.3777603872,5725013.713359885],[334309.55985446915,5724953.622312844],[334219.4232839077,5725043.7588834055]]",61c2bff68b2e5a656ff70e00d0e795080c7c6ad4a2b77ac2c2721ff4d34574c2,2b9cd1407a386e6ff993e5299b82b1b7f4312fa316eed227b360299cfb1111a8,3af4f971b78a7aff53682f9b8ca8339e99fc9828f6f78ea7c79e6f798308ceee,4078075203,null,9500,0.0,matched_prior_exact,0,stationary,1,"{""fraction"":0.25,""k"":1,""stage"":""c7-timing""}",afb392704cd91dc121192dd93c7aa1904370ee07844253dff5b4afaa9642f3ae,0.9897835062510046,10769,10770,1.2160764319202564,none,-0.0013572613386211296,True,revision_C_base@712b395,712b395,5ede81cb5815049fe381f461ce5502b4a13d3d3945ab77c4b78242c6d10572b8,c7-timing_20260911_041506_496602_705c3cf8,705c3cf8d1b3a80735499262310009dc0b3cd9c5e151de83f16ab60a82062b6e,none,none,none,evidence,revision_B_base,revision_B_base,0.5,0.8,10000.0,none,5,200000.0,xlarge,45.0,80.0,5.0,0.5,1.0
10,45,dynamic_evidence_3step,dynamic_3step,midflight_failure,[4],c4_frozen,401026166,0.5,4368,100002.3010156154,4368.0,[],[],True,0,0.0,0,0.2855115524994595,8139.5693403452615,7886.640429930284,3779.998820528033,0.28569120277394555,0.20485773777774577,0.0806538147217137,0.10143318818987608,15.1845207141619,0.9341434597229437,9857,9858,0.2672839162905757,6543.713771052972,0.8178619886330424,200013.31804910555,1.0000665902455277,budget_exhausted,5.000000000348499,True,True,True,"[[334219.4232839077,5724983.667836364],[334279.5143309487,5724923.576789323],[334189.3777603872,5725013.713359885],[334309.55985446915,5724953.622312844],[334219.4232839077,5725043.7588834055]]",61c2bff68b2e5a656ff70e00d0e795080c7c6ad4a2b77ac2c2721ff4d34574c2,651c8262b9b3203eaeab0d70ed5d5ada267b50e8c71053b96d26ddaeaf0db67e,1b2b58950be707d606eee8b0f164f055126203007cd43c652b2f1e7d4da362cf,4078075203,null,4345,511.80790306281415,matched_prior_exact,0,stationary,1,"{""fraction"":0.5,""k"":1,""stage"":""c7-timing""}",e48f7e450930aa2cad23001d8a223a0347fc2e867d4f90039ce62228ac53c328,0.7970592773546085,10211,10212,0.9602002449855305,none,0.0069788879759066225,True,revision_C_base@712b395,712b395,5ede81cb5815049fe381f461ce5502b4a13d3d3945ab77c4b78242c6d10572b8,c7-timing_20260911_041506_496602_705c3cf8,705c3cf8d1b3a80735499262310009dc0b3cd9c5e151de83f16ab60a82062b6e,none,none,none,evidence,revision_B_base,revision_B_base,0.5,0.8,10000.0,none,5,200000.0,xlarge,45.0,80.0,5.0,0.5,1.0
10,45,online_static_3step,online_static_3step,midflight_failure,[4],c4_frozen,401026166,0.5,4530,100018.27982125457,4530.0,[],[],True,0,0.0,0,0.11938672601120817,9091.932260876236,9091.932260876236,4089.168251346186,0.11947081826430636,0.11938672601120817,0.0,0.0,91.76390293225481,0.9891024687481061,10211,10212,0.11938672601120817,7144.896312087321,0.8930004139591703,200003.1887393771,1.0000159436968856,budget_exhausted,5.000000000121749,True,True,True,"[[334219.4232839077,5724983.667836364],[334279.5143309487,5724923.576789323],[334189.3777603872,5725013.713359885],[334309.55985446915,5724953.622312844],[334219.4232839077,5725043.7588834055]]",61c2bff68b2e5a656ff70e00d0e795080c7c6ad4a2b77ac2c2721ff4d34574c2,3b34832b7159b5190a6ba8f7587d8b065b7bf2b30d97346e2c3f4067ece04480,3c007229544be89ef49a5deff804df81559569a1f04cde4219cfefdcb31ff9e9,4078075203,null,4661,467.00254469772335,matched_prior_exact,0,stationary,1,"{""fraction"":0.5,""k"":1,""stage"":""c7-timing""}",e48f7e450930aa2cad23001d8a223a0347fc2e867d4f90039ce62228ac53c328,0.8903184744297137,10211,10212,1.0000000000000007,none,0.0,True,revision_C_base@712b395,712b395,5ede81cb5815049fe381f461ce5502b4a13d3d3945ab77c4b78242c6d10572b8,c7-timing_20260911_041506_496602_705c3cf8,705c3cf8d1b3a80735499262310009dc0b3cd9c5e151de83f16ab60a82062b6e,none,none,none,evidence,revision_B_base,revision_B_base,0.5,0.8,10000.0,none,5,200000.0,xlarge,45.0,80.0,5.0,0.5,1.0
10,45,pizza_replan_midflight,pizza_replan,midflight_failure,[4],c4_frozen,401026166,0.5,4009,100020.81138239392,4009.0,[],[],True,0,0.0,0,0.19717543405236793,8784.983481420813,7822.396826849813,3663.501700482356,0.1974716572741168,0.14972925808653184,0.047446175965836085,0.055801256737427134,12.407729154826661,0.9194050750526743,9012,9013,0.18485546387401117,7003.628439619011,0.8753441369352595,200001.85217141916,1.0000092608570958,budget_exhausted,5.000000000917254,True,True,True,"[[334219.4232839077,5724983.667836364],[334279.5143309487,5724923.576789323],[334189.3777603872,5725013.713359885],[334309.55985446915,5724953.622312844],[334219.4232839077,5725043.7588834055]]",61c2bff68b2e5a656ff70e00d0e795080c7c6ad4a2b77ac2c2721ff4d34574c2,e53220055f506ac0be693f5b8e82385fb52ad9c2d29cb3d5e9e0060d0a253e29,d03846160b2f7579f09b07f6151649cacbc0b221aaba070bc8fdaccb36eb1a76,4078075203,"{""assignment"":{""0"":[2,""forward""],""1"":[3,""forward""],""2"":[1,""forward""],""3"":[0,""forward""]},""assignment_cost"":2279.1172643184377,""deadhead_fraction_remaining_budget"":0.02279591678859745,""deadhead_per_drone"":{""0"":655.0733389928407,""1"":616.9323983910848,""2"":17.971198315335396,""3"":989.1403286191768},""deadhead_total"":2279.1172643184377,""empty_sectors"":0,""generator"":""generate_pizza_zigzag_path(overlap=0.0, path_point_spacing_m=10.0, border_gap_m=0.0)"",""num_sectors"":4,""orientations_per_sector"":{""0"":""forward"",""1"":""forward"",""2"":""forward"",""3"":""forward""},""prefix_removed_total"":7200,""route_length_after_replan"":{""0"":1156891.7108959449,""1"":1157225.4349640314,""2"":1149319.89256371,""3"":1152219.6166224354},""search_inactive_uav_ids"":[],""suffix_removed_total"":0,""survivor_ids"":[0,1,2,3],""task_splits"":0}",0,0.0,matched_prior_exact,0,stationary,1,"{""fraction"":0.5,""k"":1,""stage"":""c7-timing""}",e48f7e450930aa2cad23001d8a223a0347fc2e867d4f90039ce62228ac53c328,0.8602608187838634,10211,10212,0.9476700822429625,none,0.009123311113545696,True,revision_C_base@712b395,712b395,5ede81cb5815049fe381f461ce5502b4a13d3d3945ab77c4b78242c6d10572b8,c7-timing_20260911_041506_496602_705c3cf8,705c3cf8d1b3a80735499262310009dc0b3cd9c5e151de83f16ab60a82062b6e,none,none,none,evidence,revision_B_base,revision_B_base,0.5,0.8,10000.0,none,5,200000.0,xlarge,45.0,80.0,5.0,0.5,1.0
10,45,pizza_fixed_midflight,pizza_fixed,midflight_failure,[4],c4_frozen,401026166,0.5,4009,100020.81138239392,4009.0,[],[],True,0,0.0,0,0.20391942453620066,8725.929356694274,7772.224827288802,3663.501700482356,0.20433492017143093,0.14972925808653184,0.054190166449668814,0.06373283682291367,10.925235646958011,0.908468793505755,9013,9014,0.19548377915188742,6961.302116133551,0.8700540077657232,200019.83082062943,1.0000991541031472,budget_exhausted,5.000000000917254,True,True,True,"[[334219.4232839077,5724983.667836364],[334279.5143309487,5724923.576789323],[334189.3777603872,5725013.713359885],[334309.55985446915,5724953.622312844],[334219.4232839077,5725043.7588834055]]",61c2bff68b2e5a656ff70e00d0e795080c7c6ad4a2b77ac2c2721ff4d34574c2,28f9497421142a0d417aad3cf42560f988e031f70c45b43970b9c74f66ca0b78,d03846160b2f7579f09b07f6151649cacbc0b221aaba070bc8fdaccb36eb1a76,4078075203,null,0,0.0,matched_prior_exact,0,stationary,1,"{""fraction"":0.5,""k"":1,""stage"":""c7-timing""}",e48f7e450930aa2cad23001d8a223a0347fc2e867d4f90039ce62228ac53c328,0.8544780020264663,10211,10212,0.980083237802504,none,0.0033404943561485823,True,revision_C_base@712b395,712b395,5ede81cb5815049fe381f461ce5502b4a13d3d3945ab77c4b78242c6d10572b8,c7-timing_20260911_041506_496602_705c3cf8,705c3cf8d1b3a80735499262310009dc0b3cd9c5e151de83f16ab60a82062b6e,none,none,none,evidence,revision_B_base,revision_B_base,0.5,0.8,10000.0,none,5,200000.0,xlarge,45.0,80.0,5.0,0.5,1.0
10,45,random_uniform_n8_uncoordinated,random_uniform_n8_uncoordinated,midflight_failure,[4],c4_frozen,401026166,0.5,4000,100000.0,4000.0,[],[],True,0,0.0,0,0.022850791540213182,10115.603115216105,8932.2754237712,3997.7700786648566,0.02295089363099026,0.0034343134272815123,0.01941647811293167,0.019483390181440755,252.75374376039935,0.996043579868997,9000,9001,0.019223467567437272,7953.324942291627,0.9940413626161263,200000.0,1.0,budget_exhausted,5.000000000466206,True,True,True,"[[334219.4232839077,5724983.667836364],[334279.5143309487,5724923.576789323],[334189.3777603872,5725013.713359885],[334309.55985446915,5724953.622312844],[334219.4232839077,5725043.7588834055]]",61c2bff68b2e5a656ff70e00d0e795080c7c6ad4a2b77ac2c2721ff4d34574c2,f8861748a0e4e3fd16cfd853a298bdb72862a446bd3259872e64ae57780e3929,19ad050ca795426b1b65697cd11514130e1bb6c299808bce1a06360e36f0292b,4078075203,null,9000,0.0,matched_prior_exact,0,stationary,1,"{""fraction"":0.5,""k"":1,""stage"":""c7-timing""}",e48f7e450930aa2cad23001d8a223a0347fc2e867d4f90039ce62228ac53c328,0.9905604303971901,10211,10212,1.1849496689640535,none,-0.0005803371924356648,True,revision_C_base@712b395,712b395,5ede81cb5815049fe381f461ce5502b4a13d3d3945ab77c4b78242c6d10572b8,c7-timing_20260911_041506_496602_705c3cf8,705c3cf8d1b3a80735499262310009dc0b3cd9c5e151de83f16ab60a82062b6e,none,none,none,evidence,revision_B_base,revision_B_base,0.5,0.8,10000.0,none,5,200000.0,xlarge,45.0,80.0,5.0,0.5,1.0
10,45,dynamic_evidence_3step,dynamic_3step,midflight_failure,[4],c4_frozen,401026166,0.75,6567,150009.39180530116,6567.0,[],[],True,0,0.0,0,0.29179722820440585,7695.084198682581,7455.711661815551,5468.50509097346,0.29198797508735186,0.25915866121426034,0.0326385669901455,0.044056082296434824,14.801975183590782,0.9324414486852685,9317,9318,0.2791945378853212,6515.108697337778,0.8142868013170576,200018.76389989664,1.0000938194994833,budget_exhausted,5.000000000215548,True,True,True,"[[334219.4232839077,5724983.667836364],[334279.5143309487,5724923.576789323],[334189.3777603872,5725013.713359885],[334309.55985446915,5724953.622312844],[334219.4232839077,5725043.7588834055]]",61c2bff68b2e5a656ff70e00d0e795080c7c6ad4a2b77ac2c2721ff4d34574c2,c8f4f181a6999f232b453f86080cbcb3855a01cfc0f47e02dafa76b5f1604ce6,f7fdcb8a647c7a722b7efad7dbaacfcbd2ce3f4aee50417a8c547aa8ce69c923,4078075203,null,4309,879.5102210391196,matched_prior_exact,0,stationary,1,"{""fraction"":0.75,""k"":1,""stage"":""c7-timing""}",1afd6aad4615879250c18a49e0765e646d736ba5546c63af535ab9149ba3f9ac,0.7969225557873426,9655,9656,0.9813395204332395,none,0.006842166408640771,True,revision_C_base@712b395,712b395,5ede81cb5815049fe381f461ce5502b4a13d3d3945ab77c4b78242c6d10572b8,c7-timing_20260911_041506_496602_705c3cf8,705c3cf8d1b3a80735499262310009dc0b3cd9c5e151de83f16ab60a82062b6e,none,none,none,evidence,revision_B_base,revision_B_base,0.5,0.8,10000.0,none,5,200000.0,xlarge,45.0,80.0,5.0,0.5,1.0
10,45,online_static_3step,online_static_3step,midflight_failure,[4],c4_frozen,401026166,0.75,6814,150015.34787573534,6814.0,[],[],True,0,0.0,0,0.11938672601120817,8602.311280538745,8602.311280538745,6100.488969136643,0.11947081826430636,0.11938672601120817,0.0,0.0,91.89029322548028,0.9891174577324919,9655,9656,0.11938672601120817,7144.896312087321,0.8930004139591703,200005.3933818377,1.0000269669091886,budget_exhausted,5.000000000121749,True,True,True,"[[334219.4232839077,5724983.667836364],[334279.5143309487,5724923.576789323],[334189.3777603872,5725013.713359885],[334309.55985446915,5724953.622312844],[334219.4232839077,5725043.7588834055]]",61c2bff68b2e5a656ff70e00d0e795080c7c6ad4a2b77ac2c2721ff4d34574c2,f26eda2f08bf0c4baa199b8a1658531dfdc906a4861930402a0c8960d142d89f,7d06532e54a3c0bf953571871df1246b5fc72cacac5bab2b56212d601ddd4364,4078075203,null,5400,1100.2082165940956,matched_prior_exact,0,stationary,1,"{""fraction"":0.75,""k"":1,""stage"":""c7-timing""}",1afd6aad4615879250c18a49e0765e646d736ba5546c63af535ab9149ba3f9ac,0.8908773074294475,9655,9656,1.0000000000000007,none,0.0005588329997338048,True,revision_C_base@712b395,712b395,5ede81cb5815049fe381f461ce5502b4a13d3d3945ab77c4b78242c6d10572b8,c7-timing_20260911_041506_496602_705c3cf8,705c3cf8d1b3a80735499262310009dc0b3cd9c5e151de83f16ab60a82062b6e,none,none,none,evidence,revision_B_base,revision_B_base,0.5,0.8,10000.0,none,5,200000.0,xlarge,45.0,80.0,5.0,0.5,1.0
10,45,pizza_replan_midflight,pizza_replan,midflight_failure,[4],c4_frozen,401026166,0.75,6011,150022.9399330466,6011.0,[],[],True,0,0.0,0,0.18581249333423774,8314.391960714045,7384.589828101925,5337.471544741214,0.18609551095335472,0.17888480363300813,0.006927689701229617,0.008436927890119492,13.785598120708348,0.9274605286441777,8513,8514,0.18414518320921613,6966.367843162225,0.8706871445022153,200017.6184446391,1.0000880922231956,budget_exhausted,5.000000000917254,True,True,True,"[[334219.4232839077,5724983.667836364],[334279.5143309487,5724923.576789323],[334189.3777603872,5725013.713359885],[334309.55985446915,5724953.622312844],[334219.4232839077,5725043.7588834055]]",61c2bff68b2e5a656ff70e00d0e795080c7c6ad4a2b77ac2c2721ff4d34574c2,a407978166cf5fa35370e6d71ffe12c253973664f4add0a182b1341da5613b50,58c833d09356a75577cb2d2002db9b227fb584228b0a3451ba098574046ddb7f,4078075203,"{""assignment"":{""0"":[2,""forward""],""1"":[3,""forward""],""2"":[1,""forward""],""3"":[0,""forward""]},""assignment_cost"":4857.423665674136,""deadhead_fraction_remaining_budget"":0.09719306536172258,""deadhead_per_drone"":{""0"":694.5462367332068,""1"":691.2834448333108,""2"":2002.80337280297,""3"":1468.7906113046483},""deadhead_total"":4857.423665674136,""empty_sectors"":0,""generator"":""generate_pizza_zigzag_path(overlap=0.0, path_point_spacing_m=10.0, border_gap_m=0.0)"",""num_sectors"":4,""orientations_per_sector"":{""0"":""forward"",""1"":""forward"",""2"":""forward"",""3"":""forward""},""prefix_removed_total"":8342,""route_length_after_replan"":{""0"":1156891.7108959449,""1"":1157225.4349640314,""2"":1137550.770245457,""3"":1152219.6166224354},""search_inactive_uav_ids"":[],""suffix_removed_total"":0,""survivor_ids"":[0,1,2,3],""task_splits"":0}",0,0.0,matched_prior_exact,0,stationary,1,"{""fraction"":0.75,""k"":1,""stage"":""c7-timing""}",1afd6aad4615879250c18a49e0765e646d736ba5546c63af535ab9149ba3f9ac,0.8610596479612723,9655,9656,0.8930571989665784,none,0.009922140290954617,True,revision_C_base@712b395,712b395,5ede81cb5815049fe381f461ce5502b4a13d3d3945ab77c4b78242c6d10572b8,c7-timing_20260911_041506_496602_705c3cf8,705c3cf8d1b3a80735499262310009dc0b3cd9c5e151de83f16ab60a82062b6e,none,none,none,evidence,revision_B_base,revision_B_base,0.5,0.8,10000.0,none,5,200000.0,xlarge,45.0,80.0,5.0,0.5,1.0
10,45,pizza_fixed_midflight,pizza_fixed,midflight_failure,[4],c4_frozen,401026166,0.75,6011,150022.9399330466,6011.0,[],[],True,0,0.0,0,0.20437977750572908,8266.312308408893,7356.918394097926,5337.471544741214,0.20480342660065665,0.17888480363300813,0.025494973872720955,0.03104920477117336,10.940074370709382,0.9085929431451244,8512,8513,0.2001515167344204,6948.395849922788,0.868440926124583,200005.81943110356,1.000029097155518,budget_exhausted,5.000000000917254,True,True,True,"[[334219.4232839077,5724983.667836364],[334279.5143309487,5724923.576789323],[334189.3777603872,5725013.713359885],[334309.55985446915,5724953.622312844],[334219.4232839077,5725043.7588834055]]",61c2bff68b2e5a656ff70e00d0e795080c7c6ad4a2b77ac2c2721ff4d34574c2,0e574736d5f4813cf741a8ae1dd021237170ec917c35665c7febd52bc3f9571b,58c833d09356a75577cb2d2002db9b227fb584228b0a3451ba098574046ddb7f,4078075203,null,0,0.0,matched_prior_exact,0,stationary,1,"{""fraction"":0.75,""k"":1,""stage"":""c7-timing""}",1afd6aad4615879250c18a49e0765e646d736ba5546c63af535ab9149ba3f9ac,0.8560803964797942,9655,9656,0.9822957991116269,none,0.0049428888094764645,True,revision_C_base@712b395,712b395,5ede81cb5815049fe381f461ce5502b4a13d3d3945ab77c4b78242c6d10572b8,c7-timing_20260911_041506_496602_705c3cf8,705c3cf8d1b3a80735499262310009dc0b3cd9c5e151de83f16ab60a82062b6e,none,none,none,evidence,revision_B_base,revision_B_base,0.5,0.8,10000.0,none,5,200000.0,xlarge,45.0,80.0,5.0,0.5,1.0
10,45,random_uniform_n8_uncoordinated,random_uniform_n8_uncoordinated,midflight_failure,[4],c4_frozen,401026166,0.75,6000,150000.0,6000.0,[],[],True,0,0.0,0,0.021152363089578095,9573.55666691281,8442.987646281317,5984.893596705071,0.02125470345196927,0.011294948655687297,0.009857414433890798,0.00997002535840994,262.8356401384083,0.9961953409382631,8500,8501,0.019284187454299793,7953.166857086828,0.9940216044352991,200000.0,1.0,budget_exhausted,5.000000000466206,True,True,True,"[[334219.4232839077,5724983.667836364],[334279.5143309487,5724923.576789323],[334189.3777603872,5725013.713359885],[334309.55985446915,5724953.622312844],[334219.4232839077,5725043.7588834055]]",61c2bff68b2e5a656ff70e00d0e795080c7c6ad4a2b77ac2c2721ff4d34574c2,25e5e2ef695b34d6d843afc73307a41f8490cd5d57a637aafb5e11194fba5a36,2562e1c5bd03132bf10cfb75403fa1c6e3db0cb749478fd2e4e20d88036c924c,4078075203,null,8500,0.0,matched_prior_exact,0,stationary,1,"{""fraction"":0.75,""k"":1,""stage"":""c7-timing""}",1afd6aad4615879250c18a49e0765e646d736ba5546c63af535ab9149ba3f9ac,0.9914619580481369,9655,9656,1.096876035856095,none,0.0003211904585110892,True,revision_C_base@712b395,712b395,5ede81cb5815049fe381f461ce5502b4a13d3d3945ab77c4b78242c6d10572b8,c7-timing_20260911_041506_496602_705c3cf8,705c3cf8d1b3a80735499262310009dc0b3cd9c5e151de83f16ab60a82062b6e,none,none,none,evidence,revision_B_base,revision_B_base,0.5,0.8,10000.0,none,5,200000.0,xlarge,45.0,80.0,5.0,0.5,1.0
10,46,dynamic_evidence_3step,dynamic_3step,midflight_failure,[2],c4_frozen,3395191265,0.25,2176,50015.13543902783,2176.0,[],[],True,0,0.0,0,0.27649455598350214,8475.989414355792,8347.928950764326,1969.0263758506644,0.27667362751566466,0.1528456249691339,0.12364893101436825,0.14595796782595036,15.769126669072538,0.9365849472208714,10379,10380,0.2439489825167548,6584.438382737343,0.8229519288510615,200003.06832276253,1.0000153416138127,budget_exhausted,5.000000000121749,True,True,True,"[[334309.55985446915,5724983.667836364],[334279.5143309487,5725103.849930447],[334309.55985446915,5725013.713359885],[334219.4232839077,5724953.622312844],[334189.3777603872,5725013.713359885]]",34d08ebcb484b8ac7a604bf7341a37d1b0ed8216ef0a5fa38e652a0cf12689e2,8850edf8ee8d48eaf7b2c4c4f9690c8f68a63af70343c1c8699c38348a5374bb,e08b07418117e833a6349ca2fc4728f486750ed07f31bf91ddee743f3d1d9002,3966077233,null,4306,461.1715118397842,matched_prior_exact,0,stationary,1,"{""fraction"":0.25,""k"":1,""stage"":""c7-timing""}",afb392704cd91dc121192dd93c7aa1904370ee07844253dff5b4afaa9642f3ae,0.8028786032353692,10556,10557,1.016212757440019,none,-8.055314720711859e-05,True,revision_C_base@712b395,712b395,5ede81cb5815049fe381f461ce5502b4a13d3d3945ab77c4b78242c6d10572b8,c7-timing_20260911_041506_496602_705c3cf8,705c3cf8d1b3a80735499262310009dc0b3cd9c5e151de83f16ab60a82062b6e,none,none,none,evidence,revision_B_base,revision_B_base,0.5,0.8,10000.0,none,5,200000.0,xlarge,45.0,80.0,5.0,0.5,1.0
10,46,online_static_3step,online_static_3step,midflight_failure,[2],c4_frozen,3395191265,0.25,2236,50019.65420899873,2236.0,[],[],True,0,0.0,0,0.11956002402253046,9396.917614684695,9396.917614684695,2071.656977165871,0.11962983325118166,0.11955658622954518,3.437792985283572e-06,3.9046154829660156e-06,89.28564257028113,0.9887999910040088,10556,10557,0.11956002402253046,7146.513036086126,0.8932024792008656,200003.50192813925,1.0000175096406962,budget_exhausted,5.000000000121749,True,True,True,"[[334309.55985446915,5724983.667836364],[334279.5143309487,5725103.849930447],[334309.55985446915,5725013.713359885],[334219.4232839077,5724953.622312844],[334189.3777603872,5725013.713359885]]",34d08ebcb484b8ac7a604bf7341a37d1b0ed8216ef0a5fa38e652a0cf12689e2,323be1583b3f03a4533dad94825460d97749b5679f702900d330b18fcfb9067d,37ef9b2d55569ef9e300a2cb600e13d9fda3184ee13252b9266dadf19b7ed0bc,3966077233,null,4806,508.0835244865448,matched_prior_exact,0,stationary,1,"{""fraction"":0.25,""k"":1,""stage"":""c7-timing""}",afb392704cd91dc121192dd93c7aa1904370ee07844253dff5b4afaa9642f3ae,0.8901124954707488,10556,10557,1.0000000000000007,none,-0.000514310942725249,True,revision_C_base@712b395,712b395,5ede81cb5815049fe381f461ce5502b4a13d3d3945ab77c4b78242c6d10572b8,c7-timing_20260911_041506_496602_705c3cf8,705c3cf8d1b3a80735499262310009dc0b3cd9c5e151de83f16ab60a82062b6e,none,none,none,evidence,revision_B_base,revision_B_base,0.5,0.8,10000.0,none,5,200000.0,xlarge,45.0,80.0,5.0,0.5,1.0
10,46,pizza_replan_midflight,pizza_replan,midflight_failure,[2],c4_frozen,3395191265,0.25,2006,50005.33352596155,2006.0,[],[],True,0,0.0,0,0.20624868498190396,9052.055905723008,8223.379532843914,1915.377094811972,0.20664373324454643,0.09363589387706162,0.11261279110484235,0.12424674625140954,11.103675777568332,0.9099397334691453,9512,9513,0.19035358965072213,7011.027111216721,0.8762688552951783,200007.64006840397,1.0000382003420198,budget_exhausted,5.000000000897446,True,True,True,"[[334309.55985446915,5724983.667836364],[334279.5143309487,5725103.849930447],[334309.55985446915,5725013.713359885],[334219.4232839077,5724953.622312844],[334189.3777603872,5725013.713359885]]",34d08ebcb484b8ac7a604bf7341a37d1b0ed8216ef0a5fa38e652a0cf12689e2,bad0585e6c6d294e9ca409a10fe9a5b85aace98dd7d11107b18fa4eef5429efb,0bd1a6aab4a0560e0e9e2c8946faae5dce1ae5ea899c10169d5a1c4d28b86cac,3966077233,"{""assignment"":{""0"":[0,""forward""],""1"":[1,""forward""],""3"":[3,""forward""],""4"":[2,""forward""]},""assignment_cost"":2432.109324659955,""deadhead_fraction_remaining_budget"":0.01621463870570966,""deadhead_per_drone"":{""0"":1187.149863372515,""1"":110.86040936232898,""3"":714.0616099542624,""4"":420.0374419708484},""deadhead_total"":2432.109324659955,""empty_sectors"":0,""generator"":""generate_pizza_zigzag_path(overlap=0.0, path_point_spacing_m=10.0, border_gap_m=0.0)"",""num_sectors"":4,""orientations_per_sector"":{""0"":""forward"",""1"":""forward"",""3"":""forward"",""4"":""forward""},""prefix_removed_total"":4375,""route_length_after_replan"":{""0"":1161031.172143951,""1"":1161303.1826265266,""3"":1161303.1826265282,""4"":1161303.1826265343},""search_inactive_uav_ids"":[],""suffix_removed_total"":0,""survivor_ids"":[0,1,3,4],""task_splits"":0}",0,0.0,matched_prior_exact,0,stationary,1,"{""fraction"":0.25,""k"":1,""stage"":""c7-timing""}",afb392704cd91dc121192dd93c7aa1904370ee07844253dff5b4afaa9642f3ae,0.8574458563723603,10556,10557,0.9905056601389537,none,0.005337984758673198,True,revision_C_base@712b395,712b395,5ede81cb5815049fe381f461ce5502b4a13d3d3945ab77c4b78242c6d10572b8,c7-timing_20260911_041506_496602_705c3cf8,705c3cf8d1b3a80735499262310009dc0b3cd9c5e151de83f16ab60a82062b6e,none,none,none,evidence,revision_B_base,revision_B_base,0.5,0.8,10000.0,none,5,200000.0,xlarge,45.0,80.0,5.0,0.5,1.0
10,46,pizza_fixed_midflight,pizza_fixed,midflight_failure,[2],c4_frozen,3395191265,0.25,2006,50005.33352596155,2006.0,[],[],True,0,0.0,0,0.1967536392831234,9087.634950201835,8249.045749613217,1915.377094811972,0.19714304036764288,0.09363589387706162,0.10311774540606178,0.11377077347773411,10.898582722028346,0.9082449502375398,9512,9513,0.1839855754700105,7024.697045601188,0.8779773835272076,200002.6982236826,1.0000134911184129,budget_exhausted,5.000000000901098,True,True,True,"[[334309.55985446915,5724983.667836364],[334279.5143309487,5725103.849930447],[334309.55985446915,5725013.713359885],[334219.4232839077,5724953.622312844],[334189.3777603872,5725013.713359885]]",34d08ebcb484b8ac7a604bf7341a37d1b0ed8216ef0a5fa38e652a0cf12689e2,830f06823b9235254cb3d2b4cab796dbe4869c42a8192f691a527326c1b5b26f,0bd1a6aab4a0560e0e9e2c8946faae5dce1ae5ea899c10169d5a1c4d28b86cac,3966077233,null,0,0.0,matched_prior_exact,0,stationary,1,"{""fraction"":0.25,""k"":1,""stage"":""c7-timing""}",afb392704cd91dc121192dd93c7aa1904370ee07844253dff5b4afaa9642f3ae,0.8608160415081779,10556,10557,0.9449058711815339,none,0.008708169894490858,True,revision_C_base@712b395,712b395,5ede81cb5815049fe381f461ce5502b4a13d3d3945ab77c4b78242c6d10572b8,c7-timing_20260911_041506_496602_705c3cf8,705c3cf8d1b3a80735499262310009dc0b3cd9c5e151de83f16ab60a82062b6e,none,none,none,evidence,revision_B_base,revision_B_base,0.5,0.8,10000.0,none,5,200000.0,xlarge,45.0,80.0,5.0,0.5,1.0
10,46,random_uniform_n8_uncoordinated,random_uniform_n8_uncoordinated,midflight_failure,[2],c4_frozen,3395191265,0.25,2000,50000.0,2000.0,[],[],True,0,0.0,0,0.002406045016963603,10538.565293244776,9485.106076782353,1999.9310288934707,0.002424458833181203,0.000835332735199098,0.001570712281764505,0.0015720254460801818,326.087982832618,0.9969333429851865,9500,9501,0.0021716847608939,7988.572517441362,0.9984467588353159,200000.0,1.0,budget_exhausted,5.000000000465848,True,True,True,"[[334309.55985446915,5724983.667836364],[334279.5143309487,5725103.849930447],[334309.55985446915,5725013.713359885],[334219.4232839077,5724953.622312844],[334189.3777603872,5725013.713359885]]",34d08ebcb484b8ac7a604bf7341a37d1b0ed8216ef0a5fa38e652a0cf12689e2,0f5c3386d76f6f1bb18f37ecd73297d8782866e13f5068027e17c7f1da2660ef,270e31a663ddf389b5e869906a73ca881393a8f2df8018e4f3c1dcdf2f657ffb,3966077233,null,9500,0.0,matched_prior_exact,0,stationary,1,"{""fraction"":0.25,""k"":1,""stage"":""c7-timing""}",afb392704cd91dc121192dd93c7aa1904370ee07844253dff5b4afaa9642f3ae,0.9982537930515085,10556,10557,0.38015320280288883,none,0.0012207276869349304,True,revision_C_base@712b395,712b395,5ede81cb5815049fe381f461ce5502b4a13d3d3945ab77c4b78242c6d10572b8,c7-timing_20260911_041506_496602_705c3cf8,705c3cf8d1b3a80735499262310009dc0b3cd9c5e151de83f16ab60a82062b6e,none,none,none,evidence,revision_B_base,revision_B_base,0.5,0.8,10000.0,none,5,200000.0,xlarge,45.0,80.0,5.0,0.5,1.0
10,46,dynamic_evidence_3step,dynamic_3step,midflight_failure,[2],c4_frozen,3395191265,0.5,4367,100014.17181503287,4367.0,[],[],True,0,0.0,0,0.2667322015366032,8099.788922507289,7957.534969605615,3769.0051745708456,0.2668999069937053,0.2023824383561279,0.0643497631804753,0.0806774653354571,16.65694404727862,0.9399649781399501,9829,9830,0.24374219839955452,6592.990968210662,0.8240208684177805,200000.00307199973,1.0000000153599986,budget_exhausted,5.000000000121749,True,True,True,"[[334309.55985446915,5724983.667836364],[334279.5143309487,5725103.849930447],[334309.55985446915,5725013.713359885],[334219.4232839077,5724953.622312844],[334189.3777603872,5725013.713359885]]",34d08ebcb484b8ac7a604bf7341a37d1b0ed8216ef0a5fa38e652a0cf12689e2,da330f9ac451637e430a1e254a37c8830d7a63d55d48cdc0230c3d4575323f67,1a45fec705d7c4ccc1b599068c06e8a55453cb4a40579c6e7356f5b389c6a217,3966077233,null,4158,480.9483986623236,matched_prior_exact,0,stationary,1,"{""fraction"":0.5,""k"":1,""stage"":""c7-timing""}",e48f7e450930aa2cad23001d8a223a0347fc2e867d4f90039ce62228ac53c328,0.808039597217407,10023,10024,0.980332741299007,none,0.005080440834830724,True,revision_C_base@712b395,712b395,5ede81cb5815049fe381f461ce5502b4a13d3d3945ab77c4b78242c6d10572b8,c7-timing_20260911_041506_496602_705c3cf8,705c3cf8d1b3a80735499262310009dc0b3cd9c5e151de83f16ab60a82062b6e,none,none,none,evidence,revision_B_base,revision_B_base,0.5,0.8,10000.0,none,5,200000.0,xlarge,45.0,80.0,5.0,0.5,1.0
10,46,online_static_3step,online_static_3step,midflight_failure,[2],c4_frozen,3395191265,0.5,4476,100003.98758724093,4476.0,[],[],True,0,0.0,0,0.11956002402253046,8927.643107488664,8927.643107488664,4043.8425607415165,0.11962983325118166,0.11956002402253046,0.0,0.0,89.50200803212851,0.9888270663196626,10023,10024,0.11956002402253046,7146.513036086126,0.8932024792008656,200007.2554574658,1.000036277287329,budget_exhausted,5.000000000121749,True,True,True,"[[334309.55985446915,5724983.667836364],[334279.5143309487,5725103.849930447],[334309.55985446915,5725013.713359885],[334219.4232839077,5724953.622312844],[334189.3777603872,5725013.713359885]]",34d08ebcb484b8ac7a604bf7341a37d1b0ed8216ef0a5fa38e652a0cf12689e2,0200f1cacf388d10c8a318286e0466532f43e2e3c4ee87e0df13837e90d111f2,8dc60c9b4f7847c274b004dcd3e2ddc9d0c04316c990a147ae5c5c227c2b5d23,3966077233,null,4567,488.7491591225844,matched_prior_exact,0,stationary,1,"{""fraction"":0.5,""k"":1,""stage"":""c7-timing""}",e48f7e450930aa2cad23001d8a223a0347fc2e867d4f90039ce62228ac53c328,0.890626806413474,10023,10024,1.0000000000000007,none,0.0,True,revision_C_base@712b395,712b395,5ede81cb5815049fe381f461ce5502b4a13d3d3945ab77c4b78242c6d10572b8,c7-timing_20260911_041506_496602_705c3cf8,705c3cf8d1b3a80735499262310009dc0b3cd9c5e151de83f16ab60a82062b6e,none,none,none,evidence,revision_B_base,revision_B_base,0.5,0.8,10000.0,none,5,200000.0,xlarge,45.0,80.0,5.0,0.5,1.0
10,46,pizza_replan_midflight,pizza_replan,midflight_failure,[2],c4_frozen,3395191265,0.5,4008,100000.57892427704,4008.0,[],[],True,0,0.0,0,0.194273995334657,8649.65481767068,7835.871552958646,3661.821367876408,0.19456209091089155,0.14974284223072956,0.04453115310392744,0.05237374680944657,12.636160714285714,0.9208620385090973,9013,9014,0.1808456789870959,7012.670679572546,0.8764742756621104,200017.45173034508,1.0000872586517253,budget_exhausted,5.000000000901098,True,True,True,"[[334309.55985446915,5724983.667836364],[334279.5143309487,5725103.849930447],[334309.55985446915,5725013.713359885],[334219.4232839077,5724953.622312844],[334189.3777603872,5725013.713359885]]",34d08ebcb484b8ac7a604bf7341a37d1b0ed8216ef0a5fa38e652a0cf12689e2,ff4964be502f4aaceffeffbf4765aed6da44a159f0d6b5161201c9e1d40731e8,a702599637412714996100ba43eb7ba98cf04cd037f8c209a9411749142835b9,3966077233,"{""assignment"":{""0"":[3,""forward""],""1"":[0,""forward""],""3"":[2,""forward""],""4"":[1,""forward""]},""assignment_cost"":2462.30560693299,""deadhead_fraction_remaining_budget"":0.02462319861900449,""deadhead_per_drone"":{""0"":350.2448008468363,""1"":1623.1929138094363,""3"":234.8284609045487,""4"":254.0394313721687},""deadhead_total"":2462.30560693299,""empty_sectors"":0,""generator"":""generate_pizza_zigzag_path(overlap=0.0, path_point_spacing_m=10.0, border_gap_m=0.0)"",""num_sectors"":4,""orientations_per_sector"":{""0"":""forward"",""1"":""forward"",""3"":""forward"",""4"":""forward""},""prefix_removed_total"":6923,""route_length_after_replan"":{""0"":1156891.71089594,""1"":1157225.434964038,""3"":1152219.6166224345,""4"":1152219.6166224296},""search_inactive_uav_ids"":[],""suffix_removed_total"":0,""survivor_ids"":[0,1,3,4],""task_splits"":0}",0,0.0,matched_prior_exact,0,stationary,1,"{""fraction"":0.5,""k"":1,""stage"":""c7-timing""}",e48f7e450930aa2cad23001d8a223a0347fc2e867d4f90039ce62228ac53c328,0.862894534883348,10023,10024,0.9329974249953158,none,0.010786663269660934,True,revision_C_base@712b395,712b395,5ede81cb5815049fe381f461ce5502b4a13d3d3945ab77c4b78242c6d10572b8,c7-timing_20260911_041506_496602_705c3cf8,705c3cf8d1b3a80735499262310009dc0b3cd9c5e151de83f16ab60a82062b6e,none,none,none,evidence,revision_B_base,revision_B_base,0.5,0.8,10000.0,none,5,200000.0,xlarge,45.0,80.0,5.0,0.5,1.0
10,46,pizza_fixed_midflight,pizza_fixed,midflight_failure,[2],c4_frozen,3395191265,0.5,4008,100000.57892427704,4008.0,[],[],True,0,0.0,0,0.20511144825272243,8576.469539832398,7772.837214015907,3661.821367876408,0.20552521485426195,0.14974284223072956,0.05536860602199287,0.06511983523579808,10.924373348568164,0.9084615686325781,9012,9013,0.19601570672448032,6963.382862545517,0.8703140685596197,200007.5867573705,1.0000379337868526,budget_exhausted,5.000000000901098,True,True,True,"[[334309.55985446915,5724983.667836364],[334279.5143309487,5725103.849930447],[334309.55985446915,5725013.713359885],[334219.4232839077,5724953.622312844],[334189.3777603872,5725013.713359885]]",34d08ebcb484b8ac7a604bf7341a37d1b0ed8216ef0a5fa38e652a0cf12689e2,72d4ffcc10fecaeea821399e45632c2cebec341eb2a357f7697e83155dc41132,a702599637412714996100ba43eb7ba98cf04cd037f8c209a9411749142835b9,3966077233,null,0,0.0,matched_prior_exact,0,stationary,1,"{""fraction"":0.5,""k"":1,""stage"":""c7-timing""}",e48f7e450930aa2cad23001d8a223a0347fc2e867d4f90039ce62228ac53c328,0.8555935295124101,10023,10024,0.985044100870001,none,0.003485657898723016,True,revision_C_base@712b395,712b395,5ede81cb5815049fe381f461ce5502b4a13d3d3945ab77c4b78242c6d10572b8,c7-timing_20260911_041506_496602_705c3cf8,705c3cf8d1b3a80735499262310009dc0b3cd9c5e151de83f16ab60a82062b6e,none,none,none,evidence,revision_B_base,revision_B_base,0.5,0.8,10000.0,none,5,200000.0,xlarge,45.0,80.0,5.0,0.5,1.0
10,46,random_uniform_n8_uncoordinated,random_uniform_n8_uncoordinated,midflight_failure,[2],c4_frozen,3395191265,0.5,4000,100000.0,4000.0,[],[],True,0,0.0,0,0.002327855240009156,10006.894421273351,8986.275817183607,3996.902539093501,0.002346269056226756,0.001804809659784325,0.000523045580224831,0.0005239912847572036,350.8152424942263,0.9971494967183004,9000,9001,0.0021716847608939,7988.572517441362,0.9984467588353159,200000.0,1.0,budget_exhausted,5.000000000465848,True,True,True,"[[334309.55985446915,5724983.667836364],[334279.5143309487,5725103.849930447],[334309.55985446915,5725013.713359885],[334219.4232839077,5724953.622312844],[334189.3777603872,5725013.713359885]]",34d08ebcb484b8ac7a604bf7341a37d1b0ed8216ef0a5fa38e652a0cf12689e2,f5b432436cdbad7445a5307be9a109882893a04644f765b6e9f0141553c56084,16fe6bc9b359952328a99bf3b22609b60be49a3e59d425c25fb43e97c00317b8,3966077233,null,9000,0.0,matched_prior_exact,0,stationary,1,"{""fraction"":0.5,""k"":1,""stage"":""c7-timing""}",e48f7e450930aa2cad23001d8a223a0347fc2e867d4f90039ce62228ac53c328,0.9982935376370063,10023,10024,0.36779928010979307,none,0.0012604722724327555,True,revision_C_base@712b395,712b395,5ede81cb5815049fe381f461ce5502b4a13d3d3945ab77c4b78242c6d10572b8,c7-timing_20260911_041506_496602_705c3cf8,705c3cf8d1b3a80735499262310009dc0b3cd9c5e151de83f16ab60a82062b6e,none,none,none,evidence,revision_B_base,revision_B_base,0.5,0.8,10000.0,none,5,200000.0,xlarge,45.0,80.0,5.0,0.5,1.0
10,46,dynamic_evidence_3step,dynamic_3step,midflight_failure,[2],c4_frozen,3395191265,0.75,6551,150015.29034792844,6551.0,[],[],True,0,0.0,0,0.2778240451250862,7660.8361301710565,7520.733994925273,5479.36049465885,0.2780058122169799,0.2334293589412078,0.044394686183878374,0.057913366108777856,15.851590106007068,0.9369148461881409,9296,9297,0.25868604944273854,6573.196841502636,0.8215469118238515,200000.49438089816,1.0000024719044909,budget_exhausted,5.000000000292722,True,True,True,"[[334309.55985446915,5724983.667836364],[334279.5143309487,5725103.849930447],[334309.55985446915,5725013.713359885],[334219.4232839077,5724953.622312844],[334189.3777603872,5725013.713359885]]",34d08ebcb484b8ac7a604bf7341a37d1b0ed8216ef0a5fa38e652a0cf12689e2,0800b2f479f4dfd137a86e5521c2b28e0f6d5f4a7ae12d7d056b340b0cbb2ad0,a8c2efbe11ecf5c7a8e5f36dc55147df8c24c01cd36c75c50f08d410d220fc31,3966077233,null,4169,493.0390921193466,matched_prior_exact,0,stationary,1,"{""fraction"":0.75,""k"":1,""stage"":""c7-timing""}",1afd6aad4615879250c18a49e0765e646d736ba5546c63af535ab9149ba3f9ac,0.807168489112955,9490,9491,1.021099088101214,none,0.004209332730378712,True,revision_C_base@712b395,712b395,5ede81cb5815049fe381f461ce5502b4a13d3d3945ab77c4b78242c6d10572b8,c7-timing_20260911_041506_496602_705c3cf8,705c3cf8d1b3a80735499262310009dc0b3cd9c5e151de83f16ab60a82062b6e,none,none,none,evidence,revision_B_base,revision_B_base,0.5,0.8,10000.0,none,5,200000.0,xlarge,45.0,80.0,5.0,0.5,1.0
10,46,online_static_3step,online_static_3step,midflight_failure,[2],c4_frozen,3395191265,0.75,6717,150013.19306584843,6717.0,[],[],True,0,0.0,0,0.11956002402253046,8458.368600292755,8458.368600292755,6016.908546907248,0.11962983325118166,0.11956002402253046,0.0,0.0,89.72339357429719,0.9888546346703668,9490,9491,0.11956002402253046,7146.513036086126,0.8932024792008656,200001.1271310559,1.0000056356552796,budget_exhausted,5.000000000121749,True,True,True,"[[334309.55985446915,5724983.667836364],[334279.5143309487,5725103.849930447],[334309.55985446915,5725013.713359885],[334219.4232839077,5724953.622312844],[334189.3777603872,5725013.713359885]]",34d08ebcb484b8ac7a604bf7341a37d1b0ed8216ef0a5fa38e652a0cf12689e2,0949cf312f1a8f1698ffa915234a03c2b60d2a8ec7d6ebcdb69ebec2b1542eff,c47e6790e73784d119bfc2fc4e4bcf76936163d305fdc4da9c51f36f4d0ab424,3966077233,null,4328,479.68894866260234,matched_prior_exact,0,stationary,1,"{""fraction"":0.75,""k"":1,""stage"":""c7-timing""}",1afd6aad4615879250c18a49e0765e646d736ba5546c63af535ab9149ba3f9ac,0.8911988831833058,9490,9491,1.0000000000000007,none,0.0005720767698317308,True,revision_C_base@712b395,712b395,5ede81cb5815049fe381f461ce5502b4a13d3d3945ab77c4b78242c6d10572b8,c7-timing_20260911_041506_496602_705c3cf8,705c3cf8d1b3a80735499262310009dc0b3cd9c5e151de83f16ab60a82062b6e,none,none,none,evidence,revision_B_base,revision_B_base,0.5,0.8,10000.0,none,5,200000.0,xlarge,45.0,80.0,5.0,0.5,1.0
10,46,pizza_replan_midflight,pizza_replan,midflight_failure,[2],c4_frozen,3395191265,0.75,6010,150011.6213934942,6010.0,[],[],True,0,0.0,0,0.17931372465903517,8191.946291132168,7389.315113848663,5335.716354109627,0.17956322934359478,0.1789013505701453,0.0004123740888898608,0.0005022223446308194,14.679372413129272,0.9318771966636941,8512,8513,0.1792927506200753,6969.115742797987,0.8710305890261201,200005.67124583136,1.0000283562291568,budget_exhausted,5.000000000901098,True,True,True,"[[334309.55985446915,5724983.667836364],[334279.5143309487,5725103.849930447],[334309.55985446915,5725013.713359885],[334219.4232839077,5724953.622312844],[334189.3777603872,5725013.713359885]]",34d08ebcb484b8ac7a604bf7341a37d1b0ed8216ef0a5fa38e652a0cf12689e2,3b476861e2f83782db3f1a880105ce5ded4cec77e061fc92833984cd711b0ee0,f3d3a909a99034eb34c748e127aec1b665701f606a4a499b45c3aec7eaf52cb3,3966077233,"{""assignment"":{""0"":[3,""forward""],""1"":[0,""forward""],""3"":[2,""forward""],""4"":[1,""forward""]},""assignment_cost"":3434.283073755367,""deadhead_fraction_remaining_budget"":0.0687016296485441,""deadhead_per_drone"":{""0"":604.2723916916943,""1"":1679.323035089549,""3"":685.0985918513652,""4"":465.5890551227583},""deadhead_total"":3434.283073755367,""empty_sectors"":0,""generator"":""generate_pizza_zigzag_path(overlap=0.0, path_point_spacing_m=10.0, border_gap_m=0.0)"",""num_sectors"":4,""orientations_per_sector"":{""0"":""forward"",""1"":""forward"",""3"":""forward"",""4"":""forward""},""prefix_removed_total"":6923,""route_length_after_replan"":{""0"":1156891.71089594,""1"":1157225.434964038,""3"":1152219.6166224345,""4"":1152219.6166224296},""search_inactive_uav_ids"":[],""suffix_removed_total"":0,""survivor_ids"":[0,1,3,4],""task_splits"":0}",0,0.0,matched_prior_exact,0,stationary,1,"{""fraction"":0.75,""k"":1,""stage"":""c7-timing""}",1afd6aad4615879250c18a49e0765e646d736ba5546c63af535ab9149ba3f9ac,0.8631278359637728,9490,9491,0.8611509897915501,none,0.011019964350085787,True,revision_C_base@712b395,712b395,5ede81cb5815049fe381f461ce5502b4a13d3d3945ab77c4b78242c6d10572b8,c7-timing_20260911_041506_496602_705c3cf8,705c3cf8d1b3a80735499262310009dc0b3cd9c5e151de83f16ab60a82062b6e,none,none,none,evidence,revision_B_base,revision_B_base,0.5,0.8,10000.0,none,5,200000.0,xlarge,45.0,80.0,5.0,0.5,1.0
10,46,pizza_fixed_midflight,pizza_fixed,midflight_failure,[2],c4_frozen,3395191265,0.75,6010,150011.6213934942,6010.0,[],[],True,0,0.0,0,0.20679680349607088,8129.670927329621,7353.918201148708,5335.716354109627,0.2072089323240966,0.1789013505701453,0.027895452925925573,0.033973327011675526,10.936364936364937,0.90856193938126,8512,8513,0.201833786654703,6946.275717128208,0.868175942648195,200019.6935381108,1.000098467690554,budget_exhausted,5.000000000901098,True,True,True,"[[334309.55985446915,5724983.667836364],[334279.5143309487,5725103.849930447],[334309.55985446915,5725013.713359885],[334219.4232839077,5724953.622312844],[334189.3777603872,5725013.713359885]]",34d08ebcb484b8ac7a604bf7341a37d1b0ed8216ef0a5fa38e652a0cf12689e2,756951857dbc6f16827c7ddd7270a90f4dd93cc40c22f83052b113ca3e0ac211,f3d3a909a99034eb34c748e127aec1b665701f606a4a499b45c3aec7eaf52cb3,3966077233,null,0,0.0,matched_prior_exact,0,stationary,1,"{""fraction"":0.75,""k"":1,""stage"":""c7-timing""}",1afd6aad4615879250c18a49e0765e646d736ba5546c63af535ab9149ba3f9ac,0.8565663183362787,9490,9491,0.993137989604506,none,0.004458446722591658,True,revision_C_base@712b395,712b395,5ede81cb5815049fe381f461ce5502b4a13d3d3945ab77c4b78242c6d10572b8,c7-timing_20260911_041506_496602_705c3cf8,705c3cf8d1b3a80735499262310009dc0b3cd9c5e151de83f16ab60a82062b6e,none,none,none,evidence,revision_B_base,revision_B_base,0.5,0.8,10000.0,none,5,200000.0,xlarge,45.0,80.0,5.0,0.5,1.0
10,46,random_uniform_n8_uncoordinated,random_uniform_n8_uncoordinated,midflight_failure,[2],c4_frozen,3395191265,0.75,6000,150000.0,6000.0,[],[],True,0,0.0,0,0.002474472796106462,9474.614391556495,8487.064119624387,5992.9068062071265,0.0024965278658340456,0.0023183025159039883,0.00015617028020247382,0.00015653317144766337,360.01421800947867,0.9972223319247528,8500,8501,0.0023183025159039883,7988.270201175568,0.9984089740251929,200000.0,1.0,budget_exhausted,5.000000000465848,True,True,True,"[[334309.55985446915,5724983.667836364],[334279.5143309487,5725103.849930447],[334309.55985446915,5725013.713359885],[334219.4232839077,5724953.622312844],[334189.3777603872,5725013.713359885]]",34d08ebcb484b8ac7a604bf7341a37d1b0ed8216ef0a5fa38e652a0cf12689e2,eec9194f0c7e7c05c598e86f912d5399f0ab2028d1404f0169aa611b5a2fe32a,ce9e5a26730ccc2b49d99d63c9dac22800b1dc6a547e08c5f048be8980818321,3966077233,null,8500,0.0,matched_prior_exact,0,stationary,1,"{""fraction"":0.75,""k"":1,""stage"":""c7-timing""}",1afd6aad4615879250c18a49e0765e646d736ba5546c63af535ab9149ba3f9ac,0.9982735635398267,9490,9491,0.39096473759066047,none,0.0012404981752530686,True,revision_C_base@712b395,712b395,5ede81cb5815049fe381f461ce5502b4a13d3d3945ab77c4b78242c6d10572b8,c7-timing_20260911_041506_496602_705c3cf8,705c3cf8d1b3a80735499262310009dc0b3cd9c5e151de83f16ab60a82062b6e,none,none,none,evidence,revision_B_base,revision_B_base,0.5,0.8,10000.0,none,5,200000.0,xlarge,45.0,80.0,5.0,0.5,1.0
10,47,dynamic_evidence_3step,dynamic_3step,midflight_failure,[4],c4_frozen,2875081238,0.25,2181,50012.214348021145,2181.0,[],[],True,0,0.0,0,0.28351763127420176,8809.447945292697,8381.707971163325,1986.9313473421414,0.28374009242193615,0.14631401941776428,0.13720361185643748,0.16071906412573522,14.102793927648579,0.9290920646553945,10369,10370,0.2477777543351703,6641.97693907473,0.830143349465658,200002.59574298814,1.0000129787149408,budget_exhausted,5.000000000121749,True,True,True,"[[334279.5143309487,5724923.576789323],[334249.4688074282,5725013.713359885],[334339.60537798965,5725013.713359885],[334309.55985446915,5725103.849930447],[334249.4688074282,5725013.713359885]]",86acef197abba91ad432c41bbaaa79eac06cb00f3811ca9fda24e1da389d2362,f6b9c9244abd56259fe20eb9b7a0bb3920b9b809ab463f63f17dba9351ce7bf1,1cbbec5f7870c97261d1214d9cc64af0e2b09a33db8fde8079b9fa97764593be,2454435525,null,4264,500.6831625457853,matched_prior_exact,0,stationary,1,"{""fraction"":0.25,""k"":1,""stage"":""c7-timing""}",afb392704cd91dc121192dd93c7aa1904370ee07844253dff5b4afaa9642f3ae,0.8032687102482627,10966,10967,0.9698921233570528,none,0.010178106276100607,True,revision_C_base@712b395,712b395,5ede81cb5815049fe381f461ce5502b4a13d3d3945ab77c4b78242c6d10572b8,c7-timing_20260911_041506_496602_705c3cf8,705c3cf8d1b3a80735499262310009dc0b3cd9c5e151de83f16ab60a82062b6e,none,none,none,evidence,revision_B_base,revision_B_base,0.5,0.8,10000.0,none,5,200000.0,xlarge,45.0,80.0,5.0,0.5,1.0
10,47,online_static_3step,online_static_3step,midflight_failure,[4],c4_frozen,2875081238,0.25,2231,50020.13003664336,2231.0,[],[],True,0,0.0,0,0.11211349997076145,9827.22243991137,9827.22243991137,2071.5338613165372,0.11216205302869511,0.1121133654866952,1.344840662442781e-07,1.5146535719393453e-07,99.94037940379404,0.9899940343836434,10966,10967,0.11211349997076145,7193.751080824843,0.8991064967910064,200011.24206469028,1.0000562103234514,budget_exhausted,5.000000000121749,True,True,True,"[[334279.5143309487,5724923.576789323],[334249.4688074282,5725013.713359885],[334339.60537798965,5725013.713359885],[334309.55985446915,5725103.849930447],[334249.4688074282,5725013.713359885]]",86acef197abba91ad432c41bbaaa79eac06cb00f3811ca9fda24e1da389d2362,7c15ce27b532b713a7a709da8e8b4fe5a4e203f7c9d8d1f19e3be87988e8abe4,5839632486915b4f95aeb3cf26b2cf922e72614307100f637e65f9c548aef965,2454435525,null,6055,651.1142553672253,matched_prior_exact,0,stationary,1,"{""fraction"":0.25,""k"":1,""stage"":""c7-timing""}",afb392704cd91dc121192dd93c7aa1904370ee07844253dff5b4afaa9642f3ae,0.8960720743969517,10966,10967,1.0000011995364304,none,-0.000458844476754261,True,revision_C_base@712b395,712b395,5ede81cb5815049fe381f461ce5502b4a13d3d3945ab77c4b78242c6d10572b8,c7-timing_20260911_041506_496602_705c3cf8,705c3cf8d1b3a80735499262310009dc0b3cd9c5e151de83f16ab60a82062b6e,none,none,none,evidence,revision_B_base,revision_B_base,0.5,0.8,10000.0,none,5,200000.0,xlarge,45.0,80.0,5.0,0.5,1.0
10,47,pizza_replan_midflight,pizza_replan,midflight_failure,[4],c4_frozen,2875081238,0.25,2006,50008.58840875204,2006.0,[],[],True,0,0.0,0,0.20694572982643727,9368.680803199644,8215.579894367225,1915.7432928409232,0.20736159328536416,0.09346349766347439,0.11348223216296288,0.12518219825729188,11.022598056854983,0.9092772870023962,9512,9513,0.1915033091526324,7004.490642878984,0.8754518988725138,200010.7224254791,1.0000536121273955,budget_exhausted,5.000000000904697,True,True,True,"[[334279.5143309487,5724923.576789323],[334249.4688074282,5725013.713359885],[334339.60537798965,5725013.713359885],[334309.55985446915,5725103.849930447],[334249.4688074282,5725013.713359885]]",86acef197abba91ad432c41bbaaa79eac06cb00f3811ca9fda24e1da389d2362,a4ffb53b771dee47f9e0c14727c10ca04137ae495de17eb970a95ca84d99d601,c2bc4502e8a2fc40143b2ebe16b6034b2ad0d85c5ed1c288b3745343eef40053,2454435525,"{""assignment"":{""0"":[3,""forward""],""1"":[2,""forward""],""2"":[0,""forward""],""3"":[1,""forward""]},""assignment_cost"":995.2010911673153,""deadhead_fraction_remaining_budget"":0.006635053838145128,""deadhead_per_drone"":{""0"":508.00272992158165,""1"":361.11932030976595,""2"":10.35106365088149,""3"":115.72797728508633},""deadhead_total"":995.2010911673153,""empty_sectors"":0,""generator"":""generate_pizza_zigzag_path(overlap=0.0, path_point_spacing_m=10.0, border_gap_m=0.0)"",""num_sectors"":4,""orientations_per_sector"":{""0"":""forward"",""1"":""forward"",""2"":""forward"",""3"":""forward""},""prefix_removed_total"":4372,""route_length_after_replan"":{""0"":1161303.1826265282,""1"":1161303.1826265343,""2"":1161061.395530905,""3"":1161303.1826265266},""search_inactive_uav_ids"":[],""suffix_removed_total"":0,""survivor_ids"":[0,1,2,3],""task_splits"":0}",0,0.0,matched_prior_exact,0,stationary,1,"{""fraction"":0.25,""k"":1,""stage"":""c7-timing""}",afb392704cd91dc121192dd93c7aa1904370ee07844253dff5b4afaa9642f3ae,0.8542610379501818,10966,10967,0.9944889390173374,none,0.004152269579544843,True,revision_C_base@712b395,712b395,5ede81cb5815049fe381f461ce5502b4a13d3d3945ab77c4b78242c6d10572b8,c7-timing_20260911_041506_496602_705c3cf8,705c3cf8d1b3a80735499262310009dc0b3cd9c5e151de83f16ab60a82062b6e,none,none,none,evidence,revision_B_base,revision_B_base,0.5,0.8,10000.0,none,5,200000.0,xlarge,45.0,80.0,5.0,0.5,1.0
10,47,pizza_fixed_midflight,pizza_fixed,midflight_failure,[4],c4_frozen,2875081238,0.25,2006,50008.58840875204,2006.0,[],[],True,0,0.0,0,0.20815107478938594,9363.390545770213,8212.042208513933,1915.7432928409232,0.20852188170920644,0.09346349766347439,0.11468757712591154,0.12651181373316292,10.908980755523878,0.9083324077280419,9512,9513,0.19347181969108102,7003.619023989249,0.8753429601286401,200017.17984362587,1.0000858992181294,budget_exhausted,5.000000000891834,True,True,True,"[[334279.5143309487,5724923.576789323],[334249.4688074282,5725013.713359885],[334339.60537798965,5725013.713359885],[334309.55985446915,5725103.849930447],[334249.4688074282,5725013.713359885]]",86acef197abba91ad432c41bbaaa79eac06cb00f3811ca9fda24e1da389d2362,84536befec1b34b063297f3dcc8572fd4672a96a100b8af0ac17ec942d3f17ce,c2bc4502e8a2fc40143b2ebe16b6034b2ad0d85c5ed1c288b3745343eef40053,2454435525,null,0,0.0,matched_prior_exact,0,stationary,1,"{""fraction"":0.25,""k"":1,""stage"":""c7-timing""}",afb392704cd91dc121192dd93c7aa1904370ee07844253dff5b4afaa9642f3ae,0.8537786583176997,10966,10967,1.0002812896706126,none,0.0036698899470627433,True,revision_C_base@712b395,712b395,5ede81cb5815049fe381f461ce5502b4a13d3d3945ab77c4b78242c6d10572b8,c7-timing_20260911_041506_496602_705c3cf8,705c3cf8d1b3a80735499262310009dc0b3cd9c5e151de83f16ab60a82062b6e,none,none,none,evidence,revision_B_base,revision_B_base,0.5,0.8,10000.0,none,5,200000.0,xlarge,45.0,80.0,5.0,0.5,1.0
10,47,random_uniform_n8_uncoordinated,random_uniform_n8_uncoordinated,midflight_failure,[4],c4_frozen,2875081238,0.25,2000,50000.0,2000.0,[],[],True,0,0.0,0,0.016064567869042194,10856.136366227001,9413.687022723036,1998.2689698464999,0.016132139636763392,0.0044716754191482175,0.011592892449893977,0.011644964953433085,265.1239092495637,0.996228178730351,9500,9501,0.015801803359669173,7937.6576822685,0.9920831998835771,200000.0,1.0,budget_exhausted,5.000000000464896,True,True,True,"[[334279.5143309487,5724923.576789323],[334249.4688074282,5725013.713359885],[334339.60537798965,5725013.713359885],[334309.55985446915,5725103.849930447],[334249.4688074282,5725013.713359885]]",86acef197abba91ad432c41bbaaa79eac06cb00f3811ca9fda24e1da389d2362,0165d94c394d7c573e1364d84c46079aaeb72e062caf5ffa551bb91e6056465a,f25b0f549a566c3a36ff7a724d4c0f3fa7610593357adf838a78e026be1dd9e7,2454435525,null,9500,0.0,matched_prior_exact,0,stationary,1,"{""fraction"":0.25,""k"":1,""stage"":""c7-timing""}",afb392704cd91dc121192dd93c7aa1904370ee07844253dff5b4afaa9642f3ae,0.9898911613227867,10966,10967,0.9830982844017824,none,-0.00016677979245616203,True,revision_C_base@712b395,712b395,5ede81cb5815049fe381f461ce5502b4a13d3d3945ab77c4b78242c6d10572b8,c7-timing_20260911_041506_496602_705c3cf8,705c3cf8d1b3a80735499262310009dc0b3cd9c5e151de83f16ab60a82062b6e,none,none,none,evidence,revision_B_base,revision_B_base,0.5,0.8,10000.0,none,5,200000.0,xlarge,45.0,80.0,5.0,0.5,1.0
10,47,dynamic_evidence_3step,dynamic_3step,midflight_failure,[4],c4_frozen,2875081238,0.5,4375,100007.55464872297,4375.0,[],[],True,0,0.0,0,0.2861726614075334,8303.656881913836,7903.199744963787,3806.1224082378503,0.2863998405790808,0.19667024393593224,0.08950241747160115,0.11141429381393796,13.747068544896514,0.9272572187492845,9823,9824,0.2606347430830561,6578.782399622428,0.8222450193253878,200001.09888711732,1.0000054944355865,budget_exhausted,5.000000000121749,True,True,True,"[[334279.5143309487,5724923.576789323],[334249.4688074282,5725013.713359885],[334339.60537798965,5725013.713359885],[334309.55985446915,5725103.849930447],[334249.4688074282,5725013.713359885]]",86acef197abba91ad432c41bbaaa79eac06cb00f3811ca9fda24e1da389d2362,215bd90b7a29922a5ced335f223fe6aabd02e8ceb392dd0f910978dafe581931,617f10216065191afe20287e6dccd982e53e76ce84e6ea06d668601689776031,2454435525,null,4318,493.6124959285371,matched_prior_exact,0,stationary,1,"{""fraction"":0.5,""k"":1,""stage"":""c7-timing""}",e48f7e450930aa2cad23001d8a223a0347fc2e867d4f90039ce62228ac53c328,0.79958178930321,10384,10385,0.9789747782946694,none,0.006491185331047866,True,revision_C_base@712b395,712b395,5ede81cb5815049fe381f461ce5502b4a13d3d3945ab77c4b78242c6d10572b8,c7-timing_20260911_041506_496602_705c3cf8,705c3cf8d1b3a80735499262310009dc0b3cd9c5e151de83f16ab60a82062b6e,none,none,none,evidence,revision_B_base,revision_B_base,0.5,0.8,10000.0,none,5,200000.0,xlarge,45.0,80.0,5.0,0.5,1.0
10,47,online_static_3step,online_static_3step,midflight_failure,[4],c4_frozen,2875081238,0.5,4561,100020.9266982773,4561.0,[],[],True,0,0.0,0,0.1121133654866952,9310.473592503437,9310.473592503437,4140.309719732456,0.11216205302869511,0.1121133654866952,0.0,0.0,99.94688346883468,0.9899946855240181,10384,10385,0.1121133654866952,7193.751855823755,0.8991065936537627,200007.29240389424,1.0000364620194713,budget_exhausted,5.000000000121749,True,True,True,"[[334279.5143309487,5724923.576789323],[334249.4688074282,5725013.713359885],[334339.60537798965,5725013.713359885],[334309.55985446915,5725103.849930447],[334249.4688074282,5725013.713359885]]",86acef197abba91ad432c41bbaaa79eac06cb00f3811ca9fda24e1da389d2362,a052a97400ef24c135c76f947d26906a5a4ce40a708e2e2a3afb83751e97a64d,c89077bb5a3fe16cacba3aecbf6aa80ea60fcb9b76592a2631e3721080755244,2454435525,null,3728,394.5364285998512,matched_prior_exact,0,stationary,1,"{""fraction"":0.5,""k"":1,""stage"":""c7-timing""}",e48f7e450930aa2cad23001d8a223a0347fc2e867d4f90039ce62228ac53c328,0.896530918873706,10384,10385,1.0,none,0.0,True,revision_C_base@712b395,712b395,5ede81cb5815049fe381f461ce5502b4a13d3d3945ab77c4b78242c6d10572b8,c7-timing_20260911_041506_496602_705c3cf8,705c3cf8d1b3a80735499262310009dc0b3cd9c5e151de83f16ab60a82062b6e,none,none,none,evidence,revision_B_base,revision_B_base,0.5,0.8,10000.0,none,5,200000.0,xlarge,45.0,80.0,5.0,0.5,1.0
10,47,pizza_replan_midflight,pizza_replan,midflight_failure,[4],c4_frozen,2875081238,0.5,4008,100004.21028322382,4008.0,[],[],True,0,0.0,0,0.193069634688604,8945.614802923072,7838.506341716,3662.392893067484,0.19335509157162845,0.14969092536642886,0.043378709322175135,0.05101522565882128,12.772708281106375,0.9217080686420108,9012,9013,0.18108484812276127,7015.8398043208,0.876870366744257,200002.93006500718,1.000014650325036,budget_exhausted,5.000000000888882,True,True,True,"[[334279.5143309487,5724923.576789323],[334249.4688074282,5725013.713359885],[334339.60537798965,5725013.713359885],[334309.55985446915,5725103.849930447],[334249.4688074282,5725013.713359885]]",86acef197abba91ad432c41bbaaa79eac06cb00f3811ca9fda24e1da389d2362,fc3ba58699720f9e5dfd49d9e7d8622e704b7dffdb5bad2fe9ae64ab5d9bc983,a95abcb9973695aed4719168bac6e40bde2f37a4df9813cbb5f4322f3f3390c4,2454435525,"{""assignment"":{""0"":[3,""forward""],""1"":[1,""forward""],""2"":[0,""forward""],""3"":[2,""forward""]},""assignment_cost"":3820.465470439557,""deadhead_fraction_remaining_budget"":0.03820626329628958,""deadhead_per_drone"":{""0"":612.9740808391778,""1"":304.0436731111743,""2"":326.57389609380357,""3"":2576.8738203954013},""deadhead_total"":3820.465470439557,""empty_sectors"":0,""generator"":""generate_pizza_zigzag_path(overlap=0.0, path_point_spacing_m=10.0, border_gap_m=0.0)"",""num_sectors"":4,""orientations_per_sector"":{""0"":""forward"",""1"":""forward"",""2"":""forward"",""3"":""forward""},""prefix_removed_total"":6890,""route_length_after_replan"":{""0"":1157225.4349640314,""1"":1152219.6166224296,""2"":1157225.434964038,""3"":1152219.6166224345},""search_inactive_uav_ids"":[],""suffix_removed_total"":0,""survivor_ids"":[0,1,2,3],""task_splits"":0}",0,0.0,matched_prior_exact,0,stationary,1,"{""fraction"":0.5,""k"":1,""stage"":""c7-timing""}",e48f7e450930aa2cad23001d8a223a0347fc2e867d4f90039ce62228ac53c328,0.861397669997407,10384,10385,0.927806610549381,none,0.011288901626769987,True,revision_C_base@712b395,712b395,5ede81cb5815049fe381f461ce5502b4a13d3d3945ab77c4b78242c6d10572b8,c7-timing_20260911_041506_496602_705c3cf8,705c3cf8d1b3a80735499262310009dc0b3cd9c5e151de83f16ab60a82062b6e,none,none,none,evidence,revision_B_base,revision_B_base,0.5,0.8,10000.0,none,5,200000.0,xlarge,45.0,80.0,5.0,0.5,1.0
10,47,pizza_fixed_midflight,pizza_fixed,midflight_failure,[4],c4_frozen,2875081238,0.5,4008,100004.21028322382,4008.0,[],[],True,0,0.0,0,0.21350852108367405,8833.27110185449,7753.418301302711,3662.392893067484,0.21391454858689996,0.14969092536642886,0.06381759571724518,0.07505223408881823,10.922945083196458,0.9084495992259111,9011,9012,0.20301404865372258,6952.5487178934945,0.8689599697404693,200000.86068224369,1.0000043034112185,budget_exhausted,5.000000000891834,True,True,True,"[[334279.5143309487,5724923.576789323],[334249.4688074282,5725013.713359885],[334339.60537798965,5725013.713359885],[334309.55985446915,5725103.849930447],[334249.4688074282,5725013.713359885]]",86acef197abba91ad432c41bbaaa79eac06cb00f3811ca9fda24e1da389d2362,7423ee325a0877b02c97b997fbe57a0443a8a8a65f5106a4e5fc6d000020c864,a95abcb9973695aed4719168bac6e40bde2f37a4df9813cbb5f4322f3f3390c4,2454435525,null,0,0.0,matched_prior_exact,0,stationary,1,"{""fraction"":0.5,""k"":1,""stage"":""c7-timing""}",e48f7e450930aa2cad23001d8a223a0347fc2e867d4f90039ce62228ac53c328,0.8505797883345682,10384,10385,1.0260267886742278,none,0.00047101996393117407,True,revision_C_base@712b395,712b395,5ede81cb5815049fe381f461ce5502b4a13d3d3945ab77c4b78242c6d10572b8,c7-timing_20260911_041506_496602_705c3cf8,705c3cf8d1b3a80735499262310009dc0b3cd9c5e151de83f16ab60a82062b6e,none,none,none,evidence,revision_B_base,revision_B_base,0.5,0.8,10000.0,none,5,200000.0,xlarge,45.0,80.0,5.0,0.5,1.0
10,47,random_uniform_n8_uncoordinated,random_uniform_n8_uncoordinated,midflight_failure,[4],c4_frozen,2875081238,0.5,4000,100000.0,4000.0,[],[],True,0,0.0,0,0.016138888345844878,10282.880400061014,8921.216621531345,3984.3994812421333,0.016206460076941917,0.009053768000193021,0.007085120345651856,0.0071498534601151156,251.5976821192053,0.9960254005856611,9000,9001,0.015876123836472307,7937.229317619071,0.9920296609947594,200000.0,1.0,budget_exhausted,5.000000000464896,True,True,True,"[[334279.5143309487,5724923.576789323],[334249.4688074282,5725013.713359885],[334339.60537798965,5725013.713359885],[334309.55985446915,5725103.849930447],[334249.4688074282,5725013.713359885]]",86acef197abba91ad432c41bbaaa79eac06cb00f3811ca9fda24e1da389d2362,27cddde7ab058b8d94a97029ee9a12d12c2c4a0e2845d45aeae439b0b1f7b8c6,853fe4c61896c01afb5ddf477b5bb47dcd9ff3f5e5aaf61d19405f7e89d2cdf1,2454435525,null,9000,0.0,matched_prior_exact,0,stationary,1,"{""fraction"":0.5,""k"":1,""stage"":""c7-timing""}",e48f7e450930aa2cad23001d8a223a0347fc2e867d4f90039ce62228ac53c328,0.9901666249456923,10384,10385,0.9876464511396778,none,0.00010868383044948526,True,revision_C_base@712b395,712b395,5ede81cb5815049fe381f461ce5502b4a13d3d3945ab77c4b78242c6d10572b8,c7-timing_20260911_041506_496602_705c3cf8,705c3cf8d1b3a80735499262310009dc0b3cd9c5e151de83f16ab60a82062b6e,none,none,none,evidence,revision_B_base,revision_B_base,0.5,0.8,10000.0,none,5,200000.0,xlarge,45.0,80.0,5.0,0.5,1.0
10,47,dynamic_evidence_3step,dynamic_3step,midflight_failure,[4],c4_frozen,2875081238,0.75,6559,150006.1639684615,6559.0,[],[],True,0,0.0,0,0.28930950856647353,7840.228618008401,7472.090943445674,5488.578177394261,0.28955757245861485,0.2552090531766548,0.03410045538981871,0.04578527106869748,13.634867394695787,0.9266586193284858,9284,9285,0.27222835390184863,6548.95846957813,0.8185174940105149,200003.26884315346,1.0000163442157672,budget_exhausted,5.000000000121749,True,True,True,"[[334279.5143309487,5724923.576789323],[334249.4688074282,5725013.713359885],[334339.60537798965,5725013.713359885],[334309.55985446915,5725103.849930447],[334249.4688074282,5725013.713359885]]",86acef197abba91ad432c41bbaaa79eac06cb00f3811ca9fda24e1da389d2362,eb7892e09408a75b0465b46a3030a2225bc2625734eb47e5fe5415a005d84f4a,e8874384ef141b3a7807b7b459b32e72ba92288cc52bb12f51635c927eb62051,2454435525,null,4224,511.3942971400684,matched_prior_exact,0,stationary,1,"{""fraction"":0.75,""k"":1,""stage"":""c7-timing""}",1afd6aad4615879250c18a49e0765e646d736ba5546c63af535ab9149ba3f9ac,0.7997784982156891,9802,9803,0.989705692410866,none,0.006687894243527004,True,revision_C_base@712b395,712b395,5ede81cb5815049fe381f461ce5502b4a13d3d3945ab77c4b78242c6d10572b8,c7-timing_20260911_041506_496602_705c3cf8,705c3cf8d1b3a80735499262310009dc0b3cd9c5e151de83f16ab60a82062b6e,none,none,none,evidence,revision_B_base,revision_B_base,0.5,0.8,10000.0,none,5,200000.0,xlarge,45.0,80.0,5.0,0.5,1.0
10,47,online_static_3step,online_static_3step,midflight_failure,[4],c4_frozen,2875081238,0.75,6891,150021.72335991124,6891.0,[],[],True,0,0.0,0,0.11211349997076145,8793.723180438921,8793.723180438921,6209.08557814868,0.11216205302869511,0.1121133654866952,1.344840662442781e-07,1.5146535719393453e-07,99.95392953929539,0.989995390830464,9802,9803,0.11211349997076145,7193.751707386107,0.8991065751013757,200010.9196707473,1.0000545983537366,budget_exhausted,5.000000000121749,True,True,True,"[[334279.5143309487,5724923.576789323],[334249.4688074282,5725013.713359885],[334339.60537798965,5725013.713359885],[334309.55985446915,5725103.849930447],[334249.4688074282,5725013.713359885]]",86acef197abba91ad432c41bbaaa79eac06cb00f3811ca9fda24e1da389d2362,819042fc1a425e21e48ccf226467a6c4f080bd6b6e7aba56e07a0dcdad9d8fb0,d02fe518fdbb6799bf06c68ed669cac589664ce04f0eb5357f29ab2c40ce82f1,2454435525,null,4310,467.1939067452331,matched_prior_exact,0,stationary,1,"{""fraction"":0.75,""k"":1,""stage"":""c7-timing""}",1afd6aad4615879250c18a49e0765e646d736ba5546c63af535ab9149ba3f9ac,0.8970440865489056,9802,9803,1.0000011995364304,none,0.0005131676751995995,True,revision_C_base@712b395,712b395,5ede81cb5815049fe381f461ce5502b4a13d3d3945ab77c4b78242c6d10572b8,c7-timing_20260911_041506_496602_705c3cf8,705c3cf8d1b3a80735499262310009dc0b3cd9c5e151de83f16ab60a82062b6e,none,none,none,evidence,revision_B_base,revision_B_base,0.5,0.8,10000.0,none,5,200000.0,xlarge,45.0,80.0,5.0,0.5,1.0
10,47,pizza_replan_midflight,pizza_replan,midflight_failure,[4],c4_frozen,2875081238,0.75,6010,150020.46401256142,6010.0,[],[],True,0,0.0,0,0.1791154504433065,8449.33392294898,7390.392854020676,5336.364218741671,0.1793533018961274,0.1788041944784855,0.00031125596482101114,0.0003790277090167828,14.674049109292248,0.9318524837587768,8512,8513,0.17910471044840942,6970.096200018232,0.8711531308609214,200014.06023714505,1.0000703011857253,budget_exhausted,5.000000000891834,True,True,True,"[[334279.5143309487,5724923.576789323],[334249.4688074282,5725013.713359885],[334339.60537798965,5725013.713359885],[334309.55985446915,5725103.849930447],[334249.4688074282,5725013.713359885]]",86acef197abba91ad432c41bbaaa79eac06cb00f3811ca9fda24e1da389d2362,05248c3db3f639f337ec29e3a9433f291311154e736c0922f07a07d096e75736,33d12ffe024aa41b689f68033e7bda4737f5f5971d376a26dd104e5d9a52416b,2454435525,"{""assignment"":{""0"":[3,""forward""],""1"":[1,""forward""],""2"":[0,""forward""],""3"":[2,""forward""]},""assignment_cost"":4723.882582738006,""deadhead_fraction_remaining_budget"":0.09451633532422682,""deadhead_per_drone"":{""0"":693.3209736860954,""1"":472.7190747531624,""2"":606.0896663415814,""3"":2951.7528679571674},""deadhead_total"":4723.882582738006,""empty_sectors"":0,""generator"":""generate_pizza_zigzag_path(overlap=0.0, path_point_spacing_m=10.0, border_gap_m=0.0)"",""num_sectors"":4,""orientations_per_sector"":{""0"":""forward"",""1"":""forward"",""2"":""forward"",""3"":""forward""},""prefix_removed_total"":6890,""route_length_after_replan"":{""0"":1157225.4349640314,""1"":1152219.6166224296,""2"":1157225.434964038,""3"":1152219.6166224345},""search_inactive_uav_ids"":[],""suffix_removed_total"":0,""survivor_ids"":[0,1,2,3],""task_splits"":0}",0,0.0,matched_prior_exact,0,stationary,1,"{""fraction"":0.75,""k"":1,""stage"":""c7-timing""}",1afd6aad4615879250c18a49e0765e646d736ba5546c63af535ab9149ba3f9ac,0.8619130799703131,9802,9803,0.8607490206363296,none,0.011804311599676098,True,revision_C_base@712b395,712b395,5ede81cb5815049fe381f461ce5502b4a13d3d3945ab77c4b78242c6d10572b8,c7-timing_20260911_041506_496602_705c3cf8,705c3cf8d1b3a80735499262310009dc0b3cd9c5e151de83f16ab60a82062b6e,none,none,none,evidence,revision_B_base,revision_B_base,0.5,0.8,10000.0,none,5,200000.0,xlarge,45.0,80.0,5.0,0.5,1.0
10,47,pizza_fixed_midflight,pizza_fixed,midflight_failure,[4],c4_frozen,2875081238,0.75,6010,150020.46401256142,6010.0,[],[],True,0,0.0,0,0.2115417686306828,8365.07248643549,7347.172909737686,5336.364218741671,0.211941462701124,0.1788041944784855,0.0327375741521973,0.039865734739605425,10.935506935506936,0.9085547651427973,8511,8512,0.20610526331965395,6942.648231747458,0.8677225636479763,200014.4348270917,1.0000721741354586,budget_exhausted,5.000000000891834,True,True,True,"[[334279.5143309487,5724923.576789323],[334249.4688074282,5725013.713359885],[334339.60537798965,5725013.713359885],[334309.55985446915,5725103.849930447],[334249.4688074282,5725013.713359885]]",86acef197abba91ad432c41bbaaa79eac06cb00f3811ca9fda24e1da389d2362,19f2073222e9ccd4fe2e61d50992498ce50cf897a8b66d502430d41da678e8e7,33d12ffe024aa41b689f68033e7bda4737f5f5971d376a26dd104e5d9a52416b,2454435525,null,0,0.0,matched_prior_exact,0,stationary,1,"{""fraction"":0.75,""k"":1,""stage"":""c7-timing""}",1afd6aad4615879250c18a49e0765e646d736ba5546c63af535ab9149ba3f9ac,0.8533176054713344,9802,9803,1.0165754529934896,none,0.003208837100697415,True,revision_C_base@712b395,712b395,5ede81cb5815049fe381f461ce5502b4a13d3d3945ab77c4b78242c6d10572b8,c7-timing_20260911_041506_496602_705c3cf8,705c3cf8d1b3a80735499262310009dc0b3cd9c5e151de83f16ab60a82062b6e,none,none,none,evidence,revision_B_base,revision_B_base,0.5,0.8,10000.0,none,5,200000.0,xlarge,45.0,80.0,5.0,0.5,1.0
10,47,random_uniform_n8_uncoordinated,random_uniform_n8_uncoordinated,midflight_failure,[4],c4_frozen,2875081238,0.75,6000,150000.0,6000.0,[],[],True,0,0.0,0,0.016078166744642197,9710.336453511263,8429.270226612676,5964.432817463786,0.016145758880004867,0.011408336522176116,0.00466983022246608,0.004723720009976428,242.75079872204472,0.9958805490846396,8500,8501,0.015876123836472307,7937.229317619071,0.9920296609947594,200000.0,1.0,budget_exhausted,5.000000000464896,True,True,True,"[[334279.5143309487,5724923.576789323],[334249.4688074282,5725013.713359885],[334339.60537798965,5725013.713359885],[334309.55985446915,5725103.849930447],[334249.4688074282,5725013.713359885]]",86acef197abba91ad432c41bbaaa79eac06cb00f3811ca9fda24e1da389d2362,d20a0e011a1b97a4b71599e7b7656f90a36c30abede0c62695b4b58bca1d8d3b,8632c03f28a7281a9005674c4ee580f5c97783108391df67681a16e1ac2d009c,2454435525,null,8500,0.0,matched_prior_exact,0,stationary,1,"{""fraction"":0.75,""k"":1,""stage"":""c7-timing""}",1afd6aad4615879250c18a49e0765e646d736ba5546c63af535ab9149ba3f9ac,0.9905474297165422,9802,9803,0.9839304904954127,none,0.0004894886012993815,True,revision_C_base@712b395,712b395,5ede81cb5815049fe381f461ce5502b4a13d3d3945ab77c4b78242c6d10572b8,c7-timing_20260911_041506_496602_705c3cf8,705c3cf8d1b3a80735499262310009dc0b3cd9c5e151de83f16ab60a82062b6e,none,none,none,evidence,revision_B_base,revision_B_base,0.5,0.8,10000.0,none,5,200000.0,xlarge,45.0,80.0,5.0,0.5,1.0
10,48,dynamic_evidence_3step,dynamic_3step,midflight_failure,[4],c4_frozen,1773811642,0.25,2182,50002.85276175568,2182.0,[],[],True,0,0.0,0,0.28789555620420393,8463.523074346644,8385.191585528408,1994.604246541029,0.28814155294606264,0.1538556999507374,0.13403985625346654,0.15841252638073994,13.523004477381503,0.926051936041832,10402,10403,0.24615215571256832,6623.648971799898,0.8278526398950005,200008.16937823425,1.0000408468911712,budget_exhausted,5.000000000121749,True,True,True,"[[334219.4232839077,5725073.804406926],[334189.3777603872,5725013.713359885],[334219.4232839077,5724923.576789323],[334219.4232839077,5724983.667836364],[334279.5143309487,5724953.622312844]]",72de94d103216530d7b39d2938a5ba94a9218ad02ff675db15e52e3a8dcfd981,21362078a8f85472d0bd5c38e2fcab575462e75ed63c4cfd10399b0bb3b8ab81,9141a0636ec4cef0bd3a17949dd20506b11bfa36e81610ac3547534a01e27893,1446888020,null,4433,998.7185731998179,matched_prior_exact,0,stationary,1,"{""fraction"":0.25,""k"":1,""stage"":""c7-timing""}",afb392704cd91dc121192dd93c7aa1904370ee07844253dff5b4afaa9642f3ae,0.8050530842144624,10512,10513,1.131742687222213,none,-0.0056807782193470935,True,revision_C_base@712b395,712b395,5ede81cb5815049fe381f461ce5502b4a13d3d3945ab77c4b78242c6d10572b8,c7-timing_20260911_041506_496602_705c3cf8,705c3cf8d1b3a80735499262310009dc0b3cd9c5e151de83f16ab60a82062b6e,none,none,none,evidence,revision_B_base,revision_B_base,0.5,0.8,10000.0,none,5,200000.0,xlarge,45.0,80.0,5.0,0.5,1.0
10,48,online_static_3step,online_static_3step,midflight_failure,[4],c4_frozen,1773811642,0.25,2189,50017.95139799482,2189.0,[],[],True,0,0.0,0,0.14421746290724202,9142.385116232512,9142.385116232512,2018.3214165885136,0.14432718641079834,0.13904320777076587,0.005174255136476152,0.006009889442975067,62.005255781359494,0.983872334894865,10512,10513,0.14421746290724202,6992.659383055101,0.8739731762348583,200008.73094013977,1.0000436547006988,budget_exhausted,5.000000000121749,True,True,True,"[[334219.4232839077,5725073.804406926],[334189.3777603872,5725013.713359885],[334219.4232839077,5724923.576789323],[334219.4232839077,5724983.667836364],[334279.5143309487,5724953.622312844]]",72de94d103216530d7b39d2938a5ba94a9218ad02ff675db15e52e3a8dcfd981,0ee16c3b3bdfa68bec6c2fa7e57eece9d918ab189a42d432679cc024205c9012,c2aefd6174b77cd330eeae5412d023d6ed7167425e1ba6ee2a23237bdf95b727,1446888020,null,4744,920.1423887827841,matched_prior_exact,0,stationary,1,"{""fraction"":0.25,""k"":1,""stage"":""c7-timing""}",afb392704cd91dc121192dd93c7aa1904370ee07844253dff5b4afaa9642f3ae,0.8696266637717599,10512,10513,1.0010471745430063,none,-0.000669737055614128,True,revision_C_base@712b395,712b395,5ede81cb5815049fe381f461ce5502b4a13d3d3945ab77c4b78242c6d10572b8,c7-timing_20260911_041506_496602_705c3cf8,705c3cf8d1b3a80735499262310009dc0b3cd9c5e151de83f16ab60a82062b6e,none,none,none,evidence,revision_B_base,revision_B_base,0.5,0.8,10000.0,none,5,200000.0,xlarge,45.0,80.0,5.0,0.5,1.0
10,48,pizza_replan_midflight,pizza_replan,midflight_failure,[4],c4_frozen,1773811642,0.25,2006,50004.036485144585,2006.0,[],[],True,0,0.0,0,0.2062478440860741,9018.179801223729,8224.427645309353,1916.0684676772191,0.2066628461718609,0.09316796648318747,0.11307987760288664,0.12469770963465877,11.112731229597388,0.9100131210465503,9512,9513,0.1903071999608668,7012.020068394257,0.8763929594293535,200009.15785820025,1.0000457892910013,budget_exhausted,5.000000000901239,True,True,True,"[[334219.4232839077,5725073.804406926],[334189.3777603872,5725013.713359885],[334219.4232839077,5724923.576789323],[334219.4232839077,5724983.667836364],[334279.5143309487,5724953.622312844]]",72de94d103216530d7b39d2938a5ba94a9218ad02ff675db15e52e3a8dcfd981,550f8d0c1c89821033372a4a522c854dff0a826ce3da302f96c667815da7bf4f,d0f82e32eb7930b66530f64bbf625ff8303929814da82a113ac3c24b66955531,1446888020,"{""assignment"":{""0"":[1,""forward""],""1"":[2,""forward""],""2"":[0,""forward""],""3"":[3,""forward""]},""assignment_cost"":2438.710958878508,""deadhead_fraction_remaining_budget"":0.01625851057409942,""deadhead_per_drone"":{""0"":105.71286693242209,""1"":420.0374419708484,""2"":1215.5351056669065,""3"":697.4255443083309},""deadhead_total"":2438.710958878508,""empty_sectors"":0,""generator"":""generate_pizza_zigzag_path(overlap=0.0, path_point_spacing_m=10.0, border_gap_m=0.0)"",""num_sectors"":4,""orientations_per_sector"":{""0"":""forward"",""1"":""forward"",""2"":""forward"",""3"":""forward""},""prefix_removed_total"":4372,""route_length_after_replan"":{""0"":1161303.1826265266,""1"":1161303.1826265343,""2"":1161061.395530905,""3"":1161303.1826265282},""search_inactive_uav_ids"":[],""suffix_removed_total"":0,""survivor_ids"":[0,1,2,3],""task_splits"":0}",0,0.0,matched_prior_exact,0,stationary,1,"{""fraction"":0.25,""k"":1,""stage"":""c7-timing""}",afb392704cd91dc121192dd93c7aa1904370ee07844253dff5b4afaa9642f3ae,0.8578122135664157,10512,10513,0.9911363712321033,none,0.0059991754006876175,True,revision_C_base@712b395,712b395,5ede81cb5815049fe381f461ce5502b4a13d3d3945ab77c4b78242c6d10572b8,c7-timing_20260911_041506_496602_705c3cf8,705c3cf8d1b3a80735499262310009dc0b3cd9c5e151de83f16ab60a82062b6e,none,none,none,evidence,revision_B_base,revision_B_base,0.5,0.8,10000.0,none,5,200000.0,xlarge,45.0,80.0,5.0,0.5,1.0
10,48,pizza_fixed_midflight,pizza_fixed,midflight_failure,[4],c4_frozen,1773811642,0.25,2006,50004.036485144585,2006.0,[],[],True,0,0.0,0,0.19649162218831012,9055.650810366316,8252.945940932055,1916.0684676772191,0.19687733526318715,0.09316796648318747,0.10332365570512266,0.11393913303263019,10.905613335232939,0.9083041027349389,9513,9514,0.183723000862289,7027.348344389395,0.8783087544543675,200011.09834311696,1.0000554917155848,budget_exhausted,5.000000000901098,True,True,True,"[[334219.4232839077,5725073.804406926],[334189.3777603872,5725013.713359885],[334219.4232839077,5724923.576789323],[334219.4232839077,5724983.667836364],[334279.5143309487,5724953.622312844]]",72de94d103216530d7b39d2938a5ba94a9218ad02ff675db15e52e3a8dcfd981,ac499d58dbf4c4490c9dfe31d508d2894253d9fe6913cc4727d7fa7ec2b6277e,d0f82e32eb7930b66530f64bbf625ff8303929814da82a113ac3c24b66955531,1446888020,null,0,0.0,matched_prior_exact,0,stationary,1,"{""fraction"":0.25,""k"":1,""stage"":""c7-timing""}",afb392704cd91dc121192dd93c7aa1904370ee07844253dff5b4afaa9642f3ae,0.8613764682170947,10512,10513,0.9442522623991911,none,0.009563430051366617,True,revision_C_base@712b395,712b395,5ede81cb5815049fe381f461ce5502b4a13d3d3945ab77c4b78242c6d10572b8,c7-timing_20260911_041506_496602_705c3cf8,705c3cf8d1b3a80735499262310009dc0b3cd9c5e151de83f16ab60a82062b6e,none,none,none,evidence,revision_B_base,revision_B_base,0.5,0.8,10000.0,none,5,200000.0,xlarge,45.0,80.0,5.0,0.5,1.0
10,48,random_uniform_n8_uncoordinated,random_uniform_n8_uncoordinated,midflight_failure,[4],c4_frozen,1773811642,0.25,2000,50000.0,2000.0,[],[],True,0,0.0,0,0.004949401631014251,10480.461765163309,9473.470559613625,2000.3687973040912,0.004957533507813166,0.000481387089687059,0.0044680145413271925,0.004470166421731366,291.8502879078695,0.9965735856998171,9500,9501,0.0045616774879957515,7980.662483240891,0.997458128139094,200000.0,1.0,budget_exhausted,5.000000000465413,True,True,True,"[[334219.4232839077,5725073.804406926],[334189.3777603872,5725013.713359885],[334219.4232839077,5724923.576789323],[334219.4232839077,5724983.667836364],[334279.5143309487,5724953.622312844]]",72de94d103216530d7b39d2938a5ba94a9218ad02ff675db15e52e3a8dcfd981,50a1c9cb5e04ab7ef0e4042caa614b897ac253a3b975c72013ec6891e0e8fd01,986fa954050c3f1fcff205c83967173472db5d7d3a1fa3d0087d7537c4f1fc21,1446888020,null,9500,0.0,matched_prior_exact,0,stationary,1,"{""fraction"":0.25,""k"":1,""stage"":""c7-timing""}",afb392704cd91dc121192dd93c7aa1904370ee07844253dff5b4afaa9642f3ae,0.9969049524553704,10512,10513,0.9916113556083368,none,2.6449822382201837e-05,True,revision_C_base@712b395,712b395,5ede81cb5815049fe381f461ce5502b4a13d3d3945ab77c4b78242c6d10572b8,c7-timing_20260911_041506_496602_705c3cf8,705c3cf8d1b3a80735499262310009dc0b3cd9c5e151de83f16ab60a82062b6e,none,none,none,evidence,revision_B_base,revision_B_base,0.5,0.8,10000.0,none,5,200000.0,xlarge,45.0,80.0,5.0,0.5,1.0
10,48,dynamic_evidence_3step,dynamic_3step,midflight_failure,[4],c4_frozen,1773811642,0.5,4367,100009.21733855084,4367.0,[],[],True,0,0.0,0,0.2569756718958429,8203.80997224327,8003.9364279832735,3796.4005912907887,0.2571199418383676,0.19217927138321728,0.06479640051262564,0.08021136152766888,18.613452532992763,0.9462754156851085,9838,9839,0.24238928355907913,6626.255326866236,0.8281783935590846,200006.30809971422,1.0000315404985711,budget_exhausted,5.000000000193143,True,True,True,"[[334219.4232839077,5725073.804406926],[334189.3777603872,5725013.713359885],[334219.4232839077,5724923.576789323],[334219.4232839077,5724983.667836364],[334279.5143309487,5724953.622312844]]",72de94d103216530d7b39d2938a5ba94a9218ad02ff675db15e52e3a8dcfd981,d138b23963f31d957c68b66dcd3f4338ac20f03ae3542499c5c4b748eda25e4a,a9bf9061fc4f54035d01c72f12e19478ca1705ef8545ef4b1e26081696e366c1,1446888020,null,4322,509.08687880676007,matched_prior_exact,0,stationary,1,"{""fraction"":0.5,""k"":1,""stage"":""c7-timing""}",e48f7e450930aa2cad23001d8a223a0347fc2e867d4f90039ce62228ac53c328,0.8116155492919738,10107,10108,1.010193909543534,none,0.0008816868581642545,True,revision_C_base@712b395,712b395,5ede81cb5815049fe381f461ce5502b4a13d3d3945ab77c4b78242c6d10572b8,c7-timing_20260911_041506_496602_705c3cf8,705c3cf8d1b3a80735499262310009dc0b3cd9c5e151de83f16ab60a82062b6e,none,none,none,evidence,revision_B_base,revision_B_base,0.5,0.8,10000.0,none,5,200000.0,xlarge,45.0,80.0,5.0,0.5,1.0
10,48,online_static_3step,online_static_3step,midflight_failure,[4],c4_frozen,1773811642,0.5,4425,100005.56138448004,4425.0,[],[],True,0,0.0,0,0.144066600031192,8796.956019563097,8796.956019563097,3933.542440940473,0.14417340987173238,0.1440666000311919,1.1102230246251565e-16,1.297090433280925e-16,62.91234221598878,0.9841048677449199,10107,10108,0.144066600031192,6993.504345828924,0.8740787833806929,200013.0066130214,1.000065033065107,budget_exhausted,5.000000000121749,True,True,True,"[[334219.4232839077,5725073.804406926],[334189.3777603872,5725013.713359885],[334219.4232839077,5724923.576789323],[334219.4232839077,5724983.667836364],[334279.5143309487,5724953.622312844]]",72de94d103216530d7b39d2938a5ba94a9218ad02ff675db15e52e3a8dcfd981,7a3bcf32a1bc434b1c06c1ea2f659d6d148a45364b78d02df382c8d0506ffd49,88e1fd376deec1196d4360691db8e2daeb81e7bb8d489518ef2974ee0ac4d600,1446888020,null,5063,535.8822879758663,matched_prior_exact,0,stationary,1,"{""fraction"":0.5,""k"":1,""stage"":""c7-timing""}",e48f7e450930aa2cad23001d8a223a0347fc2e867d4f90039ce62228ac53c328,0.870296400827374,10107,10108,1.0000000000000007,none,0.0,True,revision_C_base@712b395,712b395,5ede81cb5815049fe381f461ce5502b4a13d3d3945ab77c4b78242c6d10572b8,c7-timing_20260911_041506_496602_705c3cf8,705c3cf8d1b3a80735499262310009dc0b3cd9c5e151de83f16ab60a82062b6e,none,none,none,evidence,revision_B_base,revision_B_base,0.5,0.8,10000.0,none,5,200000.0,xlarge,45.0,80.0,5.0,0.5,1.0
10,48,pizza_replan_midflight,pizza_replan,midflight_failure,[4],c4_frozen,1773811642,0.5,4009,100022.54371887716,4009.0,[],[],True,0,0.0,0,0.19138543953380993,8731.890036116754,7847.265706966765,3663.8798959295873,0.19163683475178192,0.14962582364687949,0.041759615886930446,0.04910734244779046,13.08229148826854,0.9235607920144002,9013,9014,0.1781155832892116,7021.406002767169,0.8775660545890726,200018.92394313266,1.0000946197156633,budget_exhausted,5.000000000903552,True,True,True,"[[334219.4232839077,5725073.804406926],[334189.3777603872,5725013.713359885],[334219.4232839077,5724923.576789323],[334219.4232839077,5724983.667836364],[334279.5143309487,5724953.622312844]]",72de94d103216530d7b39d2938a5ba94a9218ad02ff675db15e52e3a8dcfd981,60773aaa75d8452b42fcb83dd407b521b1b622e4f0d755ecb8c5961f04baf490,ebd571abbe5258657cb0b5401eda432b58f97874500663f0ae818e2481053c7e,1446888020,"{""assignment"":{""0"":[0,""forward""],""1"":[1,""forward""],""2"":[3,""forward""],""3"":[2,""forward""]},""assignment_cost"":3145.829559025848,""deadhead_fraction_remaining_budget"":0.03146538905911157,""deadhead_per_drone"":{""0"":1630.1133682983975,""1"":258.0946725475025,""2"":602.5481791871074,""3"":655.0733389928407},""deadhead_total"":3145.829559025848,""empty_sectors"":0,""generator"":""generate_pizza_zigzag_path(overlap=0.0, path_point_spacing_m=10.0, border_gap_m=0.0)"",""num_sectors"":4,""orientations_per_sector"":{""0"":""forward"",""1"":""forward"",""2"":""forward"",""3"":""forward""},""prefix_removed_total"":6438,""route_length_after_replan"":{""0"":1157225.434964038,""1"":1152219.6166224296,""2"":1157225.4349640314,""3"":1156891.7108959449},""search_inactive_uav_ids"":[],""suffix_removed_total"":0,""survivor_ids"":[0,1,2,3],""task_splits"":0}",0,0.0,matched_prior_exact,0,stationary,1,"{""fraction"":0.5,""k"":1,""stage"":""c7-timing""}",e48f7e450930aa2cad23001d8a223a0347fc2e867d4f90039ce62228ac53c328,0.8638593229240952,10107,10108,0.9197141957374251,none,0.01204628475836711,True,revision_C_base@712b395,712b395,5ede81cb5815049fe381f461ce5502b4a13d3d3945ab77c4b78242c6d10572b8,c7-timing_20260911_041506_496602_705c3cf8,705c3cf8d1b3a80735499262310009dc0b3cd9c5e151de83f16ab60a82062b6e,none,none,none,evidence,revision_B_base,revision_B_base,0.5,0.8,10000.0,none,5,200000.0,xlarge,45.0,80.0,5.0,0.5,1.0
10,48,pizza_fixed_midflight,pizza_fixed,midflight_failure,[4],c4_frozen,1773811642,0.5,4009,100022.54371887716,4009.0,[],[],True,0,0.0,0,0.2049437670606499,8645.282838013187,7774.696262944684,3663.8798959295873,0.20536812961439563,0.14962582364687949,0.055317943413770415,0.06505129736065676,10.933700078588268,0.9085396532909912,9012,9013,0.1959161958860134,6965.117082266712,0.8705308189309726,200002.4727951682,1.000012363975841,budget_exhausted,5.000000000901098,True,True,True,"[[334219.4232839077,5725073.804406926],[334189.3777603872,5725013.713359885],[334219.4232839077,5724923.576789323],[334219.4232839077,5724983.667836364],[334279.5143309487,5724953.622312844]]",72de94d103216530d7b39d2938a5ba94a9218ad02ff675db15e52e3a8dcfd981,ba26ee20c486601e96217f984692daa3744fc2601983ded8599d23ca56c0788e,ebd571abbe5258657cb0b5401eda432b58f97874500663f0ae818e2481053c7e,1446888020,null,0,0.0,matched_prior_exact,0,stationary,1,"{""fraction"":0.5,""k"":1,""stage"":""c7-timing""}",e48f7e450930aa2cad23001d8a223a0347fc2e867d4f90039ce62228ac53c328,0.8552911394947751,10107,10108,0.9848695509581096,none,0.003478101329047023,True,revision_C_base@712b395,712b395,5ede81cb5815049fe381f461ce5502b4a13d3d3945ab77c4b78242c6d10572b8,c7-timing_20260911_041506_496602_705c3cf8,705c3cf8d1b3a80735499262310009dc0b3cd9c5e151de83f16ab60a82062b6e,none,none,none,evidence,revision_B_base,revision_B_base,0.5,0.8,10000.0,none,5,200000.0,xlarge,45.0,80.0,5.0,0.5,1.0
10,48,random_uniform_n8_uncoordinated,random_uniform_n8_uncoordinated,midflight_failure,[4],c4_frozen,1773811642,0.5,4000,100000.0,4000.0,[],[],True,0,0.0,0,0.004949401631014251,10077.46627282356,8975.945260429204,3996.8977237521,0.004957533507813166,0.003320572928821225,0.001628828702193026,0.0016342553663212132,293.95551257253385,0.9965981246915611,9000,9001,0.0045616774879957515,7980.662483240891,0.997458128139094,200000.0,1.0,budget_exhausted,5.000000000465413,True,True,True,"[[334219.4232839077,5725073.804406926],[334189.3777603872,5725013.713359885],[334219.4232839077,5724923.576789323],[334219.4232839077,5724983.667836364],[334279.5143309487,5724953.622312844]]",72de94d103216530d7b39d2938a5ba94a9218ad02ff675db15e52e3a8dcfd981,cfb038a3d2479e6131b1eeb3f436ef3882b0ae89a0349605dc5ede45fb922bb4,1830a72a20a04313fcca6cb3d26f8d6fcfbceefd4249c72e20d28ea3be1afa8b,1446888020,null,9000,0.0,matched_prior_exact,0,stationary,1,"{""fraction"":0.5,""k"":1,""stage"":""c7-timing""}",e48f7e450930aa2cad23001d8a223a0347fc2e867d4f90039ce62228ac53c328,0.996979251367586,10107,10108,0.9916113556083368,none,0.00010074873459786637,True,revision_C_base@712b395,712b395,5ede81cb5815049fe381f461ce5502b4a13d3d3945ab77c4b78242c6d10572b8,c7-timing_20260911_041506_496602_705c3cf8,705c3cf8d1b3a80735499262310009dc0b3cd9c5e151de83f16ab60a82062b6e,none,none,none,evidence,revision_B_base,revision_B_base,0.5,0.8,10000.0,none,5,200000.0,xlarge,45.0,80.0,5.0,0.5,1.0
10,48,dynamic_evidence_3step,dynamic_3step,midflight_failure,[4],c4_frozen,1773811642,0.75,6557,150012.7887239812,6557.0,[],[],True,0,0.0,0,0.25431215127235696,7751.263695649576,7587.212368929491,5519.66400343321,0.2544555470339476,0.22964836041768819,0.02466379085466877,0.032016276187899845,18.74745308310992,0.9466594211188651,9286,9287,0.2430333903947554,6621.100601665905,0.8275341334415579,200004.09877991735,1.0000204938995867,budget_exhausted,5.000000000197451,True,True,True,"[[334219.4232839077,5725073.804406926],[334189.3777603872,5725013.713359885],[334219.4232839077,5724923.576789323],[334219.4232839077,5724983.667836364],[334279.5143309487,5724953.622312844]]",72de94d103216530d7b39d2938a5ba94a9218ad02ff675db15e52e3a8dcfd981,c3337a7ea74e76f08093b3aaee89c9bf54469087e79b64c93495eb92748ffe08,f9790cc1bd7b854b2c23b38424150d69b5fe44c45516d0dc5453cb1a8c3c2b98,1446888020,null,4212,498.3931144938979,matched_prior_exact,0,stationary,1,"{""fraction"":0.75,""k"":1,""stage"":""c7-timing""}",1afd6aad4615879250c18a49e0765e646d736ba5546c63af535ab9149ba3f9ac,0.8153217308982409,9506,9507,0.9997233763139148,none,0.004587868464431377,True,revision_C_base@712b395,712b395,5ede81cb5815049fe381f461ce5502b4a13d3d3945ab77c4b78242c6d10572b8,c7-timing_20260911_041506_496602_705c3cf8,705c3cf8d1b3a80735499262310009dc0b3cd9c5e151de83f16ab60a82062b6e,none,none,none,evidence,revision_B_base,revision_B_base,0.5,0.8,10000.0,none,5,200000.0,xlarge,45.0,80.0,5.0,0.5,1.0
10,48,online_static_3step,online_static_3step,midflight_failure,[4],c4_frozen,1773811642,0.75,6666,150019.72133956698,6666.0,[],[],True,0,0.0,0,0.144066600031192,8282.540046181928,8282.540046181928,5851.689190270507,0.14417340987173238,0.1440666000311919,1.1102230246251565e-16,1.297090433280925e-16,62.68408134642356,0.9840469864354636,9506,9507,0.144066600031192,6993.504345828924,0.8740787833806929,200009.67579865185,1.0000483789932593,budget_exhausted,5.000000000121749,True,True,True,"[[334219.4232839077,5725073.804406926],[334189.3777603872,5725013.713359885],[334219.4232839077,5724923.576789323],[334219.4232839077,5724983.667836364],[334279.5143309487,5724953.622312844]]",72de94d103216530d7b39d2938a5ba94a9218ad02ff675db15e52e3a8dcfd981,b0fc69d405d3fe09750eb60e3a92b859c54cf5968c22c4e3aff21afd5d1ecdfe,6e164287d833693a4142049ec1877674bbc26e1be47df9a2fa9d143ac245ef69,1446888020,null,4548,471.0184163871454,matched_prior_exact,0,stationary,1,"{""fraction"":0.75,""k"":1,""stage"":""c7-timing""}",1afd6aad4615879250c18a49e0765e646d736ba5546c63af535ab9149ba3f9ac,0.8712043805808276,9506,9507,1.0000000000000007,none,0.0009079797534535805,True,revision_C_base@712b395,712b395,5ede81cb5815049fe381f461ce5502b4a13d3d3945ab77c4b78242c6d10572b8,c7-timing_20260911_041506_496602_705c3cf8,705c3cf8d1b3a80735499262310009dc0b3cd9c5e151de83f16ab60a82062b6e,none,none,none,evidence,revision_B_base,revision_B_base,0.5,0.8,10000.0,none,5,200000.0,xlarge,45.0,80.0,5.0,0.5,1.0
10,48,pizza_replan_midflight,pizza_replan,midflight_failure,[4],c4_frozen,1773811642,0.75,6010,150004.9930494772,6010.0,[],[],True,0,0.0,0,0.17909461622133954,8207.318674482773,7392.159628390718,5337.227412923025,0.17932303655917345,0.17876304998385856,0.0003315662374809847,0.0004037400380906726,14.695132530120482,0.9319502564573467,8513,8514,0.17908697237774035,6971.031925402807,0.8712700819151116,200015.7471382724,1.0000787356913619,budget_exhausted,5.000000000904411,True,True,True,"[[334219.4232839077,5725073.804406926],[334189.3777603872,5725013.713359885],[334219.4232839077,5724923.576789323],[334219.4232839077,5724983.667836364],[334279.5143309487,5724953.622312844]]",72de94d103216530d7b39d2938a5ba94a9218ad02ff675db15e52e3a8dcfd981,71ada6c4bb3b93cabaa25bd0e5c666e44c188b31c12e32f4c26077444cc9c6a1,3aa09eb5dd2e236c21ebc35aa34c468adafe9aae924908c4bacf0e9d7609d42d,1446888020,"{""assignment"":{""0"":[0,""forward""],""1"":[1,""forward""],""2"":[3,""forward""],""3"":[2,""forward""]},""assignment_cost"":3539.1614169120758,""deadhead_fraction_remaining_budget"":0.0707902975274027,""deadhead_per_drone"":{""0"":1676.1012379900988,""1"":465.5890551227583,""2"":700.8680753627821,""3"":696.6030484364367},""deadhead_total"":3539.1614169120758,""empty_sectors"":0,""generator"":""generate_pizza_zigzag_path(overlap=0.0, path_point_spacing_m=10.0, border_gap_m=0.0)"",""num_sectors"":4,""orientations_per_sector"":{""0"":""forward"",""1"":""forward"",""2"":""forward"",""3"":""forward""},""prefix_removed_total"":6438,""route_length_after_replan"":{""0"":1157225.434964038,""1"":1152219.6166224296,""2"":1157225.4349640314,""3"":1156891.7108959449},""search_inactive_uav_ids"":[],""suffix_removed_total"":0,""survivor_ids"":[0,1,2,3],""task_splits"":0}",0,0.0,matched_prior_exact,0,stationary,1,"{""fraction"":0.75,""k"":1,""stage"":""c7-timing""}",1afd6aad4615879250c18a49e0765e646d736ba5546c63af535ab9149ba3f9ac,0.8632921715033947,9506,9507,0.8606499079561044,none,0.011479133337666592,True,revision_C_base@712b395,712b395,5ede81cb5815049fe381f461ce5502b4a13d3d3945ab77c4b78242c6d10572b8,c7-timing_20260911_041506_496602_705c3cf8,705c3cf8d1b3a80735499262310009dc0b3cd9c5e151de83f16ab60a82062b6e,none,none,none,evidence,revision_B_base,revision_B_base,0.5,0.8,10000.0,none,5,200000.0,xlarge,45.0,80.0,5.0,0.5,1.0
10,48,pizza_fixed_midflight,pizza_fixed,midflight_failure,[4],c4_frozen,1773811642,0.75,6010,150004.9930494772,6010.0,[],[],True,0,0.0,0,0.20671408996796253,8144.272576099943,7355.746381528137,5337.227412923025,0.2071527200832418,0.17876304998385856,0.027951039984103976,0.03403529271735106,10.94706345232134,0.9086513013873188,8512,8513,0.20173427581623826,6948.044804182839,0.8683970508914934,200009.01983252726,1.0000450991626364,budget_exhausted,5.000000000904411,True,True,True,"[[334219.4232839077,5725073.804406926],[334189.3777603872,5725013.713359885],[334219.4232839077,5724923.576789323],[334219.4232839077,5724983.667836364],[334279.5143309487,5724953.622312844]]",72de94d103216530d7b39d2938a5ba94a9218ad02ff675db15e52e3a8dcfd981,fe2ed3295e38f8cd0c562c17b8f818278e4bded94da1e52b13bc1220501e7462,3aa09eb5dd2e236c21ebc35aa34c468adafe9aae924908c4bacf0e9d7609d42d,1446888020,null,0,0.0,matched_prior_exact,0,stationary,1,"{""fraction"":0.75,""k"":1,""stage"":""c7-timing""}",1afd6aad4615879250c18a49e0765e646d736ba5546c63af535ab9149ba3f9ac,0.8566606264962598,9506,9507,0.993376943750689,none,0.004847588330531782,True,revision_C_base@712b395,712b395,5ede81cb5815049fe381f461ce5502b4a13d3d3945ab77c4b78242c6d10572b8,c7-timing_20260911_041506_496602_705c3cf8,705c3cf8d1b3a80735499262310009dc0b3cd9c5e151de83f16ab60a82062b6e,none,none,none,evidence,revision_B_base,revision_B_base,0.5,0.8,10000.0,none,5,200000.0,xlarge,45.0,80.0,5.0,0.5,1.0
10,48,random_uniform_n8_uncoordinated,random_uniform_n8_uncoordinated,midflight_failure,[4],c4_frozen,1773811642,0.75,6000,150000.0,6000.0,[],[],True,0,0.0,0,0.004618539767468828,9479.531485356745,8478.177736362559,5989.492216678381,0.004652996394140848,0.004406430480958055,0.00021210928651077283,0.00021304806801156822,301.55357142857144,0.9966838396399598,8500,8501,0.004618539767468828,7980.487006246438,0.9974361962562727,200000.0,1.0,budget_exhausted,5.000000000465503,True,True,True,"[[334219.4232839077,5725073.804406926],[334189.3777603872,5725013.713359885],[334219.4232839077,5724923.576789323],[334219.4232839077,5724983.667836364],[334279.5143309487,5724953.622312844]]",72de94d103216530d7b39d2938a5ba94a9218ad02ff675db15e52e3a8dcfd981,0ba6aa2c57d65e7e8128d69a4a42e22040f698108244d27bbc38fc27cc3e522f,c32ec0a566a8d5f5ebcf685fbe2c918c42d2e4de95331ee830d6a6bab62e4ecc,1446888020,null,8500,0.0,matched_prior_exact,0,stationary,1,"{""fraction"":0.75,""k"":1,""stage"":""c7-timing""}",1afd6aad4615879250c18a49e0765e646d736ba5546c63af535ab9149ba3f9ac,0.9971107063591822,9506,9507,0.9253232655544801,none,0.00023220372619403573,True,revision_C_base@712b395,712b395,5ede81cb5815049fe381f461ce5502b4a13d3d3945ab77c4b78242c6d10572b8,c7-timing_20260911_041506_496602_705c3cf8,705c3cf8d1b3a80735499262310009dc0b3cd9c5e151de83f16ab60a82062b6e,none,none,none,evidence,revision_B_base,revision_B_base,0.5,0.8,10000.0,none,5,200000.0,xlarge,45.0,80.0,5.0,0.5,1.0
10,49,dynamic_evidence_3step,dynamic_3step,midflight_failure,[3],c4_frozen,599794624,0.25,2183,50022.96223509733,2183.0,[],[],True,0,0.0,0,0.27427938365529714,8607.576460820206,8342.688435854117,1989.530569723441,0.27449055610141615,0.14889908844183294,0.1253802952134642,0.14731542818338914,16.01135947233419,0.9375443414578327,10377,10378,0.251260954957345,6590.183623393308,0.8236699941748916,200004.6826387807,1.0000234131939036,budget_exhausted,5.000000000183633,True,True,True,"[[334219.4232839077,5725073.804406926],[334219.4232839077,5725073.804406926],[334279.5143309487,5725013.713359885],[334309.55985446915,5724923.576789323],[334249.4688074282,5725013.713359885]]",0cd5dccbd897ccc017b296a3c5b82fdc6147ac4bfbf109a86c283b14a8a4a990,a355c329a313cac6d37c6d88b8e575a2429b041b8bb795da00472445e5b7e4ad,64eed0f5058898a5736784226608a7494e91041d11b4fff79d576cd7c6963b9f,3040873587,null,4409,986.7139185660344,matched_prior_exact,0,stationary,1,"{""fraction"":0.25,""k"":1,""stage"":""c7-timing""}",afb392704cd91dc121192dd93c7aa1904370ee07844253dff5b4afaa9642f3ae,0.8012265159471476,10742,10743,0.9235497756281958,none,0.010150311763508224,True,revision_C_base@712b395,712b395,5ede81cb5815049fe381f461ce5502b4a13d3d3945ab77c4b78242c6d10572b8,c7-timing_20260911_041506_496602_705c3cf8,705c3cf8d1b3a80735499262310009dc0b3cd9c5e151de83f16ab60a82062b6e,none,none,none,evidence,revision_B_base,revision_B_base,0.5,0.8,10000.0,none,5,200000.0,xlarge,45.0,80.0,5.0,0.5,1.0
10,49,online_static_3step,online_static_3step,midflight_failure,[3],c4_frozen,599794624,0.25,2214,50003.40989278279,2214.0,[],[],True,0,0.0,0,0.1392572990655384,9378.16944533854,9378.16944533854,2036.6837067924348,0.13940344419221504,0.13544723811242576,0.0038100609531126484,0.004406973317388009,66.08482632541133,0.984867933297186,10742,10743,0.1392572990655384,7018.0129593758775,0.8771419771748379,200004.95980912182,1.000024799045609,budget_exhausted,5.000000000121749,True,True,True,"[[334219.4232839077,5725073.804406926],[334219.4232839077,5725073.804406926],[334279.5143309487,5725013.713359885],[334309.55985446915,5724923.576789323],[334249.4688074282,5725013.713359885]]",0cd5dccbd897ccc017b296a3c5b82fdc6147ac4bfbf109a86c283b14a8a4a990,c89376a8477db93fb38cfb58610b0c51cb396aa6429f5531c9cc146b4d130193,2ae23cd30d6da49a8a791465c3c8635c62340e5c4efc9fa2a877625f7bbe70ab,3040873587,null,4190,832.1564332012786,matched_prior_exact,0,stationary,1,"{""fraction"":0.25,""k"":1,""stage"":""c7-timing""}",afb392704cd91dc121192dd93c7aa1904370ee07844253dff5b4afaa9642f3ae,0.8729562920356084,10742,10743,0.9999990477028264,none,-0.000723656119661853,True,revision_C_base@712b395,712b395,5ede81cb5815049fe381f461ce5502b4a13d3d3945ab77c4b78242c6d10572b8,c7-timing_20260911_041506_496602_705c3cf8,705c3cf8d1b3a80735499262310009dc0b3cd9c5e151de83f16ab60a82062b6e,none,none,none,evidence,revision_B_base,revision_B_base,0.5,0.8,10000.0,none,5,200000.0,xlarge,45.0,80.0,5.0,0.5,1.0
10,49,pizza_replan_midflight,pizza_replan,midflight_failure,[3],c4_frozen,599794624,0.25,2006,50009.51905407552,2006.0,[],[],True,0,0.0,0,0.20696579525330916,9191.536691375162,8216.104619536369,1915.515646202545,0.20738304548557096,0.09355189328965635,0.11341390196365281,0.12511902349848952,11.031763180639585,0.9093526588972677,9512,9513,0.191460984922881,7005.016777070025,0.8755176574265747,200015.95583774493,1.0000797791887246,budget_exhausted,5.000000000896076,True,True,True,"[[334219.4232839077,5725073.804406926],[334219.4232839077,5725073.804406926],[334279.5143309487,5725013.713359885],[334309.55985446915,5724923.576789323],[334249.4688074282,5725013.713359885]]",0cd5dccbd897ccc017b296a3c5b82fdc6147ac4bfbf109a86c283b14a8a4a990,7f3e6f750c18a967b9ef0a849eff354a20859971bd10c8acb3987c316075370f,f9423bd274e7994e06e7fad88a7a0fb3d9ec2db1ee7871b3c5eee85d3199c9fe,3040873587,"{""assignment"":{""0"":[1,""forward""],""1"":[2,""forward""],""2"":[0,""forward""],""4"":[3,""forward""]},""assignment_cost"":1204.0157315394845,""deadhead_fraction_remaining_budget"":0.008027280957740005,""deadhead_per_drone"":{""0"":105.71286693242209,""1"":414.9965342224311,""2"":20.780894999187893,""4"":662.5254353854433},""deadhead_total"":1204.0157315394845,""empty_sectors"":0,""generator"":""generate_pizza_zigzag_path(overlap=0.0, path_point_spacing_m=10.0, border_gap_m=0.0)"",""num_sectors"":4,""orientations_per_sector"":{""0"":""forward"",""1"":""forward"",""2"":""forward"",""4"":""forward""},""prefix_removed_total"":4379,""route_length_after_replan"":{""0"":1161303.1826265266,""1"":1161303.1826265343,""2"":1160990.87429468,""4"":1161303.1826265282},""search_inactive_uav_ids"":[],""suffix_removed_total"":0,""survivor_ids"":[0,1,2,4],""task_splits"":0}",0,0.0,matched_prior_exact,0,stationary,1,"{""fraction"":0.25,""k"":1,""stage"":""c7-timing""}",afb392704cd91dc121192dd93c7aa1904370ee07844253dff5b4afaa9642f3ae,0.8555837932956495,10742,10743,0.9939106334999129,none,0.0041420687374112974,True,revision_C_base@712b395,712b395,5ede81cb5815049fe381f461ce5502b4a13d3d3945ab77c4b78242c6d10572b8,c7-timing_20260911_041506_496602_705c3cf8,705c3cf8d1b3a80735499262310009dc0b3cd9c5e151de83f16ab60a82062b6e,none,none,none,evidence,revision_B_base,revision_B_base,0.5,0.8,10000.0,none,5,200000.0,xlarge,45.0,80.0,5.0,0.5,1.0
10,49,pizza_fixed_midflight,pizza_fixed,midflight_failure,[3],c4_frozen,599794624,0.25,2006,50009.51905407552,2006.0,[],[],True,0,0.0,0,0.18560282387934138,9337.44690406862,8335.738377439842,1915.515646202545,0.18591085636035473,0.09355189328965635,0.09205093058968503,0.10155124149771101,10.898076923076923,0.9082406917240162,9512,9513,0.17185366127651275,7094.165450756993,0.8866598488635161,200016.26619611692,1.0000813309805847,budget_exhausted,5.0000000008760175,True,True,True,"[[334219.4232839077,5725073.804406926],[334219.4232839077,5725073.804406926],[334279.5143309487,5725013.713359885],[334309.55985446915,5724923.576789323],[334249.4688074282,5725013.713359885]]",0cd5dccbd897ccc017b296a3c5b82fdc6147ac4bfbf109a86c283b14a8a4a990,51bfb99fd33c99b19db7b91b658d38d0d809cf8a6c14e93c18126924f56d3077,f9423bd274e7994e06e7fad88a7a0fb3d9ec2db1ee7871b3c5eee85d3199c9fe,3040873587,null,0,0.0,matched_prior_exact,0,stationary,1,"{""fraction"":0.25,""k"":1,""stage"":""c7-timing""}",afb392704cd91dc121192dd93c7aa1904370ee07844253dff5b4afaa9642f3ae,0.8691656803563828,10742,10743,0.8913193604552365,none,0.017723955798144564,True,revision_C_base@712b395,712b395,5ede81cb5815049fe381f461ce5502b4a13d3d3945ab77c4b78242c6d10572b8,c7-timing_20260911_041506_496602_705c3cf8,705c3cf8d1b3a80735499262310009dc0b3cd9c5e151de83f16ab60a82062b6e,none,none,none,evidence,revision_B_base,revision_B_base,0.5,0.8,10000.0,none,5,200000.0,xlarge,45.0,80.0,5.0,0.5,1.0
10,49,random_uniform_n8_uncoordinated,random_uniform_n8_uncoordinated,midflight_failure,[3],c4_frozen,599794624,0.25,2000,50000.0,2000.0,[],[],True,0,0.0,0,0.00867424617520366,10686.769630670342,9455.543044419235,1997.935191742256,0.008677823674293482,0.0033088404950521247,0.005365405680151536,0.005383217889497996,272.8132854578097,0.9963344893621222,9500,9501,0.007271456251065962,7967.590940236543,0.9958243894808828,200000.0,1.0,budget_exhausted,5.000000000465092,True,True,True,"[[334219.4232839077,5725073.804406926],[334219.4232839077,5725073.804406926],[334279.5143309487,5725013.713359885],[334309.55985446915,5724923.576789323],[334249.4688074282,5725013.713359885]]",0cd5dccbd897ccc017b296a3c5b82fdc6147ac4bfbf109a86c283b14a8a4a990,c011313ecd95a350fb43b10c02fe66893565ebbd05de19864b9c3feea4d16c43,7e347d81c7275531d7aa7beb3733b28da3ecb091ead73acde68bb52480544f9b,3040873587,null,9500,0.0,matched_prior_exact,0,stationary,1,"{""fraction"":0.25,""k"":1,""stage"":""c7-timing""}",afb392704cd91dc121192dd93c7aa1904370ee07844253dff5b4afaa9642f3ae,0.9947658596919242,10742,10743,0.5291058392330573,none,0.003996272943052603,True,revision_C_base@712b395,712b395,5ede81cb5815049fe381f461ce5502b4a13d3d3945ab77c4b78242c6d10572b8,c7-timing_20260911_041506_496602_705c3cf8,705c3cf8d1b3a80735499262310009dc0b3cd9c5e151de83f16ab60a82062b6e,none,none,none,evidence,revision_B_base,revision_B_base,0.5,0.8,10000.0,none,5,200000.0,xlarge,45.0,80.0,5.0,0.5,1.0
10,49,dynamic_evidence_3step,dynamic_3step,midflight_failure,[3],c4_frozen,599794624,0.5,4379,100016.50435712203,4379.0,[],[],True,0,0.0,0,0.30599186570477904,8054.112648177528,7854.238305500318,3788.2045401736546,0.3062369733442211,0.21245900739277016,0.09353285831200889,0.11876570132858659,13.736689406414177,0.927202255913782,9853,9854,0.26834319221282044,6533.351035197292,0.8165668085485929,200015.34505729013,1.0000767252864506,budget_exhausted,5.000000000205912,True,True,True,"[[334219.4232839077,5725073.804406926],[334219.4232839077,5725073.804406926],[334279.5143309487,5725013.713359885],[334309.55985446915,5724923.576789323],[334249.4688074282,5725013.713359885]]",0cd5dccbd897ccc017b296a3c5b82fdc6147ac4bfbf109a86c283b14a8a4a990,92fbe26f30f944d2a1c90d3f1dd036acd11f788f432d39bcaf14f95d2e7f9eb4,d44681b8ee7647292e719ca0fbcaff28028f995e55baabaab0bdbf2ccf259a05,3040873587,null,4347,931.0920871356211,matched_prior_exact,0,stationary,1,"{""fraction"":0.5,""k"":1,""stage"":""c7-timing""}",e48f7e450930aa2cad23001d8a223a0347fc2e867d4f90039ce62228ac53c328,0.7941345541488393,10141,10142,1.0303316098699564,none,0.0030583499651999357,True,revision_C_base@712b395,712b395,5ede81cb5815049fe381f461ce5502b4a13d3d3945ab77c4b78242c6d10572b8,c7-timing_20260911_041506_496602_705c3cf8,705c3cf8d1b3a80735499262310009dc0b3cd9c5e151de83f16ab60a82062b6e,none,none,none,evidence,revision_B_base,revision_B_base,0.5,0.8,10000.0,none,5,200000.0,xlarge,45.0,80.0,5.0,0.5,1.0
10,49,online_static_3step,online_static_3step,midflight_failure,[3],c4_frozen,599794624,0.5,4459,100011.84797627124,4459.0,[],[],True,0,0.0,0,0.139257431679997,8860.862034190752,8860.862034190752,3970.1227609962984,0.13940344419221504,0.139257431679997,0.0,0.0,65.8526508226691,0.9848145824426591,10141,10142,0.139257431679997,7018.012195417401,0.8771418816919636,200011.80241791432,1.0000590120895716,budget_exhausted,5.000000000121749,True,True,True,"[[334219.4232839077,5725073.804406926],[334219.4232839077,5725073.804406926],[334279.5143309487,5725013.713359885],[334309.55985446915,5724923.576789323],[334249.4688074282,5725013.713359885]]",0cd5dccbd897ccc017b296a3c5b82fdc6147ac4bfbf109a86c283b14a8a4a990,0e28569f36d2269ed5a337fe6b97f9dd47602f74e96f30450498321410622076,1e3be8602078e671fa3c3dd4ead1a5a07aaaf7e3476c958a9f2032f8af479b3d,3040873587,null,4137,721.389296177309,matched_prior_exact,0,stationary,1,"{""fraction"":0.5,""k"":1,""stage"":""c7-timing""}",e48f7e450930aa2cad23001d8a223a0347fc2e867d4f90039ce62228ac53c328,0.8736799481552703,10141,10142,1.0,none,0.0,True,revision_C_base@712b395,712b395,5ede81cb5815049fe381f461ce5502b4a13d3d3945ab77c4b78242c6d10572b8,c7-timing_20260911_041506_496602_705c3cf8,705c3cf8d1b3a80735499262310009dc0b3cd9c5e151de83f16ab60a82062b6e,none,none,none,evidence,revision_B_base,revision_B_base,0.5,0.8,10000.0,none,5,200000.0,xlarge,45.0,80.0,5.0,0.5,1.0
10,49,pizza_replan_midflight,pizza_replan,midflight_failure,[3],c4_frozen,599794624,0.5,4008,100004.29901620735,4008.0,[],[],True,0,0.0,0,0.1930880845503139,8748.365944577397,7838.169303949893,3662.0832648085366,0.1933762157743307,0.14970036631858677,0.04338771823172713,0.05102638706767156,12.731073540434746,0.9214520286271277,9013,9014,0.1806775645843613,7014.4406355217,0.8766954925036495,200019.845776397,1.000099228881985,budget_exhausted,5.000000000897446,True,True,True,"[[334219.4232839077,5725073.804406926],[334219.4232839077,5725073.804406926],[334279.5143309487,5725013.713359885],[334309.55985446915,5724923.576789323],[334249.4688074282,5725013.713359885]]",0cd5dccbd897ccc017b296a3c5b82fdc6147ac4bfbf109a86c283b14a8a4a990,3d0dd05e3edd1fdac716d0828dc4a5c8543b1c76a4b7edb6cd29f78d296e514c,33071f828f77052870b61464a8d91ee15a86afb853c8b8b17f5633642d008e98,3040873587,"{""assignment"":{""0"":[3,""forward""],""1"":[1,""forward""],""2"":[0,""forward""],""4"":[2,""forward""]},""assignment_cost"":3321.3136493273737,""deadhead_fraction_remaining_budget"":0.033214564392780185,""deadhead_per_drone"":{""0"":2508.378677260529,""1"":258.2205858462303,""2"":360.6890900236573,""4"":194.0252961969572},""deadhead_total"":3321.3136493273737,""empty_sectors"":0,""generator"":""generate_pizza_zigzag_path(overlap=0.0, path_point_spacing_m=10.0, border_gap_m=0.0)"",""num_sectors"":4,""orientations_per_sector"":{""0"":""forward"",""1"":""forward"",""2"":""forward"",""4"":""forward""},""prefix_removed_total"":6890,""route_length_after_replan"":{""0"":1157225.4349640314,""1"":1152219.6166224296,""2"":1157225.434964038,""4"":1152219.6166224345},""search_inactive_uav_ids"":[],""suffix_removed_total"":0,""survivor_ids"":[0,1,2,4],""task_splits"":0}",0,0.0,matched_prior_exact,0,stationary,1,"{""fraction"":0.5,""k"":1,""stage"":""c7-timing""}",e48f7e450930aa2cad23001d8a223a0347fc2e867d4f90039ce62228ac53c328,0.862587847029915,10141,10142,0.9272657841929983,none,0.01114612247167679,True,revision_C_base@712b395,712b395,5ede81cb5815049fe381f461ce5502b4a13d3d3945ab77c4b78242c6d10572b8,c7-timing_20260911_041506_496602_705c3cf8,705c3cf8d1b3a80735499262310009dc0b3cd9c5e151de83f16ab60a82062b6e,none,none,none,evidence,revision_B_base,revision_B_base,0.5,0.8,10000.0,none,5,200000.0,xlarge,45.0,80.0,5.0,0.5,1.0
10,49,pizza_fixed_midflight,pizza_fixed,midflight_failure,[3],c4_frozen,599794624,0.5,4008,100004.29901620735,4008.0,[],[],True,0,0.0,0,0.20649026813620364,8669.853086342348,7773.187089336298,3662.0832648085366,0.2068927143941493,0.14970036631858677,0.05678990181761687,0.06678810570779885,10.917963729830072,0.9084078290837513,9011,9012,0.1962152158925185,6965.356666177566,0.8705607631767986,200000.27404997902,1.000001370249895,budget_exhausted,5.0000000008760175,True,True,True,"[[334219.4232839077,5725073.804406926],[334219.4232839077,5725073.804406926],[334279.5143309487,5725013.713359885],[334309.55985446915,5724923.576789323],[334249.4688074282,5725013.713359885]]",0cd5dccbd897ccc017b296a3c5b82fdc6147ac4bfbf109a86c283b14a8a4a990,2ef9011d052a367536b734bf73d4de85b85c83099b1c4103f28041699f1eabcd,33071f828f77052870b61464a8d91ee15a86afb853c8b8b17f5633642d008e98,3040873587,null,0,0.0,matched_prior_exact,0,stationary,1,"{""fraction"":0.5,""k"":1,""stage"":""c7-timing""}",e48f7e450930aa2cad23001d8a223a0347fc2e867d4f90039ce62228ac53c328,0.8548464884975693,10141,10142,0.9916270123941632,none,0.0034047639393310902,True,revision_C_base@712b395,712b395,5ede81cb5815049fe381f461ce5502b4a13d3d3945ab77c4b78242c6d10572b8,c7-timing_20260911_041506_496602_705c3cf8,705c3cf8d1b3a80735499262310009dc0b3cd9c5e151de83f16ab60a82062b6e,none,none,none,evidence,revision_B_base,revision_B_base,0.5,0.8,10000.0,none,5,200000.0,xlarge,45.0,80.0,5.0,0.5,1.0
10,49,random_uniform_n8_uncoordinated,random_uniform_n8_uncoordinated,midflight_failure,[3],c4_frozen,599794624,0.5,4000,100000.0,4000.0,[],[],True,0,0.0,0,0.008526424705799632,10090.52789231856,8959.256542907597,3989.677479687406,0.008542104850997736,0.004783194296267664,0.0037432304095319675,0.0037612210606563002,277.26824817518246,0.9963933843612407,9000,9001,0.007354008966342529,7967.106596362819,0.9957638540635945,200000.0,1.0,budget_exhausted,5.000000000465092,True,True,True,"[[334219.4232839077,5725073.804406926],[334219.4232839077,5725073.804406926],[334279.5143309487,5725013.713359885],[334309.55985446915,5724923.576789323],[334249.4688074282,5725013.713359885]]",0cd5dccbd897ccc017b296a3c5b82fdc6147ac4bfbf109a86c283b14a8a4a990,cde5a1eda44547344c3545558b215575da5f584c29e1b5d75b2363dff06c3b1a,2e16dce2b219f6e67f5cf6a6f0d3193adaff51b4d48361c581351cc38dd48842,3040873587,null,9000,0.0,matched_prior_exact,0,stationary,1,"{""fraction"":0.5,""k"":1,""stage"":""c7-timing""}",e48f7e450930aa2cad23001d8a223a0347fc2e867d4f90039ce62228ac53c328,0.9949248562727825,10141,10142,0.5200891245761383,none,0.004155269523910876,True,revision_C_base@712b395,712b395,5ede81cb5815049fe381f461ce5502b4a13d3d3945ab77c4b78242c6d10572b8,c7-timing_20260911_041506_496602_705c3cf8,705c3cf8d1b3a80735499262310009dc0b3cd9c5e151de83f16ab60a82062b6e,none,none,none,evidence,revision_B_base,revision_B_base,0.5,0.8,10000.0,none,5,200000.0,xlarge,45.0,80.0,5.0,0.5,1.0
10,49,dynamic_evidence_3step,dynamic_3step,midflight_failure,[3],c4_frozen,599794624,0.75,6567,150007.01049177948,6567.0,[],[],True,0,0.0,0,0.30747401650338957,7595.2426112413705,7440.116790937993,5459.599418138712,0.3077092432790127,0.25547645497147276,0.051997561531916814,0.06984004989382098,14.07223113964687,0.9289380631915136,9316,9317,0.27915534799618424,6511.118088362939,0.8137880375406747,200004.52074851957,1.0000226037425979,budget_exhausted,5.000000000121749,True,True,True,"[[334219.4232839077,5725073.804406926],[334219.4232839077,5725073.804406926],[334279.5143309487,5725013.713359885],[334309.55985446915,5724923.576789323],[334249.4688074282,5725013.713359885]]",0cd5dccbd897ccc017b296a3c5b82fdc6147ac4bfbf109a86c283b14a8a4a990,b61a92a28fd3407c1c7a9a844d291acb42f109eb953f1239a236c1765307c4fb,06b9e7afab9cf6f8b31aed0349e1f1f800447aedd716aed8e7964474ecdbcbf0,3040873587,null,4295,474.0507199871063,matched_prior_exact,0,stationary,1,"{""fraction"":0.75,""k"":1,""stage"":""c7-timing""}",1afd6aad4615879250c18a49e0765e646d736ba5546c63af535ab9149ba3f9ac,0.7960635794194917,9540,9541,1.0353222876936465,none,0.004987375235852354,True,revision_C_base@712b395,712b395,5ede81cb5815049fe381f461ce5502b4a13d3d3945ab77c4b78242c6d10572b8,c7-timing_20260911_041506_496602_705c3cf8,705c3cf8d1b3a80735499262310009dc0b3cd9c5e151de83f16ab60a82062b6e,none,none,none,evidence,revision_B_base,revision_B_base,0.5,0.8,10000.0,none,5,200000.0,xlarge,45.0,80.0,5.0,0.5,1.0
10,49,online_static_3step,online_static_3step,midflight_failure,[3],c4_frozen,599794624,0.75,6699,150005.962407819,6699.0,[],[],True,0,0.0,0,0.139257431679997,8343.555750630288,8343.555750630288,5898.186114033104,0.13940344419221504,0.139257431679997,0.0,0.0,65.61389396709323,0.9847593255096013,9540,9541,0.139257431679997,7018.012195417401,0.8771418816919636,200013.38055650867,1.0000669027825433,budget_exhausted,5.000000000121749,True,True,True,"[[334219.4232839077,5725073.804406926],[334219.4232839077,5725073.804406926],[334279.5143309487,5725013.713359885],[334309.55985446915,5724923.576789323],[334249.4688074282,5725013.713359885]]",0cd5dccbd897ccc017b296a3c5b82fdc6147ac4bfbf109a86c283b14a8a4a990,8aff49f271c7234458b386f9e9c45e1b1e139c42c3a3ed548e703962a9fbe344,069a0c2efb2c0a3f866771ce760eb45774bd7e871efcc63e9a87263f7466d6c2,3040873587,null,4095,438.9512688338,matched_prior_exact,0,stationary,1,"{""fraction"":0.75,""k"":1,""stage"":""c7-timing""}",1afd6aad4615879250c18a49e0765e646d736ba5546c63af535ab9149ba3f9ac,0.8744948905387578,9540,9541,1.0,none,0.0008149423834875602,True,revision_C_base@712b395,712b395,5ede81cb5815049fe381f461ce5502b4a13d3d3945ab77c4b78242c6d10572b8,c7-timing_20260911_041506_496602_705c3cf8,705c3cf8d1b3a80735499262310009dc0b3cd9c5e151de83f16ab60a82062b6e,none,none,none,evidence,revision_B_base,revision_B_base,0.5,0.8,10000.0,none,5,200000.0,xlarge,45.0,80.0,5.0,0.5,1.0
10,49,pizza_replan_midflight,pizza_replan,midflight_failure,[3],c4_frozen,599794624,0.75,6010,150020.2161396121,6010.0,[],[],True,0,0.0,0,0.1790720512992589,8234.138542745779,7390.224611481413,5336.02526573754,0.17928765358901347,0.17883668003681624,0.00023537126244266293,0.0002866314857478237,14.682583999229806,0.9318920974637396,8512,8513,0.17903574184096327,6969.897977822915,0.8711283561833415,200017.48146865625,1.0000874073432813,budget_exhausted,5.000000000885739,True,True,True,"[[334219.4232839077,5725073.804406926],[334219.4232839077,5725073.804406926],[334279.5143309487,5725013.713359885],[334309.55985446915,5724923.576789323],[334249.4688074282,5725013.713359885]]",0cd5dccbd897ccc017b296a3c5b82fdc6147ac4bfbf109a86c283b14a8a4a990,5489042c3954ec3d970062759c1ada2179e29b99de09f55256c42c6625072670,a465d2c4a91b42727cea01e6035e033e5892c832da4f6468c624d4153c5b0168,3040873587,"{""assignment"":{""0"":[3,""forward""],""1"":[1,""forward""],""2"":[0,""forward""],""4"":[2,""forward""]},""assignment_cost"":4603.865533529892,""deadhead_fraction_remaining_budget"":0.09211455468455404,""deadhead_per_drone"":{""0"":2801.5455904782552,""1"":465.98166801798817,""2"":616.5591886502588,""4"":719.7790863833897},""deadhead_total"":4603.865533529892,""empty_sectors"":0,""generator"":""generate_pizza_zigzag_path(overlap=0.0, path_point_spacing_m=10.0, border_gap_m=0.0)"",""num_sectors"":4,""orientations_per_sector"":{""0"":""forward"",""1"":""forward"",""2"":""forward"",""4"":""forward""},""prefix_removed_total"":6890,""route_length_after_replan"":{""0"":1157225.4349640314,""1"":1152219.6166224296,""2"":1157225.434964038,""4"":1152219.6166224345},""search_inactive_uav_ids"":[],""suffix_removed_total"":0,""survivor_ids"":[0,1,2,4],""task_splits"":0}",0,0.0,matched_prior_exact,0,stationary,1,"{""fraction"":0.75,""k"":1,""stage"":""c7-timing""}",1afd6aad4615879250c18a49e0765e646d736ba5546c63af535ab9149ba3f9ac,0.8630267836438297,9540,9541,0.8599566693189105,none,0.011585059085591487,True,revision_C_base@712b395,712b395,5ede81cb5815049fe381f461ce5502b4a13d3d3945ab77c4b78242c6d10572b8,c7-timing_20260911_041506_496602_705c3cf8,705c3cf8d1b3a80735499262310009dc0b3cd9c5e151de83f16ab60a82062b6e,none,none,none,evidence,revision_B_base,revision_B_base,0.5,0.8,10000.0,none,5,200000.0,xlarge,45.0,80.0,5.0,0.5,1.0
10,49,pizza_fixed_midflight,pizza_fixed,midflight_failure,[3],c4_frozen,599794624,0.75,6010,150020.2161396121,6010.0,[],[],True,0,0.0,0,0.2079548692741766,8166.9421763278115,7351.9277368109715,5336.02526573754,0.208345768390675,0.17883668003681624,0.02911818923736037,0.035459680832633705,10.930578394223208,0.9085135329591983,8511,8512,0.20276681785576256,6945.704798952685,0.8681045867957362,200013.9277903765,1.0000696389518826,budget_exhausted,5.0000000008760175,True,True,True,"[[334219.4232839077,5725073.804406926],[334219.4232839077,5725073.804406926],[334279.5143309487,5725013.713359885],[334309.55985446915,5724923.576789323],[334249.4688074282,5725013.713359885]]",0cd5dccbd897ccc017b296a3c5b82fdc6147ac4bfbf109a86c283b14a8a4a990,1c9bda3cb58eb9a28d5bcbc31d4ebb16958a58740ed9e285ceedbb1d713134c7,a465d2c4a91b42727cea01e6035e033e5892c832da4f6468c624d4153c5b0168,3040873587,null,0,0.0,matched_prior_exact,0,stationary,1,"{""fraction"":0.75,""k"":1,""stage"":""c7-timing""}",1afd6aad4615879250c18a49e0765e646d736ba5546c63af535ab9149ba3f9ac,0.8559838776153246,9540,9541,0.9986604579115047,none,0.004542153057086384,True,revision_C_base@712b395,712b395,5ede81cb5815049fe381f461ce5502b4a13d3d3945ab77c4b78242c6d10572b8,c7-timing_20260911_041506_496602_705c3cf8,705c3cf8d1b3a80735499262310009dc0b3cd9c5e151de83f16ab60a82062b6e,none,none,none,evidence,revision_B_base,revision_B_base,0.5,0.8,10000.0,none,5,200000.0,xlarge,45.0,80.0,5.0,0.5,1.0
10,49,random_uniform_n8_uncoordinated,random_uniform_n8_uncoordinated,midflight_failure,[3],c4_frozen,599794624,0.75,6000,150000.0,6000.0,[],[],True,0,0.0,0,0.012884305022893354,9466.96348713571,8440.363164359194,5972.161211867375,0.012941744885496029,0.012280225743645068,0.0006040792792482864,0.0006115897393095041,266.5561403508772,0.9962484450792105,8500,8501,0.012881461907008635,7946.80412773741,0.9932263626718423,200000.0,1.0,budget_exhausted,5.000000000465092,True,True,True,"[[334219.4232839077,5725073.804406926],[334219.4232839077,5725073.804406926],[334279.5143309487,5725013.713359885],[334309.55985446915,5724923.576789323],[334249.4688074282,5725013.713359885]]",0cd5dccbd897ccc017b296a3c5b82fdc6147ac4bfbf109a86c283b14a8a4a990,8f158c8b2bcf2c559817cfe2c1083903975756da96d4a2d04e483a591f2bffd3,49353654a560ce651a2c0b9426df0467475a38db64fcbb8a81331eb1d78a4299,3040873587,null,8500,0.0,matched_prior_exact,0,stationary,1,"{""fraction"":0.75,""k"":1,""stage"":""c7-timing""}",1afd6aad4615879250c18a49e0765e646d736ba5546c63af535ab9149ba3f9ac,0.9922401726376386,9540,9541,0.7859081797286697,none,0.0014705858887670287,True,revision_C_base@712b395,712b395,5ede81cb5815049fe381f461ce5502b4a13d3d3945ab77c4b78242c6d10572b8,c7-timing_20260911_041506_496602_705c3cf8,705c3cf8d1b3a80735499262310009dc0b3cd9c5e151de83f16ab60a82062b6e,none,none,none,evidence,revision_B_base,revision_B_base,0.5,0.8,10000.0,none,5,200000.0,xlarge,45.0,80.0,5.0,0.5,1.0
10,50,dynamic_evidence_3step,dynamic_3step,midflight_failure,[0],c4_frozen,1678786266,0.25,2174,50011.97914121941,2174.0,[],[],True,0,0.0,0,0.2991325608767936,8588.12312847981,8357.537741008415,1967.5775572312389,0.2993500068740024,0.1549959545685524,0.14413660630824118,0.17057504882671537,15.012862287772252,0.9333904500799635,10398,10399,0.24328617681582093,6610.499550193728,0.8262091676282625,200008.4577941358,1.000042288970679,budget_exhausted,5.000000000121749,True,True,True,"[[334309.55985446915,5724923.576789323],[334189.3777603872,5724983.667836364],[334279.5143309487,5725103.849930447],[334339.60537798965,5725043.7588834055],[334249.4688074282,5725043.7588834055]]",6b35575434fe69a5180e3cd097f178baeb7758b3aaea7a7216e176426fef5009,5f3b96990502dbfba506f1b14028aea3d008862f9029d04d7bb88ca324a41ab0,dddf20e17c4863dcad107bb37016f9195ab0b1854a38c8fc97bfc0ba29c8a88e,1429593651,null,4332,492.8993260586285,matched_prior_exact,0,stationary,1,"{""fraction"":0.25,""k"":1,""stage"":""c7-timing""}",afb392704cd91dc121192dd93c7aa1904370ee07844253dff5b4afaa9642f3ae,0.8005334758090801,10727,10728,1.0307099257463246,none,0.009168142682323577,True,revision_C_base@712b395,712b395,5ede81cb5815049fe381f461ce5502b4a13d3d3945ab77c4b78242c6d10572b8,c7-timing_20260911_041506_496602_705c3cf8,705c3cf8d1b3a80735499262310009dc0b3cd9c5e151de83f16ab60a82062b6e,none,none,none,evidence,revision_B_base,revision_B_base,0.5,0.8,10000.0,none,5,200000.0,xlarge,45.0,80.0,5.0,0.5,1.0
10,50,online_static_3step,online_static_3step,midflight_failure,[0],c4_frozen,1678786266,0.25,2200,50017.48315953168,2200.0,[],[],True,0,0.0,0,0.14283782047923513,9311.738272429731,9311.738272429731,2001.8008629015285,0.1429704979999065,0.13902779906611087,0.003810021413124254,0.004425254856070331,63.5362676056338,0.9842609577539722,10727,10728,0.14283782047923513,6974.257008876566,0.8716731669637003,200008.98755241898,1.000044937762095,budget_exhausted,5.000000000121749,True,True,True,"[[334309.55985446915,5724923.576789323],[334189.3777603872,5724983.667836364],[334279.5143309487,5725103.849930447],[334339.60537798965,5725043.7588834055],[334249.4688074282,5725043.7588834055]]",6b35575434fe69a5180e3cd097f178baeb7758b3aaea7a7216e176426fef5009,7b4762ac897d3ce3eea11fa9888c20f300109f834aef6fa21a6df32e3ef018bc,3b510c7383a25881b7d478c599d06d0001ce6a46fb3f126aa21edb0150db2cb6,1429593651,null,5247,539.822472944943,matched_prior_exact,0,stationary,1,"{""fraction"":0.25,""k"":1,""stage"":""c7-timing""}",afb392704cd91dc121192dd93c7aa1904370ee07844253dff5b4afaa9642f3ae,0.8679845518670518,10727,10728,0.9997461559769654,none,-0.0005863835942767626,True,revision_C_base@712b395,712b395,5ede81cb5815049fe381f461ce5502b4a13d3d3945ab77c4b78242c6d10572b8,c7-timing_20260911_041506_496602_705c3cf8,705c3cf8d1b3a80735499262310009dc0b3cd9c5e151de83f16ab60a82062b6e,none,none,none,evidence,revision_B_base,revision_B_base,0.5,0.8,10000.0,none,5,200000.0,xlarge,45.0,80.0,5.0,0.5,1.0
10,50,pizza_replan_midflight,pizza_replan,midflight_failure,[0],c4_frozen,1678786266,0.25,2006,50001.70923449159,2006.0,[],[],True,0,0.0,0,0.20670837856631447,9181.336171250785,8217.48685120887,1915.9986590970173,0.20713387355589513,0.09336197635239579,0.11334640221391867,0.12501836373230982,11.035310225553074,0.909381795385831,9512,9513,0.19141671939801919,7006.267913693968,0.8756740299580013,200009.1247998306,1.000045623999153,budget_exhausted,5.000000000889608,True,True,True,"[[334309.55985446915,5724923.576789323],[334189.3777603872,5724983.667836364],[334279.5143309487,5725103.849930447],[334339.60537798965,5725043.7588834055],[334249.4688074282,5725043.7588834055]]",6b35575434fe69a5180e3cd097f178baeb7758b3aaea7a7216e176426fef5009,2d2b949f461f6f4e95de28e69435e8c441d3f8a0994eee3494defbbf580a6eed,9654c5081d1cd4b82b8b24b722b648eaf2e7501f35c755e212c0f45f2d9f7506,1429593651,"{""assignment"":{""1"":[3,""forward""],""2"":[1,""forward""],""3"":[0,""forward""],""4"":[2,""forward""]},""assignment_cost"":1225.067865418009,""deadhead_fraction_remaining_budget"":0.00816721216732497,""deadhead_per_drone"":{""1"":723.413868404367,""2"":110.86040936232898,""3"":17.443737422280442,""4"":373.3498502290325},""deadhead_total"":1225.067865418009,""empty_sectors"":0,""generator"":""generate_pizza_zigzag_path(overlap=0.0, path_point_spacing_m=10.0, border_gap_m=0.0)"",""num_sectors"":4,""orientations_per_sector"":{""1"":""forward"",""2"":""forward"",""3"":""forward"",""4"":""forward""},""prefix_removed_total"":4372,""route_length_after_replan"":{""1"":1161303.1826265282,""2"":1161303.1826265266,""3"":1161061.395530905,""4"":1161303.1826265343},""search_inactive_uav_ids"":[],""suffix_removed_total"":0,""survivor_ids"":[1,2,3,4],""task_splits"":0}",0,0.0,matched_prior_exact,0,stationary,1,"{""fraction"":0.25,""k"":1,""stage"":""c7-timing""}",afb392704cd91dc121192dd93c7aa1904370ee07844253dff5b4afaa9642f3ae,0.8558292478794542,10727,10728,0.9933872498900709,none,0.004444182334132796,True,revision_C_base@712b395,712b395,5ede81cb5815049fe381f461ce5502b4a13d3d3945ab77c4b78242c6d10572b8,c7-timing_20260911_041506_496602_705c3cf8,705c3cf8d1b3a80735499262310009dc0b3cd9c5e151de83f16ab60a82062b6e,none,none,none,evidence,revision_B_base,revision_B_base,0.5,0.8,10000.0,none,5,200000.0,xlarge,45.0,80.0,5.0,0.5,1.0
10,50,pizza_fixed_midflight,pizza_fixed,midflight_failure,[0],c4_frozen,1678786266,0.25,2006,50001.70923449159,2006.0,[],[],True,0,0.0,0,0.18555133644184518,9326.441076598823,8337.700399039186,1915.9986590970173,0.1858786799005583,0.09336197635239579,0.09218936008944939,0.10168265358930273,10.906370243693885,0.9083104664837318,9513,9514,0.17172998646246423,7095.170516792152,0.886785466415717,200009.41434002446,1.0000470717001224,budget_exhausted,5.000000000889608,True,True,True,"[[334309.55985446915,5724923.576789323],[334189.3777603872,5724983.667836364],[334279.5143309487,5725103.849930447],[334339.60537798965,5725043.7588834055],[334249.4688074282,5725043.7588834055]]",6b35575434fe69a5180e3cd097f178baeb7758b3aaea7a7216e176426fef5009,0df9364ae9a0275b2a18bb3bba1b3cc1c2629938e69052365d9389a8075151ea,9654c5081d1cd4b82b8b24b722b648eaf2e7501f35c755e212c0f45f2d9f7506,1429593651,null,0,0.0,matched_prior_exact,0,stationary,1,"{""fraction"":0.25,""k"":1,""stage"":""c7-timing""}",afb392704cd91dc121192dd93c7aa1904370ee07844253dff5b4afaa9642f3ae,0.8693550593399351,10727,10728,0.8917119523641297,none,0.017969993794613615,True,revision_C_base@712b395,712b395,5ede81cb5815049fe381f461ce5502b4a13d3d3945ab77c4b78242c6d10572b8,c7-timing_20260911_041506_496602_705c3cf8,705c3cf8d1b3a80735499262310009dc0b3cd9c5e151de83f16ab60a82062b6e,none,none,none,evidence,revision_B_base,revision_B_base,0.5,0.8,10000.0,none,5,200000.0,xlarge,45.0,80.0,5.0,0.5,1.0
10,50,random_uniform_n8_uncoordinated,random_uniform_n8_uncoordinated,midflight_failure,[0],c4_frozen,1678786266,0.25,2000,50000.0,2000.0,[],[],True,0,0.0,0,0.019878810148730823,10635.516946503118,9432.908246555158,1998.8444699129493,0.019911427692332527,0.0023340792276347576,0.017544730921096065,0.017585777519105214,230.01818181818183,0.9956525175875425,9500,9501,0.013073026968234897,7958.290795616,0.9946620166999125,200000.0,1.0,budget_exhausted,5.000000000465436,True,True,True,"[[334309.55985446915,5724923.576789323],[334189.3777603872,5724983.667836364],[334279.5143309487,5725103.849930447],[334339.60537798965,5725043.7588834055],[334249.4688074282,5725043.7588834055]]",6b35575434fe69a5180e3cd097f178baeb7758b3aaea7a7216e176426fef5009,5ac27f10c6eb9c3f4d53016c62620bd7ca83b8f10319060ae204829dd070fab8,7e9912e23876f4e09d4dbf692a9680757701074998b68e01f487f1ef7873671d,1429593651,null,9500,0.0,matched_prior_exact,0,stationary,1,"{""fraction"":0.25,""k"":1,""stage"":""c7-timing""}",afb392704cd91dc121192dd93c7aa1904370ee07844253dff5b4afaa9642f3ae,0.9913792828582324,10727,10728,1.3792066859442584,none,-0.0010044262015189709,True,revision_C_base@712b395,712b395,5ede81cb5815049fe381f461ce5502b4a13d3d3945ab77c4b78242c6d10572b8,c7-timing_20260911_041506_496602_705c3cf8,705c3cf8d1b3a80735499262310009dc0b3cd9c5e151de83f16ab60a82062b6e,none,none,none,evidence,revision_B_base,revision_B_base,0.5,0.8,10000.0,none,5,200000.0,xlarge,45.0,80.0,5.0,0.5,1.0
10,50,dynamic_evidence_3step,dynamic_3step,midflight_failure,[0],c4_frozen,1678786266,0.5,4373,100009.22492774554,4373.0,[],[],True,0,0.0,0,0.3019145194732186,8069.817322379208,7858.995507260077,3758.874270171502,0.3021481359623835,0.20955777041549875,0.09235674905771987,0.1168418710451079,14.188025889967637,0.9295180310668096,9866,9867,0.26574754409193047,6521.4982445589085,0.8150853948955016,200002.50406025816,1.0000125203012908,budget_exhausted,5.000000000325728,True,True,True,"[[334309.55985446915,5724923.576789323],[334189.3777603872,5724983.667836364],[334279.5143309487,5725103.849930447],[334339.60537798965,5725043.7588834055],[334249.4688074282,5725043.7588834055]]",6b35575434fe69a5180e3cd097f178baeb7758b3aaea7a7216e176426fef5009,4ad2432d639c08b516bef991217d0ab7ded625e2844e224dbaf08aed83580304,04ec8ee02a778a609382925d8759bbcdb4a4fd23f470e6f8f9d1ff112a872ba2,1429593651,null,4345,495.1007602250902,matched_prior_exact,0,stationary,1,"{""fraction"":0.5,""k"":1,""stage"":""c7-timing""}",e48f7e450930aa2cad23001d8a223a0347fc2e867d4f90039ce62228ac53c328,0.7935703926029313,10168,10169,1.0402956168858846,none,0.0022050594761747755,True,revision_C_base@712b395,712b395,5ede81cb5815049fe381f461ce5502b4a13d3d3945ab77c4b78242c6d10572b8,c7-timing_20260911_041506_496602_705c3cf8,705c3cf8d1b3a80735499262310009dc0b3cd9c5e151de83f16ab60a82062b6e,none,none,none,evidence,revision_B_base,revision_B_base,0.5,0.8,10000.0,none,5,200000.0,xlarge,45.0,80.0,5.0,0.5,1.0
10,50,online_static_3step,online_static_3step,midflight_failure,[0],c4_frozen,1678786266,0.5,4488,100011.2106559641,4488.0,[],[],True,0,0.0,0,0.14295228293141768,8832.056362311867,8832.056362311867,3964.022663753873,0.14308927237106622,0.14287408821257447,7.819471884321083e-05,9.122897554239825e-05,63.56544686840253,0.9842681826485029,10168,10169,0.14295228293141768,6973.976911707305,0.871638159193514,200000.76384083112,1.0000038192041556,budget_exhausted,5.0000000003441265,True,True,True,"[[334309.55985446915,5724923.576789323],[334189.3777603872,5724983.667836364],[334279.5143309487,5725103.849930447],[334339.60537798965,5725043.7588834055],[334249.4688074282,5725043.7588834055]]",6b35575434fe69a5180e3cd097f178baeb7758b3aaea7a7216e176426fef5009,6a2749d398a198a7b35c9078d9c962f35882e19a6b2741e519c6a2480d44e897,334ec23aae23add735a10fa780ff613a09ab3d3965b704d936b6c1db250b2a73,1429593651,null,4961,483.6697319156083,matched_prior_exact,0,stationary,1,"{""fraction"":0.5,""k"":1,""stage"":""c7-timing""}",e48f7e450930aa2cad23001d8a223a0347fc2e867d4f90039ce62228ac53c328,0.868527521124188,10168,10169,1.0005472981127754,none,-4.34143371406126e-05,True,revision_C_base@712b395,712b395,5ede81cb5815049fe381f461ce5502b4a13d3d3945ab77c4b78242c6d10572b8,c7-timing_20260911_041506_496602_705c3cf8,705c3cf8d1b3a80735499262310009dc0b3cd9c5e151de83f16ab60a82062b6e,none,none,none,evidence,revision_B_base,revision_B_base,0.5,0.8,10000.0,none,5,200000.0,xlarge,45.0,80.0,5.0,0.5,1.0
10,50,pizza_replan_midflight,pizza_replan,midflight_failure,[0],c4_frozen,1678786266,0.5,4009,100022.01409556769,4009.0,[],[],True,0,0.0,0,0.19804276611194538,8745.396176997927,7818.333614623456,3663.610751459437,0.19835212888345502,0.1497262935926862,0.04831647251925919,0.056824610893134855,12.213116063583353,0.9181208141481791,9012,9013,0.18663728227720855,7000.633229525945,0.8749697824679347,200001.714944931,1.000008574724655,budget_exhausted,5.000000000897583,True,True,True,"[[334309.55985446915,5724923.576789323],[334189.3777603872,5724983.667836364],[334279.5143309487,5725103.849930447],[334339.60537798965,5725043.7588834055],[334249.4688074282,5725043.7588834055]]",6b35575434fe69a5180e3cd097f178baeb7758b3aaea7a7216e176426fef5009,557419bd889964a24919429ded55895a539ef2f7deebe4c0888ad249226f045f,f99aba439f292fade4cffd0f55711fc09e81900e47e828c8fab6e6b43876199b,1429593651,"{""assignment"":{""1"":[3,""forward""],""2"":[1,""forward""],""3"":[0,""forward""],""4"":[2,""forward""]},""assignment_cost"":2273.1659706763103,""deadhead_fraction_remaining_budget"":0.02273666497792025,""deadhead_per_drone"":{""1"":1023.4581364013167,""2"":17.97119831543952,""3"":989.1403286191209,""4"":242.59630734043301},""deadhead_total"":2273.1659706763103,""empty_sectors"":0,""generator"":""generate_pizza_zigzag_path(overlap=0.0, path_point_spacing_m=10.0, border_gap_m=0.0)"",""num_sectors"":4,""orientations_per_sector"":{""1"":""forward"",""2"":""forward"",""3"":""forward"",""4"":""forward""},""prefix_removed_total"":7462,""route_length_after_replan"":{""1"":1157225.4349640314,""2"":1149319.89256371,""3"":1152219.6166224354,""4"":1154137.0228899862},""search_inactive_uav_ids"":[],""suffix_removed_total"":0,""survivor_ids"":[1,2,3,4],""task_splits"":0}",0,0.0,matched_prior_exact,0,stationary,1,"{""fraction"":0.5,""k"":1,""stage"":""c7-timing""}",e48f7e450930aa2cad23001d8a223a0347fc2e867d4f90039ce62228ac53c328,0.8600055243384725,10168,10169,0.9517425474142243,none,0.008620458793151098,True,revision_C_base@712b395,712b395,5ede81cb5815049fe381f461ce5502b4a13d3d3945ab77c4b78242c6d10572b8,c7-timing_20260911_041506_496602_705c3cf8,705c3cf8d1b3a80735499262310009dc0b3cd9c5e151de83f16ab60a82062b6e,none,none,none,evidence,revision_B_base,revision_B_base,0.5,0.8,10000.0,none,5,200000.0,xlarge,45.0,80.0,5.0,0.5,1.0
10,50,pizza_fixed_midflight,pizza_fixed,midflight_failure,[0],c4_frozen,1678786266,0.5,4009,100022.01409556769,4009.0,[],[],True,0,0.0,0,0.2064390796395545,8692.112921111804,7774.756497175251,3663.610751459437,0.20687073677755838,0.1497262935926862,0.0567127860468683,0.06669944703629432,10.924582202542494,0.9084633186459736,9012,9013,0.19614640584161597,6966.091769689949,0.8706526396312897,200000.22684743535,1.0000011342371768,budget_exhausted,5.000000000889608,True,True,True,"[[334309.55985446915,5724923.576789323],[334189.3777603872,5724983.667836364],[334279.5143309487,5725103.849930447],[334339.60537798965,5725043.7588834055],[334249.4688074282,5725043.7588834055]]",6b35575434fe69a5180e3cd097f178baeb7758b3aaea7a7216e176426fef5009,54d028dd999e3e486db9c43c2d8d3d3d50bd459d5a03f99d08ee6c5594da14b7,f99aba439f292fade4cffd0f55711fc09e81900e47e828c8fab6e6b43876199b,1429593651,null,0,0.0,matched_prior_exact,0,stationary,1,"{""fraction"":0.5,""k"":1,""stage"":""c7-timing""}",e48f7e450930aa2cad23001d8a223a0347fc2e867d4f90039ce62228ac53c328,0.8547657509206219,10168,10169,0.9920930685796282,none,0.0033806853753004518,True,revision_C_base@712b395,712b395,5ede81cb5815049fe381f461ce5502b4a13d3d3945ab77c4b78242c6d10572b8,c7-timing_20260911_041506_496602_705c3cf8,705c3cf8d1b3a80735499262310009dc0b3cd9c5e151de83f16ab60a82062b6e,none,none,none,evidence,revision_B_base,revision_B_base,0.5,0.8,10000.0,none,5,200000.0,xlarge,45.0,80.0,5.0,0.5,1.0
10,50,random_uniform_n8_uncoordinated,random_uniform_n8_uncoordinated,midflight_failure,[0],c4_frozen,1678786266,0.5,4000,100000.0,4000.0,[],[],True,0,0.0,0,0.01876637779948751,10086.691266119544,8940.61039538919,3991.8661318044583,0.018799676377421748,0.0050769592197994345,0.013689418579688077,0.01375927385192837,234.64914992272026,0.9957383182494829,9000,9001,0.013073026968234897,7956.331039292916,0.9944170777768924,200000.0,1.0,budget_exhausted,5.000000000465436,True,True,True,"[[334309.55985446915,5724923.576789323],[334189.3777603872,5724983.667836364],[334279.5143309487,5725103.849930447],[334339.60537798965,5725043.7588834055],[334249.4688074282,5725043.7588834055]]",6b35575434fe69a5180e3cd097f178baeb7758b3aaea7a7216e176426fef5009,b7cff005c154f22e1ca6f08db1bf96e1a81e34d761fad5886fe098758e67ebe5,983781e3cd28884b7007624774a7db3031edad5dd6fe9d47ec8f2f5393b7eb30,1429593651,null,9000,0.0,matched_prior_exact,0,stationary,1,"{""fraction"":0.5,""k"":1,""stage"":""c7-timing""}",e48f7e450930aa2cad23001d8a223a0347fc2e867d4f90039ce62228ac53c328,0.9919059166210585,10168,10169,1.3020252992185035,none,-0.0004777924386928367,True,revision_C_base@712b395,712b395,5ede81cb5815049fe381f461ce5502b4a13d3d3945ab77c4b78242c6d10572b8,c7-timing_20260911_041506_496602_705c3cf8,705c3cf8d1b3a80735499262310009dc0b3cd9c5e151de83f16ab60a82062b6e,none,none,none,evidence,revision_B_base,revision_B_base,0.5,0.8,10000.0,none,5,200000.0,xlarge,45.0,80.0,5.0,0.5,1.0
10,50,dynamic_evidence_3step,dynamic_3step,midflight_failure,[0],c4_frozen,1678786266,0.75,6569,150010.2307394063,6569.0,[],[],True,0,0.0,0,0.29723716161672814,7651.405852108347,7440.5770005936465,5450.671724937801,0.2974669866058813,0.24870571322652496,0.04853144839020318,0.06459712158683836,14.069261637239165,0.9289230646366576,9313,9314,0.2765791773397208,6505.069246040456,0.813032026751713,200008.92964556816,1.000044648227841,budget_exhausted,5.000000000121749,True,True,True,"[[334309.55985446915,5724923.576789323],[334189.3777603872,5724983.667836364],[334279.5143309487,5725103.849930447],[334339.60537798965,5725043.7588834055],[334249.4688074282,5725043.7588834055]]",6b35575434fe69a5180e3cd097f178baeb7758b3aaea7a7216e176426fef5009,6f1e6a10c5764e8717c5533d707e40a112a8e0ddd91222e06f19175bafa46541,fda7c19df7fd9df63fe4836b661932c213e97290ddc46f22b0b2c5476259fd5e,1429593651,null,4285,500.3838507332839,matched_prior_exact,0,stationary,1,"{""fraction"":0.75,""k"":1,""stage"":""c7-timing""}",1afd6aad4615879250c18a49e0765e646d736ba5546c63af535ab9149ba3f9ac,0.795860812576279,9613,9614,1.0241790190978626,none,0.004495479449522555,True,revision_C_base@712b395,712b395,5ede81cb5815049fe381f461ce5502b4a13d3d3945ab77c4b78242c6d10572b8,c7-timing_20260911_041506_496602_705c3cf8,705c3cf8d1b3a80735499262310009dc0b3cd9c5e151de83f16ab60a82062b6e,none,none,none,evidence,revision_B_base,revision_B_base,0.5,0.8,10000.0,none,5,200000.0,xlarge,45.0,80.0,5.0,0.5,1.0
10,50,online_static_3step,online_static_3step,midflight_failure,[0],c4_frozen,1678786266,0.75,6772,150008.27871046384,6772.0,[],[],True,0,0.0,0,0.14287408821257447,8356.792961664216,8356.792961664216,5921.6982462763135,0.143008235063302,0.14287408821257447,0.0,0.0,63.67863428370292,0.9842961456185638,9613,9614,0.14287408821257447,6974.248865951238,0.8716721492252516,200018.18764602815,1.0000909382301408,budget_exhausted,5.000000000121749,True,True,True,"[[334309.55985446915,5724923.576789323],[334189.3777603872,5724983.667836364],[334279.5143309487,5725103.849930447],[334339.60537798965,5725043.7588834055],[334249.4688074282,5725043.7588834055]]",6b35575434fe69a5180e3cd097f178baeb7758b3aaea7a7216e176426fef5009,a4ae31206ed3ab97fbe3e16ccef50db8e5973c5b9c341783af00b24dcd313986,30a6fde0249dbf6e2ab28110cd956deef60f72a3f9ed32e28e2ddb80d4a678d1,1429593651,null,4692,482.4432538272231,matched_prior_exact,0,stationary,1,"{""fraction"":0.75,""k"":1,""stage"":""c7-timing""}",1afd6aad4615879250c18a49e0765e646d736ba5546c63af535ab9149ba3f9ac,0.8692316373688596,9613,9614,1.0000000000000004,none,0.0006607019075309806,True,revision_C_base@712b395,712b395,5ede81cb5815049fe381f461ce5502b4a13d3d3945ab77c4b78242c6d10572b8,c7-timing_20260911_041506_496602_705c3cf8,705c3cf8d1b3a80735499262310009dc0b3cd9c5e151de83f16ab60a82062b6e,none,none,none,evidence,revision_B_base,revision_B_base,0.5,0.8,10000.0,none,5,200000.0,xlarge,45.0,80.0,5.0,0.5,1.0
10,50,pizza_replan_midflight,pizza_replan,midflight_failure,[0],c4_frozen,1678786266,0.75,6010,150003.36379981678,6010.0,[],[],True,0,0.0,0,0.18727262395605565,8275.981159797468,7381.168318773265,5336.728838099521,0.18754374480435618,0.17883521984446693,0.00843740411158872,0.01027492205643626,13.610526315789473,0.9265274555297757,8512,8513,0.18526364585156718,6964.515836504937,0.8704556726040417,200003.16326582475,1.0000158163291237,budget_exhausted,5.000000000889608,True,True,True,"[[334309.55985446915,5724923.576789323],[334189.3777603872,5724983.667836364],[334279.5143309487,5725103.849930447],[334339.60537798965,5725043.7588834055],[334249.4688074282,5725043.7588834055]]",6b35575434fe69a5180e3cd097f178baeb7758b3aaea7a7216e176426fef5009,7effa3936f852c1737e34286025de29977affe2126071a25f4fd60f63f0c0943,3d11c2385e96cf53e5ce630976f50f115fcad26ac7b55247f57c5698722a8c28,1429593651,"{""assignment"":{""1"":[2,""forward""],""2"":[0,""forward""],""3"":[3,""forward""],""4"":[1,""forward""]},""assignment_cost"":4340.27464301564,""deadhead_fraction_remaining_budget"":0.08681133317924566,""deadhead_per_drone"":{""1"":1708.8538630175235,""2"":627.0380601714012,""3"":1988.6793166126781,""4"":15.7034032140372},""deadhead_total"":4340.27464301564,""empty_sectors"":0,""generator"":""generate_pizza_zigzag_path(overlap=0.0, path_point_spacing_m=10.0, border_gap_m=0.0)"",""num_sectors"":4,""orientations_per_sector"":{""1"":""forward"",""2"":""forward"",""3"":""forward"",""4"":""forward""},""prefix_removed_total"":8607,""route_length_after_replan"":{""1"":1154137.0228899862,""2"":1152219.6166224354,""3"":1157225.4349640314,""4"":1137520.584223751},""search_inactive_uav_ids"":[],""suffix_removed_total"":0,""survivor_ids"":[1,2,3,4],""task_splits"":0}",0,0.0,matched_prior_exact,0,stationary,1,"{""fraction"":0.75,""k"":1,""stage"":""c7-timing""}",1afd6aad4615879250c18a49e0765e646d736ba5546c63af535ab9149ba3f9ac,0.8608259995628736,9613,9614,0.8999840170083941,none,0.009440934017552194,True,revision_C_base@712b395,712b395,5ede81cb5815049fe381f461ce5502b4a13d3d3945ab77c4b78242c6d10572b8,c7-timing_20260911_041506_496602_705c3cf8,705c3cf8d1b3a80735499262310009dc0b3cd9c5e151de83f16ab60a82062b6e,none,none,none,evidence,revision_B_base,revision_B_base,0.5,0.8,10000.0,none,5,200000.0,xlarge,45.0,80.0,5.0,0.5,1.0
10,50,pizza_fixed_midflight,pizza_fixed,midflight_failure,[0],c4_frozen,1678786266,0.75,6010,150003.36379981678,6010.0,[],[],True,0,0.0,0,0.20792520837925077,8225.517250216604,7353.442904642419,5336.728838099521,0.2083303070392314,0.17883521984446693,0.02908998853478384,0.03542527545966358,10.93877842940924,0.9085821139487139,8512,8513,0.20270421492978474,6946.417374760536,0.8681936476391121,200005.9043109499,1.0000295215547494,budget_exhausted,5.000000000889608,True,True,True,"[[334309.55985446915,5724923.576789323],[334189.3777603872,5724983.667836364],[334279.5143309487,5725103.849930447],[334339.60537798965,5725043.7588834055],[334249.4688074282,5725043.7588834055]]",6b35575434fe69a5180e3cd097f178baeb7758b3aaea7a7216e176426fef5009,89073f137a2fc5f71ec4c6627587aacdebfb91acac4b826b3fe5d01cffffd1e6,3d11c2385e96cf53e5ce630976f50f115fcad26ac7b55247f57c5698722a8c28,1429593651,null,0,0.0,matched_prior_exact,0,stationary,1,"{""fraction"":0.75,""k"":1,""stage"":""c7-timing""}",1afd6aad4615879250c18a49e0765e646d736ba5546c63af535ab9149ba3f9ac,0.8555769971101107,9613,9614,0.9992350206956905,none,0.004191931564789253,True,revision_C_base@712b395,712b395,5ede81cb5815049fe381f461ce5502b4a13d3d3945ab77c4b78242c6d10572b8,c7-timing_20260911_041506_496602_705c3cf8,705c3cf8d1b3a80735499262310009dc0b3cd9c5e151de83f16ab60a82062b6e,none,none,none,evidence,revision_B_base,revision_B_base,0.5,0.8,10000.0,none,5,200000.0,xlarge,45.0,80.0,5.0,0.5,1.0
10,50,random_uniform_n8_uncoordinated,random_uniform_n8_uncoordinated,midflight_failure,[0],c4_frozen,1678786266,0.75,6000,150000.0,6000.0,[],[],True,0,0.0,0,0.015367020730161454,9544.943882695996,8449.047376768583,5977.533606611816,0.015395249166075603,0.00848114732662464,0.006885873403536814,0.006944773046897524,247.25732899022802,0.9959556305000791,8500,8501,0.013073026968234897,7956.331039292916,0.9944170777768924,200000.0,1.0,budget_exhausted,5.000000000465436,True,True,True,"[[334309.55985446915,5724923.576789323],[334189.3777603872,5724983.667836364],[334279.5143309487,5725103.849930447],[334339.60537798965,5725043.7588834055],[334249.4688074282,5725043.7588834055]]",6b35575434fe69a5180e3cd097f178baeb7758b3aaea7a7216e176426fef5009,42a0c6c2a8f479caa06e7b079587ed1512e1c2c4744e8bdb4099d0a9fbe6aad6,0375c5591bac4c0747d24f5871830143b872a6b06db6e40e451a4b1a613c9b91,1429593651,null,8500,0.0,matched_prior_exact,0,stationary,1,"{""fraction"":0.75,""k"":1,""stage"":""c7-timing""}",1afd6aad4615879250c18a49e0765e646d736ba5546c63af535ab9149ba3f9ac,0.9928171294670268,9613,9614,1.0661753684204214,none,0.0004334204072754533,True,revision_C_base@712b395,712b395,5ede81cb5815049fe381f461ce5502b4a13d3d3945ab77c4b78242c6d10572b8,c7-timing_20260911_041506_496602_705c3cf8,705c3cf8d1b3a80735499262310009dc0b3cd9c5e151de83f16ab60a82062b6e,none,none,none,evidence,revision_B_base,revision_B_base,0.5,0.8,10000.0,none,5,200000.0,xlarge,45.0,80.0,5.0,0.5,1.0
10,51,dynamic_evidence_3step,dynamic_3step,midflight_failure,[0],c4_frozen,594469579,0.25,2180,50011.922780599896,2180.0,[],[],True,0,0.0,0,0.3005634502102925,8731.305713863265,8329.829134283735,1989.1320546210216,0.30083399879489786,0.14942918007452705,0.15113427013576547,0.1776856983513823,12.713528814051386,0.9213436320768181,10402,10403,0.2646785457336007,6606.871448435032,0.8257557115904303,200015.838611845,1.000079193059225,budget_exhausted,5.000000000455049,True,True,True,"[[334339.60537798965,5724983.667836364],[334279.5143309487,5725073.804406926],[334279.5143309487,5724953.622312844],[334309.55985446915,5724923.576789323],[334219.4232839077,5725043.7588834055]]",5cde012c487dc830c7c2bc0e8ce231023f9bc13b55394a6740c49ae0cc56e10b,ab3a8ea2b0dc9181489b461a106eba76a64608ecffd3f458cd1ea7f49cbe5317,aae4f272477edf733e6130dc6e0cf86cf6a26d56a1762de42722b35d348e0368,2225564405,null,4433,520.4911036962294,matched_prior_exact,0,stationary,1,"{""fraction"":0.25,""k"":1,""stage"":""c7-timing""}",afb392704cd91dc121192dd93c7aa1904370ee07844253dff5b4afaa9642f3ae,0.7954182120673468,10976,10977,1.0550648067046302,none,-0.0021327699263478106,True,revision_C_base@712b395,712b395,5ede81cb5815049fe381f461ce5502b4a13d3d3945ab77c4b78242c6d10572b8,c7-timing_20260911_041506_496602_705c3cf8,705c3cf8d1b3a80735499262310009dc0b3cd9c5e151de83f16ab60a82062b6e,none,none,none,evidence,revision_B_base,revision_B_base,0.5,0.8,10000.0,none,5,200000.0,xlarge,45.0,80.0,5.0,0.5,1.0
10,51,online_static_3step,online_static_3step,midflight_failure,[0],c4_frozen,594469579,0.25,2239,50001.15865406485,2239.0,[],[],True,0,0.0,0,0.12138831931948685,9731.18605441266,9731.18605441266,2054.7558002506685,0.12146272755107691,0.12138830856290984,1.0756577004111811e-08,1.2242697324591653e-08,91.33646709549728,0.9890514705484016,10976,10977,0.12138831931948685,7116.437692707495,0.8894435311470436,200013.41206869573,1.0000670603434787,budget_exhausted,5.000000000121749,True,True,True,"[[334339.60537798965,5724983.667836364],[334279.5143309487,5725073.804406926],[334279.5143309487,5724953.622312844],[334309.55985446915,5724923.576789323],[334219.4232839077,5725043.7588834055]]",5cde012c487dc830c7c2bc0e8ce231023f9bc13b55394a6740c49ae0cc56e10b,cf8db54ef2d6bb5419d150bb2d0f45eeda9fa85cc5d15832d552cb2fe4bc933a,dd261e97d5adfa5c73bc7455993590c3a9f7ddf494b8df7e22e63d9b8c4d3b56,2225564405,null,4868,490.39392942312406,matched_prior_exact,0,stationary,1,"{""fraction"":0.25,""k"":1,""stage"":""c7-timing""}",afb392704cd91dc121192dd93c7aa1904370ee07844253dff5b4afaa9642f3ae,0.8865068829746433,10976,10977,1.0000000886129576,none,-0.0004420486194205431,True,revision_C_base@712b395,712b395,5ede81cb5815049fe381f461ce5502b4a13d3d3945ab77c4b78242c6d10572b8,c7-timing_20260911_041506_496602_705c3cf8,705c3cf8d1b3a80735499262310009dc0b3cd9c5e151de83f16ab60a82062b6e,none,none,none,evidence,revision_B_base,revision_B_base,0.5,0.8,10000.0,none,5,200000.0,xlarge,45.0,80.0,5.0,0.5,1.0
10,51,pizza_replan_midflight,pizza_replan,midflight_failure,[0],c4_frozen,594469579,0.25,2006,50001.677108975884,2006.0,[],[],True,0,0.0,0,0.20632111832920896,9385.514314377266,8223.568431611044,1915.9065246717958,0.2067344398378957,0.09329597833238848,0.11302513999682048,0.12465494504915116,11.108846990572879,0.9099816568858484,9512,9513,0.19039398831151313,7011.317950267496,0.8763052056327328,200006.63901011457,1.0000331950505728,budget_exhausted,5.000000000910829,True,True,True,"[[334339.60537798965,5724983.667836364],[334279.5143309487,5725073.804406926],[334279.5143309487,5724953.622312844],[334309.55985446915,5724923.576789323],[334219.4232839077,5725043.7588834055]]",5cde012c487dc830c7c2bc0e8ce231023f9bc13b55394a6740c49ae0cc56e10b,aa71a83e643058592d84196993c21aeac38dc520a5613603421b9a6c3cb4e7f8,bb0a9720ee078ec38d6f3cb7a59e4a2c9e16e15bcd262244210768e48cddc320,2225564405,"{""assignment"":{""1"":[1,""forward""],""2"":[3,""forward""],""3"":[0,""forward""],""4"":[2,""forward""]},""assignment_cost"":2374.165790614683,""deadhead_fraction_remaining_budget"":0.01582794890539908,""deadhead_per_drone"":{""1"":80.85003804245646,""2"":690.777421352784,""3"":1204.962412620371,""4"":397.5759185990717},""deadhead_total"":2374.165790614683,""empty_sectors"":0,""generator"":""generate_pizza_zigzag_path(overlap=0.0, path_point_spacing_m=10.0, border_gap_m=0.0)"",""num_sectors"":4,""orientations_per_sector"":{""1"":""forward"",""2"":""forward"",""3"":""forward"",""4"":""forward""},""prefix_removed_total"":4372,""route_length_after_replan"":{""1"":1161303.1826265266,""2"":1161303.1826265282,""3"":1161061.395530905,""4"":1161303.1826265343},""search_inactive_uav_ids"":[],""suffix_removed_total"":0,""survivor_ids"":[1,2,3,4],""task_splits"":0}",0,0.0,matched_prior_exact,0,stationary,1,"{""fraction"":0.25,""k"":1,""stage"":""c7-timing""}",afb392704cd91dc121192dd93c7aa1904370ee07844253dff5b4afaa9642f3ae,0.8550163354629923,10976,10977,0.9914729719422383,none,0.00494108386758485,True,revision_C_base@712b395,712b395,5ede81cb5815049fe381f461ce5502b4a13d3d3945ab77c4b78242c6d10572b8,c7-timing_20260911_041506_496602_705c3cf8,705c3cf8d1b3a80735499262310009dc0b3cd9c5e151de83f16ab60a82062b6e,none,none,none,evidence,revision_B_base,revision_B_base,0.5,0.8,10000.0,none,5,200000.0,xlarge,45.0,80.0,5.0,0.5,1.0
10,51,pizza_fixed_midflight,pizza_fixed,midflight_failure,[0],c4_frozen,594469579,0.25,2006,50001.677108975884,2006.0,[],[],True,0,0.0,0,0.19647975101661483,9428.00160886774,8251.647964355912,1915.9065246717958,0.1968086450766589,0.09329597833238848,0.10318377268422635,0.11380094299620573,10.904680487283608,0.9082962585500657,9512,9513,0.18370128619225276,7026.834014142616,0.8782444712089259,200000.5608829233,1.0000028044146165,budget_exhausted,5.000000000917254,True,True,True,"[[334339.60537798965,5724983.667836364],[334279.5143309487,5725073.804406926],[334279.5143309487,5724953.622312844],[334309.55985446915,5724923.576789323],[334219.4232839077,5725043.7588834055]]",5cde012c487dc830c7c2bc0e8ce231023f9bc13b55394a6740c49ae0cc56e10b,f985c2b4765e11da16aaf1acbf880dc4ef585b4d59acee8db2fd9561cf2da35c,bb0a9720ee078ec38d6f3cb7a59e4a2c9e16e15bcd262244210768e48cddc320,2225564405,null,0,0.0,matched_prior_exact,0,stationary,1,"{""fraction"":0.25,""k"":1,""stage"":""c7-timing""}",afb392704cd91dc121192dd93c7aa1904370ee07844253dff5b4afaa9642f3ae,0.8588869097993751,10976,10977,0.9441804321556723,none,0.008811658203967676,True,revision_C_base@712b395,712b395,5ede81cb5815049fe381f461ce5502b4a13d3d3945ab77c4b78242c6d10572b8,c7-timing_20260911_041506_496602_705c3cf8,705c3cf8d1b3a80735499262310009dc0b3cd9c5e151de83f16ab60a82062b6e,none,none,none,evidence,revision_B_base,revision_B_base,0.5,0.8,10000.0,none,5,200000.0,xlarge,45.0,80.0,5.0,0.5,1.0
10,51,random_uniform_n8_uncoordinated,random_uniform_n8_uncoordinated,midflight_failure,[0],c4_frozen,594469579,0.25,2000,50000.0,2000.0,[],[],True,0,0.0,0,0.011752936884719668,10902.465581667631,9443.81291650936,1999.6259191473,0.01180021371262922,0.001586577965176988,0.01016635891954268,0.01018251427231724,265.66841186736474,0.9962359092939538,9500,9501,0.010284997800541842,7960.034345189442,0.9948799331570357,200000.0,1.0,budget_exhausted,5.000000000465358,True,True,True,"[[334339.60537798965,5724983.667836364],[334279.5143309487,5725073.804406926],[334279.5143309487,5724953.622312844],[334309.55985446915,5724923.576789323],[334219.4232839077,5725043.7588834055]]",5cde012c487dc830c7c2bc0e8ce231023f9bc13b55394a6740c49ae0cc56e10b,69c63c9d6de09a167270cd786e03350af69659cd790ee63bcee7e831be851ecc,33327c37ac95a52d6e8ded0f1cb114049a8df2242757794adbc03e5297b9a519,2225564405,null,9500,0.0,matched_prior_exact,0,stationary,1,"{""fraction"":0.25,""k"":1,""stage"":""c7-timing""}",afb392704cd91dc121192dd93c7aa1904370ee07844253dff5b4afaa9642f3ae,0.9932099464031732,10976,10977,1.0934021196982402,none,-0.00022867261331960265,True,revision_C_base@712b395,712b395,5ede81cb5815049fe381f461ce5502b4a13d3d3945ab77c4b78242c6d10572b8,c7-timing_20260911_041506_496602_705c3cf8,705c3cf8d1b3a80735499262310009dc0b3cd9c5e151de83f16ab60a82062b6e,none,none,none,evidence,revision_B_base,revision_B_base,0.5,0.8,10000.0,none,5,200000.0,xlarge,45.0,80.0,5.0,0.5,1.0
10,51,dynamic_evidence_3step,dynamic_3step,midflight_failure,[0],c4_frozen,594469579,0.5,4373,100016.62466755888,4373.0,[],[],True,0,0.0,0,0.2964496894031166,8294.591748199518,7893.568071159101,3795.257379160594,0.29667622106079095,0.19517971352601926,0.10126997587709735,0.12582930323584895,14.255508405418638,0.9298516775718857,9824,9825,0.2666555129295233,6584.19042474902,0.8229209379763804,200000.12027212264,1.0000006013606133,budget_exhausted,5.000000000325728,True,True,True,"[[334339.60537798965,5724983.667836364],[334279.5143309487,5725073.804406926],[334279.5143309487,5724953.622312844],[334309.55985446915,5724923.576789323],[334219.4232839077,5725043.7588834055]]",5cde012c487dc830c7c2bc0e8ce231023f9bc13b55394a6740c49ae0cc56e10b,266b04b8f9f7979dee72d868a25298e3ac0b0b00e0f77cf9bd4e3e3236bf0afd,10914101629329bb21d4dfba5b9ab32dbdeeba050b12775a96ab66ba88acc63a,2225564405,null,4284,488.8328044405207,matched_prior_exact,0,stationary,1,"{""fraction"":0.5,""k"":1,""stage"":""c7-timing""}",e48f7e450930aa2cad23001d8a223a0347fc2e867d4f90039ce62228ac53c328,0.7979405241173178,10394,10395,1.0406243141969238,none,0.00038954212362318774,True,revision_C_base@712b395,712b395,5ede81cb5815049fe381f461ce5502b4a13d3d3945ab77c4b78242c6d10572b8,c7-timing_20260911_041506_496602_705c3cf8,705c3cf8d1b3a80735499262310009dc0b3cd9c5e151de83f16ab60a82062b6e,none,none,none,evidence,revision_B_base,revision_B_base,0.5,0.8,10000.0,none,5,200000.0,xlarge,45.0,80.0,5.0,0.5,1.0
10,51,online_static_3step,online_static_3step,midflight_failure,[0],c4_frozen,594469579,0.5,4569,100001.95531575693,4569.0,[],[],True,0,0.0,0,0.12138830856290984,9219.834143920294,9219.834143920294,4101.921041298991,0.12146272755107691,0.12138830856290984,0.0,0.0,91.3424047501237,0.9890521822505594,10394,10395,0.12138830856290984,7116.4377546196665,0.8894435388850976,200013.45759217752,1.0000672879608876,budget_exhausted,5.000000000121749,True,True,True,"[[334339.60537798965,5724983.667836364],[334279.5143309487,5725073.804406926],[334279.5143309487,5724953.622312844],[334309.55985446915,5724923.576789323],[334219.4232839077,5725043.7588834055]]",5cde012c487dc830c7c2bc0e8ce231023f9bc13b55394a6740c49ae0cc56e10b,5f1cc61d145dc49e8b24be0f640730dde166b935967ed4c1cc43d64b60154cb4,31880cd4f2320080b9888b61d6a0ad228ba513c5b619160b6212d0be29ae541b,2225564405,null,4952,496.4172019684047,matched_prior_exact,0,stationary,1,"{""fraction"":0.5,""k"":1,""stage"":""c7-timing""}",e48f7e450930aa2cad23001d8a223a0347fc2e867d4f90039ce62228ac53c328,0.8869489315940638,10394,10395,1.0000000000000004,none,0.0,True,revision_C_base@712b395,712b395,5ede81cb5815049fe381f461ce5502b4a13d3d3945ab77c4b78242c6d10572b8,c7-timing_20260911_041506_496602_705c3cf8,705c3cf8d1b3a80735499262310009dc0b3cd9c5e151de83f16ab60a82062b6e,none,none,none,evidence,revision_B_base,revision_B_base,0.5,0.8,10000.0,none,5,200000.0,xlarge,45.0,80.0,5.0,0.5,1.0
10,51,pizza_replan_midflight,pizza_replan,midflight_failure,[0],c4_frozen,594469579,0.5,4009,100022.83565380595,4009.0,[],[],True,0,0.0,0,0.19749332003745917,8930.978795050458,7821.9145633419585,3663.460702750657,0.19778010411585228,0.14975189298302177,0.0477414270544374,0.05614999511370164,12.301996136509981,0.9187123789583879,9012,9013,0.18557870552526112,7003.330702571055,0.8753069244558248,200009.8951971506,1.000049475985753,budget_exhausted,5.000000000917254,True,True,True,"[[334339.60537798965,5724983.667836364],[334279.5143309487,5725073.804406926],[334279.5143309487,5724953.622312844],[334309.55985446915,5724923.576789323],[334219.4232839077,5725043.7588834055]]",5cde012c487dc830c7c2bc0e8ce231023f9bc13b55394a6740c49ae0cc56e10b,510a3ba1722f36b0b4a0a99fea2c9340ee7a358266b7a90d4c0b7f2d540a1196,959a5a32626e6c27f49e3a7b848eba06a3fd064183e7c72b37e5cd583357b3e5,2225564405,"{""assignment"":{""1"":[1,""forward""],""2"":[3,""forward""],""3"":[0,""forward""],""4"":[2,""forward""]},""assignment_cost"":3483.5370955925364,""deadhead_fraction_remaining_budget"":0.03484332765760373,""deadhead_per_drone"":{""1"":8.074760373081368,""2"":995.5286398950481,""3"":2256.595881074642,""4"":223.33781424976476},""deadhead_total"":3483.5370955925364,""empty_sectors"":0,""generator"":""generate_pizza_zigzag_path(overlap=0.0, path_point_spacing_m=10.0, border_gap_m=0.0)"",""num_sectors"":4,""orientations_per_sector"":{""1"":""forward"",""2"":""forward"",""3"":""forward"",""4"":""forward""},""prefix_removed_total"":7464,""route_length_after_replan"":{""1"":1149299.7435968432,""2"":1157225.4349640314,""3"":1152219.6166224354,""4"":1154137.0228899862},""search_inactive_uav_ids"":[],""suffix_removed_total"":0,""survivor_ids"":[1,2,3,4],""task_splits"":0}",0,0.0,matched_prior_exact,0,stationary,1,"{""fraction"":0.5,""k"":1,""stage"":""c7-timing""}",e48f7e450930aa2cad23001d8a223a0347fc2e867d4f90039ce62228ac53c328,0.8591610192448733,10394,10395,0.9490511225508341,none,0.009085767649465892,True,revision_C_base@712b395,712b395,5ede81cb5815049fe381f461ce5502b4a13d3d3945ab77c4b78242c6d10572b8,c7-timing_20260911_041506_496602_705c3cf8,705c3cf8d1b3a80735499262310009dc0b3cd9c5e151de83f16ab60a82062b6e,none,none,none,evidence,revision_B_base,revision_B_base,0.5,0.8,10000.0,none,5,200000.0,xlarge,45.0,80.0,5.0,0.5,1.0
10,51,pizza_fixed_midflight,pizza_fixed,midflight_failure,[0],c4_frozen,594469579,0.5,4009,100022.83565380595,4009.0,[],[],True,0,0.0,0,0.20498576937164703,8872.410931516697,7773.701264788001,3663.460702750657,0.20537502621576922,0.14975189298302177,0.05523387638862526,0.06496206922754409,10.925428571428572,0.908470409791051,9012,9013,0.19597995867202717,6964.197196166599,0.8704158475398823,200010.56597270243,1.000052829863512,budget_exhausted,5.000000000917254,True,True,True,"[[334339.60537798965,5724983.667836364],[334279.5143309487,5725073.804406926],[334279.5143309487,5724953.622312844],[334309.55985446915,5724923.576789323],[334219.4232839077,5725043.7588834055]]",5cde012c487dc830c7c2bc0e8ce231023f9bc13b55394a6740c49ae0cc56e10b,84763a500012bbe428d98815668abb08a7bc562e03263bd6fc75df0173022760,959a5a32626e6c27f49e3a7b848eba06a3fd064183e7c72b37e5cd583357b3e5,2225564405,null,0,0.0,matched_prior_exact,0,stationary,1,"{""fraction"":0.5,""k"":1,""stage"":""c7-timing""}",e48f7e450930aa2cad23001d8a223a0347fc2e867d4f90039ce62228ac53c328,0.8535267851386914,10394,10395,0.985055972992953,none,0.00345153354328398,True,revision_C_base@712b395,712b395,5ede81cb5815049fe381f461ce5502b4a13d3d3945ab77c4b78242c6d10572b8,c7-timing_20260911_041506_496602_705c3cf8,705c3cf8d1b3a80735499262310009dc0b3cd9c5e151de83f16ab60a82062b6e,none,none,none,evidence,revision_B_base,revision_B_base,0.5,0.8,10000.0,none,5,200000.0,xlarge,45.0,80.0,5.0,0.5,1.0
10,51,random_uniform_n8_uncoordinated,random_uniform_n8_uncoordinated,midflight_failure,[0],c4_frozen,594469579,0.5,4000,100000.0,4000.0,[],[],True,0,0.0,0,0.010902091598250813,10326.998949479255,8948.196465166782,3992.514596176925,0.010950305739370968,0.005556740743559756,0.005345350854691056,0.005375219556204598,273.7769784172662,0.9963473919327289,9000,9001,0.010359342884999977,7958.71443176397,0.9947149645999213,200000.0,1.0,budget_exhausted,5.000000000465358,True,True,True,"[[334339.60537798965,5724983.667836364],[334279.5143309487,5725073.804406926],[334279.5143309487,5724953.622312844],[334309.55985446915,5724923.576789323],[334219.4232839077,5725043.7588834055]]",5cde012c487dc830c7c2bc0e8ce231023f9bc13b55394a6740c49ae0cc56e10b,d470c2e85b7baae24319e3ae75d0ff27dc79323a29a3b56735899bfab7a66706,31e16c111b9640c114f75049919b81fad77fe2a3528a040114dac0021c1c0b25,2225564405,null,9000,0.0,matched_prior_exact,0,stationary,1,"{""fraction"":0.5,""k"":1,""stage"":""c7-timing""}",e48f7e450930aa2cad23001d8a223a0347fc2e867d4f90039ce62228ac53c328,0.9934582923981967,10394,10395,1.014246071394277,none,1.967338170394406e-05,True,revision_C_base@712b395,712b395,5ede81cb5815049fe381f461ce5502b4a13d3d3945ab77c4b78242c6d10572b8,c7-timing_20260911_041506_496602_705c3cf8,705c3cf8d1b3a80735499262310009dc0b3cd9c5e151de83f16ab60a82062b6e,none,none,none,evidence,revision_B_base,revision_B_base,0.5,0.8,10000.0,none,5,200000.0,xlarge,45.0,80.0,5.0,0.5,1.0
10,51,dynamic_evidence_3step,dynamic_3step,midflight_failure,[0],c4_frozen,594469579,0.75,6546,150008.36643579576,6546.0,[],[],True,0,0.0,0,0.28710396345633415,7877.562967640894,7505.431236565104,5494.547248093076,0.28732913044382713,0.24484158172995546,0.042262381726378695,0.055964921669277704,14.411294311624072,0.9306099800353529,9288,9289,0.2679101052805534,6575.479782687209,0.8218322438054254,200011.70368186707,1.0000585184093354,budget_exhausted,5.000000000121749,True,True,True,"[[334339.60537798965,5724983.667836364],[334279.5143309487,5725073.804406926],[334279.5143309487,5724953.622312844],[334309.55985446915,5724923.576789323],[334219.4232839077,5725043.7588834055]]",5cde012c487dc830c7c2bc0e8ce231023f9bc13b55394a6740c49ae0cc56e10b,e90692d023e38a337edb4a623134ac8d95c8ec255ccf2615b61cf6fa9c70db4e,c331fef2e47249ad1c2e91af853c3e8a561714bd8d8b57a32625fb607d039522,2225564405,null,4244,471.8648730891,matched_prior_exact,0,stationary,1,"{""fraction"":0.75,""k"":1,""stage"":""c7-timing""}",1afd6aad4615879250c18a49e0765e646d736ba5546c63af535ab9149ba3f9ac,0.8029317060076337,9810,9811,1.0078181079444417,none,0.0053807240139391865,True,revision_C_base@712b395,712b395,5ede81cb5815049fe381f461ce5502b4a13d3d3945ab77c4b78242c6d10572b8,c7-timing_20260911_041506_496602_705c3cf8,705c3cf8d1b3a80735499262310009dc0b3cd9c5e151de83f16ab60a82062b6e,none,none,none,evidence,revision_B_base,revision_B_base,0.5,0.8,10000.0,none,5,200000.0,xlarge,45.0,80.0,5.0,0.5,1.0
10,51,online_static_3step,online_static_3step,midflight_failure,[0],c4_frozen,594469579,0.75,6899,150012.6609304079,6899.0,[],[],True,0,0.0,0,0.12138830856290984,8706.724916120982,8706.724916120982,6149.086282347285,0.12146272755107691,0.12138830856290984,0.0,0.0,91.32904502721425,0.9890505807905686,9810,9811,0.12138830856290984,7116.4377546196665,0.8894435388850976,200003.27549805652,1.0000163774902826,budget_exhausted,5.000000000121749,True,True,True,"[[334339.60537798965,5724983.667836364],[334279.5143309487,5725073.804406926],[334279.5143309487,5724953.622312844],[334309.55985446915,5724923.576789323],[334219.4232839077,5725043.7588834055]]",5cde012c487dc830c7c2bc0e8ce231023f9bc13b55394a6740c49ae0cc56e10b,f4420c383f1fe685fe8c2ffb15eee57602384ce2c58ce2f9c06b0df89e1bb639,77fe28aaffceb7c20859478042efe6b241dabff9d8ec445a73f37918b4a9a80e,2225564405,null,5033,492.3214243267139,matched_prior_exact,0,stationary,1,"{""fraction"":0.75,""k"":1,""stage"":""c7-timing""}",1afd6aad4615879250c18a49e0765e646d736ba5546c63af535ab9149ba3f9ac,0.8874452060056042,9810,9811,1.0000000000000004,none,0.0004962744115403206,True,revision_C_base@712b395,712b395,5ede81cb5815049fe381f461ce5502b4a13d3d3945ab77c4b78242c6d10572b8,c7-timing_20260911_041506_496602_705c3cf8,705c3cf8d1b3a80735499262310009dc0b3cd9c5e151de83f16ab60a82062b6e,none,none,none,evidence,revision_B_base,revision_B_base,0.5,0.8,10000.0,none,5,200000.0,xlarge,45.0,80.0,5.0,0.5,1.0
10,51,pizza_replan_midflight,pizza_replan,midflight_failure,[0],c4_frozen,594469579,0.75,6010,150004.6452216664,6010.0,[],[],True,0,0.0,0,0.1872518660081916,8435.978259896214,7381.031181974677,5336.564955624702,0.18753368787953187,0.17885833294264364,0.008393533065547965,0.010221784379334973,13.606974047980023,0.9265082746190398,8512,8513,0.18522913319891715,6964.360437661482,0.8704362501764132,200005.88173607175,1.0000294086803587,budget_exhausted,5.000000000917254,True,True,True,"[[334339.60537798965,5724983.667836364],[334279.5143309487,5725073.804406926],[334279.5143309487,5724953.622312844],[334309.55985446915,5724923.576789323],[334219.4232839077,5725043.7588834055]]",5cde012c487dc830c7c2bc0e8ce231023f9bc13b55394a6740c49ae0cc56e10b,3b6893859fd921e70388c0299c82deb6d8de3a6ae4ccd5de949d7014bd7d4666,672603bdb5385f9a784755824863ca66d79add22292369714787875bc5093e91,2225564405,"{""assignment"":{""1"":[0,""forward""],""2"":[2,""forward""],""3"":[3,""forward""],""4"":[1,""forward""]},""assignment_cost"":3000.6986029878562,""deadhead_fraction_remaining_budget"":0.06001954814186585,""deadhead_per_drone"":{""1"":610.2163187703514,""2"":1684.9505385675996,""3"":695.3212924246072,""4"":10.210453225297927},""deadhead_total"":3000.6986029878562,""empty_sectors"":0,""generator"":""generate_pizza_zigzag_path(overlap=0.0, path_point_spacing_m=10.0, border_gap_m=0.0)"",""num_sectors"":4,""orientations_per_sector"":{""1"":""forward"",""2"":""forward"",""3"":""forward"",""4"":""forward""},""prefix_removed_total"":8604,""route_length_after_replan"":{""1"":1152219.6166224354,""2"":1154137.0228899862,""3"":1157225.4349640314,""4"":1137550.770245457},""search_inactive_uav_ids"":[],""suffix_removed_total"":0,""survivor_ids"":[1,2,3,4],""task_splits"":0}",0,0.0,matched_prior_exact,0,stationary,1,"{""fraction"":0.75,""k"":1,""stage"":""c7-timing""}",1afd6aad4615879250c18a49e0765e646d736ba5546c63af535ab9149ba3f9ac,0.8598489715519533,9810,9811,0.8998359721792388,none,0.009773719956545857,True,revision_C_base@712b395,712b395,5ede81cb5815049fe381f461ce5502b4a13d3d3945ab77c4b78242c6d10572b8,c7-timing_20260911_041506_496602_705c3cf8,705c3cf8d1b3a80735499262310009dc0b3cd9c5e151de83f16ab60a82062b6e,none,none,none,evidence,revision_B_base,revision_B_base,0.5,0.8,10000.0,none,5,200000.0,xlarge,45.0,80.0,5.0,0.5,1.0
10,51,pizza_fixed_midflight,pizza_fixed,midflight_failure,[0],c4_frozen,594469579,0.75,6010,150004.6452216664,6010.0,[],[],True,0,0.0,0,0.2067539952463605,8384.449949973434,7354.816635803041,5336.564955624702,0.20715961668461538,0.17885833294264364,0.027895662303716873,0.03397180221493787,10.936150436150436,0.9085601459271803,8512,8513,0.20179315251597219,6947.152214729289,0.8682854911547668,200013.03001414827,1.0000651500707414,budget_exhausted,5.000000000917254,True,True,True,"[[334339.60537798965,5724983.667836364],[334279.5143309487,5725073.804406926],[334279.5143309487,5724953.622312844],[334309.55985446915,5724923.576789323],[334219.4232839077,5725043.7588834055]]",5cde012c487dc830c7c2bc0e8ce231023f9bc13b55394a6740c49ae0cc56e10b,380d27b77f18d0e4ccb489452e51a47788aa290459ab249712a44aae268f3bcf,672603bdb5385f9a784755824863ca66d79add22292369714787875bc5093e91,2225564405,null,0,0.0,matched_prior_exact,0,stationary,1,"{""fraction"":0.75,""k"":1,""stage"":""c7-timing""}",1afd6aad4615879250c18a49e0765e646d736ba5546c63af535ab9149ba3f9ac,0.8545968759528523,9810,9811,0.9935531553331048,none,0.004521624357444853,True,revision_C_base@712b395,712b395,5ede81cb5815049fe381f461ce5502b4a13d3d3945ab77c4b78242c6d10572b8,c7-timing_20260911_041506_496602_705c3cf8,705c3cf8d1b3a80735499262310009dc0b3cd9c5e151de83f16ab60a82062b6e,none,none,none,evidence,revision_B_base,revision_B_base,0.5,0.8,10000.0,none,5,200000.0,xlarge,45.0,80.0,5.0,0.5,1.0
10,51,random_uniform_n8_uncoordinated,random_uniform_n8_uncoordinated,midflight_failure,[0],c4_frozen,594469579,0.75,6000,150000.0,6000.0,[],[],True,0,0.0,0,0.010515164110311177,9749.723840247168,8453.49870523144,5978.100247952293,0.010547469325852777,0.008349884622651887,0.0021652794876592905,0.002183511557234425,279.4183486238532,0.9964211369621034,8500,8501,0.010359342884999977,7958.71443176397,0.9947149645999213,200000.0,1.0,budget_exhausted,5.000000000465358,True,True,True,"[[334339.60537798965,5724983.667836364],[334279.5143309487,5725073.804406926],[334279.5143309487,5724953.622312844],[334309.55985446915,5724923.576789323],[334219.4232839077,5725043.7588834055]]",5cde012c487dc830c7c2bc0e8ce231023f9bc13b55394a6740c49ae0cc56e10b,5738f4d84aa0c83590af93741f3852d7700010ad9a203cd837f7f23d50b99940,de0e2f211b6e85b6b0f2b76656f3aa20258c5bcd696d402b6bc4b7cf667ec4bd,2225564405,null,8500,0.0,matched_prior_exact,0,stationary,1,"{""fraction"":0.75,""k"":1,""stage"":""c7-timing""}",1afd6aad4615879250c18a49e0765e646d736ba5546c63af535ab9149ba3f9ac,0.993754341070958,9810,9811,0.9782493380132992,none,0.0003157220544651729,True,revision_C_base@712b395,712b395,5ede81cb5815049fe381f461ce5502b4a13d3d3945ab77c4b78242c6d10572b8,c7-timing_20260911_041506_496602_705c3cf8,705c3cf8d1b3a80735499262310009dc0b3cd9c5e151de83f16ab60a82062b6e,none,none,none,evidence,revision_B_base,revision_B_base,0.5,0.8,10000.0,none,5,200000.0,xlarge,45.0,80.0,5.0,0.5,1.0
1,42,dynamic_evidence_3step,dynamic_3step,midflight_failure,[1],c4_frozen,2135276945,0.25,2128,50020.917673731914,2128.0,[],[],True,0,0.0,0,0.3422337122134228,8052.208377764541,7875.927012637451,1957.6933195466652,0.3425323515228482,0.1492588318528725,0.1929748803605503,0.22683148245998264,13.4721891613108,0.925773013722834,10119,10120,0.3053750355274742,6445.830101582465,0.8056280591904094,200003.58217282954,1.0000179108641476,budget_exhausted,5.000000000155922,True,True,True,"[[520675.01713351544,5662852.115568982],[520705.01713351544,5662852.115568982],[520735.01713351544,5662972.297663065],[520675.01713351544,5662822.070045462],[520705.01713351544,5662972.297663065]]",30c155ffbc9a6fbd3effb7d8ee5b520261c472508e4a88bedcd430719d2c0104,373411ad64a70eb9accf0810b1892e7b5365f62bb779cf76404b4031657fc3c6,8aa5cca14cf5592d612617ff0fa7e0f34469c135bdcef1880ce5593631986aa7,697467652,null,4167,498.3766726854956,matched_prior_exact,0,stationary,1,"{""fraction"":0.25,""k"":1,""stage"":""c7-timing""}",afb392704cd91dc121192dd93c7aa1904370ee07844253dff5b4afaa9642f3ae,0.7751452038664364,10387,10388,0.9945448999413847,none,0.009651220321622356,True,revision_C_base@712b395,712b395,5ede81cb5815049fe381f461ce5502b4a13d3d3945ab77c4b78242c6d10572b8,c7-timing_20260911_041506_496602_705c3cf8,705c3cf8d1b3a80735499262310009dc0b3cd9c5e151de83f16ab60a82062b6e,none,none,none,evidence,revision_B_base,revision_B_base,0.5,0.8,10000.0,none,5,200000.0,xlarge,45.0,80.0,5.0,0.5,1.0
1,42,online_static_3step,online_static_3step,midflight_failure,[1],c4_frozen,2135276945,0.25,2137,50002.531516230876,2137.0,[],[],True,0,0.0,0,0.2419730422860723,8577.168737936314,8577.168737936314,1976.7089028925147,0.24223869126439074,0.1282779173705253,0.11369512491554701,0.13042588593442012,24.462196661523354,0.95912059681979,10387,10388,0.22366917023262722,6746.917738465571,0.8432593098944596,200011.34789676146,1.0000567394838074,budget_exhausted,5.000000000155922,True,True,True,"[[520675.01713351544,5662852.115568982],[520705.01713351544,5662852.115568982],[520735.01713351544,5662972.297663065],[520675.01713351544,5662822.070045462],[520705.01713351544,5662972.297663065]]",30c155ffbc9a6fbd3effb7d8ee5b520261c472508e4a88bedcd430719d2c0104,ce6bb7a5a706d7357ebe4ac39c95da2c972d41ea5185fe38120cb3dd211e94c6,e3df6f2dcfd50aeeec063c5b91d10c760fa64d64942745a95644445ec50386df,697467652,null,4562,501.9992001791543,matched_prior_exact,0,stationary,1,"{""fraction"":0.25,""k"":1,""stage"":""c7-timing""}",afb392704cd91dc121192dd93c7aa1904370ee07844253dff5b4afaa9642f3ae,0.8256804714994527,10387,10388,1.0558546310980976,none,-0.004351785599649549,True,revision_C_base@712b395,712b395,5ede81cb5815049fe381f461ce5502b4a13d3d3945ab77c4b78242c6d10572b8,c7-timing_20260911_041506_496602_705c3cf8,705c3cf8d1b3a80735499262310009dc0b3cd9c5e151de83f16ab60a82062b6e,none,none,none,evidence,revision_B_base,revision_B_base,0.5,0.8,10000.0,none,5,200000.0,xlarge,45.0,80.0,5.0,0.5,1.0
1,42,pizza_replan_midflight,pizza_replan,midflight_failure,[1],c4_frozen,2135276945,0.25,2006,50002.83865029745,2006.0,[],[],True,0,0.0,0,0.2949392468990918,8527.758567161705,7911.5354689514625,1887.741252245589,0.2952423163073687,0.11400660917219016,0.18093263772690163,0.20421443274859072,12.292312609876937,0.9186483429329242,9513,9514,0.25833821329098267,6818.154753327512,0.8521628238129624,200006.8516944477,1.0000342584722384,budget_exhausted,5.000000000908182,True,True,True,"[[520675.01713351544,5662852.115568982],[520705.01713351544,5662852.115568982],[520735.01713351544,5662972.297663065],[520675.01713351544,5662822.070045462],[520705.01713351544,5662972.297663065]]",30c155ffbc9a6fbd3effb7d8ee5b520261c472508e4a88bedcd430719d2c0104,2acb4d1622004c2eb49856a122227503fa30ac3f9195ee0eb0d5531120725665,750776c6ccfa70e3c6d37baa8bbc20d18a04cfd6e73d93d9d71c03102dba25a1,697467652,"{""assignment"":{""0"":[3,""forward""],""2"":[2,""forward""],""3"":[0,""forward""],""4"":[1,""forward""]},""assignment_cost"":2597.1685650220297,""deadhead_fraction_remaining_budget"":0.0173147847709398,""deadhead_per_drone"":{""0"":633.6908418712746,""2"":425.86762932765663,""3"":1441.7931615329362,""4"":95.81693229016216},""deadhead_total"":2597.1685650220297,""empty_sectors"":0,""generator"":""generate_pizza_zigzag_path(overlap=0.0, path_point_spacing_m=10.0, border_gap_m=0.0)"",""num_sectors"":4,""orientations_per_sector"":{""0"":""forward"",""2"":""forward"",""3"":""forward"",""4"":""forward""},""prefix_removed_total"":2679,""route_length_after_replan"":{""0"":1170085.3174933847,""2"":1161303.1826265343,""3"":1170341.904710847,""4"":1161303.1826265266},""search_inactive_uav_ids"":[],""suffix_removed_total"":0,""survivor_ids"":[0,2,3,4],""task_splits"":0}",0,0.0,matched_prior_exact,0,stationary,1,"{""fraction"":0.25,""k"":1,""stage"":""c7-timing""}",afb392704cd91dc121192dd93c7aa1904370ee07844253dff5b4afaa9642f3ae,0.8209240053101372,10387,10388,0.9168179180315158,none,0.030859886697332306,True,revision_C_base@712b395,712b395,5ede81cb5815049fe381f461ce5502b4a13d3d3945ab77c4b78242c6d10572b8,c7-timing_20260911_041506_496602_705c3cf8,705c3cf8d1b3a80735499262310009dc0b3cd9c5e151de83f16ab60a82062b6e,none,none,none,evidence,revision_B_base,revision_B_base,0.5,0.8,10000.0,none,5,200000.0,xlarge,45.0,80.0,5.0,0.5,1.0
1,42,pizza_fixed_midflight,pizza_fixed,midflight_failure,[1],c4_frozen,2135276945,0.25,2006,50002.83865029745,2006.0,[],[],True,0,0.0,0,0.2934405964900429,8417.107792447187,7799.574873779517,1887.741252245589,0.29382351927921135,0.11400660917219016,0.17943398731785273,0.2025229411138183,10.909865757511186,0.90833984375,9513,9514,0.26552318533086094,6710.168330873527,0.8386662080831805,200017.00773365467,1.0000850386682734,budget_exhausted,5.00000000090993,True,True,True,"[[520675.01713351544,5662852.115568982],[520705.01713351544,5662852.115568982],[520735.01713351544,5662972.297663065],[520675.01713351544,5662822.070045462],[520705.01713351544,5662972.297663065]]",30c155ffbc9a6fbd3effb7d8ee5b520261c472508e4a88bedcd430719d2c0104,8fcd6b09b9ddddec37410560aa5bacaf6e1d7898dff21e884848fc2979b52d05,750776c6ccfa70e3c6d37baa8bbc20d18a04cfd6e73d93d9d71c03102dba25a1,697467652,null,0,0.0,matched_prior_exact,0,stationary,1,"{""fraction"":0.25,""k"":1,""stage"":""c7-timing""}",afb392704cd91dc121192dd93c7aa1904370ee07844253dff5b4afaa9642f3ae,0.8102722172167103,10387,10388,0.9121593669491249,none,0.020208098603905378,True,revision_C_base@712b395,712b395,5ede81cb5815049fe381f461ce5502b4a13d3d3945ab77c4b78242c6d10572b8,c7-timing_20260911_041506_496602_705c3cf8,705c3cf8d1b3a80735499262310009dc0b3cd9c5e151de83f16ab60a82062b6e,none,none,none,evidence,revision_B_base,revision_B_base,0.5,0.8,10000.0,none,5,200000.0,xlarge,45.0,80.0,5.0,0.5,1.0
1,42,random_uniform_n8_uncoordinated,random_uniform_n8_uncoordinated,midflight_failure,[1],c4_frozen,2135276945,0.25,2000,50000.0,2000.0,[],[],True,0,0.0,0,0.014066145879612,10279.48700280102,9404.963674196102,1992.6161319063515,0.014102569172082241,0.007060119330731092,0.007006026548880908,0.007055841632787126,435.97134670487105,0.9977062712777843,9500,9501,0.013772492008537009,7925.944663343182,0.9906192555109589,200000.0,1.0,budget_exhausted,5.000000000462916,True,True,True,"[[520675.01713351544,5662852.115568982],[520705.01713351544,5662852.115568982],[520735.01713351544,5662972.297663065],[520675.01713351544,5662822.070045462],[520705.01713351544,5662972.297663065]]",30c155ffbc9a6fbd3effb7d8ee5b520261c472508e4a88bedcd430719d2c0104,450328761369aa39452f3ffab82059a9ce071c68751eb21e6322b8dde16e9b4b,fabcad980193e91503534fbdb89894491f7eae43d5b43895444dd6b8fd9a62e4,697467652,null,9500,0.0,matched_prior_exact,0,stationary,1,"{""fraction"":0.25,""k"":1,""stage"":""c7-timing""}",afb392704cd91dc121192dd93c7aa1904370ee07844253dff5b4afaa9642f3ae,0.989554004890356,10387,10388,1.013784311436439,none,-9.805103626470135e-05,True,revision_C_base@712b395,712b395,5ede81cb5815049fe381f461ce5502b4a13d3d3945ab77c4b78242c6d10572b8,c7-timing_20260911_041506_496602_705c3cf8,705c3cf8d1b3a80735499262310009dc0b3cd9c5e151de83f16ab60a82062b6e,none,none,none,evidence,revision_B_base,revision_B_base,0.5,0.8,10000.0,none,5,200000.0,xlarge,45.0,80.0,5.0,0.5,1.0
1,42,dynamic_evidence_3step,dynamic_3step,midflight_failure,[1],c4_frozen,2135276945,0.5,4251,100005.50270250441,4251.0,[],[],True,0,0.0,0,0.347749154821941,7573.047444136611,7412.593736222996,3661.03161812359,0.34805037108638026,0.2375836092908703,0.11016554553107072,0.1444952481000636,13.15751882617809,0.9239978286779718,9573,9574,0.3189291146813701,6364.463199898047,0.795458467678796,200001.33047681264,1.0000066523840632,budget_exhausted,5.000000000155922,True,True,True,"[[520675.01713351544,5662852.115568982],[520705.01713351544,5662852.115568982],[520735.01713351544,5662972.297663065],[520675.01713351544,5662822.070045462],[520705.01713351544,5662972.297663065]]",30c155ffbc9a6fbd3effb7d8ee5b520261c472508e4a88bedcd430719d2c0104,78e7b2c45ef6e9bee031642f3c9b3b4c09024949ff5426b3c5441cf857f8402e,a14aa96ec0c5ca92acdbd9dceb44387cab0e31ac8957d9f5503dcd0903fe9bb1,697467652,null,4026,480.2905512331927,matched_prior_exact,0,stationary,1,"{""fraction"":0.5,""k"":1,""stage"":""c7-timing""}",e48f7e450930aa2cad23001d8a223a0347fc2e867d4f90039ce62228ac53c328,0.7711860941075979,9819,9820,1.010572997470831,none,0.0056921105627838475,True,revision_C_base@712b395,712b395,5ede81cb5815049fe381f461ce5502b4a13d3d3945ab77c4b78242c6d10572b8,c7-timing_20260911_041506_496602_705c3cf8,705c3cf8d1b3a80735499262310009dc0b3cd9c5e151de83f16ab60a82062b6e,none,none,none,evidence,revision_B_base,revision_B_base,0.5,0.8,10000.0,none,5,200000.0,xlarge,45.0,80.0,5.0,0.5,1.0
1,42,online_static_3step,online_static_3step,midflight_failure,[1],c4_frozen,2135276945,0.5,4295,100018.1334188632,4295.0,[],[],True,0,0.0,0,0.2381065090435675,8145.592960703908,8145.592960703908,3802.193363481723,0.2383652259399444,0.17769437557029008,0.060412133473277424,0.07346676427657271,25.09623430962343,0.9601533844614871,9819,9820,0.22370028539336023,6746.884184374549,0.8432551161572989,200003.19000681056,1.0000159500340529,budget_exhausted,5.000000000155922,True,True,True,"[[520675.01713351544,5662852.115568982],[520705.01713351544,5662852.115568982],[520735.01713351544,5662972.297663065],[520675.01713351544,5662822.070045462],[520705.01713351544,5662972.297663065]]",30c155ffbc9a6fbd3effb7d8ee5b520261c472508e4a88bedcd430719d2c0104,052c7e462f9b491ce493abe83a55572293489190b2a925aac239549647d83e1f,5f64c5d542321a6fadab11f1017edf72552922381053fb23c5e355f3286e8bf7,697467652,null,4416,792.5671853774984,matched_prior_exact,0,stationary,1,"{""fraction"":0.5,""k"":1,""stage"":""c7-timing""}",e48f7e450930aa2cad23001d8a223a0347fc2e867d4f90039ce62228ac53c328,0.8294901181979539,9819,9820,1.0389829292265853,none,-0.0005421389011482924,True,revision_C_base@712b395,712b395,5ede81cb5815049fe381f461ce5502b4a13d3d3945ab77c4b78242c6d10572b8,c7-timing_20260911_041506_496602_705c3cf8,705c3cf8d1b3a80735499262310009dc0b3cd9c5e151de83f16ab60a82062b6e,none,none,none,evidence,revision_B_base,revision_B_base,0.5,0.8,10000.0,none,5,200000.0,xlarge,45.0,80.0,5.0,0.5,1.0
1,42,pizza_replan_midflight,pizza_replan,midflight_failure,[1],c4_frozen,2135276945,0.5,4008,100002.45022746242,4008.0,[],[],True,0,0.0,0,0.25680932606118884,8066.331601644476,7467.319918449804,3575.1023511927456,0.25701699918712445,0.19505249525995388,0.06175683080123495,0.07672156312998203,14.457150911482804,0.9308300780615263,9013,9014,0.23950740913156177,6703.900917241056,0.8378828792952201,200012.38636316583,1.0000619318158293,budget_exhausted,5.00000000090993,True,True,True,"[[520675.01713351544,5662852.115568982],[520705.01713351544,5662852.115568982],[520735.01713351544,5662972.297663065],[520675.01713351544,5662822.070045462],[520705.01713351544,5662972.297663065]]",30c155ffbc9a6fbd3effb7d8ee5b520261c472508e4a88bedcd430719d2c0104,c2e902f65772726aa8550028f4402f4e51a63966d8ccb47372f5a9f9fea55d20,d213f2dacf694d9737dbc3b6224017a4db11614a03c2ebe51910b0e8b8c5d982,697467652,"{""assignment"":{""0"":[0,""forward""],""2"":[2,""forward""],""3"":[3,""forward""],""4"":[1,""forward""]},""assignment_cost"":2561.688971024682,""deadhead_fraction_remaining_budget"":0.025617517397693287,""deadhead_per_drone"":{""0"":1195.7155524750115,""2"":22.893583904647652,""3"":1315.023735253262,""4"":28.056099391760895},""deadhead_total"":2561.688971024682,""empty_sectors"":0,""generator"":""generate_pizza_zigzag_path(overlap=0.0, path_point_spacing_m=10.0, border_gap_m=0.0)"",""num_sectors"":4,""orientations_per_sector"":{""0"":""forward"",""2"":""forward"",""3"":""forward"",""4"":""forward""},""prefix_removed_total"":4947,""route_length_after_replan"":{""0"":1170341.904710847,""2"":1149763.1698347921,""3"":1170085.3174933847,""4"":1149299.7435968432},""search_inactive_uav_ids"":[],""suffix_removed_total"":0,""survivor_ids"":[0,2,3,4],""task_splits"":0}",0,0.0,matched_prior_exact,0,stationary,1,"{""fraction"":0.5,""k"":1,""stage"":""c7-timing""}",e48f7e450930aa2cad23001d8a223a0347fc2e867d4f90039ce62228ac53c328,0.8214186967051401,9819,9820,0.7982911536051015,none,0.03135457809233522,True,revision_C_base@712b395,712b395,5ede81cb5815049fe381f461ce5502b4a13d3d3945ab77c4b78242c6d10572b8,c7-timing_20260911_041506_496602_705c3cf8,705c3cf8d1b3a80735499262310009dc0b3cd9c5e151de83f16ab60a82062b6e,none,none,none,evidence,revision_B_base,revision_B_base,0.5,0.8,10000.0,none,5,200000.0,xlarge,45.0,80.0,5.0,0.5,1.0
1,42,pizza_fixed_midflight,pizza_fixed,midflight_failure,[1],c4_frozen,2135276945,0.5,4008,100002.45022746242,4008.0,[],[],True,0,0.0,0,0.3076125833117588,7863.551830118145,7304.795184850625,3575.1023511927456,0.3079932161964976,0.19505249525995388,0.1125600880518049,0.13983531520872983,10.944998575092619,0.9086340675936052,9012,9013,0.288373925488857,6594.619566822688,0.824224417800611,200001.36063937776,1.0000068031968887,budget_exhausted,5.00000000090993,True,True,True,"[[520675.01713351544,5662852.115568982],[520705.01713351544,5662852.115568982],[520735.01713351544,5662972.297663065],[520675.01713351544,5662822.070045462],[520705.01713351544,5662972.297663065]]",30c155ffbc9a6fbd3effb7d8ee5b520261c472508e4a88bedcd430719d2c0104,1acd9702c9798f25e7965f6631a1e8cc96029ed443b2bc1fe49242d72677385b,d213f2dacf694d9737dbc3b6224017a4db11614a03c2ebe51910b0e8b8c5d982,697467652,null,0,0.0,matched_prior_exact,0,stationary,1,"{""fraction"":0.5,""k"":1,""stage"":""c7-timing""}",e48f7e450930aa2cad23001d8a223a0347fc2e867d4f90039ce62228ac53c328,0.8007690254702795,9819,9820,0.9562129528616875,none,0.010704906857474605,True,revision_C_base@712b395,712b395,5ede81cb5815049fe381f461ce5502b4a13d3d3945ab77c4b78242c6d10572b8,c7-timing_20260911_041506_496602_705c3cf8,705c3cf8d1b3a80735499262310009dc0b3cd9c5e151de83f16ab60a82062b6e,none,none,none,evidence,revision_B_base,revision_B_base,0.5,0.8,10000.0,none,5,200000.0,xlarge,45.0,80.0,5.0,0.5,1.0
1,42,random_uniform_n8_uncoordinated,random_uniform_n8_uncoordinated,midflight_failure,[1],c4_frozen,2135276945,0.5,4000,100000.0,4000.0,[],[],True,0,0.0,0,0.01411805053561657,9718.008603946051,8910.57128733444,3975.2559457420616,0.014156555176543937,0.01017992348345174,0.003938127052164831,0.003978629192917762,434.7857142857143,0.9977000164284541,9000,9001,0.013874890073689972,7924.621614243228,0.990453895043523,200000.0,1.0,budget_exhausted,5.000000000462916,True,True,True,"[[520675.01713351544,5662852.115568982],[520705.01713351544,5662852.115568982],[520735.01713351544,5662972.297663065],[520675.01713351544,5662822.070045462],[520705.01713351544,5662972.297663065]]",30c155ffbc9a6fbd3effb7d8ee5b520261c472508e4a88bedcd430719d2c0104,74ec4b085454349a5d2d9a737d400f562058a8882791baa8d62cbe0ffc5fe0b3,6d4c1b2adaf75589282853dd0b223a4642bc8fb5aa539dbbb7af95b2a82620fe,697467652,null,9000,0.0,matched_prior_exact,0,stationary,1,"{""fraction"":0.5,""k"":1,""stage"":""c7-timing""}",e48f7e450930aa2cad23001d8a223a0347fc2e867d4f90039ce62228ac53c328,0.9896139107888036,9819,9820,1.0175252171826399,none,-3.814513781719153e-05,True,revision_C_base@712b395,712b395,5ede81cb5815049fe381f461ce5502b4a13d3d3945ab77c4b78242c6d10572b8,c7-timing_20260911_041506_496602_705c3cf8,705c3cf8d1b3a80735499262310009dc0b3cd9c5e151de83f16ab60a82062b6e,none,none,none,evidence,revision_B_base,revision_B_base,0.5,0.8,10000.0,none,5,200000.0,xlarge,45.0,80.0,5.0,0.5,1.0
1,42,dynamic_evidence_3step,dynamic_3step,midflight_failure,[1],c4_frozen,2135276945,0.75,6377,150014.69426262437,6377.0,[],[],True,0,0.0,0,0.34482548579083766,7152.666000324386,7014.424177826279,5213.766292288713,0.34513890146999215,0.298195866177029,0.04662961961380868,0.06644249779464954,13.043120043120043,0.9233312277511793,9038,9039,0.3293530555214473,6326.269013079648,0.7906847910360765,200018.6972809477,1.0000934864047386,budget_exhausted,5.000000000155922,True,True,True,"[[520675.01713351544,5662852.115568982],[520705.01713351544,5662852.115568982],[520735.01713351544,5662972.297663065],[520675.01713351544,5662822.070045462],[520705.01713351544,5662972.297663065]]",30c155ffbc9a6fbd3effb7d8ee5b520261c472508e4a88bedcd430719d2c0104,399e003491eb97f889096d8b1c1827f0a31e007c112842577d04adccf071e515,54de267525fc4feec273ef81c61dc8d2caadf19b733db62e8f48ad25b13cfbcd,697467652,null,3987,775.99117026155,matched_prior_exact,0,stationary,1,"{""fraction"":0.75,""k"":1,""stage"":""c7-timing""}",1afd6aad4615879250c18a49e0765e646d736ba5546c63af535ab9149ba3f9ac,0.7732611892242579,9249,9250,1.002076697953187,none,0.007767205679443889,True,revision_C_base@712b395,712b395,5ede81cb5815049fe381f461ce5502b4a13d3d3945ab77c4b78242c6d10572b8,c7-timing_20260911_041506_496602_705c3cf8,705c3cf8d1b3a80735499262310009dc0b3cd9c5e151de83f16ab60a82062b6e,none,none,none,evidence,revision_B_base,revision_B_base,0.5,0.8,10000.0,none,5,200000.0,xlarge,45.0,80.0,5.0,0.5,1.0
1,42,online_static_3step,online_static_3step,midflight_failure,[1],c4_frozen,2135276945,0.75,6475,150000.92808938515,6475.0,[],[],True,0,0.0,0,0.2338918930616713,7710.145467392329,7710.145467392329,5553.023089428657,0.23414619139096982,0.21034285592655774,0.023549037135113554,0.029821850295225556,25.78309315109196,0.9612148940338585,9249,9250,0.22370530845715073,6746.904701439987,0.8432576804699395,200013.12479907487,1.0000656239953742,budget_exhausted,5.000000000155922,True,True,True,"[[520675.01713351544,5662852.115568982],[520705.01713351544,5662852.115568982],[520735.01713351544,5662972.297663065],[520675.01713351544,5662822.070045462],[520705.01713351544,5662972.297663065]]",30c155ffbc9a6fbd3effb7d8ee5b520261c472508e4a88bedcd430719d2c0104,6fa15ede29ec0c780f796940c0b050765f165663c16af95619e533ab6698cf9f,211a7afd8eeeb7ed56af0c178cfec411fabce0b4fb3c6528a4cf0497592dd6d3,697467652,null,4358,453.8001380574715,matched_prior_exact,0,stationary,1,"{""fraction"":0.75,""k"":1,""stage"":""c7-timing""}",1afd6aad4615879250c18a49e0765e646d736ba5546c63af535ab9149ba3f9ac,0.8335292397180897,9249,9250,1.0205923607535727,none,0.003496982618987454,True,revision_C_base@712b395,712b395,5ede81cb5815049fe381f461ce5502b4a13d3d3945ab77c4b78242c6d10572b8,c7-timing_20260911_041506_496602_705c3cf8,705c3cf8d1b3a80735499262310009dc0b3cd9c5e151de83f16ab60a82062b6e,none,none,none,evidence,revision_B_base,revision_B_base,0.5,0.8,10000.0,none,5,200000.0,xlarge,45.0,80.0,5.0,0.5,1.0
1,42,pizza_replan_midflight,pizza_replan,midflight_failure,[1],c4_frozen,2135276945,0.75,6010,150009.00322485852,6010.0,[],[],True,0,0.0,0,0.28718249763855436,7458.297957579455,6933.664275841465,5118.418115250822,0.28747508672911076,0.26274473521319536,0.024437762425359,0.03314694867920105,12.74773952716715,0.9215547197313794,8513,8514,0.2831542962690349,6566.943817351562,0.8207653814962582,200012.32551149218,1.000061627557461,budget_exhausted,5.00000000090993,True,True,True,"[[520675.01713351544,5662852.115568982],[520705.01713351544,5662852.115568982],[520735.01713351544,5662972.297663065],[520675.01713351544,5662822.070045462],[520705.01713351544,5662972.297663065]]",30c155ffbc9a6fbd3effb7d8ee5b520261c472508e4a88bedcd430719d2c0104,4c8d2b7b4ae23a140bb05c0c9a074f2959cd5d39ff9d582c38e802e17dd0553f,8d234413de74893c6f3f17aae4e5f7b3152ad643f07562e2027a4f9f11a96153,697467652,"{""assignment"":{""0"":[3,""forward""],""2"":[1,""forward""],""3"":[2,""forward""],""4"":[0,""forward""]},""assignment_cost"":2953.365075580138,""deadhead_fraction_remaining_budget"":0.05907793935104587,""deadhead_per_drone"":{""0"":1270.1889261987744,""2"":8.944368223676634,""3"":6.229177420121527,""4"":1668.0026037375658},""deadhead_total"":2953.365075580138,""empty_sectors"":0,""generator"":""generate_pizza_zigzag_path(overlap=0.0, path_point_spacing_m=10.0, border_gap_m=0.0)"",""num_sectors"":4,""orientations_per_sector"":{""0"":""forward"",""2"":""forward"",""3"":""forward"",""4"":""forward""},""prefix_removed_total"":7321,""route_length_after_replan"":{""0"":1170085.3174933847,""2"":1137580.9562671634,""3"":1137037.6078764587,""4"":1170341.904710847},""search_inactive_uav_ids"":[],""suffix_removed_total"":0,""survivor_ids"":[0,2,3,4],""task_splits"":0}",0,0.0,matched_prior_exact,0,stationary,1,"{""fraction"":0.75,""k"":1,""stage"":""c7-timing""}",1afd6aad4615879250c18a49e0765e646d736ba5546c63af535ab9149ba3f9ac,0.8063024819004816,9249,9250,0.8927060821788545,none,0.016238363287676694,True,revision_C_base@712b395,712b395,5ede81cb5815049fe381f461ce5502b4a13d3d3945ab77c4b78242c6d10572b8,c7-timing_20260911_041506_496602_705c3cf8,705c3cf8d1b3a80735499262310009dc0b3cd9c5e151de83f16ab60a82062b6e,none,none,none,evidence,revision_B_base,revision_B_base,0.5,0.8,10000.0,none,5,200000.0,xlarge,45.0,80.0,5.0,0.5,1.0
1,42,pizza_fixed_midflight,pizza_fixed,midflight_failure,[1],c4_frozen,2135276945,0.75,6010,150009.00322485852,6010.0,[],[],True,0,0.0,0,0.3167563266443567,7396.1609786883155,6892.610391424984,5118.418115250822,0.31713717100127453,0.26274473521319536,0.054011591431161354,0.07326036721728955,10.970579834333048,0.9088471151843366,8512,8513,0.30634680893547184,6540.0750186684345,0.8174072014333751,200011.1196119275,1.0000555980596375,budget_exhausted,5.00000000090993,True,True,True,"[[520675.01713351544,5662852.115568982],[520705.01713351544,5662852.115568982],[520735.01713351544,5662972.297663065],[520675.01713351544,5662822.070045462],[520705.01713351544,5662972.297663065]]",30c155ffbc9a6fbd3effb7d8ee5b520261c472508e4a88bedcd430719d2c0104,05a5a7a56b2d37cf75a50b5d7f287fe30488be57ea6945e6649a88257f322ade,8d234413de74893c6f3f17aae4e5f7b3152ad643f07562e2027a4f9f11a96153,697467652,null,0,0.0,matched_prior_exact,0,stationary,1,"{""fraction"":0.75,""k"":1,""stage"":""c7-timing""}",1afd6aad4615879250c18a49e0765e646d736ba5546c63af535ab9149ba3f9ac,0.7995849706690071,9249,9250,0.9846362563499315,none,0.009520852056202234,True,revision_C_base@712b395,712b395,5ede81cb5815049fe381f461ce5502b4a13d3d3945ab77c4b78242c6d10572b8,c7-timing_20260911_041506_496602_705c3cf8,705c3cf8d1b3a80735499262310009dc0b3cd9c5e151de83f16ab60a82062b6e,none,none,none,evidence,revision_B_base,revision_B_base,0.5,0.8,10000.0,none,5,200000.0,xlarge,45.0,80.0,5.0,0.5,1.0
1,42,random_uniform_n8_uncoordinated,random_uniform_n8_uncoordinated,midflight_failure,[1],c4_frozen,2135276945,0.75,6000,150000.0,6000.0,[],[],True,0,0.0,0,0.014116598793344776,9156.056678142993,8417.630010639203,5951.413114094463,0.014156555176543937,0.01257694725863108,0.0015396515347136965,0.0015592622943521354,434.66,0.9976993512170432,8500,8501,0.013874890073689972,7924.621614243228,0.990453895043523,200000.0,1.0,budget_exhausted,5.000000000463843,True,True,True,"[[520675.01713351544,5662852.115568982],[520705.01713351544,5662852.115568982],[520735.01713351544,5662972.297663065],[520675.01713351544,5662822.070045462],[520705.01713351544,5662972.297663065]]",30c155ffbc9a6fbd3effb7d8ee5b520261c472508e4a88bedcd430719d2c0104,e261ff5e24033ef4329de52ef79d5eda537b6dd5eeadeee98948f62b518d5ef4,59d711400d06b9a0f6a434743c1d6d170cbec5fbe819599828f2ee8704a159e8,697467652,null,8500,0.0,matched_prior_exact,0,stationary,1,"{""fraction"":0.75,""k"":1,""stage"":""c7-timing""}",1afd6aad4615879250c18a49e0765e646d736ba5546c63af535ab9149ba3f9ac,0.9898439652046479,9249,9250,1.0174205862800465,none,0.00019190927802714697,True,revision_C_base@712b395,712b395,5ede81cb5815049fe381f461ce5502b4a13d3d3945ab77c4b78242c6d10572b8,c7-timing_20260911_041506_496602_705c3cf8,705c3cf8d1b3a80735499262310009dc0b3cd9c5e151de83f16ab60a82062b6e,none,none,none,evidence,revision_B_base,revision_B_base,0.5,0.8,10000.0,none,5,200000.0,xlarge,45.0,80.0,5.0,0.5,1.0
1,43,dynamic_evidence_3step,dynamic_3step,midflight_failure,[2],c4_frozen,143461485,0.25,2126,50011.348034861556,2126.0,[],[],True,0,0.0,0,0.36083501590470435,8052.135777422035,7877.004571779923,1967.8189472588956,0.36120196792964904,0.13300965875672416,0.2278253571479802,0.26277727249103555,11.872179925962143,0.9157694706249191,10135,10136,0.3222478598442829,6473.647141733928,0.8091047546224132,200016.6054941808,1.000083027470904,budget_exhausted,5.00000000023012,True,True,True,"[[520645.01713351544,5662882.161092503],[520765.01713351544,5662912.206616024],[520615.01713351544,5662882.161092503],[520675.01713351544,5662852.115568982],[520615.01713351544,5662942.252139544]]",de6506683a628b61ccaed496db2f3af4d1a2f6b066f9ddd6ec3d9f87199cb9de,c7ef10696b5f63690741efd5d65d16fa42a7ec498096c90e5c486c1adad6a7e1,b197617c94fcd512ad6198917ba4bdc72cbe5f757229a3623de6bbc6cb218a57,1723940930,null,4227,508.14593770939973,matched_prior_exact,0,stationary,1,"{""fraction"":0.25,""k"":1,""stage"":""c7-timing""}",afb392704cd91dc121192dd93c7aa1904370ee07844253dff5b4afaa9642f3ae,0.7735000746803108,10409,10410,1.0434340209849033,none,-0.006346864997435975,True,revision_C_base@712b395,712b395,5ede81cb5815049fe381f461ce5502b4a13d3d3945ab77c4b78242c6d10572b8,c7-timing_20260911_041506_496602_705c3cf8,705c3cf8d1b3a80735499262310009dc0b3cd9c5e151de83f16ab60a82062b6e,none,none,none,evidence,revision_B_base,revision_B_base,0.5,0.8,10000.0,none,5,200000.0,xlarge,45.0,80.0,5.0,0.5,1.0
1,43,online_static_3step,online_static_3step,midflight_failure,[2],c4_frozen,143461485,0.25,2166,50021.168416794724,2166.0,[],[],True,0,0.0,0,0.2356752877170295,8693.058054056024,8693.058054056024,2011.2388291882262,0.23591920973029942,0.11389433496809345,0.12178095274893605,0.13743389479916146,25.699882422104643,0.9610893161464469,10409,10410,0.21541903731275117,6827.329174244001,0.8533094830951132,200013.10912627075,1.0000655456313536,budget_exhausted,5.000000000155922,True,True,True,"[[520645.01713351544,5662882.161092503],[520765.01713351544,5662912.206616024],[520615.01713351544,5662882.161092503],[520675.01713351544,5662852.115568982],[520615.01713351544,5662942.252139544]]",de6506683a628b61ccaed496db2f3af4d1a2f6b066f9ddd6ec3d9f87199cb9de,7bf9d37c6a4cdd986097f60c51a94e62d9d49b3c0f3328ecf93c6b543e4288aa,023338586bfd30d5299b1ad05c4c0fc882b5a58ae200fe2b45770686738d6005,1723940930,null,4557,821.5300455077086,matched_prior_exact,0,stationary,1,"{""fraction"":0.25,""k"":1,""stage"":""c7-timing""}",afb392704cd91dc121192dd93c7aa1904370ee07844253dff5b4afaa9642f3ae,0.8350680167200791,10409,10410,1.0620728461158355,none,-0.004291607090381233,True,revision_C_base@712b395,712b395,5ede81cb5815049fe381f461ce5502b4a13d3d3945ab77c4b78242c6d10572b8,c7-timing_20260911_041506_496602_705c3cf8,705c3cf8d1b3a80735499262310009dc0b3cd9c5e151de83f16ab60a82062b6e,none,none,none,evidence,revision_B_base,revision_B_base,0.5,0.8,10000.0,none,5,200000.0,xlarge,45.0,80.0,5.0,0.5,1.0
1,43,pizza_replan_midflight,pizza_replan,midflight_failure,[2],c4_frozen,143461485,0.25,2006,50005.51985563735,2006.0,[],[],True,0,0.0,0,0.28931353917249436,8580.985317009796,7944.210248108274,1887.429178461607,0.28959691524661857,0.11422623896293613,0.17508730020955823,0.19766593673373892,12.92350965575147,0.9226216386540973,9513,9514,0.25270730605194863,6842.07012148685,0.855151871201956,200000.3379257287,1.0000016896286434,budget_exhausted,5.000000000910829,True,True,True,"[[520645.01713351544,5662882.161092503],[520765.01713351544,5662912.206616024],[520615.01713351544,5662882.161092503],[520675.01713351544,5662852.115568982],[520615.01713351544,5662942.252139544]]",de6506683a628b61ccaed496db2f3af4d1a2f6b066f9ddd6ec3d9f87199cb9de,9998c3240afde1eb45f2e87f7e660137f892dfaea9f6cb9026b6774e1f76af6e,d7f7c12eba97703a94ce2aba9f52edab6c6a1c7fcd82cd40630175515f9bfdbe,1723940930,"{""assignment"":{""0"":[1,""forward""],""1"":[0,""forward""],""3"":[3,""forward""],""4"":[2,""forward""]},""assignment_cost"":2054.032786504539,""deadhead_fraction_remaining_budget"":0.013694055838105701,""deadhead_per_drone"":{""0"":54.35618482588173,""1"":572.9480424287026,""3"":633.6908418712746,""4"":793.0377173786804},""deadhead_total"":2054.032786504539,""empty_sectors"":0,""generator"":""generate_pizza_zigzag_path(overlap=0.0, path_point_spacing_m=10.0, border_gap_m=0.0)"",""num_sectors"":4,""orientations_per_sector"":{""0"":""forward"",""1"":""forward"",""3"":""forward"",""4"":""forward""},""prefix_removed_total"":1832,""route_length_after_replan"":{""0"":1161303.1826265266,""1"":1170341.904710847,""3"":1170085.3174933847,""4"":1170341.904710841},""search_inactive_uav_ids"":[],""suffix_removed_total"":0,""survivor_ids"":[0,1,3,4],""task_splits"":0}",0,0.0,matched_prior_exact,0,stationary,1,"{""fraction"":0.25,""k"":1,""stage"":""c7-timing""}",afb392704cd91dc121192dd93c7aa1904370ee07844253dff5b4afaa9642f3ae,0.8243021438049756,10409,10410,0.8993512560493502,none,0.035046081790370276,True,revision_C_base@712b395,712b395,5ede81cb5815049fe381f461ce5502b4a13d3d3945ab77c4b78242c6d10572b8,c7-timing_20260911_041506_496602_705c3cf8,705c3cf8d1b3a80735499262310009dc0b3cd9c5e151de83f16ab60a82062b6e,none,none,none,evidence,revision_B_base,revision_B_base,0.5,0.8,10000.0,none,5,200000.0,xlarge,45.0,80.0,5.0,0.5,1.0
1,43,pizza_fixed_midflight,pizza_fixed,midflight_failure,[2],c4_frozen,143461485,0.25,2006,50005.51985563735,2006.0,[],[],True,0,0.0,0,0.33410495891940856,8210.014289448865,7613.372332640708,1887.429178461607,0.3345200198752529,0.11422623896293613,0.21987871995647243,0.2482334989230641,10.926373392083008,0.9084783244983576,9513,9514,0.30264711005691985,6582.796706209623,0.8227467449330863,200009.32146807088,1.0000466073403544,budget_exhausted,5.000000000899729,True,True,True,"[[520645.01713351544,5662882.161092503],[520765.01713351544,5662912.206616024],[520615.01713351544,5662882.161092503],[520675.01713351544,5662852.115568982],[520615.01713351544,5662942.252139544]]",de6506683a628b61ccaed496db2f3af4d1a2f6b066f9ddd6ec3d9f87199cb9de,d878d83fd607a2962f05ce409cc9e8c7be0c1a478fe3b916386a72228a47053c,d7f7c12eba97703a94ce2aba9f52edab6c6a1c7fcd82cd40630175515f9bfdbe,1723940930,null,0,0.0,matched_prior_exact,0,stationary,1,"{""fraction"":0.25,""k"":1,""stage"":""c7-timing""}",afb392704cd91dc121192dd93c7aa1904370ee07844253dff5b4afaa9642f3ae,0.7886661181026768,10409,10410,1.038588499231403,none,-0.0005899439119284589,True,revision_C_base@712b395,712b395,5ede81cb5815049fe381f461ce5502b4a13d3d3945ab77c4b78242c6d10572b8,c7-timing_20260911_041506_496602_705c3cf8,705c3cf8d1b3a80735499262310009dc0b3cd9c5e151de83f16ab60a82062b6e,none,none,none,evidence,revision_B_base,revision_B_base,0.5,0.8,10000.0,none,5,200000.0,xlarge,45.0,80.0,5.0,0.5,1.0
1,43,random_uniform_n8_uncoordinated,random_uniform_n8_uncoordinated,midflight_failure,[2],c4_frozen,143461485,0.25,2000,50000.0,2000.0,[],[],True,0,0.0,0,0.021877872880616704,10277.92896330532,9388.815949753662,1991.9577601780509,0.02200523007288099,0.007589031839137519,0.014288841041479185,0.014398108747184935,272.2375,0.9963267367647735,9500,9501,0.017080592306326574,7917.390314661605,0.9895500955707542,200000.0,1.0,budget_exhausted,5.000000000465654,True,True,True,"[[520645.01713351544,5662882.161092503],[520765.01713351544,5662912.206616024],[520615.01713351544,5662882.161092503],[520675.01713351544,5662852.115568982],[520615.01713351544,5662942.252139544]]",de6506683a628b61ccaed496db2f3af4d1a2f6b066f9ddd6ec3d9f87199cb9de,b0ea36ee4285d1d7a4df80b63187ad153507fdc85070c79a71e6f711ab4572e0,49170f8dc8c436ab923089de00251438d7f3f681dd2cae84e11caa5a0fdb8d09,1723940930,null,9500,0.0,matched_prior_exact,0,stationary,1,"{""fraction"":0.25,""k"":1,""stage"":""c7-timing""}",afb392704cd91dc121192dd93c7aa1904370ee07844253dff5b4afaa9642f3ae,0.9873130608362458,10409,10410,1.0418493050189153,none,0.001026684289042179,True,revision_C_base@712b395,712b395,5ede81cb5815049fe381f461ce5502b4a13d3d3945ab77c4b78242c6d10572b8,c7-timing_20260911_041506_496602_705c3cf8,705c3cf8d1b3a80735499262310009dc0b3cd9c5e151de83f16ab60a82062b6e,none,none,none,evidence,revision_B_base,revision_B_base,0.5,0.8,10000.0,none,5,200000.0,xlarge,45.0,80.0,5.0,0.5,1.0
1,43,dynamic_evidence_3step,dynamic_3step,midflight_failure,[2],c4_frozen,143461485,0.5,4252,100020.77148882812,4252.0,[],[],True,0,0.0,0,0.35817752955779214,7748.6774985698,7544.577952969019,3741.111235852925,0.3585059480374349,0.19787295218259096,0.16030457737520118,0.19984936028699019,12.751016413190785,0.9215748793982015,9566,9567,0.3187290765985157,6508.826833296428,0.8135016664537468,200008.79800549668,1.0000439900274833,budget_exhausted,5.000000000155922,True,True,True,"[[520645.01713351544,5662882.161092503],[520765.01713351544,5662912.206616024],[520615.01713351544,5662882.161092503],[520675.01713351544,5662852.115568982],[520615.01713351544,5662942.252139544]]",de6506683a628b61ccaed496db2f3af4d1a2f6b066f9ddd6ec3d9f87199cb9de,8d3c553cf63f17077254ae9ec443925231568615a91bff1831563576c6cb1e14,4453a07965b010c6bf7ae1a9f2760da60ebe35c95dae2ff26c85a31c61951e51,1723940930,null,4061,494.8420183532289,matched_prior_exact,0,stationary,1,"{""fraction"":0.5,""k"":1,""stage"":""c7-timing""}",e48f7e450930aa2cad23001d8a223a0347fc2e867d4f90039ce62228ac53c328,0.7838823974273951,9884,9885,1.0357493131753834,none,0.004035457749648308,True,revision_C_base@712b395,712b395,5ede81cb5815049fe381f461ce5502b4a13d3d3945ab77c4b78242c6d10572b8,c7-timing_20260911_041506_496602_705c3cf8,705c3cf8d1b3a80735499262310009dc0b3cd9c5e151de83f16ab60a82062b6e,none,none,none,evidence,revision_B_base,revision_B_base,0.5,0.8,10000.0,none,5,200000.0,xlarge,45.0,80.0,5.0,0.5,1.0
1,43,online_static_3step,online_static_3step,midflight_failure,[2],c4_frozen,143461485,0.5,4369,100014.89316337355,4369.0,[],[],True,0,0.0,0,0.23111717361912348,8292.141749507136,8292.141749507136,3905.111453695403,0.23135338080818366,0.165979805106325,0.06513736851279847,0.07810046916322273,26.52989253821704,0.9623066697854327,9884,9885,0.21509824090346905,6828.2139230905605,0.8534200628784603,200009.8175871984,1.000049087935992,budget_exhausted,5.000000000155922,True,True,True,"[[520645.01713351544,5662882.161092503],[520765.01713351544,5662912.206616024],[520615.01713351544,5662882.161092503],[520675.01713351544,5662852.115568982],[520615.01713351544,5662942.252139544]]",de6506683a628b61ccaed496db2f3af4d1a2f6b066f9ddd6ec3d9f87199cb9de,ba4f1411c231d5d25c23ebd58032b8ce80df95b9d4a6dbea91782c4e6c84ae1c,ef77f5c6405193e055907206ea2ab8e09690ba587e697cbda6e7c2e175ddb097,1723940930,null,4152,466.79826530395076,matched_prior_exact,0,stationary,1,"{""fraction"":0.5,""k"":1,""stage"":""c7-timing""}",e48f7e450930aa2cad23001d8a223a0347fc2e867d4f90039ce62228ac53c328,0.838861077340125,9884,9885,1.0415316631187606,none,-0.0004985464703353149,True,revision_C_base@712b395,712b395,5ede81cb5815049fe381f461ce5502b4a13d3d3945ab77c4b78242c6d10572b8,c7-timing_20260911_041506_496602_705c3cf8,705c3cf8d1b3a80735499262310009dc0b3cd9c5e151de83f16ab60a82062b6e,none,none,none,evidence,revision_B_base,revision_B_base,0.5,0.8,10000.0,none,5,200000.0,xlarge,45.0,80.0,5.0,0.5,1.0
1,43,pizza_replan_midflight,pizza_replan,midflight_failure,[2],c4_frozen,143461485,0.5,4009,100019.6855766192,4009.0,[],[],True,0,0.0,0,0.24178038658004963,8163.966135604077,7503.556852315248,3575.405536530071,0.24194039601397627,0.19509913538145185,0.046681251198597784,0.05799627413833202,16.81491199300317,0.9405289780632745,9013,9014,0.22625257864284526,6725.586722069273,0.8405932661003965,200003.4426982582,1.000017213491291,budget_exhausted,5.000000000891834,True,True,True,"[[520645.01713351544,5662882.161092503],[520765.01713351544,5662912.206616024],[520615.01713351544,5662882.161092503],[520675.01713351544,5662852.115568982],[520615.01713351544,5662942.252139544]]",de6506683a628b61ccaed496db2f3af4d1a2f6b066f9ddd6ec3d9f87199cb9de,47b92f51c1ee44d510c6896cc9738bc4d499fae6629aa715ef9e9f5200dbf0da,5cf0275ff0690eb298dccc347b6e9ecad28a2588c387e72723c189e808da3ad0,1723940930,"{""assignment"":{""0"":[1,""forward""],""1"":[0,""forward""],""3"":[3,""forward""],""4"":[2,""forward""]},""assignment_cost"":2866.718245416867,""deadhead_fraction_remaining_budget"":0.028672826865470163,""deadhead_per_drone"":{""0"":21.863167930977884,""1"":949.596029870277,""3"":928.5176005549399,""4"":966.7414470606723},""deadhead_total"":2866.718245416867,""empty_sectors"":0,""generator"":""generate_pizza_zigzag_path(overlap=0.0, path_point_spacing_m=10.0, border_gap_m=0.0)"",""num_sectors"":4,""orientations_per_sector"":{""0"":""forward"",""1"":""forward"",""3"":""forward"",""4"":""forward""},""prefix_removed_total"":2993,""route_length_after_replan"":{""0"":1149259.4456631087,""1"":1170341.904710847,""3"":1170085.3174933847,""4"":1170341.904710841},""search_inactive_uav_ids"":[],""suffix_removed_total"":0,""survivor_ids"":[0,1,3,4],""task_splits"":0}",0,0.0,matched_prior_exact,0,stationary,1,"{""fraction"":0.5,""k"":1,""stage"":""c7-timing""}",e48f7e450930aa2cad23001d8a223a0347fc2e867d4f90039ce62228ac53c328,0.82589439915064,9884,9885,0.751591145650532,none,0.036638337136034704,True,revision_C_base@712b395,712b395,5ede81cb5815049fe381f461ce5502b4a13d3d3945ab77c4b78242c6d10572b8,c7-timing_20260911_041506_496602_705c3cf8,705c3cf8d1b3a80735499262310009dc0b3cd9c5e151de83f16ab60a82062b6e,none,none,none,evidence,revision_B_base,revision_B_base,0.5,0.8,10000.0,none,5,200000.0,xlarge,45.0,80.0,5.0,0.5,1.0
1,43,pizza_fixed_midflight,pizza_fixed,midflight_failure,[2],c4_frozen,143461485,0.5,4009,100019.6855766192,4009.0,[],[],True,0,0.0,0,0.33167570389828965,7817.5189471072945,7235.408485202651,3575.405536530071,0.33206828398250227,0.19509913538145185,0.1365765685168378,0.16968122972704597,10.9505698005698,0.9086805510387262,9013,9014,0.30971258055093354,6547.302309152637,0.8183104998316006,200019.4326349396,1.000097163174698,budget_exhausted,5.000000000899729,True,True,True,"[[520645.01713351544,5662882.161092503],[520765.01713351544,5662912.206616024],[520615.01713351544,5662882.161092503],[520675.01713351544,5662852.115568982],[520615.01713351544,5662942.252139544]]",de6506683a628b61ccaed496db2f3af4d1a2f6b066f9ddd6ec3d9f87199cb9de,3dae84d2ecd8dbd4a024d0ba32d7c2dfe067407a902bf2bb95f92969a2ef59be,5cf0275ff0690eb298dccc347b6e9ecad28a2588c387e72723c189e808da3ad0,1723940930,null,0,0.0,matched_prior_exact,0,stationary,1,"{""fraction"":0.5,""k"":1,""stage"":""c7-timing""}",e48f7e450930aa2cad23001d8a223a0347fc2e867d4f90039ce62228ac53c328,0.7908466309668482,9884,9885,1.0310369910622506,none,0.0015905689522428546,True,revision_C_base@712b395,712b395,5ede81cb5815049fe381f461ce5502b4a13d3d3945ab77c4b78242c6d10572b8,c7-timing_20260911_041506_496602_705c3cf8,705c3cf8d1b3a80735499262310009dc0b3cd9c5e151de83f16ab60a82062b6e,none,none,none,evidence,revision_B_base,revision_B_base,0.5,0.8,10000.0,none,5,200000.0,xlarge,45.0,80.0,5.0,0.5,1.0
1,43,random_uniform_n8_uncoordinated,random_uniform_n8_uncoordinated,midflight_failure,[2],c4_frozen,143461485,0.5,4000,100000.0,4000.0,[],[],True,0,0.0,0,0.02050795192557723,9759.652828740993,8893.781858243137,3971.23502687964,0.02058549296900798,0.011696142144994408,0.008811809780582821,0.008916093679637952,294.27799227799227,0.9966018525807552,9000,9001,0.017929507004844428,7912.770545417134,0.9889726965900679,200000.0,1.0,budget_exhausted,5.000000000465654,True,True,True,"[[520645.01713351544,5662882.161092503],[520765.01713351544,5662912.206616024],[520615.01713351544,5662882.161092503],[520675.01713351544,5662852.115568982],[520615.01713351544,5662942.252139544]]",de6506683a628b61ccaed496db2f3af4d1a2f6b066f9ddd6ec3d9f87199cb9de,394eb944ff0e69ffb00235086b0a711f4d1f1b2e893d4d428ea990b234f11850,c37358ea02421131ab833034645f165b92a51a0a21ac39d5c11b7be5b9b185df,1723940930,null,9000,0.0,matched_prior_exact,0,stationary,1,"{""fraction"":0.5,""k"":1,""stage"":""c7-timing""}",e48f7e450930aa2cad23001d8a223a0347fc2e867d4f90039ce62228ac53c328,0.9873194566252901,9884,9885,0.9766121038190108,none,0.0010330800780864458,True,revision_C_base@712b395,712b395,5ede81cb5815049fe381f461ce5502b4a13d3d3945ab77c4b78242c6d10572b8,c7-timing_20260911_041506_496602_705c3cf8,705c3cf8d1b3a80735499262310009dc0b3cd9c5e151de83f16ab60a82062b6e,none,none,none,evidence,revision_B_base,revision_B_base,0.5,0.8,10000.0,none,5,200000.0,xlarge,45.0,80.0,5.0,0.5,1.0
1,43,dynamic_evidence_3step,dynamic_3step,midflight_failure,[2],c4_frozen,143461485,0.75,6373,150000.97324907198,6373.0,[],[],True,0,0.0,0,0.3488256802773586,7371.705638989474,7169.841599875407,5347.510837439808,0.34915336586933915,0.28378085992580004,0.06504482035155856,0.09081692559182368,12.820815369487935,0.9220018406645271,9046,9047,0.3264704765014318,6477.258538677834,0.8095561228193768,200000.6240602554,1.000003120301277,budget_exhausted,5.000000000155922,True,True,True,"[[520645.01713351544,5662882.161092503],[520765.01713351544,5662912.206616024],[520615.01713351544,5662882.161092503],[520675.01713351544,5662852.115568982],[520615.01713351544,5662942.252139544]]",de6506683a628b61ccaed496db2f3af4d1a2f6b066f9ddd6ec3d9f87199cb9de,7050ff92725c146601f531e5f87f492db20a9bdce084a86fef4341f541f80388,790062e29620fc0f031b10d4d72c1b44f952fb8ac6b5080d1dccebefe9dc136a,1723940930,null,4073,498.9165933163604,matched_prior_exact,0,stationary,1,"{""fraction"":0.75,""k"":1,""stage"":""c7-timing""}",1afd6aad4615879250c18a49e0765e646d736ba5546c63af535ab9149ba3f9ac,0.7878278977225045,9356,9357,1.0087063786811752,none,0.007980958044757736,True,revision_C_base@712b395,712b395,5ede81cb5815049fe381f461ce5502b4a13d3d3945ab77c4b78242c6d10572b8,c7-timing_20260911_041506_496602_705c3cf8,705c3cf8d1b3a80735499262310009dc0b3cd9c5e151de83f16ab60a82062b6e,none,none,none,evidence,revision_B_base,revision_B_base,0.5,0.8,10000.0,none,5,200000.0,xlarge,45.0,80.0,5.0,0.5,1.0
1,43,online_static_3step,online_static_3step,midflight_failure,[2],c4_frozen,143461485,0.75,6581,150013.2325762626,6581.0,[],[],True,0,0.0,0,0.22647233049437246,7884.883815072836,7884.883815072836,5705.406213005332,0.22671111176786327,0.20184652066737552,0.02462580982699694,0.030853476761872663,27.37441570582736,0.9634695399256641,9356,9357,0.21512708179201784,6828.179886179698,0.8534158087963627,200008.71978123364,1.0000435989061682,budget_exhausted,5.000000000155922,True,True,True,"[[520645.01713351544,5662882.161092503],[520765.01713351544,5662912.206616024],[520615.01713351544,5662882.161092503],[520675.01713351544,5662852.115568982],[520615.01713351544,5662942.252139544]]",de6506683a628b61ccaed496db2f3af4d1a2f6b066f9ddd6ec3d9f87199cb9de,460ff3b8cc39b7900316bc9255bbbbfe601fe20158bf959dbf3bebc88b05a23d,5598195e7f7536565cd34bc9b638083c11442e67dd6bf58affcbbcff091ab1f4,1723940930,null,4234,471.67195667125634,matched_prior_exact,0,stationary,1,"{""fraction"":0.75,""k"":1,""stage"":""c7-timing""}",1afd6aad4615879250c18a49e0765e646d736ba5546c63af535ab9149ba3f9ac,0.8426722042399099,9356,9357,1.0205996349665811,none,0.0033125804294494854,True,revision_C_base@712b395,712b395,5ede81cb5815049fe381f461ce5502b4a13d3d3945ab77c4b78242c6d10572b8,c7-timing_20260911_041506_496602_705c3cf8,705c3cf8d1b3a80735499262310009dc0b3cd9c5e151de83f16ab60a82062b6e,none,none,none,evidence,revision_B_base,revision_B_base,0.5,0.8,10000.0,none,5,200000.0,xlarge,45.0,80.0,5.0,0.5,1.0
1,43,pizza_replan_midflight,pizza_replan,midflight_failure,[2],c4_frozen,143461485,0.75,6010,150000.1596682509,6010.0,[],[],True,0,0.0,0,0.2784312200327988,7551.357423162844,6943.796510430336,5117.78984064172,0.2786605066681414,0.2628155071848497,0.015615712847949104,0.021182910112929842,13.682744504761057,0.9269152471821688,8514,8515,0.2761253546123537,6572.31885459689,0.821437177177464,200018.11638743663,1.0000905819371833,budget_exhausted,5.000000000905505,True,True,True,"[[520645.01713351544,5662882.161092503],[520765.01713351544,5662912.206616024],[520615.01713351544,5662882.161092503],[520675.01713351544,5662852.115568982],[520615.01713351544,5662942.252139544]]",de6506683a628b61ccaed496db2f3af4d1a2f6b066f9ddd6ec3d9f87199cb9de,a667b3848f6695fa298b6946971d329ee9e9dead488760a174f9df0508d1003d,aa2cc9cc784dab931940db65f988aa2caba97a3fb5975b6fb0052abfd642056e,1723940930,"{""assignment"":{""0"":[2,""forward""],""1"":[0,""forward""],""3"":[3,""forward""],""4"":[1,""forward""]},""assignment_cost"":4442.072127567158,""deadhead_fraction_remaining_budget"":0.08884172625540393,""deadhead_per_drone"":{""0"":1903.5899912193631,""1"":1261.096039040696,""3"":1270.1889261987744,""4"":7.19717110832373},""deadhead_total"":4442.072127567158,""empty_sectors"":0,""generator"":""generate_pizza_zigzag_path(overlap=0.0, path_point_spacing_m=10.0, border_gap_m=0.0)"",""num_sectors"":4,""orientations_per_sector"":{""0"":""forward"",""1"":""forward"",""3"":""forward"",""4"":""forward""},""prefix_removed_total"":4130,""route_length_after_replan"":{""0"":1170341.904710841,""1"":1170341.904710847,""3"":1170085.3174933847,""4"":1137540.7082382215},""search_inactive_uav_ids"":[],""suffix_removed_total"":0,""survivor_ids"":[0,1,3,4],""task_splits"":0}",0,0.0,matched_prior_exact,0,stationary,1,"{""fraction"":0.75,""k"":1,""stage"":""c7-timing""}",1afd6aad4615879250c18a49e0765e646d736ba5546c63af535ab9149ba3f9ac,0.8070276181642453,9356,9357,0.8655228102220021,none,0.01777155614963999,True,revision_C_base@712b395,712b395,5ede81cb5815049fe381f461ce5502b4a13d3d3945ab77c4b78242c6d10572b8,c7-timing_20260911_041506_496602_705c3cf8,705c3cf8d1b3a80735499262310009dc0b3cd9c5e151de83f16ab60a82062b6e,none,none,none,evidence,revision_B_base,revision_B_base,0.5,0.8,10000.0,none,5,200000.0,xlarge,45.0,80.0,5.0,0.5,1.0
1,43,pizza_fixed_midflight,pizza_fixed,midflight_failure,[2],c4_frozen,143461485,0.75,6010,150000.1596682509,6010.0,[],[],True,0,0.0,0,0.32688612973345016,7445.724291534048,6877.616185029018,5117.78984064172,0.3272691649414003,0.2628155071848497,0.06407062254860046,0.08691260216818782,10.97416131334761,0.908876863438874,8512,8513,0.3154905543746361,6529.989165208718,0.8161466273226744,200004.47333179307,1.0000223666589654,budget_exhausted,5.000000000899729,True,True,True,"[[520645.01713351544,5662882.161092503],[520765.01713351544,5662912.206616024],[520615.01713351544,5662882.161092503],[520675.01713351544,5662852.115568982],[520615.01713351544,5662942.252139544]]",de6506683a628b61ccaed496db2f3af4d1a2f6b066f9ddd6ec3d9f87199cb9de,cbc53153ce593c4a15f24324bfb53b07aff6a83e3fff0091f8aee42650c3f28f,aa2cc9cc784dab931940db65f988aa2caba97a3fb5975b6fb0052abfd642056e,1723940930,null,0,0.0,matched_prior_exact,0,stationary,1,"{""fraction"":0.75,""k"":1,""stage"":""c7-timing""}",1afd6aad4615879250c18a49e0765e646d736ba5546c63af535ab9149ba3f9ac,0.7957384088419416,9356,9357,1.0161482666927986,none,0.006482346827336283,True,revision_C_base@712b395,712b395,5ede81cb5815049fe381f461ce5502b4a13d3d3945ab77c4b78242c6d10572b8,c7-timing_20260911_041506_496602_705c3cf8,705c3cf8d1b3a80735499262310009dc0b3cd9c5e151de83f16ab60a82062b6e,none,none,none,evidence,revision_B_base,revision_B_base,0.5,0.8,10000.0,none,5,200000.0,xlarge,45.0,80.0,5.0,0.5,1.0
1,43,random_uniform_n8_uncoordinated,random_uniform_n8_uncoordinated,midflight_failure,[2],c4_frozen,143461485,0.75,6000,150000.0,6000.0,[],[],True,0,0.0,0,0.020949232552710563,9233.65713814763,8395.589681212756,5942.560729623301,0.021044541566383693,0.016514469826607023,0.00443476272610354,0.00450923027339474,292.1111111111111,0.99657664511221,8500,8501,0.01999369581935683,7905.815404936098,0.988103412690426,200000.0,1.0,budget_exhausted,5.000000000465654,True,True,True,"[[520645.01713351544,5662882.161092503],[520765.01713351544,5662912.206616024],[520615.01713351544,5662882.161092503],[520675.01713351544,5662852.115568982],[520615.01713351544,5662942.252139544]]",de6506683a628b61ccaed496db2f3af4d1a2f6b066f9ddd6ec3d9f87199cb9de,3271230f3ed4d39fec28cebcb3980a4b1e65b4411ecdabdf3359f9006b908f0a,428241a01ee7c279fb6988dcf7f00110a63d5050b57f9d485c04d2bcd02e6b9c,1723940930,null,8500,0.0,matched_prior_exact,0,stationary,1,"{""fraction"":0.75,""k"":1,""stage"":""c7-timing""}",1afd6aad4615879250c18a49e0765e646d736ba5546c63af535ab9149ba3f9ac,0.9868181188572865,9356,9357,0.9976263915062064,none,0.0005317423100829055,True,revision_C_base@712b395,712b395,5ede81cb5815049fe381f461ce5502b4a13d3d3945ab77c4b78242c6d10572b8,c7-timing_20260911_041506_496602_705c3cf8,705c3cf8d1b3a80735499262310009dc0b3cd9c5e151de83f16ab60a82062b6e,none,none,none,evidence,revision_B_base,revision_B_base,0.5,0.8,10000.0,none,5,200000.0,xlarge,45.0,80.0,5.0,0.5,1.0
1,44,dynamic_evidence_3step,dynamic_3step,midflight_failure,[4],c4_frozen,2798862237,0.25,2123,50020.16450189883,2123.0,[],[],True,0,0.0,0,0.3776006100692,7973.992323952681,7741.214952118444,1950.4884441595366,0.378018157673969,0.14914280080943007,0.2284578092597699,0.26850311600713306,11.357104629381856,0.9119493891591955,10126,10127,0.33155816305924396,6374.424826672014,0.7967035153945774,200008.59240457634,1.0000429620228817,budget_exhausted,5.000000000225951,True,True,True,"[[520705.01713351544,5662942.252139544],[520585.01713351544,5662972.297663065],[520705.01713351544,5663002.343186585],[520705.01713351544,5662972.297663065],[520615.01713351544,5662852.115568982]]",3b959359867fcb2b45b92315bf9568b79d943432b1b3c27e35f71a092ea0c61e,cf4226df2ff37c04f9070a3a51e535aee002e583f892ccbb210baae2adb0638f,6b756ce829e6dea1423b2608c66ecb8a3932f80632a3210b4a82d88028823fec,498084916,null,4150,496.79900967658614,matched_prior_exact,0,stationary,1,"{""fraction"":0.25,""k"":1,""stage"":""c7-timing""}",afb392704cd91dc121192dd93c7aa1904370ee07844253dff5b4afaa9642f3ae,0.7593555208030359,10500,10501,1.045025920014756,none,-0.0020610428671699044,True,revision_C_base@712b395,712b395,5ede81cb5815049fe381f461ce5502b4a13d3d3945ab77c4b78242c6d10572b8,c7-timing_20260911_041506_496602_705c3cf8,705c3cf8d1b3a80735499262310009dc0b3cd9c5e151de83f16ab60a82062b6e,none,none,none,evidence,revision_B_base,revision_B_base,0.5,0.8,10000.0,none,5,200000.0,xlarge,45.0,80.0,5.0,0.5,1.0
1,44,online_static_3step,online_static_3step,midflight_failure,[4],c4_frozen,2798862237,0.25,2166,50013.46537245967,2166.0,[],[],True,0,0.0,0,0.2822313940506488,8526.528302335379,8526.528302335379,1990.2342455615185,0.28251383285524945,0.13366707554323798,0.1485643185074108,0.17148640472202847,19.322800087777047,0.9482476662048288,10500,10501,0.24705845612272548,6689.198609912054,0.836045320573935,200006.4897514334,1.000032448757167,budget_exhausted,5.0000000002714575,True,True,True,"[[520705.01713351544,5662942.252139544],[520585.01713351544,5662972.297663065],[520705.01713351544,5663002.343186585],[520705.01713351544,5662972.297663065],[520615.01713351544,5662852.115568982]]",3b959359867fcb2b45b92315bf9568b79d943432b1b3c27e35f71a092ea0c61e,29d1bf75335d1773eadda04dc7cca4ff71178194ff6da8fe2e42e816df2adde4,026198dc3b0fb6476f1519755c11c3a044b84a9e3c131c72818934e7b5f03b6d,498084916,null,3885,419.982789337897,matched_prior_exact,0,stationary,1,"{""fraction"":0.25,""k"":1,""stage"":""c7-timing""}",afb392704cd91dc121192dd93c7aa1904370ee07844253dff5b4afaa9642f3ae,0.8119729837477744,10500,10501,1.0844143918979448,none,-0.00568774401609784,True,revision_C_base@712b395,712b395,5ede81cb5815049fe381f461ce5502b4a13d3d3945ab77c4b78242c6d10572b8,c7-timing_20260911_041506_496602_705c3cf8,705c3cf8d1b3a80735499262310009dc0b3cd9c5e151de83f16ab60a82062b6e,none,none,none,evidence,revision_B_base,revision_B_base,0.5,0.8,10000.0,none,5,200000.0,xlarge,45.0,80.0,5.0,0.5,1.0
1,44,pizza_replan_midflight,pizza_replan,midflight_failure,[4],c4_frozen,2798862237,0.25,2006,50005.563118645805,2006.0,[],[],True,0,0.0,0,0.3069994307441543,8512.481913633788,7828.490351778365,1887.7461551161334,0.3073197124323317,0.1139899406319712,0.1930094901121831,0.21784119499710022,11.636797093771285,0.9140657010737723,9513,9514,0.2705472507510094,6752.649921507452,0.8439757432205289,200017.24719156392,1.0000862359578195,budget_exhausted,5.000000000892224,True,True,True,"[[520705.01713351544,5662942.252139544],[520585.01713351544,5662972.297663065],[520705.01713351544,5663002.343186585],[520705.01713351544,5662972.297663065],[520615.01713351544,5662852.115568982]]",3b959359867fcb2b45b92315bf9568b79d943432b1b3c27e35f71a092ea0c61e,e9ddb9c3b9bb47d08c80cf287e7e3fac49f8c9902a229a397af2c5e790bd81a9,3390e7eeb5be13ad1b8d053e79f1123f5b5b5a38ab40367ad0159ab69097f6df,498084916,"{""assignment"":{""0"":[3,""forward""],""1"":[2,""forward""],""2"":[1,""forward""],""3"":[0,""forward""]},""assignment_cost"":1655.6651753193078,""deadhead_fraction_remaining_budget"":0.011038177213391861,""deadhead_per_drone"":{""0"":542.7482711977417,""1"":425.86762932765663,""2"":121.45085604818917,""3"":565.5984187457202},""deadhead_total"":1655.6651753193078,""empty_sectors"":0,""generator"":""generate_pizza_zigzag_path(overlap=0.0, path_point_spacing_m=10.0, border_gap_m=0.0)"",""num_sectors"":4,""orientations_per_sector"":{""0"":""forward"",""1"":""forward"",""2"":""forward"",""3"":""forward""},""prefix_removed_total"":3501,""route_length_after_replan"":{""0"":1161303.182626536,""1"":1161303.1826265343,""2"":1161303.1826265266,""3"":1170341.904710847},""search_inactive_uav_ids"":[],""suffix_removed_total"":0,""survivor_ids"":[0,1,2,3],""task_splits"":0}",0,0.0,matched_prior_exact,0,stationary,1,"{""fraction"":0.25,""k"":1,""stage"":""c7-timing""}",afb392704cd91dc121192dd93c7aa1904370ee07844253dff5b4afaa9642f3ae,0.8106353598356145,10500,10501,0.9542994458480907,none,0.022206391912606094,True,revision_C_base@712b395,712b395,5ede81cb5815049fe381f461ce5502b4a13d3d3945ab77c4b78242c6d10572b8,c7-timing_20260911_041506_496602_705c3cf8,705c3cf8d1b3a80735499262310009dc0b3cd9c5e151de83f16ab60a82062b6e,none,none,none,evidence,revision_B_base,revision_B_base,0.5,0.8,10000.0,none,5,200000.0,xlarge,45.0,80.0,5.0,0.5,1.0
1,44,pizza_fixed_midflight,pizza_fixed,midflight_failure,[4],c4_frozen,2798862237,0.25,2006,50005.563118645805,2006.0,[],[],True,0,0.0,0,0.334058466652282,8271.418052304816,7613.4678173571965,1887.7461551161334,0.3344695206985244,0.1139899406319712,0.2200685260203108,0.24838152083429027,10.930674061433447,0.9085143336650859,9512,9513,0.30255937246885817,6583.5245867041585,0.8228377186231919,200004.73965991542,1.0000236982995772,budget_exhausted,5.00000000090993,True,True,True,"[[520705.01713351544,5662942.252139544],[520585.01713351544,5662972.297663065],[520705.01713351544,5663002.343186585],[520705.01713351544,5662972.297663065],[520615.01713351544,5662852.115568982]]",3b959359867fcb2b45b92315bf9568b79d943432b1b3c27e35f71a092ea0c61e,9587c158221eac66a495f0ed1bf924f67ba19a55d3a2646d99d750378f5aaebf,3390e7eeb5be13ad1b8d053e79f1123f5b5b5a38ab40367ad0159ab69097f6df,498084916,null,0,0.0,matched_prior_exact,0,stationary,1,"{""fraction"":0.25,""k"":1,""stage"":""c7-timing""}",afb392704cd91dc121192dd93c7aa1904370ee07844253dff5b4afaa9642f3ae,0.7876790831639668,10500,10501,1.0384117287592263,none,-0.0007498847590415858,True,revision_C_base@712b395,712b395,5ede81cb5815049fe381f461ce5502b4a13d3d3945ab77c4b78242c6d10572b8,c7-timing_20260911_041506_496602_705c3cf8,705c3cf8d1b3a80735499262310009dc0b3cd9c5e151de83f16ab60a82062b6e,none,none,none,evidence,revision_B_base,revision_B_base,0.5,0.8,10000.0,none,5,200000.0,xlarge,45.0,80.0,5.0,0.5,1.0
1,44,random_uniform_n8_uncoordinated,random_uniform_n8_uncoordinated,midflight_failure,[4],c4_frozen,2798862237,0.25,2000,50000.0,2000.0,[],[],True,0,0.0,0,0.012252238322019627,10412.406398085179,9424.65863640734,1993.7448020325805,0.012295482616068425,0.0057531723649302,0.006499065957089427,0.00653667256102612,424.3593314763231,0.9976435065148184,9500,9501,0.01143718007655729,7942.554064688944,0.9926951711897193,200000.0,1.0,budget_exhausted,5.000000000465887,True,True,True,"[[520705.01713351544,5662942.252139544],[520585.01713351544,5662972.297663065],[520705.01713351544,5663002.343186585],[520705.01713351544,5662972.297663065],[520615.01713351544,5662852.115568982]]",3b959359867fcb2b45b92315bf9568b79d943432b1b3c27e35f71a092ea0c61e,62f2b6e4aead2f16cc0f647abd5af7b010b587879fe3f287d06a9b0dcb36050a,d9c7ba3c517e12f0e19dfaced640eb37820669954dd4a9dce549dca0ab615374,498084916,null,9500,0.0,matched_prior_exact,0,stationary,1,"{""fraction"":0.25,""k"":1,""stage"":""c7-timing""}",afb392704cd91dc121192dd93c7aa1904370ee07844253dff5b4afaa9642f3ae,0.9915633175969125,10500,10501,0.7288305773514967,none,0.002444151234290315,True,revision_C_base@712b395,712b395,5ede81cb5815049fe381f461ce5502b4a13d3d3945ab77c4b78242c6d10572b8,c7-timing_20260911_041506_496602_705c3cf8,705c3cf8d1b3a80735499262310009dc0b3cd9c5e151de83f16ab60a82062b6e,none,none,none,evidence,revision_B_base,revision_B_base,0.5,0.8,10000.0,none,5,200000.0,xlarge,45.0,80.0,5.0,0.5,1.0
1,44,dynamic_evidence_3step,dynamic_3step,midflight_failure,[4],c4_frozen,2798862237,0.5,4248,100009.02921075685,4248.0,[],[],True,0,0.0,0,0.36626468955418023,7621.749515134738,7386.633714959175,3664.7212210927178,0.3666101277989539,0.23241306601879097,0.13385162353538926,0.17437975766620595,11.89378546906747,0.9159224787935909,9592,9593,0.3334961946829449,6351.542370451056,0.7938435658606494,200010.36989585074,1.0000518494792536,budget_exhausted,5.000000000155922,True,True,True,"[[520705.01713351544,5662942.252139544],[520585.01713351544,5662972.297663065],[520705.01713351544,5663002.343186585],[520705.01713351544,5662972.297663065],[520615.01713351544,5662852.115568982]]",3b959359867fcb2b45b92315bf9568b79d943432b1b3c27e35f71a092ea0c61e,3e7093334a5569a8ec6b2ecc934ccd7f542150d750a11f7465aa0f64eeae9960,20e453600f8342c0efbeb56ffa5974a51d86c8fe8781d53213b657596368b81e,498084916,null,4064,944.227793311904,matched_prior_exact,0,stationary,1,"{""fraction"":0.5,""k"":1,""stage"":""c7-timing""}",e48f7e450930aa2cad23001d8a223a0347fc2e867d4f90039ce62228ac53c328,0.7649286948148072,9963,9964,1.0136532727003047,none,0.0035121311446013603,True,revision_C_base@712b395,712b395,5ede81cb5815049fe381f461ce5502b4a13d3d3945ab77c4b78242c6d10572b8,c7-timing_20260911_041506_496602_705c3cf8,705c3cf8d1b3a80735499262310009dc0b3cd9c5e151de83f16ab60a82062b6e,none,none,none,evidence,revision_B_base,revision_B_base,0.5,0.8,10000.0,none,5,200000.0,xlarge,45.0,80.0,5.0,0.5,1.0
1,44,online_static_3step,online_static_3step,midflight_failure,[4],c4_frozen,2798862237,0.5,4414,100018.60765594637,4414.0,[],[],True,0,0.0,0,0.27576962702636537,8137.684685153515,8137.684685153515,3880.7313779959577,0.2760386550703681,0.18330904403567544,0.09246058299068993,0.11321367319601967,20.2370472260431,0.950585676416612,9963,9964,0.24731406520351337,6689.09775980958,0.8360327158867116,200000.60052393237,1.0000030026196618,budget_exhausted,5.000000000155922,True,True,True,"[[520705.01713351544,5662942.252139544],[520585.01713351544,5662972.297663065],[520705.01713351544,5663002.343186585],[520705.01713351544,5662972.297663065],[520615.01713351544,5662852.115568982]]",3b959359867fcb2b45b92315bf9568b79d943432b1b3c27e35f71a092ea0c61e,7d1d1b79858611c4d609983f6c55c0ed07ed5bf69130c7b183997670f77b645a,32209ba0b00637a76b917e84e08bdabca26607c320c1780e470dc671411e373e,498084916,null,4794,913.0200474054145,matched_prior_exact,0,stationary,1,"{""fraction"":0.5,""k"":1,""stage"":""c7-timing""}",e48f7e450930aa2cad23001d8a223a0347fc2e867d4f90039ce62228ac53c328,0.816708619545716,9963,9964,1.0595864198652978,none,-0.0009521082181561669,True,revision_C_base@712b395,712b395,5ede81cb5815049fe381f461ce5502b4a13d3d3945ab77c4b78242c6d10572b8,c7-timing_20260911_041506_496602_705c3cf8,705c3cf8d1b3a80735499262310009dc0b3cd9c5e151de83f16ab60a82062b6e,none,none,none,evidence,revision_B_base,revision_B_base,0.5,0.8,10000.0,none,5,200000.0,xlarge,45.0,80.0,5.0,0.5,1.0
1,44,pizza_replan_midflight,pizza_replan,midflight_failure,[4],c4_frozen,2798862237,0.5,4008,100002.41822884888,4008.0,[],[],True,0,0.0,0,0.2802062348979342,8087.250928481916,7403.446851635046,3575.082989935339,0.2804588898199827,0.19506499522828108,0.08514123966965315,0.1057740552528205,12.72520473157416,0.9214158026456918,9013,9014,0.2617772781644774,6664.165371228801,0.8329165568339958,200019.00357367515,1.0000950178683756,budget_exhausted,5.00000000090993,True,True,True,"[[520705.01713351544,5662942.252139544],[520585.01713351544,5662972.297663065],[520705.01713351544,5663002.343186585],[520705.01713351544,5662972.297663065],[520615.01713351544,5662852.115568982]]",3b959359867fcb2b45b92315bf9568b79d943432b1b3c27e35f71a092ea0c61e,4d4f53ed5d1d892119e4f2505d194e217b561f907f568390a61834c47cd9ee90,9b0fa08bcc2c623839ee3fe9df478bfd7c5bbd14bae19cbcd8155d5861dddbc8,498084916,"{""assignment"":{""0"":[3,""forward""],""1"":[2,""forward""],""2"":[1,""forward""],""3"":[0,""forward""]},""assignment_cost"":2463.772403263489,""deadhead_fraction_remaining_budget"":0.02463831984359323,""deadhead_per_drone"":{""0"":1464.6385323555191,""1"":22.893583904647652,""2"":23.505195609365465,""3"":952.7350913939568},""deadhead_total"":2463.772403263489,""empty_sectors"":0,""generator"":""generate_pizza_zigzag_path(overlap=0.0, path_point_spacing_m=10.0, border_gap_m=0.0)"",""num_sectors"":4,""orientations_per_sector"":{""0"":""forward"",""1"":""forward"",""2"":""forward"",""3"":""forward""},""prefix_removed_total"":6856,""route_length_after_replan"":{""0"":1149974.733986895,""1"":1149763.1698347921,""2"":1149329.9670471437,""3"":1170341.904710847},""search_inactive_uav_ids"":[],""suffix_removed_total"":0,""survivor_ids"":[0,1,2,3],""task_splits"":0}",0,0.0,matched_prior_exact,0,stationary,1,"{""fraction"":0.5,""k"":1,""stage"":""c7-timing""}",e48f7e450930aa2cad23001d8a223a0347fc2e867d4f90039ce62228ac53c328,0.8116470221278519,9963,9964,0.8710135195954928,none,0.023218054204843463,True,revision_C_base@712b395,712b395,5ede81cb5815049fe381f461ce5502b4a13d3d3945ab77c4b78242c6d10572b8,c7-timing_20260911_041506_496602_705c3cf8,705c3cf8d1b3a80735499262310009dc0b3cd9c5e151de83f16ab60a82062b6e,none,none,none,evidence,revision_B_base,revision_B_base,0.5,0.8,10000.0,none,5,200000.0,xlarge,45.0,80.0,5.0,0.5,1.0
1,44,pizza_fixed_midflight,pizza_fixed,midflight_failure,[4],c4_frozen,2798862237,0.5,4008,100002.41822884888,4008.0,[],[],True,0,0.0,0,0.3315839688046684,7870.958663538097,7235.295017871231,3575.082989935339,0.331969302336995,0.19506499522828108,0.13651897357638731,0.16960248065631628,10.95752262846554,0.9087384955608312,9012,9013,0.30965634396568587,6547.863517248124,0.818380642075756,200009.70369248645,1.0000485184624324,budget_exhausted,5.00000000090993,True,True,True,"[[520705.01713351544,5662942.252139544],[520585.01713351544,5662972.297663065],[520705.01713351544,5663002.343186585],[520705.01713351544,5662972.297663065],[520615.01713351544,5662852.115568982]]",3b959359867fcb2b45b92315bf9568b79d943432b1b3c27e35f71a092ea0c61e,fa83ad74537dde028936abc8ae508944aeaf590cc4d937f116e065fdf28c67e5,9b0fa08bcc2c623839ee3fe9df478bfd7c5bbd14bae19cbcd8155d5861dddbc8,498084916,null,0,0.0,matched_prior_exact,0,stationary,1,"{""fraction"":0.5,""k"":1,""stage"":""c7-timing""}",e48f7e450930aa2cad23001d8a223a0347fc2e867d4f90039ce62228ac53c328,0.7899396490905357,9963,9964,1.030719818976182,none,0.0015106811675272835,True,revision_C_base@712b395,712b395,5ede81cb5815049fe381f461ce5502b4a13d3d3945ab77c4b78242c6d10572b8,c7-timing_20260911_041506_496602_705c3cf8,705c3cf8d1b3a80735499262310009dc0b3cd9c5e151de83f16ab60a82062b6e,none,none,none,evidence,revision_B_base,revision_B_base,0.5,0.8,10000.0,none,5,200000.0,xlarge,45.0,80.0,5.0,0.5,1.0
1,44,random_uniform_n8_uncoordinated,random_uniform_n8_uncoordinated,midflight_failure,[4],c4_frozen,2798862237,0.5,4000,100000.0,4000.0,[],[],True,0,0.0,0,0.013494857811893458,9870.34379080861,8920.339338881116,3978.294491000385,0.013528056000672802,0.009587440744660747,0.0039074170672327106,0.003945241839593166,407.35561497326205,0.9975451424670662,9000,9001,0.01310593770066261,7933.599782281743,0.9915760257819951,200000.0,1.0,budget_exhausted,5.000000000465438,True,True,True,"[[520705.01713351544,5662942.252139544],[520585.01713351544,5662972.297663065],[520705.01713351544,5663002.343186585],[520705.01713351544,5662972.297663065],[520615.01713351544,5662852.115568982]]",3b959359867fcb2b45b92315bf9568b79d943432b1b3c27e35f71a092ea0c61e,2202e7d37c065631c1396240dd89a4dd39db9416a7105d09e380a5c73e8be2a5,fae4f1e75d1f843d34eb30422a80e7eb858a04afdd44711e397b1d435251edf8,498084916,null,9000,0.0,matched_prior_exact,0,stationary,1,"{""fraction"":0.5,""k"":1,""stage"":""c7-timing""}",e48f7e450930aa2cad23001d8a223a0347fc2e867d4f90039ce62228ac53c328,0.9906005410285639,9963,9964,0.8027484245586738,none,0.0014813746659416704,True,revision_C_base@712b395,712b395,5ede81cb5815049fe381f461ce5502b4a13d3d3945ab77c4b78242c6d10572b8,c7-timing_20260911_041506_496602_705c3cf8,705c3cf8d1b3a80735499262310009dc0b3cd9c5e151de83f16ab60a82062b6e,none,none,none,evidence,revision_B_base,revision_B_base,0.5,0.8,10000.0,none,5,200000.0,xlarge,45.0,80.0,5.0,0.5,1.0
1,44,dynamic_evidence_3step,dynamic_3step,midflight_failure,[4],c4_frozen,2798862237,0.75,6374,150000.5593397085,6374.0,[],[],True,0,0.0,0,0.36464435121574845,7255.657037952891,7018.669380956414,5227.49679695719,0.3650095248214787,0.2958242442900241,0.06882010692572438,0.09773143475571296,11.88737918475977,0.9158771681749623,9058,9059,0.34048471101188615,6334.366315531367,0.7916968273380036,200014.04671965475,1.0000702335982739,budget_exhausted,5.000000000155922,True,True,True,"[[520705.01713351544,5662942.252139544],[520585.01713351544,5662972.297663065],[520705.01713351544,5663002.343186585],[520705.01713351544,5662972.297663065],[520615.01713351544,5662852.115568982]]",3b959359867fcb2b45b92315bf9568b79d943432b1b3c27e35f71a092ea0c61e,72fc14078f9ff1ecbafff01bab647b3a0773e563964e6907afde3e4f931ea7ee,f2ae84628195f3274e4ed3abd944d3081a97030b2c4bc1ea397896bc71b3b6b4,498084916,null,4105,499.7570332883042,matched_prior_exact,0,stationary,1,"{""fraction"":0.75,""k"":1,""stage"":""c7-timing""}",1afd6aad4615879250c18a49e0765e646d736ba5546c63af535ab9149ba3f9ac,0.7692596520306288,9431,9432,1.0091689166963658,none,0.007843088360423023,True,revision_C_base@712b395,712b395,5ede81cb5815049fe381f461ce5502b4a13d3d3945ab77c4b78242c6d10572b8,c7-timing_20260911_041506_496602_705c3cf8,705c3cf8d1b3a80735499262310009dc0b3cd9c5e151de83f16ab60a82062b6e,none,none,none,evidence,revision_B_base,revision_B_base,0.5,0.8,10000.0,none,5,200000.0,xlarge,45.0,80.0,5.0,0.5,1.0
1,44,online_static_3step,online_static_3step,midflight_failure,[4],c4_frozen,2798862237,0.75,6657,150009.77659134433,6657.0,[],[],True,0,0.0,0,0.26831778755895386,7750.532817952011,7750.532817952011,5663.88129114015,0.2685862041664527,0.22556682758087285,0.04275095997808101,0.055202903879411784,21.21402037147993,0.9528613632640611,9431,9432,0.2475982060531215,6688.891412420569,0.8360069256868603,200013.1779627,1.0000658898135,budget_exhausted,5.000000000225951,True,True,True,"[[520705.01713351544,5662942.252139544],[520585.01713351544,5662972.297663065],[520705.01713351544,5663002.343186585],[520705.01713351544,5662972.297663065],[520615.01713351544,5662852.115568982]]",3b959359867fcb2b45b92315bf9568b79d943432b1b3c27e35f71a092ea0c61e,0bef54112e4e6bdde197ca02638b8bc4bc004ce0b0bae1c26c57f167b735f34b,1b311a1bb75f6961ee19c2f32a7c4e1196cfa90ce4ded180ce99b199f54f3079,498084916,null,4801,532.6638717023307,matched_prior_exact,0,stationary,1,"{""fraction"":0.75,""k"":1,""stage"":""c7-timing""}",1afd6aad4615879250c18a49e0765e646d736ba5546c63af535ab9149ba3f9ac,0.8217273980016976,9431,9432,1.0309543040379423,none,0.004066670237825365,True,revision_C_base@712b395,712b395,5ede81cb5815049fe381f461ce5502b4a13d3d3945ab77c4b78242c6d10572b8,c7-timing_20260911_041506_496602_705c3cf8,705c3cf8d1b3a80735499262310009dc0b3cd9c5e151de83f16ab60a82062b6e,none,none,none,evidence,revision_B_base,revision_B_base,0.5,0.8,10000.0,none,5,200000.0,xlarge,45.0,80.0,5.0,0.5,1.0
1,44,pizza_replan_midflight,pizza_replan,midflight_failure,[4],c4_frozen,2798862237,0.75,6010,150012.98343518606,6010.0,[],[],True,0,0.0,0,0.2984764795168867,7566.906127091948,6922.206011767829,5118.319188222125,0.2987852223115831,0.26276604354763916,0.035710435969247556,0.04843840365287775,12.123639804447247,0.9175165201103075,8512,8513,0.29023996680695574,6560.909416575323,0.8200111756749561,200015.39498265614,1.0000769749132807,budget_exhausted,5.00000000090993,True,True,True,"[[520705.01713351544,5662942.252139544],[520585.01713351544,5662972.297663065],[520705.01713351544,5663002.343186585],[520705.01713351544,5662972.297663065],[520615.01713351544,5662852.115568982]]",3b959359867fcb2b45b92315bf9568b79d943432b1b3c27e35f71a092ea0c61e,65b1284f7c4049036beaa8860e642823d84a8c4a8e29ba0029555e3ff893bb7f,e34bf1545431b6012dd08096040256ca01e7fe4303a89395064e18efa7392839,498084916,"{""assignment"":{""0"":[3,""forward""],""1"":[1,""forward""],""2"":[2,""forward""],""3"":[0,""forward""]},""assignment_cost"":4533.590010734925,""deadhead_fraction_remaining_budget"":0.09069535095891555,""deadhead_per_drone"":{""0"":1.1599820625607924,""1"":8.944368223676634,""2"":3263.1446528467245,""3"":1260.3410076019638},""deadhead_total"":4533.590010734925,""empty_sectors"":0,""generator"":""generate_pizza_zigzag_path(overlap=0.0, path_point_spacing_m=10.0, border_gap_m=0.0)"",""num_sectors"":4,""orientations_per_sector"":{""0"":""forward"",""1"":""forward"",""2"":""forward"",""3"":""forward""},""prefix_removed_total"":10551,""route_length_after_replan"":{""0"":1136464.0734640406,""1"":1137580.9562671634,""2"":1137007.421854752,""3"":1170341.904710847},""search_inactive_uav_ids"":[],""suffix_removed_total"":0,""survivor_ids"":[0,1,2,3],""task_splits"":0}",0,0.0,matched_prior_exact,0,stationary,1,"{""fraction"":0.75,""k"":1,""stage"":""c7-timing""}",1afd6aad4615879250c18a49e0765e646d736ba5546c63af535ab9149ba3f9ac,0.8022589193269666,9431,9432,0.9278060819566444,none,0.013829951403958152,True,revision_C_base@712b395,712b395,5ede81cb5815049fe381f461ce5502b4a13d3d3945ab77c4b78242c6d10572b8,c7-timing_20260911_041506_496602_705c3cf8,705c3cf8d1b3a80735499262310009dc0b3cd9c5e151de83f16ab60a82062b6e,none,none,none,evidence,revision_B_base,revision_B_base,0.5,0.8,10000.0,none,5,200000.0,xlarge,45.0,80.0,5.0,0.5,1.0
1,44,pizza_fixed_midflight,pizza_fixed,midflight_failure,[4],c4_frozen,2798862237,0.75,6010,150012.98343518606,6010.0,[],[],True,0,0.0,0,0.32691128262192315,7496.705319183519,6877.463699195713,5118.319188222125,0.3272976071376365,0.26276604354763916,0.06414523907428399,0.08700798235468821,10.979148814624393,0.90891825797388,8511,8512,0.31545434879198564,6530.519175596346,0.8162128703407506,200001.73868767064,1.0000086934383532,budget_exhausted,5.00000000090993,True,True,True,"[[520705.01713351544,5662942.252139544],[520585.01713351544,5662972.297663065],[520705.01713351544,5663002.343186585],[520705.01713351544,5662972.297663065],[520615.01713351544,5662852.115568982]]",3b959359867fcb2b45b92315bf9568b79d943432b1b3c27e35f71a092ea0c61e,f64d50330547ebad9085e514854decf713514de55b4af929a9098b06da43c64b,e34bf1545431b6012dd08096040256ca01e7fe4303a89395064e18efa7392839,498084916,null,0,0.0,matched_prior_exact,0,stationary,1,"{""fraction"":0.75,""k"":1,""stage"":""c7-timing""}",1afd6aad4615879250c18a49e0765e646d736ba5546c63af535ab9149ba3f9ac,0.7948160855792535,9431,9432,1.0161949000732151,none,0.0063871176562451115,True,revision_C_base@712b395,712b395,5ede81cb5815049fe381f461ce5502b4a13d3d3945ab77c4b78242c6d10572b8,c7-timing_20260911_041506_496602_705c3cf8,705c3cf8d1b3a80735499262310009dc0b3cd9c5e151de83f16ab60a82062b6e,none,none,none,evidence,revision_B_base,revision_B_base,0.5,0.8,10000.0,none,5,200000.0,xlarge,45.0,80.0,5.0,0.5,1.0
1,44,random_uniform_n8_uncoordinated,random_uniform_n8_uncoordinated,midflight_failure,[4],c4_frozen,2798862237,0.75,6000,150000.0,6000.0,[],[],True,0,0.0,0,0.015207908979958787,9336.445312972568,8419.603876233099,5955.0438781328685,0.015230920046633243,0.013381438267803584,0.001826470712155203,0.0018512430061608475,386.75380710659897,0.9974143758080075,8500,8501,0.015116880087884315,7927.188673715353,0.9907747373722475,200000.0,1.0,budget_exhausted,5.000000000465438,True,True,True,"[[520705.01713351544,5662942.252139544],[520585.01713351544,5662972.297663065],[520705.01713351544,5663002.343186585],[520705.01713351544,5662972.297663065],[520615.01713351544,5662852.115568982]]",3b959359867fcb2b45b92315bf9568b79d943432b1b3c27e35f71a092ea0c61e,44f870ea669ce8b48b8704626cf9f833b0ff10160c551111cde121d95c6974d9,aae5787dc4a83e82e2b6aaddfecdb37b63f4dd61caa9919a81e478ce72d89ecc,498084916,null,8500,0.0,matched_prior_exact,0,stationary,1,"{""fraction"":0.75,""k"":1,""stage"":""c7-timing""}",1afd6aad4615879250c18a49e0765e646d736ba5546c63af535ab9149ba3f9ac,0.9898690959470492,9431,9432,0.9046501374571139,none,0.0007499295844269893,True,revision_C_base@712b395,712b395,5ede81cb5815049fe381f461ce5502b4a13d3d3945ab77c4b78242c6d10572b8,c7-timing_20260911_041506_496602_705c3cf8,705c3cf8d1b3a80735499262310009dc0b3cd9c5e151de83f16ab60a82062b6e,none,none,none,evidence,revision_B_base,revision_B_base,0.5,0.8,10000.0,none,5,200000.0,xlarge,45.0,80.0,5.0,0.5,1.0
1,45,dynamic_evidence_3step,dynamic_3step,midflight_failure,[0],c4_frozen,1638234634,0.25,2129,50010.387634489605,2129.0,[],[],True,0,0.0,0,0.33528207085642614,8347.366504363961,8063.531948619797,1991.1592811403898,0.33555123780449125,0.1144927856249495,0.22078928523147665,0.24933651770110013,13.57706525233044,0.9263463803542997,10083,10084,0.2982670548031917,6643.011470312699,0.830272649707874,200002.90597485256,1.0000145298742629,budget_exhausted,5.000000000155922,True,True,True,"[[520585.01713351544,5662882.161092503],[520675.01713351544,5662822.070045462],[520585.01713351544,5662912.206616024],[520675.01713351544,5662852.115568982],[520585.01713351544,5662942.252139544]]",1b4c81a4155d247c0780659c994bcaad89ba7496050ee134f1a379251ebddddb,dd6c46735329977d25f666afe6e0a19e8c350a9994e4d50ea3329b1e9d63fb50,0e129b7dd5892a7650fbae148a91a15bd6390761d857f8241c73d6cbda58d2d0,2675218570,null,4228,984.3753860593715,matched_prior_exact,0,stationary,1,"{""fraction"":0.25,""k"":1,""stage"":""c7-timing""}",afb392704cd91dc121192dd93c7aa1904370ee07844253dff5b4afaa9642f3ae,0.7941553138962955,10510,10511,1.011160392742891,none,0.0037091794113014442,True,revision_C_base@712b395,712b395,5ede81cb5815049fe381f461ce5502b4a13d3d3945ab77c4b78242c6d10572b8,c7-timing_20260911_041506_496602_705c3cf8,705c3cf8d1b3a80735499262310009dc0b3cd9c5e151de83f16ab60a82062b6e,none,none,none,evidence,revision_B_base,revision_B_base,0.5,0.8,10000.0,none,5,200000.0,xlarge,45.0,80.0,5.0,0.5,1.0
1,45,online_static_3step,online_static_3step,midflight_failure,[0],c4_frozen,1638234634,0.25,2178,50018.6345861805,2178.0,[],[],True,0,0.0,0,0.2730836384848964,8689.893441140053,8689.893441140053,2030.337072641718,0.27337679742161475,0.11334916388803445,0.15973447459686196,0.18015487956601986,20.733396026801458,0.9517686345880179,10510,10511,0.2350918028175566,6819.352762230174,0.8523125562092456,200015.165866817,1.000075829334085,budget_exhausted,5.000000000155922,True,True,True,"[[520585.01713351544,5662882.161092503],[520675.01713351544,5662822.070045462],[520585.01713351544,5662912.206616024],[520675.01713351544,5662852.115568982],[520585.01713351544,5662942.252139544]]",1b4c81a4155d247c0780659c994bcaad89ba7496050ee134f1a379251ebddddb,b454de1e64251ac32f014c1ca5db6d183a26c40c2067c3b18603a65c53c74841,f336fa9bf7c827b3d3a9f9cd2529f485a55a461d284a529e314e19cce8591578,2675218570,null,4781,916.064005855791,matched_prior_exact,0,stationary,1,"{""fraction"":0.25,""k"":1,""stage"":""c7-timing""}",afb392704cd91dc121192dd93c7aa1904370ee07844253dff5b4afaa9642f3ae,0.8267427876643567,10510,10511,1.1034531804538896,none,-0.00662250325010183,True,revision_C_base@712b395,712b395,5ede81cb5815049fe381f461ce5502b4a13d3d3945ab77c4b78242c6d10572b8,c7-timing_20260911_041506_496602_705c3cf8,705c3cf8d1b3a80735499262310009dc0b3cd9c5e151de83f16ab60a82062b6e,none,none,none,evidence,revision_B_base,revision_B_base,0.5,0.8,10000.0,none,5,200000.0,xlarge,45.0,80.0,5.0,0.5,1.0
1,45,pizza_replan_midflight,pizza_replan,midflight_failure,[0],c4_frozen,1638234634,0.25,2006,50001.863801351,2006.0,[],[],True,0,0.0,0,0.31095163177710833,8461.925923560728,7774.944700442691,1887.6537214291875,0.31132288868312735,0.11404559872560027,0.19690603305150806,0.2222530107286209,11.570665261890428,0.9135745458566124,9513,9514,0.27663421148915734,6707.526578651501,0.8383360303276467,200011.67236673387,1.0000583618336694,budget_exhausted,5.000000000889049,True,True,True,"[[520585.01713351544,5662882.161092503],[520675.01713351544,5662822.070045462],[520585.01713351544,5662912.206616024],[520675.01713351544,5662852.115568982],[520585.01713351544,5662942.252139544]]",1b4c81a4155d247c0780659c994bcaad89ba7496050ee134f1a379251ebddddb,4edd5a3dbb216ace7a720e5776bb60b6bd219c1dba56ef24e57215eb68f8a6a9,0f7efbded41176cc7a422a161bdc9a7f94b3bb69726973ab26ef9754f6adafc5,2675218570,"{""assignment"":{""1"":[3,""forward""],""2"":[1,""forward""],""3"":[0,""forward""],""4"":[2,""forward""]},""assignment_cost"":1163.3659538448649,""deadhead_fraction_remaining_budget"":0.0077558693949648086,""deadhead_per_drone"":{""1"":644.5258932263889,""2"":95.74415250086464,""3"":12.194891812791782,""4"":410.90101630481956},""deadhead_total"":1163.3659538448649,""empty_sectors"":0,""generator"":""generate_pizza_zigzag_path(overlap=0.0, path_point_spacing_m=10.0, border_gap_m=0.0)"",""num_sectors"":4,""orientations_per_sector"":{""1"":""forward"",""2"":""forward"",""3"":""forward"",""4"":""forward""},""prefix_removed_total"":3550,""route_length_after_replan"":{""1"":1170085.3174933847,""2"":1161303.1826265266,""3"":1161061.395530913,""4"":1161303.1826265343},""search_inactive_uav_ids"":[],""suffix_removed_total"":0,""survivor_ids"":[1,2,3,4],""task_splits"":0}",0,0.0,matched_prior_exact,0,stationary,1,"{""fraction"":0.25,""k"":1,""stage"":""c7-timing""}",afb392704cd91dc121192dd93c7aa1904370ee07844253dff5b4afaa9642f3ae,0.8050543167691683,10510,10511,0.9668046076439779,none,0.016275459081079746,True,revision_C_base@712b395,712b395,5ede81cb5815049fe381f461ce5502b4a13d3d3945ab77c4b78242c6d10572b8,c7-timing_20260911_041506_496602_705c3cf8,705c3cf8d1b3a80735499262310009dc0b3cd9c5e151de83f16ab60a82062b6e,none,none,none,evidence,revision_B_base,revision_B_base,0.5,0.8,10000.0,none,5,200000.0,xlarge,45.0,80.0,5.0,0.5,1.0
1,45,pizza_fixed_midflight,pizza_fixed,midflight_failure,[0],c4_frozen,1638234634,0.25,2006,50001.863801351,2006.0,[],[],True,0,0.0,0,0.3340281793622459,8278.34525389982,7614.371348724103,1887.6537214291875,0.3344578574980275,0.11404559872560027,0.2199825806366456,0.24830011603329924,10.929764697519015,0.9085067219949398,9513,9514,0.30248685168308875,6583.652857644559,0.822853750486759,200017.0247601852,1.0000851238009258,budget_exhausted,5.00000000089913,True,True,True,"[[520585.01713351544,5662882.161092503],[520675.01713351544,5662822.070045462],[520585.01713351544,5662912.206616024],[520675.01713351544,5662852.115568982],[520585.01713351544,5662942.252139544]]",1b4c81a4155d247c0780659c994bcaad89ba7496050ee134f1a379251ebddddb,610f32b48aebc940b3ea4a2cab42a28b8fa121c99d695a46cc8827f047e998e1,0f7efbded41176cc7a422a161bdc9a7f94b3bb69726973ab26ef9754f6adafc5,2675218570,null,0,0.0,matched_prior_exact,0,stationary,1,"{""fraction"":0.25,""k"":1,""stage"":""c7-timing""}",afb392704cd91dc121192dd93c7aa1904370ee07844253dff5b4afaa9642f3ae,0.7875887407382571,10510,10511,1.0385537488410204,none,-0.001190116949831399,True,revision_C_base@712b395,712b395,5ede81cb5815049fe381f461ce5502b4a13d3d3945ab77c4b78242c6d10572b8,c7-timing_20260911_041506_496602_705c3cf8,705c3cf8d1b3a80735499262310009dc0b3cd9c5e151de83f16ab60a82062b6e,none,none,none,evidence,revision_B_base,revision_B_base,0.5,0.8,10000.0,none,5,200000.0,xlarge,45.0,80.0,5.0,0.5,1.0
1,45,random_uniform_n8_uncoordinated,random_uniform_n8_uncoordinated,midflight_failure,[0],c4_frozen,1638234634,0.25,2000,50000.0,2000.0,[],[],True,0,0.0,0,0.023297250909683292,10351.828128789672,9365.358352208586,1993.88541132858,0.023325111925865654,0.006744014344614078,0.016553236565069213,0.01666562981158054,243.04792332268372,0.9958855850882036,9500,9501,0.022905215951154405,7899.880230609675,0.9873616086251312,200000.0,1.0,budget_exhausted,5.000000000464986,True,True,True,"[[520585.01713351544,5662882.161092503],[520675.01713351544,5662822.070045462],[520585.01713351544,5662912.206616024],[520675.01713351544,5662852.115568982],[520585.01713351544,5662942.252139544]]",1b4c81a4155d247c0780659c994bcaad89ba7496050ee134f1a379251ebddddb,fbefdbb7a3fe91a0b002ae786d65030367623b2deab42e20e8fe1a695f001013,b96357a1fe5526bd1bb1d2bc8d4cf4c0151a62b809bec76e7583c8015fa5d3ce,2675218570,null,9500,0.0,matched_prior_exact,0,stationary,1,"{""fraction"":0.25,""k"":1,""stage"":""c7-timing""}",afb392704cd91dc121192dd93c7aa1904370ee07844253dff5b4afaa9642f3ae,0.9848566386442462,10510,10511,0.9985985914966802,none,-0.00016301356181103177,True,revision_C_base@712b395,712b395,5ede81cb5815049fe381f461ce5502b4a13d3d3945ab77c4b78242c6d10572b8,c7-timing_20260911_041506_496602_705c3cf8,705c3cf8d1b3a80735499262310009dc0b3cd9c5e151de83f16ab60a82062b6e,none,none,none,evidence,revision_B_base,revision_B_base,0.5,0.8,10000.0,none,5,200000.0,xlarge,45.0,80.0,5.0,0.5,1.0
1,45,dynamic_evidence_3step,dynamic_3step,midflight_failure,[0],c4_frozen,1638234634,0.5,4252,100012.7871167682,4252.0,[],[],True,0,0.0,0,0.35128735734111527,7848.297384373067,7618.0043962289865,3777.266786749523,0.3515711372665809,0.19911941049387727,0.152167946847238,0.19000079267881254,12.8973598113064,0.9224647513421037,9579,9580,0.3132315175048134,6565.260017541249,0.8205549328260529,200003.88185711944,1.0000194092855972,budget_exhausted,5.0000000002714575,True,True,True,"[[520585.01713351544,5662882.161092503],[520675.01713351544,5662822.070045462],[520585.01713351544,5662912.206616024],[520675.01713351544,5662852.115568982],[520585.01713351544,5662942.252139544]]",1b4c81a4155d247c0780659c994bcaad89ba7496050ee134f1a379251ebddddb,5e0db12adf1c76c79273a40fa21a184b3aa38f54bbc054c3f1e4625c16e558ed,1708591aa33cc30cfe68e53d308b158cbb8d4b4d17471c99e9e49f7fdd5f6ef1,2675218570,null,4222,504.4649541521794,matched_prior_exact,0,stationary,1,"{""fraction"":0.5,""k"":1,""stage"":""c7-timing""}",e48f7e450930aa2cad23001d8a223a0347fc2e867d4f90039ce62228ac53c328,0.7899645077376011,9934,9935,1.0594299340472662,none,-0.0004816267473929381,True,revision_C_base@712b395,712b395,5ede81cb5815049fe381f461ce5502b4a13d3d3945ab77c4b78242c6d10572b8,c7-timing_20260911_041506_496602_705c3cf8,705c3cf8d1b3a80735499262310009dc0b3cd9c5e151de83f16ab60a82062b6e,none,none,none,evidence,revision_B_base,revision_B_base,0.5,0.8,10000.0,none,5,200000.0,xlarge,45.0,80.0,5.0,0.5,1.0
1,45,online_static_3step,online_static_3step,midflight_failure,[0],c4_frozen,1638234634,0.5,4380,100022.04066811764,4380.0,[],[],True,0,0.0,0,0.26510948152336083,8268.99870823662,8268.99870823662,3923.2541964701763,0.2653982990039926,0.16483304671752366,0.10027643480583717,0.12006753190091914,21.739006916996047,0.9539997386348786,9934,9935,0.23508577421587634,6819.271422890573,0.8523023900625638,200001.71491908186,1.0000085745954093,budget_exhausted,5.000000000155922,True,True,True,"[[520585.01713351544,5662882.161092503],[520675.01713351544,5662822.070045462],[520585.01713351544,5662912.206616024],[520675.01713351544,5662852.115568982],[520585.01713351544,5662942.252139544]]",1b4c81a4155d247c0780659c994bcaad89ba7496050ee134f1a379251ebddddb,11c43daae4466c24bc110d8e0b7bc4a0a08b5ecaa7e13396dac4a3dcfbc2990b,cf1542152ce631d677338d33b1e1ba7d9e827065c90689352ff82cba9214fa1f,2675218570,null,4701,519.4435448086006,matched_prior_exact,0,stationary,1,"{""fraction"":0.5,""k"":1,""stage"":""c7-timing""}",e48f7e450930aa2cad23001d8a223a0347fc2e867d4f90039ce62228ac53c328,0.8323098850766604,9934,9935,1.0712318840427844,none,-0.0010554058377981734,True,revision_C_base@712b395,712b395,5ede81cb5815049fe381f461ce5502b4a13d3d3945ab77c4b78242c6d10572b8,c7-timing_20260911_041506_496602_705c3cf8,705c3cf8d1b3a80735499262310009dc0b3cd9c5e151de83f16ab60a82062b6e,none,none,none,evidence,revision_B_base,revision_B_base,0.5,0.8,10000.0,none,5,200000.0,xlarge,45.0,80.0,5.0,0.5,1.0
1,45,pizza_replan_midflight,pizza_replan,midflight_failure,[0],c4_frozen,1638234634,0.5,4008,100002.05530451995,4008.0,[],[],True,0,0.0,0,0.2946630122147002,8007.925516719492,7357.604813981232,3574.9629351106605,0.2949818401762276,0.195030779827007,0.0996322323876932,0.1237714808105105,12.50943396226415,0.9200603318250377,9012,9013,0.2740541351026247,6632.910723908267,0.8290102142117569,200008.22791942832,1.0000411395971416,budget_exhausted,5.000000000901357,True,True,True,"[[520585.01713351544,5662882.161092503],[520675.01713351544,5662822.070045462],[520585.01713351544,5662912.206616024],[520675.01713351544,5662852.115568982],[520585.01713351544,5662942.252139544]]",1b4c81a4155d247c0780659c994bcaad89ba7496050ee134f1a379251ebddddb,6d8d60a3538f7ac4f215710755e93d30533d2a0f60945329e4f9a972cbb19e7f,387965144a872d525e7c9331cb19cb82b7467f6edda2fd3ade0d369078c7a1c8,2675218570,"{""assignment"":{""1"":[3,""forward""],""2"":[1,""forward""],""3"":[0,""forward""],""4"":[2,""forward""]},""assignment_cost"":974.4184664335028,""deadhead_fraction_remaining_budget"":0.009744384941119164,""deadhead_per_drone"":{""1"":927.9619914020955,""2"":27.983244205167342,""3"":10.888800232361113,""4"":7.584430593878848},""deadhead_total"":974.4184664335028,""empty_sectors"":0,""generator"":""generate_pizza_zigzag_path(overlap=0.0, path_point_spacing_m=10.0, border_gap_m=0.0)"",""num_sectors"":4,""orientations_per_sector"":{""1"":""forward"",""2"":""forward"",""3"":""forward"",""4"":""forward""},""prefix_removed_total"":6994,""route_length_after_replan"":{""1"":1170085.3174933847,""2"":1149299.7435968432,""3"":1148866.5408092206,""4"":1149763.1698347921},""search_inactive_uav_ids"":[],""suffix_removed_total"":0,""survivor_ids"":[1,2,3,4],""task_splits"":0}",0,0.0,matched_prior_exact,0,stationary,1,"{""fraction"":0.5,""k"":1,""stage"":""c7-timing""}",e48f7e450930aa2cad23001d8a223a0347fc2e867d4f90039ce62228ac53c328,0.8060317580995966,9934,9935,0.9161603567838178,none,0.017252900411508065,True,revision_C_base@712b395,712b395,5ede81cb5815049fe381f461ce5502b4a13d3d3945ab77c4b78242c6d10572b8,c7-timing_20260911_041506_496602_705c3cf8,705c3cf8d1b3a80735499262310009dc0b3cd9c5e151de83f16ab60a82062b6e,none,none,none,evidence,revision_B_base,revision_B_base,0.5,0.8,10000.0,none,5,200000.0,xlarge,45.0,80.0,5.0,0.5,1.0
1,45,pizza_fixed_midflight,pizza_fixed,midflight_failure,[0],c4_frozen,1638234634,0.5,4008,100002.05530451995,4008.0,[],[],True,0,0.0,0,0.3315176252360288,7851.905190194055,7235.564440661504,3574.9629351106605,0.3319246599526617,0.195030779827007,0.13648684540902178,0.16955535937099545,10.956100342075256,0.9087266482801686,9012,9013,0.3095726461274477,6548.04450472562,0.8184032626828671,200002.9088194972,1.0000145440974861,budget_exhausted,5.00000000089913,True,True,True,"[[520585.01713351544,5662882.161092503],[520675.01713351544,5662822.070045462],[520585.01713351544,5662912.206616024],[520675.01713351544,5662852.115568982],[520585.01713351544,5662942.252139544]]",1b4c81a4155d247c0780659c994bcaad89ba7496050ee134f1a379251ebddddb,53f9c73fe18044f2cca95c9c2f06b336b257f58a297b847fab4ad5e435889f62,387965144a872d525e7c9331cb19cb82b7467f6edda2fd3ade0d369078c7a1c8,2675218570,null,0,0.0,matched_prior_exact,0,stationary,1,"{""fraction"":0.5,""k"":1,""stage"":""c7-timing""}",e48f7e450930aa2cad23001d8a223a0347fc2e867d4f90039ce62228ac53c328,0.7903276487361908,9934,9935,1.0307479840566562,none,0.0015487910481022382,True,revision_C_base@712b395,712b395,5ede81cb5815049fe381f461ce5502b4a13d3d3945ab77c4b78242c6d10572b8,c7-timing_20260911_041506_496602_705c3cf8,705c3cf8d1b3a80735499262310009dc0b3cd9c5e151de83f16ab60a82062b6e,none,none,none,evidence,revision_B_base,revision_B_base,0.5,0.8,10000.0,none,5,200000.0,xlarge,45.0,80.0,5.0,0.5,1.0
1,45,random_uniform_n8_uncoordinated,random_uniform_n8_uncoordinated,midflight_failure,[0],c4_frozen,1638234634,0.5,4000,100000.0,4000.0,[],[],True,0,0.0,0,0.023134911293202838,9787.573951782295,8875.181958930061,3974.5995443633765,0.023164090858056638,0.01312575255614132,0.010009158737061518,0.010142283845167334,247.91530944625407,0.995966364472474,9000,9001,0.023042173968851623,7898.2509799300315,0.9871579777440359,200000.0,1.0,budget_exhausted,5.000000000464986,True,True,True,"[[520585.01713351544,5662882.161092503],[520675.01713351544,5662822.070045462],[520585.01713351544,5662912.206616024],[520675.01713351544,5662852.115568982],[520585.01713351544,5662942.252139544]]",1b4c81a4155d247c0780659c994bcaad89ba7496050ee134f1a379251ebddddb,327172c17d621e9d92577382364d42e34faa9881605716b917c59869d9c19d63,b223622ebed325b6141e236e84cefdd7e2f8c9d4c9877b0aa927d9149e41c03f,2675218570,null,9000,0.0,matched_prior_exact,0,stationary,1,"{""fraction"":0.5,""k"":1,""stage"":""c7-timing""}",e48f7e450930aa2cad23001d8a223a0347fc2e867d4f90039ce62228ac53c328,0.9851609412966578,9934,9935,0.9916401691064181,none,0.00014128909060051598,True,revision_C_base@712b395,712b395,5ede81cb5815049fe381f461ce5502b4a13d3d3945ab77c4b78242c6d10572b8,c7-timing_20260911_041506_496602_705c3cf8,705c3cf8d1b3a80735499262310009dc0b3cd9c5e151de83f16ab60a82062b6e,none,none,none,evidence,revision_B_base,revision_B_base,0.5,0.8,10000.0,none,5,200000.0,xlarge,45.0,80.0,5.0,0.5,1.0
1,45,dynamic_evidence_3step,dynamic_3step,midflight_failure,[0],c4_frozen,1638234634,0.75,6375,150018.34480000712,6375.0,[],[],True,0,0.0,0,0.33665015082399036,7474.699886399675,7251.8143370766575,5404.011576560197,0.3368978536357595,0.2659762165651952,0.07067393425879515,0.09628289417010741,13.689864700640038,0.9269532590812788,9022,9023,0.31040642357117265,6560.195970880426,0.8199220061092896,200009.91201614626,1.0000495600807313,budget_exhausted,5.00000000023012,True,True,True,"[[520585.01713351544,5662882.161092503],[520675.01713351544,5662822.070045462],[520585.01713351544,5662912.206616024],[520675.01713351544,5662852.115568982],[520585.01713351544,5662942.252139544]]",1b4c81a4155d247c0780659c994bcaad89ba7496050ee134f1a379251ebddddb,2208e31b0115e32fd290d2de281d8707038433050ada58b01141470d3c1d49a6,824b5b2e704b259eda3cc78bd2ffeff5ddf0a970b1ab7f9c4359ea15f2767bd3,2675218570,null,4090,789.8999596829526,matched_prior_exact,0,stationary,1,"{""fraction"":0.75,""k"":1,""stage"":""c7-timing""}",1afd6aad4615879250c18a49e0765e646d736ba5546c63af535ab9149ba3f9ac,0.7986643750827733,9358,9359,1.015286316547204,none,0.008218240597779314,True,revision_C_base@712b395,712b395,5ede81cb5815049fe381f461ce5502b4a13d3d3945ab77c4b78242c6d10572b8,c7-timing_20260911_041506_496602_705c3cf8,705c3cf8d1b3a80735499262310009dc0b3cd9c5e151de83f16ab60a82062b6e,none,none,none,evidence,revision_B_base,revision_B_base,0.5,0.8,10000.0,none,5,200000.0,xlarge,45.0,80.0,5.0,0.5,1.0
1,45,online_static_3step,online_static_3step,midflight_failure,[0],c4_frozen,1638234634,0.75,6586,150018.86135305016,6586.0,[],[],True,0,0.0,0,0.2566964859236935,7843.344862992716,7843.344862992716,5719.196328663835,0.256970711531854,0.20694939304137208,0.0497470928823214,0.06272877474125257,22.84068149304201,0.9562184692122855,9358,9359,0.23508483800190627,6819.329835002749,0.8523096906640106,200003.6033640088,1.000018016820044,budget_exhausted,5.000000000155922,True,True,True,"[[520585.01713351544,5662882.161092503],[520675.01713351544,5662822.070045462],[520585.01713351544,5662912.206616024],[520675.01713351544,5662852.115568982],[520585.01713351544,5662942.252139544]]",1b4c81a4155d247c0780659c994bcaad89ba7496050ee134f1a379251ebddddb,44687ab6b301e5fbb70ba542aad37e2c15e0985887de006feb669ad369c1c4c9,2a4d7da7075fceb5b82d7c9ec0c0222f2e892a280b98f77d5c95b76eae1025c4,2675218570,null,4268,446.2586794855888,matched_prior_exact,0,stationary,1,"{""fraction"":0.75,""k"":1,""stage"":""c7-timing""}",1afd6aad4615879250c18a49e0765e646d736ba5546c63af535ab9149ba3f9ac,0.8380537304191383,9358,9359,1.0372373657219405,none,0.004688439504679787,True,revision_C_base@712b395,712b395,5ede81cb5815049fe381f461ce5502b4a13d3d3945ab77c4b78242c6d10572b8,c7-timing_20260911_041506_496602_705c3cf8,705c3cf8d1b3a80735499262310009dc0b3cd9c5e151de83f16ab60a82062b6e,none,none,none,evidence,revision_B_base,revision_B_base,0.5,0.8,10000.0,none,5,200000.0,xlarge,45.0,80.0,5.0,0.5,1.0
1,45,pizza_replan_midflight,pizza_replan,midflight_failure,[0],c4_frozen,1638234634,0.75,6010,150007.94714526428,6010.0,[],[],True,0,0.0,0,0.3025927780218503,7506.762938545767,6916.756428752185,5118.3336986693075,0.30294044180619206,0.2627279515671786,0.03986482645467171,0.054070714520386566,12.114580869016638,0.9174548413344182,8512,8513,0.2944509510202533,6557.6458033064555,0.8196032750039315,200006.75913431426,1.0000337956715712,budget_exhausted,5.0000000008970575,True,True,True,"[[520585.01713351544,5662882.161092503],[520675.01713351544,5662822.070045462],[520585.01713351544,5662912.206616024],[520675.01713351544,5662852.115568982],[520585.01713351544,5662942.252139544]]",1b4c81a4155d247c0780659c994bcaad89ba7496050ee134f1a379251ebddddb,9862100a1c5a8a474364cf1888142ba21c8d265a5d5072d7856083642de82970,033d5867f6ba299ae3d016e5a1d5757c2cafe564e235a3106ed06eb5e012a62d,2675218570,"{""assignment"":{""1"":[2,""forward""],""2"":[0,""forward""],""3"":[3,""forward""],""4"":[1,""forward""]},""assignment_cost"":4050.7241168975424,""deadhead_fraction_remaining_budget"":0.08102736106212569,""deadhead_per_drone"":{""1"":2055.004680856083,""2"":437.43515653253615,""3"":1554.5872575562278,""4"":3.6970219526958847},""deadhead_total"":4050.7241168975424,""empty_sectors"":0,""generator"":""generate_pizza_zigzag_path(overlap=0.0, path_point_spacing_m=10.0, border_gap_m=0.0)"",""num_sectors"":4,""orientations_per_sector"":{""1"":""forward"",""2"":""forward"",""3"":""forward"",""4"":""forward""},""prefix_removed_total"":10457,""route_length_after_replan"":{""1"":1137007.421854752,""2"":1137671.5143322977,""3"":1170085.3174933847,""4"":1137570.8942599283},""search_inactive_uav_ids"":[],""suffix_removed_total"":0,""survivor_ids"":[1,2,3,4],""task_splits"":0}",0,0.0,matched_prior_exact,0,stationary,1,"{""fraction"":0.75,""k"":1,""stage"":""c7-timing""}",1afd6aad4615879250c18a49e0765e646d736ba5546c63af535ab9149ba3f9ac,0.8020902808575453,9358,9359,0.9408154263715722,none,0.01331142316945677,True,revision_C_base@712b395,712b395,5ede81cb5815049fe381f461ce5502b4a13d3d3945ab77c4b78242c6d10572b8,c7-timing_20260911_041506_496602_705c3cf8,705c3cf8d1b3a80735499262310009dc0b3cd9c5e151de83f16ab60a82062b6e,none,none,none,evidence,revision_B_base,revision_B_base,0.5,0.8,10000.0,none,5,200000.0,xlarge,45.0,80.0,5.0,0.5,1.0
1,45,pizza_fixed_midflight,pizza_fixed,midflight_failure,[0],c4_frozen,1638234634,0.75,6010,150007.94714526428,6010.0,[],[],True,0,0.0,0,0.3268468271252255,7447.79070144828,6878.303117196206,5118.3336986693075,0.32725107599495806,0.2627279515671786,0.0641188755580469,0.08696772879745118,10.974512743628186,0.908879781420765,8512,8513,0.3153843942243449,6530.652744605203,0.8162295643801029,200011.524705632,1.00005762352816,budget_exhausted,5.0000000008970575,True,True,True,"[[520585.01713351544,5662882.161092503],[520675.01713351544,5662822.070045462],[520585.01713351544,5662912.206616024],[520675.01713351544,5662852.115568982],[520585.01713351544,5662942.252139544]]",1b4c81a4155d247c0780659c994bcaad89ba7496050ee134f1a379251ebddddb,571935c16a55df2ca6e43ed2439975217b2faf7ad59ca48eca317801590e100f,033d5867f6ba299ae3d016e5a1d5757c2cafe564e235a3106ed06eb5e012a62d,2675218570,null,0,0.0,matched_prior_exact,0,stationary,1,"{""fraction"":0.75,""k"":1,""stage"":""c7-timing""}",1afd6aad4615879250c18a49e0765e646d736ba5546c63af535ab9149ba3f9ac,0.7957891549789806,9358,9359,1.0162256317889045,none,0.007010297290892087,True,revision_C_base@712b395,712b395,5ede81cb5815049fe381f461ce5502b4a13d3d3945ab77c4b78242c6d10572b8,c7-timing_20260911_041506_496602_705c3cf8,705c3cf8d1b3a80735499262310009dc0b3cd9c5e151de83f16ab60a82062b6e,none,none,none,evidence,revision_B_base,revision_B_base,0.5,0.8,10000.0,none,5,200000.0,xlarge,45.0,80.0,5.0,0.5,1.0
1,45,random_uniform_n8_uncoordinated,random_uniform_n8_uncoordinated,midflight_failure,[0],c4_frozen,1638234634,0.75,6000,150000.0,6000.0,[],[],True,0,0.0,0,0.023284578907697757,9223.764797325704,8385.74296602842,5941.7070858344305,0.023313328564113205,0.01961559738382671,0.003668981523871049,0.0037423907541575593,254.19866444073455,0.9960660690243982,8500,8501,0.023284578907697744,7897.3852554822915,0.9870497757133223,200000.0,1.0,budget_exhausted,5.000000000464986,True,True,True,"[[520585.01713351544,5662882.161092503],[520675.01713351544,5662822.070045462],[520585.01713351544,5662912.206616024],[520675.01713351544,5662852.115568982],[520585.01713351544,5662942.252139544]]",1b4c81a4155d247c0780659c994bcaad89ba7496050ee134f1a379251ebddddb,c6a75394505b615cf48b285cc3e522a5a2f205a3443f3ae5d982b1b17680f2d5,07ce3ba44ccab16877a6a4be8ca9203b90dedb748a2a4cec5a38d142e655f1a9,2675218570,null,8500,0.0,matched_prior_exact,0,stationary,1,"{""fraction"":0.75,""k"":1,""stage"":""c7-timing""}",1afd6aad4615879250c18a49e0765e646d736ba5546c63af535ab9149ba3f9ac,0.9855502508094566,9358,9359,0.9980554268381865,none,0.0005305986033993237,True,revision_C_base@712b395,712b395,5ede81cb5815049fe381f461ce5502b4a13d3d3945ab77c4b78242c6d10572b8,c7-timing_20260911_041506_496602_705c3cf8,705c3cf8d1b3a80735499262310009dc0b3cd9c5e151de83f16ab60a82062b6e,none,none,none,evidence,revision_B_base,revision_B_base,0.5,0.8,10000.0,none,5,200000.0,xlarge,45.0,80.0,5.0,0.5,1.0
1,46,dynamic_evidence_3step,dynamic_3step,midflight_failure,[3],c4_frozen,2170202023,0.25,2125,50018.07834617045,2125.0,[],[],True,0,0.0,0,0.36796257585810743,7862.419974634441,7716.419329657731,1954.6577671643602,0.3684218318734896,0.1499555239940569,0.21800705186405053,0.25646546506412016,11.215900802334064,0.9108408662287832,10093,10094,0.32957266969634474,6356.468754710767,0.7944592869279798,200007.69893937578,1.000038494696879,budget_exhausted,5.000000000155922,True,True,True,"[[520675.01713351544,5662882.161092503],[520645.01713351544,5663002.343186585],[520675.01713351544,5662912.206616024],[520585.01713351544,5662852.115568982],[520585.01713351544,5662912.206616024]]",7482e6ea62a6b135ff55058c80dad20021c30ae106d60958d5d68f631031de0b,795947b6348c75b35c11c2f4a2d1e9bd46be4293bd4a83b4670f9282af84072b,b35a666ac69fc270898a4d40f02bf306a657725eb0217a1c79615db9ec60ed0b,2229480630,null,4195,492.78418123701704,matched_prior_exact,0,stationary,1,"{""fraction"":0.25,""k"":1,""stage"":""c7-timing""}",afb392704cd91dc121192dd93c7aa1904370ee07844253dff5b4afaa9642f3ae,0.761493460013021,10324,10325,0.9817493568507961,none,0.009574283273477202,True,revision_C_base@712b395,712b395,5ede81cb5815049fe381f461ce5502b4a13d3d3945ab77c4b78242c6d10572b8,c7-timing_20260911_041506_496602_705c3cf8,705c3cf8d1b3a80735499262310009dc0b3cd9c5e151de83f16ab60a82062b6e,none,none,none,evidence,revision_B_base,revision_B_base,0.5,0.8,10000.0,none,5,200000.0,xlarge,45.0,80.0,5.0,0.5,1.0
1,46,online_static_3step,online_static_3step,midflight_failure,[3],c4_frozen,2170202023,0.25,2183,50010.86544745643,2183.0,[],[],True,0,0.0,0,0.19249839555900267,8987.271443962238,8987.271443962238,2048.39884624767,0.19273988148454615,0.09712074994113769,0.09537764561786498,0.1056372107473363,34.764011208967176,0.9712346197914568,10324,10325,0.1685334194305676,7083.204594574799,0.8852899130827145,200014.31297422107,1.0000715648711054,budget_exhausted,5.000000000155922,True,True,True,"[[520675.01713351544,5662882.161092503],[520645.01713351544,5663002.343186585],[520675.01713351544,5662912.206616024],[520585.01713351544,5662852.115568982],[520585.01713351544,5662912.206616024]]",7482e6ea62a6b135ff55058c80dad20021c30ae106d60958d5d68f631031de0b,e3f31b8fb3049bc909ab9ced33f0d223cca9ac35be8d8b9c49105f0491258a95,443517dcb727a3269d2db60891642a41923596ea6298883857d9fa873c578402,2229480630,null,4431,485.5867495491402,matched_prior_exact,0,stationary,1,"{""fraction"":0.25,""k"":1,""stage"":""c7-timing""}",afb392704cd91dc121192dd93c7aa1904370ee07844253dff5b4afaa9642f3ae,0.8704379122481586,10324,10325,1.088819593344384,none,-0.003737417476455507,True,revision_C_base@712b395,712b395,5ede81cb5815049fe381f461ce5502b4a13d3d3945ab77c4b78242c6d10572b8,c7-timing_20260911_041506_496602_705c3cf8,705c3cf8d1b3a80735499262310009dc0b3cd9c5e151de83f16ab60a82062b6e,none,none,none,evidence,revision_B_base,revision_B_base,0.5,0.8,10000.0,none,5,200000.0,xlarge,45.0,80.0,5.0,0.5,1.0
1,46,pizza_replan_midflight,pizza_replan,midflight_failure,[3],c4_frozen,2170202023,0.25,2006,50003.198466594775,2006.0,[],[],True,0,0.0,0,0.2998313691238635,8438.480476221408,7870.643716581003,1887.1931738423941,0.3001476534570361,0.11425397473059519,0.1855773943932683,0.20951535665861312,12.260398406374502,0.9184365820053553,9513,9514,0.263343258736912,6783.635775541346,0.8478484908813081,200005.53957236646,1.0000276978618323,budget_exhausted,5.000000000922537,True,True,True,"[[520675.01713351544,5662882.161092503],[520645.01713351544,5663002.343186585],[520675.01713351544,5662912.206616024],[520585.01713351544,5662852.115568982],[520585.01713351544,5662912.206616024]]",7482e6ea62a6b135ff55058c80dad20021c30ae106d60958d5d68f631031de0b,89f59dcc9c800fe0c4146273b21f9534b51790a8be0969d8ddc429208bba65d4,74f129743289ab2f8fea429bff8b699e049742346b8d8100cf39dbd266e19c6c,2229480630,"{""assignment"":{""0"":[3,""forward""],""1"":[1,""forward""],""2"":[0,""forward""],""4"":[2,""forward""]},""assignment_cost"":2029.9307990326115,""deadhead_fraction_remaining_budget"":0.013533160562630618,""deadhead_per_drone"":{""0"":562.466051619651,""1"":112.09785288367246,""2"":552.7463871144558,""4"":802.6205074148324},""deadhead_total"":2029.9307990326115,""empty_sectors"":0,""generator"":""generate_pizza_zigzag_path(overlap=0.0, path_point_spacing_m=10.0, border_gap_m=0.0)"",""num_sectors"":4,""orientations_per_sector"":{""0"":""forward"",""1"":""forward"",""2"":""forward"",""4"":""forward""},""prefix_removed_total"":2654,""route_length_after_replan"":{""0"":1161303.182626536,""1"":1161303.1826265266,""2"":1170341.904710847,""4"":1170341.904710841},""search_inactive_uav_ids"":[],""suffix_removed_total"":0,""survivor_ids"":[0,1,2,4],""task_splits"":0}",0,0.0,matched_prior_exact,0,stationary,1,"{""fraction"":0.25,""k"":1,""stage"":""c7-timing""}",afb392704cd91dc121192dd93c7aa1904370ee07844253dff5b4afaa9642f3ae,0.8172862446703543,10324,10325,0.9316723194689922,none,0.027336821357151764,True,revision_C_base@712b395,712b395,5ede81cb5815049fe381f461ce5502b4a13d3d3945ab77c4b78242c6d10572b8,c7-timing_20260911_041506_496602_705c3cf8,705c3cf8d1b3a80735499262310009dc0b3cd9c5e151de83f16ab60a82062b6e,none,none,none,evidence,revision_B_base,revision_B_base,0.5,0.8,10000.0,none,5,200000.0,xlarge,45.0,80.0,5.0,0.5,1.0
1,46,pizza_fixed_midflight,pizza_fixed,midflight_failure,[3],c4_frozen,2170202023,0.25,2006,50003.198466594775,2006.0,[],[],True,0,0.0,0,0.3341726589537501,8152.400329562347,7612.414355973842,1887.1931738423941,0.3345919816895321,0.11425397473059519,0.21991868422315491,0.24828639130078553,10.934532271822576,0.9085466140534496,9513,9514,0.30272117642156804,6581.95513072172,0.8226415611450718,200017.00945167188,1.0000850472583593,budget_exhausted,5.000000000912507,True,True,True,"[[520675.01713351544,5662882.161092503],[520645.01713351544,5663002.343186585],[520675.01713351544,5662912.206616024],[520585.01713351544,5662852.115568982],[520585.01713351544,5662912.206616024]]",7482e6ea62a6b135ff55058c80dad20021c30ae106d60958d5d68f631031de0b,9773010dddc7078ead61e2dcf5b5038a156d124f94d92f25b7b745cbd29ddf07,74f129743289ab2f8fea429bff8b699e049742346b8d8100cf39dbd266e19c6c,2229480630,null,0,0.0,matched_prior_exact,0,stationary,1,"{""fraction"":0.25,""k"":1,""stage"":""c7-timing""}",afb392704cd91dc121192dd93c7aa1904370ee07844253dff5b4afaa9642f3ae,0.7895787244128181,10324,10325,1.0383817316391044,none,-0.0003706989003844363,True,revision_C_base@712b395,712b395,5ede81cb5815049fe381f461ce5502b4a13d3d3945ab77c4b78242c6d10572b8,c7-timing_20260911_041506_496602_705c3cf8,705c3cf8d1b3a80735499262310009dc0b3cd9c5e151de83f16ab60a82062b6e,none,none,none,evidence,revision_B_base,revision_B_base,0.5,0.8,10000.0,none,5,200000.0,xlarge,45.0,80.0,5.0,0.5,1.0
1,46,random_uniform_n8_uncoordinated,random_uniform_n8_uncoordinated,midflight_failure,[3],c4_frozen,2170202023,0.25,2000,50000.0,2000.0,[],[],True,0,0.0,0,0.02222870092191468,10201.510974180532,9395.827423740344,1995.7782466595152,0.02228636895808794,0.004269823050254062,0.017958877871660617,0.018035887921640233,317.43958333333336,0.9968497942521871,9500,9501,0.019476763109641533,7927.078747860132,0.9907609983577218,200000.0,1.0,budget_exhausted,5.000000000465575,True,True,True,"[[520675.01713351544,5662882.161092503],[520645.01713351544,5663002.343186585],[520675.01713351544,5662912.206616024],[520585.01713351544,5662852.115568982],[520585.01713351544,5662912.206616024]]",7482e6ea62a6b135ff55058c80dad20021c30ae106d60958d5d68f631031de0b,e743d887ae724ab86c46afc7f5e8afc60b5900de9792f8326a5df7d16002c595,6ecdb4795faee65530ea068aeb5c49df9865f4fe5c12dc8d76ae60e85dd5a494,2229480630,null,9500,0.0,matched_prior_exact,0,stationary,1,"{""fraction"":0.25,""k"":1,""stage"":""c7-timing""}",afb392704cd91dc121192dd93c7aa1904370ee07844253dff5b4afaa9642f3ae,0.9880398037947247,10324,10325,0.9896936094858242,none,0.0007192609552510998,True,revision_C_base@712b395,712b395,5ede81cb5815049fe381f461ce5502b4a13d3d3945ab77c4b78242c6d10572b8,c7-timing_20260911_041506_496602_705c3cf8,705c3cf8d1b3a80735499262310009dc0b3cd9c5e151de83f16ab60a82062b6e,none,none,none,evidence,revision_B_base,revision_B_base,0.5,0.8,10000.0,none,5,200000.0,xlarge,45.0,80.0,5.0,0.5,1.0
1,46,dynamic_evidence_3step,dynamic_3step,midflight_failure,[3],c4_frozen,2170202023,0.5,4248,100020.6850053595,4248.0,[],[],True,0,0.0,0,0.36659664293826716,7464.456863127002,7316.240477574434,3650.3086910220604,0.36706485840885233,0.24564396610841874,0.12095267682984842,0.16033897973331804,11.395175379653272,0.9122435621495079,9578,9579,0.3394270421652926,6294.1958597599205,0.7866761479514961,200010.9229302198,1.000054614651099,budget_exhausted,5.000000000155922,True,True,True,"[[520675.01713351544,5662882.161092503],[520645.01713351544,5663002.343186585],[520675.01713351544,5662912.206616024],[520585.01713351544,5662852.115568982],[520585.01713351544,5662912.206616024]]",7482e6ea62a6b135ff55058c80dad20021c30ae106d60958d5d68f631031de0b,3ba8f016167dbc88d6b9d0a826f6424fc02a5fcadca279cb7d10b1156b1e1282,52f767d8e8be1edfc70ec3d5d9dcf504d7e53bb7a5de428b9914ed2602a4cc8f,2229480630,null,4141,491.4687220027554,matched_prior_exact,0,stationary,1,"{""fraction"":0.5,""k"":1,""stage"":""c7-timing""}",e48f7e450930aa2cad23001d8a223a0347fc2e867d4f90039ce62228ac53c328,0.7606702194157752,9812,9813,0.9781049542578769,none,0.008751042676231391,True,revision_C_base@712b395,712b395,5ede81cb5815049fe381f461ce5502b4a13d3d3945ab77c4b78242c6d10572b8,c7-timing_20260911_041506_496602_705c3cf8,705c3cf8d1b3a80735499262310009dc0b3cd9c5e151de83f16ab60a82062b6e,none,none,none,evidence,revision_B_base,revision_B_base,0.5,0.8,10000.0,none,5,200000.0,xlarge,45.0,80.0,5.0,0.5,1.0
1,46,online_static_3step,online_static_3step,midflight_failure,[3],c4_frozen,2170202023,0.5,4385,100005.59619651288,4385.0,[],[],True,0,0.0,0,0.1876534551218158,8572.61408929951,8572.61408929951,4003.5978450616176,0.18789646033995108,0.12716916814515491,0.06048428697666089,0.06929668931163473,36.16161825726141,0.9723463703176725,9812,9813,0.1685334194305676,7083.204594574799,0.8852899130827145,200009.77921096707,1.0000488960548353,budget_exhausted,5.000000000155922,True,True,True,"[[520675.01713351544,5662882.161092503],[520645.01713351544,5663002.343186585],[520675.01713351544,5662912.206616024],[520585.01713351544,5662852.115568982],[520585.01713351544,5662912.206616024]]",7482e6ea62a6b135ff55058c80dad20021c30ae106d60958d5d68f631031de0b,fe4dc53aa79990526976f6d09d7a9afbb8e681f9c4faca413488588cb1f68a68,29b73f04555021f293561761eb7ca0442c73929e7e60063bbe94e6f33db1ec2f,2229480630,null,4482,484.08589830293204,matched_prior_exact,0,stationary,1,"{""fraction"":0.5,""k"":1,""stage"":""c7-timing""}",e48f7e450930aa2cad23001d8a223a0347fc2e867d4f90039ce62228ac53c328,0.8735976856516366,9812,9813,1.061415385318252,none,-0.0005776440729774457,True,revision_C_base@712b395,712b395,5ede81cb5815049fe381f461ce5502b4a13d3d3945ab77c4b78242c6d10572b8,c7-timing_20260911_041506_496602_705c3cf8,705c3cf8d1b3a80735499262310009dc0b3cd9c5e151de83f16ab60a82062b6e,none,none,none,evidence,revision_B_base,revision_B_base,0.5,0.8,10000.0,none,5,200000.0,xlarge,45.0,80.0,5.0,0.5,1.0
1,46,pizza_replan_midflight,pizza_replan,midflight_failure,[3],c4_frozen,2170202023,0.5,4009,100024.57568871889,4009.0,[],[],True,0,0.0,0,0.2644054025206212,8026.909991369199,7439.1699079831715,3574.9595097815322,0.2646480530464227,0.19518976700270818,0.06921563551791304,0.08600242974065907,14.551867612293144,0.9312802984027136,9013,9014,0.2487085382026352,6684.91947078677,0.8355104950364667,200013.47456864314,1.0000673728432157,budget_exhausted,5.000000000915299,True,True,True,"[[520675.01713351544,5662882.161092503],[520645.01713351544,5663002.343186585],[520675.01713351544,5662912.206616024],[520585.01713351544,5662852.115568982],[520585.01713351544,5662912.206616024]]",7482e6ea62a6b135ff55058c80dad20021c30ae106d60958d5d68f631031de0b,93b25b948cfc03f7300f1c34a129afd461bdc545d808882ad82db2f6fc7356ca,7fb73292be2f42ec4094209df115134011bfe23df4799d4ca133ddcc88f6a667,2229480630,"{""assignment"":{""0"":[3,""forward""],""1"":[1,""forward""],""2"":[0,""forward""],""4"":[2,""forward""]},""assignment_cost"":3427.4225680898608,""deadhead_fraction_remaining_budget"":0.034282650878463085,""deadhead_per_drone"":{""0"":1486.28549943411,""1"":9.136416082864733,""2"":961.8569257148224,""4"":970.1437268580636},""deadhead_total"":3427.4225680898608,""empty_sectors"":0,""generator"":""generate_pizza_zigzag_path(overlap=0.0, path_point_spacing_m=10.0, border_gap_m=0.0)"",""num_sectors"":4,""orientations_per_sector"":{""0"":""forward"",""1"":""forward"",""2"":""forward"",""4"":""forward""},""prefix_removed_total"":4898,""route_length_after_replan"":{""0"":1149974.733986895,""1"":1149329.9670471437,""2"":1170341.904710847,""4"":1170341.904710841},""search_inactive_uav_ids"":[],""suffix_removed_total"":0,""survivor_ids"":[0,1,2,4],""task_splits"":0}",0,0.0,matched_prior_exact,0,stationary,1,"{""fraction"":0.5,""k"":1,""stage"":""c7-timing""}",e48f7e450930aa2cad23001d8a223a0347fc2e867d4f90039ce62228ac53c328,0.8179873628216854,9812,9813,0.8215924683476145,none,0.02803793950848288,True,revision_C_base@712b395,712b395,5ede81cb5815049fe381f461ce5502b4a13d3d3945ab77c4b78242c6d10572b8,c7-timing_20260911_041506_496602_705c3cf8,705c3cf8d1b3a80735499262310009dc0b3cd9c5e151de83f16ab60a82062b6e,none,none,none,evidence,revision_B_base,revision_B_base,0.5,0.8,10000.0,none,5,200000.0,xlarge,45.0,80.0,5.0,0.5,1.0
1,46,pizza_fixed_midflight,pizza_fixed,midflight_failure,[3],c4_frozen,2170202023,0.5,4009,100024.57568871889,4009.0,[],[],True,0,0.0,0,0.3317083958757469,7768.344305528054,7233.711022228479,3574.9595097815322,0.3321001068173534,0.19518976700270818,0.13651862887303873,0.16962834625575407,10.957899985752956,0.9087416383339726,9012,9013,0.30980647288728796,6546.372377354482,0.8181942728851995,200009.39502494395,1.0000469751247199,budget_exhausted,5.000000000912507,True,True,True,"[[520675.01713351544,5662882.161092503],[520645.01713351544,5663002.343186585],[520675.01713351544,5662912.206616024],[520585.01713351544,5662852.115568982],[520585.01713351544,5662912.206616024]]",7482e6ea62a6b135ff55058c80dad20021c30ae106d60958d5d68f631031de0b,772a82e1eb70020ef031be192137e7820199c7ceaacad8d1fc6573fd6ec2e09a,7fb73292be2f42ec4094209df115134011bfe23df4799d4ca133ddcc88f6a667,2229480630,null,0,0.0,matched_prior_exact,0,stationary,1,"{""fraction"":0.5,""k"":1,""stage"":""c7-timing""}",e48f7e450930aa2cad23001d8a223a0347fc2e867d4f90039ce62228ac53c328,0.7916380623181549,9812,9813,1.0307244751473175,none,0.0016886390049524191,True,revision_C_base@712b395,712b395,5ede81cb5815049fe381f461ce5502b4a13d3d3945ab77c4b78242c6d10572b8,c7-timing_20260911_041506_496602_705c3cf8,705c3cf8d1b3a80735499262310009dc0b3cd9c5e151de83f16ab60a82062b6e,none,none,none,evidence,revision_B_base,revision_B_base,0.5,0.8,10000.0,none,5,200000.0,xlarge,45.0,80.0,5.0,0.5,1.0
1,46,random_uniform_n8_uncoordinated,random_uniform_n8_uncoordinated,midflight_failure,[3],c4_frozen,2170202023,0.5,4000,100000.0,4000.0,[],[],True,0,0.0,0,0.022450797800677436,9692.068924129777,8898.298971943994,3982.9001078985243,0.022534383971573244,0.008821817947859677,0.013628979852817759,0.01375028234035605,312.29303278688525,0.9967978792511762,9000,9001,0.02089182658006046,7919.990616523937,0.9898750926789073,200000.0,1.0,budget_exhausted,5.000000000465575,True,True,True,"[[520675.01713351544,5662882.161092503],[520645.01713351544,5663002.343186585],[520675.01713351544,5662912.206616024],[520585.01713351544,5662852.115568982],[520585.01713351544,5662912.206616024]]",7482e6ea62a6b135ff55058c80dad20021c30ae106d60958d5d68f631031de0b,76fa9f280bdbaa9ecd0d1c20f2040860328f38c6699efcdc8d3dd043bd316d1e,d5aa7f4bc8e8322620cbb445ba987cdd9a1a222739416c27fdd72bdb8e813e46,2229480630,null,9000,0.0,matched_prior_exact,0,stationary,1,"{""fraction"":0.5,""k"":1,""stage"":""c7-timing""}",e48f7e450930aa2cad23001d8a223a0347fc2e867d4f90039ce62228ac53c328,0.98767644187606,9812,9813,0.9995820803582514,none,0.00035589903658639344,True,revision_C_base@712b395,712b395,5ede81cb5815049fe381f461ce5502b4a13d3d3945ab77c4b78242c6d10572b8,c7-timing_20260911_041506_496602_705c3cf8,705c3cf8d1b3a80735499262310009dc0b3cd9c5e151de83f16ab60a82062b6e,none,none,none,evidence,revision_B_base,revision_B_base,0.5,0.8,10000.0,none,5,200000.0,xlarge,45.0,80.0,5.0,0.5,1.0
1,46,dynamic_evidence_3step,dynamic_3step,midflight_failure,[3],c4_frozen,2170202023,0.75,6383,150014.75219737197,6383.0,[],[],True,0,0.0,0,0.3737043649378085,7073.861770285904,6917.287861520241,5179.453085791665,0.37416092310049237,0.3182485394438155,0.05545582549399303,0.08134317079240463,11.270094327089145,0.9112695980195685,9051,9052,0.35591483744405356,6249.915914127893,0.7811418465351697,200001.47654430478,1.000007382721524,budget_exhausted,5.000000000155922,True,True,True,"[[520675.01713351544,5662882.161092503],[520645.01713351544,5663002.343186585],[520675.01713351544,5662912.206616024],[520585.01713351544,5662852.115568982],[520585.01713351544,5662912.206616024]]",7482e6ea62a6b135ff55058c80dad20021c30ae106d60958d5d68f631031de0b,21bf3e7dc382447ffa89b4b85911d80ee960537d3533e0746909e38c562a1f1a,0d7698aa5c1c67e7e6c4706ec293a7d18651d408095846277a0512b7971f6aaf,2229480630,null,4053,486.0487527444784,matched_prior_exact,0,stationary,1,"{""fraction"":0.75,""k"":1,""stage"":""c7-timing""}",1afd6aad4615879250c18a49e0765e646d736ba5546c63af535ab9149ba3f9ac,0.7604667566422171,9301,9302,0.9970688434127751,none,0.008547579902673297,True,revision_C_base@712b395,712b395,5ede81cb5815049fe381f461ce5502b4a13d3d3945ab77c4b78242c6d10572b8,c7-timing_20260911_041506_496602_705c3cf8,705c3cf8d1b3a80735499262310009dc0b3cd9c5e151de83f16ab60a82062b6e,none,none,none,evidence,revision_B_base,revision_B_base,0.5,0.8,10000.0,none,5,200000.0,xlarge,45.0,80.0,5.0,0.5,1.0
1,46,online_static_3step,online_static_3step,midflight_failure,[3],c4_frozen,2170202023,0.75,6585,150015.60856062517,6585.0,[],[],True,0,0.0,0,0.18243858722349188,8156.14288462572,8156.14288462572,5895.512796934432,0.1826777810518872,0.1526374455240217,0.02980114169947018,0.035169292697739815,37.743257820927724,0.9735052017834687,9301,9302,0.16853345555900906,7083.188877565141,0.885287948702055,200014.70323295033,1.0000735161647516,budget_exhausted,5.000000000155922,True,True,True,"[[520675.01713351544,5662882.161092503],[520645.01713351544,5663002.343186585],[520675.01713351544,5662912.206616024],[520585.01713351544,5662852.115568982],[520585.01713351544,5662912.206616024]]",7482e6ea62a6b135ff55058c80dad20021c30ae106d60958d5d68f631031de0b,200a2fe157b090adccbf60b5e0a66c2bff625528b3ef8ec02e54a6fca6ae444c,4be6b63651f17859fd8070e63f9cdf3f08a9900a81140b733879b1863a7540e7,2229480630,null,4458,471.080111962161,matched_prior_exact,0,stationary,1,"{""fraction"":0.75,""k"":1,""stage"":""c7-timing""}",1afd6aad4615879250c18a49e0765e646d736ba5546c63af535ab9149ba3f9ac,0.876816048658968,9301,9302,1.0319187740456799,none,0.002640718934353914,True,revision_C_base@712b395,712b395,5ede81cb5815049fe381f461ce5502b4a13d3d3945ab77c4b78242c6d10572b8,c7-timing_20260911_041506_496602_705c3cf8,705c3cf8d1b3a80735499262310009dc0b3cd9c5e151de83f16ab60a82062b6e,none,none,none,evidence,revision_B_base,revision_B_base,0.5,0.8,10000.0,none,5,200000.0,xlarge,45.0,80.0,5.0,0.5,1.0
1,46,pizza_replan_midflight,pizza_replan,midflight_failure,[3],c4_frozen,2170202023,0.75,6010,150007.00763306842,6010.0,[],[],True,0,0.0,0,0.2922076414835415,7484.161115411716,6926.4207369008245,5117.083961451494,0.29246893034212323,0.26295905402334235,0.02924858746019915,0.039683802670476685,12.690822053482998,0.9212028979851979,8513,8514,0.2862032659519004,6561.793675539007,0.8201216942305971,200016.84154864404,1.0000842077432202,budget_exhausted,5.000000000912507,True,True,True,"[[520675.01713351544,5662882.161092503],[520645.01713351544,5663002.343186585],[520675.01713351544,5662912.206616024],[520585.01713351544,5662852.115568982],[520585.01713351544,5662912.206616024]]",7482e6ea62a6b135ff55058c80dad20021c30ae106d60958d5d68f631031de0b,d48747cfe688c20eb36da2980c3062f14a67fb291195f0356ed0b85cd9f75470,70f0e5fc87ba3c2ff76ce63bbd6040d663e50e4ae995646e18179d3b1e7564d6,2229480630,"{""assignment"":{""0"":[3,""forward""],""1"":[2,""forward""],""2"":[0,""forward""],""4"":[1,""forward""]},""assignment_cost"":3168.123572321426,""deadhead_fraction_remaining_budget"":0.06337135311022143,""deadhead_per_drone"":{""0"":0.7572076295173193,""1"":1889.9382708124544,""2"":1259.4015475446286,""4"":18.02654633482577},""deadhead_total"":3168.123572321426,""empty_sectors"":0,""generator"":""generate_pizza_zigzag_path(overlap=0.0, path_point_spacing_m=10.0, border_gap_m=0.0)"",""num_sectors"":4,""orientations_per_sector"":{""0"":""forward"",""1"":""forward"",""2"":""forward"",""4"":""forward""},""prefix_removed_total"":7358,""route_length_after_replan"":{""0"":1136443.949449569,""1"":1170341.904710841,""2"":1170341.904710847,""4"":1137550.770245457},""search_inactive_uav_ids"":[],""suffix_removed_total"":0,""survivor_ids"":[0,1,2,4],""task_splits"":0}",0,0.0,matched_prior_exact,0,stationary,1,"{""fraction"":0.75,""k"":1,""stage"":""c7-timing""}",1afd6aad4615879250c18a49e0765e646d736ba5546c63af535ab9149ba3f9ac,0.8045754800485612,9301,9302,0.9079829502264951,none,0.014626056735358661,True,revision_C_base@712b395,712b395,5ede81cb5815049fe381f461ce5502b4a13d3d3945ab77c4b78242c6d10572b8,c7-timing_20260911_041506_496602_705c3cf8,705c3cf8d1b3a80735499262310009dc0b3cd9c5e151de83f16ab60a82062b6e,none,none,none,evidence,revision_B_base,revision_B_base,0.5,0.8,10000.0,none,5,200000.0,xlarge,45.0,80.0,5.0,0.5,1.0
1,46,pizza_fixed_midflight,pizza_fixed,midflight_failure,[3],c4_frozen,2170202023,0.75,6010,150007.00763306842,6010.0,[],[],True,0,0.0,0,0.32698967968356857,7407.565222705701,6876.560079975933,5117.083961451494,0.32737565314398864,0.26295905402334235,0.06403062566022621,0.0868752625071309,10.977869788692177,0.9089076460872166,8512,8513,0.3156184300520247,6528.9994652387095,0.8160229302885527,200013.69676103943,1.0000684838051972,budget_exhausted,5.000000000912507,True,True,True,"[[520675.01713351544,5662882.161092503],[520645.01713351544,5663002.343186585],[520675.01713351544,5662912.206616024],[520585.01713351544,5662852.115568982],[520585.01713351544,5662912.206616024]]",7482e6ea62a6b135ff55058c80dad20021c30ae106d60958d5d68f631031de0b,8ced3983cec4a2bb9c5d78d4ab1cf2bc36c920a67729bf8992911108b36c23f8,70f0e5fc87ba3c2ff76ce63bbd6040d663e50e4ae995646e18179d3b1e7564d6,2229480630,null,0,0.0,matched_prior_exact,0,stationary,1,"{""fraction"":0.75,""k"":1,""stage"":""c7-timing""}",1afd6aad4615879250c18a49e0765e646d736ba5546c63af535ab9149ba3f9ac,0.7963411333805311,9301,9302,1.0160619090771659,none,0.0063917100673286376,True,revision_C_base@712b395,712b395,5ede81cb5815049fe381f461ce5502b4a13d3d3945ab77c4b78242c6d10572b8,c7-timing_20260911_041506_496602_705c3cf8,705c3cf8d1b3a80735499262310009dc0b3cd9c5e151de83f16ab60a82062b6e,none,none,none,evidence,revision_B_base,revision_B_base,0.5,0.8,10000.0,none,5,200000.0,xlarge,45.0,80.0,5.0,0.5,1.0
1,46,random_uniform_n8_uncoordinated,random_uniform_n8_uncoordinated,midflight_failure,[3],c4_frozen,2170202023,0.75,6000,150000.0,6000.0,[],[],True,0,0.0,0,0.022417769185750856,9190.196110423496,8407.152743541015,5957.873348261142,0.02248493610935171,0.016563327614419247,0.005854441571331609,0.005953043785859787,310.95714285714286,0.9967841227546286,8500,8501,0.02157436902901677,7918.184874405775,0.9896494031253312,200000.0,1.0,budget_exhausted,5.000000000465575,True,True,True,"[[520675.01713351544,5662882.161092503],[520645.01713351544,5663002.343186585],[520675.01713351544,5662912.206616024],[520585.01713351544,5662852.115568982],[520585.01713351544,5662912.206616024]]",7482e6ea62a6b135ff55058c80dad20021c30ae106d60958d5d68f631031de0b,fc5d827959992baa8125a1901bb0902b63efdea5df33174f99d41abe4a2936ee,ab706a5f7e35e399ab47a260b56cb0e45beadcf05c93ee768f9e62fa667bfcc6,2229480630,null,8500,0.0,matched_prior_exact,0,stationary,1,"{""fraction"":0.75,""k"":1,""stage"":""c7-timing""}",1afd6aad4615879250c18a49e0765e646d736ba5546c63af535ab9149ba3f9ac,0.9879806611936676,9301,9302,0.9981115396713335,none,0.0006601183541939948,True,revision_C_base@712b395,712b395,5ede81cb5815049fe381f461ce5502b4a13d3d3945ab77c4b78242c6d10572b8,c7-timing_20260911_041506_496602_705c3cf8,705c3cf8d1b3a80735499262310009dc0b3cd9c5e151de83f16ab60a82062b6e,none,none,none,evidence,revision_B_base,revision_B_base,0.5,0.8,10000.0,none,5,200000.0,xlarge,45.0,80.0,5.0,0.5,1.0
1,47,dynamic_evidence_3step,dynamic_3step,midflight_failure,[1],c4_frozen,3230704898,0.25,2132,50003.93481912515,2132.0,[],[],True,0,0.0,0,0.3607378661659131,7936.58788795586,7831.109635873393,1982.8834583924317,0.361149428655229,0.13528530262749833,0.22545256353841475,0.2607247965409501,12.103433507031195,0.9173788165631617,10113,10114,0.3165118894041029,6436.815402970624,0.8045013627009904,200010.9676338005,1.0000548381690024,budget_exhausted,5.000000000225951,True,True,True,"[[520645.01713351544,5662822.070045462],[520615.01713351544,5662912.206616024],[520705.01713351544,5662912.206616024],[520675.01713351544,5663002.343186585],[520615.01713351544,5662912.206616024]]",a800830691d2167d6a15ff4497b6c4227ef9a8749ffdbfffc327a1bea4d2471f,ac7bd85c393013b3ae123ef205e657f7308a308cc7c48e505b1f982ca8d3c64e,1be24eb7f8fca6b33de655094d07660c510f172bbef20cf9fe1a8e26bd60e501,2061208408,null,4290,506.97546133751166,matched_prior_exact,0,stationary,1,"{""fraction"":0.25,""k"":1,""stage"":""c7-timing""}",afb392704cd91dc121192dd93c7aa1904370ee07844253dff5b4afaa9642f3ae,0.7721167319735247,10278,10279,0.9559419450323375,none,0.01295380168439264,True,revision_C_base@712b395,712b395,5ede81cb5815049fe381f461ce5502b4a13d3d3945ab77c4b78242c6d10572b8,c7-timing_20260911_041506_496602_705c3cf8,705c3cf8d1b3a80735499262310009dc0b3cd9c5e151de83f16ab60a82062b6e,none,none,none,evidence,revision_B_base,revision_B_base,0.5,0.8,10000.0,none,5,200000.0,xlarge,45.0,80.0,5.0,0.5,1.0
1,47,online_static_3step,online_static_3step,midflight_failure,[1],c4_frozen,3230704898,0.25,2142,50008.5204922649,2142.0,[],[],True,0,0.0,0,0.2184269505256744,8661.576542125827,8661.576542125827,1970.2809832417051,0.2187255019435337,0.13275535943724934,0.08567159108842506,0.09878595621280889,28.890431582469052,0.9653864637796963,10278,10279,0.1963080324043329,6856.346562873322,0.8569362033337485,200000.69734938192,1.0000034867469096,budget_exhausted,5.000000000155922,True,True,True,"[[520645.01713351544,5662822.070045462],[520615.01713351544,5662912.206616024],[520705.01713351544,5662912.206616024],[520675.01713351544,5663002.343186585],[520615.01713351544,5662912.206616024]]",a800830691d2167d6a15ff4497b6c4227ef9a8749ffdbfffc327a1bea4d2471f,fcbdee37348151fe58c433fb9966b8bccd4638114ee2d020ab1f6923454227e1,e4f81cbd5c6fb91d576aa7de19b80f6062db019236ba1c67ab9c9bdc3a59f219,2061208408,null,4414,479.8461512257636,matched_prior_exact,0,stationary,1,"{""fraction"":0.25,""k"":1,""stage"":""c7-timing""}",afb392704cd91dc121192dd93c7aa1904370ee07844253dff5b4afaa9642f3ae,0.8426477811193528,10278,10279,0.8677247211240051,none,0.021869825139680832,True,revision_C_base@712b395,712b395,5ede81cb5815049fe381f461ce5502b4a13d3d3945ab77c4b78242c6d10572b8,c7-timing_20260911_041506_496602_705c3cf8,705c3cf8d1b3a80735499262310009dc0b3cd9c5e151de83f16ab60a82062b6e,none,none,none,evidence,revision_B_base,revision_B_base,0.5,0.8,10000.0,none,5,200000.0,xlarge,45.0,80.0,5.0,0.5,1.0
1,47,pizza_replan_midflight,pizza_replan,midflight_failure,[1],c4_frozen,3230704898,0.25,2006,50004.13102504722,2006.0,[],[],True,0,0.0,0,0.28963921623701117,8487.44061365087,7944.724974856114,1887.4812745918148,0.28993052273769476,0.11412464935933324,0.1755145668776779,0.19812557912436035,12.892839174911957,0.9224375650364204,9514,9515,0.25287431304168456,6842.046719126777,0.8551489462725631,200019.0544149717,1.0000952720748586,budget_exhausted,5.000000000912507,True,True,True,"[[520645.01713351544,5662822.070045462],[520615.01713351544,5662912.206616024],[520705.01713351544,5662912.206616024],[520675.01713351544,5663002.343186585],[520615.01713351544,5662912.206616024]]",a800830691d2167d6a15ff4497b6c4227ef9a8749ffdbfffc327a1bea4d2471f,d456bcaa6efa28b3a2fb63a051e34bdc2b000bbfa77c416782ea48b71b47a1d6,197291d9989a4847669d1db557e369626455d5780241cb597bedec04bc601eab,2061208408,"{""assignment"":{""0"":[3,""forward""],""2"":[0,""forward""],""3"":[1,""forward""],""4"":[2,""forward""]},""assignment_cost"":1900.839530926319,""deadhead_fraction_remaining_budget"":0.012672612545374384,""deadhead_per_drone"":{""0"":644.5258932263889,""2"":558.8375635666978,""3"":112.09785288367246,""4"":585.3782212495599},""deadhead_total"":1900.839530926319,""empty_sectors"":0,""generator"":""generate_pizza_zigzag_path(overlap=0.0, path_point_spacing_m=10.0, border_gap_m=0.0)"",""num_sectors"":4,""orientations_per_sector"":{""0"":""forward"",""2"":""forward"",""3"":""forward"",""4"":""forward""},""prefix_removed_total"":1832,""route_length_after_replan"":{""0"":1170085.3174933847,""2"":1170341.904710847,""3"":1161303.1826265266,""4"":1170341.904710841},""search_inactive_uav_ids"":[],""suffix_removed_total"":0,""survivor_ids"":[0,2,3,4],""task_splits"":0}",0,0.0,matched_prior_exact,0,stationary,1,"{""fraction"":0.25,""k"":1,""stage"":""c7-timing""}",afb392704cd91dc121192dd93c7aa1904370ee07844253dff5b4afaa9642f3ae,0.8257068405147261,10278,10279,0.9005769972133,none,0.03464798757380283,True,revision_C_base@712b395,712b395,5ede81cb5815049fe381f461ce5502b4a13d3d3945ab77c4b78242c6d10572b8,c7-timing_20260911_041506_496602_705c3cf8,705c3cf8d1b3a80735499262310009dc0b3cd9c5e151de83f16ab60a82062b6e,none,none,none,evidence,revision_B_base,revision_B_base,0.5,0.8,10000.0,none,5,200000.0,xlarge,45.0,80.0,5.0,0.5,1.0
1,47,pizza_fixed_midflight,pizza_fixed,midflight_failure,[1],c4_frozen,3230704898,0.25,2006,50004.13102504722,2006.0,[],[],True,0,0.0,0,0.3244566410841032,8177.574984149543,7660.108771219863,1887.4812745918148,0.3248916397644977,0.11412464935933324,0.21033199172476996,0.2374284277947879,10.929053813890667,0.9085007707868531,9512,9513,0.29204236498199365,6615.022425475426,0.826774456377381,200003.7991477139,1.0000189957385694,budget_exhausted,5.000000000912507,True,True,True,"[[520645.01713351544,5662822.070045462],[520615.01713351544,5662912.206616024],[520705.01713351544,5662912.206616024],[520675.01713351544,5663002.343186585],[520615.01713351544,5662912.206616024]]",a800830691d2167d6a15ff4497b6c4227ef9a8749ffdbfffc327a1bea4d2471f,53654b1026f04bbe3f16683cff03752c055b2c210ef2a5b82b5acf4e44224619,197291d9989a4847669d1db557e369626455d5780241cb597bedec04bc601eab,2061208408,null,0,0.0,matched_prior_exact,0,stationary,1,"{""fraction"":0.25,""k"":1,""stage"":""c7-timing""}",afb392704cd91dc121192dd93c7aa1904370ee07844253dff5b4afaa9642f3ae,0.7955613371095965,10278,10279,1.0088350305240776,none,0.004502484168673271,True,revision_C_base@712b395,712b395,5ede81cb5815049fe381f461ce5502b4a13d3d3945ab77c4b78242c6d10572b8,c7-timing_20260911_041506_496602_705c3cf8,705c3cf8d1b3a80735499262310009dc0b3cd9c5e151de83f16ab60a82062b6e,none,none,none,evidence,revision_B_base,revision_B_base,0.5,0.8,10000.0,none,5,200000.0,xlarge,45.0,80.0,5.0,0.5,1.0
1,47,random_uniform_n8_uncoordinated,random_uniform_n8_uncoordinated,midflight_failure,[1],c4_frozen,3230704898,0.25,2000,50000.0,2000.0,[],[],True,0,0.0,0,0.01676889732654678,10162.504318438347,9397.550520558543,1992.9047255987357,0.016825142425190825,0.005646204608622854,0.011122692717923927,0.011185850317538177,348.8050458715596,0.9971330689970345,9500,9501,0.016312145044319114,7922.295352136434,0.9901631486234763,200000.0,1.0,budget_exhausted,5.000000000466022,True,True,True,"[[520645.01713351544,5662822.070045462],[520615.01713351544,5662912.206616024],[520705.01713351544,5662912.206616024],[520675.01713351544,5663002.343186585],[520615.01713351544,5662912.206616024]]",a800830691d2167d6a15ff4497b6c4227ef9a8749ffdbfffc327a1bea4d2471f,d27d5525ed21e9b91f2c9fb25e745b12b0dbce6da843189073ef1f18b5e385c9,a5df377f5e6f3d710b2e207625ee39c3486841c6a0a2e8a7166be847254e0c6b,2061208408,null,9500,0.0,matched_prior_exact,0,stationary,1,"{""fraction"":0.25,""k"":1,""stage"":""c7-timing""}",afb392704cd91dc121192dd93c7aa1904370ee07844253dff5b4afaa9642f3ae,0.988666632789021,10278,10279,0.9305576542243953,none,0.0004805492866205574,True,revision_C_base@712b395,712b395,5ede81cb5815049fe381f461ce5502b4a13d3d3945ab77c4b78242c6d10572b8,c7-timing_20260911_041506_496602_705c3cf8,705c3cf8d1b3a80735499262310009dc0b3cd9c5e151de83f16ab60a82062b6e,none,none,none,evidence,revision_B_base,revision_B_base,0.5,0.8,10000.0,none,5,200000.0,xlarge,45.0,80.0,5.0,0.5,1.0
1,47,dynamic_evidence_3step,dynamic_3step,midflight_failure,[1],c4_frozen,3230704898,0.5,4256,100017.21598739698,4256.0,[],[],True,0,0.0,0,0.3769042072159954,7436.5565257252365,7339.976677843968,3701.1636815280594,0.37735912123729803,0.23949435300756505,0.13740985420843033,0.18068222734682363,11.387242051488876,0.9121824234982999,9573,9574,0.34535994154469546,6336.3522437163065,0.7919450373348714,200017.8160765791,1.0000890803828955,budget_exhausted,5.000000000155922,True,True,True,"[[520645.01713351544,5662822.070045462],[520615.01713351544,5662912.206616024],[520705.01713351544,5662912.206616024],[520675.01713351544,5663002.343186585],[520615.01713351544,5662912.206616024]]",a800830691d2167d6a15ff4497b6c4227ef9a8749ffdbfffc327a1bea4d2471f,f8ca171ae88ecbadfd1a0cf879cc8bed26f907aeae9879e3f814727887d4a809,6b50e330c2ed92e947ee0aa1a37636a30b3e8cedf5077f880654573eee5404a7,2061208408,null,4139,488.13492599889287,matched_prior_exact,0,stationary,1,"{""fraction"":0.5,""k"":1,""stage"":""c7-timing""}",e48f7e450930aa2cad23001d8a223a0347fc2e867d4f90039ce62228ac53c328,0.7643700817890057,9728,9729,0.9987821482849787,none,0.005207151499873608,True,revision_C_base@712b395,712b395,5ede81cb5815049fe381f461ce5502b4a13d3d3945ab77c4b78242c6d10572b8,c7-timing_20260911_041506_496602_705c3cf8,705c3cf8d1b3a80735499262310009dc0b3cd9c5e151de83f16ab60a82062b6e,none,none,none,evidence,revision_B_base,revision_B_base,0.5,0.8,10000.0,none,5,200000.0,xlarge,45.0,80.0,5.0,0.5,1.0
1,47,online_static_3step,online_static_3step,midflight_failure,[1],c4_frozen,3230704898,0.5,4297,100005.5215001454,4297.0,[],[],True,0,0.0,0,0.23161303829049223,8091.895411198497,8091.895411198497,3785.404468352447,0.23190717798112076,0.18076017791093196,0.05085286037956027,0.06207322814201717,26.377522935779815,0.9620889344903745,9728,9729,0.2169338050253162,6751.198349459495,0.8437943193925128,200006.64142815222,1.0000332071407612,budget_exhausted,5.000000000155922,True,True,True,"[[520645.01713351544,5662822.070045462],[520615.01713351544,5662912.206616024],[520705.01713351544,5662912.206616024],[520675.01713351544,5663002.343186585],[520615.01713351544,5662912.206616024]]",a800830691d2167d6a15ff4497b6c4227ef9a8749ffdbfffc327a1bea4d2471f,e7226d8e1d806b7c8412bf45d4d34623fcf5cdac1a9c885a1bcc07b5e3fe7ff0,741f326fc32a09405ac6c344667b2d7bbc5dfd3ba11646d8f455bf3a85e35162,2061208408,null,4323,459.97381965018576,matched_prior_exact,0,stationary,1,"{""fraction"":0.5,""k"":1,""stage"":""c7-timing""}",e48f7e450930aa2cad23001d8a223a0347fc2e867d4f90039ce62228ac53c328,0.8317294080787847,9728,9729,0.9201078830960362,none,0.010951452099112746,True,revision_C_base@712b395,712b395,5ede81cb5815049fe381f461ce5502b4a13d3d3945ab77c4b78242c6d10572b8,c7-timing_20260911_041506_496602_705c3cf8,705c3cf8d1b3a80735499262310009dc0b3cd9c5e151de83f16ab60a82062b6e,none,none,none,evidence,revision_B_base,revision_B_base,0.5,0.8,10000.0,none,5,200000.0,xlarge,45.0,80.0,5.0,0.5,1.0
1,47,pizza_replan_midflight,pizza_replan,midflight_failure,[1],c4_frozen,3230704898,0.5,4008,100002.32937724603,4008.0,[],[],True,0,0.0,0,0.24159413005325914,8045.695710725311,7503.435513713433,3574.705692595297,0.24175483040616055,0.19511585828980235,0.046478271763456785,0.057745294452815184,16.861226725082147,0.9406923341756365,9013,9014,0.22629520962146615,6725.437260662944,0.840574585759648,200002.9994097383,1.0000149970486913,budget_exhausted,5.000000000920888,True,True,True,"[[520645.01713351544,5662822.070045462],[520615.01713351544,5662912.206616024],[520705.01713351544,5662912.206616024],[520675.01713351544,5663002.343186585],[520615.01713351544,5662912.206616024]]",a800830691d2167d6a15ff4497b6c4227ef9a8749ffdbfffc327a1bea4d2471f,8ba514db6be2153886f99704ab30f2dc1a2a2983fd20eafbeded52710d3ba6f8,d7922b736156ff7ac15f40860528e9668b2437f475877dfdcdad4e23a559fc9c,2061208408,"{""assignment"":{""0"":[3,""forward""],""2"":[0,""forward""],""3"":[1,""forward""],""4"":[2,""forward""]},""assignment_cost"":3069.3366364015774,""deadhead_fraction_remaining_budget"":0.0306940813449625,""deadhead_per_drone"":{""0"":927.9619914020955,""2"":956.7870211737479,""3"":14.136341460960724,""4"":1170.4512823647733},""deadhead_total"":3069.3366364015774,""empty_sectors"":0,""generator"":""generate_pizza_zigzag_path(overlap=0.0, path_point_spacing_m=10.0, border_gap_m=0.0)"",""num_sectors"":4,""orientations_per_sector"":{""0"":""forward"",""2"":""forward"",""3"":""forward"",""4"":""forward""},""prefix_removed_total"":2986,""route_length_after_replan"":{""0"":1170085.3174933847,""2"":1170341.904710847,""3"":1149329.9670471437,""4"":1170341.904710841},""search_inactive_uav_ids"":[],""suffix_removed_total"":0,""survivor_ids"":[0,2,3,4],""task_splits"":0}",0,0.0,matched_prior_exact,0,stationary,1,"{""fraction"":0.5,""k"":1,""stage"":""c7-timing""}",e48f7e450930aa2cad23001d8a223a0347fc2e867d4f90039ce62228ac53c328,0.8269807493807494,9728,9729,0.7511901151178476,none,0.03592189643982613,True,revision_C_base@712b395,712b395,5ede81cb5815049fe381f461ce5502b4a13d3d3945ab77c4b78242c6d10572b8,c7-timing_20260911_041506_496602_705c3cf8,705c3cf8d1b3a80735499262310009dc0b3cd9c5e151de83f16ab60a82062b6e,none,none,none,evidence,revision_B_base,revision_B_base,0.5,0.8,10000.0,none,5,200000.0,xlarge,45.0,80.0,5.0,0.5,1.0
1,47,pizza_fixed_midflight,pizza_fixed,midflight_failure,[1],c4_frozen,3230704898,0.5,4008,100002.32937724603,4008.0,[],[],True,0,0.0,0,0.3252877417845501,7737.8789255534975,7254.784948671148,3574.705692595297,0.325692385268901,0.19511585828980235,0.13017188349474776,0.16172747945830043,10.964848484848485,0.9087994693787309,9012,9013,0.3027714950219359,6560.738361664283,0.8199897964834749,200007.41912964726,1.0000370956482363,budget_exhausted,5.000000000912507,True,True,True,"[[520645.01713351544,5662822.070045462],[520615.01713351544,5662912.206616024],[520705.01713351544,5662912.206616024],[520675.01713351544,5663002.343186585],[520615.01713351544,5662912.206616024]]",a800830691d2167d6a15ff4497b6c4227ef9a8749ffdbfffc327a1bea4d2471f,e5f559a25e8a5052227e44e1745b7adf0d2649d7a27a7d4d922c5834dd051aa5,d7922b736156ff7ac15f40860528e9668b2437f475877dfdcdad4e23a559fc9c,2061208408,null,0,0.0,matched_prior_exact,0,stationary,1,"{""fraction"":0.5,""k"":1,""stage"":""c7-timing""}",e48f7e450930aa2cad23001d8a223a0347fc2e867d4f90039ce62228ac53c328,0.7953416513057352,9728,9729,1.0114191770457899,none,0.004282798364811935,True,revision_C_base@712b395,712b395,5ede81cb5815049fe381f461ce5502b4a13d3d3945ab77c4b78242c6d10572b8,c7-timing_20260911_041506_496602_705c3cf8,705c3cf8d1b3a80735499262310009dc0b3cd9c5e151de83f16ab60a82062b6e,none,none,none,evidence,revision_B_base,revision_B_base,0.5,0.8,10000.0,none,5,200000.0,xlarge,45.0,80.0,5.0,0.5,1.0
1,47,random_uniform_n8_uncoordinated,random_uniform_n8_uncoordinated,midflight_failure,[1],c4_frozen,3230704898,0.5,4000,100000.0,4000.0,[],[],True,0,0.0,0,0.017129220983824536,9617.790457278326,8902.260530154548,3976.2180224809376,0.017156417181092093,0.010342308003848343,0.006786912979976193,0.006857838861724913,344.02714932126696,0.9970932526634223,9000,9001,0.016844946025400584,7919.183005356601,0.9897741539003376,200000.0,1.0,budget_exhausted,5.000000000464838,True,True,True,"[[520645.01713351544,5662822.070045462],[520615.01713351544,5662912.206616024],[520705.01713351544,5662912.206616024],[520675.01713351544,5663002.343186585],[520615.01713351544,5662912.206616024]]",a800830691d2167d6a15ff4497b6c4227ef9a8749ffdbfffc327a1bea4d2471f,3b99c1e5ce3b408be77c65085b7077ea926ab41e90c7ece514051d5c993e9b12,35f7473f1a8775fc53d56c2b0868b56428733c2ec6ee099b83faace0851922b8,2061208408,null,9000,0.0,matched_prior_exact,0,stationary,1,"{""fraction"":0.5,""k"":1,""stage"":""c7-timing""}",e48f7e450930aa2cad23001d8a223a0347fc2e867d4f90039ce62228ac53c328,0.9885692730268606,9728,9729,0.9505531214723895,none,0.000383189524460148,True,revision_C_base@712b395,712b395,5ede81cb5815049fe381f461ce5502b4a13d3d3945ab77c4b78242c6d10572b8,c7-timing_20260911_041506_496602_705c3cf8,705c3cf8d1b3a80735499262310009dc0b3cd9c5e151de83f16ab60a82062b6e,none,none,none,evidence,revision_B_base,revision_B_base,0.5,0.8,10000.0,none,5,200000.0,xlarge,45.0,80.0,5.0,0.5,1.0
1,47,dynamic_evidence_3step,dynamic_3step,midflight_failure,[1],c4_frozen,3230704898,0.75,6379,150020.61719588737,6379.0,[],[],True,0,0.0,0,0.37614356727687037,7057.313970897163,6982.451198970284,5235.55577279815,0.37657980057540164,0.3140534405227867,0.06209012675408365,0.09051744031110086,11.462801540644637,0.91276129169172,9053,9054,0.3549545414861023,6314.8371603227515,0.7892559880418387,200019.3510651742,1.000096755325871,budget_exhausted,5.000000000155922,True,True,True,"[[520645.01713351544,5662822.070045462],[520615.01713351544,5662912.206616024],[520705.01713351544,5662912.206616024],[520675.01713351544,5663002.343186585],[520615.01713351544,5662912.206616024]]",a800830691d2167d6a15ff4497b6c4227ef9a8749ffdbfffc327a1bea4d2471f,2288601eb954f04f9168a0d1beee41009023bb9d59873a7189c4a707c741d0db,52bcaa837bebd97a68895243a5dcefe1fc0db9ebabaf7ef9677bbb7e1f40f7b9,2061208408,null,4098,491.6981016281352,matched_prior_exact,0,stationary,1,"{""fraction"":0.75,""k"":1,""stage"":""c7-timing""}",1afd6aad4615879250c18a49e0765e646d736ba5546c63af535ab9149ba3f9ac,0.769273378122647,9173,9174,0.9967664807017425,none,0.01011044783351489,True,revision_C_base@712b395,712b395,5ede81cb5815049fe381f461ce5502b4a13d3d3945ab77c4b78242c6d10572b8,c7-timing_20260911_041506_496602_705c3cf8,705c3cf8d1b3a80735499262310009dc0b3cd9c5e151de83f16ab60a82062b6e,none,none,none,evidence,revision_B_base,revision_B_base,0.5,0.8,10000.0,none,5,200000.0,xlarge,45.0,80.0,5.0,0.5,1.0
1,47,online_static_3step,online_static_3step,midflight_failure,[1],c4_frozen,3230704898,0.75,6460,150007.52636674664,6460.0,[],[],True,0,0.0,0,0.24502356700612093,7591.047375570163,7591.047375570163,5512.14812960741,0.24532233105118562,0.22204295602724594,0.022980610978874993,0.029539691371031313,24.208854532677442,0.9586927998327973,9173,9174,0.23547895562109827,6699.852577572526,0.8373769000840552,200007.4158757019,1.0000370793785096,budget_exhausted,5.000000000155922,True,True,True,"[[520645.01713351544,5662822.070045462],[520615.01713351544,5662912.206616024],[520705.01713351544,5662912.206616024],[520675.01713351544,5663002.343186585],[520615.01713351544,5662912.206616024]]",a800830691d2167d6a15ff4497b6c4227ef9a8749ffdbfffc327a1bea4d2471f,596ac52957b5a67b7d7af7d491d37edf05b314948cbe1679e8cd4427f07cebfd,2d919b5733121721df5b27cb6c3b5dfb785ee01286e1345c0340d233b7a866c4,2061208408,null,4246,464.2795659736148,matched_prior_exact,0,stationary,1,"{""fraction"":0.75,""k"":1,""stage"":""c7-timing""}",1afd6aad4615879250c18a49e0765e646d736ba5546c63af535ab9149ba3f9ac,0.8274522973152565,9173,9174,0.9733826610567649,none,0.006674341335584533,True,revision_C_base@712b395,712b395,5ede81cb5815049fe381f461ce5502b4a13d3d3945ab77c4b78242c6d10572b8,c7-timing_20260911_041506_496602_705c3cf8,705c3cf8d1b3a80735499262310009dc0b3cd9c5e151de83f16ab60a82062b6e,none,none,none,evidence,revision_B_base,revision_B_base,0.5,0.8,10000.0,none,5,200000.0,xlarge,45.0,80.0,5.0,0.5,1.0
1,47,pizza_replan_midflight,pizza_replan,midflight_failure,[1],c4_frozen,3230704898,0.75,6010,150012.1775160426,6010.0,[],[],True,0,0.0,0,0.2767560766595239,7425.905714024939,6948.564724620149,5117.9081491599545,0.27701953615757086,0.26282891343698267,0.013927163222541228,0.01889271496997415,13.848059083130686,0.9277877142206757,8513,8514,0.27335036901677207,6576.758000376166,0.8219920010468899,200012.54000693525,1.0000627000346762,budget_exhausted,5.000000000912507,True,True,True,"[[520645.01713351544,5662822.070045462],[520615.01713351544,5662912.206616024],[520705.01713351544,5662912.206616024],[520675.01713351544,5663002.343186585],[520615.01713351544,5662912.206616024]]",a800830691d2167d6a15ff4497b6c4227ef9a8749ffdbfffc327a1bea4d2471f,15188b148c202baad1136c391293b5998a1719b822e625ec6c4d0c6db3ab29aa,aed55a611d7c240fec77a80a67483ebbbffd6c7bbe95b5e2d5e50969ac71a611,2061208408,"{""assignment"":{""0"":[3,""forward""],""2"":[0,""forward""],""3"":[1,""forward""],""4"":[2,""forward""]},""assignment_cost"":5891.061245778166,""deadhead_fraction_remaining_budget"":0.11784992730317041,""deadhead_per_drone"":{""0"":1268.280432474376,""2"":1259.7745123849872,""3"":1973.051590533785,""4"":1389.954710385018},""deadhead_total"":5891.061245778166,""empty_sectors"":0,""generator"":""generate_pizza_zigzag_path(overlap=0.0, path_point_spacing_m=10.0, border_gap_m=0.0)"",""num_sectors"":4,""orientations_per_sector"":{""0"":""forward"",""2"":""forward"",""3"":""forward"",""4"":""forward""},""prefix_removed_total"":4132,""route_length_after_replan"":{""0"":1170085.3174933847,""2"":1170341.904710847,""3"":1137520.584223751,""4"":1170341.904710841},""search_inactive_uav_ids"":[],""suffix_removed_total"":0,""survivor_ids"":[0,2,3,4],""task_splits"":0}",0,0.0,matched_prior_exact,0,stationary,1,"{""fraction"":0.75,""k"":1,""stage"":""c7-timing""}",1afd6aad4615879250c18a49e0765e646d736ba5546c63af535ab9149ba3f9ac,0.8094512441710201,9173,9174,0.8605193720542842,none,0.01839239123009684,True,revision_C_base@712b395,712b395,5ede81cb5815049fe381f461ce5502b4a13d3d3945ab77c4b78242c6d10572b8,c7-timing_20260911_041506_496602_705c3cf8,705c3cf8d1b3a80735499262310009dc0b3cd9c5e151de83f16ab60a82062b6e,none,none,none,evidence,revision_B_base,revision_B_base,0.5,0.8,10000.0,none,5,200000.0,xlarge,45.0,80.0,5.0,0.5,1.0
1,47,pizza_fixed_midflight,pizza_fixed,midflight_failure,[1],c4_frozen,3230704898,0.75,6010,150012.1775160426,6010.0,[],[],True,0,0.0,0,0.32335285272626846,7332.1450728904965,6884.881308542302,5117.9081491599545,0.3237645521568439,0.26282891343698267,0.06052393928928579,0.08210297499793744,10.97850767583006,0.9089129388503714,8512,8513,0.3114337538091755,6535.325835549665,0.8168136277402406,200018.163945578,1.0000908197278902,budget_exhausted,5.000000000912507,True,True,True,"[[520645.01713351544,5662822.070045462],[520615.01713351544,5662912.206616024],[520705.01713351544,5662912.206616024],[520675.01713351544,5663002.343186585],[520615.01713351544,5662912.206616024]]",a800830691d2167d6a15ff4497b6c4227ef9a8749ffdbfffc327a1bea4d2471f,3d189d03c98a0a3ed7700e3316b8a8a072169c74d7e54a1b6d10555f176c9b93,aed55a611d7c240fec77a80a67483ebbbffd6c7bbe95b5e2d5e50969ac71a611,2061208408,null,0,0.0,matched_prior_exact,0,stationary,1,"{""fraction"":0.75,""k"":1,""stage"":""c7-timing""}",1afd6aad4615879250c18a49e0765e646d736ba5546c63af535ab9149ba3f9ac,0.7992309867986153,9173,9174,1.0054030145913857,none,0.008172133857691999,True,revision_C_base@712b395,712b395,5ede81cb5815049fe381f461ce5502b4a13d3d3945ab77c4b78242c6d10572b8,c7-timing_20260911_041506_496602_705c3cf8,705c3cf8d1b3a80735499262310009dc0b3cd9c5e151de83f16ab60a82062b6e,none,none,none,evidence,revision_B_base,revision_B_base,0.5,0.8,10000.0,none,5,200000.0,xlarge,45.0,80.0,5.0,0.5,1.0
1,47,random_uniform_n8_uncoordinated,random_uniform_n8_uncoordinated,midflight_failure,[1],c4_frozen,3230704898,0.75,6000,150000.0,6000.0,[],[],True,0,0.0,0,0.01722219643252121,9070.61105060068,8409.201588799644,5950.838956043677,0.01725812426624466,0.015270625830383548,0.0019515706021376606,0.001981834454550869,347.24657534246575,0.9971202019803542,8500,8501,0.017211432007506505,7917.809655644431,0.9896025066422236,200000.0,1.0,budget_exhausted,5.000000000464838,True,True,True,"[[520645.01713351544,5662822.070045462],[520615.01713351544,5662912.206616024],[520705.01713351544,5662912.206616024],[520675.01713351544,5663002.343186585],[520615.01713351544,5662912.206616024]]",a800830691d2167d6a15ff4497b6c4227ef9a8749ffdbfffc327a1bea4d2471f,8513a04265175827d622e76218f62daf743869c5a07c19f6e4e41a69b332aa51,ac2857dd72639a613bc0ae81a6181883dfc88d411410434b3dba2b55b3e3fd0e,2061208408,null,8500,0.0,matched_prior_exact,0,stationary,1,"{""fraction"":0.75,""k"":1,""stage"":""c7-timing""}",1afd6aad4615879250c18a49e0765e646d736ba5546c63af535ab9149ba3f9ac,0.9887302213429998,9173,9174,0.9557126148937408,none,0.000544137840599368,True,revision_C_base@712b395,712b395,5ede81cb5815049fe381f461ce5502b4a13d3d3945ab77c4b78242c6d10572b8,c7-timing_20260911_041506_496602_705c3cf8,705c3cf8d1b3a80735499262310009dc0b3cd9c5e151de83f16ab60a82062b6e,none,none,none,evidence,revision_B_base,revision_B_base,0.5,0.8,10000.0,none,5,200000.0,xlarge,45.0,80.0,5.0,0.5,1.0
1,48,dynamic_evidence_3step,dynamic_3step,midflight_failure,[3],c4_frozen,3781670433,0.25,2125,50018.848178534085,2125.0,[],[],True,0,0.0,0,0.3585973742605644,8246.306730520031,7863.389362953757,1960.3862137148117,0.35897223779350196,0.1365629784305947,0.22203439582996973,0.2571518133730174,11.970774647887325,0.9164632173427067,10131,10132,0.31454553462061335,6450.68874485054,0.806235313692106,200015.46629254165,1.0000773314627083,budget_exhausted,5.000000000155922,True,True,True,"[[520615.01713351544,5662972.297663065],[520585.01713351544,5662912.206616024],[520615.01713351544,5662822.070045462],[520585.01713351544,5662882.161092503],[520675.01713351544,5662852.115568982]]",6a770aa80b8b9a32e0208d4e57fa414f4e132f94048c63345cf70e2879ceaf9c,e3f85c97c2d7a5306e21ff5aacc98b43675a0963495c910668284a3e65da048b,2ca084c0efc8dc010eee0a389acd70eb700f7e9c7724cc80215407c082042480,3632189806,null,4208,496.25819023372605,matched_prior_exact,0,stationary,1,"{""fraction"":0.25,""k"":1,""stage"":""c7-timing""}",afb392704cd91dc121192dd93c7aa1904370ee07844253dff5b4afaa9642f3ae,0.7685997511902349,10728,10729,1.0093580544223848,none,0.007301676612204933,True,revision_C_base@712b395,712b395,5ede81cb5815049fe381f461ce5502b4a13d3d3945ab77c4b78242c6d10572b8,c7-timing_20260911_041506_496602_705c3cf8,705c3cf8d1b3a80735499262310009dc0b3cd9c5e151de83f16ab60a82062b6e,none,none,none,evidence,revision_B_base,revision_B_base,0.5,0.8,10000.0,none,5,200000.0,xlarge,45.0,80.0,5.0,0.5,1.0
1,48,online_static_3step,online_static_3step,midflight_failure,[3],c4_frozen,3781670433,0.25,2155,50017.76648538449,2155.0,[],[],True,0,0.0,0,0.20599188134151214,8987.142515381049,8987.142515381049,1983.1953111234513,0.20624016892748484,0.1385064198789502,0.06748546146256193,0.07833542004234023,32.745269286754,0.9694612375533428,10728,10729,0.20337311622160903,6820.697035179013,0.8524805693262109,200011.43958145386,1.0000571979072692,budget_exhausted,5.000000000155922,True,True,True,"[[520615.01713351544,5662972.297663065],[520585.01713351544,5662912.206616024],[520615.01713351544,5662822.070045462],[520585.01713351544,5662882.161092503],[520675.01713351544,5662852.115568982]]",6a770aa80b8b9a32e0208d4e57fa414f4e132f94048c63345cf70e2879ceaf9c,db3909c34d0b60fa9b9872ea6ecdba3b6973153347cf96c1c6beec21eb043f34,eb5c79619e6b6bfb793400a793fde343d7591c5ad390ddf10e1d9ff99d2e6e83,3632189806,null,5402,547.5045924712613,matched_prior_exact,0,stationary,1,"{""fraction"":0.25,""k"":1,""stage"":""c7-timing""}",afb392704cd91dc121192dd93c7aa1904370ee07844253dff5b4afaa9642f3ae,0.8376495959904043,10728,10729,0.8671923110192947,none,0.016675360748989676,True,revision_C_base@712b395,712b395,5ede81cb5815049fe381f461ce5502b4a13d3d3945ab77c4b78242c6d10572b8,c7-timing_20260911_041506_496602_705c3cf8,705c3cf8d1b3a80735499262310009dc0b3cd9c5e151de83f16ab60a82062b6e,none,none,none,evidence,revision_B_base,revision_B_base,0.5,0.8,10000.0,none,5,200000.0,xlarge,45.0,80.0,5.0,0.5,1.0
1,48,pizza_replan_midflight,pizza_replan,midflight_failure,[3],c4_frozen,3781670433,0.25,2006,50003.74602021153,2006.0,[],[],True,0,0.0,0,0.28927554427788266,8808.46779635631,7945.648307109811,1887.7816628165094,0.28956962744129106,0.11393929812836553,0.17533624614951712,0.19788288294374495,12.925596237823312,0.9226341298613547,9514,9515,0.2527344371615428,6842.7405378444855,0.8552356627727141,200019.98596986994,1.0000999298493498,budget_exhausted,5.000000000912507,True,True,True,"[[520615.01713351544,5662972.297663065],[520585.01713351544,5662912.206616024],[520615.01713351544,5662822.070045462],[520585.01713351544,5662882.161092503],[520675.01713351544,5662852.115568982]]",6a770aa80b8b9a32e0208d4e57fa414f4e132f94048c63345cf70e2879ceaf9c,0bfa732ed5eb60d1ae87a82d013e06500ed59592883c18463b36207807ca0fb6,06b5f672824e4b55fc7af26afdbe0a06619cf2c67e5d6252dac145c2cad00bcf,3632189806,"{""assignment"":{""0"":[1,""forward""],""1"":[2,""forward""],""2"":[0,""forward""],""4"":[3,""forward""]},""assignment_cost"":2103.997760774901,""deadhead_fraction_remaining_budget"":0.014027002041387036,""deadhead_per_drone"":{""0"":95.81693229016216,""1"":802.6205074148324,""2"":571.8694791986319,""4"":633.6908418712746},""deadhead_total"":2103.997760774901,""empty_sectors"":0,""generator"":""generate_pizza_zigzag_path(overlap=0.0, path_point_spacing_m=10.0, border_gap_m=0.0)"",""num_sectors"":4,""orientations_per_sector"":{""0"":""forward"",""1"":""forward"",""2"":""forward"",""4"":""forward""},""prefix_removed_total"":1832,""route_length_after_replan"":{""0"":1161303.1826265266,""1"":1170341.904710841,""2"":1170341.904710847,""4"":1170085.3174933847},""search_inactive_uav_ids"":[],""suffix_removed_total"":0,""survivor_ids"":[0,1,2,4],""task_splits"":0}",0,0.0,matched_prior_exact,0,stationary,1,"{""fraction"":0.25,""k"":1,""stage"":""c7-timing""}",afb392704cd91dc121192dd93c7aa1904370ee07844253dff5b4afaa9642f3ae,0.8209961596007372,10728,10729,0.8994434779693407,none,0.03453845146550161,True,revision_C_base@712b395,712b395,5ede81cb5815049fe381f461ce5502b4a13d3d3945ab77c4b78242c6d10572b8,c7-timing_20260911_041506_496602_705c3cf8,705c3cf8d1b3a80735499262310009dc0b3cd9c5e151de83f16ab60a82062b6e,none,none,none,evidence,revision_B_base,revision_B_base,0.5,0.8,10000.0,none,5,200000.0,xlarge,45.0,80.0,5.0,0.5,1.0
1,48,pizza_fixed_midflight,pizza_fixed,midflight_failure,[3],c4_frozen,3781670433,0.25,2006,50003.74602021153,2006.0,[],[],True,0,0.0,0,0.334006175125223,8423.700275554262,7613.851784506569,1887.7816628165094,0.33441570439267565,0.11393929812836553,0.22006687699685748,0.24836546359860914,10.935291189646591,0.9085529609904865,9512,9513,0.3025408877769605,6583.803510198299,0.8228725797023245,200003.25542537725,1.0000162771268863,budget_exhausted,5.000000000912507,True,True,True,"[[520615.01713351544,5662972.297663065],[520585.01713351544,5662912.206616024],[520615.01713351544,5662822.070045462],[520585.01713351544,5662882.161092503],[520675.01713351544,5662852.115568982]]",6a770aa80b8b9a32e0208d4e57fa414f4e132f94048c63345cf70e2879ceaf9c,c203fbb13262ad68a32d2dfad8d9d3504faa0109f101e60dbf4ab4c68b465090,06b5f672824e4b55fc7af26afdbe0a06619cf2c67e5d6252dac145c2cad00bcf,3632189806,null,0,0.0,matched_prior_exact,0,stationary,1,"{""fraction"":0.25,""k"":1,""stage"":""c7-timing""}",afb392704cd91dc121192dd93c7aa1904370ee07844253dff5b4afaa9642f3ae,0.7851337753336063,10728,10729,1.038524278185367,none,-0.0013239328016293461,True,revision_C_base@712b395,712b395,5ede81cb5815049fe381f461ce5502b4a13d3d3945ab77c4b78242c6d10572b8,c7-timing_20260911_041506_496602_705c3cf8,705c3cf8d1b3a80735499262310009dc0b3cd9c5e151de83f16ab60a82062b6e,none,none,none,evidence,revision_B_base,revision_B_base,0.5,0.8,10000.0,none,5,200000.0,xlarge,45.0,80.0,5.0,0.5,1.0
1,48,random_uniform_n8_uncoordinated,random_uniform_n8_uncoordinated,midflight_failure,[3],c4_frozen,3781670433,0.25,2000,50000.0,2000.0,[],[],True,0,0.0,0,0.023744805112193602,10570.614880875593,9371.773501553398,1991.6240288895558,0.023838246444620473,0.008731200856597955,0.015013604255595647,0.015145845676338797,279.3192660550459,0.9964198674365594,9500,9501,0.02143169163529355,7905.587307310516,0.9880749040508081,200000.0,1.0,budget_exhausted,5.000000000465331,True,True,True,"[[520615.01713351544,5662972.297663065],[520585.01713351544,5662912.206616024],[520615.01713351544,5662822.070045462],[520585.01713351544,5662882.161092503],[520675.01713351544,5662852.115568982]]",6a770aa80b8b9a32e0208d4e57fa414f4e132f94048c63345cf70e2879ceaf9c,cb31ab7cef0729010e08f546131069ffe7a2a61498c9cb04bbf160d4823f32e6,d0bf8ffd44253fe29c43b38c6b026acf7191b5d9e174cc1df546d5f0355243fd,3632189806,null,9500,0.0,matched_prior_exact,0,stationary,1,"{""fraction"":0.25,""k"":1,""stage"":""c7-timing""}",afb392704cd91dc121192dd93c7aa1904370ee07844253dff5b4afaa9642f3ae,0.9852376624918998,10728,10729,1.0870458865511763,none,-0.0002964198445871702,True,revision_C_base@712b395,712b395,5ede81cb5815049fe381f461ce5502b4a13d3d3945ab77c4b78242c6d10572b8,c7-timing_20260911_041506_496602_705c3cf8,705c3cf8d1b3a80735499262310009dc0b3cd9c5e151de83f16ab60a82062b6e,none,none,none,evidence,revision_B_base,revision_B_base,0.5,0.8,10000.0,none,5,200000.0,xlarge,45.0,80.0,5.0,0.5,1.0
1,48,dynamic_evidence_3step,dynamic_3step,midflight_failure,[3],c4_frozen,3781670433,0.5,4247,100014.88610124192,4247.0,[],[],True,0,0.0,0,0.36355266818748216,7779.091253511551,7427.135879019242,3691.3615761660753,0.36391838551351086,0.2312553153186735,0.13229735286880867,0.17209530746043583,11.930894023456704,0.9161839843658025,9596,9597,0.32902513629846386,6383.622312461128,0.7978530574254628,200010.49948339854,1.0000524974169926,budget_exhausted,5.000000000155922,True,True,True,"[[520615.01713351544,5662972.297663065],[520585.01713351544,5662912.206616024],[520615.01713351544,5662822.070045462],[520585.01713351544,5662882.161092503],[520675.01713351544,5662852.115568982]]",6a770aa80b8b9a32e0208d4e57fa414f4e132f94048c63345cf70e2879ceaf9c,b5efca38c005a0ab2426f70f12a663602bfab8f3333076c30d147cdf73c2abc1,bd3dab61ec58400156190ab8a1c07a08b5e26ccec9ac0e0433f661bb66c1edc6,3632189806,null,4199,476.1300551421882,matched_prior_exact,0,stationary,1,"{""fraction"":0.5,""k"":1,""stage"":""c7-timing""}",e48f7e450930aa2cad23001d8a223a0347fc2e867d4f90039ce62228ac53c328,0.7664129313804484,10149,10150,1.0233059140448326,none,0.0051148568024184105,True,revision_C_base@712b395,712b395,5ede81cb5815049fe381f461ce5502b4a13d3d3945ab77c4b78242c6d10572b8,c7-timing_20260911_041506_496602_705c3cf8,705c3cf8d1b3a80735499262310009dc0b3cd9c5e151de83f16ab60a82062b6e,none,none,none,evidence,revision_B_base,revision_B_base,0.5,0.8,10000.0,none,5,200000.0,xlarge,45.0,80.0,5.0,0.5,1.0
1,48,online_static_3step,online_static_3step,midflight_failure,[3],c4_frozen,3781670433,0.5,4391,100016.71311200032,4391.0,[],[],True,0,0.0,0,0.21360927906423838,8409.322079595382,8409.322079595382,3849.9822940504723,0.21387944302180964,0.1889043563801493,0.02470492268408908,0.030458704689662885,31.07871972318339,0.9678236423859493,10149,10150,0.21360927906423838,6719.368420304191,0.8398160755285828,200013.61422967026,1.0000680711483514,budget_exhausted,5.0000000002714575,True,True,True,"[[520615.01713351544,5662972.297663065],[520585.01713351544,5662912.206616024],[520615.01713351544,5662822.070045462],[520585.01713351544,5662882.161092503],[520675.01713351544,5662852.115568982]]",6a770aa80b8b9a32e0208d4e57fa414f4e132f94048c63345cf70e2879ceaf9c,449729146e007910d21cc4ad539189b3e5c97cf2525a23e547c48b78377257e6,70f37bef32e3970d3f9a68c8a07405fa5ae04365a905956bada0d32c8398773d,3632189806,null,5123,514.5695577198057,matched_prior_exact,0,stationary,1,"{""fraction"":0.5,""k"":1,""stage"":""c7-timing""}",e48f7e450930aa2cad23001d8a223a0347fc2e867d4f90039ce62228ac53c328,0.8285046383837815,10149,10150,0.8992603162829219,none,0.007530403142366859,True,revision_C_base@712b395,712b395,5ede81cb5815049fe381f461ce5502b4a13d3d3945ab77c4b78242c6d10572b8,c7-timing_20260911_041506_496602_705c3cf8,705c3cf8d1b3a80735499262310009dc0b3cd9c5e151de83f16ab60a82062b6e,none,none,none,evidence,revision_B_base,revision_B_base,0.5,0.8,10000.0,none,5,200000.0,xlarge,45.0,80.0,5.0,0.5,1.0
1,48,pizza_replan_midflight,pizza_replan,midflight_failure,[3],c4_frozen,3781670433,0.5,4008,100002.29759236758,4008.0,[],[],True,0,0.0,0,0.24175807654509782,8365.725413605056,7504.36258856016,3575.186247704041,0.24191352113191103,0.19499388859388708,0.046764187951210734,0.058091717924385965,16.82331073693418,0.9405586679318368,9013,9014,0.22618533224055168,6726.37785229209,0.840692145018384,200001.23105834398,1.0000061552917199,budget_exhausted,5.000000000912507,True,True,True,"[[520615.01713351544,5662972.297663065],[520585.01713351544,5662912.206616024],[520615.01713351544,5662822.070045462],[520585.01713351544,5662882.161092503],[520675.01713351544,5662852.115568982]]",6a770aa80b8b9a32e0208d4e57fa414f4e132f94048c63345cf70e2879ceaf9c,1c5d82407d2943bd0a378cb0c1806b612e78b79e946546bf44bfa6a27971611a,772feb7e2435757cd35ebf67b70c39da57c9f53e97439bd277cc70c44db0e9f9,3632189806,"{""assignment"":{""0"":[1,""forward""],""1"":[2,""forward""],""2"":[0,""forward""],""4"":[3,""forward""]},""assignment_cost"":2876.941383831527,""deadhead_fraction_remaining_budget"":0.028770074857359343,""deadhead_per_drone"":{""0"":28.056099391760895,""1"":970.9775091004865,""2"":949.5039660516974,""4"":928.4038092875827},""deadhead_total"":2876.941383831527,""empty_sectors"":0,""generator"":""generate_pizza_zigzag_path(overlap=0.0, path_point_spacing_m=10.0, border_gap_m=0.0)"",""num_sectors"":4,""orientations_per_sector"":{""0"":""forward"",""1"":""forward"",""2"":""forward"",""4"":""forward""},""prefix_removed_total"":2989,""route_length_after_replan"":{""0"":1149299.7435968432,""1"":1170341.904710841,""2"":1170341.904710847,""4"":1170085.3174933847},""search_inactive_uav_ids"":[],""suffix_removed_total"":0,""survivor_ids"":[0,1,2,4],""task_splits"":0}",0,0.0,matched_prior_exact,0,stationary,1,"{""fraction"":0.5,""k"":1,""stage"":""c7-timing""}",e48f7e450930aa2cad23001d8a223a0347fc2e867d4f90039ce62228ac53c328,0.824209400355178,10149,10150,0.7516975751880952,none,0.037751692219942345,True,revision_C_base@712b395,712b395,5ede81cb5815049fe381f461ce5502b4a13d3d3945ab77c4b78242c6d10572b8,c7-timing_20260911_041506_496602_705c3cf8,705c3cf8d1b3a80735499262310009dc0b3cd9c5e151de83f16ab60a82062b6e,none,none,none,evidence,revision_B_base,revision_B_base,0.5,0.8,10000.0,none,5,200000.0,xlarge,45.0,80.0,5.0,0.5,1.0
1,48,pizza_fixed_midflight,pizza_fixed,midflight_failure,[3],c4_frozen,3781670433,0.5,4008,100002.29759236758,4008.0,[],[],True,0,0.0,0,0.33155301816220334,7995.73248593324,7235.708267583604,3575.186247704041,0.33193484510381344,0.19499388859388708,0.13655912956831626,0.1696373824166216,10.958808437856328,0.9087492033763835,9012,9013,0.3096266900809456,6548.1958624731715,0.8184221800366418,200009.2108914665,1.0000460544573324,budget_exhausted,5.000000000912507,True,True,True,"[[520615.01713351544,5662972.297663065],[520585.01713351544,5662912.206616024],[520615.01713351544,5662822.070045462],[520585.01713351544,5662882.161092503],[520675.01713351544,5662852.115568982]]",6a770aa80b8b9a32e0208d4e57fa414f4e132f94048c63345cf70e2879ceaf9c,01f9784d7d49277d4d9e2d82233ee98c65fde4d6c683122aa430b59e639806a5,772feb7e2435757cd35ebf67b70c39da57c9f53e97439bd277cc70c44db0e9f9,3632189806,null,0,0.0,matched_prior_exact,0,stationary,1,"{""fraction"":0.5,""k"":1,""stage"":""c7-timing""}",e48f7e450930aa2cad23001d8a223a0347fc2e867d4f90039ce62228ac53c328,0.7877568951658365,10149,10150,1.030896685481908,none,0.0012991870306008346,True,revision_C_base@712b395,712b395,5ede81cb5815049fe381f461ce5502b4a13d3d3945ab77c4b78242c6d10572b8,c7-timing_20260911_041506_496602_705c3cf8,705c3cf8d1b3a80735499262310009dc0b3cd9c5e151de83f16ab60a82062b6e,none,none,none,evidence,revision_B_base,revision_B_base,0.5,0.8,10000.0,none,5,200000.0,xlarge,45.0,80.0,5.0,0.5,1.0
1,48,random_uniform_n8_uncoordinated,random_uniform_n8_uncoordinated,midflight_failure,[3],c4_frozen,3781670433,0.5,4000,100000.0,4000.0,[],[],True,0,0.0,0,0.022981859040383558,10003.358691766194,8880.76484780345,3970.601417157762,0.023075304903087797,0.013152852412215952,0.009829006628167606,0.009960009158655725,287.3207547169811,0.9965195692146047,9000,9001,0.021431691635293564,7902.836022499374,0.9877310364328676,200000.0,1.0,budget_exhausted,5.000000000465331,True,True,True,"[[520615.01713351544,5662972.297663065],[520585.01713351544,5662912.206616024],[520615.01713351544,5662822.070045462],[520585.01713351544,5662882.161092503],[520675.01713351544,5662852.115568982]]",6a770aa80b8b9a32e0208d4e57fa414f4e132f94048c63345cf70e2879ceaf9c,2d93b977d7edc16a012723e05b23c721c08d5636b0d4aac2d788335c71d31b66,62a6b212798ca35a4240ec64cf52491d62209c2c5d6dfa1e6eeb5e6172415e2f,3632189806,null,9000,0.0,matched_prior_exact,0,stationary,1,"{""fraction"":0.5,""k"":1,""stage"":""c7-timing""}",e48f7e450930aa2cad23001d8a223a0347fc2e867d4f90039ce62228ac53c328,0.9855525804695758,10149,10150,1.052117935569781,none,1.8498133088851176e-05,True,revision_C_base@712b395,712b395,5ede81cb5815049fe381f461ce5502b4a13d3d3945ab77c4b78242c6d10572b8,c7-timing_20260911_041506_496602_705c3cf8,705c3cf8d1b3a80735499262310009dc0b3cd9c5e151de83f16ab60a82062b6e,none,none,none,evidence,revision_B_base,revision_B_base,0.5,0.8,10000.0,none,5,200000.0,xlarge,45.0,80.0,5.0,0.5,1.0
1,48,dynamic_evidence_3step,dynamic_3step,midflight_failure,[3],c4_frozen,3781670433,0.75,6382,150016.4244437322,6382.0,[],[],True,0,0.0,0,0.36346878904921537,7357.422993224971,7033.428606851168,5249.460070940478,0.3638289913099575,0.30473165516090517,0.0587371338883102,0.08448124285293568,11.953681543009996,0.9163437643539402,9059,9060,0.3396904313177348,6346.363246018453,0.793196256220279,200002.7919430178,1.000013959715089,budget_exhausted,5.000000000155922,True,True,True,"[[520615.01713351544,5662972.297663065],[520585.01713351544,5662912.206616024],[520615.01713351544,5662822.070045462],[520585.01713351544,5662882.161092503],[520675.01713351544,5662852.115568982]]",6a770aa80b8b9a32e0208d4e57fa414f4e132f94048c63345cf70e2879ceaf9c,6e4dd143d50989ac3d1ef1f2dc28d4328a130f968a7315dbb6a53ea0e9301c48,632229b984d8d64ede60a872ef94781d02abf313ffd4daf039ed07462e337803,3632189806,null,4027,827.5644002596673,matched_prior_exact,0,stationary,1,"{""fraction"":0.75,""k"":1,""stage"":""c7-timing""}",1afd6aad4615879250c18a49e0765e646d736ba5546c63af535ab9149ba3f9ac,0.7688810735944165,9568,9569,1.0230698161537586,none,0.0075829990163864824,True,revision_C_base@712b395,712b395,5ede81cb5815049fe381f461ce5502b4a13d3d3945ab77c4b78242c6d10572b8,c7-timing_20260911_041506_496602_705c3cf8,705c3cf8d1b3a80735499262310009dc0b3cd9c5e151de83f16ab60a82062b6e,none,none,none,evidence,revision_B_base,revision_B_base,0.5,0.8,10000.0,none,5,200000.0,xlarge,45.0,80.0,5.0,0.5,1.0
1,48,online_static_3step,online_static_3step,midflight_failure,[3],c4_frozen,3781670433,0.75,6658,150024.32969986473,6658.0,[],[],True,0,0.0,0,0.21819848064075345,7924.044744790322,7924.044744790322,5649.002323454855,0.21847365419895176,0.21819848064075345,0.0,0.0,30.101006711409397,0.9667785197489437,9568,9569,0.21819848064075345,6698.179962435002,0.8371678493232099,200013.21384195666,1.0000660692097834,budget_exhausted,5.000000000343592,True,True,True,"[[520615.01713351544,5662972.297663065],[520585.01713351544,5662912.206616024],[520615.01713351544,5662822.070045462],[520585.01713351544,5662882.161092503],[520675.01713351544,5662852.115568982]]",6a770aa80b8b9a32e0208d4e57fa414f4e132f94048c63345cf70e2879ceaf9c,c6bbc6efcd211d6e104c2bffc2abbdfd2be5c0e7a52702427a30618cea599a02,67e17525a02402259153b943571d7b2fcc4727ea021b1e374db20093136e62c2,3632189806,null,4774,993.6613067418803,matched_prior_exact,0,stationary,1,"{""fraction"":0.75,""k"":1,""stage"":""c7-timing""}",1afd6aad4615879250c18a49e0765e646d736ba5546c63af535ab9149ba3f9ac,0.8280953855983197,9568,9569,0.9185801083783859,none,0.007121150356905082,True,revision_C_base@712b395,712b395,5ede81cb5815049fe381f461ce5502b4a13d3d3945ab77c4b78242c6d10572b8,c7-timing_20260911_041506_496602_705c3cf8,705c3cf8d1b3a80735499262310009dc0b3cd9c5e151de83f16ab60a82062b6e,none,none,none,evidence,revision_B_base,revision_B_base,0.5,0.8,10000.0,none,5,200000.0,xlarge,45.0,80.0,5.0,0.5,1.0
1,48,pizza_replan_midflight,pizza_replan,midflight_failure,[3],c4_frozen,3781670433,0.75,6010,150011.5072053985,6010.0,[],[],True,0,0.0,0,0.2784531189958805,7705.073308937252,6943.841349478014,5118.525658728386,0.27869309861089087,0.26277337714807725,0.01567974184780324,0.021268550757360033,13.680786686838124,0.9269047882339931,8513,8514,0.27610452479755854,6573.0864700201055,0.821533117112874,200009.24194121812,1.0000462097060907,budget_exhausted,5.000000000921537,True,True,True,"[[520615.01713351544,5662972.297663065],[520585.01713351544,5662912.206616024],[520615.01713351544,5662822.070045462],[520585.01713351544,5662882.161092503],[520675.01713351544,5662852.115568982]]",6a770aa80b8b9a32e0208d4e57fa414f4e132f94048c63345cf70e2879ceaf9c,e9a6d065b577707d24d8deea93d66d31523848c7e8aa9bef09c12ceec235d2fb,efb025401201644e5a0b6a5119a8ef63f195fb8776f32019826b7ba3c66b8a9e,3632189806,"{""assignment"":{""0"":[2,""forward""],""1"":[1,""forward""],""2"":[0,""forward""],""4"":[3,""forward""]},""assignment_cost"":4443.003060086359,""deadhead_fraction_remaining_budget"":0.08888051652891964,""deadhead_per_drone"":{""0"":1893.8081170005464,""1"":18.02654633482577,""2"":1260.979470552213,""4"":1270.1889261987744},""deadhead_total"":4443.003060086359,""empty_sectors"":0,""generator"":""generate_pizza_zigzag_path(overlap=0.0, path_point_spacing_m=10.0, border_gap_m=0.0)"",""num_sectors"":4,""orientations_per_sector"":{""0"":""forward"",""1"":""forward"",""2"":""forward"",""4"":""forward""},""prefix_removed_total"":4129,""route_length_after_replan"":{""0"":1170341.904710841,""1"":1137550.770245457,""2"":1170341.904710847,""4"":1170085.3174933847},""search_inactive_uav_ids"":[],""suffix_removed_total"":0,""survivor_ids"":[0,1,2,4],""task_splits"":0}",0,0.0,matched_prior_exact,0,stationary,1,"{""fraction"":0.75,""k"":1,""stage"":""c7-timing""}",1afd6aad4615879250c18a49e0765e646d736ba5546c63af535ab9149ba3f9ac,0.8052119666566258,9568,9569,0.865793347399172,none,0.01875425852139012,True,revision_C_base@712b395,712b395,5ede81cb5815049fe381f461ce5502b4a13d3d3945ab77c4b78242c6d10572b8,c7-timing_20260911_041506_496602_705c3cf8,705c3cf8d1b3a80735499262310009dc0b3cd9c5e151de83f16ab60a82062b6e,none,none,none,evidence,revision_B_base,revision_B_base,0.5,0.8,10000.0,none,5,200000.0,xlarge,45.0,80.0,5.0,0.5,1.0
1,48,pizza_fixed_midflight,pizza_fixed,midflight_failure,[3],c4_frozen,3781670433,0.75,6010,150011.5072053985,6010.0,[],[],True,0,0.0,0,0.32684882261059384,7589.302335367309,6878.454692043994,5118.525658728386,0.32722449116587243,0.26277337714807725,0.06407544546251659,0.08691417737281933,10.978721885041058,0.9089147160779671,8512,8513,0.3154384313246241,6530.804734140534,0.8162485606974795,200019.29640955306,1.0000964820477654,budget_exhausted,5.000000000912507,True,True,True,"[[520615.01713351544,5662972.297663065],[520585.01713351544,5662912.206616024],[520615.01713351544,5662822.070045462],[520585.01713351544,5662882.161092503],[520675.01713351544,5662852.115568982]]",6a770aa80b8b9a32e0208d4e57fa414f4e132f94048c63345cf70e2879ceaf9c,16a7a4712a9d8d05bffb1140a1e2846c1cc16d577911c0be57ce9c698299bfa5,efb025401201644e5a0b6a5119a8ef63f195fb8776f32019826b7ba3c66b8a9e,3632189806,null,0,0.0,matched_prior_exact,0,stationary,1,"{""fraction"":0.75,""k"":1,""stage"":""c7-timing""}",1afd6aad4615879250c18a49e0765e646d736ba5546c63af535ab9149ba3f9ac,0.7931134220260538,9568,9569,1.016269946057565,none,0.0066557138908182045,True,revision_C_base@712b395,712b395,5ede81cb5815049fe381f461ce5502b4a13d3d3945ab77c4b78242c6d10572b8,c7-timing_20260911_041506_496602_705c3cf8,705c3cf8d1b3a80735499262310009dc0b3cd9c5e151de83f16ab60a82062b6e,none,none,none,evidence,revision_B_base,revision_B_base,0.5,0.8,10000.0,none,5,200000.0,xlarge,45.0,80.0,5.0,0.5,1.0
1,48,random_uniform_n8_uncoordinated,random_uniform_n8_uncoordinated,midflight_failure,[3],c4_frozen,3781670433,0.75,6000,150000.0,6000.0,[],[],True,0,0.0,0,0.021942693999152215,9435.34928063618,8390.784077827,5940.81674054979,0.022046788656802006,0.016265640008807654,0.005677053990344561,0.005770921725653041,297.333984375,0.9966367786645647,8500,8501,0.021529082570822866,7901.706258625949,0.9875898335990437,200000.0,1.0,budget_exhausted,5.000000000465331,True,True,True,"[[520615.01713351544,5662972.297663065],[520585.01713351544,5662912.206616024],[520615.01713351544,5662822.070045462],[520585.01713351544,5662882.161092503],[520675.01713351544,5662852.115568982]]",6a770aa80b8b9a32e0208d4e57fa414f4e132f94048c63345cf70e2879ceaf9c,20c2ba7daee39522b32478639b7b4f4635b2a1610a3df333b442291ced268c9b,b6199f88ed0d1dd95113005a46416faadc3f59d546126c7f3a7855b80a5a134b,3632189806,null,8500,0.0,matched_prior_exact,0,stationary,1,"{""fraction"":0.75,""k"":1,""stage"":""c7-timing""}",1afd6aad4615879250c18a49e0765e646d736ba5546c63af535ab9149ba3f9ac,0.9860329481279317,9568,9569,1.0045445788637186,none,0.0004988657914447581,True,revision_C_base@712b395,712b395,5ede81cb5815049fe381f461ce5502b4a13d3d3945ab77c4b78242c6d10572b8,c7-timing_20260911_041506_496602_705c3cf8,705c3cf8d1b3a80735499262310009dc0b3cd9c5e151de83f16ab60a82062b6e,none,none,none,evidence,revision_B_base,revision_B_base,0.5,0.8,10000.0,none,5,200000.0,xlarge,45.0,80.0,5.0,0.5,1.0
1,49,dynamic_evidence_3step,dynamic_3step,midflight_failure,[3],c4_frozen,3094825738,0.25,2130,50008.30575500746,2130.0,[],[],True,0,0.0,0,0.37621220159128466,8008.563962000231,7753.434752451149,1970.4971270377903,0.37662108004575934,0.1366594090848105,0.23955279250647415,0.2774719444762058,11.531052309366709,0.9132776460316898,10109,10110,0.33252297792456176,6393.423443784235,0.7990780457173148,200000.71974223002,1.0000035987111502,budget_exhausted,5.000000000155922,True,True,True,"[[520615.01713351544,5662972.297663065],[520585.01713351544,5662972.297663065],[520645.01713351544,5662912.206616024],[520675.01713351544,5662822.070045462],[520615.01713351544,5662912.206616024]]",30dcd531ac44796a9d76860400f92ce1445a8ba0c1900d0a11fd4ded50ecd1bf,67d720642041daa3739c9d6782e17cfc0c2eb93c0d9bd6daf9a151128f642976,427b15a85f4beff881ad76ef61b1cc9f0407914682ad1b67463cbb2c3243ee35,2101923733,null,4140,887.1078976521385,matched_prior_exact,0,stationary,1,"{""fraction"":0.25,""k"":1,""stage"":""c7-timing""}",afb392704cd91dc121192dd93c7aa1904370ee07844253dff5b4afaa9642f3ae,0.7613427095731753,10518,10519,1.0113047471215277,none,0.006540418356969946,True,revision_C_base@712b395,712b395,5ede81cb5815049fe381f461ce5502b4a13d3d3945ab77c4b78242c6d10572b8,c7-timing_20260911_041506_496602_705c3cf8,705c3cf8d1b3a80735499262310009dc0b3cd9c5e151de83f16ab60a82062b6e,none,none,none,evidence,revision_B_base,revision_B_base,0.5,0.8,10000.0,none,5,200000.0,xlarge,45.0,80.0,5.0,0.5,1.0
1,49,online_static_3step,online_static_3step,midflight_failure,[3],c4_frozen,3094825738,0.25,2128,50003.61172114579,2128.0,[],[],True,0,0.0,0,0.2560996194574557,8687.684037987976,8687.684037987976,1975.9565074743991,0.25638116722989485,0.11564005534545069,0.140459564112005,0.15882623920384772,22.71318129107074,0.9559727020541534,10518,10519,0.23494026251355465,6791.256336255159,0.8488009419141557,200000.16778026763,1.0000008389013382,budget_exhausted,5.000000000155922,True,True,True,"[[520615.01713351544,5662972.297663065],[520585.01713351544,5662972.297663065],[520645.01713351544,5662912.206616024],[520675.01713351544,5662822.070045462],[520615.01713351544,5662912.206616024]]",30dcd531ac44796a9d76860400f92ce1445a8ba0c1900d0a11fd4ded50ecd1bf,b39209ee1dd173cc9ad84336442ff01c022e04143e0ab97c5fb4054e31deac3e,9011046bd539a54469284bad4921b4434607a503a5b68dc323b8cb3039115489,2101923733,null,4827,995.5326476616319,matched_prior_exact,0,stationary,1,"{""fraction"":0.25,""k"":1,""stage"":""c7-timing""}",afb392704cd91dc121192dd93c7aa1904370ee07844253dff5b4afaa9642f3ae,0.8259039868797391,10518,10519,1.067981611371405,none,-0.00601961487733671,True,revision_C_base@712b395,712b395,5ede81cb5815049fe381f461ce5502b4a13d3d3945ab77c4b78242c6d10572b8,c7-timing_20260911_041506_496602_705c3cf8,705c3cf8d1b3a80735499262310009dc0b3cd9c5e151de83f16ab60a82062b6e,none,none,none,evidence,revision_B_base,revision_B_base,0.5,0.8,10000.0,none,5,200000.0,xlarge,45.0,80.0,5.0,0.5,1.0
1,49,pizza_replan_midflight,pizza_replan,midflight_failure,[3],c4_frozen,3094825738,0.25,2006,50004.21410761279,2006.0,[],[],True,0,0.0,0,0.2956266271756586,8612.459353224702,7904.564113536409,1887.408455014376,0.29591979111437355,0.114117594258887,0.18150903291677156,0.20489066239545015,12.267522526114345,0.9184839483382842,9513,9514,0.25992851374974935,6812.75654234628,0.8514881317768129,200006.65971925508,1.0000332985962754,budget_exhausted,5.000000000922537,True,True,True,"[[520615.01713351544,5662972.297663065],[520585.01713351544,5662972.297663065],[520645.01713351544,5662912.206616024],[520675.01713351544,5662822.070045462],[520615.01713351544,5662912.206616024]]",30dcd531ac44796a9d76860400f92ce1445a8ba0c1900d0a11fd4ded50ecd1bf,bf6890ba8555920a1fbe544176b0b6a92bb7fc7456003b5eb3d15e8e125f1eee,8d5ebab809cd89543dcf4c88a17ba420b3168e5d2763d8c79ebc76410bfcbe52,2101923733,"{""assignment"":{""0"":[1,""forward""],""1"":[2,""forward""],""2"":[0,""forward""],""4"":[3,""forward""]},""assignment_cost"":2246.4833192002716,""deadhead_fraction_remaining_budget"":0.014976976225265327,""deadhead_per_drone"":{""0"":95.81693229016216,""1"":425.86762932765663,""2"":552.7463871144558,""4"":1172.052370467997},""deadhead_total"":2246.4833192002716,""empty_sectors"":0,""generator"":""generate_pizza_zigzag_path(overlap=0.0, path_point_spacing_m=10.0, border_gap_m=0.0)"",""num_sectors"":4,""orientations_per_sector"":{""0"":""forward"",""1"":""forward"",""2"":""forward"",""4"":""forward""},""prefix_removed_total"":2679,""route_length_after_replan"":{""0"":1161303.1826265266,""1"":1161303.1826265343,""2"":1170341.904710847,""4"":1170085.3174933847},""search_inactive_uav_ids"":[],""suffix_removed_total"":0,""survivor_ids"":[0,1,2,4],""task_splits"":0}",0,0.0,matched_prior_exact,0,stationary,1,"{""fraction"":0.25,""k"":1,""stage"":""c7-timing""}",afb392704cd91dc121192dd93c7aa1904370ee07844253dff5b4afaa9642f3ae,0.8187526716631526,10518,10519,0.9188623637818484,none,0.03014308307242708,True,revision_C_base@712b395,712b395,5ede81cb5815049fe381f461ce5502b4a13d3d3945ab77c4b78242c6d10572b8,c7-timing_20260911_041506_496602_705c3cf8,705c3cf8d1b3a80735499262310009dc0b3cd9c5e151de83f16ab60a82062b6e,none,none,none,evidence,revision_B_base,revision_B_base,0.5,0.8,10000.0,none,5,200000.0,xlarge,45.0,80.0,5.0,0.5,1.0
1,49,pizza_fixed_midflight,pizza_fixed,midflight_failure,[3],c4_frozen,3094825738,0.25,2006,50004.21410761279,2006.0,[],[],True,0,0.0,0,0.30933911776485973,8415.706116603009,7720.90126907452,1887.408455014376,0.3097578652327038,0.114117594258887,0.19522152350597272,0.22036956851248668,10.91546494281452,0.9083868616463943,9512,9513,0.27941681265505364,6654.64110727075,0.831726172637264,200009.49570862818,1.0000474785431408,budget_exhausted,5.00000000090993,True,True,True,"[[520615.01713351544,5662972.297663065],[520585.01713351544,5662972.297663065],[520645.01713351544,5662912.206616024],[520675.01713351544,5662822.070045462],[520615.01713351544,5662912.206616024]]",30dcd531ac44796a9d76860400f92ce1445a8ba0c1900d0a11fd4ded50ecd1bf,5862b9f56d81b31580911347488a538f6eec52138da4c542e50d356ed85aa4d6,8d5ebab809cd89543dcf4c88a17ba420b3168e5d2763d8c79ebc76410bfcbe52,2101923733,null,0,0.0,matched_prior_exact,0,stationary,1,"{""fraction"":0.25,""k"":1,""stage"":""c7-timing""}",afb392704cd91dc121192dd93c7aa1904370ee07844253dff5b4afaa9642f3ae,0.8000481145168751,10518,10519,0.9614833267056075,none,0.011438525926149579,True,revision_C_base@712b395,712b395,5ede81cb5815049fe381f461ce5502b4a13d3d3945ab77c4b78242c6d10572b8,c7-timing_20260911_041506_496602_705c3cf8,705c3cf8d1b3a80735499262310009dc0b3cd9c5e151de83f16ab60a82062b6e,none,none,none,evidence,revision_B_base,revision_B_base,0.5,0.8,10000.0,none,5,200000.0,xlarge,45.0,80.0,5.0,0.5,1.0
1,49,random_uniform_n8_uncoordinated,random_uniform_n8_uncoordinated,midflight_failure,[3],c4_frozen,3094825738,0.25,2000,50000.0,2000.0,[],[],True,0,0.0,0,0.025630146557177068,10363.826744801252,9371.918233996319,1994.3750441332431,0.025707876021684086,0.005657317832428776,0.01997282872474829,0.020086464237067093,251.15156507413508,0.9960183405597938,9500,9501,0.023178635137628353,7909.158695527669,0.9885212717819859,200000.0,1.0,budget_exhausted,5.000000000466184,True,True,True,"[[520615.01713351544,5662972.297663065],[520585.01713351544,5662972.297663065],[520645.01713351544,5662912.206616024],[520675.01713351544,5662822.070045462],[520615.01713351544,5662912.206616024]]",30dcd531ac44796a9d76860400f92ce1445a8ba0c1900d0a11fd4ded50ecd1bf,dc186a16bfbaef67c98e521abcc4427e8574853ee5cdae9afc442f211ac19f97,61f6d0eaf2536761ac080f64826430cfa3aadb2d78ad68cb2cf10dc3c81b350c,2101923733,null,9500,0.0,matched_prior_exact,0,stationary,1,"{""fraction"":0.25,""k"":1,""stage"":""c7-timing""}",afb392704cd91dc121192dd93c7aa1904370ee07844253dff5b4afaa9642f3ae,0.9852482883164989,10518,10519,0.9500365926047513,none,0.0008430487469135439,True,revision_C_base@712b395,712b395,5ede81cb5815049fe381f461ce5502b4a13d3d3945ab77c4b78242c6d10572b8,c7-timing_20260911_041506_496602_705c3cf8,705c3cf8d1b3a80735499262310009dc0b3cd9c5e151de83f16ab60a82062b6e,none,none,none,evidence,revision_B_base,revision_B_base,0.5,0.8,10000.0,none,5,200000.0,xlarge,45.0,80.0,5.0,0.5,1.0
1,49,dynamic_evidence_3step,dynamic_3step,midflight_failure,[3],c4_frozen,3094825738,0.5,4253,100023.64408581729,4253.0,[],[],True,0,0.0,0,0.37579663019095755,7553.291346313382,7325.457116332974,3684.177140494824,0.37617932455938985,0.24222774846511747,0.13356888172584008,0.1762652056146074,11.589273498426598,0.9137133142870635,9574,9575,0.34462254800807945,6319.432254829889,0.7898303030658529,200002.25856812694,1.0000112928406346,budget_exhausted,5.000000000343592,True,True,True,"[[520615.01713351544,5662972.297663065],[520585.01713351544,5662972.297663065],[520645.01713351544,5662912.206616024],[520675.01713351544,5662822.070045462],[520615.01713351544,5662912.206616024]]",30dcd531ac44796a9d76860400f92ce1445a8ba0c1900d0a11fd4ded50ecd1bf,2f06aea487ee25b06f49954ff84494a97d5c6fea339c8fe7d46ee8991d1d8525,6ad2240c85e9839727cdf552d0fc7b09a48c6c844fe26f965709ab0d3e289989,2101923733,null,4126,970.6604813913,matched_prior_exact,0,stationary,1,"{""fraction"":0.5,""k"":1,""stage"":""c7-timing""}",e48f7e450930aa2cad23001d8a223a0347fc2e867d4f90039ce62228ac53c328,0.7598884654238814,9939,9940,1.0101876399991614,none,0.005086174207676097,True,revision_C_base@712b395,712b395,5ede81cb5815049fe381f461ce5502b4a13d3d3945ab77c4b78242c6d10572b8,c7-timing_20260911_041506_496602_705c3cf8,705c3cf8d1b3a80735499262310009dc0b3cd9c5e151de83f16ab60a82062b6e,none,none,none,evidence,revision_B_base,revision_B_base,0.5,0.8,10000.0,none,5,200000.0,xlarge,45.0,80.0,5.0,0.5,1.0
1,49,online_static_3step,online_static_3step,midflight_failure,[3],c4_frozen,3094825738,0.5,4328,100016.19019309996,4328.0,[],[],True,0,0.0,0,0.24870646961990245,8263.856482985686,8263.856482985686,3862.607545189234,0.24897383206333815,0.1659193836215427,0.08278708599835974,0.09925549685810678,23.805739813185326,0.9579933239694518,9939,9940,0.23333589061301196,6793.043718807173,0.8490243368087955,200001.64480882708,1.0000082240441355,budget_exhausted,5.000000000155922,True,True,True,"[[520615.01713351544,5662972.297663065],[520585.01713351544,5662972.297663065],[520645.01713351544,5662912.206616024],[520675.01713351544,5662822.070045462],[520615.01713351544,5662912.206616024]]",30dcd531ac44796a9d76860400f92ce1445a8ba0c1900d0a11fd4ded50ecd1bf,24c72ff2176324ab70dc704628b96da444f6e199a6477871e159d6b6bfa0f891,987ff274462cf136c56b15f429d9dc501bc8e9ba3070217d0233f6c1d7aad901,2101923733,null,4732,913.2780481569935,matched_prior_exact,0,stationary,1,"{""fraction"":0.5,""k"":1,""stage"":""c7-timing""}",e48f7e450930aa2cad23001d8a223a0347fc2e867d4f90039ce62228ac53c328,0.8313738916484593,9939,9940,1.0371508428862841,none,-0.0005497101086164857,True,revision_C_base@712b395,712b395,5ede81cb5815049fe381f461ce5502b4a13d3d3945ab77c4b78242c6d10572b8,c7-timing_20260911_041506_496602_705c3cf8,705c3cf8d1b3a80735499262310009dc0b3cd9c5e151de83f16ab60a82062b6e,none,none,none,evidence,revision_B_base,revision_B_base,0.5,0.8,10000.0,none,5,200000.0,xlarge,45.0,80.0,5.0,0.5,1.0
1,49,pizza_replan_midflight,pizza_replan,midflight_failure,[3],c4_frozen,3094825738,0.5,4008,100003.0579771364,4008.0,[],[],True,0,0.0,0,0.25731694835626434,8153.549577658411,7465.825071836251,3574.5018981544345,0.257523532557321,0.19521531176776086,0.062101636588503484,0.07716552948455528,14.432310723332396,0.9307110261710675,9013,9014,0.23965311676260748,6702.680491476932,0.8377303451414738,200015.41050204934,1.0000770525102467,budget_exhausted,5.00000000090993,True,True,True,"[[520615.01713351544,5662972.297663065],[520585.01713351544,5662972.297663065],[520645.01713351544,5662912.206616024],[520675.01713351544,5662822.070045462],[520615.01713351544,5662912.206616024]]",30dcd531ac44796a9d76860400f92ce1445a8ba0c1900d0a11fd4ded50ecd1bf,5aaedc801d0147bd195ef573b228bf61f179ba15877b4bf85a005e924e69e10a,8a33d9329f796a28f0528f4e368f9514af2001e91c35b5b83a2347986e9008fa,2101923733,"{""assignment"":{""0"":[1,""forward""],""1"":[2,""forward""],""2"":[0,""forward""],""4"":[3,""forward""]},""assignment_cost"":2311.6300814321457,""deadhead_fraction_remaining_budget"":0.023117007727132374,""deadhead_per_drone"":{""0"":28.056099391760895,""1"":22.893583904647652,""2"":961.1116698244463,""4"":1299.568728311291},""deadhead_total"":2311.6300814321457,""empty_sectors"":0,""generator"":""generate_pizza_zigzag_path(overlap=0.0, path_point_spacing_m=10.0, border_gap_m=0.0)"",""num_sectors"":4,""orientations_per_sector"":{""0"":""forward"",""1"":""forward"",""2"":""forward"",""4"":""forward""},""prefix_removed_total"":4947,""route_length_after_replan"":{""0"":1149299.7435968432,""1"":1149763.1698347921,""2"":1170341.904710847,""4"":1170085.3174933847},""search_inactive_uav_ids"":[],""suffix_removed_total"":0,""survivor_ids"":[0,1,2,4],""task_splits"":0}",0,0.0,matched_prior_exact,0,stationary,1,"{""fraction"":0.5,""k"":1,""stage"":""c7-timing""}",e48f7e450930aa2cad23001d8a223a0347fc2e867d4f90039ce62228ac53c328,0.8202766174706652,9939,9940,0.7997887797410045,none,0.03166702887993966,True,revision_C_base@712b395,712b395,5ede81cb5815049fe381f461ce5502b4a13d3d3945ab77c4b78242c6d10572b8,c7-timing_20260911_041506_496602_705c3cf8,705c3cf8d1b3a80735499262310009dc0b3cd9c5e151de83f16ab60a82062b6e,none,none,none,evidence,revision_B_base,revision_B_base,0.5,0.8,10000.0,none,5,200000.0,xlarge,45.0,80.0,5.0,0.5,1.0
1,49,pizza_fixed_midflight,pizza_fixed,midflight_failure,[3],c4_frozen,3094825738,0.5,4008,100003.0579771364,4008.0,[],[],True,0,0.0,0,0.31362249472724957,7921.570854791362,7285.2989074033385,3574.5018981544345,0.3140152737648285,0.19521531176776086,0.11840718295948871,0.1471290205826078,10.946513781069724,0.9086467143786597,9012,9013,0.2936935967428127,6581.249285865174,0.822553341565451,200015.00119090264,1.0000750059545132,budget_exhausted,5.00000000090993,True,True,True,"[[520615.01713351544,5662972.297663065],[520585.01713351544,5662972.297663065],[520645.01713351544,5662912.206616024],[520675.01713351544,5662822.070045462],[520615.01713351544,5662912.206616024]]",30dcd531ac44796a9d76860400f92ce1445a8ba0c1900d0a11fd4ded50ecd1bf,d4f3a122b42c0aeaee04b806ff82705cf434a88d0788c25f66b073c0d76f6d0a,8a33d9329f796a28f0528f4e368f9514af2001e91c35b5b83a2347986e9008fa,2101923733,null,0,0.0,matched_prior_exact,0,stationary,1,"{""fraction"":0.5,""k"":1,""stage"":""c7-timing""}",e48f7e450930aa2cad23001d8a223a0347fc2e867d4f90039ce62228ac53c328,0.7969387177858513,9939,9940,0.9747968564043096,none,0.00832912919512585,True,revision_C_base@712b395,712b395,5ede81cb5815049fe381f461ce5502b4a13d3d3945ab77c4b78242c6d10572b8,c7-timing_20260911_041506_496602_705c3cf8,705c3cf8d1b3a80735499262310009dc0b3cd9c5e151de83f16ab60a82062b6e,none,none,none,evidence,revision_B_base,revision_B_base,0.5,0.8,10000.0,none,5,200000.0,xlarge,45.0,80.0,5.0,0.5,1.0
1,49,random_uniform_n8_uncoordinated,random_uniform_n8_uncoordinated,midflight_failure,[3],c4_frozen,3094825738,0.5,4000,100000.0,4000.0,[],[],True,0,0.0,0,0.02606372241411218,9794.396016699422,8879.869852046071,3977.456273313097,0.026142163873264356,0.010847787163743332,0.015215935250368847,0.01538280464109691,252.80597014925374,0.9960443972133664,9000,9001,0.023956096622960825,7905.1672536422575,0.9880224039047941,200000.0,1.0,budget_exhausted,5.000000000466184,True,True,True,"[[520615.01713351544,5662972.297663065],[520585.01713351544,5662972.297663065],[520645.01713351544,5662912.206616024],[520675.01713351544,5662822.070045462],[520615.01713351544,5662912.206616024]]",30dcd531ac44796a9d76860400f92ce1445a8ba0c1900d0a11fd4ded50ecd1bf,1d2f564288c5a568b42b3683503686ab6a948114b98c0e9137416ca15654de8b,f9465eedfaed9a2836806e0369ee4ddf2a8c7ff91fade185da4ad9c2e4c80956,2101923733,null,9000,0.0,matched_prior_exact,0,stationary,1,"{""fraction"":0.5,""k"":1,""stage"":""c7-timing""}",e48f7e450930aa2cad23001d8a223a0347fc2e867d4f90039ce62228ac53c328,0.9853517119415918,9939,9940,0.9661080157173504,none,0.0009464723720064017,True,revision_C_base@712b395,712b395,5ede81cb5815049fe381f461ce5502b4a13d3d3945ab77c4b78242c6d10572b8,c7-timing_20260911_041506_496602_705c3cf8,705c3cf8d1b3a80735499262310009dc0b3cd9c5e151de83f16ab60a82062b6e,none,none,none,evidence,revision_B_base,revision_B_base,0.5,0.8,10000.0,none,5,200000.0,xlarge,45.0,80.0,5.0,0.5,1.0
1,49,dynamic_evidence_3step,dynamic_3step,midflight_failure,[3],c4_frozen,3094825738,0.75,6375,150023.7877811392,6375.0,[],[],True,0,0.0,0,0.3753518193433829,7138.152571038252,6945.760931395768,5209.136944888783,0.37573513275448484,0.3177676802880802,0.057584139055302686,0.08440546920969419,11.575718194254446,0.9136122715481839,9035,9036,0.35370942887945683,6288.141988064857,0.785919508569536,200016.40446875928,1.0000820223437965,budget_exhausted,5.000000000305541,True,True,True,"[[520615.01713351544,5662972.297663065],[520585.01713351544,5662972.297663065],[520645.01713351544,5662912.206616024],[520675.01713351544,5662822.070045462],[520615.01713351544,5662912.206616024]]",30dcd531ac44796a9d76860400f92ce1445a8ba0c1900d0a11fd4ded50ecd1bf,9e17c815b832b9f2d50bce58454b9ac34a7e47996d8e40da47396f15a7b3e770,ea09c7d2b4eafedfe2fc17cdc38fe6008c9d99909476853c4792c56cfa4f1ddf,2101923733,null,4111,949.5859858221957,matched_prior_exact,0,stationary,1,"{""fraction"":0.75,""k"":1,""stage"":""c7-timing""}",1afd6aad4615879250c18a49e0765e646d736ba5546c63af535ab9149ba3f9ac,0.7639289994689911,9343,9344,1.0089919336403015,none,0.00912670825278572,True,revision_C_base@712b395,712b395,5ede81cb5815049fe381f461ce5502b4a13d3d3945ab77c4b78242c6d10572b8,c7-timing_20260911_041506_496602_705c3cf8,705c3cf8d1b3a80735499262310009dc0b3cd9c5e151de83f16ab60a82062b6e,none,none,none,evidence,revision_B_base,revision_B_base,0.5,0.8,10000.0,none,5,200000.0,xlarge,45.0,80.0,5.0,0.5,1.0
1,49,online_static_3step,online_static_3step,midflight_failure,[3],c4_frozen,3094825738,0.75,6537,150015.10509017587,6537.0,[],[],True,0,0.0,0,0.24442513910392263,7814.830195395451,7814.830195395451,5655.221364647213,0.24468438769018813,0.2095313194859563,0.03489381961796634,0.044143203238962994,24.414970727627544,0.9590415236964254,9343,9344,0.23333575103956095,6793.066136668477,0.8490271386912233,200008.24420856827,1.0000412210428413,budget_exhausted,5.000000000155922,True,True,True,"[[520615.01713351544,5662972.297663065],[520585.01713351544,5662972.297663065],[520645.01713351544,5662912.206616024],[520675.01713351544,5662822.070045462],[520615.01713351544,5662912.206616024]]",30dcd531ac44796a9d76860400f92ce1445a8ba0c1900d0a11fd4ded50ecd1bf,6ce34a11c3cc52f21a6be92db9552bb5263ce4a7a6f16a6e6084fcb9fac45970,63276cd880bdbca0b2d91e657fe9b0baf060d555a15d70f1a5947400e264999d,2101923733,null,4581,860.479067673703,matched_prior_exact,0,stationary,1,"{""fraction"":0.75,""k"":1,""stage"":""c7-timing""}",1afd6aad4615879250c18a49e0765e646d736ba5546c63af535ab9149ba3f9ac,0.8363474096099583,9343,9344,1.0192969223183574,none,0.004423807852882544,True,revision_C_base@712b395,712b395,5ede81cb5815049fe381f461ce5502b4a13d3d3945ab77c4b78242c6d10572b8,c7-timing_20260911_041506_496602_705c3cf8,705c3cf8d1b3a80735499262310009dc0b3cd9c5e151de83f16ab60a82062b6e,none,none,none,evidence,revision_B_base,revision_B_base,0.5,0.8,10000.0,none,5,200000.0,xlarge,45.0,80.0,5.0,0.5,1.0
1,49,pizza_replan_midflight,pizza_replan,midflight_failure,[3],c4_frozen,3094825738,0.75,6010,150013.545987268,6010.0,[],[],True,0,0.0,0,0.2873365426817901,7524.056054961101,6932.545385386937,5117.611103910961,0.2876265428314124,0.26285041553204597,0.02448612714974413,0.033217311202063914,12.746787165243346,0.9215488587801404,8513,8514,0.28324748796410404,6565.888038327479,0.8206334256127333,200016.13525087674,1.0000806762543837,budget_exhausted,5.00000000090993,True,True,True,"[[520615.01713351544,5662972.297663065],[520585.01713351544,5662972.297663065],[520645.01713351544,5662912.206616024],[520675.01713351544,5662822.070045462],[520615.01713351544,5662912.206616024]]",30dcd531ac44796a9d76860400f92ce1445a8ba0c1900d0a11fd4ded50ecd1bf,57052ce36f2e9e3cf818b68f4f19fb7026f774703c7df502d17f84c625702916,db06736468fac942726d89b7e8fc707796a0b5fe457faaaba3d743abc49cefce,2101923733,"{""assignment"":{""0"":[0,""forward""],""1"":[1,""forward""],""2"":[3,""forward""],""4"":[2,""forward""]},""assignment_cost"":3229.449690429058,""deadhead_fraction_remaining_budget"":0.06460649698429276,""deadhead_per_drone"":{""0"":1668.0026037375658,""1"":8.944368223676634,""2"":1542.3396852367082,""4"":10.16303323110745},""deadhead_total"":3229.449690429058,""empty_sectors"":0,""generator"":""generate_pizza_zigzag_path(overlap=0.0, path_point_spacing_m=10.0, border_gap_m=0.0)"",""num_sectors"":4,""orientations_per_sector"":{""0"":""forward"",""1"":""forward"",""2"":""forward"",""4"":""forward""},""prefix_removed_total"":7326,""route_length_after_replan"":{""0"":1170341.904710847,""1"":1137580.9562671634,""2"":1170085.3174933847,""4"":1136987.2978402814},""search_inactive_uav_ids"":[],""suffix_removed_total"":0,""survivor_ids"":[0,1,2,4],""task_splits"":0}",0,0.0,matched_prior_exact,0,stationary,1,"{""fraction"":0.75,""k"":1,""stage"":""c7-timing""}",1afd6aad4615879250c18a49e0765e646d736ba5546c63af535ab9149ba3f9ac,0.8052286017723781,9343,9344,0.8930952442677424,none,0.016619013181652598,True,revision_C_base@712b395,712b395,5ede81cb5815049fe381f461ce5502b4a13d3d3945ab77c4b78242c6d10572b8,c7-timing_20260911_041506_496602_705c3cf8,705c3cf8d1b3a80735499262310009dc0b3cd9c5e151de83f16ab60a82062b6e,none,none,none,evidence,revision_B_base,revision_B_base,0.5,0.8,10000.0,none,5,200000.0,xlarge,45.0,80.0,5.0,0.5,1.0
1,49,pizza_fixed_midflight,pizza_fixed,midflight_failure,[3],c4_frozen,3094825738,0.75,6010,150013.545987268,6010.0,[],[],True,0,0.0,0,0.32015644248060676,7451.752566309038,6886.122726452754,5117.611103910961,0.32056926830755805,0.26285041553204597,0.057306026948560795,0.07774002476026906,10.969597487867542,0.9088389522855321,8511,8512,0.3087843904512176,6535.869923915074,0.8168816302855986,200004.51510249905,1.0000225755124952,budget_exhausted,5.00000000090993,True,True,True,"[[520615.01713351544,5662972.297663065],[520585.01713351544,5662972.297663065],[520645.01713351544,5662912.206616024],[520675.01713351544,5662822.070045462],[520615.01713351544,5662912.206616024]]",30dcd531ac44796a9d76860400f92ce1445a8ba0c1900d0a11fd4ded50ecd1bf,65a114bd22570b494364f5f0f3c0007f3da4494cbd4687c7d00dc7bdd8f7995b,db06736468fac942726d89b7e8fc707796a0b5fe457faaaba3d743abc49cefce,2101923733,null,0,0.0,matched_prior_exact,0,stationary,1,"{""fraction"":0.75,""k"":1,""stage"":""c7-timing""}",1afd6aad4615879250c18a49e0765e646d736ba5546c63af535ab9149ba3f9ac,0.7974906427984844,9343,9344,0.995105577356937,none,0.008881054207758865,True,revision_C_base@712b395,712b395,5ede81cb5815049fe381f461ce5502b4a13d3d3945ab77c4b78242c6d10572b8,c7-timing_20260911_041506_496602_705c3cf8,705c3cf8d1b3a80735499262310009dc0b3cd9c5e151de83f16ab60a82062b6e,none,none,none,evidence,revision_B_base,revision_B_base,0.5,0.8,10000.0,none,5,200000.0,xlarge,45.0,80.0,5.0,0.5,1.0
1,49,random_uniform_n8_uncoordinated,random_uniform_n8_uncoordinated,midflight_failure,[3],c4_frozen,3094825738,0.75,6000,150000.0,6000.0,[],[],True,0,0.0,0,0.027601338772746006,9205.518837065441,8385.786765650755,5946.466817167482,0.027703368977797318,0.02102523966487683,0.006576099107869177,0.006717332636459436,244.6757624398074,0.9959129584801192,8500,8501,0.026015265002540557,7899.244303936257,0.9872821277260664,200000.0,1.0,budget_exhausted,5.000000000466184,True,True,True,"[[520615.01713351544,5662972.297663065],[520585.01713351544,5662972.297663065],[520645.01713351544,5662912.206616024],[520675.01713351544,5662822.070045462],[520615.01713351544,5662912.206616024]]",30dcd531ac44796a9d76860400f92ce1445a8ba0c1900d0a11fd4ded50ecd1bf,469dfc3404a2a8363bb0754a165f77152bcdeb09bbdf0963cd42d5b9c56e79b4,2b395ca0a4880e2e8a09417197e201e7ed9c13f1495fa422c0aa16e9089a1fdb,2101923733,null,8500,0.0,matched_prior_exact,0,stationary,1,"{""fraction"":0.75,""k"":1,""stage"":""c7-timing""}",1afd6aad4615879250c18a49e0765e646d736ba5546c63af535ab9149ba3f9ac,0.9851796700626543,9343,9344,1.023103078263364,none,0.0007744304930689117,True,revision_C_base@712b395,712b395,5ede81cb5815049fe381f461ce5502b4a13d3d3945ab77c4b78242c6d10572b8,c7-timing_20260911_041506_496602_705c3cf8,705c3cf8d1b3a80735499262310009dc0b3cd9c5e151de83f16ab60a82062b6e,none,none,none,evidence,revision_B_base,revision_B_base,0.5,0.8,10000.0,none,5,200000.0,xlarge,45.0,80.0,5.0,0.5,1.0
1,50,dynamic_evidence_3step,dynamic_3step,midflight_failure,[2],c4_frozen,4224204660,0.25,2128,50001.86960018264,2128.0,[],[],True,0,0.0,0,0.37351026167271095,7924.449631760251,7831.729150487663,1959.4299467056387,0.3738891950115878,0.13586917598889334,0.23764108568381762,0.2750059123926856,11.8958071278826,0.9159367675307968,10146,10147,0.3239419916784142,6437.064836181184,0.8045325379554036,200014.0527011089,1.0000702635055445,budget_exhausted,5.000000000155922,True,True,True,"[[520675.01713351544,5662822.070045462],[520555.01713351544,5662882.161092503],[520675.01713351544,5663002.343186585],[520735.01713351544,5662942.252139544],[520615.01713351544,5662942.252139544]]",7cadefccf80f82f4b65a03191613879c8a3d1f83bddd097e9b78bd77bff707a3,0c8345417b5e0c06a2eeb327a0119eb03702c015f9b76bfc291133f79ccb0cf6,6b1c0d9da982c41c37a5f4d6b1ba3e8f0796e692ea9ee1e7071db082c766b3e0,3688532206,null,4190,501.87106309537194,matched_prior_exact,0,stationary,1,"{""fraction"":0.25,""k"":1,""stage"":""c7-timing""}",afb392704cd91dc121192dd93c7aa1904370ee07844253dff5b4afaa9642f3ae,0.7697377009966246,10294,10295,1.078369531072673,none,-0.00797077683006242,True,revision_C_base@712b395,712b395,5ede81cb5815049fe381f461ce5502b4a13d3d3945ab77c4b78242c6d10572b8,c7-timing_20260911_041506_496602_705c3cf8,705c3cf8d1b3a80735499262310009dc0b3cd9c5e151de83f16ab60a82062b6e,none,none,none,evidence,revision_B_base,revision_B_base,0.5,0.8,10000.0,none,5,200000.0,xlarge,45.0,80.0,5.0,0.5,1.0
1,50,online_static_3step,online_static_3step,midflight_failure,[2],c4_frozen,4224204660,0.25,2156,50002.20781887618,2156.0,[],[],True,0,0.0,0,0.20247199739665508,8833.923026693452,8833.923026693452,2000.610521090309,0.20271315300269702,0.11404455853690236,0.08842743885975272,0.09981025537099311,31.975799002401626,0.968726348325967,10294,10295,0.17912854895327868,6978.128449727342,0.8721570365863445,200002.74150137667,1.0000137075068833,budget_exhausted,5.000000000155922,True,True,True,"[[520675.01713351544,5662822.070045462],[520555.01713351544,5662882.161092503],[520675.01713351544,5663002.343186585],[520735.01713351544,5662942.252139544],[520615.01713351544,5662942.252139544]]",7cadefccf80f82f4b65a03191613879c8a3d1f83bddd097e9b78bd77bff707a3,f94dbc7a2082cfac2827be1c2d9f9b86cef6b43d9ac77316888d7dac181bfe79,18d69a1347fe491a237daead6f8a5086842b82f7370d6b3974b6204d4029f5ce,3688532206,null,4404,488.08700680037146,matched_prior_exact,0,stationary,1,"{""fraction"":0.25,""k"":1,""stage"":""c7-timing""}",afb392704cd91dc121192dd93c7aa1904370ee07844253dff5b4afaa9642f3ae,0.8580789729668239,10294,10295,0.8454625807102192,none,0.023105221380798957,True,revision_C_base@712b395,712b395,5ede81cb5815049fe381f461ce5502b4a13d3d3945ab77c4b78242c6d10572b8,c7-timing_20260911_041506_496602_705c3cf8,705c3cf8d1b3a80735499262310009dc0b3cd9c5e151de83f16ab60a82062b6e,none,none,none,evidence,revision_B_base,revision_B_base,0.5,0.8,10000.0,none,5,200000.0,xlarge,45.0,80.0,5.0,0.5,1.0
1,50,pizza_replan_midflight,pizza_replan,midflight_failure,[2],c4_frozen,4224204660,0.25,2006,50000.557096116834,2006.0,[],[],True,0,0.0,0,0.2884452651164384,8513.528905428313,7958.516212219133,1887.8460448888513,0.28873917428281226,0.11399586338157336,0.17444940173486506,0.19689456801034644,12.971645569620254,0.9229087786408525,9514,9515,0.25182221926337245,6854.010112205525,0.8566441835027527,200010.650348045,1.000053251740225,budget_exhausted,5.000000000910829,True,True,True,"[[520675.01713351544,5662822.070045462],[520555.01713351544,5662882.161092503],[520675.01713351544,5663002.343186585],[520735.01713351544,5662942.252139544],[520615.01713351544,5662942.252139544]]",7cadefccf80f82f4b65a03191613879c8a3d1f83bddd097e9b78bd77bff707a3,74c95a2fc41f5db51216debde3c032eca7cfd14746d1973de978e3b3344b1bbb,4f9ef86c534e93e2d8bd67855f5cfd71327b2dfbfd9f0869ab49fe84293dc67b,3688532206,"{""assignment"":{""0"":[3,""forward""],""1"":[2,""forward""],""3"":[0,""forward""],""4"":[1,""forward""]},""assignment_cost"":2887.1281032357174,""deadhead_fraction_remaining_budget"":0.01924759217329717,""deadhead_per_drone"":{""0"":644.5258932263889,""1"":568.4036325537354,""3"":566.9580053142972,""4"":1107.240572141296},""deadhead_total"":2887.1281032357174,""empty_sectors"":0,""generator"":""generate_pizza_zigzag_path(overlap=0.0, path_point_spacing_m=10.0, border_gap_m=0.0)"",""num_sectors"":4,""orientations_per_sector"":{""0"":""forward"",""1"":""forward"",""3"":""forward"",""4"":""forward""},""prefix_removed_total"":1832,""route_length_after_replan"":{""0"":1170085.3174933847,""1"":1170341.904710841,""3"":1170341.904710847,""4"":1161303.1826265266},""search_inactive_uav_ids"":[],""suffix_removed_total"":0,""survivor_ids"":[0,1,3,4],""task_splits"":0}",0,0.0,matched_prior_exact,0,stationary,1,"{""fraction"":0.25,""k"":1,""stage"":""c7-timing""}",afb392704cd91dc121192dd93c7aa1904370ee07844253dff5b4afaa9642f3ae,0.8269576401581654,10294,10295,0.8970001534730891,none,0.035982198883338756,True,revision_C_base@712b395,712b395,5ede81cb5815049fe381f461ce5502b4a13d3d3945ab77c4b78242c6d10572b8,c7-timing_20260911_041506_496602_705c3cf8,705c3cf8d1b3a80735499262310009dc0b3cd9c5e151de83f16ab60a82062b6e,none,none,none,evidence,revision_B_base,revision_B_base,0.5,0.8,10000.0,none,5,200000.0,xlarge,45.0,80.0,5.0,0.5,1.0
1,50,pizza_fixed_midflight,pizza_fixed,midflight_failure,[2],c4_frozen,4224204660,0.25,2006,50000.557096116834,2006.0,[],[],True,0,0.0,0,0.2960415607636064,8347.292655585392,7797.501114541801,1887.8460448888513,0.2963728573466113,0.11399586338157336,0.18204569738203302,0.2054682250997596,10.929617517417887,0.9085054899307905,9513,9514,0.2661195375091961,6710.430304063516,0.8386989506391096,200012.0463752245,1.0000602318761225,budget_exhausted,5.00000000089913,True,True,True,"[[520675.01713351544,5662822.070045462],[520555.01713351544,5662882.161092503],[520675.01713351544,5663002.343186585],[520735.01713351544,5662942.252139544],[520615.01713351544,5662942.252139544]]",7cadefccf80f82f4b65a03191613879c8a3d1f83bddd097e9b78bd77bff707a3,a42f33bae306c0f979aedbe7587ebe6dfafb3dd099c34eec8568b669a6e376bc,4f9ef86c534e93e2d8bd67855f5cfd71327b2dfbfd9f0869ab49fe84293dc67b,3688532206,null,0,0.0,matched_prior_exact,0,stationary,1,"{""fraction"":0.25,""k"":1,""stage"":""c7-timing""}",afb392704cd91dc121192dd93c7aa1904370ee07844253dff5b4afaa9642f3ae,0.8108103599403004,10294,10295,0.9206229311206473,none,0.01983491866547371,True,revision_C_base@712b395,712b395,5ede81cb5815049fe381f461ce5502b4a13d3d3945ab77c4b78242c6d10572b8,c7-timing_20260911_041506_496602_705c3cf8,705c3cf8d1b3a80735499262310009dc0b3cd9c5e151de83f16ab60a82062b6e,none,none,none,evidence,revision_B_base,revision_B_base,0.5,0.8,10000.0,none,5,200000.0,xlarge,45.0,80.0,5.0,0.5,1.0
1,50,random_uniform_n8_uncoordinated,random_uniform_n8_uncoordinated,midflight_failure,[2],c4_frozen,4224204660,0.25,2000,50000.0,2000.0,[],[],True,0,0.0,0,0.025439208196142923,10151.978843219662,9378.17757452707,1993.3827947735003,0.02548027901656639,0.005875505956433599,0.019563702239709324,0.01967932825006117,270.8594306049822,0.9963080480610683,9500,9501,0.021153977878615646,7913.310264243202,0.9890401530112739,200000.0,1.0,budget_exhausted,5.00000000046507,True,True,True,"[[520675.01713351544,5662822.070045462],[520555.01713351544,5662882.161092503],[520675.01713351544,5663002.343186585],[520735.01713351544,5662942.252139544],[520615.01713351544,5662942.252139544]]",7cadefccf80f82f4b65a03191613879c8a3d1f83bddd097e9b78bd77bff707a3,f41a8faf5ee5c794e8dcf1b2bf55e007931c973a38e9a07318a9f9bc6130d725,9d6575370547f59845f9767cd23750f95a37eb6874c4e55833d3bb55f1825b74,3688532206,null,9500,0.0,matched_prior_exact,0,stationary,1,"{""fraction"":0.25,""k"":1,""stage"":""c7-timing""}",afb392704cd91dc121192dd93c7aa1904370ee07844253dff5b4afaa9642f3ae,0.9861077069664558,10294,10295,1.1025750600378594,none,-0.0002616506626516024,True,revision_C_base@712b395,712b395,5ede81cb5815049fe381f461ce5502b4a13d3d3945ab77c4b78242c6d10572b8,c7-timing_20260911_041506_496602_705c3cf8,705c3cf8d1b3a80735499262310009dc0b3cd9c5e151de83f16ab60a82062b6e,none,none,none,evidence,revision_B_base,revision_B_base,0.5,0.8,10000.0,none,5,200000.0,xlarge,45.0,80.0,5.0,0.5,1.0
1,50,dynamic_evidence_3step,dynamic_3step,midflight_failure,[2],c4_frozen,4224204660,0.5,4263,100009.41357922243,4263.0,[],[],True,0,0.0,0,0.36105683547545203,7590.103515544437,7501.290415675309,3722.818019333258,0.36139832043158965,0.21268440444039952,0.14837243103505252,0.18845356534515717,12.645549855007808,0.9209207973187511,9606,9607,0.32219180183690005,6446.115817289537,0.8056637691900433,200013.33451790072,1.0000666725895035,budget_exhausted,5.000000000225951,True,True,True,"[[520675.01713351544,5662822.070045462],[520555.01713351544,5662882.161092503],[520675.01713351544,5663002.343186585],[520735.01713351544,5662942.252139544],[520615.01713351544,5662942.252139544]]",7cadefccf80f82f4b65a03191613879c8a3d1f83bddd097e9b78bd77bff707a3,9f178fdd7cfb771b985074861b4770412066416295644efbb46be956b18d682d,a9b44a580fdc959b9684c2bb3148df577a51fd1327e7ea01a5e92660de6a424b,3688532206,null,4106,498.2822763535951,matched_prior_exact,0,stationary,1,"{""fraction"":0.5,""k"":1,""stage"":""c7-timing""}",e48f7e450930aa2cad23001d8a223a0347fc2e867d4f90039ce62228ac53c328,0.7787916597111058,9745,9746,1.0424149757454788,none,0.0010831818844186936,True,revision_C_base@712b395,712b395,5ede81cb5815049fe381f461ce5502b4a13d3d3945ab77c4b78242c6d10572b8,c7-timing_20260911_041506_496602_705c3cf8,705c3cf8d1b3a80735499262310009dc0b3cd9c5e151de83f16ab60a82062b6e,none,none,none,evidence,revision_B_base,revision_B_base,0.5,0.8,10000.0,none,5,200000.0,xlarge,45.0,80.0,5.0,0.5,1.0
1,50,online_static_3step,online_static_3step,midflight_failure,[2],c4_frozen,4224204660,0.5,4318,100005.24340488152,4318.0,[],[],True,0,0.0,0,0.21689440067694327,8246.451725521092,8246.451725521092,3859.648154919185,0.2171479714359647,0.16462480787574518,0.052269592801198084,0.06257019994606619,28.83955970647098,0.9653254068308255,9745,9746,0.2009217061144885,6866.267830603536,0.8581762067995921,200003.04804210638,1.000015240210532,budget_exhausted,5.000000000155922,True,True,True,"[[520675.01713351544,5662822.070045462],[520555.01713351544,5662882.161092503],[520675.01713351544,5663002.343186585],[520735.01713351544,5662942.252139544],[520615.01713351544,5662942.252139544]]",7cadefccf80f82f4b65a03191613879c8a3d1f83bddd097e9b78bd77bff707a3,4a0df8fb8f6aa079ac4301a1b52edbdbc1c32704aaba5120db3cdb5e64f0d6d1,4bf70f9fd2d385625277818c684451d36f80dee088fe964edde7a900817d3833,3688532206,null,4241,471.9734411302197,matched_prior_exact,0,stationary,1,"{""fraction"":0.5,""k"":1,""stage"":""c7-timing""}",e48f7e450930aa2cad23001d8a223a0347fc2e867d4f90039ce62228ac53c328,0.8461370537165085,9745,9746,0.9056862286920582,none,0.011163302130483554,True,revision_C_base@712b395,712b395,5ede81cb5815049fe381f461ce5502b4a13d3d3945ab77c4b78242c6d10572b8,c7-timing_20260911_041506_496602_705c3cf8,705c3cf8d1b3a80735499262310009dc0b3cd9c5e151de83f16ab60a82062b6e,none,none,none,evidence,revision_B_base,revision_B_base,0.5,0.8,10000.0,none,5,200000.0,xlarge,45.0,80.0,5.0,0.5,1.0
1,50,pizza_replan_midflight,pizza_replan,midflight_failure,[2],c4_frozen,4224204660,0.5,4009,100021.72457595832,4009.0,[],[],True,0,0.0,0,0.2401687594456617,8072.627839740252,7517.191202894771,3576.1459195338634,0.24032469111652613,0.19498757906076697,0.04518118038489474,0.05612482392778543,17.075668478863864,0.941437138977148,9014,9015,0.2237079205354047,6736.353894659816,0.8419389944581698,200016.4622514051,1.0000823112570254,budget_exhausted,5.000000000887173,True,True,True,"[[520675.01713351544,5662822.070045462],[520555.01713351544,5662882.161092503],[520675.01713351544,5663002.343186585],[520735.01713351544,5662942.252139544],[520615.01713351544,5662942.252139544]]",7cadefccf80f82f4b65a03191613879c8a3d1f83bddd097e9b78bd77bff707a3,55afea02526a9d91141b132c278b210e6bb66b9e6341bc51c808ec0b01027162,ad7409fd14d92055436ef1ee10425f4465fc41cffeaf002004c089bf44663b75,3688532206,"{""assignment"":{""0"":[3,""forward""],""1"":[2,""forward""],""3"":[0,""forward""],""4"":[1,""forward""]},""assignment_cost"":4691.380246260977,""deadhead_fraction_remaining_budget"":0.046923996501872504,""deadhead_per_drone"":{""0"":928.0197327823216,""1"":1151.9370440642758,""3"":952.6429335619781,""4"":1658.7805358524017},""deadhead_total"":4691.380246260977,""empty_sectors"":0,""generator"":""generate_pizza_zigzag_path(overlap=0.0, path_point_spacing_m=10.0, border_gap_m=0.0)"",""num_sectors"":4,""orientations_per_sector"":{""0"":""forward"",""1"":""forward"",""3"":""forward"",""4"":""forward""},""prefix_removed_total"":2986,""route_length_after_replan"":{""0"":1170085.3174933847,""1"":1170341.904710841,""3"":1170341.904710847,""4"":1149329.9670471437},""search_inactive_uav_ids"":[],""suffix_removed_total"":0,""survivor_ids"":[0,1,3,4],""task_splits"":0}",0,0.0,matched_prior_exact,0,stationary,1,"{""fraction"":0.5,""k"":1,""stage"":""c7-timing""}",e48f7e450930aa2cad23001d8a223a0347fc2e867d4f90039ce62228ac53c328,0.8283016457767548,9745,9746,0.7468710363307073,none,0.03732620450192814,True,revision_C_base@712b395,712b395,5ede81cb5815049fe381f461ce5502b4a13d3d3945ab77c4b78242c6d10572b8,c7-timing_20260911_041506_496602_705c3cf8,705c3cf8d1b3a80735499262310009dc0b3cd9c5e151de83f16ab60a82062b6e,none,none,none,evidence,revision_B_base,revision_B_base,0.5,0.8,10000.0,none,5,200000.0,xlarge,45.0,80.0,5.0,0.5,1.0
1,50,pizza_fixed_midflight,pizza_fixed,midflight_failure,[2],c4_frozen,4224204660,0.5,4009,100021.72457595832,4009.0,[],[],True,0,0.0,0,0.3093003150766489,7809.143581165975,7302.860712116919,3576.1459195338634,0.30966643878447647,0.19498757906076697,0.11431273601588193,0.1420012077360368,10.95780169648585,0.908740819764908,9012,9013,0.28912066222364813,6594.098131730426,0.8241592465604831,200004.5800382494,1.000022900191247,budget_exhausted,5.00000000089913,True,True,True,"[[520675.01713351544,5662822.070045462],[520555.01713351544,5662882.161092503],[520675.01713351544,5663002.343186585],[520735.01713351544,5662942.252139544],[520615.01713351544,5662942.252139544]]",7cadefccf80f82f4b65a03191613879c8a3d1f83bddd097e9b78bd77bff707a3,72804aa311a8deea4da4003264a4e8060f0c1de0baa928e28b3c1d1472043419,ad7409fd14d92055436ef1ee10425f4465fc41cffeaf002004c089bf44663b75,3688532206,null,0,0.0,matched_prior_exact,0,stationary,1,"{""fraction"":0.5,""k"":1,""stage"":""c7-timing""}",e48f7e450930aa2cad23001d8a223a0347fc2e867d4f90039ce62228ac53c328,0.8012665279259158,9745,9746,0.9618546866457733,none,0.010291086651089132,True,revision_C_base@712b395,712b395,5ede81cb5815049fe381f461ce5502b4a13d3d3945ab77c4b78242c6d10572b8,c7-timing_20260911_041506_496602_705c3cf8,705c3cf8d1b3a80735499262310009dc0b3cd9c5e151de83f16ab60a82062b6e,none,none,none,evidence,revision_B_base,revision_B_base,0.5,0.8,10000.0,none,5,200000.0,xlarge,45.0,80.0,5.0,0.5,1.0
1,50,random_uniform_n8_uncoordinated,random_uniform_n8_uncoordinated,midflight_failure,[2],c4_frozen,4224204660,0.5,4000,100000.0,4000.0,[],[],True,0,0.0,0,0.0244655110495007,9614.962800459372,8888.189606191121,3976.374889228465,0.0244916489284615,0.011595054355506493,0.012870456693994208,0.013021441010295606,281.90555555555557,0.996452712689435,9000,9001,0.02129662380417111,7910.917868291104,0.9887411408937763,200000.0,1.0,budget_exhausted,5.00000000046507,True,True,True,"[[520675.01713351544,5662822.070045462],[520555.01713351544,5662882.161092503],[520675.01713351544,5663002.343186585],[520735.01713351544,5662942.252139544],[520615.01713351544,5662942.252139544]]",7cadefccf80f82f4b65a03191613879c8a3d1f83bddd097e9b78bd77bff707a3,7b032936196e46115c9bb91b68cd46af1c44e998bc792e1f0c15e3e60bbba534,ed0f054bf59f897bec09bda0f7752a0456e7ffcbbfca371615ae6eab8766b958,3688532206,null,9000,0.0,matched_prior_exact,0,stationary,1,"{""fraction"":0.5,""k"":1,""stage"":""c7-timing""}",e48f7e450930aa2cad23001d8a223a0347fc2e867d4f90039ce62228ac53c328,0.9865547712353142,9745,9746,1.060373503226806,none,0.00018541360620683012,True,revision_C_base@712b395,712b395,5ede81cb5815049fe381f461ce5502b4a13d3d3945ab77c4b78242c6d10572b8,c7-timing_20260911_041506_496602_705c3cf8,705c3cf8d1b3a80735499262310009dc0b3cd9c5e151de83f16ab60a82062b6e,none,none,none,evidence,revision_B_base,revision_B_base,0.5,0.8,10000.0,none,5,200000.0,xlarge,45.0,80.0,5.0,0.5,1.0
1,50,dynamic_evidence_3step,dynamic_3step,midflight_failure,[2],c4_frozen,4224204660,0.75,6393,150018.4891665964,6393.0,[],[],True,0,0.0,0,0.3367077349068828,7297.978299813254,7152.054001493026,5323.347331408189,0.33698425678529914,0.28099379260472684,0.05571394230215598,0.07748742879980072,14.003632760898283,0.9285899582576704,9048,9049,0.31779626100819436,6446.939171640221,0.805766675620575,200000.22687317632,1.0000011343658817,budget_exhausted,5.000000000225951,True,True,True,"[[520675.01713351544,5662822.070045462],[520555.01713351544,5662882.161092503],[520675.01713351544,5663002.343186585],[520735.01713351544,5662942.252139544],[520615.01713351544,5662942.252139544]]",7cadefccf80f82f4b65a03191613879c8a3d1f83bddd097e9b78bd77bff707a3,942d6e1fb2e68cc10927265e9c6b9d35b2af86cf6d3865f766fc265f754ff58e,7592210bdb052b6e68a8132708067ec76594d26f137fd369a8d9b6aba3cb219f,3688532206,null,4057,488.96076951688156,matched_prior_exact,0,stationary,1,"{""fraction"":0.75,""k"":1,""stage"":""c7-timing""}",1afd6aad4615879250c18a49e0765e646d736ba5546c63af535ab9149ba3f9ac,0.7873533606444335,9268,9269,0.9721161624154789,none,0.009644882817746447,True,revision_C_base@712b395,712b395,5ede81cb5815049fe381f461ce5502b4a13d3d3945ab77c4b78242c6d10572b8,c7-timing_20260911_041506_496602_705c3cf8,705c3cf8d1b3a80735499262310009dc0b3cd9c5e151de83f16ab60a82062b6e,none,none,none,evidence,revision_B_base,revision_B_base,0.5,0.8,10000.0,none,5,200000.0,xlarge,45.0,80.0,5.0,0.5,1.0
1,50,online_static_3step,online_static_3step,midflight_failure,[2],c4_frozen,4224204660,0.75,6485,150024.17691987756,6485.0,[],[],True,0,0.0,0,0.2286701209980389,7800.896007789825,7800.896007789825,5624.0634532135455,0.22893603485244343,0.2065119167233781,0.02215820427466081,0.027925062444745154,26.40740740740741,0.9621318373071529,9268,9269,0.2186991789529548,6816.679984662639,0.8519785007702336,200007.1465631092,1.000035732815546,budget_exhausted,5.000000000155922,True,True,True,"[[520675.01713351544,5662822.070045462],[520555.01713351544,5662882.161092503],[520675.01713351544,5663002.343186585],[520735.01713351544,5662942.252139544],[520615.01713351544,5662942.252139544]]",7cadefccf80f82f4b65a03191613879c8a3d1f83bddd097e9b78bd77bff707a3,4356c600e5bdfc38bfe881b279a6c9bc00ed8210d2ee4458ab8adf0881f9a2cd,2325bf337f1a46d9c7ab15ac0d93fc1d50fdf1e21ffe8b0cc81f6720b193d774,3688532206,null,4354,474.8318969953398,matched_prior_exact,0,stationary,1,"{""fraction"":0.75,""k"":1,""stage"":""c7-timing""}",1afd6aad4615879250c18a49e0765e646d736ba5546c63af535ab9149ba3f9ac,0.8416113936551758,9268,9269,0.9548581192270787,none,0.006637642069150851,True,revision_C_base@712b395,712b395,5ede81cb5815049fe381f461ce5502b4a13d3d3945ab77c4b78242c6d10572b8,c7-timing_20260911_041506_496602_705c3cf8,705c3cf8d1b3a80735499262310009dc0b3cd9c5e151de83f16ab60a82062b6e,none,none,none,evidence,revision_B_base,revision_B_base,0.5,0.8,10000.0,none,5,200000.0,xlarge,45.0,80.0,5.0,0.5,1.0
1,50,pizza_replan_midflight,pizza_replan,midflight_failure,[2],c4_frozen,4224204660,0.75,6010,150001.64715369765,6010.0,[],[],True,0,0.0,0,0.27842879937905074,7488.87153358335,6944.806848315123,5118.74491654862,0.2786917268748313,0.2627291524848754,0.015699646894175356,0.021294273260754813,13.682360270558918,0.9269131947832309,8514,8515,0.2761130766867893,6573.324588202281,0.8215628781655144,200018.47140399241,1.000092357019962,budget_exhausted,5.000000000879647,True,True,True,"[[520675.01713351544,5662822.070045462],[520555.01713351544,5662882.161092503],[520675.01713351544,5663002.343186585],[520735.01713351544,5662942.252139544],[520615.01713351544,5662942.252139544]]",7cadefccf80f82f4b65a03191613879c8a3d1f83bddd097e9b78bd77bff707a3,b376261d2f3a7c72abb5d53f12fa3b69deddba888bbc7e109cc9d9e7dc2d17d4,6f605bded902c7169edc064138e303bdc7045fb02e2d801e8ef179d939ab5775,3688532206,"{""assignment"":{""0"":[3,""forward""],""1"":[2,""forward""],""3"":[0,""forward""],""4"":[1,""forward""]},""assignment_cost"":3939.4718137834366,""deadhead_fraction_remaining_budget"":0.07879203192740342,""deadhead_per_drone"":{""0"":1268.280432474376,""1"":1403.5205558960185,""3"":1260.473654304718,""4"":7.19717110832373},""deadhead_total"":3939.4718137834366,""empty_sectors"":0,""generator"":""generate_pizza_zigzag_path(overlap=0.0, path_point_spacing_m=10.0, border_gap_m=0.0)"",""num_sectors"":4,""orientations_per_sector"":{""0"":""forward"",""1"":""forward"",""3"":""forward"",""4"":""forward""},""prefix_removed_total"":4130,""route_length_after_replan"":{""0"":1170085.3174933847,""1"":1170341.904710841,""3"":1170341.904710847,""4"":1137540.7082382215},""search_inactive_uav_ids"":[],""suffix_removed_total"":0,""survivor_ids"":[0,1,3,4],""task_splits"":0}",0,0.0,matched_prior_exact,0,stationary,1,"{""fraction"":0.75,""k"":1,""stage"":""c7-timing""}",1afd6aad4615879250c18a49e0765e646d736ba5546c63af535ab9149ba3f9ac,0.8079481641583073,9268,9269,0.8658511890410754,none,0.016972722883480618,True,revision_C_base@712b395,712b395,5ede81cb5815049fe381f461ce5502b4a13d3d3945ab77c4b78242c6d10572b8,c7-timing_20260911_041506_496602_705c3cf8,705c3cf8d1b3a80735499262310009dc0b3cd9c5e151de83f16ab60a82062b6e,none,none,none,evidence,revision_B_base,revision_B_base,0.5,0.8,10000.0,none,5,200000.0,xlarge,45.0,80.0,5.0,0.5,1.0
1,50,pizza_fixed_midflight,pizza_fixed,midflight_failure,[2],c4_frozen,4224204660,0.75,6010,150001.64715369765,6010.0,[],[],True,0,0.0,0,0.3181021210853065,7407.33998923479,6891.825192775349,5118.74491654862,0.31847731222131964,0.2627291524848754,0.055372968600431116,0.07510532769206663,10.98043136694758,0.9089288966360538,8512,8513,0.3070433658182392,6539.875233916698,0.8173822314606546,200008.08425548748,1.0000404212774374,budget_exhausted,5.000000000879647,True,True,True,"[[520675.01713351544,5662822.070045462],[520555.01713351544,5662882.161092503],[520675.01713351544,5663002.343186585],[520735.01713351544,5662942.252139544],[520615.01713351544,5662942.252139544]]",7cadefccf80f82f4b65a03191613879c8a3d1f83bddd097e9b78bd77bff707a3,23ccd7c99e568d799c9abc916909ff9eb574f5be651dcb8229570d97d921613e,6f605bded902c7169edc064138e303bdc7045fb02e2d801e8ef179d939ab5775,3688532206,null,0,0.0,matched_prior_exact,0,stationary,1,"{""fraction"":0.75,""k"":1,""stage"":""c7-timing""}",1afd6aad4615879250c18a49e0765e646d736ba5546c63af535ab9149ba3f9ac,0.7991520109218675,9268,9269,0.989226331444377,none,0.008176569647040832,True,revision_C_base@712b395,712b395,5ede81cb5815049fe381f461ce5502b4a13d3d3945ab77c4b78242c6d10572b8,c7-timing_20260911_041506_496602_705c3cf8,705c3cf8d1b3a80735499262310009dc0b3cd9c5e151de83f16ab60a82062b6e,none,none,none,evidence,revision_B_base,revision_B_base,0.5,0.8,10000.0,none,5,200000.0,xlarge,45.0,80.0,5.0,0.5,1.0
1,50,random_uniform_n8_uncoordinated,random_uniform_n8_uncoordinated,midflight_failure,[2],c4_frozen,4224204660,0.75,6000,150000.0,6000.0,[],[],True,0,0.0,0,0.023297491926526737,9148.562092136859,8398.454565935988,5948.524788400404,0.02334262545788214,0.016125406549622585,0.007172085376904152,0.0072896336836508445,300.9308300395257,0.9966769772313835,8500,8501,0.02182546144169975,7909.710393212183,0.9885902253733512,200000.0,1.0,budget_exhausted,5.00000000046507,True,True,True,"[[520675.01713351544,5662822.070045462],[520555.01713351544,5662882.161092503],[520675.01713351544,5663002.343186585],[520735.01713351544,5662942.252139544],[520615.01713351544,5662942.252139544]]",7cadefccf80f82f4b65a03191613879c8a3d1f83bddd097e9b78bd77bff707a3,9c1e3a066e9e4ac89a9cbbc0cfc1392c2717a209527969e4571112f659faabb8,94d263eff40b71ff0e3aff00a9b5dffd37718c998a433706eb58d82d215b8aa6,3688532206,null,8500,0.0,matched_prior_exact,0,stationary,1,"{""fraction"":0.75,""k"":1,""stage"":""c7-timing""}",1afd6aad4615879250c18a49e0765e646d736ba5546c63af535ab9149ba3f9ac,0.987006375244024,9268,9269,1.0097497281191499,none,0.0006370176149166351,True,revision_C_base@712b395,712b395,5ede81cb5815049fe381f461ce5502b4a13d3d3945ab77c4b78242c6d10572b8,c7-timing_20260911_041506_496602_705c3cf8,705c3cf8d1b3a80735499262310009dc0b3cd9c5e151de83f16ab60a82062b6e,none,none,none,evidence,revision_B_base,revision_B_base,0.5,0.8,10000.0,none,5,200000.0,xlarge,45.0,80.0,5.0,0.5,1.0
1,51,dynamic_evidence_3step,dynamic_3step,midflight_failure,[1],c4_frozen,1429229625,0.25,2129,50007.796809678024,2129.0,[],[],True,0,0.0,0,0.3622085844387882,8153.121222478784,7755.139379168607,1951.601446950582,0.3626386312449672,0.15205735809673,0.21015122634205818,0.24783660587036666,11.666345226615237,0.9142833526202678,10102,10103,0.3224315666079771,6376.024129635017,0.7969034032789672,200013.3553712458,1.000066776856229,budget_exhausted,5.000000000155922,True,True,True,"[[520705.01713351544,5662882.161092503],[520645.01713351544,5662972.297663065],[520675.01713351544,5662852.115568982],[520675.01713351544,5662822.070045462],[520585.01713351544,5662942.252139544]]",d9588e28756852faae53baba628ced39401b5f0ffc3fe6073de431542207aa40,1aac25e86fc0a6b86d4b1cec78e3253e510beb6e90b1275c95151428b0b26a85,3ac6de0cf087e7ca5c9814877ed5a01c70ccc68d59ac6acc6eb67acaf74dce2f,173536346,null,4157,489.15270620348747,matched_prior_exact,0,stationary,1,"{""fraction"":0.25,""k"":1,""stage"":""c7-timing""}",afb392704cd91dc121192dd93c7aa1904370ee07844253dff5b4afaa9642f3ae,0.7600560475882152,10726,10727,0.9850122507364646,none,0.009476361677722145,True,revision_C_base@712b395,712b395,5ede81cb5815049fe381f461ce5502b4a13d3d3945ab77c4b78242c6d10572b8,c7-timing_20260911_041506_496602_705c3cf8,705c3cf8d1b3a80735499262310009dc0b3cd9c5e151de83f16ab60a82062b6e,none,none,none,evidence,revision_B_base,revision_B_base,0.5,0.8,10000.0,none,5,200000.0,xlarge,45.0,80.0,5.0,0.5,1.0
1,51,online_static_3step,online_static_3step,midflight_failure,[1],c4_frozen,1429229625,0.25,2145,50021.29348971375,2145.0,[],[],True,0,0.0,0,0.20567255530350703,8961.27400609753,8961.27400609753,1965.9149313725934,0.2059143030823604,0.14318783426401724,0.06248472103948979,0.0729269769247695,32.530922242314645,0.9692600168986526,10726,10727,0.2051226872844269,6795.9179742817,0.8493835738384826,200005.43571729545,1.0000271785864772,budget_exhausted,5.000000000155922,True,True,True,"[[520705.01713351544,5662882.161092503],[520645.01713351544,5662972.297663065],[520675.01713351544,5662852.115568982],[520675.01713351544,5662822.070045462],[520585.01713351544,5662942.252139544]]",d9588e28756852faae53baba628ced39401b5f0ffc3fe6073de431542207aa40,b515e9bca8b51623e02e3829524056fc83b9c9ca538295b987699173899d58b1,09c4f9ebcab9ff6ad1095b8d8d36bc0b590f7f514de164ded9c23766d3a68c08,173536346,null,4347,471.6480281710101,matched_prior_exact,0,stationary,1,"{""fraction"":0.25,""k"":1,""stage"":""c7-timing""}",afb392704cd91dc121192dd93c7aa1904370ee07844253dff5b4afaa9642f3ae,0.8353942394050089,10726,10727,0.9586322572718509,none,0.010119118323277165,True,revision_C_base@712b395,712b395,5ede81cb5815049fe381f461ce5502b4a13d3d3945ab77c4b78242c6d10572b8,c7-timing_20260911_041506_496602_705c3cf8,705c3cf8d1b3a80735499262310009dc0b3cd9c5e151de83f16ab60a82062b6e,none,none,none,evidence,revision_B_base,revision_B_base,0.5,0.8,10000.0,none,5,200000.0,xlarge,45.0,80.0,5.0,0.5,1.0
1,51,pizza_replan_midflight,pizza_replan,midflight_failure,[1],c4_frozen,1429229625,0.25,2007,50023.69781205466,2007.0,[],[],True,0,0.0,0,0.30932246178933553,8626.964068738302,7789.1722148888575,1888.2835671271612,0.30967425704980467,0.1142720232458709,0.19505043854346465,0.2202148330667544,11.65915984228086,0.9142305265964712,9513,9514,0.2753732349041409,6719.524481589076,0.8398355807510406,200017.8224565186,1.000089112282593,budget_exhausted,5.000000000908182,True,True,True,"[[520705.01713351544,5662882.161092503],[520645.01713351544,5662972.297663065],[520675.01713351544,5662852.115568982],[520675.01713351544,5662822.070045462],[520585.01713351544,5662942.252139544]]",d9588e28756852faae53baba628ced39401b5f0ffc3fe6073de431542207aa40,48172f64e0c699caac893fcaf179d8de48cf231dce722a581083226a36e0e6d8,beb5fda8faea14ec8b5b4a8581e7a0fd6dd727faa9a45b2249a795d15935d168,173536346,"{""assignment"":{""0"":[0,""forward""],""2"":[3,""forward""],""3"":[2,""forward""],""4"":[1,""forward""]},""assignment_cost"":2536.391722756881,""deadhead_fraction_remaining_budget"":0.016911949993128637,""deadhead_per_drone"":{""0"":9.443037289216296,""2"":631.8948475262697,""3"":805.8890672623454,""4"":1089.1647706790495},""deadhead_total"":2536.391722756881,""empty_sectors"":0,""generator"":""generate_pizza_zigzag_path(overlap=0.0, path_point_spacing_m=10.0, border_gap_m=0.0)"",""num_sectors"":4,""orientations_per_sector"":{""0"":""forward"",""2"":""forward"",""3"":""forward"",""4"":""forward""},""prefix_removed_total"":3551,""route_length_after_replan"":{""0"":1161051.3210685952,""2"":1170085.3174933847,""3"":1161303.1826265343,""4"":1161303.1826265266},""search_inactive_uav_ids"":[],""suffix_removed_total"":0,""survivor_ids"":[0,2,3,4],""task_splits"":0}",0,0.0,matched_prior_exact,0,stationary,1,"{""fraction"":0.25,""k"":1,""stage"":""c7-timing""}",afb392704cd91dc121192dd93c7aa1904370ee07844253dff5b4afaa9642f3ae,0.8042289613814022,10726,10727,0.961463034096207,none,0.01785992380905921,True,revision_C_base@712b395,712b395,5ede81cb5815049fe381f461ce5502b4a13d3d3945ab77c4b78242c6d10572b8,c7-timing_20260911_041506_496602_705c3cf8,705c3cf8d1b3a80735499262310009dc0b3cd9c5e151de83f16ab60a82062b6e,none,none,none,evidence,revision_B_base,revision_B_base,0.5,0.8,10000.0,none,5,200000.0,xlarge,45.0,80.0,5.0,0.5,1.0
1,51,pizza_fixed_midflight,pizza_fixed,midflight_failure,[1],c4_frozen,1429229625,0.25,2007,50023.69781205466,2007.0,[],[],True,0,0.0,0,0.2963353716863224,8648.46656227654,7794.921368132139,1888.2835671271612,0.2967321229795489,0.1142720232458709,0.18206334844045152,0.20555221605130672,10.913139204545455,0.9083673376416304,9513,9514,0.2664231655686383,6708.278810994975,0.8384300476184195,200012.89850472493,1.0000644925236246,budget_exhausted,5.000000000899729,True,True,True,"[[520705.01713351544,5662882.161092503],[520645.01713351544,5662972.297663065],[520675.01713351544,5662852.115568982],[520675.01713351544,5662822.070045462],[520585.01713351544,5662942.252139544]]",d9588e28756852faae53baba628ced39401b5f0ffc3fe6073de431542207aa40,35074f52a8ffda73acf3d6f69c1e6a388ba359b59bfd26ac68d4c5855ecfd7ff,beb5fda8faea14ec8b5b4a8581e7a0fd6dd727faa9a45b2249a795d15935d168,173536346,null,0,0.0,matched_prior_exact,0,stationary,1,"{""fraction"":0.25,""k"":1,""stage"":""c7-timing""}",afb392704cd91dc121192dd93c7aa1904370ee07844253dff5b4afaa9642f3ae,0.8062334820804083,10726,10727,0.9210954287749102,none,0.01986444450806535,True,revision_C_base@712b395,712b395,5ede81cb5815049fe381f461ce5502b4a13d3d3945ab77c4b78242c6d10572b8,c7-timing_20260911_041506_496602_705c3cf8,705c3cf8d1b3a80735499262310009dc0b3cd9c5e151de83f16ab60a82062b6e,none,none,none,evidence,revision_B_base,revision_B_base,0.5,0.8,10000.0,none,5,200000.0,xlarge,45.0,80.0,5.0,0.5,1.0
1,51,random_uniform_n8_uncoordinated,random_uniform_n8_uncoordinated,midflight_failure,[1],c4_frozen,1429229625,0.25,2000,50000.0,2000.0,[],[],True,0,0.0,0,0.02690654394875579,10540.146151142664,9347.133574023605,1992.340411600705,0.026964178146294676,0.007887330240468619,0.019019213708287172,0.019170417118951878,262.9032815198618,0.9961963198244658,9500,9501,0.024611478734568922,7886.113985062229,0.9856410430024034,200000.0,1.0,budget_exhausted,5.000000000466487,True,True,True,"[[520705.01713351544,5662882.161092503],[520645.01713351544,5662972.297663065],[520675.01713351544,5662852.115568982],[520675.01713351544,5662822.070045462],[520585.01713351544,5662942.252139544]]",d9588e28756852faae53baba628ced39401b5f0ffc3fe6073de431542207aa40,291479cbd44bdaf7520ea1ba77a5a323249a238134c1dfddfd00c08f6cfb09ed,83c4d5b49c91233f0a010c0247a4442a9dea53ee826c962f7363b0507171ee02,173536346,null,9500,0.0,matched_prior_exact,0,stationary,1,"{""fraction"":0.25,""k"":1,""stage"":""c7-timing""}",afb392704cd91dc121192dd93c7aa1904370ee07844253dff5b4afaa9642f3ae,0.9825809780127402,10726,10727,0.9442746566845426,none,0.0008731366339818081,True,revision_C_base@712b395,712b395,5ede81cb5815049fe381f461ce5502b4a13d3d3945ab77c4b78242c6d10572b8,c7-timing_20260911_041506_496602_705c3cf8,705c3cf8d1b3a80735499262310009dc0b3cd9c5e151de83f16ab60a82062b6e,none,none,none,evidence,revision_B_base,revision_B_base,0.5,0.8,10000.0,none,5,200000.0,xlarge,45.0,80.0,5.0,0.5,1.0
1,51,dynamic_evidence_3step,dynamic_3step,midflight_failure,[1],c4_frozen,1429229625,0.5,4254,100009.85697786183,4254.0,[],[],True,0,0.0,0,0.36007995685546446,7694.7103836602455,7318.437398291386,3650.339084039053,0.3604810861762116,0.24245460338088837,0.11762535347457609,0.15527168932651736,11.737886991531306,0.9148057907933954,9558,9559,0.3355535755347532,6304.296904066524,0.7879386206807304,200010.76310242282,1.0000538155121141,budget_exhausted,5.000000000155922,True,True,True,"[[520705.01713351544,5662882.161092503],[520645.01713351544,5662972.297663065],[520675.01713351544,5662852.115568982],[520675.01713351544,5662822.070045462],[520585.01713351544,5662942.252139544]]",d9588e28756852faae53baba628ced39401b5f0ffc3fe6073de431542207aa40,fc209acdd4937749b2ea104da6230de4262182060e39ed8d7bbae9954971dfa7,7a56f9002ff5e6273c0acb429c97ac974ae9249a2089cd005b6d157d48682cda,173536346,null,4135,493.5910148008261,matched_prior_exact,0,stationary,1,"{""fraction"":0.5,""k"":1,""stage"":""c7-timing""}",e48f7e450930aa2cad23001d8a223a0347fc2e867d4f90039ce62228ac53c328,0.7583236802661127,10146,10147,0.9792235302673511,none,0.007743994355619677,True,revision_C_base@712b395,712b395,5ede81cb5815049fe381f461ce5502b4a13d3d3945ab77c4b78242c6d10572b8,c7-timing_20260911_041506_496602_705c3cf8,705c3cf8d1b3a80735499262310009dc0b3cd9c5e151de83f16ab60a82062b6e,none,none,none,evidence,revision_B_base,revision_B_base,0.5,0.8,10000.0,none,5,200000.0,xlarge,45.0,80.0,5.0,0.5,1.0
1,51,online_static_3step,online_static_3step,midflight_failure,[1],c4_frozen,1429229625,0.5,4384,100002.90133874051,4384.0,[],[],True,0,0.0,0,0.21345847722452188,8387.147487624608,8387.147487624608,3830.39833937605,0.2137142989355432,0.1909263217444132,0.022532155480108673,0.02784932458646956,30.720615911035072,0.967448569296399,10146,10147,0.21345847722452188,6699.229379748507,0.8372990100923019,200006.39674393515,1.0000319837196758,budget_exhausted,5.000000000155922,True,True,True,"[[520705.01713351544,5662882.161092503],[520645.01713351544,5662972.297663065],[520675.01713351544,5662852.115568982],[520675.01713351544,5662822.070045462],[520585.01713351544,5662942.252139544]]",d9588e28756852faae53baba628ced39401b5f0ffc3fe6073de431542207aa40,6a5d9945322538d9dbfc17d9daef2cbc6872cbb30de9fa069d2b5a08c8967796,a052c7148f078b17b5cb43686013d4f31fab00b7fafd7390896f3328ef3a7454,173536346,null,4340,475.8763302259904,matched_prior_exact,0,stationary,1,"{""fraction"":0.5,""k"":1,""stage"":""c7-timing""}",e48f7e450930aa2cad23001d8a223a0347fc2e867d4f90039ce62228ac53c328,0.8265642542253482,10146,10147,0.9949221545557672,none,0.00128913314361645,True,revision_C_base@712b395,712b395,5ede81cb5815049fe381f461ce5502b4a13d3d3945ab77c4b78242c6d10572b8,c7-timing_20260911_041506_496602_705c3cf8,705c3cf8d1b3a80735499262310009dc0b3cd9c5e151de83f16ab60a82062b6e,none,none,none,evidence,revision_B_base,revision_B_base,0.5,0.8,10000.0,none,5,200000.0,xlarge,45.0,80.0,5.0,0.5,1.0
1,51,pizza_replan_midflight,pizza_replan,midflight_failure,[1],c4_frozen,1429229625,0.5,4009,100020.95513286671,4009.0,[],[],True,0,0.0,0,0.29228883380608217,8177.629271541031,7375.0848090772215,3575.32397158936,0.2926325016936432,0.1951254808144522,0.09716335299162998,0.120718634613939,12.690466364011556,0.9212006894533156,9012,9013,0.2705783087162853,6647.171752617806,0.8307926199997259,200002.99352415296,1.0000149676207648,budget_exhausted,5.000000000891834,True,True,True,"[[520705.01713351544,5662882.161092503],[520645.01713351544,5662972.297663065],[520675.01713351544,5662852.115568982],[520675.01713351544,5662822.070045462],[520585.01713351544,5662942.252139544]]",d9588e28756852faae53baba628ced39401b5f0ffc3fe6073de431542207aa40,2b8977e3f335eb15eea82d6de3c431ac36f3a31b8ff1717ca3426a4a53125b60,003cd90e2fb1cc9ecf1f0c9d629fc37d21233bd7516f57cc540a3373f5478eab,173536346,"{""assignment"":{""0"":[0,""forward""],""2"":[3,""forward""],""3"":[1,""forward""],""4"":[2,""forward""]},""assignment_cost"":3574.0882434001815,""deadhead_fraction_remaining_budget"":0.03574837355317757,""deadhead_per_drone"":{""0"":8.136921780967766,""2"":928.5176005549399,""3"":2634.8492592081934,""4"":2.5844618560799977},""deadhead_total"":3574.0882434001815,""empty_sectors"":0,""generator"":""generate_pizza_zigzag_path(overlap=0.0, path_point_spacing_m=10.0, border_gap_m=0.0)"",""num_sectors"":4,""orientations_per_sector"":{""0"":""forward"",""2"":""forward"",""3"":""forward"",""4"":""forward""},""prefix_removed_total"":6995,""route_length_after_replan"":{""0"":1148856.466325787,""2"":1170085.3174933847,""3"":1149299.7435968432,""4"":1149763.1698347921},""search_inactive_uav_ids"":[],""suffix_removed_total"":0,""survivor_ids"":[0,2,3,4],""task_splits"":0}",0,0.0,matched_prior_exact,0,stationary,1,"{""fraction"":0.5,""k"":1,""stage"":""c7-timing""}",e48f7e450930aa2cad23001d8a223a0347fc2e867d4f90039ce62228ac53c328,0.8059159625052755,10146,10147,0.908517627067866,none,0.01954692493293253,True,revision_C_base@712b395,712b395,5ede81cb5815049fe381f461ce5502b4a13d3d3945ab77c4b78242c6d10572b8,c7-timing_20260911_041506_496602_705c3cf8,705c3cf8d1b3a80735499262310009dc0b3cd9c5e151de83f16ab60a82062b6e,none,none,none,evidence,revision_B_base,revision_B_base,0.5,0.8,10000.0,none,5,200000.0,xlarge,45.0,80.0,5.0,0.5,1.0
1,51,pizza_fixed_midflight,pizza_fixed,midflight_failure,[1],c4_frozen,1429229625,0.5,4009,100020.95513286671,4009.0,[],[],True,0,0.0,0,0.3094890411941932,8084.373110938346,7302.024194611507,3575.32397158936,0.30992679359372677,0.1951254808144522,0.11436356037974099,0.1420886829607495,10.943388164922025,0.9086206223402179,9013,9014,0.2892888239008723,6592.724594078362,0.8239875758128187,200018.85689600208,1.0000942844800105,budget_exhausted,5.000000000899729,True,True,True,"[[520705.01713351544,5662882.161092503],[520645.01713351544,5662972.297663065],[520675.01713351544,5662852.115568982],[520675.01713351544,5662822.070045462],[520585.01713351544,5662942.252139544]]",d9588e28756852faae53baba628ced39401b5f0ffc3fe6073de431542207aa40,122eb36d538ca485d51abb3a02936dcc3e5851bb928d030b19e4e5a8d593ae56,003cd90e2fb1cc9ecf1f0c9d629fc37d21233bd7516f57cc540a3373f5478eab,173536346,null,0,0.0,matched_prior_exact,0,stationary,1,"{""fraction"":0.5,""k"":1,""stage"":""c7-timing""}",e48f7e450930aa2cad23001d8a223a0347fc2e867d4f90039ce62228ac53c328,0.7967254470226024,10146,10147,0.9619808107202709,none,0.010356409450259396,True,revision_C_base@712b395,712b395,5ede81cb5815049fe381f461ce5502b4a13d3d3945ab77c4b78242c6d10572b8,c7-timing_20260911_041506_496602_705c3cf8,705c3cf8d1b3a80735499262310009dc0b3cd9c5e151de83f16ab60a82062b6e,none,none,none,evidence,revision_B_base,revision_B_base,0.5,0.8,10000.0,none,5,200000.0,xlarge,45.0,80.0,5.0,0.5,1.0
1,51,random_uniform_n8_uncoordinated,random_uniform_n8_uncoordinated,midflight_failure,[1],c4_frozen,1429229625,0.5,4000,100000.0,4000.0,[],[],True,0,0.0,0,0.026936808026858626,9973.458377436731,8858.32795943522,3968.5806508134265,0.027013474090351947,0.014847859280680276,0.01208894874617835,0.012271149040341597,262.53275862068966,0.9961909515397094,9000,9001,0.0249888904302735,7884.332121840038,0.9854183379377626,200000.0,1.0,budget_exhausted,5.000000000466487,True,True,True,"[[520705.01713351544,5662882.161092503],[520645.01713351544,5662972.297663065],[520675.01713351544,5662852.115568982],[520675.01713351544,5662822.070045462],[520585.01713351544,5662942.252139544]]",d9588e28756852faae53baba628ced39401b5f0ffc3fe6073de431542207aa40,460c97809f611b92bf9300ac5361986a5a377bc466c420e848d2c587ee4fbcad,6d547673b77f255fe6b6fc3c188748286f28b4a2bc52e3115b8e67ae5ab3bee2,173536346,null,9000,0.0,matched_prior_exact,0,stationary,1,"{""fraction"":0.5,""k"":1,""stage"":""c7-timing""}",e48f7e450930aa2cad23001d8a223a0347fc2e867d4f90039ce62228ac53c328,0.9828972481952036,10146,10147,0.9453367626917227,none,0.0011894068164451932,True,revision_C_base@712b395,712b395,5ede81cb5815049fe381f461ce5502b4a13d3d3945ab77c4b78242c6d10572b8,c7-timing_20260911_041506_496602_705c3cf8,705c3cf8d1b3a80735499262310009dc0b3cd9c5e151de83f16ab60a82062b6e,none,none,none,evidence,revision_B_base,revision_B_base,0.5,0.8,10000.0,none,5,200000.0,xlarge,45.0,80.0,5.0,0.5,1.0
1,51,dynamic_evidence_3step,dynamic_3step,midflight_failure,[1],c4_frozen,1429229625,0.75,6381,150003.77119917,6381.0,[],[],True,0,0.0,0,0.3669507655388592,7268.790512253864,6926.943925644741,5182.2977627939135,0.3673892345368232,0.3134786809088055,0.05347208463005371,0.07788845465256514,11.497893735561897,0.9130275489581979,9033,9034,0.34937987164108064,6264.196953870191,0.7829267533896002,200007.00955070765,1.0000350477535382,budget_exhausted,5.000000000155922,True,True,True,"[[520705.01713351544,5662882.161092503],[520645.01713351544,5662972.297663065],[520675.01713351544,5662852.115568982],[520675.01713351544,5662822.070045462],[520585.01713351544,5662942.252139544]]",d9588e28756852faae53baba628ced39401b5f0ffc3fe6073de431542207aa40,f82b05d8ba8bd4606f7d4a274555881656275ca7cf3a37d672c14f6d0e04628e,94960efa3a8f3200524ba868d53fbf39eeb88b270bc3fee9b345a06ee4dbf6d3,173536346,null,4118,501.2079684525379,matched_prior_exact,0,stationary,1,"{""fraction"":0.75,""k"":1,""stage"":""c7-timing""}",1afd6aad4615879250c18a49e0765e646d736ba5546c63af535ab9149ba3f9ac,0.7592219043507275,9573,9574,0.9979084290145647,none,0.008642218440234384,True,revision_C_base@712b395,712b395,5ede81cb5815049fe381f461ce5502b4a13d3d3945ab77c4b78242c6d10572b8,c7-timing_20260911_041506_496602_705c3cf8,705c3cf8d1b3a80735499262310009dc0b3cd9c5e151de83f16ab60a82062b6e,none,none,none,evidence,revision_B_base,revision_B_base,0.5,0.8,10000.0,none,5,200000.0,xlarge,45.0,80.0,5.0,0.5,1.0
1,51,online_static_3step,online_static_3step,midflight_failure,[1],c4_frozen,1429229625,0.75,6661,150011.0472609988,6661.0,[],[],True,0,0.0,0,0.21454791839451115,7924.002610856764,7924.002610856764,5636.766149221423,0.21479223937997932,0.21454791839451115,0.0,0.0,30.69950401915512,0.9674261838440111,9573,9574,0.21454791839451115,6688.486486491024,0.8359563162718441,200019.14778162283,1.0000957389081142,budget_exhausted,5.000000000155922,True,True,True,"[[520705.01713351544,5662882.161092503],[520645.01713351544,5662972.297663065],[520675.01713351544,5662852.115568982],[520675.01713351544,5662822.070045462],[520585.01713351544,5662942.252139544]]",d9588e28756852faae53baba628ced39401b5f0ffc3fe6073de431542207aa40,786c0dd2d209a71d8c99914ad46b3b5556bc0617fa4914ab3e642e5dff167e2a,9e32777c0320fd2ec6e50561ec8a93dfb7cdb5fdeca05ada76d48041b0d615ce,173536346,null,4117,448.62118688735063,matched_prior_exact,0,stationary,1,"{""fraction"":0.75,""k"":1,""stage"":""c7-timing""}",1afd6aad4615879250c18a49e0765e646d736ba5546c63af535ab9149ba3f9ac,0.8276585137723798,9573,9574,1.0000000000000002,none,0.002383392690648023,True,revision_C_base@712b395,712b395,5ede81cb5815049fe381f461ce5502b4a13d3d3945ab77c4b78242c6d10572b8,c7-timing_20260911_041506_496602_705c3cf8,705c3cf8d1b3a80735499262310009dc0b3cd9c5e151de83f16ab60a82062b6e,none,none,none,evidence,revision_B_base,revision_B_base,0.5,0.8,10000.0,none,5,200000.0,xlarge,45.0,80.0,5.0,0.5,1.0
1,51,pizza_replan_midflight,pizza_replan,midflight_failure,[1],c4_frozen,1429229625,0.75,6011,150022.59088766333,6011.0,[],[],True,0,0.0,0,0.3023363545599318,7657.2598437042225,6917.7363795376305,5118.407214379778,0.30272955560743964,0.26283132001443055,0.03950503454550125,0.05359022380912139,12.05775266792216,0.9170658059142024,8513,8514,0.29444107993489294,6557.805156765276,0.8196231916966974,200017.63863008493,1.0000881931504246,budget_exhausted,5.000000000899729,True,True,True,"[[520705.01713351544,5662882.161092503],[520645.01713351544,5662972.297663065],[520675.01713351544,5662852.115568982],[520675.01713351544,5662822.070045462],[520585.01713351544,5662942.252139544]]",d9588e28756852faae53baba628ced39401b5f0ffc3fe6073de431542207aa40,e7629395126fecbd922a47c29b0cc9e2cb710e0450f261880fc19c7b0f145e6b,63fd705c06237edb8c74b3bee2c85b2704484c51d781abdfa52981c0d15b392a,173536346,"{""assignment"":{""0"":[0,""forward""],""2"":[3,""forward""],""3"":[2,""forward""],""4"":[1,""forward""]},""assignment_cost"":2998.7994655982316,""deadhead_fraction_remaining_budget"":0.060003099777695225,""deadhead_per_drone"":{""0"":1678.0406479689311,""2"":1270.5231587776093,""3"":31.414736267847776,""4"":18.82092258384348},""deadhead_total"":2998.7994655982316,""empty_sectors"":0,""generator"":""generate_pizza_zigzag_path(overlap=0.0, path_point_spacing_m=10.0, border_gap_m=0.0)"",""num_sectors"":4,""orientations_per_sector"":{""0"":""forward"",""2"":""forward"",""3"":""forward"",""4"":""forward""},""prefix_removed_total"":10459,""route_length_after_replan"":{""0"":1137671.5143322977,""2"":1170085.3174933847,""3"":1137007.421854752,""4"":1137550.770245457},""search_inactive_uav_ids"":[],""suffix_removed_total"":0,""survivor_ids"":[0,2,3,4],""task_splits"":0}",0,0.0,matched_prior_exact,0,stationary,1,"{""fraction"":0.75,""k"":1,""stage"":""c7-timing""}",1afd6aad4615879250c18a49e0765e646d736ba5546c63af535ab9149ba3f9ac,0.7997973515462944,9573,9574,0.9397482067459757,none,0.013428313973951389,True,revision_C_base@712b395,712b395,5ede81cb5815049fe381f461ce5502b4a13d3d3945ab77c4b78242c6d10572b8,c7-timing_20260911_041506_496602_705c3cf8,705c3cf8d1b3a80735499262310009dc0b3cd9c5e151de83f16ab60a82062b6e,none,none,none,evidence,revision_B_base,revision_B_base,0.5,0.8,10000.0,none,5,200000.0,xlarge,45.0,80.0,5.0,0.5,1.0
1,51,pizza_fixed_midflight,pizza_fixed,midflight_failure,[1],c4_frozen,1429229625,0.75,6011,150022.59088766333,6011.0,[],[],True,0,0.0,0,0.31822669558615435,7613.8332790168315,6890.471803033434,5118.407214379778,0.31864752963111925,0.26283132001443055,0.055395375571723804,0.07514613286718612,10.970092790863669,0.9088430682343143,8512,8513,0.3071835107931112,6538.581656455589,0.8172205544876376,200004.94020634796,1.0000247010317398,budget_exhausted,5.000000000899729,True,True,True,"[[520705.01713351544,5662882.161092503],[520645.01713351544,5662972.297663065],[520675.01713351544,5662852.115568982],[520675.01713351544,5662822.070045462],[520585.01713351544,5662942.252139544]]",d9588e28756852faae53baba628ced39401b5f0ffc3fe6073de431542207aa40,accdeda886fcb132136f7bfe8aed2ba36255d085225971ff4044823b1e9fd6af,63fd705c06237edb8c74b3bee2c85b2704484c51d781abdfa52981c0d15b392a,173536346,null,0,0.0,matched_prior_exact,0,stationary,1,"{""fraction"":0.75,""k"":1,""stage"":""c7-timing""}",1afd6aad4615879250c18a49e0765e646d736ba5546c63af535ab9149ba3f9ac,0.7952614663690026,9573,9574,0.9891399496136516,none,0.008892428796659635,True,revision_C_base@712b395,712b395,5ede81cb5815049fe381f461ce5502b4a13d3d3945ab77c4b78242c6d10572b8,c7-timing_20260911_041506_496602_705c3cf8,705c3cf8d1b3a80735499262310009dc0b3cd9c5e151de83f16ab60a82062b6e,none,none,none,evidence,revision_B_base,revision_B_base,0.5,0.8,10000.0,none,5,200000.0,xlarge,45.0,80.0,5.0,0.5,1.0
1,51,random_uniform_n8_uncoordinated,random_uniform_n8_uncoordinated,midflight_failure,[1],c4_frozen,1429229625,0.75,6000,150000.0,6000.0,[],[],True,0,0.0,0,0.027915043733501864,9407.913114145118,8364.865956070986,5928.715343429756,0.028008944120900006,0.02362682029194276,0.0042882234415591025,0.004391992253250251,247.1672077922078,0.9959541558569505,8500,8501,0.026778492980995543,7878.488650676902,0.9846879953351958,200000.0,1.0,budget_exhausted,5.000000000466487,True,True,True,"[[520705.01713351544,5662882.161092503],[520645.01713351544,5662972.297663065],[520675.01713351544,5662852.115568982],[520675.01713351544,5662822.070045462],[520585.01713351544,5662942.252139544]]",d9588e28756852faae53baba628ced39401b5f0ffc3fe6073de431542207aa40,a77c89e01019adb21bbe0cab2133be6d18fdf9fafc667662b314663bb292e5f8,cc5ce6e6c480eb724a7ba068710482b049debc8b00b42aff20d83c3b64485a3f,173536346,null,8500,0.0,matched_prior_exact,0,stationary,1,"{""fraction"":0.75,""k"":1,""stage"":""c7-timing""}",1afd6aad4615879250c18a49e0765e646d736ba5546c63af535ab9149ba3f9ac,0.9826522993675703,9573,9574,0.9796675629537839,none,0.0009444579888118199,True,revision_C_base@712b395,712b395,5ede81cb5815049fe381f461ce5502b4a13d3d3945ab77c4b78242c6d10572b8,c7-timing_20260911_041506_496602_705c3cf8,705c3cf8d1b3a80735499262310009dc0b3cd9c5e151de83f16ab60a82062b6e,none,none,none,evidence,revision_B_base,revision_B_base,0.5,0.8,10000.0,none,5,200000.0,xlarge,45.0,80.0,5.0,0.5,1.0
5,42,dynamic_evidence_3step,dynamic_3step,midflight_failure,[3],c4_frozen,2003303993,0.25,2132,50003.16498657238,2132.0,[],[],True,0,0.0,0,0.2874404673401876,8387.042842482388,8345.714389588056,2004.0856028484716,0.2878829645823824,0.10887008926498266,0.17857037807520493,0.20038647106785742,11.231114929614698,0.9109616448351752,10142,10143,0.25098434400340874,6781.349897823396,0.8475627918789396,200012.11230606318,1.000060561530316,budget_exhausted,5.000000000114857,True,True,True,"[[488944.06180331705,5514303.110834124],[489004.152850358,5514303.110834124],[489034.1983738785,5514423.110834124],[488944.06180331705,5514303.110834124],[489004.152850358,5514423.110834124]]",641b62252d091ddc0527b4329f6d01215628a08d4a585e52c94b97bf947caef3,12cd90abc8c416409bed44dd3cacd1519e211b4744c2e54ea8c752d3f2df4db5,2034be09108a81f4833ac14e782a4e6dae1ff51d4e888b699906627a31eccc22,1495355770,null,4295,503.1501383075083,matched_prior_exact,0,stationary,1,"{""fraction"":0.25,""k"":1,""stage"":""c7-timing""}",afb392704cd91dc121192dd93c7aa1904370ee07844253dff5b4afaa9642f3ae,0.8221784964692077,10200,10201,1.0160380535593965,none,0.005963664980623173,True,revision_C_base@712b395,712b395,5ede81cb5815049fe381f461ce5502b4a13d3d3945ab77c4b78242c6d10572b8,c7-timing_20260911_041506_496602_705c3cf8,705c3cf8d1b3a80735499262310009dc0b3cd9c5e151de83f16ab60a82062b6e,none,none,none,evidence,revision_B_base,revision_B_base,0.5,0.8,10000.0,none,5,200000.0,xlarge,45.0,80.0,5.0,0.5,1.0
5,42,online_static_3step,online_static_3step,midflight_failure,[3],c4_frozen,2003303993,0.25,2128,50018.01608336143,2128.0,[],[],True,0,0.0,0,0.20268325101849813,8716.283411570455,8716.283411570455,2002.430278776531,0.20301101033634325,0.10971320027702516,0.09297005074147296,0.10442707986954529,19.5730065585088,0.9489092287886003,10200,10201,0.1920425311677349,6951.504976729198,0.8688295184013495,200001.27677823044,1.0000063838911522,budget_exhausted,5.000000000128727,True,True,True,"[[488944.06180331705,5514303.110834124],[489004.152850358,5514303.110834124],[489034.1983738785,5514423.110834124],[488944.06180331705,5514303.110834124],[489004.152850358,5514423.110834124]]",641b62252d091ddc0527b4329f6d01215628a08d4a585e52c94b97bf947caef3,3eef84a9f1b09a3284345c3914cae6fe23562290da4561059d6d95bbd6b5d2be,e760218900c604117b2987ee2355e67323418f172c870beab29be113efcde065,1495355770,null,4540,463.09562175674364,matched_prior_exact,0,stationary,1,"{""fraction"":0.25,""k"":1,""stage"":""c7-timing""}",afb392704cd91dc121192dd93c7aa1904370ee07844253dff5b4afaa9642f3ae,0.8544538193873596,10200,10201,1.0141674838878108,none,0.005224778011475917,True,revision_C_base@712b395,712b395,5ede81cb5815049fe381f461ce5502b4a13d3d3945ab77c4b78242c6d10572b8,c7-timing_20260911_041506_496602_705c3cf8,705c3cf8d1b3a80735499262310009dc0b3cd9c5e151de83f16ab60a82062b6e,none,none,none,evidence,revision_B_base,revision_B_base,0.5,0.8,10000.0,none,5,200000.0,xlarge,45.0,80.0,5.0,0.5,1.0
5,42,pizza_replan_midflight,pizza_replan,midflight_failure,[3],c4_frozen,2003303993,0.25,2006,50005.73622619233,2006.0,[],[],True,0,0.0,0,0.2540147453768322,8648.064790477525,8135.572920551156,1902.722060251177,0.2542832032575936,0.10155285236342135,0.15246189301341087,0.1696948934775645,12.937074114578952,0.9227027694868744,9513,9514,0.22219885988437443,6983.129485970222,0.8727820879852796,200001.28331384415,1.0000064165692208,budget_exhausted,5.000000000912507,True,True,True,"[[488944.06180331705,5514303.110834124],[489004.152850358,5514303.110834124],[489034.1983738785,5514423.110834124],[488944.06180331705,5514303.110834124],[489004.152850358,5514423.110834124]]",641b62252d091ddc0527b4329f6d01215628a08d4a585e52c94b97bf947caef3,94d5c47b9c397b02ea53ed7fc2ef30c07d640dbc1830be32e041ba612dc26563,e048069383043526328dae828a525b37bf86a00276bfcb440e94b8a057c92b1f,1495355770,"{""assignment"":{""0"":[2,""forward""],""1"":[3,""forward""],""2"":[0,""forward""],""4"":[1,""forward""]},""assignment_cost"":2382.6689927925095,""deadhead_fraction_remaining_budget"":0.015885067420882106,""deadhead_per_drone"":{""0"":405.229707301271,""1"":530.185413194245,""2"":780.2053511053422,""4"":667.0485211916513},""deadhead_total"":2382.6689927925095,""empty_sectors"":0,""generator"":""generate_pizza_zigzag_path(overlap=0.0, path_point_spacing_m=10.0, border_gap_m=0.0)"",""num_sectors"":4,""orientations_per_sector"":{""0"":""forward"",""1"":""forward"",""2"":""forward"",""4"":""forward""},""prefix_removed_total"":1832,""route_length_after_replan"":{""0"":1161303.1826265343,""1"":1170341.9047108302,""2"":1170085.3174933908,""4"":1170341.9047108279},""search_inactive_uav_ids"":[],""suffix_removed_total"":0,""survivor_ids"":[0,1,2,4],""task_splits"":0}",0,0.0,matched_prior_exact,0,stationary,1,"{""fraction"":0.25,""k"":1,""stage"":""c7-timing""}",afb392704cd91dc121192dd93c7aa1904370ee07844253dff5b4afaa9642f3ae,0.8477663749120209,10200,10201,0.9049235467060819,none,0.03236798454213974,True,revision_C_base@712b395,712b395,5ede81cb5815049fe381f461ce5502b4a13d3d3945ab77c4b78242c6d10572b8,c7-timing_20260911_041506_496602_705c3cf8,705c3cf8d1b3a80735499262310009dc0b3cd9c5e151de83f16ab60a82062b6e,none,none,none,evidence,revision_B_base,revision_B_base,0.5,0.8,10000.0,none,5,200000.0,xlarge,45.0,80.0,5.0,0.5,1.0
5,42,pizza_fixed_midflight,pizza_fixed,midflight_failure,[3],c4_frozen,2003303993,0.25,2006,50005.73622619233,2006.0,[],[],True,0,0.0,0,0.26857307723206914,8436.466892654844,7933.245169790661,1902.722060251177,0.26894597432329836,0.10155285236342135,0.1670202248686478,0.18589877580223269,10.933978372225384,0.908541981156629,9512,9513,0.24513830783596868,6809.858592882264,0.851125933368612,200010.87320057832,1.0000543660028915,budget_exhausted,5.000000000912507,True,True,True,"[[488944.06180331705,5514303.110834124],[489004.152850358,5514303.110834124],[489034.1983738785,5514423.110834124],[488944.06180331705,5514303.110834124],[489004.152850358,5514423.110834124]]",641b62252d091ddc0527b4329f6d01215628a08d4a585e52c94b97bf947caef3,9583e062d8975d2ab1d48e007bf51fbd2bb88b48dd0cd3caaccacf42fe01540c,e048069383043526328dae828a525b37bf86a00276bfcb440e94b8a057c92b1f,1495355770,null,0,0.0,matched_prior_exact,0,stationary,1,"{""fraction"":0.25,""k"":1,""stage"":""c7-timing""}",afb392704cd91dc121192dd93c7aa1904370ee07844253dff5b4afaa9642f3ae,0.8270235165821825,10200,10201,0.9567873756228684,none,0.011625126212301384,True,revision_C_base@712b395,712b395,5ede81cb5815049fe381f461ce5502b4a13d3d3945ab77c4b78242c6d10572b8,c7-timing_20260911_041506_496602_705c3cf8,705c3cf8d1b3a80735499262310009dc0b3cd9c5e151de83f16ab60a82062b6e,none,none,none,evidence,revision_B_base,revision_B_base,0.5,0.8,10000.0,none,5,200000.0,xlarge,45.0,80.0,5.0,0.5,1.0
5,42,random_uniform_n8_uncoordinated,random_uniform_n8_uncoordinated,midflight_failure,[3],c4_frozen,2003303993,0.25,2000,50000.0,2000.0,[],[],True,0,0.0,0,0.019489572495318304,10090.5286683992,9404.171369145599,1995.2769678820018,0.01953398044942293,0.005388014416742343,0.014101558078575962,0.014177949072578855,251.8112582781457,0.9960287716806712,9500,9501,0.01671750903283931,7930.923843055127,0.9912415751849927,200000.0,1.0,budget_exhausted,5.0000000004656115,True,True,True,"[[488944.06180331705,5514303.110834124],[489004.152850358,5514303.110834124],[489034.1983738785,5514423.110834124],[488944.06180331705,5514303.110834124],[489004.152850358,5514423.110834124]]",641b62252d091ddc0527b4329f6d01215628a08d4a585e52c94b97bf947caef3,d65aff0a469089082727211a1c4412688a12a73603e9c24b72d1d7816f0cd2f7,b5a7a451c47c3ec90cf9585f05214c212b1d5be596876ff13107b7d1b227f41c,1495355770,null,9500,0.0,matched_prior_exact,0,stationary,1,"{""fraction"":0.25,""k"":1,""stage"":""c7-timing""}",afb392704cd91dc121192dd93c7aa1904370ee07844253dff5b4afaa9642f3ae,0.9891705390059014,10200,10201,1.0966493695857085,none,0.0006691077058009753,True,revision_C_base@712b395,712b395,5ede81cb5815049fe381f461ce5502b4a13d3d3945ab77c4b78242c6d10572b8,c7-timing_20260911_041506_496602_705c3cf8,705c3cf8d1b3a80735499262310009dc0b3cd9c5e151de83f16ab60a82062b6e,none,none,none,evidence,revision_B_base,revision_B_base,0.5,0.8,10000.0,none,5,200000.0,xlarge,45.0,80.0,5.0,0.5,1.0
5,42,dynamic_evidence_3step,dynamic_3step,midflight_failure,[3],c4_frozen,2003303993,0.5,4280,100021.57349481934,4280.0,[],[],True,0,0.0,0,0.26759151604889353,8026.934821293311,7907.552238409409,3837.4763272984515,0.2679987249605194,0.18197659253814985,0.08561492351074368,0.10466072575647717,11.358764820148703,0.9119622585876456,9584,9585,0.25175710438255494,6735.200167977398,0.8417947966475938,200008.38504772435,1.0000419252386217,budget_exhausted,5.000000000114857,True,True,True,"[[488944.06180331705,5514303.110834124],[489004.152850358,5514303.110834124],[489034.1983738785,5514423.110834124],[488944.06180331705,5514303.110834124],[489004.152850358,5514423.110834124]]",641b62252d091ddc0527b4329f6d01215628a08d4a585e52c94b97bf947caef3,c998a64ec9c2feca6f21b27360fcc5701d44efe732b267a694293f63b5feef4f,a200445355526184ee3538cb8c03ff4e5bc600bd6b1c79a066ca78703c8af851,1495355770,null,4183,510.6918705840071,matched_prior_exact,0,stationary,1,"{""fraction"":0.5,""k"":1,""stage"":""c7-timing""}",e48f7e450930aa2cad23001d8a223a0347fc2e867d4f90039ce62228ac53c328,0.8234442779332489,9747,9748,0.9458764301045696,none,0.007229446444664389,True,revision_C_base@712b395,712b395,5ede81cb5815049fe381f461ce5502b4a13d3d3945ab77c4b78242c6d10572b8,c7-timing_20260911_041506_496602_705c3cf8,705c3cf8d1b3a80735499262310009dc0b3cd9c5e151de83f16ab60a82062b6e,none,none,none,evidence,revision_B_base,revision_B_base,0.5,0.8,10000.0,none,5,200000.0,xlarge,45.0,80.0,5.0,0.5,1.0
5,42,online_static_3step,online_static_3step,midflight_failure,[3],c4_frozen,2003303993,0.5,4298,100003.74094424176,4298.0,[],[],True,0,0.0,0,0.1775168436659862,8354.8010195202,8354.8010195202,3867.6325949014467,0.1777932953178007,0.16628592006676285,0.011230923599223341,0.013470953495379015,25.20472556501321,0.960324900288218,9747,9748,0.1775168436659862,6917.922945404951,0.8646322891394764,200012.4773453519,1.0000623867267595,budget_exhausted,5.000000000114857,True,True,True,"[[488944.06180331705,5514303.110834124],[489004.152850358,5514303.110834124],[489034.1983738785,5514423.110834124],[488944.06180331705,5514303.110834124],[489004.152850358,5514423.110834124]]",641b62252d091ddc0527b4329f6d01215628a08d4a585e52c94b97bf947caef3,0bb9de654663f254c6f7dfc842b5d4c8fc27b8375b1900f17ab81a2af50fd0b1,c9cf9491dbe922ec61295ffc09147ff310fe55cfa182ccf6f6f618d0c292943b,1495355770,null,4665,474.15782759155263,matched_prior_exact,0,stationary,1,"{""fraction"":0.5,""k"":1,""stage"":""c7-timing""}",e48f7e450930aa2cad23001d8a223a0347fc2e867d4f90039ce62228ac53c328,0.8570784796389208,9747,9748,0.888242169906818,none,0.007849438263037078,True,revision_C_base@712b395,712b395,5ede81cb5815049fe381f461ce5502b4a13d3d3945ab77c4b78242c6d10572b8,c7-timing_20260911_041506_496602_705c3cf8,705c3cf8d1b3a80735499262310009dc0b3cd9c5e151de83f16ab60a82062b6e,none,none,none,evidence,revision_B_base,revision_B_base,0.5,0.8,10000.0,none,5,200000.0,xlarge,45.0,80.0,5.0,0.5,1.0
5,42,pizza_replan_midflight,pizza_replan,midflight_failure,[3],c4_frozen,2003303993,0.5,4008,100004.32462962613,4008.0,[],[],True,0,0.0,0,0.2113301136559073,8255.811447937278,7676.927751360906,3622.0394805618726,0.21147737885846063,0.17574022739991085,0.035589886255996434,0.04317799732447186,16.893951037435503,0.9408072156842359,9013,9014,0.19774471184524217,6869.191416734553,0.8585416093906453,200000.38709402466,1.0000019354701233,budget_exhausted,5.000000000916862,True,True,True,"[[488944.06180331705,5514303.110834124],[489004.152850358,5514303.110834124],[489034.1983738785,5514423.110834124],[488944.06180331705,5514303.110834124],[489004.152850358,5514423.110834124]]",641b62252d091ddc0527b4329f6d01215628a08d4a585e52c94b97bf947caef3,cf5a7080e584e4180b0c639b60aed291a45e96291991ea951bab206f850a1206,04eb415bf6586e97f976c6f34ed5e4ae211d671a4cd7d5ecfe1753bebc5d4446,1495355770,"{""assignment"":{""0"":[2,""forward""],""1"":[3,""forward""],""2"":[0,""forward""],""4"":[1,""forward""]},""assignment_cost"":2940.8616038653454,""deadhead_fraction_remaining_budget"":0.02940988790737891,""deadhead_per_drone"":{""0"":21.93880038365415,""1"":1031.730678284595,""2"":958.6867459078809,""4"":928.5053792892152},""deadhead_total"":2940.8616038653454,""empty_sectors"":0,""generator"":""generate_pizza_zigzag_path(overlap=0.0, path_point_spacing_m=10.0, border_gap_m=0.0)"",""num_sectors"":4,""orientations_per_sector"":{""0"":""forward"",""1"":""forward"",""2"":""forward"",""4"":""forward""},""prefix_removed_total"":2945,""route_length_after_replan"":{""0"":1149743.0208679256,""1"":1170341.9047108302,""2"":1170085.3174933908,""4"":1170341.9047108279},""search_inactive_uav_ids"":[],""suffix_removed_total"":0,""survivor_ids"":[0,1,2,4],""task_splits"":0}",0,0.0,matched_prior_exact,0,stationary,1,"{""fraction"":0.5,""k"":1,""stage"":""c7-timing""}",e48f7e450930aa2cad23001d8a223a0347fc2e867d4f90039ce62228ac53c328,0.8469236200181861,9747,9748,0.7528602156209515,none,0.03152522964830495,True,revision_C_base@712b395,712b395,5ede81cb5815049fe381f461ce5502b4a13d3d3945ab77c4b78242c6d10572b8,c7-timing_20260911_041506_496602_705c3cf8,705c3cf8d1b3a80735499262310009dc0b3cd9c5e151de83f16ab60a82062b6e,none,none,none,evidence,revision_B_base,revision_B_base,0.5,0.8,10000.0,none,5,200000.0,xlarge,45.0,80.0,5.0,0.5,1.0
5,42,pizza_fixed_midflight,pizza_fixed,midflight_failure,[3],c4_frozen,2003303993,0.5,4008,100004.32462962613,4008.0,[],[],True,0,0.0,0,0.275916928011932,8009.6501522555445,7477.449094344347,3622.0394805618726,0.27628083873038245,0.17574022739991085,0.10017670061202116,0.1215353507984727,10.966191155492155,0.9088106357238562,9012,9013,0.2596614393282008,6736.263059983455,0.841927641542739,200014.56189697547,1.0000728094848774,budget_exhausted,5.000000000912507,True,True,True,"[[488944.06180331705,5514303.110834124],[489004.152850358,5514303.110834124],[489034.1983738785,5514423.110834124],[488944.06180331705,5514303.110834124],[489004.152850358,5514423.110834124]]",641b62252d091ddc0527b4329f6d01215628a08d4a585e52c94b97bf947caef3,56592e92ff2f9a0db2e0872b04df45d7ef94507e187be9e827233836eca27b45,04eb415bf6586e97f976c6f34ed5e4ae211d671a4cd7d5ecfe1753bebc5d4446,1495355770,null,0,0.0,matched_prior_exact,0,stationary,1,"{""fraction"":0.5,""k"":1,""stage"":""c7-timing""}",e48f7e450930aa2cad23001d8a223a0347fc2e867d4f90039ce62228ac53c328,0.8216711276421362,9747,9748,0.9829497288529336,none,0.00627273727225508,True,revision_C_base@712b395,712b395,5ede81cb5815049fe381f461ce5502b4a13d3d3945ab77c4b78242c6d10572b8,c7-timing_20260911_041506_496602_705c3cf8,705c3cf8d1b3a80735499262310009dc0b3cd9c5e151de83f16ab60a82062b6e,none,none,none,evidence,revision_B_base,revision_B_base,0.5,0.8,10000.0,none,5,200000.0,xlarge,45.0,80.0,5.0,0.5,1.0
5,42,random_uniform_n8_uncoordinated,random_uniform_n8_uncoordinated,midflight_failure,[3],c4_frozen,2003303993,0.5,4000,100000.0,4000.0,[],[],True,0,0.0,0,0.01913687597040366,9637.721880923993,8905.017127274312,3978.1105675357803,0.01916713244115361,0.010656144205674569,0.008480731764729093,0.008572077053958226,258.2648556876061,0.9961280058901643,9000,9001,0.017439792061814167,7923.061661478206,0.9902589253191109,200000.0,1.0,budget_exhausted,5.0000000004656115,True,True,True,"[[488944.06180331705,5514303.110834124],[489004.152850358,5514303.110834124],[489034.1983738785,5514423.110834124],[488944.06180331705,5514303.110834124],[489004.152850358,5514423.110834124]]",641b62252d091ddc0527b4329f6d01215628a08d4a585e52c94b97bf947caef3,2e049dad010e8cb87e5e817ba8e6c91dee528d321e804d1e466d24c1d18b58e7,18bf8a6ecc35f08e3df3224614347ad6934e8501c33c84fc068e9443b1d7a7e2,1495355770,null,9000,0.0,matched_prior_exact,0,stationary,1,"{""fraction"":0.5,""k"":1,""stage"":""c7-timing""}",e48f7e450930aa2cad23001d8a223a0347fc2e867d4f90039ce62228ac53c328,0.9886871030902742,9747,9748,1.0768036586653882,none,0.00018567179017381363,True,revision_C_base@712b395,712b395,5ede81cb5815049fe381f461ce5502b4a13d3d3945ab77c4b78242c6d10572b8,c7-timing_20260911_041506_496602_705c3cf8,705c3cf8d1b3a80735499262310009dc0b3cd9c5e151de83f16ab60a82062b6e,none,none,none,evidence,revision_B_base,revision_B_base,0.5,0.8,10000.0,none,5,200000.0,xlarge,45.0,80.0,5.0,0.5,1.0
5,42,dynamic_evidence_3step,dynamic_3step,midflight_failure,[3],c4_frozen,2003303993,0.75,6394,150014.3496795806,6394.0,[],[],True,0,0.0,0,0.28187266220585694,7575.203805480559,7490.464779620769,5505.910096852304,0.28229301422136943,0.23774003261386073,0.04413262959199621,0.05789708430226387,11.47636093475618,0.9128643647855743,9074,9075,0.26367844560555226,6709.212772988302,0.8385467782762532,200000.12289442917,1.0000006144721458,budget_exhausted,5.000000000420844,True,True,True,"[[488944.06180331705,5514303.110834124],[489004.152850358,5514303.110834124],[489034.1983738785,5514423.110834124],[488944.06180331705,5514303.110834124],[489004.152850358,5514423.110834124]]",641b62252d091ddc0527b4329f6d01215628a08d4a585e52c94b97bf947caef3,4d5a5dd2f7a8e01577129b8fe89a613c9353926e538a7d674b2edcb35fc2a83b,ee9068c45497da2e63b76857dacf5710dfed92abafbee5c317ccabc21641b71b,1495355770,null,4088,483.3691857215017,matched_prior_exact,0,stationary,1,"{""fraction"":0.75,""k"":1,""stage"":""c7-timing""}",1afd6aad4615879250c18a49e0765e646d736ba5546c63af535ab9149ba3f9ac,0.8240186887284411,9192,9193,0.996357102078796,none,0.007803857239856549,True,revision_C_base@712b395,712b395,5ede81cb5815049fe381f461ce5502b4a13d3d3945ab77c4b78242c6d10572b8,c7-timing_20260911_041506_496602_705c3cf8,705c3cf8d1b3a80735499262310009dc0b3cd9c5e151de83f16ab60a82062b6e,none,none,none,evidence,revision_B_base,revision_B_base,0.5,0.8,10000.0,none,5,200000.0,xlarge,45.0,80.0,5.0,0.5,1.0
5,42,online_static_3step,online_static_3step,midflight_failure,[3],c4_frozen,2003303993,0.75,6460,150009.84641815673,6460.0,[],[],True,0,0.0,0,0.19010357557952076,7850.484461153784,7850.484461153784,5637.84742963715,0.1904037449310894,0.19010357557952076,0.0,0.0,22.536521282186023,0.955627579452981,9192,9193,0.19010357557952076,6885.087923244922,0.8605284243525713,200012.85470118714,1.0000642735059357,budget_exhausted,5.000000000114857,True,True,True,"[[488944.06180331705,5514303.110834124],[489004.152850358,5514303.110834124],[489034.1983738785,5514423.110834124],[488944.06180331705,5514303.110834124],[489004.152850358,5514423.110834124]]",641b62252d091ddc0527b4329f6d01215628a08d4a585e52c94b97bf947caef3,9819a1924fa163f84ecc8acada837c510f10879bd00aedd22ebc25484bb33030,72058793905c2a9eaa5476b4e45326f05f9b2ddd00cc2f7defe98b45d649f869,1495355770,null,4508,493.9436575760483,matched_prior_exact,0,stationary,1,"{""fraction"":0.75,""k"":1,""stage"":""c7-timing""}",1afd6aad4615879250c18a49e0765e646d736ba5546c63af535ab9149ba3f9ac,0.8539632830581729,9192,9193,0.9512224811608285,none,0.0047342416822891975,True,revision_C_base@712b395,712b395,5ede81cb5815049fe381f461ce5502b4a13d3d3945ab77c4b78242c6d10572b8,c7-timing_20260911_041506_496602_705c3cf8,705c3cf8d1b3a80735499262310009dc0b3cd9c5e151de83f16ab60a82062b6e,none,none,none,evidence,revision_B_base,revision_B_base,0.5,0.8,10000.0,none,5,200000.0,xlarge,45.0,80.0,5.0,0.5,1.0
5,42,pizza_replan_midflight,pizza_replan,midflight_failure,[3],c4_frozen,2003303993,0.75,6010,150016.55582668717,6010.0,[],[],True,0,0.0,0,0.24288260686320087,7638.511817899233,7124.429107959408,5214.254101237892,0.24314097017491848,0.23295683669610173,0.00992577016709914,0.012940301982936265,13.85343428880476,0.9278157329689635,8513,8514,0.24021806164890686,6735.349018920383,0.8418134006899617,200018.64567653017,1.000093228382651,budget_exhausted,5.000000000912507,True,True,True,"[[488944.06180331705,5514303.110834124],[489004.152850358,5514303.110834124],[489034.1983738785,5514423.110834124],[488944.06180331705,5514303.110834124],[489004.152850358,5514423.110834124]]",641b62252d091ddc0527b4329f6d01215628a08d4a585e52c94b97bf947caef3,29e3971ac04d47598fd0333586fade1020408339ffc07462decd63cfd117ee21,7f7a3bb9a13f20dfa05930f189ddede4d7e28aab85f954fbd4b7c9f40f881e26,1495355770,"{""assignment"":{""0"":[2,""forward""],""1"":[3,""forward""],""2"":[0,""forward""],""4"":[1,""forward""]},""assignment_cost"":5922.535575184579,""deadhead_fraction_remaining_budget"":0.11848994548372359,""deadhead_per_drone"":{""0"":2009.4092376102362,""1"":1305.1374167291067,""2"":1328.538672217122,""4"":1279.450248628114},""deadhead_total"":5922.535575184579,""empty_sectors"":0,""generator"":""generate_pizza_zigzag_path(overlap=0.0, path_point_spacing_m=10.0, border_gap_m=0.0)"",""num_sectors"":4,""orientations_per_sector"":{""0"":""forward"",""1"":""forward"",""2"":""forward"",""4"":""forward""},""prefix_removed_total"":4183,""route_length_after_replan"":{""0"":1137007.421854752,""1"":1170341.9047108302,""2"":1170085.3174933908,""4"":1170341.9047108279},""search_inactive_uav_ids"":[],""suffix_removed_total"":0,""survivor_ids"":[0,1,2,4],""task_splits"":0}",0,0.0,matched_prior_exact,0,stationary,1,"{""fraction"":0.75,""k"":1,""stage"":""c7-timing""}",1afd6aad4615879250c18a49e0765e646d736ba5546c63af535ab9149ba3f9ac,0.8309052341889736,9192,9193,0.8652654778359689,none,0.015506843819092397,True,revision_C_base@712b395,712b395,5ede81cb5815049fe381f461ce5502b4a13d3d3945ab77c4b78242c6d10572b8,c7-timing_20260911_041506_496602_705c3cf8,705c3cf8d1b3a80735499262310009dc0b3cd9c5e151de83f16ab60a82062b6e,none,none,none,evidence,revision_B_base,revision_B_base,0.5,0.8,10000.0,none,5,200000.0,xlarge,45.0,80.0,5.0,0.5,1.0
5,42,pizza_fixed_midflight,pizza_fixed,midflight_failure,[3],c4_frozen,2003303993,0.75,6010,150016.55582668717,6010.0,[],[],True,0,0.0,0,0.27891398032907383,7563.195009546223,7072.1354301506235,5214.254101237892,0.2793032150724561,0.23295683669610173,0.0459571436329721,0.05991467733708765,10.981709059731353,0.908939492517892,8511,8512,0.2711526668031638,6701.632419161432,0.8375993524761195,200006.5393426936,1.000032696713468,budget_exhausted,5.000000000912507,True,True,True,"[[488944.06180331705,5514303.110834124],[489004.152850358,5514303.110834124],[489034.1983738785,5514423.110834124],[488944.06180331705,5514303.110834124],[489004.152850358,5514423.110834124]]",641b62252d091ddc0527b4329f6d01215628a08d4a585e52c94b97bf947caef3,ca6d3f34638d38377ef7a4e9cc1731ae7c753b02c75927a7d23558658d37901c,7f7a3bb9a13f20dfa05930f189ddede4d7e28aab85f954fbd4b7c9f40f881e26,1495355770,null,0,0.0,matched_prior_exact,0,stationary,1,"{""fraction"":0.75,""k"":1,""stage"":""c7-timing""}",1afd6aad4615879250c18a49e0765e646d736ba5546c63af535ab9149ba3f9ac,0.8227123909002745,9192,9193,0.9936266807301494,none,0.0073140005303933275,True,revision_C_base@712b395,712b395,5ede81cb5815049fe381f461ce5502b4a13d3d3945ab77c4b78242c6d10572b8,c7-timing_20260911_041506_496602_705c3cf8,705c3cf8d1b3a80735499262310009dc0b3cd9c5e151de83f16ab60a82062b6e,none,none,none,evidence,revision_B_base,revision_B_base,0.5,0.8,10000.0,none,5,200000.0,xlarge,45.0,80.0,5.0,0.5,1.0
5,42,random_uniform_n8_uncoordinated,random_uniform_n8_uncoordinated,midflight_failure,[3],c4_frozen,2003303993,0.75,6000,150000.0,6000.0,[],[],True,0,0.0,0,0.018191043189112112,9090.416345061441,8411.004546948474,5952.564161831151,0.018221925993400334,0.01554569527741273,0.002645347911699382,0.0026871210771380835,271.59285714285716,0.9963180180417116,8500,8501,0.01777191689764595,7919.959522225121,0.9898712063773429,200000.0,1.0,budget_exhausted,5.0000000004656115,True,True,True,"[[488944.06180331705,5514303.110834124],[489004.152850358,5514303.110834124],[489034.1983738785,5514423.110834124],[488944.06180331705,5514303.110834124],[489004.152850358,5514423.110834124]]",641b62252d091ddc0527b4329f6d01215628a08d4a585e52c94b97bf947caef3,ffed01679b0f849960fa224463b4ced9db3d05f7f365095df30bf0ab407d8138,1efff275f2ad52ed6c50d2745741ea8ea600a0666a53c0037dec5af25f382083,1495355770,null,8500,0.0,matched_prior_exact,0,stationary,1,"{""fraction"":0.75,""k"":1,""stage"":""c7-timing""}",1afd6aad4615879250c18a49e0765e646d736ba5546c63af535ab9149ba3f9ac,0.9888411122660112,9192,9193,1.0235830493582296,none,0.00033968096591086017,True,revision_C_base@712b395,712b395,5ede81cb5815049fe381f461ce5502b4a13d3d3945ab77c4b78242c6d10572b8,c7-timing_20260911_041506_496602_705c3cf8,705c3cf8d1b3a80735499262310009dc0b3cd9c5e151de83f16ab60a82062b6e,none,none,none,evidence,revision_B_base,revision_B_base,0.5,0.8,10000.0,none,5,200000.0,xlarge,45.0,80.0,5.0,0.5,1.0
5,43,dynamic_evidence_3step,dynamic_3step,midflight_failure,[3],c4_frozen,1240473512,0.25,2120,50001.588323892334,2120.0,[],[],True,0,0.0,0,0.27859339455992177,8362.47089326189,8362.47089326189,1999.779923720891,0.27900192589097095,0.10387106346179578,0.174722331098126,0.19497454436979575,12.419258066876418,0.9194798920664098,10129,10130,0.2459802442687115,6794.305368976138,0.8491820233690961,200000.98790152185,1.0000049395076092,budget_exhausted,5.000000000341401,True,True,True,"[[488944.06180331705,5514363.110834124],[489034.1983738785,5514393.110834124],[488914.01627979655,5514363.110834124],[488944.06180331705,5514333.110834124],[488883.97075627604,5514423.110834124]]",bde004228fe99a98919b7fb2b32ff622f2c3cff1d6312c60a61068b6050f8bb4,c906b388ee4ccebdfbf64a2348507249bce19e42b56d4b754d1c8258ed4363f5,c06075c99bd570ba1f4838bbf70496860e30aa8da244ba494fb0aa3f655133b4,2902095203,null,4180,494.80313313085935,matched_prior_exact,0,stationary,1,"{""fraction"":0.25,""k"":1,""stage"":""c7-timing""}",afb392704cd91dc121192dd93c7aa1904370ee07844253dff5b4afaa9642f3ae,0.8255153892657345,10129,10130,0.9637848907913721,none,0.010107619311703786,True,revision_C_base@712b395,712b395,5ede81cb5815049fe381f461ce5502b4a13d3d3945ab77c4b78242c6d10572b8,c7-timing_20260911_041506_496602_705c3cf8,705c3cf8d1b3a80735499262310009dc0b3cd9c5e151de83f16ab60a82062b6e,none,none,none,evidence,revision_B_base,revision_B_base,0.5,0.8,10000.0,none,5,200000.0,xlarge,45.0,80.0,5.0,0.5,1.0
5,43,online_static_3step,online_static_3step,midflight_failure,[3],c4_frozen,1240473512,0.25,2147,50010.324823987045,2147.0,[],[],True,0,0.0,0,0.20240608109767202,8705.755356921905,8669.863630571437,2024.0089140720881,0.20271259482961904,0.0982812007953362,0.10412488030233583,0.1154737822857595,20.07699642431466,0.9501917528466096,10084,10085,0.1901843765395434,6996.822481692191,0.8744934985242083,200003.85324475338,1.0000192662237668,budget_exhausted,5.000000000128727,True,True,True,"[[488944.06180331705,5514363.110834124],[489034.1983738785,5514393.110834124],[488914.01627979655,5514363.110834124],[488944.06180331705,5514333.110834124],[488883.97075627604,5514423.110834124]]",bde004228fe99a98919b7fb2b32ff622f2c3cff1d6312c60a61068b6050f8bb4,4ae3c1ec2be8c8205f33770274ba0a814329789b0aacaa55b3e068d310aef55e,995360841da5baecb40fca4e4cf563b7384037d4cf69130bb48b738ce06d1026,2902095203,null,4418,475.1103472582472,matched_prior_exact,0,stationary,1,"{""fraction"":0.25,""k"":1,""stage"":""c7-timing""}",afb392704cd91dc121192dd93c7aa1904370ee07844253dff5b4afaa9642f3ae,0.8594032928846895,10129,10130,1.041267684978119,none,-0.0038446574632423625,True,revision_C_base@712b395,712b395,5ede81cb5815049fe381f461ce5502b4a13d3d3945ab77c4b78242c6d10572b8,c7-timing_20260911_041506_496602_705c3cf8,705c3cf8d1b3a80735499262310009dc0b3cd9c5e151de83f16ab60a82062b6e,none,none,none,evidence,revision_B_base,revision_B_base,0.5,0.8,10000.0,none,5,200000.0,xlarge,45.0,80.0,5.0,0.5,1.0
5,43,pizza_replan_midflight,pizza_replan,midflight_failure,[3],c4_frozen,1240473512,0.25,2006,50005.10756356601,2006.0,[],[],True,0,0.0,0,0.2711052202169747,8439.256721577785,7990.257537231362,1901.9883981527753,0.2714284671008692,0.10188719107119285,0.16921802914578185,0.18841511607835854,11.627949183303086,0.9140003121585766,9513,9514,0.24159278750657692,6865.314674892801,0.8580570772269468,200014.57657092417,1.0000728828546208,budget_exhausted,5.000000000896076,True,True,True,"[[488944.06180331705,5514363.110834124],[489034.1983738785,5514393.110834124],[488914.01627979655,5514363.110834124],[488944.06180331705,5514333.110834124],[488883.97075627604,5514423.110834124]]",bde004228fe99a98919b7fb2b32ff622f2c3cff1d6312c60a61068b6050f8bb4,4fb905dd87cd3c2b763633c853252c4dff79ecfb63a750647688b2de7b5ee18a,3bca66e00a436cafe4b7464c8da98453cda819e42d69083553cd31c7dfdb17e6,2902095203,"{""assignment"":{""0"":[1,""forward""],""1"":[0,""forward""],""2"":[3,""forward""],""4"":[2,""forward""]},""assignment_cost"":1746.6493078949757,""deadhead_fraction_remaining_budget"":0.011644725227128547,""deadhead_per_drone"":{""0"":643.9301918380424,""1"":31.56039617064898,""2"":665.8576564565934,""4"":405.3010634296908},""deadhead_total"":1746.6493078949757,""empty_sectors"":0,""generator"":""generate_pizza_zigzag_path(overlap=0.0, path_point_spacing_m=10.0, border_gap_m=0.0)"",""num_sectors"":4,""orientations_per_sector"":{""0"":""forward"",""1"":""forward"",""2"":""forward"",""4"":""forward""},""prefix_removed_total"":3524,""route_length_after_replan"":{""0"":1170341.9047108279,""1"":1161071.469993223,""2"":1161303.1826265282,""4"":1161303.1826265343},""search_inactive_uav_ids"":[],""suffix_removed_total"":0,""survivor_ids"":[0,1,2,4],""task_splits"":0}",0,0.0,matched_prior_exact,0,stationary,1,"{""fraction"":0.25,""k"":1,""stage"":""c7-timing""}",afb392704cd91dc121192dd93c7aa1904370ee07844253dff5b4afaa9642f3ae,0.833095431547659,10129,10130,0.9650446492932782,none,0.01634102010390459,True,revision_C_base@712b395,712b395,5ede81cb5815049fe381f461ce5502b4a13d3d3945ab77c4b78242c6d10572b8,c7-timing_20260911_041506_496602_705c3cf8,705c3cf8d1b3a80735499262310009dc0b3cd9c5e151de83f16ab60a82062b6e,none,none,none,evidence,revision_B_base,revision_B_base,0.5,0.8,10000.0,none,5,200000.0,xlarge,45.0,80.0,5.0,0.5,1.0
5,43,pizza_fixed_midflight,pizza_fixed,midflight_failure,[3],c4_frozen,1240473512,0.25,2006,50005.10756356601,2006.0,[],[],True,0,0.0,0,0.27630436756373983,8346.088281457516,7900.291771876753,1901.9883981527753,0.2767245251496912,0.10188719107119285,0.17441717649254698,0.19420408523131633,10.912119920431941,0.9083587783774634,9513,9514,0.25129212996343775,6786.6264987520035,0.8482222845584306,200019.4209725268,1.000097104862634,budget_exhausted,5.000000000896881,True,True,True,"[[488944.06180331705,5514363.110834124],[489034.1983738785,5514393.110834124],[488914.01627979655,5514363.110834124],[488944.06180331705,5514333.110834124],[488883.97075627604,5514423.110834124]]",bde004228fe99a98919b7fb2b32ff622f2c3cff1d6312c60a61068b6050f8bb4,53d0827938a68b59a61beab24973f5ae47478c7c5781c4c75197f20196268cac,3bca66e00a436cafe4b7464c8da98453cda819e42d69083553cd31c7dfdb17e6,2902095203,null,0,0.0,matched_prior_exact,0,stationary,1,"{""fraction"":0.25,""k"":1,""stage"":""c7-timing""}",afb392704cd91dc121192dd93c7aa1904370ee07844253dff5b4afaa9642f3ae,0.8238981521675731,10129,10130,0.9835518891165004,none,0.007143740723818737,True,revision_C_base@712b395,712b395,5ede81cb5815049fe381f461ce5502b4a13d3d3945ab77c4b78242c6d10572b8,c7-timing_20260911_041506_496602_705c3cf8,705c3cf8d1b3a80735499262310009dc0b3cd9c5e151de83f16ab60a82062b6e,none,none,none,evidence,revision_B_base,revision_B_base,0.5,0.8,10000.0,none,5,200000.0,xlarge,45.0,80.0,5.0,0.5,1.0
5,43,random_uniform_n8_uncoordinated,random_uniform_n8_uncoordinated,midflight_failure,[3],c4_frozen,1240473512,0.25,2000,50000.0,2000.0,[],[],True,0,0.0,0,0.017217847011979558,10034.72407363742,9416.554099407833,1997.7517625045268,0.0172908510967047,0.003448841219735932,0.013769005792243626,0.01381665724928392,290.6087786259542,0.9965589477209595,9500,9501,0.014662509954966329,7939.876428159001,0.9923605084563181,200000.0,1.0,budget_exhausted,5.000000000463913,True,True,True,"[[488944.06180331705,5514363.110834124],[489034.1983738785,5514393.110834124],[488914.01627979655,5514363.110834124],[488944.06180331705,5514333.110834124],[488883.97075627604,5514423.110834124]]",bde004228fe99a98919b7fb2b32ff622f2c3cff1d6312c60a61068b6050f8bb4,18fee628fdbfb96dd0275bdfd63fffcf14eb110907f59613b676d43880c3ab6c,9fa2a36b491f5c3590f87565cd7e0f0302adac13d441602ef91bada9652b1be7,2902095203,null,9500,0.0,matched_prior_exact,0,stationary,1,"{""fraction"":0.25,""k"":1,""stage"":""c7-timing""}",afb392704cd91dc121192dd93c7aa1904370ee07844253dff5b4afaa9642f3ae,0.9905946765683534,10129,10130,1.06708305114355,none,-8.33067481489369e-05,True,revision_C_base@712b395,712b395,5ede81cb5815049fe381f461ce5502b4a13d3d3945ab77c4b78242c6d10572b8,c7-timing_20260911_041506_496602_705c3cf8,705c3cf8d1b3a80735499262310009dc0b3cd9c5e151de83f16ab60a82062b6e,none,none,none,evidence,revision_B_base,revision_B_base,0.5,0.8,10000.0,none,5,200000.0,xlarge,45.0,80.0,5.0,0.5,1.0
5,43,dynamic_evidence_3step,dynamic_3step,midflight_failure,[3],c4_frozen,1240473512,0.5,4250,100011.84337657566,4250.0,[],[],True,0,0.0,0,0.27249853451024536,7913.593493878414,7912.865992413182,3814.6109266570634,0.27289218945928023,0.18772218929053847,0.0847763452197069,0.10436865823733552,12.080296655494545,0.9172205759081947,9583,9584,0.24619447536315206,6738.857867542298,0.8422519519487937,200007.8003217769,1.0000390016088845,budget_exhausted,5.000000000114857,True,True,True,"[[488944.06180331705,5514363.110834124],[489034.1983738785,5514393.110834124],[488914.01627979655,5514363.110834124],[488944.06180331705,5514333.110834124],[488883.97075627604,5514423.110834124]]",bde004228fe99a98919b7fb2b32ff622f2c3cff1d6312c60a61068b6050f8bb4,a9d4be32055ad98f29fb3d30e4c9bc5e534e1c7dfa5c1015f130fd3b05f5ebe7,4b82c22759d8b6f2fd810f5777c6738d157b11f7773f54dabec53605e521d60a,2902095203,null,4159,496.0989525791083,matched_prior_exact,0,stationary,1,"{""fraction"":0.5,""k"":1,""stage"":""c7-timing""}",e48f7e450930aa2cad23001d8a223a0347fc2e867d4f90039ce62228ac53c328,0.8256226910671272,9584,9585,0.9426999184191983,none,0.010214921113096409,True,revision_C_base@712b395,712b395,5ede81cb5815049fe381f461ce5502b4a13d3d3945ab77c4b78242c6d10572b8,c7-timing_20260911_041506_496602_705c3cf8,705c3cf8d1b3a80735499262310009dc0b3cd9c5e151de83f16ab60a82062b6e,none,none,none,evidence,revision_B_base,revision_B_base,0.5,0.8,10000.0,none,5,200000.0,xlarge,45.0,80.0,5.0,0.5,1.0
5,43,online_static_3step,online_static_3step,midflight_failure,[3],c4_frozen,1240473512,0.5,4316,100011.35646125957,4316.0,[],[],True,0,0.0,0,0.20092817617744174,8270.845318140726,8270.845318140726,3925.0042584532757,0.20122962623713841,0.14281702043198224,0.0581111557454595,0.06779317500534711,20.397661523625843,0.9509747723364398,9584,9585,0.19018711455539264,6996.85682972262,0.8744977914913911,200006.61433321098,1.0000330716660548,budget_exhausted,5.000000000114857,True,True,True,"[[488944.06180331705,5514363.110834124],[489034.1983738785,5514393.110834124],[488914.01627979655,5514363.110834124],[488944.06180331705,5514333.110834124],[488883.97075627604,5514423.110834124]]",bde004228fe99a98919b7fb2b32ff622f2c3cff1d6312c60a61068b6050f8bb4,ffa124bd1e58397e59f9016ff5934ff5f2b0b9a4739f0c1fa7266fd577e276bc,519e07133a9f62ab211fcf572de0a83a519633331b93f54f6de5bba9064343ac,2902095203,null,4375,480.8262698587787,matched_prior_exact,0,stationary,1,"{""fraction"":0.5,""k"":1,""stage"":""c7-timing""}",e48f7e450930aa2cad23001d8a223a0347fc2e867d4f90039ce62228ac53c328,0.8628946602129083,9584,9585,1.0336646790478607,none,-0.0003532901350236095,True,revision_C_base@712b395,712b395,5ede81cb5815049fe381f461ce5502b4a13d3d3945ab77c4b78242c6d10572b8,c7-timing_20260911_041506_496602_705c3cf8,705c3cf8d1b3a80735499262310009dc0b3cd9c5e151de83f16ab60a82062b6e,none,none,none,evidence,revision_B_base,revision_B_base,0.5,0.8,10000.0,none,5,200000.0,xlarge,45.0,80.0,5.0,0.5,1.0
5,43,pizza_replan_midflight,pizza_replan,midflight_failure,[3],c4_frozen,1240473512,0.5,4009,100024.49006388945,4009.0,[],[],True,0,0.0,0,0.2550759894592224,7976.718422829387,7550.621888799963,3621.5475711077884,0.255393426417397,0.17606041035857967,0.07901557910064272,0.0958997238317319,12.585789129011133,0.9205453079064443,9012,9013,0.23804835729917584,6787.42880865924,0.8483225607623097,200007.83050944278,1.0000391525472139,budget_exhausted,5.000000000879297,True,True,True,"[[488944.06180331705,5514363.110834124],[489034.1983738785,5514393.110834124],[488914.01627979655,5514363.110834124],[488944.06180331705,5514333.110834124],[488883.97075627604,5514423.110834124]]",bde004228fe99a98919b7fb2b32ff622f2c3cff1d6312c60a61068b6050f8bb4,dfcf05cbaf783184c1035e2f5254ec456561d2e6d8de43247a3571f8667a38e0,b264cc2ec2686012ee60688115a90b49ce73e9667b9613a2b588235f2cc7b41f,2902095203,"{""assignment"":{""0"":[1,""forward""],""1"":[0,""forward""],""2"":[3,""forward""],""4"":[2,""forward""]},""assignment_cost"":1130.864083947434,""deadhead_fraction_remaining_budget"":0.011311411011257795,""deadhead_per_drone"":{""0"":927.8330018866156,""1"":5.10663396739556,""2"":180.91268500130735,""4"":17.01176309211545},""deadhead_total"":1130.864083947434,""empty_sectors"":0,""generator"":""generate_pizza_zigzag_path(overlap=0.0, path_point_spacing_m=10.0, border_gap_m=0.0)"",""num_sectors"":4,""orientations_per_sector"":{""0"":""forward"",""1"":""forward"",""2"":""forward"",""4"":""forward""},""prefix_removed_total"":6901,""route_length_after_replan"":{""0"":1170341.9047108279,""1"":1148896.7642595149,""2"":1149974.7339868878,""4"":1149743.0208679256},""search_inactive_uav_ids"":[],""suffix_removed_total"":0,""survivor_ids"":[0,1,2,4],""task_splits"":0}",0,0.0,matched_prior_exact,0,stationary,1,"{""fraction"":0.5,""k"":1,""stage"":""c7-timing""}",e48f7e450930aa2cad23001d8a223a0347fc2e867d4f90039ce62228ac53c328,0.8322084948178807,9584,9585,0.9079859052282402,none,0.015454083374126348,True,revision_C_base@712b395,712b395,5ede81cb5815049fe381f461ce5502b4a13d3d3945ab77c4b78242c6d10572b8,c7-timing_20260911_041506_496602_705c3cf8,705c3cf8d1b3a80735499262310009dc0b3cd9c5e151de83f16ab60a82062b6e,none,none,none,evidence,revision_B_base,revision_B_base,0.5,0.8,10000.0,none,5,200000.0,xlarge,45.0,80.0,5.0,0.5,1.0
5,43,pizza_fixed_midflight,pizza_fixed,midflight_failure,[3],c4_frozen,1240473512,0.5,4009,100024.49006388945,4009.0,[],[],True,0,0.0,0,0.28052959081204676,7873.3308391477685,7461.793765092182,3621.5475711077884,0.28094299096449404,0.17606041035857967,0.10446918045346709,0.12679228157847378,10.939676661206466,0.9085896200619775,9012,9013,0.2634382666069765,6724.972664232388,0.8405165184642405,200009.50290774656,1.0000475145387329,budget_exhausted,5.000000000896881,True,True,True,"[[488944.06180331705,5514363.110834124],[489034.1983738785,5514393.110834124],[488914.01627979655,5514363.110834124],[488944.06180331705,5514333.110834124],[488883.97075627604,5514423.110834124]]",bde004228fe99a98919b7fb2b32ff622f2c3cff1d6312c60a61068b6050f8bb4,29b16baf870f403483ec714e353ba816864ca92ce48d4c986ccb8f42d71bb031,b264cc2ec2686012ee60688115a90b49ce73e9667b9613a2b588235f2cc7b41f,2902095203,null,0,0.0,matched_prior_exact,0,stationary,1,"{""fraction"":0.5,""k"":1,""stage"":""c7-timing""}",e48f7e450930aa2cad23001d8a223a0347fc2e867d4f90039ce62228ac53c328,0.8214221011108783,9584,9585,0.9985922822324454,none,0.004667689667123942,True,revision_C_base@712b395,712b395,5ede81cb5815049fe381f461ce5502b4a13d3d3945ab77c4b78242c6d10572b8,c7-timing_20260911_041506_496602_705c3cf8,705c3cf8d1b3a80735499262310009dc0b3cd9c5e151de83f16ab60a82062b6e,none,none,none,evidence,revision_B_base,revision_B_base,0.5,0.8,10000.0,none,5,200000.0,xlarge,45.0,80.0,5.0,0.5,1.0
5,43,random_uniform_n8_uncoordinated,random_uniform_n8_uncoordinated,midflight_failure,[3],c4_frozen,1240473512,0.5,4000,100000.0,4000.0,[],[],True,0,0.0,0,0.016098578734236972,9497.932598560705,8923.334168541896,3985.714866953378,0.0161737920305066,0.00827868855581041,0.007819890178426563,0.007885169037094589,307.56969696969696,0.9967487044079686,9000,9001,0.014879860202796255,7938.50738991514,0.9921894000643845,200000.0,1.0,budget_exhausted,5.000000000463913,True,True,True,"[[488944.06180331705,5514363.110834124],[489034.1983738785,5514393.110834124],[488914.01627979655,5514363.110834124],[488944.06180331705,5514333.110834124],[488883.97075627604,5514423.110834124]]",bde004228fe99a98919b7fb2b32ff622f2c3cff1d6312c60a61068b6050f8bb4,b1b95390cd842bd7470bb7cd0c8677c5e71f9864eacec3ebf26685250faf64c8,df0e0997140d57df0083ada516ba9e9ad5b7238387493b945f95728fc2c8374c,2902095203,null,9000,0.0,matched_prior_exact,0,stationary,1,"{""fraction"":0.5,""k"":1,""stage"":""c7-timing""}",e48f7e450930aa2cad23001d8a223a0347fc2e867d4f90039ce62228ac53c328,0.9909162857131669,9584,9585,0.9977159457191171,none,0.0002383023966645581,True,revision_C_base@712b395,712b395,5ede81cb5815049fe381f461ce5502b4a13d3d3945ab77c4b78242c6d10572b8,c7-timing_20260911_041506_496602_705c3cf8,705c3cf8d1b3a80735499262310009dc0b3cd9c5e151de83f16ab60a82062b6e,none,none,none,evidence,revision_B_base,revision_B_base,0.5,0.8,10000.0,none,5,200000.0,xlarge,45.0,80.0,5.0,0.5,1.0
5,43,dynamic_evidence_3step,dynamic_3step,midflight_failure,[3],c4_frozen,1240473512,0.75,6382,150001.9659261811,6382.0,[],[],True,0,0.0,0,0.2882655953265788,7481.733423510122,7453.975781727703,5489.581606221532,0.28874036884515325,0.24016782868923,0.0480977666373488,0.0633005135257387,11.394717386921164,0.9122400349176015,9058,9059,0.27165147061489003,6692.423639880019,0.8364483989351356,200019.89631716683,1.0000994815858342,budget_exhausted,5.000000000114857,True,True,True,"[[488944.06180331705,5514363.110834124],[489034.1983738785,5514393.110834124],[488914.01627979655,5514363.110834124],[488944.06180331705,5514333.110834124],[488883.97075627604,5514423.110834124]]",bde004228fe99a98919b7fb2b32ff622f2c3cff1d6312c60a61068b6050f8bb4,88e832b0396bded9c14677eb0c0243b436b91a1d5085ee9d8c4492b6cf1c6f77,1a09d1570b84e5207e9989a99cb8cdd47fa1b4274b1bab72e0b8222fefabf2c0,2902095203,null,4101,474.2865932425484,matched_prior_exact,0,stationary,1,"{""fraction"":0.75,""k"":1,""stage"":""c7-timing""}",1afd6aad4615879250c18a49e0765e646d736ba5546c63af535ab9149ba3f9ac,0.8223492441756564,9097,9098,0.9972455583507379,none,0.00694147422162561,True,revision_C_base@712b395,712b395,5ede81cb5815049fe381f461ce5502b4a13d3d3945ab77c4b78242c6d10572b8,c7-timing_20260911_041506_496602_705c3cf8,705c3cf8d1b3a80735499262310009dc0b3cd9c5e151de83f16ab60a82062b6e,none,none,none,evidence,revision_B_base,revision_B_base,0.5,0.8,10000.0,none,5,200000.0,xlarge,45.0,80.0,5.0,0.5,1.0
5,43,online_static_3step,online_static_3step,midflight_failure,[3],c4_frozen,1240473512,0.75,6455,150008.94494460788,6455.0,[],[],True,0,0.0,0,0.19788904181813446,7881.042302092835,7881.042302092835,5730.313935789703,0.19818255299946652,0.1685586279894944,0.029330413828640073,0.03527658692003297,20.99148463532025,0.9523616353310522,9097,9098,0.19016884599102574,6996.888423452546,0.8745017402140415,200014.56576990997,1.0000728288495497,budget_exhausted,5.000000000390994,True,True,True,"[[488944.06180331705,5514363.110834124],[489034.1983738785,5514393.110834124],[488914.01627979655,5514363.110834124],[488944.06180331705,5514333.110834124],[488883.97075627604,5514423.110834124]]",bde004228fe99a98919b7fb2b32ff622f2c3cff1d6312c60a61068b6050f8bb4,c7a9cc028f4d50276655a448bad5548b13957cc53b45a1c8b0511c0916da26b2,d9ae9734b17e7538ba9020f1daa8ce62c003eaf3164446e7223de95a250aa518,2902095203,null,4241,457.86217597403447,matched_prior_exact,0,stationary,1,"{""fraction"":0.75,""k"":1,""stage"":""c7-timing""}",1afd6aad4615879250c18a49e0765e646d736ba5546c63af535ab9149ba3f9ac,0.8662389868204918,9097,9098,1.018030008481188,none,0.002991036472559938,True,revision_C_base@712b395,712b395,5ede81cb5815049fe381f461ce5502b4a13d3d3945ab77c4b78242c6d10572b8,c7-timing_20260911_041506_496602_705c3cf8,705c3cf8d1b3a80735499262310009dc0b3cd9c5e151de83f16ab60a82062b6e,none,none,none,evidence,revision_B_base,revision_B_base,0.5,0.8,10000.0,none,5,200000.0,xlarge,45.0,80.0,5.0,0.5,1.0
5,43,pizza_replan_midflight,pizza_replan,midflight_failure,[3],c4_frozen,1240473512,0.75,6010,150009.48640647047,6010.0,[],[],True,0,0.0,0,0.2648830992624864,7525.029886452151,7094.98649952049,5212.415749205538,0.2652352964673853,0.23321261428842838,0.031670484974058,0.04130282469979352,12.031724894250353,0.9168863975207849,8512,8513,0.25779046622609314,6716.781671837861,0.8394927723831846,200009.69481301718,1.000048474065086,budget_exhausted,5.000000000900252,True,True,True,"[[488944.06180331705,5514363.110834124],[489034.1983738785,5514393.110834124],[488914.01627979655,5514363.110834124],[488944.06180331705,5514333.110834124],[488883.97075627604,5514423.110834124]]",bde004228fe99a98919b7fb2b32ff622f2c3cff1d6312c60a61068b6050f8bb4,8bc615fd5176cafd6d3135637136bc76aa3d2e78914837b2f38670752f69b705,a26566cc8bed3df20befbacdbdd8cd2a4397f3457db43b838c0f07de1523d413,2902095203,"{""assignment"":{""0"":[0,""forward""],""1"":[3,""forward""],""2"":[2,""forward""],""4"":[1,""forward""]},""assignment_cost"":4003.9047323193545,""deadhead_fraction_remaining_budget"":0.08009329059659023,""deadhead_per_drone"":{""0"":377.8571473878862,""1"":2072.732432346684,""2"":28.930478257593414,""4"":1524.3846743271904},""deadhead_total"":4003.9047323193545,""empty_sectors"":0,""generator"":""generate_pizza_zigzag_path(overlap=0.0, path_point_spacing_m=10.0, border_gap_m=0.0)"",""num_sectors"":4,""orientations_per_sector"":{""0"":""forward"",""1"":""forward"",""2"":""forward"",""4"":""forward""},""prefix_removed_total"":10549,""route_length_after_replan"":{""0"":1137671.5143322912,""1"":1136443.9494495608,""2"":1136957.1118185753,""4"":1170341.9047108279},""search_inactive_uav_ids"":[],""suffix_removed_total"":0,""survivor_ids"":[0,1,2,4],""task_splits"":0}",0,0.0,matched_prior_exact,0,stationary,1,"{""fraction"":0.75,""k"":1,""stage"":""c7-timing""}",1afd6aad4615879250c18a49e0765e646d736ba5546c63af535ab9149ba3f9ac,0.8271081431580734,9097,9098,0.94289596278116,none,0.01035373171431897,True,revision_C_base@712b395,712b395,5ede81cb5815049fe381f461ce5502b4a13d3d3945ab77c4b78242c6d10572b8,c7-timing_20260911_041506_496602_705c3cf8,705c3cf8d1b3a80735499262310009dc0b3cd9c5e151de83f16ab60a82062b6e,none,none,none,evidence,revision_B_base,revision_B_base,0.5,0.8,10000.0,none,5,200000.0,xlarge,45.0,80.0,5.0,0.5,1.0
5,43,pizza_fixed_midflight,pizza_fixed,midflight_failure,[3],c4_frozen,1240473512,0.75,6010,150009.48640647047,6010.0,[],[],True,0,0.0,0,0.28112559537331194,7488.773205975029,7068.2316792681295,5212.415749205538,0.2815318524873647,0.23321261428842838,0.047912981084883566,0.062485353799111805,10.962883654532476,0.9087831239012957,8512,8513,0.2724978243055248,6697.892751373991,0.8371319524276954,200016.25827472852,1.0000812913736425,budget_exhausted,5.000000000896881,True,True,True,"[[488944.06180331705,5514363.110834124],[489034.1983738785,5514393.110834124],[488914.01627979655,5514363.110834124],[488944.06180331705,5514333.110834124],[488883.97075627604,5514423.110834124]]",bde004228fe99a98919b7fb2b32ff622f2c3cff1d6312c60a61068b6050f8bb4,040a7b9cefb4b0d2fef20c644bfe23fdfd71380469688c1fdb04327daa8bb771,a26566cc8bed3df20befbacdbdd8cd2a4397f3457db43b838c0f07de1523d413,2902095203,null,0,0.0,matched_prior_exact,0,stationary,1,"{""fraction"":0.75,""k"":1,""stage"":""c7-timing""}",1afd6aad4615879250c18a49e0765e646d736ba5546c63af535ab9149ba3f9ac,0.8231230167042238,9097,9098,1.00071386075588,none,0.006368605260469451,True,revision_C_base@712b395,712b395,5ede81cb5815049fe381f461ce5502b4a13d3d3945ab77c4b78242c6d10572b8,c7-timing_20260911_041506_496602_705c3cf8,705c3cf8d1b3a80735499262310009dc0b3cd9c5e151de83f16ab60a82062b6e,none,none,none,evidence,revision_B_base,revision_B_base,0.5,0.8,10000.0,none,5,200000.0,xlarge,45.0,80.0,5.0,0.5,1.0
5,43,random_uniform_n8_uncoordinated,random_uniform_n8_uncoordinated,midflight_failure,[3],c4_frozen,1240473512,0.75,6000,150000.0,6000.0,[],[],True,0,0.0,0,0.015133069479964612,9018.738775451286,8430.773217930753,5965.628224494278,0.015208723158199072,0.012232202043852575,0.002900867436112037,0.0029367908552135474,324.51599147121533,0.9969184877593661,8500,8501,0.014965536029477925,7938.28136524594,0.9921611505119285,200000.0,1.0,budget_exhausted,5.0000000004656036,True,True,True,"[[488944.06180331705,5514363.110834124],[489034.1983738785,5514393.110834124],[488914.01627979655,5514363.110834124],[488944.06180331705,5514333.110834124],[488883.97075627604,5514423.110834124]]",bde004228fe99a98919b7fb2b32ff622f2c3cff1d6312c60a61068b6050f8bb4,2a221a40b39fe09e5e20dfc07d176de3ca14fbee5aad706ca34e76ae067cb254,acdf36663f3efdc0ff14b806a3d4049045da68dcee677e1e8d83aa37f579398a,2902095203,null,8500,0.0,matched_prior_exact,0,stationary,1,"{""fraction"":0.75,""k"":1,""stage"":""c7-timing""}",1afd6aad4615879250c18a49e0765e646d736ba5546c63af535ab9149ba3f9ac,0.9912880606123637,9097,9098,0.9378781181301362,none,0.0006100772958613776,True,revision_C_base@712b395,712b395,5ede81cb5815049fe381f461ce5502b4a13d3d3945ab77c4b78242c6d10572b8,c7-timing_20260911_041506_496602_705c3cf8,705c3cf8d1b3a80735499262310009dc0b3cd9c5e151de83f16ab60a82062b6e,none,none,none,evidence,revision_B_base,revision_B_base,0.5,0.8,10000.0,none,5,200000.0,xlarge,45.0,80.0,5.0,0.5,1.0
5,44,dynamic_evidence_3step,dynamic_3step,midflight_failure,[2],c4_frozen,3669628876,0.25,2126,50004.46897728901,2126.0,[],[],True,0,0.0,0,0.2731225018234321,8442.185861600869,8336.061746866806,2000.5777852462063,0.2735163370273084,0.11237819764051471,0.1607443041829174,0.18109548881699983,12.21055279994249,0.9181036259058878,10134,10135,0.24669355713286,6759.872258770197,0.8448784225434567,200010.83135437162,1.0000541567718582,budget_exhausted,5.000000000114857,True,True,True,"[[488974.1073268375,5514423.110834124],[488853.92523275554,5514423.110834124],[489004.152850358,5514453.110834124],[488974.1073268375,5514423.110834124],[488914.01627979655,5514303.110834124]]",f8afb1ebb42ce0e31e4c1c624a23577c2574521cce1a4321cbcdd0642a45b6e0,cb86a2ebe9d87849310d673403bc1b194c233f76e765060042891ef401aff81e,bf727769e0e96ef4a578334addef135ffc9139eb4ac92349d455384110977b7a,4309051,null,4291,502.8840027684637,matched_prior_exact,0,stationary,1,"{""fraction"":0.25,""k"":1,""stage"":""c7-timing""}",afb392704cd91dc121192dd93c7aa1904370ee07844253dff5b4afaa9642f3ae,0.8211444277405766,10280,10281,1.0784986114044945,none,-5.4219224693285994e-05,True,revision_C_base@712b395,712b395,5ede81cb5815049fe381f461ce5502b4a13d3d3945ab77c4b78242c6d10572b8,c7-timing_20260911_041506_496602_705c3cf8,705c3cf8d1b3a80735499262310009dc0b3cd9c5e151de83f16ab60a82062b6e,none,none,none,evidence,revision_B_base,revision_B_base,0.5,0.8,10000.0,none,5,200000.0,xlarge,45.0,80.0,5.0,0.5,1.0
5,44,online_static_3step,online_static_3step,midflight_failure,[2],c4_frozen,3669628876,0.25,2145,50015.569180684775,2145.0,[],[],True,0,0.0,0,0.1538440980522926,8964.202419971003,8964.202419971003,2012.4365829993828,0.15408401690604534,0.10844142683903393,0.045402671213258666,0.050925057063033206,30.45037898818967,0.9671596862427277,10280,10281,0.1538440980522926,7034.966963530303,0.8792609628209352,200004.78048512456,1.0000239024256228,budget_exhausted,5.000000000171883,True,True,True,"[[488974.1073268375,5514423.110834124],[488853.92523275554,5514423.110834124],[489004.152850358,5514453.110834124],[488974.1073268375,5514423.110834124],[488914.01627979655,5514303.110834124]]",f8afb1ebb42ce0e31e4c1c624a23577c2574521cce1a4321cbcdd0642a45b6e0,6d737cc0490bd226e0252133bd7be5d4f2b717fdf540e7de82dfa47a39623d09,f44c22eb74de839c267bb87a3bf75ee498b6c35ee915380988e0314428dfe35b,4309051,null,4135,450.44237056034035,matched_prior_exact,0,stationary,1,"{""fraction"":0.25,""k"":1,""stage"":""c7-timing""}",afb392704cd91dc121192dd93c7aa1904370ee07844253dff5b4afaa9642f3ae,0.8719193094028794,10280,10281,0.9441856008158791,none,0.005553527781046452,True,revision_C_base@712b395,712b395,5ede81cb5815049fe381f461ce5502b4a13d3d3945ab77c4b78242c6d10572b8,c7-timing_20260911_041506_496602_705c3cf8,705c3cf8d1b3a80735499262310009dc0b3cd9c5e151de83f16ab60a82062b6e,none,none,none,evidence,revision_B_base,revision_B_base,0.5,0.8,10000.0,none,5,200000.0,xlarge,45.0,80.0,5.0,0.5,1.0
5,44,pizza_replan_midflight,pizza_replan,midflight_failure,[2],c4_frozen,3669628876,0.25,2006,50004.36052163218,2006.0,[],[],True,0,0.0,0,0.27006968513821633,8555.09795969398,7995.2414081944935,1902.4818808907748,0.2704098078533312,0.1016330458405665,0.16843663929764985,0.18749202485441974,11.680813909346291,0.9143895273256721,9513,9514,0.24091712227880185,6869.215819649465,0.8585446593737613,200013.0969973431,1.0000654849867154,budget_exhausted,5.000000000895467,True,True,True,"[[488974.1073268375,5514423.110834124],[488853.92523275554,5514423.110834124],[489004.152850358,5514453.110834124],[488974.1073268375,5514423.110834124],[488914.01627979655,5514303.110834124]]",f8afb1ebb42ce0e31e4c1c624a23577c2574521cce1a4321cbcdd0642a45b6e0,b042e1375030fcaf8b4d0d3b252b93a84aa0f495552eaeef95e5cab49814e138,bf1f8a0eba5abbc721b1dc5f7839932a9a49e33816afabd5e4e4a9c3f56bfabf,4309051,"{""assignment"":{""0"":[1,""forward""],""1"":[2,""forward""],""3"":[3,""forward""],""4"":[0,""forward""]},""assignment_cost"":2498.2840435573553,""deadhead_fraction_remaining_budget"":0.0166557111409739,""deadhead_per_drone"":{""0"":74.87201326483316,""1"":430.40032622104513,""3"":542.7482711977417,""4"":1450.2634328737352},""deadhead_total"":2498.2840435573553,""empty_sectors"":0,""generator"":""generate_pizza_zigzag_path(overlap=0.0, path_point_spacing_m=10.0, border_gap_m=0.0)"",""num_sectors"":4,""orientations_per_sector"":{""0"":""forward"",""1"":""forward"",""3"":""forward"",""4"":""forward""},""prefix_removed_total"":3526,""route_length_after_replan"":{""0"":1161303.1826265266,""1"":1161303.1826265343,""3"":1161303.1826265282,""4"":1170085.3174933908},""search_inactive_uav_ids"":[],""suffix_removed_total"":0,""survivor_ids"":[0,1,3,4],""task_splits"":0}",0,0.0,matched_prior_exact,0,stationary,1,"{""fraction"":0.25,""k"":1,""stage"":""c7-timing""}",afb392704cd91dc121192dd93c7aa1904370ee07844253dff5b4afaa9642f3ae,0.8321270265240716,10280,10281,0.9618419776922222,none,0.01829852085557626,True,revision_C_base@712b395,712b395,5ede81cb5815049fe381f461ce5502b4a13d3d3945ab77c4b78242c6d10572b8,c7-timing_20260911_041506_496602_705c3cf8,705c3cf8d1b3a80735499262310009dc0b3cd9c5e151de83f16ab60a82062b6e,none,none,none,evidence,revision_B_base,revision_B_base,0.5,0.8,10000.0,none,5,200000.0,xlarge,45.0,80.0,5.0,0.5,1.0
5,44,pizza_fixed_midflight,pizza_fixed,midflight_failure,[2],c4_frozen,3669628876,0.25,2006,50004.36052163218,2006.0,[],[],True,0,0.0,0,0.26903652313977905,8497.993765253947,7937.344778501698,1902.4818808907748,0.26943124868774276,0.1016330458405665,0.16740347729921257,0.18634198032789998,10.918265813788201,0.908410363233954,9513,9514,0.24452513254284422,6813.284669505703,0.8515541394207853,200018.56847713102,1.000092842385655,budget_exhausted,5.000000000895467,True,True,True,"[[488974.1073268375,5514423.110834124],[488853.92523275554,5514423.110834124],[489004.152850358,5514453.110834124],[488974.1073268375,5514423.110834124],[488914.01627979655,5514303.110834124]]",f8afb1ebb42ce0e31e4c1c624a23577c2574521cce1a4321cbcdd0642a45b6e0,82d10b96b1fffdff7b131cb8f17ea8a793a3f5e7120a0c3c134e968774208444,bf1f8a0eba5abbc721b1dc5f7839932a9a49e33816afabd5e4e4a9c3f56bfabf,4309051,null,0,0.0,matched_prior_exact,0,stationary,1,"{""fraction"":0.25,""k"":1,""stage"":""c7-timing""}",afb392704cd91dc121192dd93c7aa1904370ee07844253dff5b4afaa9642f3ae,0.8265726841021249,10280,10281,0.9581624141034959,none,0.012744178433629627,True,revision_C_base@712b395,712b395,5ede81cb5815049fe381f461ce5502b4a13d3d3945ab77c4b78242c6d10572b8,c7-timing_20260911_041506_496602_705c3cf8,705c3cf8d1b3a80735499262310009dc0b3cd9c5e151de83f16ab60a82062b6e,none,none,none,evidence,revision_B_base,revision_B_base,0.5,0.8,10000.0,none,5,200000.0,xlarge,45.0,80.0,5.0,0.5,1.0
5,44,random_uniform_n8_uncoordinated,random_uniform_n8_uncoordinated,midflight_failure,[2],c4_frozen,3669628876,0.25,2000,50000.0,2000.0,[],[],True,0,0.0,0,0.011379451671653853,10205.45586500946,9434.331837312984,1996.6844829804088,0.011396628691519795,0.003571100797928768,0.007808350873725085,0.007836335216670173,408.9490616621984,0.9975547076793979,9500,9501,0.011108420564903838,7951.3806865379265,0.993798361022113,200000.0,1.0,budget_exhausted,5.000000000465147,True,True,True,"[[488974.1073268375,5514423.110834124],[488853.92523275554,5514423.110834124],[489004.152850358,5514453.110834124],[488974.1073268375,5514423.110834124],[488914.01627979655,5514303.110834124]]",f8afb1ebb42ce0e31e4c1c624a23577c2574521cce1a4321cbcdd0642a45b6e0,f2c7de77a5a0e91aca571db417fc0cda4c09329e6ff1990163d3709280309001,b730a17e8ee0825d29bf9205ce5cb29f92ef5c3723b6df5b0a5f0577852c7ce2,4309051,null,9500,0.0,matched_prior_exact,0,stationary,1,"{""fraction"":0.25,""k"":1,""stage"":""c7-timing""}",afb392704cd91dc121192dd93c7aa1904370ee07844253dff5b4afaa9642f3ae,0.9926520635161424,10280,10281,0.8421802503561274,none,0.0009194112134480736,True,revision_C_base@712b395,712b395,5ede81cb5815049fe381f461ce5502b4a13d3d3945ab77c4b78242c6d10572b8,c7-timing_20260911_041506_496602_705c3cf8,705c3cf8d1b3a80735499262310009dc0b3cd9c5e151de83f16ab60a82062b6e,none,none,none,evidence,revision_B_base,revision_B_base,0.5,0.8,10000.0,none,5,200000.0,xlarge,45.0,80.0,5.0,0.5,1.0
5,44,dynamic_evidence_3step,dynamic_3step,midflight_failure,[2],c4_frozen,3669628876,0.5,4269,100008.13430507928,4269.0,[],[],True,0,0.0,0,0.27683474194222474,8109.133458540614,7898.6923684458125,3820.8811890709053,0.27722289148568646,0.18447679776321546,0.09235794417900928,0.11324992829841454,11.89076923076923,0.9159011515073101,9608,9609,0.25710264881612993,6720.396412048478,0.8399445584362553,200009.94253073965,1.0000497126536982,budget_exhausted,5.000000000120906,True,True,True,"[[488974.1073268375,5514423.110834124],[488853.92523275554,5514423.110834124],[489004.152850358,5514453.110834124],[488974.1073268375,5514423.110834124],[488914.01627979655,5514303.110834124]]",f8afb1ebb42ce0e31e4c1c624a23577c2574521cce1a4321cbcdd0642a45b6e0,cb9db1042d0064cff2541a4ad6c011038d86f298af612d560d866c62ac938c87,699c2349701501f90ce7cf6b00c201aeae3b02feeadbe7d93ab68ec8b160c028,4309051,null,4187,568.5950243301922,matched_prior_exact,0,stationary,1,"{""fraction"":0.5,""k"":1,""stage"":""c7-timing""}",e48f7e450930aa2cad23001d8a223a0347fc2e867d4f90039ce62228ac53c328,0.8191043897515772,9899,9900,1.0931574029232767,none,-0.0020942572136927184,True,revision_C_base@712b395,712b395,5ede81cb5815049fe381f461ce5502b4a13d3d3945ab77c4b78242c6d10572b8,c7-timing_20260911_041506_496602_705c3cf8,705c3cf8d1b3a80735499262310009dc0b3cd9c5e151de83f16ab60a82062b6e,none,none,none,evidence,revision_B_base,revision_B_base,0.5,0.8,10000.0,none,5,200000.0,xlarge,45.0,80.0,5.0,0.5,1.0
5,44,online_static_3step,online_static_3step,midflight_failure,[2],c4_frozen,3669628876,0.5,4348,100013.14308889807,4348.0,[],[],True,0,0.0,0,0.16293840735762327,8577.007977358731,8577.007977358731,3915.0323659674727,0.1631882497488523,0.1495913203664157,0.013347086991207568,0.015694909178206446,28.7452072751106,0.9652115919558576,9899,9900,0.16293840735762327,6987.428012931016,0.8733193366992896,200000.0655144966,1.000000327572483,budget_exhausted,5.000000000114857,True,True,True,"[[488974.1073268375,5514423.110834124],[488853.92523275554,5514423.110834124],[489004.152850358,5514453.110834124],[488974.1073268375,5514423.110834124],[488914.01627979655,5514303.110834124]]",f8afb1ebb42ce0e31e4c1c624a23577c2574521cce1a4321cbcdd0642a45b6e0,4e84d06aa15eecbc8c4ffc308f93c508d9e62dddf8235b2e971a6e56b50804a1,7d773f0850949701a241ee615721981569531f0f30d5d0ebbe7c404090f80531,4309051,null,4717,908.1964673777402,matched_prior_exact,0,stationary,1,"{""fraction"":0.5,""k"":1,""stage"":""c7-timing""}",e48f7e450930aa2cad23001d8a223a0347fc2e867d4f90039ce62228ac53c328,0.8663644421574476,9899,9900,0.9999999999652076,none,-1.3394643854081068e-06,True,revision_C_base@712b395,712b395,5ede81cb5815049fe381f461ce5502b4a13d3d3945ab77c4b78242c6d10572b8,c7-timing_20260911_041506_496602_705c3cf8,705c3cf8d1b3a80735499262310009dc0b3cd9c5e151de83f16ab60a82062b6e,none,none,none,evidence,revision_B_base,revision_B_base,0.5,0.8,10000.0,none,5,200000.0,xlarge,45.0,80.0,5.0,0.5,1.0
5,44,pizza_replan_midflight,pizza_replan,midflight_failure,[2],c4_frozen,3669628876,0.5,4008,100000.47757309655,4008.0,[],[],True,0,0.0,0,0.25459089618222336,8214.768738134178,7553.590863047817,3621.599847344704,0.25490111992216935,0.17585098613795863,0.07873991004426473,0.09554086545014713,12.641559082312309,0.9208958330623024,9012,9013,0.23781190025201746,6790.170218482192,0.8486651941610038,200004.58266792423,1.0000229133396212,budget_exhausted,5.000000000901357,True,True,True,"[[488974.1073268375,5514423.110834124],[488853.92523275554,5514423.110834124],[489004.152850358,5514453.110834124],[488974.1073268375,5514423.110834124],[488914.01627979655,5514303.110834124]]",f8afb1ebb42ce0e31e4c1c624a23577c2574521cce1a4321cbcdd0642a45b6e0,c74e2a935bd83f7492464ced068a2c70a41799300229cffeca6254a71b6787e0,f09be6851a7fb4022c4374efe83f048f73f4a09d6b59264341fdef909db01caa,4309051,"{""assignment"":{""0"":[1,""forward""],""1"":[2,""forward""],""3"":[0,""forward""],""4"":[3,""forward""]},""assignment_cost"":1724.2158479394611,""deadhead_fraction_remaining_budget"":0.01724224082369803,""deadhead_per_drone"":{""0"":27.24077048505026,""1"":17.460674260919152,""3"":1446.5345889883629,""4"":232.97981420512872},""deadhead_total"":1724.2158479394611,""empty_sectors"":0,""generator"":""generate_pizza_zigzag_path(overlap=0.0, path_point_spacing_m=10.0, border_gap_m=0.0)"",""num_sectors"":4,""orientations_per_sector"":{""0"":""forward"",""1"":""forward"",""3"":""forward"",""4"":""forward""},""prefix_removed_total"":6885,""route_length_after_replan"":{""0"":1149279.594629976,""1"":1149773.244318226,""3"":1170085.3174933908,""4"":1149974.7339868878},""search_inactive_uav_ids"":[],""suffix_removed_total"":0,""survivor_ids"":[0,1,3,4],""task_splits"":0}",0,0.0,matched_prior_exact,0,stationary,1,"{""fraction"":0.5,""k"":1,""stage"":""c7-timing""}",e48f7e450930aa2cad23001d8a223a0347fc2e867d4f90039ce62228ac53c328,0.8297746200135534,9899,9900,0.9067149130826073,none,0.015946114345058104,True,revision_C_base@712b395,712b395,5ede81cb5815049fe381f461ce5502b4a13d3d3945ab77c4b78242c6d10572b8,c7-timing_20260911_041506_496602_705c3cf8,705c3cf8d1b3a80735499262310009dc0b3cd9c5e151de83f16ab60a82062b6e,none,none,none,evidence,revision_B_base,revision_B_base,0.5,0.8,10000.0,none,5,200000.0,xlarge,45.0,80.0,5.0,0.5,1.0
5,44,pizza_fixed_midflight,pizza_fixed,midflight_failure,[2],c4_frozen,3669628876,0.5,4008,100000.47757309655,4008.0,[],[],True,0,0.0,0,0.27688970095908294,8116.387094003073,7474.9882587537295,3621.599847344704,0.2772934333297825,0.17585098613795863,0.10103871482112431,0.12259762873178383,10.952462404675362,0.9086963311946068,9012,9013,0.2600395675640499,6734.733778558168,0.8417365052566139,200006.75433606116,1.0000337716803058,budget_exhausted,5.000000000895467,True,True,True,"[[488974.1073268375,5514423.110834124],[488853.92523275554,5514423.110834124],[489004.152850358,5514453.110834124],[488974.1073268375,5514423.110834124],[488914.01627979655,5514303.110834124]]",f8afb1ebb42ce0e31e4c1c624a23577c2574521cce1a4321cbcdd0642a45b6e0,8567f83c5e7f2c8c56cf72f5fc910e964bcc622aaa860dda30b7b974d80b3c89,f09be6851a7fb4022c4374efe83f048f73f4a09d6b59264341fdef909db01caa,4309051,null,0,0.0,matched_prior_exact,0,stationary,1,"{""fraction"":0.5,""k"":1,""stage"":""c7-timing""}",e48f7e450930aa2cad23001d8a223a0347fc2e867d4f90039ce62228ac53c328,0.8198370802023306,9899,9900,0.9861311810571887,none,0.006008574533835298,True,revision_C_base@712b395,712b395,5ede81cb5815049fe381f461ce5502b4a13d3d3945ab77c4b78242c6d10572b8,c7-timing_20260911_041506_496602_705c3cf8,705c3cf8d1b3a80735499262310009dc0b3cd9c5e151de83f16ab60a82062b6e,none,none,none,evidence,revision_B_base,revision_B_base,0.5,0.8,10000.0,none,5,200000.0,xlarge,45.0,80.0,5.0,0.5,1.0
5,44,random_uniform_n8_uncoordinated,random_uniform_n8_uncoordinated,midflight_failure,[2],c4_frozen,3669628876,0.5,4000,100000.0,4000.0,[],[],True,0,0.0,0,0.01181688691723883,9825.871864397592,8937.49524573624,3986.768957783665,0.01184157447611344,0.006817070755831871,0.00499981616140696,0.00503413421051439,395.03108808290153,0.9974685536653507,9000,9001,0.011545858163315714,7949.291807651072,0.9935372837959096,200000.0,1.0,budget_exhausted,5.000000000465147,True,True,True,"[[488974.1073268375,5514423.110834124],[488853.92523275554,5514423.110834124],[489004.152850358,5514453.110834124],[488974.1073268375,5514423.110834124],[488914.01627979655,5514303.110834124]]",f8afb1ebb42ce0e31e4c1c624a23577c2574521cce1a4321cbcdd0642a45b6e0,6c5f77488079ce2b894cec1e7eb4bd37fb837007467acd581f308f3c384ebbff,4a52172218f6dfc1e2b9537e680b21cb4cf364bda15714074ea3ad10005b3d6e,4309051,null,9000,0.0,matched_prior_exact,0,stationary,1,"{""fraction"":0.5,""k"":1,""stage"":""c7-timing""}",e48f7e450930aa2cad23001d8a223a0347fc2e867d4f90039ce62228ac53c328,0.9925123095351103,9899,9900,0.8745543343868221,none,0.000779657232415909,True,revision_C_base@712b395,712b395,5ede81cb5815049fe381f461ce5502b4a13d3d3945ab77c4b78242c6d10572b8,c7-timing_20260911_041506_496602_705c3cf8,705c3cf8d1b3a80735499262310009dc0b3cd9c5e151de83f16ab60a82062b6e,none,none,none,evidence,revision_B_base,revision_B_base,0.5,0.8,10000.0,none,5,200000.0,xlarge,45.0,80.0,5.0,0.5,1.0
5,44,dynamic_evidence_3step,dynamic_3step,midflight_failure,[2],c4_frozen,3669628876,0.75,6392,150018.824203906,6392.0,[],[],True,0,0.0,0,0.26507309611952834,7718.891444670815,7485.184689236804,5492.683908451141,0.2654114190684075,0.23332226698171452,0.031750829137813824,0.04141352718412204,13.080277884986492,0.9235490248148476,9047,9048,0.2535142015397745,6709.676797552905,0.8386047740973509,200008.31027897767,1.0000415513948884,budget_exhausted,5.000000000341401,True,True,True,"[[488974.1073268375,5514423.110834124],[488853.92523275554,5514423.110834124],[489004.152850358,5514453.110834124],[488974.1073268375,5514423.110834124],[488914.01627979655,5514303.110834124]]",f8afb1ebb42ce0e31e4c1c624a23577c2574521cce1a4321cbcdd0642a45b6e0,5fb1ff490b021a78bcd8f38819c4913ebe899edd056da35c72c8d533746fb927,f7327aa5984c4b9154002fbc8f137519c7ec6ac2419e68b070726cbc1ce82512,4309051,null,4169,479.11508938195766,matched_prior_exact,0,stationary,1,"{""fraction"":0.75,""k"":1,""stage"":""c7-timing""}",1afd6aad4615879250c18a49e0765e646d736ba5546c63af535ab9149ba3f9ac,0.8241395947758717,9365,9366,1.0467133399005601,none,0.002940947810601835,True,revision_C_base@712b395,712b395,5ede81cb5815049fe381f461ce5502b4a13d3d3945ab77c4b78242c6d10572b8,c7-timing_20260911_041506_496602_705c3cf8,705c3cf8d1b3a80735499262310009dc0b3cd9c5e151de83f16ab60a82062b6e,none,none,none,evidence,revision_B_base,revision_B_base,0.5,0.8,10000.0,none,5,200000.0,xlarge,45.0,80.0,5.0,0.5,1.0
5,44,online_static_3step,online_static_3step,midflight_failure,[2],c4_frozen,3669628876,0.75,6590,150001.5182986577,6590.0,[],[],True,0,0.0,0,0.16293840736329232,8130.030347588228,8130.030347588228,5806.999939419373,0.1631882497488523,0.16196449497307136,0.0009739123902209601,0.0011621373848470363,28.81435359659184,0.965295074323018,9365,9366,0.16293840736329232,6987.441273639219,0.8733209940806422,200005.04794039295,1.0000252397019647,budget_exhausted,5.000000000114857,True,True,True,"[[488974.1073268375,5514423.110834124],[488853.92523275554,5514423.110834124],[489004.152850358,5514453.110834124],[488974.1073268375,5514423.110834124],[488914.01627979655,5514303.110834124]]",f8afb1ebb42ce0e31e4c1c624a23577c2574521cce1a4321cbcdd0642a45b6e0,00847d3397d0ac4225637589df6645c905cecd6b5238171597ea6d98314ecc2d,9838b04423b53f1c25ba657d091214754c2d0ca17e2a65442d9d6c903da61f06,4309051,null,4401,452.4730259499338,matched_prior_exact,0,stationary,1,"{""fraction"":0.75,""k"":1,""stage"":""c7-timing""}",1afd6aad4615879250c18a49e0765e646d736ba5546c63af535ab9149ba3f9ac,0.8680365521661572,9365,9366,1.0000000000000002,none,0.001670770544324185,True,revision_C_base@712b395,712b395,5ede81cb5815049fe381f461ce5502b4a13d3d3945ab77c4b78242c6d10572b8,c7-timing_20260911_041506_496602_705c3cf8,705c3cf8d1b3a80735499262310009dc0b3cd9c5e151de83f16ab60a82062b6e,none,none,none,evidence,revision_B_base,revision_B_base,0.5,0.8,10000.0,none,5,200000.0,xlarge,45.0,80.0,5.0,0.5,1.0
5,44,pizza_replan_midflight,pizza_replan,midflight_failure,[2],c4_frozen,3669628876,0.75,6010,150007.64917094004,6010.0,[],[],True,0,0.0,0,0.2664942121549253,7717.959239107814,7092.278802075943,5213.648412397712,0.26685455523246654,0.23306100371204092,0.03343320844288439,0.043593047953883635,11.90607820363918,0.9160092867780473,8512,8513,0.25956996834492624,6715.03368157002,0.839274300908639,200005.92903584812,1.0000296451792405,budget_exhausted,5.000000000904837,True,True,True,"[[488974.1073268375,5514423.110834124],[488853.92523275554,5514423.110834124],[489004.152850358,5514453.110834124],[488974.1073268375,5514423.110834124],[488914.01627979655,5514303.110834124]]",f8afb1ebb42ce0e31e4c1c624a23577c2574521cce1a4321cbcdd0642a45b6e0,86dd8a44fd00587be1c4a4fea56cf64d3276f0b9a419db513e24e1dc9e329efa,804e6096bb1d3b0aaad4c001d3a84032916137ddd64bf93d7d18e824cf09eff0,4309051,"{""assignment"":{""0"":[0,""forward""],""1"":[1,""forward""],""3"":[3,""forward""],""4"":[2,""forward""]},""assignment_cost"":1450.360113456421,""deadhead_fraction_remaining_budget"":0.029011640569087702,""deadhead_per_drone"":{""0"":1419.84299490923,""1"":3.5238476741324125,""3"":21.283848862737113,""4"":5.709422010321454},""deadhead_total"":1450.360113456421,""empty_sectors"":0,""generator"":""generate_pizza_zigzag_path(overlap=0.0, path_point_spacing_m=10.0, border_gap_m=0.0)"",""num_sectors"":4,""orientations_per_sector"":{""0"":""forward"",""1"":""forward"",""3"":""forward"",""4"":""forward""},""prefix_removed_total"":10575,""route_length_after_replan"":{""0"":1170085.3174933908,""1"":1137591.0182743988,""3"":1136443.9494495608,""4"":1137027.5458692228},""search_inactive_uav_ids"":[],""suffix_removed_total"":0,""survivor_ids"":[0,1,3,4],""task_splits"":0}",0,0.0,matched_prior_exact,0,stationary,1,"{""fraction"":0.75,""k"":1,""stage"":""c7-timing""}",1afd6aad4615879250c18a49e0765e646d736ba5546c63af535ab9149ba3f9ac,0.8240400639662411,9365,9366,0.9491080790183533,none,0.010211558297745782,True,revision_C_base@712b395,712b395,5ede81cb5815049fe381f461ce5502b4a13d3d3945ab77c4b78242c6d10572b8,c7-timing_20260911_041506_496602_705c3cf8,705c3cf8d1b3a80735499262310009dc0b3cd9c5e151de83f16ab60a82062b6e,none,none,none,evidence,revision_B_base,revision_B_base,0.5,0.8,10000.0,none,5,200000.0,xlarge,45.0,80.0,5.0,0.5,1.0
5,44,pizza_fixed_midflight,pizza_fixed,midflight_failure,[2],c4_frozen,3669628876,0.75,6010,150007.64917094004,6010.0,[],[],True,0,0.0,0,0.27992973924331843,7685.7513644494575,7071.531432023968,5213.648412397712,0.28034885400162857,0.23306100371204092,0.04686873553127752,0.061111425756319115,10.973297158360703,0.9088696874268016,8512,8513,0.27131716877003786,6700.629315710544,0.8374739802162909,200016.6373230254,1.000083186615127,budget_exhausted,5.000000000904837,True,True,True,"[[488974.1073268375,5514423.110834124],[488853.92523275554,5514423.110834124],[489004.152850358,5514453.110834124],[488974.1073268375,5514423.110834124],[488914.01627979655,5514303.110834124]]",f8afb1ebb42ce0e31e4c1c624a23577c2574521cce1a4321cbcdd0642a45b6e0,e095a627c5f0d32ad893e34e109a45272763f72b6fc24a9f8993c337279946a1,804e6096bb1d3b0aaad4c001d3a84032916137ddd64bf93d7d18e824cf09eff0,4309051,null,0,0.0,matched_prior_exact,0,stationary,1,"{""fraction"":0.75,""k"":1,""stage"":""c7-timing""}",1afd6aad4615879250c18a49e0765e646d736ba5546c63af535ab9149ba3f9ac,0.820601256080446,9365,9366,0.9969581512670168,none,0.00677275041195069,True,revision_C_base@712b395,712b395,5ede81cb5815049fe381f461ce5502b4a13d3d3945ab77c4b78242c6d10572b8,c7-timing_20260911_041506_496602_705c3cf8,705c3cf8d1b3a80735499262310009dc0b3cd9c5e151de83f16ab60a82062b6e,none,none,none,evidence,revision_B_base,revision_B_base,0.5,0.8,10000.0,none,5,200000.0,xlarge,45.0,80.0,5.0,0.5,1.0
5,44,random_uniform_n8_uncoordinated,random_uniform_n8_uncoordinated,midflight_failure,[2],c4_frozen,3669628876,0.75,6000,150000.0,6000.0,[],[],True,0,0.0,0,0.012708234316975056,9294.076052184097,8440.068674867985,5968.860620653904,0.012726955312795185,0.010537391864299592,0.002170842452675464,0.002193961080313752,371.7219512195122,0.997309817198798,8500,8501,0.01243720556305194,7946.402467024211,0.9931761613578566,200000.0,1.0,budget_exhausted,5.000000000465147,True,True,True,"[[488974.1073268375,5514423.110834124],[488853.92523275554,5514423.110834124],[489004.152850358,5514453.110834124],[488974.1073268375,5514423.110834124],[488914.01627979655,5514303.110834124]]",f8afb1ebb42ce0e31e4c1c624a23577c2574521cce1a4321cbcdd0642a45b6e0,7da215e7ea8f7332599c735efd39a6b68db6bd1db5bb64f960a3e809dbc2e629,0f7934c52e45ba1c0786ce74b18c1154c59af9bf92108ada44cb9a4a2ee80955,4309051,null,8500,0.0,matched_prior_exact,0,stationary,1,"{""fraction"":0.75,""k"":1,""stage"":""c7-timing""}",1afd6aad4615879250c18a49e0765e646d736ba5546c63af535ab9149ba3f9ac,0.9923207401435081,9365,9366,0.9405219396743479,none,0.0005880878408137669,True,revision_C_base@712b395,712b395,5ede81cb5815049fe381f461ce5502b4a13d3d3945ab77c4b78242c6d10572b8,c7-timing_20260911_041506_496602_705c3cf8,705c3cf8d1b3a80735499262310009dc0b3cd9c5e151de83f16ab60a82062b6e,none,none,none,evidence,revision_B_base,revision_B_base,0.5,0.8,10000.0,none,5,200000.0,xlarge,45.0,80.0,5.0,0.5,1.0
5,45,dynamic_evidence_3step,dynamic_3step,midflight_failure,[2],c4_frozen,1173828954,0.25,2125,50000.54522020146,2125.0,[],[],True,0,0.0,0,0.27869976933674284,8650.360301200619,8376.98751377947,1998.9141327487662,0.2791518364048314,0.11145644211673186,0.16724332722001098,0.18822186682488162,11.19180510867424,0.9106489087068763,10166,10167,0.24572589472719233,6780.38660296214,0.8474423950708837,200004.72279130947,1.0000236139565473,budget_exhausted,5.000000000114857,True,True,True,"[[488883.97075627604,5514333.110834124],[488944.06180331705,5514303.110834124],[488853.92523275554,5514363.110834124],[488974.1073268375,5514303.110834124],[488883.97075627604,5514423.110834124]]",df1a8490359a34f6b7838fd59a2dfd0505a237242c27fa3236111dc28509e06c,9cb79a42194379c4c341971ff73957a2dc31f0ba5bd5bfdcabe8e89bf97dd137,420c3d5b9eb52a8768cf98bd72cc5a424869f122cafea4459b280d4aae581e44,3097837959,null,4239,502.2996112785477,matched_prior_exact,0,stationary,1,"{""fraction"":0.25,""k"":1,""stage"":""c7-timing""}",afb392704cd91dc121192dd93c7aa1904370ee07844253dff5b4afaa9642f3ae,0.820250360440036,10545,10546,0.9912316393907489,none,0.005392782183342382,True,revision_C_base@712b395,712b395,5ede81cb5815049fe381f461ce5502b4a13d3d3945ab77c4b78242c6d10572b8,c7-timing_20260911_041506_496602_705c3cf8,705c3cf8d1b3a80735499262310009dc0b3cd9c5e151de83f16ab60a82062b6e,none,none,none,evidence,revision_B_base,revision_B_base,0.5,0.8,10000.0,none,5,200000.0,xlarge,45.0,80.0,5.0,0.5,1.0
5,45,online_static_3step,online_static_3step,midflight_failure,[2],c4_frozen,1173828954,0.25,2131,50021.13673865993,2131.0,[],[],True,0,0.0,0,0.1865886495537913,8985.549355744582,8985.549355744582,2001.7580674270043,0.18688284384286713,0.11176187295354638,0.07482677660024493,0.08424179769118557,23.89108108108108,0.9581433759064222,10545,10546,0.18495084454474403,6915.073980457019,0.8642762130304986,200008.4630359263,1.0000423151796316,budget_exhausted,5.000000000114857,True,True,True,"[[488883.97075627604,5514333.110834124],[488944.06180331705,5514303.110834124],[488853.92523275554,5514363.110834124],[488974.1073268375,5514303.110834124],[488883.97075627604,5514423.110834124]]",df1a8490359a34f6b7838fd59a2dfd0505a237242c27fa3236111dc28509e06c,2944a3c94deaadddca611c2414f5d469ac36cc387e3539e60484f39ef319b95a,75fa4e6f34c87c712b2e9dff57c6afade12f6c47f11fef8a94a2c84f4bc9aa00,3097837959,null,4948,501.90146990850917,matched_prior_exact,0,stationary,1,"{""fraction"":0.25,""k"":1,""stage"":""c7-timing""}",afb392704cd91dc121192dd93c7aa1904370ee07844253dff5b4afaa9642f3ae,0.8520338854299813,10545,10546,0.8616483888839985,none,0.016277045837532977,True,revision_C_base@712b395,712b395,5ede81cb5815049fe381f461ce5502b4a13d3d3945ab77c4b78242c6d10572b8,c7-timing_20260911_041506_496602_705c3cf8,705c3cf8d1b3a80735499262310009dc0b3cd9c5e151de83f16ab60a82062b6e,none,none,none,evidence,revision_B_base,revision_B_base,0.5,0.8,10000.0,none,5,200000.0,xlarge,45.0,80.0,5.0,0.5,1.0
5,45,pizza_replan_midflight,pizza_replan,midflight_failure,[2],c4_frozen,1173828954,0.25,2006,50007.28866679113,2006.0,[],[],True,0,0.0,0,0.269650512846264,8757.155944924598,8003.4352741820185,1902.5223250028153,0.26999725414839704,0.10167357324578472,0.1679769396004793,0.1869887544190418,11.718411827465326,0.9146642040983554,9513,9514,0.24037112548049236,6876.556748695459,0.8594621608168302,200014.71477924017,1.0000735738962008,budget_exhausted,5.000000000902719,True,True,True,"[[488883.97075627604,5514333.110834124],[488944.06180331705,5514303.110834124],[488853.92523275554,5514363.110834124],[488974.1073268375,5514303.110834124],[488883.97075627604,5514423.110834124]]",df1a8490359a34f6b7838fd59a2dfd0505a237242c27fa3236111dc28509e06c,98e85acdc0a2b54ac681b3c64395bf5269ac095b909bf5c5e2950c7f8ceaa65b,83af1fabc7a96a60869b99e31ae1b53f83ff5d4d0a78bcc23584db061f21ee15,3097837959,"{""assignment"":{""0"":[2,""forward""],""1"":[3,""forward""],""3"":[0,""forward""],""4"":[1,""forward""]},""assignment_cost"":3199.758317136069,""deadhead_fraction_remaining_budget"":0.0213327586967063,""deadhead_per_drone"":{""0"":816.2079430592204,""1"":522.6209632999562,""3"":771.1619763431795,""4"":1089.7674344337127},""deadhead_total"":3199.758317136069,""empty_sectors"":0,""generator"":""generate_pizza_zigzag_path(overlap=0.0, path_point_spacing_m=10.0, border_gap_m=0.0)"",""num_sectors"":4,""orientations_per_sector"":{""0"":""forward"",""1"":""forward"",""3"":""forward"",""4"":""forward""},""prefix_removed_total"":3526,""route_length_after_replan"":{""0"":1161303.1826265343,""1"":1161303.1826265282,""3"":1170085.3174933908,""4"":1161303.1826265266},""search_inactive_uav_ids"":[],""suffix_removed_total"":0,""survivor_ids"":[0,1,3,4],""task_splits"":0}",0,0.0,matched_prior_exact,0,stationary,1,"{""fraction"":0.25,""k"":1,""stage"":""c7-timing""}",afb392704cd91dc121192dd93c7aa1904370ee07844253dff5b4afaa9642f3ae,0.8303770097595864,10545,10546,0.9605357113078156,none,0.017039729133941806,True,revision_C_base@712b395,712b395,5ede81cb5815049fe381f461ce5502b4a13d3d3945ab77c4b78242c6d10572b8,c7-timing_20260911_041506_496602_705c3cf8,705c3cf8d1b3a80735499262310009dc0b3cd9c5e151de83f16ab60a82062b6e,none,none,none,evidence,revision_B_base,revision_B_base,0.5,0.8,10000.0,none,5,200000.0,xlarge,45.0,80.0,5.0,0.5,1.0
5,45,pizza_fixed_midflight,pizza_fixed,midflight_failure,[2],c4_frozen,1173828954,0.25,2006,50007.28866679113,2006.0,[],[],True,0,0.0,0,0.26750791687127917,8696.718331770402,7940.0540098989395,1902.5223250028153,0.26789986975696134,0.10167357324578472,0.16583434362549446,0.1846036570744982,10.92179724157543,0.908439977607957,9512,9513,0.24355151622835516,6814.597822219838,0.8517182629946054,200014.56649708113,1.0000728324854056,budget_exhausted,5.000000000926453,True,True,True,"[[488883.97075627604,5514333.110834124],[488944.06180331705,5514303.110834124],[488853.92523275554,5514363.110834124],[488974.1073268375,5514303.110834124],[488883.97075627604,5514423.110834124]]",df1a8490359a34f6b7838fd59a2dfd0505a237242c27fa3236111dc28509e06c,2a3a3864ff02c8333ea24fe17e0256cf0fe811e68bc190dcd54742ff26ae64e1,83af1fabc7a96a60869b99e31ae1b53f83ff5d4d0a78bcc23584db061f21ee15,3097837959,null,0,0.0,matched_prior_exact,0,stationary,1,"{""fraction"":0.25,""k"":1,""stage"":""c7-timing""}",afb392704cd91dc121192dd93c7aa1904370ee07844253dff5b4afaa9642f3ae,0.8246461532116823,10545,10546,0.9529034619671638,none,0.011308872586037744,True,revision_C_base@712b395,712b395,5ede81cb5815049fe381f461ce5502b4a13d3d3945ab77c4b78242c6d10572b8,c7-timing_20260911_041506_496602_705c3cf8,705c3cf8d1b3a80735499262310009dc0b3cd9c5e151de83f16ab60a82062b6e,none,none,none,evidence,revision_B_base,revision_B_base,0.5,0.8,10000.0,none,5,200000.0,xlarge,45.0,80.0,5.0,0.5,1.0
5,45,random_uniform_n8_uncoordinated,random_uniform_n8_uncoordinated,midflight_failure,[2],c4_frozen,1173828954,0.25,2000,50000.0,2000.0,[],[],True,0,0.0,0,0.00783377373256125,10481.68193372789,9444.8682272781,1995.1827964060512,0.007856459973306149,0.004570484790623447,0.0032632889419378034,0.0032782722353288975,545.9068100358423,0.9981681855188171,9500,9501,0.0072424245931717104,7956.114460778846,0.99439000884625,200000.0,1.0,budget_exhausted,5.000000000465123,True,True,True,"[[488883.97075627604,5514333.110834124],[488944.06180331705,5514303.110834124],[488853.92523275554,5514363.110834124],[488974.1073268375,5514303.110834124],[488883.97075627604,5514423.110834124]]",df1a8490359a34f6b7838fd59a2dfd0505a237242c27fa3236111dc28509e06c,a511df78409b8ff4565ea5b2fc6795f43717a0be9a5325b0c5dec74be6dc1adf,bd8a9168030d5900934c3f5c2ddc217c1a82f6729d53e26534e9de64d0bd88e4,3097837959,null,9500,0.0,matched_prior_exact,0,stationary,1,"{""fraction"":0.25,""k"":1,""stage"":""c7-timing""}",afb392704cd91dc121192dd93c7aa1904370ee07844253dff5b4afaa9642f3ae,0.9939011884816888,10545,10546,0.8809808332408059,none,0.000985920265481277,True,revision_C_base@712b395,712b395,5ede81cb5815049fe381f461ce5502b4a13d3d3945ab77c4b78242c6d10572b8,c7-timing_20260911_041506_496602_705c3cf8,705c3cf8d1b3a80735499262310009dc0b3cd9c5e151de83f16ab60a82062b6e,none,none,none,evidence,revision_B_base,revision_B_base,0.5,0.8,10000.0,none,5,200000.0,xlarge,45.0,80.0,5.0,0.5,1.0
5,45,dynamic_evidence_3step,dynamic_3step,midflight_failure,[2],c4_frozen,1173828954,0.5,4262,100006.7728757024,4262.0,[],[],True,0,0.0,0,0.2770582783344637,8169.994343216321,7897.445314148428,3819.0343233570015,0.27751127085080735,0.18048981864259878,0.09656845969186495,0.1178368028715801,11.402934841141626,0.9123032785917522,9577,9578,0.25218315638762506,6739.116277740904,0.8422842491864646,200005.28654551826,1.0000264327275914,budget_exhausted,5.000000000114857,True,True,True,"[[488883.97075627604,5514333.110834124],[488944.06180331705,5514303.110834124],[488853.92523275554,5514363.110834124],[488974.1073268375,5514303.110834124],[488883.97075627604,5514423.110834124]]",df1a8490359a34f6b7838fd59a2dfd0505a237242c27fa3236111dc28509e06c,6a0eeb838d801ed9f73b79ab21a2a0af9d5b19f843e106684fb2a83bc1ec6c8e,721c99b4d13b3f7e4213d1932d2fc20c6eee5875d63644e7337a77b975c1077f,3097837959,null,4193,885.365807317401,matched_prior_exact,0,stationary,1,"{""fraction"":0.5,""k"":1,""stage"":""c7-timing""}",e48f7e450930aa2cad23001d8a223a0347fc2e867d4f90039ce62228ac53c328,0.8206925508002332,9954,9955,0.9853934651392721,none,0.005834972543539596,True,revision_C_base@712b395,712b395,5ede81cb5815049fe381f461ce5502b4a13d3d3945ab77c4b78242c6d10572b8,c7-timing_20260911_041506_496602_705c3cf8,705c3cf8d1b3a80735499262310009dc0b3cd9c5e151de83f16ab60a82062b6e,none,none,none,evidence,revision_B_base,revision_B_base,0.5,0.8,10000.0,none,5,200000.0,xlarge,45.0,80.0,5.0,0.5,1.0
5,45,online_static_3step,online_static_3step,midflight_failure,[2],c4_frozen,1173828954,0.5,4275,100004.21005192841,4275.0,[],[],True,0,0.0,0,0.21359425075521404,8345.02783317897,8345.02783317897,3821.6166277398193,0.2139341305765982,0.183493167444771,0.030101083310443033,0.036865684535967405,18.92391304347826,0.9471568064330844,9954,9955,0.2088718967650009,6805.3623051598315,0.8505639676490229,200019.05862636433,1.0000952931318217,budget_exhausted,5.000000000420844,True,True,True,"[[488883.97075627604,5514333.110834124],[488944.06180331705,5514303.110834124],[488853.92523275554,5514363.110834124],[488974.1073268375,5514303.110834124],[488883.97075627604,5514423.110834124]]",df1a8490359a34f6b7838fd59a2dfd0505a237242c27fa3236111dc28509e06c,93deed17d124f1c886df4514aac0f4582ed09831560dd2533bd7638f36510154,8822c07b34081c1006df9c37338958711d75849299a6b5abd15c8337d964eaca,3097837959,null,4250,865.8392484098731,matched_prior_exact,0,stationary,1,"{""fraction"":0.5,""k"":1,""stage"":""c7-timing""}",e48f7e450930aa2cad23001d8a223a0347fc2e867d4f90039ce62228ac53c328,0.838275020912001,9954,9955,0.986357650790851,none,0.002518181319552726,True,revision_C_base@712b395,712b395,5ede81cb5815049fe381f461ce5502b4a13d3d3945ab77c4b78242c6d10572b8,c7-timing_20260911_041506_496602_705c3cf8,705c3cf8d1b3a80735499262310009dc0b3cd9c5e151de83f16ab60a82062b6e,none,none,none,evidence,revision_B_base,revision_B_base,0.5,0.8,10000.0,none,5,200000.0,xlarge,45.0,80.0,5.0,0.5,1.0
5,45,pizza_replan_midflight,pizza_replan,midflight_failure,[2],c4_frozen,1173828954,0.5,4008,100005.71694496216,4008.0,[],[],True,0,0.0,0,0.2532870883238325,8265.216248472012,7561.81268567312,3621.6815547333395,0.2535939287262154,0.17582626621757583,0.07746082210625668,0.09398603586984218,12.76440790566351,0.9216571573557827,9012,9013,0.23625645217188102,6796.886742451171,0.8495046547245558,200009.7324035516,1.000048662017758,budget_exhausted,5.000000000926453,True,True,True,"[[488883.97075627604,5514333.110834124],[488944.06180331705,5514303.110834124],[488853.92523275554,5514363.110834124],[488974.1073268375,5514303.110834124],[488883.97075627604,5514423.110834124]]",df1a8490359a34f6b7838fd59a2dfd0505a237242c27fa3236111dc28509e06c,9e2f9c4cfbb8d9ee1ba7fce06767f3b746df06367a8a931bdedafb112a2c1459,2ff7b91baca0041c55f875e5981e0f1455f8ef4b15db465fae2a57ba3de63a89,3097837959,"{""assignment"":{""0"":[3,""forward""],""1"":[0,""forward""],""3"":[1,""forward""],""4"":[2,""forward""]},""assignment_cost"":3341.4836813495417,""deadhead_fraction_remaining_budget"":0.03341674723054273,""deadhead_per_drone"":{""0"":227.27799306387016,""1"":1453.2151675972696,""3"":1638.9788639985698,""4"":22.011656689832254},""deadhead_total"":3341.4836813495417,""empty_sectors"":0,""generator"":""generate_pizza_zigzag_path(overlap=0.0, path_point_spacing_m=10.0, border_gap_m=0.0)"",""num_sectors"":4,""orientations_per_sector"":{""0"":""forward"",""1"":""forward"",""3"":""forward"",""4"":""forward""},""prefix_removed_total"":6883,""route_length_after_replan"":{""0"":1149974.7339868878,""1"":1170085.3174933908,""3"":1149329.9670471437,""4"":1149743.0208679256},""search_inactive_uav_ids"":[],""suffix_removed_total"":0,""survivor_ids"":[0,1,3,4],""task_splits"":0}",0,0.0,matched_prior_exact,0,stationary,1,"{""fraction"":0.5,""k"":1,""stage"":""c7-timing""}",e48f7e450930aa2cad23001d8a223a0347fc2e867d4f90039ce62228ac53c328,0.8302577848791574,9954,9955,0.9022467303332212,none,0.01692050425351277,True,revision_C_base@712b395,712b395,5ede81cb5815049fe381f461ce5502b4a13d3d3945ab77c4b78242c6d10572b8,c7-timing_20260911_041506_496602_705c3cf8,705c3cf8d1b3a80735499262310009dc0b3cd9c5e151de83f16ab60a82062b6e,none,none,none,evidence,revision_B_base,revision_B_base,0.5,0.8,10000.0,none,5,200000.0,xlarge,45.0,80.0,5.0,0.5,1.0
5,45,pizza_fixed_midflight,pizza_fixed,midflight_failure,[2],c4_frozen,1173828954,0.5,4008,100005.71694496216,4008.0,[],[],True,0,0.0,0,0.27521820955780313,8162.701416429637,7479.956969833188,3621.6815547333395,0.2756096665726898,0.17582626621757583,0.0993919433402273,0.12059586379207038,10.955938970483388,0.9087253039019184,9012,9013,0.2586328983224629,6737.8634393840375,0.842127663965009,200019.99011225576,1.0000999505612789,budget_exhausted,5.000000000926453,True,True,True,"[[488883.97075627604,5514333.110834124],[488944.06180331705,5514303.110834124],[488853.92523275554,5514363.110834124],[488974.1073268375,5514303.110834124],[488883.97075627604,5514423.110834124]]",df1a8490359a34f6b7838fd59a2dfd0505a237242c27fa3236111dc28509e06c,576d1fea50a064d19ac43568eed374a35c17ba3f8955cc1dcb7443a1b8797bc4,2ff7b91baca0041c55f875e5981e0f1455f8ef4b15db465fae2a57ba3de63a89,3097837959,null,0,0.0,matched_prior_exact,0,stationary,1,"{""fraction"":0.5,""k"":1,""stage"":""c7-timing""}",e48f7e450930aa2cad23001d8a223a0347fc2e867d4f90039ce62228ac53c328,0.8199599614695768,9954,9955,0.9803686849770088,none,0.006622680843932249,True,revision_C_base@712b395,712b395,5ede81cb5815049fe381f461ce5502b4a13d3d3945ab77c4b78242c6d10572b8,c7-timing_20260911_041506_496602_705c3cf8,705c3cf8d1b3a80735499262310009dc0b3cd9c5e151de83f16ab60a82062b6e,none,none,none,evidence,revision_B_base,revision_B_base,0.5,0.8,10000.0,none,5,200000.0,xlarge,45.0,80.0,5.0,0.5,1.0
5,45,random_uniform_n8_uncoordinated,random_uniform_n8_uncoordinated,midflight_failure,[2],c4_frozen,1173828954,0.5,4000,100000.0,4000.0,[],[],True,0,0.0,0,0.00917936191273875,9884.898434986664,8939.655546251437,3982.504751285062,0.009202307797557627,0.007831582995044592,0.0013477789176941576,0.0013584174769064698,484.8248407643312,0.9979373994153775,9000,9001,0.008698885049308078,7948.4949622825225,0.9934376905739936,200000.0,1.0,budget_exhausted,5.000000000465123,True,True,True,"[[488883.97075627604,5514333.110834124],[488944.06180331705,5514303.110834124],[488853.92523275554,5514363.110834124],[488974.1073268375,5514303.110834124],[488883.97075627604,5514423.110834124]]",df1a8490359a34f6b7838fd59a2dfd0505a237242c27fa3236111dc28509e06c,bcbcdb4106afb120ed838bdac306ad1d1ee86b340135ea8472fe546b89d8806e,9f2ae0db318216923ad78a169dc501884da0b8f7519bec9349bf6c6efcb4d373,3097837959,null,9000,0.0,matched_prior_exact,0,stationary,1,"{""fraction"":0.5,""k"":1,""stage"":""c7-timing""}",e48f7e450930aa2cad23001d8a223a0347fc2e867d4f90039ce62228ac53c328,0.9929581551970531,9954,9955,1.0323047591852657,none,4.288698084553566e-05,True,revision_C_base@712b395,712b395,5ede81cb5815049fe381f461ce5502b4a13d3d3945ab77c4b78242c6d10572b8,c7-timing_20260911_041506_496602_705c3cf8,705c3cf8d1b3a80735499262310009dc0b3cd9c5e151de83f16ab60a82062b6e,none,none,none,evidence,revision_B_base,revision_B_base,0.5,0.8,10000.0,none,5,200000.0,xlarge,45.0,80.0,5.0,0.5,1.0
5,45,dynamic_evidence_3step,dynamic_3step,midflight_failure,[2],c4_frozen,1173828954,0.75,6408,150007.7062445519,6408.0,[],[],True,0,0.0,0,0.28243062550300546,7681.733321688509,7485.83688245084,5513.519023994962,0.282875025869036,0.23561003475237782,0.04682059075062764,0.06125223103296526,11.478090608331645,0.9128774955588758,9070,9071,0.2640164771320098,6708.659086727901,0.8384775761439697,200013.5417747597,1.0000677088737986,budget_exhausted,5.000000000228459,True,True,True,"[[488883.97075627604,5514333.110834124],[488944.06180331705,5514303.110834124],[488853.92523275554,5514363.110834124],[488974.1073268375,5514303.110834124],[488883.97075627604,5514423.110834124]]",df1a8490359a34f6b7838fd59a2dfd0505a237242c27fa3236111dc28509e06c,b08bee6e206ef4f41a622845a95a0f3aa8411279a3552a6af1dae7bb81dbd0b6,0e1ff584f07af59b33def602ab208e8a1403bbbafd178c0e1114ffa4793e68d5,3097837959,null,4134,899.7414792372729,matched_prior_exact,0,stationary,1,"{""fraction"":0.75,""k"":1,""stage"":""c7-timing""}",1afd6aad4615879250c18a49e0765e646d736ba5546c63af535ab9149ba3f9ac,0.8221033092560476,9343,9344,1.0045009100572317,none,0.007245730999353994,True,revision_C_base@712b395,712b395,5ede81cb5815049fe381f461ce5502b4a13d3d3945ab77c4b78242c6d10572b8,c7-timing_20260911_041506_496602_705c3cf8,705c3cf8d1b3a80735499262310009dc0b3cd9c5e151de83f16ab60a82062b6e,none,none,none,evidence,revision_B_base,revision_B_base,0.5,0.8,10000.0,none,5,200000.0,xlarge,45.0,80.0,5.0,0.5,1.0
5,45,online_static_3step,online_static_3step,midflight_failure,[2],c4_frozen,1173828954,0.75,6490,150012.06067265404,6490.0,[],[],True,0,0.0,0,0.218716428071841,7840.598426311924,7840.598426311924,5596.41909184464,0.21905810982114812,0.20717812357081655,0.011538304501024443,0.01455346382846068,18.204871955028107,0.9450696493515405,9343,9344,0.2140083964769527,6788.331747404725,0.8484354139988408,200011.29488297304,1.0000564744148652,budget_exhausted,5.000000000114857,True,True,True,"[[488883.97075627604,5514333.110834124],[488944.06180331705,5514303.110834124],[488853.92523275554,5514363.110834124],[488974.1073268375,5514303.110834124],[488883.97075627604,5514423.110834124]]",df1a8490359a34f6b7838fd59a2dfd0505a237242c27fa3236111dc28509e06c,ee621025021a05faaab6679a69f90b8e72a3ae917e0ea584b4be29597d410733,5f5d648efba4dfba865bad0e1cc8538239b52e882cd1af5834652d89ccb26176,3097837959,null,4162,851.3705358829175,matched_prior_exact,0,stationary,1,"{""fraction"":0.75,""k"":1,""stage"":""c7-timing""}",1afd6aad4615879250c18a49e0765e646d736ba5546c63af535ab9149ba3f9ac,0.8391051398022179,9343,9344,1.0100113716522445,none,0.003348300209769617,True,revision_C_base@712b395,712b395,5ede81cb5815049fe381f461ce5502b4a13d3d3945ab77c4b78242c6d10572b8,c7-timing_20260911_041506_496602_705c3cf8,705c3cf8d1b3a80735499262310009dc0b3cd9c5e151de83f16ab60a82062b6e,none,none,none,evidence,revision_B_base,revision_B_base,0.5,0.8,10000.0,none,5,200000.0,xlarge,45.0,80.0,5.0,0.5,1.0
5,45,pizza_replan_midflight,pizza_replan,midflight_failure,[2],c4_frozen,1173828954,0.75,6010,150017.27130287213,6010.0,[],[],True,0,0.0,0,0.2665019405871164,7701.951139945411,7092.414252573235,5213.783506286786,0.26686561802178915,0.23302736064359586,0.033474579943520544,0.043645077054652606,11.899434853294109,0.9159623954978693,8512,8513,0.25957959453763846,6715.176635171657,0.8392921678754727,200017.11460988698,1.000085573049435,budget_exhausted,5.000000000926453,True,True,True,"[[488883.97075627604,5514333.110834124],[488944.06180331705,5514303.110834124],[488853.92523275554,5514363.110834124],[488974.1073268375,5514303.110834124],[488883.97075627604,5514423.110834124]]",df1a8490359a34f6b7838fd59a2dfd0505a237242c27fa3236111dc28509e06c,0213c99fa7376d629212ad9d521bd1472cb8d932fc3ac3cc06fa32ba61290554,9e45cb56a98e94a73643047bbff3f3dca0bbf9dcbccc4ba4681d051964c14c1a,3097837959,"{""assignment"":{""0"":[2,""forward""],""1"":[3,""forward""],""3"":[0,""forward""],""4"":[1,""forward""]},""assignment_cost"":1371.9160876739338,""deadhead_fraction_remaining_budget"":0.027447802939833645,""deadhead_per_drone"":{""0"":20.111772093755974,""1"":11.989402818473682,""3"":1331.7774361711788,""4"":8.037476590525381},""deadhead_total"":1371.9160876739338,""empty_sectors"":0,""generator"":""generate_pizza_zigzag_path(overlap=0.0, path_point_spacing_m=10.0, border_gap_m=0.0)"",""num_sectors"":4,""orientations_per_sector"":{""0"":""forward"",""1"":""forward"",""3"":""forward"",""4"":""forward""},""prefix_removed_total"":10577,""route_length_after_replan"":{""0"":1137007.421854752,""1"":1136474.1354712674,""3"":1170085.3174933908,""4"":1137560.832252692},""search_inactive_uav_ids"":[],""suffix_removed_total"":0,""survivor_ids"":[0,1,3,4],""task_splits"":0}",0,0.0,matched_prior_exact,0,stationary,1,"{""fraction"":0.75,""k"":1,""stage"":""c7-timing""}",1afd6aad4615879250c18a49e0765e646d736ba5546c63af535ab9149ba3f9ac,0.8242670312441579,9343,9344,0.9493200230355345,none,0.010929750618513312,True,revision_C_base@712b395,712b395,5ede81cb5815049fe381f461ce5502b4a13d3d3945ab77c4b78242c6d10572b8,c7-timing_20260911_041506_496602_705c3cf8,705c3cf8d1b3a80735499262310009dc0b3cd9c5e151de83f16ab60a82062b6e,none,none,none,evidence,revision_B_base,revision_B_base,0.5,0.8,10000.0,none,5,200000.0,xlarge,45.0,80.0,5.0,0.5,1.0
5,45,pizza_fixed_midflight,pizza_fixed,midflight_failure,[2],c4_frozen,1173828954,0.75,6010,150017.27130287213,6010.0,[],[],True,0,0.0,0,0.2784291267982682,7672.944402474261,7072.597435970563,5213.783506286786,0.2788448763621388,0.23302736064359586,0.04540176615467234,0.05919607013983013,10.97778254036291,0.908906922110798,8511,8512,0.2705054608020304,6701.791071963571,0.8376191815977466,200009.86702044588,1.0000493351022295,budget_exhausted,5.000000000926453,True,True,True,"[[488883.97075627604,5514333.110834124],[488944.06180331705,5514303.110834124],[488853.92523275554,5514363.110834124],[488974.1073268375,5514303.110834124],[488883.97075627604,5514423.110834124]]",df1a8490359a34f6b7838fd59a2dfd0505a237242c27fa3236111dc28509e06c,791fb59869a216ca92f53b023445ab8c88520d13474f368aeab5e45513920821,9e45cb56a98e94a73643047bbff3f3dca0bbf9dcbccc4ba4681d051964c14c1a,3097837959,null,0,0.0,matched_prior_exact,0,stationary,1,"{""fraction"":0.75,""k"":1,""stage"":""c7-timing""}",1afd6aad4615879250c18a49e0765e646d736ba5546c63af535ab9149ba3f9ac,0.8211627143058926,9343,9344,0.9918064554561588,none,0.007825433680248017,True,revision_C_base@712b395,712b395,5ede81cb5815049fe381f461ce5502b4a13d3d3945ab77c4b78242c6d10572b8,c7-timing_20260911_041506_496602_705c3cf8,705c3cf8d1b3a80735499262310009dc0b3cd9c5e151de83f16ab60a82062b6e,none,none,none,evidence,revision_B_base,revision_B_base,0.5,0.8,10000.0,none,5,200000.0,xlarge,45.0,80.0,5.0,0.5,1.0
5,45,random_uniform_n8_uncoordinated,random_uniform_n8_uncoordinated,midflight_failure,[2],c4_frozen,1173828954,0.75,6000,150000.0,6000.0,[],[],True,0,0.0,0,0.00892467239033665,9278.868262997443,8443.391761822664,5965.630710257096,0.008935122780710708,0.00889173607768495,3.293631265170044e-05,3.3231801056077205e-05,499.1049180327869,0.9979964132512629,8500,8501,0.008891736425345478,7947.8472377621665,0.9933567351283797,200000.0,1.0,budget_exhausted,5.000000000465123,True,True,True,"[[488883.97075627604,5514333.110834124],[488944.06180331705,5514303.110834124],[488853.92523275554,5514363.110834124],[488974.1073268375,5514303.110834124],[488883.97075627604,5514423.110834124]]",df1a8490359a34f6b7838fd59a2dfd0505a237242c27fa3236111dc28509e06c,7014aa0f64020ce2f07bdbe4e0e44564197444737696fc26e43c6bf7c7acb850,ae6c473546c1777fc92ee31eb74ed52ce7e8e40351c8a2660e2387deef7635f1,3097837959,null,8500,0.0,matched_prior_exact,0,stationary,1,"{""fraction"":0.75,""k"":1,""stage"":""c7-timing""}",1afd6aad4615879250c18a49e0765e646d736ba5546c63af535ab9149ba3f9ac,0.9930295658173633,9343,9344,1.0036625497822957,none,0.00011429760115577725,True,revision_C_base@712b395,712b395,5ede81cb5815049fe381f461ce5502b4a13d3d3945ab77c4b78242c6d10572b8,c7-timing_20260911_041506_496602_705c3cf8,705c3cf8d1b3a80735499262310009dc0b3cd9c5e151de83f16ab60a82062b6e,none,none,none,evidence,revision_B_base,revision_B_base,0.5,0.8,10000.0,none,5,200000.0,xlarge,45.0,80.0,5.0,0.5,1.0
5,46,dynamic_evidence_3step,dynamic_3step,midflight_failure,[4],c4_frozen,2375558030,0.25,2134,50019.35707202747,2134.0,[],[],True,0,0.0,0,0.269999814613033,8459.813005421218,8367.832982062331,2008.8345128667027,0.2703908259125834,0.10783539056767719,0.16216442404535583,0.18176513877695705,11.45127719962157,0.9126734963648381,10114,10115,0.24411796199531674,6798.95916224416,0.8497636748211674,200009.59667585022,1.000047983379251,budget_exhausted,5.000000000114857,True,True,True,"[[488974.1073268375,5514363.110834124],[488944.06180331705,5514453.110834124],[488974.1073268375,5514363.110834124],[488883.97075627604,5514303.110834124],[488853.92523275554,5514363.110834124]]",c67220906d652b067a7cf8b397fe7e22dc6d5c155ae6f5ff67c986d3e8edd122,836dcd4b956a00cd92aa76af15cbf2c16539bb1755468b42fbef32558fe10fb2,ee8cbb1f6ae4d2ba7c590825d9f6d4e2165bee27a2149ba4d7cce87b29efa4da,2061604248,null,4262,464.91442316948087,matched_prior_exact,0,stationary,1,"{""fraction"":0.25,""k"":1,""stage"":""c7-timing""}",afb392704cd91dc121192dd93c7aa1904370ee07844253dff5b4afaa9642f3ae,0.8260729426248626,10240,10241,1.0372730971990776,none,-0.001074068520236171,True,revision_C_base@712b395,712b395,5ede81cb5815049fe381f461ce5502b4a13d3d3945ab77c4b78242c6d10572b8,c7-timing_20260911_041506_496602_705c3cf8,705c3cf8d1b3a80735499262310009dc0b3cd9c5e151de83f16ab60a82062b6e,none,none,none,evidence,revision_B_base,revision_B_base,0.5,0.8,10000.0,none,5,200000.0,xlarge,45.0,80.0,5.0,0.5,1.0
5,46,online_static_3step,online_static_3step,midflight_failure,[4],c4_frozen,2375558030,0.25,2143,50019.091412699076,2143.0,[],[],True,0,0.0,0,0.13178097837334807,9114.80190716543,9114.80190716543,2015.7447215798206,0.13198499858137508,0.10063274540714777,0.031148232966200298,0.034633496835840716,35.61869002920317,0.9719248518353675,10240,10241,0.13178097837334807,7169.991298721914,0.8961368952283357,200011.774624263,1.000058873121315,budget_exhausted,5.000000000114857,True,True,True,"[[488974.1073268375,5514363.110834124],[488944.06180331705,5514453.110834124],[488974.1073268375,5514363.110834124],[488883.97075627604,5514303.110834124],[488853.92523275554,5514363.110834124]]",c67220906d652b067a7cf8b397fe7e22dc6d5c155ae6f5ff67c986d3e8edd122,bd5735566866a2b742a5ddd24a425a03d1facc770d6d2bea5f8fc65be5ebbdf0,a400c1b967e9cd22a889acab4034ae57e92ea529577b0f829692a0b647f2d97e,2061604248,null,4804,511.3605410089367,matched_prior_exact,0,stationary,1,"{""fraction"":0.25,""k"":1,""stage"":""c7-timing""}",afb392704cd91dc121192dd93c7aa1904370ee07844253dff5b4afaa9642f3ae,0.890030456709836,10240,10241,0.9999999999968218,none,-0.0011407748105339843,True,revision_C_base@712b395,712b395,5ede81cb5815049fe381f461ce5502b4a13d3d3945ab77c4b78242c6d10572b8,c7-timing_20260911_041506_496602_705c3cf8,705c3cf8d1b3a80735499262310009dc0b3cd9c5e151de83f16ab60a82062b6e,none,none,none,evidence,revision_B_base,revision_B_base,0.5,0.8,10000.0,none,5,200000.0,xlarge,45.0,80.0,5.0,0.5,1.0
5,46,pizza_replan_midflight,pizza_replan,midflight_failure,[4],c4_frozen,2375558030,0.25,2006,50002.93476958617,2006.0,[],[],True,0,0.0,0,0.26221488959691897,8599.997474568014,8063.627699304652,1902.284169187657,0.2625058494621171,0.10171730801459863,0.16049758158232033,0.17867157300736314,12.203984443209778,0.9180595481210734,9513,9514,0.23193861818810502,6924.9027686877025,0.8655046580037123,200007.42951803713,1.0000371475901857,budget_exhausted,5.000000000892224,True,True,True,"[[488974.1073268375,5514363.110834124],[488944.06180331705,5514453.110834124],[488974.1073268375,5514363.110834124],[488883.97075627604,5514303.110834124],[488853.92523275554,5514363.110834124]]",c67220906d652b067a7cf8b397fe7e22dc6d5c155ae6f5ff67c986d3e8edd122,444d376abb1601d6536e6187dd3d05de0e20f608804666513c7bf69f7068f2ce,11caeef8ef10e8659fdbbc358a3af3fb74e00ac7937da9e596e62d720d3eb11c,2061604248,"{""assignment"":{""0"":[0,""forward""],""1"":[1,""forward""],""2"":[3,""forward""],""3"":[2,""forward""]},""assignment_cost"":1797.5256555512372,""deadhead_fraction_remaining_budget"":0.011983738833756634,""deadhead_per_drone"":{""0"":14.065075226225582,""1"":667.0195651356005,""2"":562.4660516197068,""3"":553.9749635697043},""deadhead_total"":1797.5256555512372,""empty_sectors"":0,""generator"":""generate_pizza_zigzag_path(overlap=0.0, path_point_spacing_m=10.0, border_gap_m=0.0)"",""num_sectors"":4,""orientations_per_sector"":{""0"":""forward"",""1"":""forward"",""2"":""forward"",""3"":""forward""},""prefix_removed_total"":2706,""route_length_after_replan"":{""0"":1161031.172143951,""1"":1170341.9047108279,""2"":1161303.1826265282,""3"":1170085.317493389},""search_inactive_uav_ids"":[],""suffix_removed_total"":0,""survivor_ids"":[0,1,2,3],""task_splits"":0}",0,0.0,matched_prior_exact,0,stationary,1,"{""fraction"":0.25,""k"":1,""stage"":""c7-timing""}",afb392704cd91dc121192dd93c7aa1904370ee07844253dff5b4afaa9642f3ae,0.8397614954172458,10240,10241,0.9337361766429073,none,0.024359990081737615,True,revision_C_base@712b395,712b395,5ede81cb5815049fe381f461ce5502b4a13d3d3945ab77c4b78242c6d10572b8,c7-timing_20260911_041506_496602_705c3cf8,705c3cf8d1b3a80735499262310009dc0b3cd9c5e151de83f16ab60a82062b6e,none,none,none,evidence,revision_B_base,revision_B_base,0.5,0.8,10000.0,none,5,200000.0,xlarge,45.0,80.0,5.0,0.5,1.0
5,46,pizza_fixed_midflight,pizza_fixed,midflight_failure,[4],c4_frozen,2375558030,0.25,2006,50002.93476958617,2006.0,[],[],True,0,0.0,0,0.2689278585870956,8464.22144105512,7932.731994247521,1902.284169187657,0.26930300197440543,0.10171730801459863,0.16721055057249698,0.1861446870393607,10.922513684509846,0.9084459833254147,9513,9514,0.24463807363294438,6808.571705351366,0.8509650925323542,200008.93563571447,1.0000446781785723,budget_exhausted,5.0000000009060015,True,True,True,"[[488974.1073268375,5514363.110834124],[488944.06180331705,5514453.110834124],[488974.1073268375,5514363.110834124],[488883.97075627604,5514303.110834124],[488853.92523275554,5514363.110834124]]",c67220906d652b067a7cf8b397fe7e22dc6d5c155ae6f5ff67c986d3e8edd122,85e89bf80781abdf2efd864fc681e39179ac1055b46bb2ce5d31e30f09e479ab,11caeef8ef10e8659fdbbc358a3af3fb74e00ac7937da9e596e62d720d3eb11c,2061604248,null,0,0.0,matched_prior_exact,0,stationary,1,"{""fraction"":0.25,""k"":1,""stage"":""c7-timing""}",afb392704cd91dc121192dd93c7aa1904370ee07844253dff5b4afaa9642f3ae,0.8265034118792228,10240,10241,0.9576407764482251,none,0.011101906543714679,True,revision_C_base@712b395,712b395,5ede81cb5815049fe381f461ce5502b4a13d3d3945ab77c4b78242c6d10572b8,c7-timing_20260911_041506_496602_705c3cf8,705c3cf8d1b3a80735499262310009dc0b3cd9c5e151de83f16ab60a82062b6e,none,none,none,evidence,revision_B_base,revision_B_base,0.5,0.8,10000.0,none,5,200000.0,xlarge,45.0,80.0,5.0,0.5,1.0
5,46,random_uniform_n8_uncoordinated,random_uniform_n8_uncoordinated,midflight_failure,[4],c4_frozen,2375558030,0.25,2000,50000.0,2000.0,[],[],True,0,0.0,0,0.01165323015295566,10177.195143368643,9445.818533681715,1996.382650885129,0.011697274504479997,0.003502650807927758,0.008150579345027904,0.008179228325731251,401.5303430079156,0.9975095281903009,9500,9501,0.008746135566355786,7961.003825562778,0.995001103057465,200000.0,1.0,budget_exhausted,5.000000000466276,True,True,True,"[[488974.1073268375,5514363.110834124],[488944.06180331705,5514453.110834124],[488974.1073268375,5514363.110834124],[488883.97075627604,5514303.110834124],[488853.92523275554,5514363.110834124]]",c67220906d652b067a7cf8b397fe7e22dc6d5c155ae6f5ff67c986d3e8edd122,0998cc02b46796fa9ea1ca726e1a781991a74f65e0c96442efe20b302d434e2b,29b9bd417a44a816c9b49d4dd7b9705a778eeec00f543b8384156be154c5e50d,2061604248,null,9500,0.0,matched_prior_exact,0,stationary,1,"{""fraction"":0.25,""k"":1,""stage"":""c7-timing""}",afb392704cd91dc121192dd93c7aa1904370ee07844253dff5b4afaa9642f3ae,0.9937696654007072,10240,10241,1.1611137030993477,none,-0.00011272880613522052,True,revision_C_base@712b395,712b395,5ede81cb5815049fe381f461ce5502b4a13d3d3945ab77c4b78242c6d10572b8,c7-timing_20260911_041506_496602_705c3cf8,705c3cf8d1b3a80735499262310009dc0b3cd9c5e151de83f16ab60a82062b6e,none,none,none,evidence,revision_B_base,revision_B_base,0.5,0.8,10000.0,none,5,200000.0,xlarge,45.0,80.0,5.0,0.5,1.0
5,46,dynamic_evidence_3step,dynamic_3step,midflight_failure,[4],c4_frozen,2375558030,0.5,4269,100006.2097241659,4269.0,[],[],True,0,0.0,0,0.26803521106688505,8058.57793979201,7953.906974974693,3831.2106963474344,0.2684234227708879,0.17514773879698556,0.09288747226989949,0.11261104156328162,11.790366302912352,0.9151849930436013,9588,9589,0.2451469192726947,6773.878203290565,0.8466289467929715,200009.4323971793,1.0000471619858966,budget_exhausted,5.000000000275023,True,True,True,"[[488974.1073268375,5514363.110834124],[488944.06180331705,5514453.110834124],[488974.1073268375,5514363.110834124],[488883.97075627604,5514303.110834124],[488853.92523275554,5514363.110834124]]",c67220906d652b067a7cf8b397fe7e22dc6d5c155ae6f5ff67c986d3e8edd122,fde812dc899386e590d7ba58b5006bbcd7f38dc8c015a4a00fcf1e6736a5ad3d,515e97a035a59248299bd1f9cb72df459804e9a29965dad20938df9c77548611,2061604248,null,4134,864.6950259025616,matched_prior_exact,0,stationary,1,"{""fraction"":0.5,""k"":1,""stage"":""c7-timing""}",e48f7e450930aa2cad23001d8a223a0347fc2e867d4f90039ce62228ac53c328,0.8280495211459113,9731,9732,1.0297255719979888,none,0.0009025100008125397,True,revision_C_base@712b395,712b395,5ede81cb5815049fe381f461ce5502b4a13d3d3945ab77c4b78242c6d10572b8,c7-timing_20260911_041506_496602_705c3cf8,705c3cf8d1b3a80735499262310009dc0b3cd9c5e151de83f16ab60a82062b6e,none,none,none,evidence,revision_B_base,revision_B_base,0.5,0.8,10000.0,none,5,200000.0,xlarge,45.0,80.0,5.0,0.5,1.0
5,46,online_static_3step,online_static_3step,midflight_failure,[4],c4_frozen,2375558030,0.5,4313,100003.40019357998,4313.0,[],[],True,0,0.0,0,0.13177782394828746,8672.895515306756,8672.895515306756,3949.1843402907966,0.13198499858137508,0.11647381585377901,0.01530400809450845,0.017321510521272433,35.7473925740509,0.9720259317395389,9731,9732,0.13177782394828746,7170.002928561375,0.8961383487765747,200009.12709240202,1.0000456354620102,budget_exhausted,5.000000000114857,True,True,True,"[[488974.1073268375,5514363.110834124],[488944.06180331705,5514453.110834124],[488974.1073268375,5514363.110834124],[488883.97075627604,5514303.110834124],[488853.92523275554,5514363.110834124]]",c67220906d652b067a7cf8b397fe7e22dc6d5c155ae6f5ff67c986d3e8edd122,848219e23efde60df645eb38224654c46e68a742f18051a0b01c6c8aa81bccc1,dd43c88b603343f458425132895e9f264fc8d32961b202f87f90b8778b5057b8,2061604248,null,4455,844.9364077898499,matched_prior_exact,0,stationary,1,"{""fraction"":0.5,""k"":1,""stage"":""c7-timing""}",e48f7e450930aa2cad23001d8a223a0347fc2e867d4f90039ce62228ac53c328,0.8911729875983103,9731,9732,0.9999760631198952,none,1.7560779402847615e-06,True,revision_C_base@712b395,712b395,5ede81cb5815049fe381f461ce5502b4a13d3d3945ab77c4b78242c6d10572b8,c7-timing_20260911_041506_496602_705c3cf8,705c3cf8d1b3a80735499262310009dc0b3cd9c5e151de83f16ab60a82062b6e,none,none,none,evidence,revision_B_base,revision_B_base,0.5,0.8,10000.0,none,5,200000.0,xlarge,45.0,80.0,5.0,0.5,1.0
5,46,pizza_replan_midflight,pizza_replan,midflight_failure,[4],c4_frozen,2375558030,0.5,4009,100022.0400252887,4009.0,[],[],True,0,0.0,0,0.23144035073449273,8167.879794767925,7616.822526244637,3622.072477736318,0.23165199513891482,0.17596333736623748,0.05547701336825525,0.06732347707799942,14.444903322695701,0.9307714300566616,9014,9015,0.21707677078465903,6828.807831941948,0.8534942922062178,200016.83126425423,1.0000841563212712,budget_exhausted,5.000000000905505,True,True,True,"[[488974.1073268375,5514363.110834124],[488944.06180331705,5514453.110834124],[488974.1073268375,5514363.110834124],[488883.97075627604,5514303.110834124],[488853.92523275554,5514363.110834124]]",c67220906d652b067a7cf8b397fe7e22dc6d5c155ae6f5ff67c986d3e8edd122,4ad1a65ebc8988d76671bce3f50aa63b7884e2c9816b633f1060df62ed7e95c3,1d6b2c8d23079afd1c2a7112ebc87488c85f15148537a8e35a00368555dd895b,2061604248,"{""assignment"":{""0"":[0,""forward""],""1"":[1,""forward""],""2"":[2,""forward""],""3"":[3,""forward""]},""assignment_cost"":2674.5910989541494,""deadhead_fraction_remaining_budget"":0.026751807094590328,""deadhead_per_drone"":{""0"":7.759100846085049,""1"":928.3982407345513,""2"":1495.1823916904975,""3"":243.2513656830154},""deadhead_total"":2674.5910989541494,""empty_sectors"":0,""generator"":""generate_pizza_zigzag_path(overlap=0.0, path_point_spacing_m=10.0, border_gap_m=0.0)"",""num_sectors"":4,""orientations_per_sector"":{""0"":""forward"",""1"":""forward"",""2"":""forward"",""3"":""forward""},""prefix_removed_total"":4972,""route_length_after_replan"":{""0"":1148836.3173589138,""1"":1170341.9047108279,""2"":1170085.317493389,""3"":1149974.7339868878},""search_inactive_uav_ids"":[],""suffix_removed_total"":0,""survivor_ids"":[0,1,2,3],""task_splits"":0}",0,0.0,matched_prior_exact,0,stationary,1,"{""fraction"":0.5,""k"":1,""stage"":""c7-timing""}",e48f7e450930aa2cad23001d8a223a0347fc2e867d4f90039ce62228ac53c328,0.8392807022983894,9731,9732,0.8241493400619533,none,0.02387919696288121,True,revision_C_base@712b395,712b395,5ede81cb5815049fe381f461ce5502b4a13d3d3945ab77c4b78242c6d10572b8,c7-timing_20260911_041506_496602_705c3cf8,705c3cf8d1b3a80735499262310009dc0b3cd9c5e151de83f16ab60a82062b6e,none,none,none,evidence,revision_B_base,revision_B_base,0.5,0.8,10000.0,none,5,200000.0,xlarge,45.0,80.0,5.0,0.5,1.0
5,46,pizza_fixed_midflight,pizza_fixed,midflight_failure,[4],c4_frozen,2375558030,0.5,4009,100022.0400252887,4009.0,[],[],True,0,0.0,0,0.2756401500693153,7997.921846653855,7477.107114553741,3622.072477736318,0.2760106865339571,0.17596333736623748,0.09967681270307782,0.12096162370311732,10.950341977771444,0.9086786511298056,9012,9013,0.2590268582125887,6735.6892880815685,0.8418559290190687,200002.33631174453,1.0000116815587226,budget_exhausted,5.0000000009060015,True,True,True,"[[488974.1073268375,5514363.110834124],[488944.06180331705,5514453.110834124],[488974.1073268375,5514363.110834124],[488883.97075627604,5514303.110834124],[488853.92523275554,5514363.110834124]]",c67220906d652b067a7cf8b397fe7e22dc6d5c155ae6f5ff67c986d3e8edd122,59f41b2b5d197b6a04b48f81f7934057a79df117e6e1e0e8850d76a45966c11e,1d6b2c8d23079afd1c2a7112ebc87488c85f15148537a8e35a00368555dd895b,2061604248,null,0,0.0,matched_prior_exact,0,stationary,1,"{""fraction"":0.5,""k"":1,""stage"":""c7-timing""}",e48f7e450930aa2cad23001d8a223a0347fc2e867d4f90039ce62228ac53c328,0.8218168769681314,9731,9732,0.9815429636762467,none,0.00641537163262329,True,revision_C_base@712b395,712b395,5ede81cb5815049fe381f461ce5502b4a13d3d3945ab77c4b78242c6d10572b8,c7-timing_20260911_041506_496602_705c3cf8,705c3cf8d1b3a80735499262310009dc0b3cd9c5e151de83f16ab60a82062b6e,none,none,none,evidence,revision_B_base,revision_B_base,0.5,0.8,10000.0,none,5,200000.0,xlarge,45.0,80.0,5.0,0.5,1.0
5,46,random_uniform_n8_uncoordinated,random_uniform_n8_uncoordinated,midflight_failure,[4],c4_frozen,2375558030,0.5,4000,100000.0,4000.0,[],[],True,0,0.0,0,0.010591638914749233,9674.557073516156,8951.29956156316,3988.256151930921,0.010632604271603313,0.0044984456685118,0.0060931932462374334,0.006120727004117248,434.86571428571426,0.9977004395445557,9000,9001,0.008746135566355786,7960.897211810256,0.9949877780040315,200000.0,1.0,budget_exhausted,5.000000000466276,True,True,True,"[[488974.1073268375,5514363.110834124],[488944.06180331705,5514453.110834124],[488974.1073268375,5514363.110834124],[488883.97075627604,5514303.110834124],[488853.92523275554,5514363.110834124]]",c67220906d652b067a7cf8b397fe7e22dc6d5c155ae6f5ff67c986d3e8edd122,79830bd7d9985edf54cdd208a8657dd72d2a4fae9dbbf758e0282cfcbae2909e,49ee4fe5bc60b55b83c6aa2b3206002d4996a251b429bc69625137c5002ab30d,2061604248,null,9000,0.0,matched_prior_exact,0,stationary,1,"{""fraction"":0.5,""k"":1,""stage"":""c7-timing""}",e48f7e450930aa2cad23001d8a223a0347fc2e867d4f90039ce62228ac53c328,0.9940975209120588,9731,9732,1.055338041107548,none,0.0002151267052163952,True,revision_C_base@712b395,712b395,5ede81cb5815049fe381f461ce5502b4a13d3d3945ab77c4b78242c6d10572b8,c7-timing_20260911_041506_496602_705c3cf8,705c3cf8d1b3a80735499262310009dc0b3cd9c5e151de83f16ab60a82062b6e,none,none,none,evidence,revision_B_base,revision_B_base,0.5,0.8,10000.0,none,5,200000.0,xlarge,45.0,80.0,5.0,0.5,1.0
5,46,dynamic_evidence_3step,dynamic_3step,midflight_failure,[4],c4_frozen,2375558030,0.75,6419,150003.09908694506,6419.0,[],[],True,0,0.0,0,0.2613059520195702,7683.34466301695,7565.153615340086,5557.884002366483,0.2616670205572029,0.21628770535912628,0.045018246660443906,0.057442312655147196,12.453612027869454,0.9197020111304143,9060,9061,0.2449446708593574,6773.451628121129,0.846575631561196,200019.29203469708,1.0000964601734854,budget_exhausted,5.000000000120906,True,True,True,"[[488974.1073268375,5514363.110834124],[488944.06180331705,5514453.110834124],[488974.1073268375,5514363.110834124],[488883.97075627604,5514303.110834124],[488853.92523275554,5514363.110834124]]",c67220906d652b067a7cf8b397fe7e22dc6d5c155ae6f5ff67c986d3e8edd122,675557c031f2073128289741812bb21aef71aaae370918c5173b3f552b02c023,3b6d58ca2a3313261d8f202bcc0206864aa92e26b56e360291a3e24eca778f36,2061604248,null,4098,473.0681436001905,matched_prior_exact,0,stationary,1,"{""fraction"":0.75,""k"":1,""stage"":""c7-timing""}",1afd6aad4615879250c18a49e0765e646d736ba5546c63af535ab9149ba3f9ac,0.8332441885930972,9220,9221,1.0038734084182945,none,0.006097177447998425,True,revision_C_base@712b395,712b395,5ede81cb5815049fe381f461ce5502b4a13d3d3945ab77c4b78242c6d10572b8,c7-timing_20260911_041506_496602_705c3cf8,705c3cf8d1b3a80735499262310009dc0b3cd9c5e151de83f16ab60a82062b6e,none,none,none,evidence,revision_B_base,revision_B_base,0.5,0.8,10000.0,none,5,200000.0,xlarge,45.0,80.0,5.0,0.5,1.0
5,46,online_static_3step,online_static_3step,midflight_failure,[4],c4_frozen,2375558030,0.75,6492,150000.43631820794,6492.0,[],[],True,0,0.0,0,0.13178097837334807,8229.218505106059,8229.218505106059,5860.5970953263695,0.13198499858137508,0.13050630674757216,0.0012746716257759083,0.0014659929516082767,35.877972465581976,0.9721277449287495,9220,9221,0.13178097837334807,7169.991298721914,0.8961368952283357,200013.92903838365,1.0000696451919182,budget_exhausted,5.000000000114857,True,True,True,"[[488974.1073268375,5514363.110834124],[488944.06180331705,5514453.110834124],[488974.1073268375,5514363.110834124],[488883.97075627604,5514303.110834124],[488853.92523275554,5514363.110834124]]",c67220906d652b067a7cf8b397fe7e22dc6d5c155ae6f5ff67c986d3e8edd122,4e586eb949fb2447f3855d5faf5ec48472cec747cf6e9c6538af56fecee2ac27,4b08d96b37e06ed530904b67e9d100d1bd72661159b2bd49a2ba024e37620b7f,2061604248,null,4561,494.3424174368847,matched_prior_exact,0,stationary,1,"{""fraction"":0.75,""k"":1,""stage"":""c7-timing""}",1afd6aad4615879250c18a49e0765e646d736ba5546c63af535ab9149ba3f9ac,0.8924431737453702,9220,9221,0.9999999999968218,none,0.0012719422250001555,True,revision_C_base@712b395,712b395,5ede81cb5815049fe381f461ce5502b4a13d3d3945ab77c4b78242c6d10572b8,c7-timing_20260911_041506_496602_705c3cf8,705c3cf8d1b3a80735499262310009dc0b3cd9c5e151de83f16ab60a82062b6e,none,none,none,evidence,revision_B_base,revision_B_base,0.5,0.8,10000.0,none,5,200000.0,xlarge,45.0,80.0,5.0,0.5,1.0
5,46,pizza_replan_midflight,pizza_replan,midflight_failure,[4],c4_frozen,2375558030,0.75,6010,150001.4924143917,6010.0,[],[],True,0,0.0,0,0.25492300986290894,7633.119440771655,7106.350008744743,5213.19737523146,0.2552223851268852,0.2330942762504851,0.02182873361242385,0.028463385963140242,12.715916611515553,0.9213584021859346,8513,8514,0.2502827025455796,6722.998632663487,0.8402697953585161,200007.85052945002,1.0000392526472501,budget_exhausted,5.0000000009060015,True,True,True,"[[488974.1073268375,5514363.110834124],[488944.06180331705,5514453.110834124],[488974.1073268375,5514363.110834124],[488883.97075627604,5514303.110834124],[488853.92523275554,5514363.110834124]]",c67220906d652b067a7cf8b397fe7e22dc6d5c155ae6f5ff67c986d3e8edd122,867c1cf31b5f6cc99d13941e135f2a93ce60a1c51c7e8160eb30f56f812aefe7,7961962203226bb96397e14090d89b20608ec51d64b768dd44cef2cb5bece02d,2061604248,"{""assignment"":{""0"":[1,""forward""],""1"":[0,""forward""],""2"":[3,""forward""],""3"":[2,""forward""]},""assignment_cost"":3482.681214329369,""deadhead_fraction_remaining_budget"":0.06965570339007143,""deadhead_per_drone"":{""0"":1768.3662069086545,""1"":437.43515653253615,""2"":10.819185790918258,""3"":1266.0606650972604},""deadhead_total"":3482.681214329369,""empty_sectors"":0,""generator"":""generate_pizza_zigzag_path(overlap=0.0, path_point_spacing_m=10.0, border_gap_m=0.0)"",""num_sectors"":4,""orientations_per_sector"":{""0"":""forward"",""1"":""forward"",""2"":""forward"",""3"":""forward""},""prefix_removed_total"":7372,""route_length_after_replan"":{""0"":1170341.9047108279,""1"":1137671.5143322912,""2"":1136433.8874423255,""3"":1170085.317493389},""search_inactive_uav_ids"":[],""suffix_removed_total"":0,""survivor_ids"":[0,1,2,3],""task_splits"":0}",0,0.0,matched_prior_exact,0,stationary,1,"{""fraction"":0.75,""k"":1,""stage"":""c7-timing""}",1afd6aad4615879250c18a49e0765e646d736ba5546c63af535ab9149ba3f9ac,0.8277973582877839,9220,9221,0.9077701000641102,none,0.012395852952275743,True,revision_C_base@712b395,712b395,5ede81cb5815049fe381f461ce5502b4a13d3d3945ab77c4b78242c6d10572b8,c7-timing_20260911_041506_496602_705c3cf8,705c3cf8d1b3a80735499262310009dc0b3cd9c5e151de83f16ab60a82062b6e,none,none,none,evidence,revision_B_base,revision_B_base,0.5,0.8,10000.0,none,5,200000.0,xlarge,45.0,80.0,5.0,0.5,1.0
5,46,pizza_fixed_midflight,pizza_fixed,midflight_failure,[4],c4_frozen,2375558030,0.75,6010,150001.4924143917,6010.0,[],[],True,0,0.0,0,0.2791433755401065,7582.104732982234,7071.738242864767,5213.19737523146,0.2795104180936346,0.2330942762504851,0.04604909928962139,0.06004531960523201,10.976651196001429,0.9088975333055787,8512,8513,0.2707751349706294,6700.515139756491,0.8374597100058107,200006.07860024399,1.00003039300122,budget_exhausted,5.0000000009060015,True,True,True,"[[488974.1073268375,5514363.110834124],[488944.06180331705,5514453.110834124],[488974.1073268375,5514363.110834124],[488883.97075627604,5514303.110834124],[488853.92523275554,5514363.110834124]]",c67220906d652b067a7cf8b397fe7e22dc6d5c155ae6f5ff67c986d3e8edd122,1608d1a4d64317cf3ea13869f934f595026f6b2450486efde431e2979bb0adba,7961962203226bb96397e14090d89b20608ec51d64b768dd44cef2cb5bece02d,2061604248,null,0,0.0,matched_prior_exact,0,stationary,1,"{""fraction"":0.75,""k"":1,""stage"":""c7-timing""}",1afd6aad4615879250c18a49e0765e646d736ba5546c63af535ab9149ba3f9ac,0.8222649097692478,9220,9221,0.9940178020122503,none,0.006863404433739673,True,revision_C_base@712b395,712b395,5ede81cb5815049fe381f461ce5502b4a13d3d3945ab77c4b78242c6d10572b8,c7-timing_20260911_041506_496602_705c3cf8,705c3cf8d1b3a80735499262310009dc0b3cd9c5e151de83f16ab60a82062b6e,none,none,none,evidence,revision_B_base,revision_B_base,0.5,0.8,10000.0,none,5,200000.0,xlarge,45.0,80.0,5.0,0.5,1.0
5,46,random_uniform_n8_uncoordinated,random_uniform_n8_uncoordinated,midflight_failure,[4],c4_frozen,2375558030,0.75,6000,150000.0,6000.0,[],[],True,0,0.0,0,0.009863642975552186,9168.303378702265,8455.405201644657,5976.333664280527,0.009896027951863754,0.007086584452448067,0.0027770585231041197,0.0027968788412156597,462.5531914893617,0.9978380864765409,8500,8501,0.009096507505559277,7960.119861701357,0.9948906213849965,200000.0,1.0,budget_exhausted,5.000000000466276,True,True,True,"[[488974.1073268375,5514363.110834124],[488944.06180331705,5514453.110834124],[488974.1073268375,5514363.110834124],[488883.97075627604,5514303.110834124],[488853.92523275554,5514363.110834124]]",c67220906d652b067a7cf8b397fe7e22dc6d5c155ae6f5ff67c986d3e8edd122,31256e31a13a1b48ae00235c3fdedf15d4669c6f9927f8c15a78b16230e26c03,4eafb945a2e8f9342067ee4be9e4271443e70a93d181a313d092724fd8e7265e,2061604248,null,8500,0.0,matched_prior_exact,0,stationary,1,"{""fraction"":0.75,""k"":1,""stage"":""c7-timing""}",1afd6aad4615879250c18a49e0765e646d736ba5546c63af535ab9149ba3f9ac,0.9942851511443732,9220,9221,0.9828014096579428,none,0.00040275693753077935,True,revision_C_base@712b395,712b395,5ede81cb5815049fe381f461ce5502b4a13d3d3945ab77c4b78242c6d10572b8,c7-timing_20260911_041506_496602_705c3cf8,705c3cf8d1b3a80735499262310009dc0b3cd9c5e151de83f16ab60a82062b6e,none,none,none,evidence,revision_B_base,revision_B_base,0.5,0.8,10000.0,none,5,200000.0,xlarge,45.0,80.0,5.0,0.5,1.0
5,47,dynamic_evidence_3step,dynamic_3step,midflight_failure,[0],c4_frozen,4188120730,0.25,2134,50000.30899847507,2134.0,[],[],True,0,0.0,0,0.2735637058639311,8804.85918033563,8376.26176679545,2004.9229191946433,0.27394068024899715,0.11172564765047766,0.16183805821345343,0.18219377581417845,12.057647309083174,0.9170650812412893,10140,10141,0.2419601383880391,6786.62428918805,0.8482220083974565,200004.41825864557,1.0000220912932278,budget_exhausted,5.000000000114857,True,True,True,"[[488944.06180331705,5514303.110834124],[488914.01627979655,5514393.110834124],[489004.152850358,5514363.110834124],[488974.1073268375,5514453.110834124],[488914.01627979655,5514363.110834124]]",16032c3d3dcc3d7c5626339453b69f0160b805ad82d5118c5de473931a86bd4c,1eced96798cfdf183fa81b70ec1a270ca09accf3d8e40928b47c2b853897266b,d693763f16e523b40a027b62c0f97bb6561de5dd6a76a58df5817088e2c42580,559765009,null,4221,495.56423555870424,matched_prior_exact,0,stationary,1,"{""fraction"":0.25,""k"":1,""stage"":""c7-timing""}",afb392704cd91dc121192dd93c7aa1904370ee07844253dff5b4afaa9642f3ae,0.820506866120178,10730,10731,0.9756874068139646,none,0.009388350209025176,True,revision_C_base@712b395,712b395,5ede81cb5815049fe381f461ce5502b4a13d3d3945ab77c4b78242c6d10572b8,c7-timing_20260911_041506_496602_705c3cf8,705c3cf8d1b3a80735499262310009dc0b3cd9c5e151de83f16ab60a82062b6e,none,none,none,evidence,revision_B_base,revision_B_base,0.5,0.8,10000.0,none,5,200000.0,xlarge,45.0,80.0,5.0,0.5,1.0
5,47,online_static_3step,online_static_3step,midflight_failure,[0],c4_frozen,4188120730,0.25,2139,50003.5246897446,2139.0,[],[],True,0,0.0,0,0.1553366776330649,9390.214631658431,9390.214631658431,2008.730823494781,0.15556379906531487,0.10677723649850966,0.04855944113455525,0.05436431215008352,30.352445193929174,0.967053725206956,10730,10731,0.15450840697166113,7084.245697127446,0.8854200346366011,200002.683317109,1.000013416585545,budget_exhausted,5.000000000114857,True,True,True,"[[488944.06180331705,5514303.110834124],[488914.01627979655,5514393.110834124],[489004.152850358,5514363.110834124],[488974.1073268375,5514453.110834124],[488914.01627979655,5514363.110834124]]",16032c3d3dcc3d7c5626339453b69f0160b805ad82d5118c5de473931a86bd4c,0de64a0d8bebe2fb00a2cba49f413442171d18fae4db6417b642cd782a07cee2,0165397fc952d5ad9c08a96e0547c44a49f3a0df44307d449cd4bab62092ee4b,559765009,null,5435,585.0197136967327,matched_prior_exact,0,stationary,1,"{""fraction"":0.25,""k"":1,""stage"":""c7-timing""}",afb392704cd91dc121192dd93c7aa1904370ee07844253dff5b4afaa9642f3ae,0.8750549465714688,10730,10731,0.999999588583618,none,-0.001704930877691746,True,revision_C_base@712b395,712b395,5ede81cb5815049fe381f461ce5502b4a13d3d3945ab77c4b78242c6d10572b8,c7-timing_20260911_041506_496602_705c3cf8,705c3cf8d1b3a80735499262310009dc0b3cd9c5e151de83f16ab60a82062b6e,none,none,none,evidence,revision_B_base,revision_B_base,0.5,0.8,10000.0,none,5,200000.0,xlarge,45.0,80.0,5.0,0.5,1.0
5,47,pizza_replan_midflight,pizza_replan,midflight_failure,[0],c4_frozen,4188120730,0.25,2006,50001.60299550585,2006.0,[],[],True,0,0.0,0,0.2711231491145084,8877.011941468016,7989.968813939997,1902.0600928373703,0.2714560808492076,0.10183472474346314,0.16928842437104527,0.18848248650304653,11.618536437859087,0.9139306395991932,9513,9514,0.24158539850716715,6865.057851788749,0.8580249783512996,200012.5304399409,1.0000626521997045,budget_exhausted,5.000000000890471,True,True,True,"[[488944.06180331705,5514303.110834124],[488914.01627979655,5514393.110834124],[489004.152850358,5514363.110834124],[488974.1073268375,5514453.110834124],[488914.01627979655,5514363.110834124]]",16032c3d3dcc3d7c5626339453b69f0160b805ad82d5118c5de473931a86bd4c,0f32051b94fcdd40aa86e25fcd03597cbf9d5a156b2a7f6febe8e9a2ae32db90,30d98356f7aebf8aeff86e48069025a8bd14e18223f731a6aa290809ca6596c1,559765009,"{""assignment"":{""1"":[2,""forward""],""2"":[0,""forward""],""3"":[1,""forward""],""4"":[3,""forward""]},""assignment_cost"":1711.967665721867,""deadhead_fraction_remaining_budget"":0.011413239740625856,""deadhead_per_drone"":{""1"":364.5956981392926,""2"":12.194891812791782,""3"":669.3194193131891,""4"":665.8576564565934},""deadhead_total"":1711.967665721867,""empty_sectors"":0,""generator"":""generate_pizza_zigzag_path(overlap=0.0, path_point_spacing_m=10.0, border_gap_m=0.0)"",""num_sectors"":4,""orientations_per_sector"":{""1"":""forward"",""2"":""forward"",""3"":""forward"",""4"":""forward""},""prefix_removed_total"":3525,""route_length_after_replan"":{""1"":1161303.1826265343,""2"":1161061.395530905,""3"":1170341.9047108279,""4"":1161303.1826265282},""search_inactive_uav_ids"":[],""suffix_removed_total"":0,""survivor_ids"":[1,2,3,4],""task_splits"":0}",0,0.0,matched_prior_exact,0,stationary,1,"{""fraction"":0.25,""k"":1,""stage"":""c7-timing""}",afb392704cd91dc121192dd93c7aa1904370ee07844253dff5b4afaa9642f3ae,0.8272306347468098,10730,10731,0.9652200923862997,none,0.015974389059928096,True,revision_C_base@712b395,712b395,5ede81cb5815049fe381f461ce5502b4a13d3d3945ab77c4b78242c6d10572b8,c7-timing_20260911_041506_496602_705c3cf8,705c3cf8d1b3a80735499262310009dc0b3cd9c5e151de83f16ab60a82062b6e,none,none,none,evidence,revision_B_base,revision_B_base,0.5,0.8,10000.0,none,5,200000.0,xlarge,45.0,80.0,5.0,0.5,1.0
5,47,pizza_fixed_midflight,pizza_fixed,midflight_failure,[0],c4_frozen,4188120730,0.25,2006,50001.60299550585,2006.0,[],[],True,0,0.0,0,0.2762264910362733,8781.532263338964,7900.699902929649,1902.0600928373703,0.2766421479017372,0.10183472474346314,0.17439176629281014,0.1941644495697073,10.909239516702204,0.9083345820330568,9513,9514,0.25124423630445797,6786.947274736729,0.848262376545023,200001.517931183,1.000007589655915,budget_exhausted,5.000000000904733,True,True,True,"[[488944.06180331705,5514303.110834124],[488914.01627979655,5514393.110834124],[489004.152850358,5514363.110834124],[488974.1073268375,5514453.110834124],[488914.01627979655,5514363.110834124]]",16032c3d3dcc3d7c5626339453b69f0160b805ad82d5118c5de473931a86bd4c,739148964924535c4ec741aad305d61703b9639c4dd611d16dc65e3da9a545fc,30d98356f7aebf8aeff86e48069025a8bd14e18223f731a6aa290809ca6596c1,559765009,null,0,0.0,matched_prior_exact,0,stationary,1,"{""fraction"":0.25,""k"":1,""stage"":""c7-timing""}",afb392704cd91dc121192dd93c7aa1904370ee07844253dff5b4afaa9642f3ae,0.8183330783094739,10730,10731,0.9833883977386558,none,0.007076832622592177,True,revision_C_base@712b395,712b395,5ede81cb5815049fe381f461ce5502b4a13d3d3945ab77c4b78242c6d10572b8,c7-timing_20260911_041506_496602_705c3cf8,705c3cf8d1b3a80735499262310009dc0b3cd9c5e151de83f16ab60a82062b6e,none,none,none,evidence,revision_B_base,revision_B_base,0.5,0.8,10000.0,none,5,200000.0,xlarge,45.0,80.0,5.0,0.5,1.0
5,47,random_uniform_n8_uncoordinated,random_uniform_n8_uncoordinated,midflight_failure,[0],c4_frozen,4188120730,0.25,2000,50000.0,2000.0,[],[],True,0,0.0,0,0.01828773425697347,10615.539347837303,9408.033260973189,1994.2211820314212,0.018390631156038208,0.005588363930512194,0.012699370326461276,0.012770737857268864,269.29505300353355,0.9962866009276937,9500,9501,0.014656859288460486,7932.461242241146,0.9914337260643852,200000.0,1.0,budget_exhausted,5.000000000465429,True,True,True,"[[488944.06180331705,5514303.110834124],[488914.01627979655,5514393.110834124],[489004.152850358,5514363.110834124],[488974.1073268375,5514453.110834124],[488914.01627979655,5514363.110834124]]",16032c3d3dcc3d7c5626339453b69f0160b805ad82d5118c5de473931a86bd4c,b5db4264cd12ec0616df658f9a4a72a2f4fed708d2dbb49473a7843daa8a8c70,d819be10e302086a0d34c4c83058478b601db7812fdac55ff7c3b938f6299494,559765009,null,9500,0.0,matched_prior_exact,0,stationary,1,"{""fraction"":0.25,""k"":1,""stage"":""c7-timing""}",afb392704cd91dc121192dd93c7aa1904370ee07844253dff5b4afaa9642f3ae,0.9892404573513468,10730,10731,1.1791793385946845,none,-0.00037662221110279503,True,revision_C_base@712b395,712b395,5ede81cb5815049fe381f461ce5502b4a13d3d3945ab77c4b78242c6d10572b8,c7-timing_20260911_041506_496602_705c3cf8,705c3cf8d1b3a80735499262310009dc0b3cd9c5e151de83f16ab60a82062b6e,none,none,none,evidence,revision_B_base,revision_B_base,0.5,0.8,10000.0,none,5,200000.0,xlarge,45.0,80.0,5.0,0.5,1.0
5,47,dynamic_evidence_3step,dynamic_3step,midflight_failure,[0],c4_frozen,4188120730,0.5,4285,100000.73720215996,4285.0,[],[],True,0,0.0,0,0.2825801729966582,8284.18979295283,7868.803713117966,3836.1115376494154,0.2830241052706356,0.183129385699836,0.09945078729682222,0.12174607037618129,11.306840912121617,0.911557966741361,9581,9582,0.2588779549122304,6714.698312967154,0.8392323850727602,200012.82016204263,1.0000641008102131,budget_exhausted,5.000000000114857,True,True,True,"[[488944.06180331705,5514303.110834124],[488914.01627979655,5514393.110834124],[489004.152850358,5514363.110834124],[488974.1073268375,5514453.110834124],[488914.01627979655,5514363.110834124]]",16032c3d3dcc3d7c5626339453b69f0160b805ad82d5118c5de473931a86bd4c,8e4edbd54af0809998c0a297cdd50dc60616ba0893e3db48c9f7abc1e62b08fe,155eb8019fd7a3add786c4a29a367407a3c0c837427321692a4d17059255a23f,559765009,null,4215,498.53349125626846,matched_prior_exact,0,stationary,1,"{""fraction"":0.5,""k"":1,""stage"":""c7-timing""}",e48f7e450930aa2cad23001d8a223a0347fc2e867d4f90039ce62228ac53c328,0.8152927657664432,10160,10161,1.0078453767740938,none,0.004174249855290357,True,revision_C_base@712b395,712b395,5ede81cb5815049fe381f461ce5502b4a13d3d3945ab77c4b78242c6d10572b8,c7-timing_20260911_041506_496602_705c3cf8,705c3cf8d1b3a80735499262310009dc0b3cd9c5e151de83f16ab60a82062b6e,none,none,none,evidence,revision_B_base,revision_B_base,0.5,0.8,10000.0,none,5,200000.0,xlarge,45.0,80.0,5.0,0.5,1.0
5,47,online_static_3step,online_static_3step,midflight_failure,[0],c4_frozen,4188120730,0.5,4417,100007.94547918958,4417.0,[],[],True,0,0.0,0,0.15533674154114518,8908.75711476092,8908.75711476092,4009.5449033678883,0.15556379906531487,0.13040686680053368,0.024929874740611507,0.028668435603772323,30.350084317032042,0.9670511623772059,10160,10161,0.1545084708797414,7084.2464120207405,0.8854201239870941,200007.3729176141,1.0000368645880704,budget_exhausted,5.000000000114857,True,True,True,"[[488944.06180331705,5514303.110834124],[488914.01627979655,5514393.110834124],[489004.152850358,5514363.110834124],[488974.1073268375,5514453.110834124],[488914.01627979655,5514363.110834124]]",16032c3d3dcc3d7c5626339453b69f0160b805ad82d5118c5de473931a86bd4c,87e05dbe948aff391cb44b08bdb56d0953f060c3f9f7cf4f9f8c6db4e16811a5,ef244929f17e5f178b23f011a3fe3798b55e561c6d8448857ae86d02def5992e,559765009,null,4174,451.77488957424066,matched_prior_exact,0,stationary,1,"{""fraction"":0.5,""k"":1,""stage"":""c7-timing""}",e48f7e450930aa2cad23001d8a223a0347fc2e867d4f90039ce62228ac53c328,0.8767598774491605,10160,10161,1.0000000000000004,none,0.0,True,revision_C_base@712b395,712b395,5ede81cb5815049fe381f461ce5502b4a13d3d3945ab77c4b78242c6d10572b8,c7-timing_20260911_041506_496602_705c3cf8,705c3cf8d1b3a80735499262310009dc0b3cd9c5e151de83f16ab60a82062b6e,none,none,none,evidence,revision_B_base,revision_B_base,0.5,0.8,10000.0,none,5,200000.0,xlarge,45.0,80.0,5.0,0.5,1.0
5,47,pizza_replan_midflight,pizza_replan,midflight_failure,[0],c4_frozen,4188120730,0.5,4009,100018.93258743736,4009.0,[],[],True,0,0.0,0,0.25519542046092536,8405.944911213588,7551.65405848249,3621.7005218274267,0.25550671226417637,0.17599619939279804,0.07919922106812732,0.096115116228549,12.577681420273255,0.9204940905572504,9013,9014,0.23803273221901333,6787.748568801424,0.8483625257844549,200013.99746506367,1.0000699873253183,budget_exhausted,5.000000000890471,True,True,True,"[[488944.06180331705,5514303.110834124],[488914.01627979655,5514393.110834124],[489004.152850358,5514363.110834124],[488974.1073268375,5514453.110834124],[488914.01627979655,5514363.110834124]]",16032c3d3dcc3d7c5626339453b69f0160b805ad82d5118c5de473931a86bd4c,efc07dadc9f086df0493349b6563bedc3a4f55a334a70b68b82e585f16bc8de3,9fdacf6d041e1e3c0ae247b20ef145a603000939f6de635ebdfb520d5bd6cd2b,559765009,"{""assignment"":{""1"":[2,""forward""],""2"":[0,""forward""],""3"":[1,""forward""],""4"":[3,""forward""]},""assignment_cost"":1141.2172356881797,""deadhead_fraction_remaining_budget"":0.011414333385530405,""deadhead_per_drone"":{""1"":5.744209806832258,""2"":26.037472509782,""3"":928.522868370258,""4"":180.91268500130735},""deadhead_total"":1141.2172356881797,""empty_sectors"":0,""generator"":""generate_pizza_zigzag_path(overlap=0.0, path_point_spacing_m=10.0, border_gap_m=0.0)"",""num_sectors"":4,""orientations_per_sector"":{""1"":""forward"",""2"":""forward"",""3"":""forward"",""4"":""forward""},""prefix_removed_total"":6909,""route_length_after_replan"":{""1"":1149712.7974176258,""2"":1148846.3918423476,""3"":1170341.9047108279,""4"":1149974.7339868878},""search_inactive_uav_ids"":[],""suffix_removed_total"":0,""survivor_ids"":[1,2,3,4],""task_splits"":0}",0,0.0,matched_prior_exact,0,stationary,1,"{""fraction"":0.5,""k"":1,""stage"":""c7-timing""}",e48f7e450930aa2cad23001d8a223a0347fc2e867d4f90039ce62228ac53c328,0.8272753578598158,10160,10161,0.9085161046496337,none,0.016019112172934058,True,revision_C_base@712b395,712b395,5ede81cb5815049fe381f461ce5502b4a13d3d3945ab77c4b78242c6d10572b8,c7-timing_20260911_041506_496602_705c3cf8,705c3cf8d1b3a80735499262310009dc0b3cd9c5e151de83f16ab60a82062b6e,none,none,none,evidence,revision_B_base,revision_B_base,0.5,0.8,10000.0,none,5,200000.0,xlarge,45.0,80.0,5.0,0.5,1.0
5,47,pizza_fixed_midflight,pizza_fixed,midflight_failure,[0],c4_frozen,4188120730,0.5,4009,100018.93258743736,4009.0,[],[],True,0,0.0,0,0.28051107479810106,8288.217248494318,7462.963451287907,3621.7005218274267,0.28092485075662366,0.17599619939279804,0.10451487540530302,0.12683785600052674,10.93568376068376,0.9085562437718595,9013,9014,0.2633788419533909,6725.356802103826,0.8405645296967662,200013.7890565711,1.0000689452828555,budget_exhausted,5.000000000887461,True,True,True,"[[488944.06180331705,5514303.110834124],[488914.01627979655,5514393.110834124],[489004.152850358,5514363.110834124],[488974.1073268375,5514453.110834124],[488914.01627979655,5514363.110834124]]",16032c3d3dcc3d7c5626339453b69f0160b805ad82d5118c5de473931a86bd4c,d8b378ba5ac88e1e8b87c3d923e1dee21a3b8f699c2895c1d5cc9b94087cc538,9fdacf6d041e1e3c0ae247b20ef145a603000939f6de635ebdfb520d5bd6cd2b,559765009,null,0,0.0,matched_prior_exact,0,stationary,1,"{""fraction"":0.5,""k"":1,""stage"":""c7-timing""}",e48f7e450930aa2cad23001d8a223a0347fc2e867d4f90039ce62228ac53c328,0.8156891298587067,10160,10161,0.9986418585660881,none,0.004432884171824969,True,revision_C_base@712b395,712b395,5ede81cb5815049fe381f461ce5502b4a13d3d3945ab77c4b78242c6d10572b8,c7-timing_20260911_041506_496602_705c3cf8,705c3cf8d1b3a80735499262310009dc0b3cd9c5e151de83f16ab60a82062b6e,none,none,none,evidence,revision_B_base,revision_B_base,0.5,0.8,10000.0,none,5,200000.0,xlarge,45.0,80.0,5.0,0.5,1.0
5,47,random_uniform_n8_uncoordinated,random_uniform_n8_uncoordinated,midflight_failure,[0],c4_frozen,4188120730,0.5,4000,100000.0,4000.0,[],[],True,0,0.0,0,0.01684183178407425,10056.525917940278,8916.062442810187,3980.822118420317,0.01692719696332727,0.008385166109336302,0.00845666567473795,0.008528175845814735,290.88358778625957,0.9965621986183187,9000,9001,0.01466421419211594,7931.681822178105,0.9913363107334214,200000.0,1.0,budget_exhausted,5.000000000465429,True,True,True,"[[488944.06180331705,5514303.110834124],[488914.01627979655,5514393.110834124],[489004.152850358,5514363.110834124],[488974.1073268375,5514453.110834124],[488914.01627979655,5514363.110834124]]",16032c3d3dcc3d7c5626339453b69f0160b805ad82d5118c5de473931a86bd4c,7cb2fb9b79105cd279032694a307fc711ba8063f81aa6f8e7b1d1ddf8134ac3e,2ac13dd137a9c69ab15a4fe6692c273c2aa6151c9345f892b04fa10cf0737f6b,559765009,null,9000,0.0,matched_prior_exact,0,stationary,1,"{""fraction"":0.5,""k"":1,""stage"":""c7-timing""}",e48f7e450930aa2cad23001d8a223a0347fc2e867d4f90039ce62228ac53c328,0.989718129902596,10160,10161,1.0859486355612795,none,0.00010105034014640246,True,revision_C_base@712b395,712b395,5ede81cb5815049fe381f461ce5502b4a13d3d3945ab77c4b78242c6d10572b8,c7-timing_20260911_041506_496602_705c3cf8,705c3cf8d1b3a80735499262310009dc0b3cd9c5e151de83f16ab60a82062b6e,none,none,none,evidence,revision_B_base,revision_B_base,0.5,0.8,10000.0,none,5,200000.0,xlarge,45.0,80.0,5.0,0.5,1.0
5,47,dynamic_evidence_3step,dynamic_3step,midflight_failure,[0],c4_frozen,4188120730,0.75,6393,150007.78094311047,6393.0,[],[],True,0,0.0,0,0.28202653373820286,7837.090118363902,7463.025942441593,5492.084009993283,0.2824751674526101,0.2419332390778977,0.040093294660305145,0.05288887038331056,11.239340572033898,0.9110268085933588,9065,9066,0.26699356948011227,6689.816183801152,0.8361225076616863,200014.20052971665,1.0000710026485833,budget_exhausted,5.000000000341401,True,True,True,"[[488944.06180331705,5514303.110834124],[488914.01627979655,5514393.110834124],[489004.152850358,5514363.110834124],[488974.1073268375,5514453.110834124],[488914.01627979655,5514363.110834124]]",16032c3d3dcc3d7c5626339453b69f0160b805ad82d5118c5de473931a86bd4c,accedaf09d2c208ad94c28ea1fe3ce15bc10d0deecd97bdc0f5d2cb7e0a27085,53f80df0ffdc58533c86dd084092fbc95b8e18755baedcd72a5db5ab355bf00e,559765009,null,4171,497.4727469839854,matched_prior_exact,0,stationary,1,"{""fraction"":0.75,""k"":1,""stage"":""c7-timing""}",1afd6aad4615879250c18a49e0765e646d736ba5546c63af535ab9149ba3f9ac,0.8174705453597477,9586,9587,1.005870776924721,none,0.00635202944859492,True,revision_C_base@712b395,712b395,5ede81cb5815049fe381f461ce5502b4a13d3d3945ab77c4b78242c6d10572b8,c7-timing_20260911_041506_496602_705c3cf8,705c3cf8d1b3a80735499262310009dc0b3cd9c5e151de83f16ab60a82062b6e,none,none,none,evidence,revision_B_base,revision_B_base,0.5,0.8,10000.0,none,5,200000.0,xlarge,45.0,80.0,5.0,0.5,1.0
5,47,online_static_3step,online_static_3step,midflight_failure,[0],c4_frozen,4188120730,0.75,6710,150001.09484252657,6710.0,[],[],True,0,0.0,0,0.15533674153430765,8423.909412770081,8423.909412770081,5986.7479162444,0.15556379906531487,0.14424095566288078,0.011095785871426872,0.012966016479582515,30.34839797639123,0.9670493315404021,9586,9587,0.15450861815483113,7084.236248497616,0.8854188537054888,200002.3273940744,1.000011636970372,budget_exhausted,5.000000000114857,True,True,True,"[[488944.06180331705,5514303.110834124],[488914.01627979655,5514393.110834124],[489004.152850358,5514363.110834124],[488974.1073268375,5514453.110834124],[488914.01627979655,5514363.110834124]]",16032c3d3dcc3d7c5626339453b69f0160b805ad82d5118c5de473931a86bd4c,1c46ede0764d30cc32bead4963f88cc1a196b14983a5897d11296f9942f7f55f,27b3ffd8843a1f62901c6703e002f184174981ea7cdd5c8c5b5346bda33930e6,559765009,null,4510,478.20070557121653,matched_prior_exact,0,stationary,1,"{""fraction"":0.75,""k"":1,""stage"":""c7-timing""}",1afd6aad4615879250c18a49e0765e646d736ba5546c63af535ab9149ba3f9ac,0.8786804435975885,9586,9587,0.9999999999559831,none,0.001920566148427949,True,revision_C_base@712b395,712b395,5ede81cb5815049fe381f461ce5502b4a13d3d3945ab77c4b78242c6d10572b8,c7-timing_20260911_041506_496602_705c3cf8,705c3cf8d1b3a80735499262310009dc0b3cd9c5e151de83f16ab60a82062b6e,none,none,none,evidence,revision_B_base,revision_B_base,0.5,0.8,10000.0,none,5,200000.0,xlarge,45.0,80.0,5.0,0.5,1.0
5,47,pizza_replan_midflight,pizza_replan,midflight_failure,[0],c4_frozen,4188120730,0.75,6011,150023.41443187746,6011.0,[],[],True,0,0.0,0,0.2648671621940088,7884.787833471444,7095.255165667867,5213.4202082401325,0.26521429747788916,0.23321240771584448,0.03165475447816432,0.04128229877047062,12.032199937323723,0.9168896789274575,8512,8513,0.257765737348506,6717.042761723347,0.8395254045398509,200001.28614557072,1.0000064307278536,budget_exhausted,5.000000000879019,True,True,True,"[[488944.06180331705,5514303.110834124],[488914.01627979655,5514393.110834124],[489004.152850358,5514363.110834124],[488974.1073268375,5514453.110834124],[488914.01627979655,5514363.110834124]]",16032c3d3dcc3d7c5626339453b69f0160b805ad82d5118c5de473931a86bd4c,368f815e18bb7fc8d64a3af1499405c01f699768f6ba43a4af4c417fa4201392,1ee798a3ccbb42795cc50bd335323998b109be75f13838a5cae0293c8a98e98c,559765009,"{""assignment"":{""1"":[1,""forward""],""2"":[3,""forward""],""3"":[0,""forward""],""4"":[2,""forward""]},""assignment_cost"":3995.4086306772965,""deadhead_fraction_remaining_budget"":0.07994561023444066,""deadhead_per_drone"":{""1"":1512.5188134367875,""2"":2020.7361769297024,""3"":438.22301679707164,""4"":23.930623513734762},""deadhead_total"":3995.4086306772965,""empty_sectors"":0,""generator"":""generate_pizza_zigzag_path(overlap=0.0, path_point_spacing_m=10.0, border_gap_m=0.0)"",""num_sectors"":4,""orientations_per_sector"":{""1"":""forward"",""2"":""forward"",""3"":""forward"",""4"":""forward""},""prefix_removed_total"":10546,""route_length_after_replan"":{""1"":1170341.9047108279,""2"":1136474.1354712674,""3"":1137671.5143322912,""4"":1136957.1118185753},""search_inactive_uav_ids"":[],""suffix_removed_total"":0,""survivor_ids"":[1,2,3,4],""task_splits"":0}",0,0.0,matched_prior_exact,0,stationary,1,"{""fraction"":0.75,""k"":1,""stage"":""c7-timing""}",1afd6aad4615879250c18a49e0765e646d736ba5546c63af535ab9149ba3f9ac,0.8224457946668868,9586,9587,0.9429482786621909,none,0.011189548980005126,True,revision_C_base@712b395,712b395,5ede81cb5815049fe381f461ce5502b4a13d3d3945ab77c4b78242c6d10572b8,c7-timing_20260911_041506_496602_705c3cf8,705c3cf8d1b3a80735499262310009dc0b3cd9c5e151de83f16ab60a82062b6e,none,none,none,evidence,revision_B_base,revision_B_base,0.5,0.8,10000.0,none,5,200000.0,xlarge,45.0,80.0,5.0,0.5,1.0
5,47,pizza_fixed_midflight,pizza_fixed,midflight_failure,[0],c4_frozen,4188120730,0.75,6011,150023.41443187746,6011.0,[],[],True,0,0.0,0,0.28109467324887755,7840.671664944361,7068.567344013751,5213.4202082401325,0.28150034243448063,0.23321240771584448,0.04788226553303307,0.06244527952049712,10.960662525879917,0.9087646392142048,8512,8513,0.2724628446794997,6698.202341973863,0.837170646415931,200004.54466868023,1.0000227233434011,budget_exhausted,5.000000000887461,True,True,True,"[[488944.06180331705,5514303.110834124],[488914.01627979655,5514393.110834124],[489004.152850358,5514363.110834124],[488974.1073268375,5514453.110834124],[488914.01627979655,5514363.110834124]]",16032c3d3dcc3d7c5626339453b69f0160b805ad82d5118c5de473931a86bd4c,f675d9a1455596c4b1d416da922466b9d539ef7bbb418efb7a36a92604586ba6,1ee798a3ccbb42795cc50bd335323998b109be75f13838a5cae0293c8a98e98c,559765009,null,0,0.0,matched_prior_exact,0,stationary,1,"{""fraction"":0.75,""k"":1,""stage"":""c7-timing""}",1afd6aad4615879250c18a49e0765e646d736ba5546c63af535ab9149ba3f9ac,0.8178441290230897,9586,9587,1.000719515720834,none,0.006587883336207967,True,revision_C_base@712b395,712b395,5ede81cb5815049fe381f461ce5502b4a13d3d3945ab77c4b78242c6d10572b8,c7-timing_20260911_041506_496602_705c3cf8,705c3cf8d1b3a80735499262310009dc0b3cd9c5e151de83f16ab60a82062b6e,none,none,none,evidence,revision_B_base,revision_B_base,0.5,0.8,10000.0,none,5,200000.0,xlarge,45.0,80.0,5.0,0.5,1.0
5,47,random_uniform_n8_uncoordinated,random_uniform_n8_uncoordinated,midflight_failure,[0],c4_frozen,4188120730,0.75,6000,150000.0,6000.0,[],[],True,0,0.0,0,0.01586635701930895,9490.251444317339,8421.48230804038,5957.892286358986,0.015943366045292798,0.013509745175234952,0.0023566118440739997,0.0023888850726585392,307.2157258064516,0.9967449582947782,8500,8501,0.015310916582067012,7929.243659756109,0.9910315785221984,200000.0,1.0,budget_exhausted,5.000000000465429,True,True,True,"[[488944.06180331705,5514303.110834124],[488914.01627979655,5514393.110834124],[489004.152850358,5514363.110834124],[488974.1073268375,5514453.110834124],[488914.01627979655,5514363.110834124]]",16032c3d3dcc3d7c5626339453b69f0160b805ad82d5118c5de473931a86bd4c,4df4416a9d4ad23eae1ea3792846a63c86f3279660bf8c1e59bf73e5640e7699,e0d06ba99423fb179575a5af0e3d47e1d18335aab7578e0ec24758387f47f4b8,559765009,null,8500,0.0,matched_prior_exact,0,stationary,1,"{""fraction"":0.75,""k"":1,""stage"":""c7-timing""}",1afd6aad4615879250c18a49e0765e646d736ba5546c63af535ab9149ba3f9ac,0.9899083596867987,9586,9587,1.0230507570286704,none,0.00029128012434909145,True,revision_C_base@712b395,712b395,5ede81cb5815049fe381f461ce5502b4a13d3d3945ab77c4b78242c6d10572b8,c7-timing_20260911_041506_496602_705c3cf8,705c3cf8d1b3a80735499262310009dc0b3cd9c5e151de83f16ab60a82062b6e,none,none,none,evidence,revision_B_base,revision_B_base,0.5,0.8,10000.0,none,5,200000.0,xlarge,45.0,80.0,5.0,0.5,1.0
5,48,dynamic_evidence_3step,dynamic_3step,midflight_failure,[4],c4_frozen,2554995583,0.25,2141,50020.07697443308,2141.0,[],[],True,0,0.0,0,0.29112552868378805,8594.928957024535,8312.796917440628,2014.617818335788,0.29161140653503437,0.10980715143961003,0.18131837724417801,0.20368437865728095,11.014497464568977,0.9092105651468201,10115,10116,0.2546634783515378,6776.268354754417,0.846927678384504,200010.87715824659,1.000054385791233,budget_exhausted,5.000000000114857,True,True,True,"[[488883.97075627604,5514423.110834124],[488853.92523275554,5514363.110834124],[488883.97075627604,5514303.110834124],[488883.97075627604,5514333.110834124],[488944.06180331705,5514333.110834124]]",f092b0bf81c12aff7aed800fe96ae6865f7b0c5c56f3940ce419f6c91e850313,864e484b95587e741df6a5704f66ce764852b136095b8c3771d8b4408885d2d8,1c870e0e4f687a28a97e5dc41714184ab6f943069487b7dbd15f1edd1fb2da58,879416245,null,4308,497.98852059981436,matched_prior_exact,0,stationary,1,"{""fraction"":0.25,""k"":1,""stage"":""c7-timing""}",afb392704cd91dc121192dd93c7aa1904370ee07844253dff5b4afaa9642f3ae,0.8174746963120159,10513,10514,1.0586774109596544,none,0.000420696494324857,True,revision_C_base@712b395,712b395,5ede81cb5815049fe381f461ce5502b4a13d3d3945ab77c4b78242c6d10572b8,c7-timing_20260911_041506_496602_705c3cf8,705c3cf8d1b3a80735499262310009dc0b3cd9c5e151de83f16ab60a82062b6e,none,none,none,evidence,revision_B_base,revision_B_base,0.5,0.8,10000.0,none,5,200000.0,xlarge,45.0,80.0,5.0,0.5,1.0
5,48,online_static_3step,online_static_3step,midflight_failure,[4],c4_frozen,2554995583,0.25,2122,50022.6312973808,2122.0,[],[],True,0,0.0,0,0.19966171533784707,8933.496966362636,8933.496966362636,1997.720684908792,0.1999721092078271,0.11093318975090025,0.08872852558694683,0.09979961524161134,21.361178467507276,0.9531861034014996,10513,10514,0.19392840808493703,6918.311350805939,0.864680833746524,200013.7796411768,1.000068898205884,budget_exhausted,5.000000000114857,True,True,True,"[[488883.97075627604,5514423.110834124],[488853.92523275554,5514363.110834124],[488883.97075627604,5514303.110834124],[488883.97075627604,5514333.110834124],[488944.06180331705,5514333.110834124]]",f092b0bf81c12aff7aed800fe96ae6865f7b0c5c56f3940ce419f6c91e850313,0fc1f2c232bd8a08f9eb61e0ebcd0377e16aa5e5c8926fbfe2b60e0c67f4cd15,b328643aeb400ab2c18fc82a994c38a8189cd4af784b32228837dae2dc681449,879416245,null,4852,523.2889870839135,matched_prior_exact,0,stationary,1,"{""fraction"":0.25,""k"":1,""stage"":""c7-timing""}",afb392704cd91dc121192dd93c7aa1904370ee07844253dff5b4afaa9642f3ae,0.849676333114194,10513,10514,0.9583675087504346,none,0.005520141269999779,True,revision_C_base@712b395,712b395,5ede81cb5815049fe381f461ce5502b4a13d3d3945ab77c4b78242c6d10572b8,c7-timing_20260911_041506_496602_705c3cf8,705c3cf8d1b3a80735499262310009dc0b3cd9c5e151de83f16ab60a82062b6e,none,none,none,evidence,revision_B_base,revision_B_base,0.5,0.8,10000.0,none,5,200000.0,xlarge,45.0,80.0,5.0,0.5,1.0
5,48,pizza_replan_midflight,pizza_replan,midflight_failure,[4],c4_frozen,2554995583,0.25,2006,50006.69906961882,2006.0,[],[],True,0,0.0,0,0.26226038540944985,8796.392514820172,8058.652900229348,1902.5013187931,0.2625585260095567,0.10168741728220246,0.1605729681272474,0.17874954800415052,12.282714570858284,0.9185847725898818,9513,9514,0.2320653668004659,6920.118304084428,0.864906674676219,200011.32716564625,1.0000566358282312,budget_exhausted,5.000000000893628,True,True,True,"[[488883.97075627604,5514423.110834124],[488853.92523275554,5514363.110834124],[488883.97075627604,5514303.110834124],[488883.97075627604,5514333.110834124],[488944.06180331705,5514333.110834124]]",f092b0bf81c12aff7aed800fe96ae6865f7b0c5c56f3940ce419f6c91e850313,85210bec3e1d1a3aefb881421b2a60dda278c1eae1b6e08b7abf1b88bb0a5889,002bec43006051a4da81b4d6fbc25fd83ac8abab1670e15d6bf8222c087b9a3f,879416245,"{""assignment"":{""0"":[2,""forward""],""1"":[1,""forward""],""2"":[3,""forward""],""3"":[0,""forward""]},""assignment_cost"":2498.2435383376464,""deadhead_fraction_remaining_budget"":0.01665570077357786,""deadhead_per_drone"":{""0"":405.3010634296908,""1"":112.09785288349812,""2"":530.185413194245,""3"":1450.6592088302125},""deadhead_total"":2498.2435383376464,""empty_sectors"":0,""generator"":""generate_pizza_zigzag_path(overlap=0.0, path_point_spacing_m=10.0, border_gap_m=0.0)"",""num_sectors"":4,""orientations_per_sector"":{""0"":""forward"",""1"":""forward"",""2"":""forward"",""3"":""forward""},""prefix_removed_total"":2679,""route_length_after_replan"":{""0"":1161303.1826265343,""1"":1161303.1826265266,""2"":1170341.9047108302,""3"":1170085.3174933908},""search_inactive_uav_ids"":[],""suffix_removed_total"":0,""survivor_ids"":[0,1,2,3],""task_splits"":0}",0,0.0,matched_prior_exact,0,stationary,1,"{""fraction"":0.25,""k"":1,""stage"":""c7-timing""}",afb392704cd91dc121192dd93c7aa1904370ee07844253dff5b4afaa9642f3ae,0.8366361532071688,10513,10514,0.9342836249902297,none,0.024328805411350296,True,revision_C_base@712b395,712b395,5ede81cb5815049fe381f461ce5502b4a13d3d3945ab77c4b78242c6d10572b8,c7-timing_20260911_041506_496602_705c3cf8,705c3cf8d1b3a80735499262310009dc0b3cd9c5e151de83f16ab60a82062b6e,none,none,none,evidence,revision_B_base,revision_B_base,0.5,0.8,10000.0,none,5,200000.0,xlarge,45.0,80.0,5.0,0.5,1.0
5,48,pizza_fixed_midflight,pizza_fixed,midflight_failure,[4],c4_frozen,2554995583,0.25,2006,50006.69906961882,2006.0,[],[],True,0,0.0,0,0.26907383513323735,8668.068724019595,7936.411632988235,1902.5013187931,0.2694574508291753,0.10168741728220246,0.1673864178510349,0.1863342683507962,10.927489869908296,0.9084876754035013,9512,9513,0.2445640479879488,6813.141008683073,0.8515361840623763,200008.95082896363,1.000044754144818,budget_exhausted,5.000000000905258,True,True,True,"[[488883.97075627604,5514423.110834124],[488853.92523275554,5514363.110834124],[488883.97075627604,5514303.110834124],[488883.97075627604,5514333.110834124],[488944.06180331705,5514333.110834124]]",f092b0bf81c12aff7aed800fe96ae6865f7b0c5c56f3940ce419f6c91e850313,652f6465393823d95a914ec2da487ebc7499e04e36b842188e05a276c6ae3dd7,002bec43006051a4da81b4d6fbc25fd83ac8abab1670e15d6bf8222c087b9a3f,879416245,null,0,0.0,matched_prior_exact,0,stationary,1,"{""fraction"":0.25,""k"":1,""stage"":""c7-timing""}",afb392704cd91dc121192dd93c7aa1904370ee07844253dff5b4afaa9642f3ae,0.8244311131842871,10513,10514,0.9585560460678183,none,0.0121237653884686,True,revision_C_base@712b395,712b395,5ede81cb5815049fe381f461ce5502b4a13d3d3945ab77c4b78242c6d10572b8,c7-timing_20260911_041506_496602_705c3cf8,705c3cf8d1b3a80735499262310009dc0b3cd9c5e151de83f16ab60a82062b6e,none,none,none,evidence,revision_B_base,revision_B_base,0.5,0.8,10000.0,none,5,200000.0,xlarge,45.0,80.0,5.0,0.5,1.0
5,48,random_uniform_n8_uncoordinated,random_uniform_n8_uncoordinated,midflight_failure,[4],c4_frozen,2554995583,0.25,2000,50000.0,2000.0,[],[],True,0,0.0,0,0.008730765788931463,10451.101151749415,9446.945417492825,1996.5103833650571,0.008734334709056426,0.00347376169477466,0.005257004094156803,0.00527532933111455,511.4429530201342,0.9980447477199659,9500,9501,0.007903315923728334,7959.086521760179,0.9947614700362678,200000.0,1.0,budget_exhausted,5.000000000465426,True,True,True,"[[488883.97075627604,5514423.110834124],[488853.92523275554,5514363.110834124],[488883.97075627604,5514303.110834124],[488883.97075627604,5514333.110834124],[488944.06180331705,5514333.110834124]]",f092b0bf81c12aff7aed800fe96ae6865f7b0c5c56f3940ce419f6c91e850313,a9f93895fede73a47f4bc00989b9fc0fd2d44e3095a2987be7b247408d6ec5ea,f51196d1a3b7f48805f0b6df3d1ef61772d8d096bf5130170a2a4afe5d152ffd,879416245,null,9500,0.0,matched_prior_exact,0,stationary,1,"{""fraction"":0.25,""k"":1,""stage"":""c7-timing""}",afb392704cd91dc121192dd93c7aa1904370ee07844253dff5b4afaa9642f3ae,0.9940176100199177,10513,10514,0.6529207435330115,none,0.0025564597133551636,True,revision_C_base@712b395,712b395,5ede81cb5815049fe381f461ce5502b4a13d3d3945ab77c4b78242c6d10572b8,c7-timing_20260911_041506_496602_705c3cf8,705c3cf8d1b3a80735499262310009dc0b3cd9c5e151de83f16ab60a82062b6e,none,none,none,evidence,revision_B_base,revision_B_base,0.5,0.8,10000.0,none,5,200000.0,xlarge,45.0,80.0,5.0,0.5,1.0
5,48,dynamic_evidence_3step,dynamic_3step,midflight_failure,[4],c4_frozen,2554995583,0.5,4286,100012.77363668685,4286.0,[],[],True,0,0.0,0,0.2855673985869134,8236.88829362169,7910.392594776056,3850.1371414053056,0.2860158682491623,0.17879216353241306,0.10677523505450032,0.13002218234277008,11.325121512750515,0.9117007266655692,9608,9609,0.25859049009484647,6740.712111732684,0.8424837035036475,200013.22168819787,1.0000661084409894,budget_exhausted,5.000000000114857,True,True,True,"[[488883.97075627604,5514423.110834124],[488853.92523275554,5514363.110834124],[488883.97075627604,5514303.110834124],[488883.97075627604,5514333.110834124],[488944.06180331705,5514333.110834124]]",f092b0bf81c12aff7aed800fe96ae6865f7b0c5c56f3940ce419f6c91e850313,0e9ac04edb0232e0f52062eb3ae6a78a61dfdca97ad055fb92936a7f7ed7243d,252d24f7380a151027e27dfc968c99da487391e4da30974f7e9f649de67dce0f,879416245,null,4180,478.65330926552997,matched_prior_exact,0,stationary,1,"{""fraction"":0.5,""k"":1,""stage"":""c7-timing""}",e48f7e450930aa2cad23001d8a223a0347fc2e867d4f90039ce62228ac53c328,0.8182881277192222,10065,10066,1.0384652818229907,none,0.0012341279015312123,True,revision_C_base@712b395,712b395,5ede81cb5815049fe381f461ce5502b4a13d3d3945ab77c4b78242c6d10572b8,c7-timing_20260911_041506_496602_705c3cf8,705c3cf8d1b3a80735499262310009dc0b3cd9c5e151de83f16ab60a82062b6e,none,none,none,evidence,revision_B_base,revision_B_base,0.5,0.8,10000.0,none,5,200000.0,xlarge,45.0,80.0,5.0,0.5,1.0
5,48,online_static_3step,online_static_3step,midflight_failure,[4],c4_frozen,2554995583,0.5,4296,100015.81492441006,4296.0,[],[],True,0,0.0,0,0.18551631589660214,8579.014905393879,8579.014905393879,3858.7542143097917,0.18581260193719443,0.1672727697343231,0.01824354616227905,0.021908189739944673,24.84472396925227,0.959750005625436,10065,10066,0.18551631589660214,6897.106097720731,0.8620305084015412,200015.22478855762,1.000076123942788,budget_exhausted,5.000000000114857,True,True,True,"[[488883.97075627604,5514423.110834124],[488853.92523275554,5514363.110834124],[488883.97075627604,5514303.110834124],[488883.97075627604,5514333.110834124],[488944.06180331705,5514333.110834124]]",f092b0bf81c12aff7aed800fe96ae6865f7b0c5c56f3940ce419f6c91e850313,88b931613ad857cec9de159c5283f0249e995b385f5e2fe1cda55de906bf6194,45b5e5821ee83bfe0b297e7ca6965032080eb2829f3cf435a99e1939b8b4b3b7,879416245,null,5155,521.5384112533065,matched_prior_exact,0,stationary,1,"{""fraction"":0.5,""k"":1,""stage"":""c7-timing""}",e48f7e450930aa2cad23001d8a223a0347fc2e867d4f90039ce62228ac53c328,0.852276465864681,10065,10066,0.8904702095619208,none,0.008120274020486762,True,revision_C_base@712b395,712b395,5ede81cb5815049fe381f461ce5502b4a13d3d3945ab77c4b78242c6d10572b8,c7-timing_20260911_041506_496602_705c3cf8,705c3cf8d1b3a80735499262310009dc0b3cd9c5e151de83f16ab60a82062b6e,none,none,none,evidence,revision_B_base,revision_B_base,0.5,0.8,10000.0,none,5,200000.0,xlarge,45.0,80.0,5.0,0.5,1.0
5,48,pizza_replan_midflight,pizza_replan,midflight_failure,[4],c4_frozen,2554995583,0.5,4008,100005.7375040831,4008.0,[],[],True,0,0.0,0,0.23435323149187443,8413.434934263847,7607.974533793569,3621.658746451815,0.23459620737210274,0.17579085635685315,0.05856237513502127,0.07105280933449179,14.450821982151245,0.9307997841759356,9013,9014,0.21995819922554496,6824.066391135547,0.8529016861811707,200003.909612526,1.0000195480626302,budget_exhausted,5.000000000892224,True,True,True,"[[488883.97075627604,5514423.110834124],[488853.92523275554,5514363.110834124],[488883.97075627604,5514303.110834124],[488883.97075627604,5514333.110834124],[488944.06180331705,5514333.110834124]]",f092b0bf81c12aff7aed800fe96ae6865f7b0c5c56f3940ce419f6c91e850313,c08a545bfa7f0e924a90467417d3597ed555ad5e50fa6bc1e27545a58008df29,9760eee55b99cc4ad36e6c5d08d285b80769a8cfad0038e69cb687586dc71cf2,879416245,"{""assignment"":{""0"":[2,""forward""],""1"":[1,""forward""],""2"":[0,""forward""],""3"":[3,""forward""]},""assignment_cost"":2564.682629537977,""deadhead_fraction_remaining_budget"":0.025648297867517163,""deadhead_per_drone"":{""0"":22.011656689832254,""1"":14.136341460804067,""2"":1459.9365398160314,""3"":1068.598091571309},""deadhead_total"":2564.682629537977,""empty_sectors"":0,""generator"":""generate_pizza_zigzag_path(overlap=0.0, path_point_spacing_m=10.0, border_gap_m=0.0)"",""num_sectors"":4,""orientations_per_sector"":{""0"":""forward"",""1"":""forward"",""2"":""forward"",""3"":""forward""},""prefix_removed_total"":4946,""route_length_after_replan"":{""0"":1149743.0208679256,""1"":1149329.9670471437,""2"":1170085.3174933908,""3"":1170341.9047108302},""search_inactive_uav_ids"":[],""suffix_removed_total"":0,""survivor_ids"":[0,1,2,3],""task_splits"":0}",0,0.0,matched_prior_exact,0,stationary,1,"{""fraction"":0.5,""k"":1,""stage"":""c7-timing""}",e48f7e450930aa2cad23001d8a223a0347fc2e867d4f90039ce62228ac53c328,0.835827034995415,10065,10066,0.8348664107412447,none,0.023519687199596517,True,revision_C_base@712b395,712b395,5ede81cb5815049fe381f461ce5502b4a13d3d3945ab77c4b78242c6d10572b8,c7-timing_20260911_041506_496602_705c3cf8,705c3cf8d1b3a80735499262310009dc0b3cd9c5e151de83f16ab60a82062b6e,none,none,none,evidence,revision_B_base,revision_B_base,0.5,0.8,10000.0,none,5,200000.0,xlarge,45.0,80.0,5.0,0.5,1.0
5,48,pizza_fixed_midflight,pizza_fixed,midflight_failure,[4],c4_frozen,2554995583,0.5,4008,100005.7375040831,4008.0,[],[],True,0,0.0,0,0.2768983197058754,8236.621809186763,7475.195739837091,3621.658746451815,0.2772980830605688,0.17579085635685315,0.10110746334902226,0.12267209618921454,10.961861990305104,0.9087746223329193,9012,9013,0.260015022959902,6734.915331038761,0.8417591964802851,200012.41787067323,1.0000620893533663,budget_exhausted,5.000000000905258,True,True,True,"[[488883.97075627604,5514423.110834124],[488853.92523275554,5514363.110834124],[488883.97075627604,5514303.110834124],[488883.97075627604,5514333.110834124],[488944.06180331705,5514333.110834124]]",f092b0bf81c12aff7aed800fe96ae6865f7b0c5c56f3940ce419f6c91e850313,dfb1cf3f35a98ff2969339d6cd30b363aef105911f92d5229aaaa7c3bd8cbb84,9760eee55b99cc4ad36e6c5d08d285b80769a8cfad0038e69cb687586dc71cf2,879416245,null,0,0.0,matched_prior_exact,0,stationary,1,"{""fraction"":0.5,""k"":1,""stage"":""c7-timing""}",e48f7e450930aa2cad23001d8a223a0347fc2e867d4f90039ce62228ac53c328,0.8182616540022614,10065,10066,0.9864302055555021,none,0.005954306206442883,True,revision_C_base@712b395,712b395,5ede81cb5815049fe381f461ce5502b4a13d3d3945ab77c4b78242c6d10572b8,c7-timing_20260911_041506_496602_705c3cf8,705c3cf8d1b3a80735499262310009dc0b3cd9c5e151de83f16ab60a82062b6e,none,none,none,evidence,revision_B_base,revision_B_base,0.5,0.8,10000.0,none,5,200000.0,xlarge,45.0,80.0,5.0,0.5,1.0
5,48,random_uniform_n8_uncoordinated,random_uniform_n8_uncoordinated,midflight_failure,[4],c4_frozen,2554995583,0.5,4000,100000.0,4000.0,[],[],True,0,0.0,0,0.009782912816985184,9994.118459802243,8939.537261952508,3985.588910073848,0.00981715785588432,0.007502810637368791,0.002280102179616393,0.002297338676677407,469.0953846153846,0.997868237393084,9000,9001,0.009782912816985184,7949.320174769421,0.9935408292425223,200000.0,1.0,budget_exhausted,5.000000000465426,True,True,True,"[[488883.97075627604,5514423.110834124],[488853.92523275554,5514363.110834124],[488883.97075627604,5514303.110834124],[488883.97075627604,5514333.110834124],[488944.06180331705,5514333.110834124]]",f092b0bf81c12aff7aed800fe96ae6865f7b0c5c56f3940ce419f6c91e850313,0c51b8eece755d5fa66432f2264bcb017982a5100c05db0488e896cca31d2124,502e9a3155d2e3369649770fb68e935a59c7e0d7207808e23d1b55aa5910105d,879416245,null,9000,0.0,matched_prior_exact,0,stationary,1,"{""fraction"":0.5,""k"":1,""stage"":""c7-timing""}",e48f7e450930aa2cad23001d8a223a0347fc2e867d4f90039ce62228ac53c328,0.9928589767337813,10065,10066,0.7316044050205063,none,0.0013978264272187513,True,revision_C_base@712b395,712b395,5ede81cb5815049fe381f461ce5502b4a13d3d3945ab77c4b78242c6d10572b8,c7-timing_20260911_041506_496602_705c3cf8,705c3cf8d1b3a80735499262310009dc0b3cd9c5e151de83f16ab60a82062b6e,none,none,none,evidence,revision_B_base,revision_B_base,0.5,0.8,10000.0,none,5,200000.0,xlarge,45.0,80.0,5.0,0.5,1.0
5,48,dynamic_evidence_3step,dynamic_3step,midflight_failure,[4],c4_frozen,2554995583,0.75,6420,150009.6925403652,6420.0,[],[],True,0,0.0,0,0.28124737663610283,7775.922707648146,7513.578000120472,5536.81591232985,0.28165528578098264,0.23380925430947824,0.04743812232662459,0.061914246019601105,12.16243038697701,0.9177795910699924,9085,9086,0.26381246897939953,6725.162711834941,0.8405402714454369,200010.79650935027,1.0000539825467514,budget_exhausted,5.000000000313327,True,True,True,"[[488883.97075627604,5514423.110834124],[488853.92523275554,5514363.110834124],[488883.97075627604,5514303.110834124],[488883.97075627604,5514333.110834124],[488944.06180331705,5514333.110834124]]",f092b0bf81c12aff7aed800fe96ae6865f7b0c5c56f3940ce419f6c91e850313,ded46b9d8cc870421b2a3c694dbafa7e8902a20a4197934fe6c1e5fc0ed75a12,93269c150194f8a927e9ab51eff079a7672ca7d2e1733b99c45290df3c446534,879416245,null,4185,493.8879587018746,matched_prior_exact,0,stationary,1,"{""fraction"":0.75,""k"":1,""stage"":""c7-timing""}",1afd6aad4615879250c18a49e0765e646d736ba5546c63af535ab9149ba3f9ac,0.8227618990210713,9450,9451,1.0227555305179425,none,0.005707899203380329,True,revision_C_base@712b395,712b395,5ede81cb5815049fe381f461ce5502b4a13d3d3945ab77c4b78242c6d10572b8,c7-timing_20260911_041506_496602_705c3cf8,705c3cf8d1b3a80735499262310009dc0b3cd9c5e151de83f16ab60a82062b6e,none,none,none,evidence,revision_B_base,revision_B_base,0.5,0.8,10000.0,none,5,200000.0,xlarge,45.0,80.0,5.0,0.5,1.0
5,48,online_static_3step,online_static_3step,midflight_failure,[4],c4_frozen,2554995583,0.75,6546,150001.74755933712,6546.0,[],[],True,0,0.0,0,0.19773863588676688,8029.196687573187,8029.196687573187,5699.352737928558,0.19804696840431157,0.1971027884548492,0.000635847431917691,0.0007919412631836425,22.16238566595665,0.954878503827497,9450,9451,0.19773863588676688,6865.917709609147,0.8581324471452503,200004.3284510542,1.000021642255271,budget_exhausted,5.000000000114857,True,True,True,"[[488883.97075627604,5514423.110834124],[488853.92523275554,5514363.110834124],[488883.97075627604,5514303.110834124],[488883.97075627604,5514333.110834124],[488944.06180331705,5514333.110834124]]",f092b0bf81c12aff7aed800fe96ae6865f7b0c5c56f3940ce419f6c91e850313,e1d0ae62615d5555631c2625adc9300ca5d3d020d02e9dedd815658ff48f1e2e,b2d1bffa069fe61f4b5a43df22e0fb5136da04411280dcac2736a9fa3f38c34d,879416245,null,4136,422.7061292209255,matched_prior_exact,0,stationary,1,"{""fraction"":0.75,""k"":1,""stage"":""c7-timing""}",1afd6aad4615879250c18a49e0765e646d736ba5546c63af535ab9149ba3f9ac,0.8495605425429252,9450,9451,0.9491368114204918,none,0.00540435069873102,True,revision_C_base@712b395,712b395,5ede81cb5815049fe381f461ce5502b4a13d3d3945ab77c4b78242c6d10572b8,c7-timing_20260911_041506_496602_705c3cf8,705c3cf8d1b3a80735499262310009dc0b3cd9c5e151de83f16ab60a82062b6e,none,none,none,evidence,revision_B_base,revision_B_base,0.5,0.8,10000.0,none,5,200000.0,xlarge,45.0,80.0,5.0,0.5,1.0
5,48,pizza_replan_midflight,pizza_replan,midflight_failure,[4],c4_frozen,2554995583,0.75,6010,150016.30201170832,6010.0,[],[],True,0,0.0,0,0.2562227859650902,7802.786829141174,7105.123802376469,5213.771345953656,0.25652371275411334,0.23302228392186988,0.0232005020432203,0.03024925177990037,12.748361947416438,0.921558549708211,8512,8513,0.251435549332599,6723.092483663881,0.8402815252673267,200004.27823805928,1.0000213911902964,budget_exhausted,5.000000000901357,True,True,True,"[[488883.97075627604,5514423.110834124],[488853.92523275554,5514363.110834124],[488883.97075627604,5514303.110834124],[488883.97075627604,5514333.110834124],[488944.06180331705,5514333.110834124]]",f092b0bf81c12aff7aed800fe96ae6865f7b0c5c56f3940ce419f6c91e850313,e759a5b538f0456fb37d9994fdd1adda032a7b4125fd4b47ea2ebb6eebac0f49,63aa772e22eadbaec32e2c67f674c6fd92bba857d85cae20e3a036c1cffacd02,879416245,"{""assignment"":{""0"":[1,""forward""],""1"":[0,""forward""],""2"":[3,""forward""],""3"":[2,""forward""]},""assignment_cost"":2761.51510256019,""deadhead_fraction_remaining_budget"":0.055248315224837,""deadhead_per_drone"":{""0"":8.037476590525381,""1"":1428.2284371468018,""2"":1305.1374167291067,""3"":20.111772093755974},""deadhead_total"":2761.51510256019,""empty_sectors"":0,""generator"":""generate_pizza_zigzag_path(overlap=0.0, path_point_spacing_m=10.0, border_gap_m=0.0)"",""num_sectors"":4,""orientations_per_sector"":{""0"":""forward"",""1"":""forward"",""2"":""forward"",""3"":""forward""},""prefix_removed_total"":7326,""route_length_after_replan"":{""0"":1137560.832252692,""1"":1170085.3174933908,""2"":1170341.9047108302,""3"":1137007.421854752},""search_inactive_uav_ids"":[],""suffix_removed_total"":0,""survivor_ids"":[0,1,2,3],""task_splits"":0}",0,0.0,matched_prior_exact,0,stationary,1,"{""fraction"":0.75,""k"":1,""stage"":""c7-timing""}",1afd6aad4615879250c18a49e0765e646d736ba5546c63af535ab9149ba3f9ac,0.8256043624104512,9450,9451,0.9127751143308379,none,0.01329701461463273,True,revision_C_base@712b395,712b395,5ede81cb5815049fe381f461ce5502b4a13d3d3945ab77c4b78242c6d10572b8,c7-timing_20260911_041506_496602_705c3cf8,705c3cf8d1b3a80735499262310009dc0b3cd9c5e151de83f16ab60a82062b6e,none,none,none,evidence,revision_B_base,revision_B_base,0.5,0.8,10000.0,none,5,200000.0,xlarge,45.0,80.0,5.0,0.5,1.0
5,48,pizza_fixed_midflight,pizza_fixed,midflight_failure,[4],c4_frozen,2554995583,0.75,6010,150016.30201170832,6010.0,[],[],True,0,0.0,0,0.2798694918310948,7747.242691013205,7071.040143842798,5213.771345953656,0.2802871316296301,0.23302228392186988,0.04684720790922489,0.061080272512705806,10.979931438365949,0.9089247500666706,8511,8512,0.27128257520114935,6700.8390295172385,0.8375001911657591,200003.5010470887,1.0000175052354436,budget_exhausted,5.000000000905258,True,True,True,"[[488883.97075627604,5514423.110834124],[488853.92523275554,5514363.110834124],[488883.97075627604,5514303.110834124],[488883.97075627604,5514333.110834124],[488944.06180331705,5514333.110834124]]",f092b0bf81c12aff7aed800fe96ae6865f7b0c5c56f3940ce419f6c91e850313,b550e04971100381c7bffbe54f0249a1707870a44c4f057783999986c5cf19f1,63aa772e22eadbaec32e2c67f674c6fd92bba857d85cae20e3a036c1cffacd02,879416245,null,0,0.0,matched_prior_exact,0,stationary,1,"{""fraction"":0.75,""k"":1,""stage"":""c7-timing""}",1afd6aad4615879250c18a49e0765e646d736ba5546c63af535ab9149ba3f9ac,0.8197272977476675,9450,9451,0.9970147910211492,none,0.007419949951849025,True,revision_C_base@712b395,712b395,5ede81cb5815049fe381f461ce5502b4a13d3d3945ab77c4b78242c6d10572b8,c7-timing_20260911_041506_496602_705c3cf8,705c3cf8d1b3a80735499262310009dc0b3cd9c5e151de83f16ab60a82062b6e,none,none,none,evidence,revision_B_base,revision_B_base,0.5,0.8,10000.0,none,5,200000.0,xlarge,45.0,80.0,5.0,0.5,1.0
5,48,random_uniform_n8_uncoordinated,random_uniform_n8_uncoordinated,midflight_failure,[4],c4_frozen,2554995583,0.75,6000,150000.0,6000.0,[],[],True,0,0.0,0,0.011141960213037571,9378.730607106261,8439.315469308709,5966.753372777353,0.01117633119798478,0.010717501814888246,0.0004244583981493251,0.0004290568153464913,417.74246575342465,0.9976061806448228,8500,8501,0.011141960213037571,7944.886449415297,0.9929866828415569,200000.0,1.0,budget_exhausted,5.000000000465426,True,True,True,"[[488883.97075627604,5514423.110834124],[488853.92523275554,5514363.110834124],[488883.97075627604,5514303.110834124],[488883.97075627604,5514333.110834124],[488944.06180331705,5514333.110834124]]",f092b0bf81c12aff7aed800fe96ae6865f7b0c5c56f3940ce419f6c91e850313,84dbcac77d2c5678e3b6ccfeab6e0c1bfd43bc57baaa1e11369961b7e5b56bc9,8172fe1614ee92f541ae63023803438eba1e4dbe06b839bfc67e2316f1500517,879416245,null,8500,0.0,matched_prior_exact,0,stationary,1,"{""fraction"":0.75,""k"":1,""stage"":""c7-timing""}",1afd6aad4615879250c18a49e0765e646d736ba5546c63af535ab9149ba3f9ac,0.9923532543758609,9450,9451,0.8332392739173535,none,0.000892104069298294,True,revision_C_base@712b395,712b395,5ede81cb5815049fe381f461ce5502b4a13d3d3945ab77c4b78242c6d10572b8,c7-timing_20260911_041506_496602_705c3cf8,705c3cf8d1b3a80735499262310009dc0b3cd9c5e151de83f16ab60a82062b6e,none,none,none,evidence,revision_B_base,revision_B_base,0.5,0.8,10000.0,none,5,200000.0,xlarge,45.0,80.0,5.0,0.5,1.0
5,49,dynamic_evidence_3step,dynamic_3step,midflight_failure,[0],c4_frozen,1522885522,0.25,2135,50001.04983765453,2135.0,[],[],True,0,0.0,0,0.2624184995297811,8512.166651542648,8488.56404352715,2005.7886157789087,0.2628073769668089,0.1148468897241157,0.14757160980566536,0.1667187383656939,12.142155117156898,0.917642297405096,10161,10162,0.22416490558595809,6856.032716141666,0.8568969773955338,200000.01379293622,1.000000068964681,budget_exhausted,5.000000000114857,True,True,True,"[[488883.97075627604,5514423.110834124],[488883.97075627604,5514423.110834124],[488944.06180331705,5514363.110834124],[488974.1073268375,5514273.110834124],[488914.01627979655,5514363.110834124]]",cf958bd9521c895ee01de032e1f38c70d1630d6b1740110f850603932b1940f5,7c824674e2b740782e49757dd761d6fc800dc7cf8f9b42351e0d7414b30c78e2,d204f8680317318c4345314c45d17460ccc70042eb47a746bce350ead9fdeab2,2287669104,null,4268,445.2579230449919,matched_prior_exact,0,stationary,1,"{""fraction"":0.25,""k"":1,""stage"":""c7-timing""}",afb392704cd91dc121192dd93c7aa1904370ee07844253dff5b4afaa9642f3ae,0.835017328972204,10193,10194,1.0307819985759932,none,0.008822001255761158,True,revision_C_base@712b395,712b395,5ede81cb5815049fe381f461ce5502b4a13d3d3945ab77c4b78242c6d10572b8,c7-timing_20260911_041506_496602_705c3cf8,705c3cf8d1b3a80735499262310009dc0b3cd9c5e151de83f16ab60a82062b6e,none,none,none,evidence,revision_B_base,revision_B_base,0.5,0.8,10000.0,none,5,200000.0,xlarge,45.0,80.0,5.0,0.5,1.0
5,49,online_static_3step,online_static_3step,midflight_failure,[0],c4_frozen,1522885522,0.25,2128,50012.138752175306,2128.0,[],[],True,0,0.0,0,0.18382140228737598,8856.536089026296,8856.536089026296,2013.944011318217,0.18408873306060647,0.0972179452579052,0.08660345702947078,0.09592952869916262,22.996642492613482,0.9565153913089183,10193,10194,0.1702785616987749,7050.406554290433,0.8811906704524975,200003.01018558053,1.0000150509279027,budget_exhausted,5.000000000114857,True,True,True,"[[488883.97075627604,5514423.110834124],[488883.97075627604,5514423.110834124],[488944.06180331705,5514363.110834124],[488974.1073268375,5514273.110834124],[488914.01627979655,5514363.110834124]]",cf958bd9521c895ee01de032e1f38c70d1630d6b1740110f850603932b1940f5,5332e205bee8ba1ddab271da6f2f31cd118fd85f8e666771b8873828c681d2b9,b729c800242d8700b8b3dc0fd9eb3c2d5c80f365fa95301cd58bfec54c453abf,2287669104,null,4297,453.77792731815134,matched_prior_exact,0,stationary,1,"{""fraction"":0.25,""k"":1,""stage"":""c7-timing""}",afb392704cd91dc121192dd93c7aa1904370ee07844253dff5b4afaa9642f3ae,0.8687989100477042,10193,10194,0.8986871080164999,none,0.011539466030212275,True,revision_C_base@712b395,712b395,5ede81cb5815049fe381f461ce5502b4a13d3d3945ab77c4b78242c6d10572b8,c7-timing_20260911_041506_496602_705c3cf8,705c3cf8d1b3a80735499262310009dc0b3cd9c5e151de83f16ab60a82062b6e,none,none,none,evidence,revision_B_base,revision_B_base,0.5,0.8,10000.0,none,5,200000.0,xlarge,45.0,80.0,5.0,0.5,1.0
5,49,pizza_replan_midflight,pizza_replan,midflight_failure,[0],c4_frozen,1522885522,0.25,2006,50006.99837358552,2006.0,[],[],True,0,0.0,0,0.2614410548228959,8578.330140421165,8076.110057700249,1902.1931878580772,0.26174745493558693,0.10183684237027926,0.15960421245261666,0.1777006895649304,12.299512273127048,0.918695963076123,9513,9514,0.23070836855398813,6935.577214544227,0.8668387969684074,200014.3680993792,1.000071840496896,budget_exhausted,5.000000000904697,True,True,True,"[[488883.97075627604,5514423.110834124],[488883.97075627604,5514423.110834124],[488944.06180331705,5514363.110834124],[488974.1073268375,5514273.110834124],[488914.01627979655,5514363.110834124]]",cf958bd9521c895ee01de032e1f38c70d1630d6b1740110f850603932b1940f5,851b3de57f9b5c2757e7a3b3bfee454b9ccf226a11c10d25b54d05324b3acf6e,aab7d5b6f60c7776623d0b6434669166ba6c79f5c126718d7142cbd5759548fa,2287669104,"{""assignment"":{""1"":[1,""forward""],""2"":[0,""forward""],""3"":[3,""forward""],""4"":[2,""forward""]},""assignment_cost"":2770.6719741204915,""deadhead_fraction_remaining_budget"":0.018472008320903975,""deadhead_per_drone"":{""1"":685.5225925296256,""2"":741.7523590259952,""3"":489.5364611646734,""4"":853.8605614001975},""deadhead_total"":2770.6719741204915,""empty_sectors"":0,""generator"":""generate_pizza_zigzag_path(overlap=0.0, path_point_spacing_m=10.0, border_gap_m=0.0)"",""num_sectors"":4,""orientations_per_sector"":{""1"":""forward"",""2"":""forward"",""3"":""forward"",""4"":""forward""},""prefix_removed_total"":2679,""route_length_after_replan"":{""1"":1170341.9047108279,""2"":1170085.3174933908,""3"":1161303.1826265282,""4"":1161303.1826265343},""search_inactive_uav_ids"":[],""suffix_removed_total"":0,""survivor_ids"":[1,2,3,4],""task_splits"":0}",0,0.0,matched_prior_exact,0,stationary,1,"{""fraction"":0.25,""k"":1,""stage"":""c7-timing""}",afb392704cd91dc121192dd93c7aa1904370ee07844253dff5b4afaa9642f3ae,0.8415077634315445,10193,10194,0.9309409259944199,none,0.025549025736179454,True,revision_C_base@712b395,712b395,5ede81cb5815049fe381f461ce5502b4a13d3d3945ab77c4b78242c6d10572b8,c7-timing_20260911_041506_496602_705c3cf8,705c3cf8d1b3a80735499262310009dc0b3cd9c5e151de83f16ab60a82062b6e,none,none,none,evidence,revision_B_base,revision_B_base,0.5,0.8,10000.0,none,5,200000.0,xlarge,45.0,80.0,5.0,0.5,1.0
5,49,pizza_fixed_midflight,pizza_fixed,midflight_failure,[0],c4_frozen,1522885522,0.25,2006,50006.99837358552,2006.0,[],[],True,0,0.0,0,0.2675552236313651,8438.123482566883,7940.061034635697,1902.1931878580772,0.2679624263972498,0.10183684237027926,0.16571838126108582,0.1845081039601107,10.909891984081865,0.9083400640942133,9513,9514,0.24357253877511081,6813.895271486156,0.8516304551288784,200019.55207335346,1.0000977603667673,budget_exhausted,5.000000000888166,True,True,True,"[[488883.97075627604,5514423.110834124],[488883.97075627604,5514423.110834124],[488944.06180331705,5514363.110834124],[488974.1073268375,5514273.110834124],[488914.01627979655,5514363.110834124]]",cf958bd9521c895ee01de032e1f38c70d1630d6b1740110f850603932b1940f5,ea8e5c06768fd1a5956c013d12d1bd1f19b5945847ee0246cf19a7ca2f96f9fd,aab7d5b6f60c7776623d0b6434669166ba6c79f5c126718d7142cbd5759548fa,2287669104,null,0,0.0,matched_prior_exact,0,stationary,1,"{""fraction"":0.25,""k"":1,""stage"":""c7-timing""}",afb392704cd91dc121192dd93c7aa1904370ee07844253dff5b4afaa9642f3ae,0.8277539221666552,10193,10194,0.952712296126392,none,0.011795184471290132,True,revision_C_base@712b395,712b395,5ede81cb5815049fe381f461ce5502b4a13d3d3945ab77c4b78242c6d10572b8,c7-timing_20260911_041506_496602_705c3cf8,705c3cf8d1b3a80735499262310009dc0b3cd9c5e151de83f16ab60a82062b6e,none,none,none,evidence,revision_B_base,revision_B_base,0.5,0.8,10000.0,none,5,200000.0,xlarge,45.0,80.0,5.0,0.5,1.0
5,49,random_uniform_n8_uncoordinated,random_uniform_n8_uncoordinated,midflight_failure,[0],c4_frozen,1522885522,0.25,2000,50000.0,2000.0,[],[],True,0,0.0,0,0.019126862039446805,10085.375701223038,9405.630616616276,1995.314758674378,0.019170281727472753,0.0057649943503748306,0.013361867689071974,0.013439345439604027,256.54131534569984,0.9961019923880391,9500,9501,0.015632869486745582,7931.899220482148,0.9913634821250029,200000.0,1.0,budget_exhausted,5.000000000464668,True,True,True,"[[488883.97075627604,5514423.110834124],[488883.97075627604,5514423.110834124],[488944.06180331705,5514363.110834124],[488974.1073268375,5514273.110834124],[488914.01627979655,5514363.110834124]]",cf958bd9521c895ee01de032e1f38c70d1630d6b1740110f850603932b1940f5,8e02262a2e4b75c5de192a1d1cf2003a1d0badf1397c7d9746bf76e6ac0d8a18,65f96cf8e3e8c77f5a38912d537a8ae4aff9481e9b767d41e598c14b171df426,2287669104,null,9500,0.0,matched_prior_exact,0,stationary,1,"{""fraction"":0.25,""k"":1,""stage"":""c7-timing""}",afb392704cd91dc121192dd93c7aa1904370ee07844253dff5b4afaa9642f3ae,0.9893442908792465,10193,10194,1.0450540424743355,none,0.0007874595796710793,True,revision_C_base@712b395,712b395,5ede81cb5815049fe381f461ce5502b4a13d3d3945ab77c4b78242c6d10572b8,c7-timing_20260911_041506_496602_705c3cf8,705c3cf8d1b3a80735499262310009dc0b3cd9c5e151de83f16ab60a82062b6e,none,none,none,evidence,revision_B_base,revision_B_base,0.5,0.8,10000.0,none,5,200000.0,xlarge,45.0,80.0,5.0,0.5,1.0
5,49,dynamic_evidence_3step,dynamic_3step,midflight_failure,[0],c4_frozen,1522885522,0.5,4286,100019.49967173736,4286.0,[],[],True,0,0.0,0,0.24928101711127493,8039.537486136434,7995.245066145945,3833.855392083825,0.24960238416919,0.17974412770947432,0.06953688940180061,0.08477463161296504,13.034751990202082,0.923282007916094,9614,9615,0.23429040983389904,6772.607716857121,0.8464701558376604,200011.1248685382,1.000055624342691,budget_exhausted,5.000000000222655,True,True,True,"[[488883.97075627604,5514423.110834124],[488883.97075627604,5514423.110834124],[488944.06180331705,5514363.110834124],[488974.1073268375,5514273.110834124],[488914.01627979655,5514363.110834124]]",cf958bd9521c895ee01de032e1f38c70d1630d6b1740110f850603932b1940f5,4dc14ec960d22d325c250a6a1ebb366904c7761e68ded285fa6b9606fd754f8c,73ddec5ac0704e540263485ffc196fdc1e19cfe9ac221b0988216f0c4f7cf97b,2287669104,null,4202,887.7824121596059,matched_prior_exact,0,stationary,1,"{""fraction"":0.5,""k"":1,""stage"":""c7-timing""}",e48f7e450930aa2cad23001d8a223a0347fc2e867d4f90039ce62228ac53c328,0.8310458430986597,9673,9674,0.9791778608804039,none,0.0048505153822168134,True,revision_C_base@712b395,712b395,5ede81cb5815049fe381f461ce5502b4a13d3d3945ab77c4b78242c6d10572b8,c7-timing_20260911_041506_496602_705c3cf8,705c3cf8d1b3a80735499262310009dc0b3cd9c5e151de83f16ab60a82062b6e,none,none,none,evidence,revision_B_base,revision_B_base,0.5,0.8,10000.0,none,5,200000.0,xlarge,45.0,80.0,5.0,0.5,1.0
5,49,online_static_3step,online_static_3step,midflight_failure,[0],c4_frozen,1522885522,0.5,4260,100020.23349828541,4260.0,[],[],True,0,0.0,0,0.1935593944918828,8342.692051863918,8342.692051863918,3878.7649203364736,0.1938274141677699,0.14833186189703623,0.045227532594846576,0.053104643195397684,21.318040532139747,0.9530913735485037,9673,9674,0.1842477885454921,6985.43928647553,0.8730707769623209,200000.23656187617,1.0000011828093809,budget_exhausted,5.000000000114857,True,True,True,"[[488883.97075627604,5514423.110834124],[488883.97075627604,5514423.110834124],[488944.06180331705,5514363.110834124],[488974.1073268375,5514273.110834124],[488914.01627979655,5514363.110834124]]",cf958bd9521c895ee01de032e1f38c70d1630d6b1740110f850603932b1940f5,ca4b2e9606530f1f3b287cbed58a0eb39db55b39ff28934bdf090eb89c5320ce,a8bbe39ee37c71aacaa111ab56917fb6a6a4e866cb7cfbb6a71be166d0f87ccd,2287669104,null,4285,858.1171776542615,matched_prior_exact,0,stationary,1,"{""fraction"":0.5,""k"":1,""stage"":""c7-timing""}",e48f7e450930aa2cad23001d8a223a0347fc2e867d4f90039ce62228ac53c328,0.8623828873127887,9673,9674,0.9462953187213339,none,0.005123443295296792,True,revision_C_base@712b395,712b395,5ede81cb5815049fe381f461ce5502b4a13d3d3945ab77c4b78242c6d10572b8,c7-timing_20260911_041506_496602_705c3cf8,705c3cf8d1b3a80735499262310009dc0b3cd9c5e151de83f16ab60a82062b6e,none,none,none,evidence,revision_B_base,revision_B_base,0.5,0.8,10000.0,none,5,200000.0,xlarge,45.0,80.0,5.0,0.5,1.0
5,49,pizza_replan_midflight,pizza_replan,midflight_failure,[0],c4_frozen,1522885522,0.5,4009,100023.15477229029,4009.0,[],[],True,0,0.0,0,0.23032848601130176,8129.819371822055,7621.83617258949,3621.948095056693,0.23054139638708554,0.17594465042049062,0.05438383559081114,0.06599536744535617,14.558091089858914,0.9313096755730156,9013,9014,0.21582277092004132,6833.581815550513,0.8540909655731175,200018.7218504587,1.0000936092522936,budget_exhausted,5.0000000008860574,True,True,True,"[[488883.97075627604,5514423.110834124],[488883.97075627604,5514423.110834124],[488944.06180331705,5514363.110834124],[488974.1073268375,5514273.110834124],[488914.01627979655,5514363.110834124]]",cf958bd9521c895ee01de032e1f38c70d1630d6b1740110f850603932b1940f5,5ccfcaa81d516f83637b505507ecb34b7967856e1462fb98b919418f83474ea8,15cc08adbb669b51854d07a03c85e45dc60082dc7f2e613bf73b54c0c0f60e71,2287669104,"{""assignment"":{""1"":[2,""forward""],""2"":[0,""forward""],""3"":[1,""forward""],""4"":[3,""forward""]},""assignment_cost"":2945.9757615587723,""deadhead_fraction_remaining_budget"":0.029466580535212387,""deadhead_per_drone"":{""1"":17.01176309211545,""2"":946.9546823240901,""3"":1801.0966311412596,""4"":180.91268500130735},""deadhead_total"":2945.9757615587723,""empty_sectors"":0,""generator"":""generate_pizza_zigzag_path(overlap=0.0, path_point_spacing_m=10.0, border_gap_m=0.0)"",""num_sectors"":4,""orientations_per_sector"":{""1"":""forward"",""2"":""forward"",""3"":""forward"",""4"":""forward""},""prefix_removed_total"":4882,""route_length_after_replan"":{""1"":1149743.0208679256,""2"":1170085.3174933908,""3"":1170341.9047108279,""4"":1149974.7339868878},""search_inactive_uav_ids"":[],""suffix_removed_total"":0,""survivor_ids"":[1,2,3,4],""task_splits"":0}",0,0.0,matched_prior_exact,0,stationary,1,"{""fraction"":0.5,""k"":1,""stage"":""c7-timing""}",e48f7e450930aa2cad23001d8a223a0347fc2e867d4f90039ce62228ac53c328,0.840378268743235,9673,9674,0.8201550984236461,none,0.02441953104786987,True,revision_C_base@712b395,712b395,5ede81cb5815049fe381f461ce5502b4a13d3d3945ab77c4b78242c6d10572b8,c7-timing_20260911_041506_496602_705c3cf8,705c3cf8d1b3a80735499262310009dc0b3cd9c5e151de83f16ab60a82062b6e,none,none,none,evidence,revision_B_base,revision_B_base,0.5,0.8,10000.0,none,5,200000.0,xlarge,45.0,80.0,5.0,0.5,1.0
5,49,pizza_fixed_midflight,pizza_fixed,midflight_failure,[0],c4_frozen,1522885522,0.5,4009,100023.15477229029,4009.0,[],[],True,0,0.0,0,0.2753055684936836,7957.933428686731,7478.910409460867,3621.948095056693,0.27572013836255826,0.17594465042049062,0.09936091807319297,0.1205755391599531,10.940212356588042,0.9085940960371017,9012,9013,0.25870882745305207,6736.889634479443,0.8420059535657347,200011.0010304242,1.000055005152121,budget_exhausted,5.000000000888166,True,True,True,"[[488883.97075627604,5514423.110834124],[488883.97075627604,5514423.110834124],[488944.06180331705,5514363.110834124],[488974.1073268375,5514273.110834124],[488914.01627979655,5514363.110834124]]",cf958bd9521c895ee01de032e1f38c70d1630d6b1740110f850603932b1940f5,28f77e27d7876b3faf68560057826ece33630b2a97bc7324f6aabc5318268f26,15cc08adbb669b51854d07a03c85e45dc60082dc7f2e613bf73b54c0c0f60e71,2287669104,null,0,0.0,matched_prior_exact,0,stationary,1,"{""fraction"":0.5,""k"":1,""stage"":""c7-timing""}",e48f7e450930aa2cad23001d8a223a0347fc2e867d4f90039ce62228ac53c328,0.8226104433209356,9673,9674,0.9803097720767185,none,0.006651705625570492,True,revision_C_base@712b395,712b395,5ede81cb5815049fe381f461ce5502b4a13d3d3945ab77c4b78242c6d10572b8,c7-timing_20260911_041506_496602_705c3cf8,705c3cf8d1b3a80735499262310009dc0b3cd9c5e151de83f16ab60a82062b6e,none,none,none,evidence,revision_B_base,revision_B_base,0.5,0.8,10000.0,none,5,200000.0,xlarge,45.0,80.0,5.0,0.5,1.0
5,49,random_uniform_n8_uncoordinated,random_uniform_n8_uncoordinated,midflight_failure,[0],c4_frozen,1522885522,0.5,4000,100000.0,4000.0,[],[],True,0,0.0,0,0.019580731176184002,9564.414356686975,8904.592188768587,3977.1776910385415,0.01964499461235897,0.010528233408639417,0.009052497767544585,0.009148818665872204,252.28855721393035,0.9960362847564583,9000,9001,0.017231557474147608,7923.1669962852875,0.9902720905243454,200000.0,1.0,budget_exhausted,5.000000000464668,True,True,True,"[[488883.97075627604,5514423.110834124],[488883.97075627604,5514423.110834124],[488944.06180331705,5514363.110834124],[488974.1073268375,5514273.110834124],[488914.01627979655,5514363.110834124]]",cf958bd9521c895ee01de032e1f38c70d1630d6b1740110f850603932b1940f5,f02f64edb0c61cb67c86ed09091f36dae9787bb048bc31e946997134bf5d6e90,e8093584ef5ed4e62dda4f1d15b1737bb817785149c83387a0753322d5617f36,2287669104,null,9000,0.0,matched_prior_exact,0,stationary,1,"{""fraction"":0.5,""k"":1,""stage"":""c7-timing""}",e48f7e450930aa2cad23001d8a223a0347fc2e867d4f90039ce62228ac53c328,0.9886721476831688,9673,9674,1.06985255752209,none,0.00011531638359341123,True,revision_C_base@712b395,712b395,5ede81cb5815049fe381f461ce5502b4a13d3d3945ab77c4b78242c6d10572b8,c7-timing_20260911_041506_496602_705c3cf8,705c3cf8d1b3a80735499262310009dc0b3cd9c5e151de83f16ab60a82062b6e,none,none,none,evidence,revision_B_base,revision_B_base,0.5,0.8,10000.0,none,5,200000.0,xlarge,45.0,80.0,5.0,0.5,1.0
5,49,dynamic_evidence_3step,dynamic_3step,midflight_failure,[0],c4_frozen,1522885522,0.75,6416,150015.2514942164,6416.0,[],[],True,0,0.0,0,0.2583221420064684,7565.090453322067,7556.190319026471,5529.284177840537,0.25868660410387334,0.2223076339746558,0.03601450803181261,0.04630945294715537,12.634008758257256,0.9208485589068136,9078,9079,0.24237950135838385,6748.332315438177,0.8434361099160326,200005.7123689933,1.0000285618449665,budget_exhausted,5.000000000114857,True,True,True,"[[488883.97075627604,5514423.110834124],[488883.97075627604,5514423.110834124],[488944.06180331705,5514363.110834124],[488974.1073268375,5514273.110834124],[488914.01627979655,5514363.110834124]]",cf958bd9521c895ee01de032e1f38c70d1630d6b1740110f850603932b1940f5,d9eac1b7d3f6c6745899cde028b72ce56e82232571663d513ff93d70b8477f30,9255a602ebec45327c2333ffe88354c22929e4c086a0c4b232d9a78d044c1230,2287669104,null,4116,478.1279753834242,matched_prior_exact,0,stationary,1,"{""fraction"":0.75,""k"":1,""stage"":""c7-timing""}",1afd6aad4615879250c18a49e0765e646d736ba5546c63af535ab9149ba3f9ac,0.8321516283491439,9090,9091,1.0146914729372591,none,0.005956300632701028,True,revision_C_base@712b395,712b395,5ede81cb5815049fe381f461ce5502b4a13d3d3945ab77c4b78242c6d10572b8,c7-timing_20260911_041506_496602_705c3cf8,705c3cf8d1b3a80735499262310009dc0b3cd9c5e151de83f16ab60a82062b6e,none,none,none,evidence,revision_B_base,revision_B_base,0.5,0.8,10000.0,none,5,200000.0,xlarge,45.0,80.0,5.0,0.5,1.0
5,49,online_static_3step,online_static_3step,midflight_failure,[0],c4_frozen,1522885522,0.75,6426,150011.985821355,6426.0,[],[],True,0,0.0,0,0.21068877423568444,7827.836040692912,7827.836040692912,5684.5230280921805,0.21097681981177105,0.1792880572061118,0.031400717029572645,0.03826033885004467,18.633457005674376,0.9463330932260464,9090,9091,0.19818175767878296,6960.264424565372,0.8699243125316051,200008.29683335323,1.0000414841667662,budget_exhausted,5.000000000114857,True,True,True,"[[488883.97075627604,5514423.110834124],[488883.97075627604,5514423.110834124],[488944.06180331705,5514363.110834124],[488974.1073268375,5514273.110834124],[488914.01627979655,5514363.110834124]]",cf958bd9521c895ee01de032e1f38c70d1630d6b1740110f850603932b1940f5,056c1835f3d6991ac0a1987e3d4bf7f895550d5649f5fe265a27527a2073ebb9,0130c080c03fa823843658e0d7e4eb6f6064c8ea896c58013805a1119421bedb,2287669104,null,4111,446.29702470457414,matched_prior_exact,0,stationary,1,"{""fraction"":0.75,""k"":1,""stage"":""c7-timing""}",1afd6aad4615879250c18a49e0765e646d736ba5546c63af535ab9149ba3f9ac,0.8610533539426809,9090,9091,1.0300393906983687,none,0.0037939099251890207,True,revision_C_base@712b395,712b395,5ede81cb5815049fe381f461ce5502b4a13d3d3945ab77c4b78242c6d10572b8,c7-timing_20260911_041506_496602_705c3cf8,705c3cf8d1b3a80735499262310009dc0b3cd9c5e151de83f16ab60a82062b6e,none,none,none,evidence,revision_B_base,revision_B_base,0.5,0.8,10000.0,none,5,200000.0,xlarge,45.0,80.0,5.0,0.5,1.0
5,49,pizza_replan_midflight,pizza_replan,midflight_failure,[0],c4_frozen,1522885522,0.75,6010,150009.5936471221,6010.0,[],[],True,0,0.0,0,0.2552556976049598,7535.478135095412,7105.015928311099,5213.035772571371,0.25557823081193026,0.23314844250229777,0.022107255102662038,0.028828597772950708,12.68588419922359,0.9211722269969008,8512,8513,0.2505691977133057,6722.612499716494,0.8402215347727152,200001.92686380455,1.0000096343190228,budget_exhausted,5.000000000900252,True,True,True,"[[488883.97075627604,5514423.110834124],[488883.97075627604,5514423.110834124],[488944.06180331705,5514363.110834124],[488974.1073268375,5514273.110834124],[488914.01627979655,5514363.110834124]]",cf958bd9521c895ee01de032e1f38c70d1630d6b1740110f850603932b1940f5,cd8c0a5d2e285656af8f9e1061a75090df2aaae0b02552400cc28a6c3818fed6,dc1b1e3c26d42ea6e7ad09368f7918b2d71b5476f8fd5101ad2ccd3df1dc8a20,2287669104,"{""assignment"":{""1"":[1,""forward""],""2"":[0,""forward""],""3"":[3,""forward""],""4"":[2,""forward""]},""assignment_cost"":2912.227588224348,""deadhead_fraction_remaining_budget"":0.05825572946271307,""deadhead_per_drone"":{""1"":1524.3846743271904,""2"":1342.8949169011805,""3"":16.017518738383853,""4"":28.930478257593414},""deadhead_total"":2912.227588224348,""empty_sectors"":0,""generator"":""generate_pizza_zigzag_path(overlap=0.0, path_point_spacing_m=10.0, border_gap_m=0.0)"",""num_sectors"":4,""orientations_per_sector"":{""1"":""forward"",""2"":""forward"",""3"":""forward"",""4"":""forward""},""prefix_removed_total"":7436,""route_length_after_replan"":{""1"":1170341.9047108279,""2"":1170085.3174933908,""3"":1136504.3214929742,""4"":1136957.1118185753},""search_inactive_uav_ids"":[],""suffix_removed_total"":0,""survivor_ids"":[1,2,3,4],""task_splits"":0}",0,0.0,matched_prior_exact,0,stationary,1,"{""fraction"":0.75,""k"":1,""stage"":""c7-timing""}",1afd6aad4615879250c18a49e0765e646d736ba5546c63af535ab9149ba3f9ac,0.8288943059174361,9090,9091,0.9089160677334539,none,0.012935568222070981,True,revision_C_base@712b395,712b395,5ede81cb5815049fe381f461ce5502b4a13d3d3945ab77c4b78242c6d10572b8,c7-timing_20260911_041506_496602_705c3cf8,705c3cf8d1b3a80735499262310009dc0b3cd9c5e151de83f16ab60a82062b6e,none,none,none,evidence,revision_B_base,revision_B_base,0.5,0.8,10000.0,none,5,200000.0,xlarge,45.0,80.0,5.0,0.5,1.0
5,49,pizza_fixed_midflight,pizza_fixed,midflight_failure,[0],c4_frozen,1522885522,0.75,6010,150009.5936471221,6010.0,[],[],True,0,0.0,0,0.2784934019375568,7489.424487810755,7072.39367413065,5213.035772571371,0.2789115287673795,0.23314844250229777,0.045344959435259014,0.059131339034145323,10.96350781975291,0.9087883169838851,8512,8513,0.2705641822849196,6700.894016344287,0.8375070636600783,200019.30618074632,1.0000965309037315,budget_exhausted,5.000000000888166,True,True,True,"[[488883.97075627604,5514423.110834124],[488883.97075627604,5514423.110834124],[488944.06180331705,5514363.110834124],[488974.1073268375,5514273.110834124],[488914.01627979655,5514363.110834124]]",cf958bd9521c895ee01de032e1f38c70d1630d6b1740110f850603932b1940f5,27942b9f0469debe0407893eee37a0ef82ae21356f2cc56f43cf17daa2acbd1f,dc1b1e3c26d42ea6e7ad09368f7918b2d71b5476f8fd5101ad2ccd3df1dc8a20,2287669104,null,0,0.0,matched_prior_exact,0,stationary,1,"{""fraction"":0.75,""k"":1,""stage"":""c7-timing""}",1afd6aad4615879250c18a49e0765e646d736ba5546c63af535ab9149ba3f9ac,0.8238284553746292,9090,9091,0.9916610291322168,none,0.007869717679264143,True,revision_C_base@712b395,712b395,5ede81cb5815049fe381f461ce5502b4a13d3d3945ab77c4b78242c6d10572b8,c7-timing_20260911_041506_496602_705c3cf8,705c3cf8d1b3a80735499262310009dc0b3cd9c5e151de83f16ab60a82062b6e,none,none,none,evidence,revision_B_base,revision_B_base,0.5,0.8,10000.0,none,5,200000.0,xlarge,45.0,80.0,5.0,0.5,1.0
5,49,random_uniform_n8_uncoordinated,random_uniform_n8_uncoordinated,midflight_failure,[0],c4_frozen,1522885522,0.75,6000,150000.0,6000.0,[],[],True,0,0.0,0,0.01932211888454201,8990.686638399678,8412.086688541991,5952.94790119846,0.019401496879411263,0.014310408229865942,0.005011710654676066,0.005084471517727878,256.61382799325463,0.9961030938674658,8500,8501,0.017825670574994075,7921.34961612106,0.9900449463968328,200000.0,1.0,budget_exhausted,5.000000000464668,True,True,True,"[[488883.97075627604,5514423.110834124],[488883.97075627604,5514423.110834124],[488944.06180331705,5514363.110834124],[488974.1073268375,5514273.110834124],[488914.01627979655,5514363.110834124]]",cf958bd9521c895ee01de032e1f38c70d1630d6b1740110f850603932b1940f5,f7aa716e8778a4a385132c795f287897b4974956591dab20c66a7505b7449e99,d2d7aa4a9f1aba02b1ee6915d3514098cd10bf624de617350d5f798fa36f3177,2287669104,null,8500,0.0,matched_prior_exact,0,stationary,1,"{""fraction"":0.75,""k"":1,""stage"":""c7-timing""}",1afd6aad4615879250c18a49e0765e646d736ba5546c63af535ab9149ba3f9ac,0.988965640567559,9090,9091,1.0557224916358703,none,0.00040880926798358974,True,revision_C_base@712b395,712b395,5ede81cb5815049fe381f461ce5502b4a13d3d3945ab77c4b78242c6d10572b8,c7-timing_20260911_041506_496602_705c3cf8,705c3cf8d1b3a80735499262310009dc0b3cd9c5e151de83f16ab60a82062b6e,none,none,none,evidence,revision_B_base,revision_B_base,0.5,0.8,10000.0,none,5,200000.0,xlarge,45.0,80.0,5.0,0.5,1.0
5,50,dynamic_evidence_3step,dynamic_3step,midflight_failure,[1],c4_frozen,759396235,0.25,2121,50016.80767632694,2121.0,[],[],True,0,0.0,0,0.27742435340147825,8708.80021908511,8351.847849665859,1995.1984451885567,0.2778491065702372,0.1105987290850044,0.16682562431647385,0.18757070601534837,11.694759402654867,0.9144916141008436,10103,10104,0.2432420780791241,6794.63800687995,0.8492235979102549,200019.6839437238,1.000098419718619,budget_exhausted,5.000000000228459,True,True,True,"[[488974.1073268375,5514303.110834124],[488853.92523275554,5514363.110834124],[488944.06180331705,5514453.110834124],[489004.152850358,5514393.110834124],[488914.01627979655,5514393.110834124]]",a9870407c9be3f8cada061a5c5350e112c9f130eb89718ecbe80ebea8df39327,d9a2da1ccfbe09915f6a46404df5befd639fe7e56074a6f444a0eb1d63f28f88,a46eda4ec12984f4efecaf3c33639cf1069fc644101d258c6207032c3f605555,593934498,null,4206,499.2921760441095,matched_prior_exact,0,stationary,1,"{""fraction"":0.25,""k"":1,""stage"":""c7-timing""}",afb392704cd91dc121192dd93c7aa1904370ee07844253dff5b4afaa9642f3ae,0.8217399716064455,10597,10598,1.0437015209882368,none,0.002867353928087124,True,revision_C_base@712b395,712b395,5ede81cb5815049fe381f461ce5502b4a13d3d3945ab77c4b78242c6d10572b8,c7-timing_20260911_041506_496602_705c3cf8,705c3cf8d1b3a80735499262310009dc0b3cd9c5e151de83f16ab60a82062b6e,none,none,none,evidence,revision_B_base,revision_B_base,0.5,0.8,10000.0,none,5,200000.0,xlarge,45.0,80.0,5.0,0.5,1.0
5,50,online_static_3step,online_static_3step,midflight_failure,[1],c4_frozen,759396235,0.25,2155,50016.84363049978,2155.0,[],[],True,0,0.0,0,0.11183297113790369,9558.613484569752,9558.613484569752,2039.3988130092455,0.1119807861732917,0.08450962368387493,0.027323347454028757,0.02984558675971687,46.0703933747412,0.9782940859248607,10597,10598,0.11183297113790369,7252.043710615421,0.9063921648063269,200001.91310718877,1.0000095655359438,budget_exhausted,5.000000000275023,True,True,True,"[[488974.1073268375,5514303.110834124],[488853.92523275554,5514363.110834124],[488944.06180331705,5514453.110834124],[489004.152850358,5514393.110834124],[488914.01627979655,5514393.110834124]]",a9870407c9be3f8cada061a5c5350e112c9f130eb89718ecbe80ebea8df39327,ae76532dd6b32974133a655af953b3933d674e8cab455c719ebd023676dbb5c7,2fc60f9ec6066fc33e6ac19de759d73880845355460ed7f1e8b323a2d1216701,593934498,null,4205,463.4786946406821,matched_prior_exact,0,stationary,1,"{""fraction"":0.25,""k"":1,""stage"":""c7-timing""}",afb392704cd91dc121192dd93c7aa1904370ee07844253dff5b4afaa9642f3ae,0.9019261638582518,10597,10598,1.0100329907595853,none,-0.0016566276533874769,True,revision_C_base@712b395,712b395,5ede81cb5815049fe381f461ce5502b4a13d3d3945ab77c4b78242c6d10572b8,c7-timing_20260911_041506_496602_705c3cf8,705c3cf8d1b3a80735499262310009dc0b3cd9c5e151de83f16ab60a82062b6e,none,none,none,evidence,revision_B_base,revision_B_base,0.5,0.8,10000.0,none,5,200000.0,xlarge,45.0,80.0,5.0,0.5,1.0
5,50,pizza_replan_midflight,pizza_replan,midflight_failure,[1],c4_frozen,759396235,0.25,2006,50000.3527373267,2006.0,[],[],True,0,0.0,0,0.2539436421254619,8939.96112002072,8131.236028084764,1902.3918741654059,0.25421424514843804,0.1016292045524692,0.15231443757299268,0.16954517927880322,12.905069665939232,0.9225110730987115,9513,9514,0.22232984424405416,6979.094093533971,0.8722777269758745,200000.09499396873,1.0000004749698437,budget_exhausted,5.000000000879297,True,True,True,"[[488974.1073268375,5514303.110834124],[488853.92523275554,5514363.110834124],[488944.06180331705,5514453.110834124],[489004.152850358,5514393.110834124],[488914.01627979655,5514393.110834124]]",a9870407c9be3f8cada061a5c5350e112c9f130eb89718ecbe80ebea8df39327,28e24f7f2000eafdab841a6dbe158b1696b7f8eaad9d52eb116db7f85d373f12,e5df4c37d9b876ccbfc14dece8d76ed2d7c7679f3e9424783536640b101a498d,593934498,"{""assignment"":{""0"":[3,""forward""],""2"":[1,""forward""],""3"":[0,""forward""],""4"":[2,""forward""]},""assignment_cost"":2246.2256867175442,""deadhead_fraction_remaining_budget"":0.014974873126095056,""deadhead_per_drone"":{""0"":530.3136213309286,""2"":667.0195651356005,""3"":12.194891812791782,""4"":1036.6976084382236},""deadhead_total"":2246.2256867175442,""empty_sectors"":0,""generator"":""generate_pizza_zigzag_path(overlap=0.0, path_point_spacing_m=10.0, border_gap_m=0.0)"",""num_sectors"":4,""orientations_per_sector"":{""0"":""forward"",""2"":""forward"",""3"":""forward"",""4"":""forward""},""prefix_removed_total"":1856,""route_length_after_replan"":{""0"":1170341.9047108302,""2"":1170341.9047108279,""3"":1161061.395530905,""4"":1170085.317493389},""search_inactive_uav_ids"":[],""suffix_removed_total"":0,""survivor_ids"":[0,2,3,4],""task_splits"":0}",0,0.0,matched_prior_exact,0,stationary,1,"{""fraction"":0.25,""k"":1,""stage"":""c7-timing""}",afb392704cd91dc121192dd93c7aa1904370ee07844253dff5b4afaa9642f3ae,0.8435517191942555,10597,10598,0.9043571164944508,none,0.030935116802332963,True,revision_C_base@712b395,712b395,5ede81cb5815049fe381f461ce5502b4a13d3d3945ab77c4b78242c6d10572b8,c7-timing_20260911_041506_496602_705c3cf8,705c3cf8d1b3a80735499262310009dc0b3cd9c5e151de83f16ab60a82062b6e,none,none,none,evidence,revision_B_base,revision_B_base,0.5,0.8,10000.0,none,5,200000.0,xlarge,45.0,80.0,5.0,0.5,1.0
5,50,pizza_fixed_midflight,pizza_fixed,midflight_failure,[1],c4_frozen,759396235,0.25,2006,50000.3527373267,2006.0,[],[],True,0,0.0,0,0.26862360896331083,8725.979710543874,7933.167702660259,1902.3918741654059,0.2689969496085383,0.1016292045524692,0.16699440441084162,0.18588583384175125,10.918290428104111,0.9084105697146542,9513,9514,0.24517265096550256,6809.107069946871,0.8510320047427661,200009.65656683999,1.0000482828341999,budget_exhausted,5.000000000904733,True,True,True,"[[488974.1073268375,5514303.110834124],[488853.92523275554,5514363.110834124],[488944.06180331705,5514453.110834124],[489004.152850358,5514393.110834124],[488914.01627979655,5514393.110834124]]",a9870407c9be3f8cada061a5c5350e112c9f130eb89718ecbe80ebea8df39327,66ff6672361b9bb8e1a8a59400412f13d8c113b1fc09f9f6899475616db6f5bf,e5df4c37d9b876ccbfc14dece8d76ed2d7c7679f3e9424783536640b101a498d,593934498,null,0,0.0,matched_prior_exact,0,stationary,1,"{""fraction"":0.25,""k"":1,""stage"":""c7-timing""}",afb392704cd91dc121192dd93c7aa1904370ee07844253dff5b4afaa9642f3ae,0.823360984199271,10597,10598,0.9566361669506628,none,0.01074438180734838,True,revision_C_base@712b395,712b395,5ede81cb5815049fe381f461ce5502b4a13d3d3945ab77c4b78242c6d10572b8,c7-timing_20260911_041506_496602_705c3cf8,705c3cf8d1b3a80735499262310009dc0b3cd9c5e151de83f16ab60a82062b6e,none,none,none,evidence,revision_B_base,revision_B_base,0.5,0.8,10000.0,none,5,200000.0,xlarge,45.0,80.0,5.0,0.5,1.0
5,50,random_uniform_n8_uncoordinated,random_uniform_n8_uncoordinated,midflight_failure,[1],c4_frozen,759396235,0.25,2000,50000.0,2000.0,[],[],True,0,0.0,0,0.013620516230718744,10507.770750666714,9425.712456971894,1995.710053055157,0.013650296549013077,0.004472469152666457,0.009148047078052286,0.009189145246707556,346.32954545454544,0.9971125766971815,9500,9501,0.011690921674749853,7944.669448336557,0.9929595610969325,200000.0,1.0,budget_exhausted,5.000000000464833,True,True,True,"[[488974.1073268375,5514303.110834124],[488853.92523275554,5514363.110834124],[488944.06180331705,5514453.110834124],[489004.152850358,5514393.110834124],[488914.01627979655,5514393.110834124]]",a9870407c9be3f8cada061a5c5350e112c9f130eb89718ecbe80ebea8df39327,6c7316e576d057b985b9170519040dd83f38b2f6fddcd9b6fb55a53d741e58a2,39fe4d1760f8e77900d6211bbbc5b88473bd838fb043b0039032071c023ad2a2,593934498,null,9500,0.0,matched_prior_exact,0,stationary,1,"{""fraction"":0.25,""k"":1,""stage"":""c7-timing""}",afb392704cd91dc121192dd93c7aa1904370ee07844253dff5b4afaa9642f3ae,0.9914862002893672,10597,10598,1.1139800875164576,none,-0.00026215349326719206,True,revision_C_base@712b395,712b395,5ede81cb5815049fe381f461ce5502b4a13d3d3945ab77c4b78242c6d10572b8,c7-timing_20260911_041506_496602_705c3cf8,705c3cf8d1b3a80735499262310009dc0b3cd9c5e151de83f16ab60a82062b6e,none,none,none,evidence,revision_B_base,revision_B_base,0.5,0.8,10000.0,none,5,200000.0,xlarge,45.0,80.0,5.0,0.5,1.0
5,50,dynamic_evidence_3step,dynamic_3step,midflight_failure,[1],c4_frozen,759396235,0.5,4261,100012.67920007632,4261.0,[],[],True,0,0.0,0,0.2831517534098869,8199.1233079444,7883.710079444562,3821.0934015847665,0.283622010402414,0.18097681105450875,0.10217494235537816,0.12475219717152385,11.51562287732645,0.9131614493933334,9585,9586,0.2600199217920297,6730.762443519002,0.8412401504210726,200019.29195004475,1.0000964597502238,budget_exhausted,5.000000000114857,True,True,True,"[[488974.1073268375,5514303.110834124],[488853.92523275554,5514363.110834124],[488944.06180331705,5514453.110834124],[489004.152850358,5514393.110834124],[488914.01627979655,5514393.110834124]]",a9870407c9be3f8cada061a5c5350e112c9f130eb89718ecbe80ebea8df39327,a64e5f9e18c18cec0c84b155a207edf3ada891fcc681c81dea6fb5d70d807630,ff577772b9accbd08df04a31d5ac0e04b09975dc2e99dca4a69d9a3a8a943bf4,593934498,null,4113,491.6606195564673,matched_prior_exact,0,stationary,1,"{""fraction"":0.5,""k"":1,""stage"":""c7-timing""}",e48f7e450930aa2cad23001d8a223a0347fc2e867d4f90039ce62228ac53c328,0.8177860869683222,10025,10026,1.065248641948571,none,-0.001086530710036171,True,revision_C_base@712b395,712b395,5ede81cb5815049fe381f461ce5502b4a13d3d3945ab77c4b78242c6d10572b8,c7-timing_20260911_041506_496602_705c3cf8,705c3cf8d1b3a80735499262310009dc0b3cd9c5e151de83f16ab60a82062b6e,none,none,none,evidence,revision_B_base,revision_B_base,0.5,0.8,10000.0,none,5,200000.0,xlarge,45.0,80.0,5.0,0.5,1.0
5,50,online_static_3step,online_static_3step,midflight_failure,[1],c4_frozen,759396235,0.5,4343,100024.3811939218,4343.0,[],[],True,0,0.0,0,0.11072209735822697,9059.321067695691,9059.321067695691,4006.4440248851147,0.11084886302284992,0.11072209735822672,2.498001805406602e-16,2.80902268906694e-16,46.58105981112277,0.9785320470582934,10025,10026,0.11072209735822697,7258.533314846216,0.9072032639477835,200001.61328507581,1.000008066425379,budget_exhausted,5.000000000114857,True,True,True,"[[488974.1073268375,5514303.110834124],[488853.92523275554,5514363.110834124],[488944.06180331705,5514453.110834124],[489004.152850358,5514393.110834124],[488914.01627979655,5514393.110834124]]",a9870407c9be3f8cada061a5c5350e112c9f130eb89718ecbe80ebea8df39327,eb79821a28cbfc4e593c6960544777d84bc8b2f2b126d47322787a3ccd415394,5610bf634d0bc07ada51e4b1b6302490e7c38f31c6ec5f6c854fec746c058094,593934498,null,4904,541.0142226185708,matched_prior_exact,0,stationary,1,"{""fraction"":0.5,""k"":1,""stage"":""c7-timing""}",e48f7e450930aa2cad23001d8a223a0347fc2e867d4f90039ce62228ac53c328,0.9035827915116389,10025,10026,1.0000000000000024,none,-3.3306690738754696e-16,True,revision_C_base@712b395,712b395,5ede81cb5815049fe381f461ce5502b4a13d3d3945ab77c4b78242c6d10572b8,c7-timing_20260911_041506_496602_705c3cf8,705c3cf8d1b3a80735499262310009dc0b3cd9c5e151de83f16ab60a82062b6e,none,none,none,evidence,revision_B_base,revision_B_base,0.5,0.8,10000.0,none,5,200000.0,xlarge,45.0,80.0,5.0,0.5,1.0
5,50,pizza_replan_midflight,pizza_replan,midflight_failure,[1],c4_frozen,759396235,0.5,4009,100021.69289733947,4009.0,[],[],True,0,0.0,0,0.21144958430665148,8469.344631190317,7672.12016092421,3622.290915061083,0.21159403311419547,0.17589456797854147,0.035555016328110006,0.04314377135082906,16.787203843214325,0.9404308180600179,9014,9015,0.19881333960539194,6864.2124130929615,0.8579193117226549,200018.77977861627,1.0000938988930814,budget_exhausted,5.000000000905505,True,True,True,"[[488974.1073268375,5514303.110834124],[488853.92523275554,5514363.110834124],[488944.06180331705,5514453.110834124],[489004.152850358,5514393.110834124],[488914.01627979655,5514393.110834124]]",a9870407c9be3f8cada061a5c5350e112c9f130eb89718ecbe80ebea8df39327,04de7d7cbba6d04f0d994b3b01153b48e4e32dbf8af6de2a0c292b0a214ee3e3,e14641001cd987b546029ee407eccaac031c1c5768cf4e040008afa292e29086,593934498,"{""assignment"":{""0"":[3,""forward""],""2"":[1,""forward""],""3"":[0,""forward""],""4"":[2,""forward""]},""assignment_cost"":3143.221184095398,""deadhead_fraction_remaining_budget"":0.03143903187786377,""deadhead_per_drone"":{""0"":1036.6962349081425,""2"":928.3982407345513,""3"":26.037472509782,""4"":1152.0892359429222},""deadhead_total"":3143.221184095398,""empty_sectors"":0,""generator"":""generate_pizza_zigzag_path(overlap=0.0, path_point_spacing_m=10.0, border_gap_m=0.0)"",""num_sectors"":4,""orientations_per_sector"":{""0"":""forward"",""2"":""forward"",""3"":""forward"",""4"":""forward""},""prefix_removed_total"":3034,""route_length_after_replan"":{""0"":1170341.9047108302,""2"":1170341.9047108279,""3"":1148846.3918423476,""4"":1170085.317493389},""search_inactive_uav_ids"":[],""suffix_removed_total"":0,""survivor_ids"":[0,2,3,4],""task_splits"":0}",0,0.0,matched_prior_exact,0,stationary,1,"{""fraction"":0.5,""k"":1,""stage"":""c7-timing""}",e48f7e450930aa2cad23001d8a223a0347fc2e867d4f90039ce62228ac53c328,0.8447381439447753,10025,10026,0.753025099376332,none,0.03212154155285274,True,revision_C_base@712b395,712b395,5ede81cb5815049fe381f461ce5502b4a13d3d3945ab77c4b78242c6d10572b8,c7-timing_20260911_041506_496602_705c3cf8,705c3cf8d1b3a80735499262310009dc0b3cd9c5e151de83f16ab60a82062b6e,none,none,none,evidence,revision_B_base,revision_B_base,0.5,0.8,10000.0,none,5,200000.0,xlarge,45.0,80.0,5.0,0.5,1.0
5,50,pizza_fixed_midflight,pizza_fixed,midflight_failure,[1],c4_frozen,759396235,0.5,4009,100021.69289733947,4009.0,[],[],True,0,0.0,0,0.2759934125678537,8209.814101103138,7476.395428034088,3622.290915061083,0.27634967262352866,0.17589456797854147,0.10009884458931223,0.12146363887418934,10.948171383759892,0.9086605456794947,9012,9013,0.25973454031166443,6735.292729049431,0.8418063653355119,200002.27601400265,1.0000113800700132,budget_exhausted,5.000000000887461,True,True,True,"[[488974.1073268375,5514303.110834124],[488853.92523275554,5514363.110834124],[488944.06180331705,5514453.110834124],[489004.152850358,5514393.110834124],[488914.01627979655,5514393.110834124]]",a9870407c9be3f8cada061a5c5350e112c9f130eb89718ecbe80ebea8df39327,b1a8bd409e6d6f13b3ac97e4f0c471076642713506dca9c455faf75861217f2e,e14641001cd987b546029ee407eccaac031c1c5768cf4e040008afa292e29086,593934498,null,0,0.0,matched_prior_exact,0,stationary,1,"{""fraction"":0.5,""k"":1,""stage"":""c7-timing""}",e48f7e450930aa2cad23001d8a223a0347fc2e867d4f90039ce62228ac53c328,0.8188523938862097,10025,10026,0.9828818893524938,none,0.006235791494287102,True,revision_C_base@712b395,712b395,5ede81cb5815049fe381f461ce5502b4a13d3d3945ab77c4b78242c6d10572b8,c7-timing_20260911_041506_496602_705c3cf8,705c3cf8d1b3a80735499262310009dc0b3cd9c5e151de83f16ab60a82062b6e,none,none,none,evidence,revision_B_base,revision_B_base,0.5,0.8,10000.0,none,5,200000.0,xlarge,45.0,80.0,5.0,0.5,1.0
5,50,random_uniform_n8_uncoordinated,random_uniform_n8_uncoordinated,midflight_failure,[1],c4_frozen,759396235,0.5,4000,100000.0,4000.0,[],[],True,0,0.0,0,0.013325968063652069,9943.353370127097,8932.012487392525,3982.513140084844,0.013357113307419724,0.007908258598446235,0.005417709465205834,0.005460895640106927,352.78472222222223,0.9971654101297218,9000,9001,0.011690921674749853,7944.213675832547,0.9929025966544865,200000.0,1.0,budget_exhausted,5.000000000464833,True,True,True,"[[488974.1073268375,5514303.110834124],[488853.92523275554,5514363.110834124],[488944.06180331705,5514453.110834124],[489004.152850358,5514393.110834124],[488914.01627979655,5514393.110834124]]",a9870407c9be3f8cada061a5c5350e112c9f130eb89718ecbe80ebea8df39327,210594f08e095f8e771596430b2732549cdcc28ba0ce8cf58b0a130baae45ea6,4388dd74ee8be4c846fa09cf86580c48b7626e42085cbea365cd22dfcd2a81ea,593934498,null,9000,0.0,matched_prior_exact,0,stationary,1,"{""fraction"":0.5,""k"":1,""stage"":""c7-timing""}",e48f7e450930aa2cad23001d8a223a0347fc2e867d4f90039ce62228ac53c328,0.9917567694122379,10025,10026,1.0898898997901858,none,8.415629603519825e-06,True,revision_C_base@712b395,712b395,5ede81cb5815049fe381f461ce5502b4a13d3d3945ab77c4b78242c6d10572b8,c7-timing_20260911_041506_496602_705c3cf8,705c3cf8d1b3a80735499262310009dc0b3cd9c5e151de83f16ab60a82062b6e,none,none,none,evidence,revision_B_base,revision_B_base,0.5,0.8,10000.0,none,5,200000.0,xlarge,45.0,80.0,5.0,0.5,1.0
5,50,dynamic_evidence_3step,dynamic_3step,midflight_failure,[1],c4_frozen,759396235,0.75,6394,150010.26862391116,6394.0,[],[],True,0,0.0,0,0.2709243722634255,7768.627546784662,7494.495110755684,5511.157785404274,0.2713114452865111,0.23298606112464892,0.03793831113877655,0.049462349008160565,12.734560480841473,0.9214735364047741,9049,9050,0.25767121957610367,6722.743269511728,0.8402378789540967,200003.93163654165,1.0000196581827083,budget_exhausted,5.000000000122376,True,True,True,"[[488974.1073268375,5514303.110834124],[488853.92523275554,5514363.110834124],[488944.06180331705,5514453.110834124],[489004.152850358,5514393.110834124],[488914.01627979655,5514393.110834124]]",a9870407c9be3f8cada061a5c5350e112c9f130eb89718ecbe80ebea8df39327,90457937dd966d3a0187612984f3245c95d3199352ada396882a6a21626c4e59,31f0340fae0efc7481bada6815b3bce9ac403f89754a4d340610853c795b3d46,593934498,null,4032,466.5195302522043,matched_prior_exact,0,stationary,1,"{""fraction"":0.75,""k"":1,""stage"":""c7-timing""}",1afd6aad4615879250c18a49e0765e646d736ba5546c63af535ab9149ba3f9ac,0.8241701195400659,9425,9426,1.0192478632000797,none,0.005297501861707521,True,revision_C_base@712b395,712b395,5ede81cb5815049fe381f461ce5502b4a13d3d3945ab77c4b78242c6d10572b8,c7-timing_20260911_041506_496602_705c3cf8,705c3cf8d1b3a80735499262310009dc0b3cd9c5e151de83f16ab60a82062b6e,none,none,none,evidence,revision_B_base,revision_B_base,0.5,0.8,10000.0,none,5,200000.0,xlarge,45.0,80.0,5.0,0.5,1.0
5,50,online_static_3step,online_static_3step,midflight_failure,[1],c4_frozen,759396235,0.75,6583,150002.47108699917,6583.0,[],[],True,0,0.0,0,0.11072209735822697,8525.754326110531,8525.754326110531,5998.4265268026,0.11084886302284992,0.11072209735822672,2.498001805406602e-16,2.80902268906694e-16,46.41343126967471,0.978454512570085,9425,9426,0.11072209735822697,7258.533314846217,0.9072032639477836,200014.79367534758,1.000073968376738,budget_exhausted,5.000000000114857,True,True,True,"[[488974.1073268375,5514303.110834124],[488853.92523275554,5514363.110834124],[488944.06180331705,5514453.110834124],[489004.152850358,5514393.110834124],[488914.01627979655,5514393.110834124]]",a9870407c9be3f8cada061a5c5350e112c9f130eb89718ecbe80ebea8df39327,ac58f28f6d43e8fed31038e178f40a88dd5e9d02bad3a69a9af238372e5cc4f1,947a4eeb98f1240e4d0592f9af3f09994f1327d156e6f1f6e8cc7f1a0b53d2b6,593934498,null,4751,514.404273228196,matched_prior_exact,0,stationary,1,"{""fraction"":0.75,""k"":1,""stage"":""c7-timing""}",1afd6aad4615879250c18a49e0765e646d736ba5546c63af535ab9149ba3f9ac,0.9044933509559231,9425,9426,1.0000000000000024,none,0.0009105594442838649,True,revision_C_base@712b395,712b395,5ede81cb5815049fe381f461ce5502b4a13d3d3945ab77c4b78242c6d10572b8,c7-timing_20260911_041506_496602_705c3cf8,705c3cf8d1b3a80735499262310009dc0b3cd9c5e151de83f16ab60a82062b6e,none,none,none,evidence,revision_B_base,revision_B_base,0.5,0.8,10000.0,none,5,200000.0,xlarge,45.0,80.0,5.0,0.5,1.0
5,50,pizza_replan_midflight,pizza_replan,midflight_failure,[1],c4_frozen,759396235,0.75,6010,150001.10322139825,6010.0,[],[],True,0,0.0,0,0.24471227783230293,7808.138308089167,7120.071193194633,5213.468372076145,0.24495633189743066,0.23306013297290257,0.01165214485940036,0.015193035804186022,13.677499777401835,0.9268872223524204,8514,8515,0.24215514630783203,6731.183832848153,0.8412928175038311,200019.3628930791,1.0000968144653954,budget_exhausted,5.000000000858565,True,True,True,"[[488974.1073268375,5514303.110834124],[488853.92523275554,5514363.110834124],[488944.06180331705,5514453.110834124],[489004.152850358,5514393.110834124],[488914.01627979655,5514393.110834124]]",a9870407c9be3f8cada061a5c5350e112c9f130eb89718ecbe80ebea8df39327,06fdacc5819f477bd34f46ea8db066b0dac1e4a090028e97695cc500ae55ae26,da018cf18907fc2a8b769befcbbbd4bb94be4e09e61cdbdedb4fa538cb17457d,593934498,"{""assignment"":{""0"":[3,""forward""],""2"":[0,""forward""],""3"":[1,""forward""],""4"":[2,""forward""]},""assignment_cost"":5090.455792460067,""deadhead_fraction_remaining_budget"":0.10181136225866992,""deadhead_per_drone"":{""0"":1303.11198761926,""2"":437.43515653253615,""3"":1760.9238039298657,""4"":1588.9848443784051},""deadhead_total"":5090.455792460067,""empty_sectors"":0,""generator"":""generate_pizza_zigzag_path(overlap=0.0, path_point_spacing_m=10.0, border_gap_m=0.0)"",""num_sectors"":4,""orientations_per_sector"":{""0"":""forward"",""2"":""forward"",""3"":""forward"",""4"":""forward""},""prefix_removed_total"":4117,""route_length_after_replan"":{""0"":1170341.9047108302,""2"":1137671.5143322912,""3"":1170341.9047108279,""4"":1170085.317493389},""search_inactive_uav_ids"":[],""suffix_removed_total"":0,""survivor_ids"":[0,2,3,4],""task_splits"":0}",0,0.0,matched_prior_exact,0,stationary,1,"{""fraction"":0.75,""k"":1,""stage"":""c7-timing""}",1afd6aad4615879250c18a49e0765e646d736ba5546c63af535ab9149ba3f9ac,0.8283617980149763,9425,9426,0.8714819087373435,none,0.015745195623053765,True,revision_C_base@712b395,712b395,5ede81cb5815049fe381f461ce5502b4a13d3d3945ab77c4b78242c6d10572b8,c7-timing_20260911_041506_496602_705c3cf8,705c3cf8d1b3a80735499262310009dc0b3cd9c5e151de83f16ab60a82062b6e,none,none,none,evidence,revision_B_base,revision_B_base,0.5,0.8,10000.0,none,5,200000.0,xlarge,45.0,80.0,5.0,0.5,1.0
5,50,pizza_fixed_midflight,pizza_fixed,midflight_failure,[1],c4_frozen,759396235,0.75,6010,150001.10322139825,6010.0,[],[],True,0,0.0,0,0.27903270926703205,7730.122748127523,7071.879611688424,5213.468372076145,0.27941239722339617,0.23306013297290257,0.045972576294129486,0.05994286940948029,10.963796058269066,0.9087907149416753,8512,8513,0.2712155991895017,6700.688607164352,0.8374813907217038,200005.38348151714,1.0000269174075858,budget_exhausted,5.000000000887461,True,True,True,"[[488974.1073268375,5514303.110834124],[488853.92523275554,5514363.110834124],[488944.06180331705,5514453.110834124],[489004.152850358,5514393.110834124],[488914.01627979655,5514393.110834124]]",a9870407c9be3f8cada061a5c5350e112c9f130eb89718ecbe80ebea8df39327,ccc617b04c65733427b9cd20ef624486ef0c6b1247f8ddbf1eeda4fcc37d3c74,da018cf18907fc2a8b769befcbbbd4bb94be4e09e61cdbdedb4fa538cb17457d,593934498,null,0,0.0,matched_prior_exact,0,stationary,1,"{""fraction"":0.75,""k"":1,""stage"":""c7-timing""}",1afd6aad4615879250c18a49e0765e646d736ba5546c63af535ab9149ba3f9ac,0.8200851631792407,9425,9426,0.9937055885639987,none,0.007468560787318168,True,revision_C_base@712b395,712b395,5ede81cb5815049fe381f461ce5502b4a13d3d3945ab77c4b78242c6d10572b8,c7-timing_20260911_041506_496602_705c3cf8,705c3cf8d1b3a80735499262310009dc0b3cd9c5e151de83f16ab60a82062b6e,none,none,none,evidence,revision_B_base,revision_B_base,0.5,0.8,10000.0,none,5,200000.0,xlarge,45.0,80.0,5.0,0.5,1.0
5,50,random_uniform_n8_uncoordinated,random_uniform_n8_uncoordinated,midflight_failure,[1],c4_frozen,759396235,0.75,6000,150000.0,6000.0,[],[],True,0,0.0,0,0.01191014156776192,9351.915910354548,8437.932791304695,5965.7267175916095,0.011930067907658593,0.009783602320688107,0.002126539247073813,0.00214755002245732,398.9476439790576,0.9974934054252681,8500,8501,0.011728343060108296,7943.833376140427,0.9928550651344116,200000.0,1.0,budget_exhausted,5.000000000464833,True,True,True,"[[488974.1073268375,5514303.110834124],[488853.92523275554,5514363.110834124],[488944.06180331705,5514453.110834124],[489004.152850358,5514393.110834124],[488914.01627979655,5514393.110834124]]",a9870407c9be3f8cada061a5c5350e112c9f130eb89718ecbe80ebea8df39327,d27470efd1641b94f4438c4f77130a4ea08a6253dd7a7c8ab600952bf070b60e,e7bcd1cfc320c84d08233e438ec78e17186b473b002a28a1499c779884ae36a5,593934498,null,8500,0.0,matched_prior_exact,0,stationary,1,"{""fraction"":0.75,""k"":1,""stage"":""c7-timing""}",1afd6aad4615879250c18a49e0765e646d736ba5546c63af535ab9149ba3f9ac,0.9921404530399478,9425,9426,0.9740938097533988,none,0.00039209925731342743,True,revision_C_base@712b395,712b395,5ede81cb5815049fe381f461ce5502b4a13d3d3945ab77c4b78242c6d10572b8,c7-timing_20260911_041506_496602_705c3cf8,705c3cf8d1b3a80735499262310009dc0b3cd9c5e151de83f16ab60a82062b6e,none,none,none,evidence,revision_B_base,revision_B_base,0.5,0.8,10000.0,none,5,200000.0,xlarge,45.0,80.0,5.0,0.5,1.0
5,51,dynamic_evidence_3step,dynamic_3step,midflight_failure,[1],c4_frozen,1954673922,0.25,2126,50014.35321329972,2126.0,[],[],True,0,0.0,0,0.28473621630389506,8672.190853541004,8361.766371416828,2001.0772317082399,0.28512690016751296,0.10421945397147467,0.1805167623324204,0.20151895811172485,11.542056708723376,0.9133603286453956,10152,10153,0.25245584723732645,6790.046346611551,0.8486497121124298,200010.62694581941,1.000053134729097,budget_exhausted,5.000000000341401,True,True,True,"[[489004.152850358,5514363.110834124],[488944.06180331705,5514423.110834124],[488944.06180331705,5514333.110834124],[488974.1073268375,5514303.110834124],[488883.97075627604,5514423.110834124]]",8fe1cd6d82d7fc5aa985197edfb9e7d842fe31316527dd42dfcdb207a45ad25c,74790cc41b776df4e5e387a28d16e0f7fe6b0b43ff73c3c20b0cf632599f0711,37fd3b118ebb25f7ca147554ffd59c57bea194edb7aa29d3685bfa465eea7e07,3037366208,null,4230,494.62080121741747,matched_prior_exact,0,stationary,1,"{""fraction"":0.25,""k"":1,""stage"":""c7-timing""}",afb392704cd91dc121192dd93c7aa1904370ee07844253dff5b4afaa9642f3ae,0.8191358131237371,10586,10587,0.9943655649431165,none,0.0053763100335856295,True,revision_C_base@712b395,712b395,5ede81cb5815049fe381f461ce5502b4a13d3d3945ab77c4b78242c6d10572b8,c7-timing_20260911_041506_496602_705c3cf8,705c3cf8d1b3a80735499262310009dc0b3cd9c5e151de83f16ab60a82062b6e,none,none,none,evidence,revision_B_base,revision_B_base,0.5,0.8,10000.0,none,5,200000.0,xlarge,45.0,80.0,5.0,0.5,1.0
5,51,online_static_3step,online_static_3step,midflight_failure,[1],c4_frozen,1954673922,0.25,2128,50001.09976761651,2128.0,[],[],True,0,0.0,0,0.12205469639377398,9456.427356453654,9456.427356453654,2012.2869743840922,0.12224288749894992,0.09932231140254483,0.02273238499122915,0.02523920074741527,43.95917862444335,0.9772516222711233,10586,10587,0.12205469639377398,7186.06080132757,0.8981453319994462,200007.43669737544,1.000037183486877,budget_exhausted,5.000000000114857,True,True,True,"[[489004.152850358,5514363.110834124],[488944.06180331705,5514423.110834124],[488944.06180331705,5514333.110834124],[488974.1073268375,5514303.110834124],[488883.97075627604,5514423.110834124]]",8fe1cd6d82d7fc5aa985197edfb9e7d842fe31316527dd42dfcdb207a45ad25c,a45bfe4bf6c407e878d00f767781ea30deff3ef9d1e92148a2c17374eaca8a19,244b65fb1f8b0108ad3e7cb00a91c76f8415a0f5f624020e54c4e65f436d9dca,3037366208,null,4998,541.1734892168606,matched_prior_exact,0,stationary,1,"{""fraction"":0.25,""k"":1,""stage"":""c7-timing""}",afb392704cd91dc121192dd93c7aa1904370ee07844253dff5b4afaa9642f3ae,0.8932112360870553,10586,10587,1.0030685767129062,none,-0.0003061022638101152,True,revision_C_base@712b395,712b395,5ede81cb5815049fe381f461ce5502b4a13d3d3945ab77c4b78242c6d10572b8,c7-timing_20260911_041506_496602_705c3cf8,705c3cf8d1b3a80735499262310009dc0b3cd9c5e151de83f16ab60a82062b6e,none,none,none,evidence,revision_B_base,revision_B_base,0.5,0.8,10000.0,none,5,200000.0,xlarge,45.0,80.0,5.0,0.5,1.0
5,51,pizza_replan_midflight,pizza_replan,midflight_failure,[1],c4_frozen,1954673922,0.25,2006,50004.25010644212,2006.0,[],[],True,0,0.0,0,0.2630407591107445,8847.761593021176,8057.004327546541,1902.2185261156014,0.2633577216276392,0.10175993639362169,0.1612808227171228,0.1795520254013056,12.23872045834328,0.9182921120386986,9513,9514,0.23254535344989674,6919.228415286724,0.8647954524792806,200011.9027789933,1.0000595138949666,budget_exhausted,5.000000000896076,True,True,True,"[[489004.152850358,5514363.110834124],[488944.06180331705,5514423.110834124],[488944.06180331705,5514333.110834124],[488974.1073268375,5514303.110834124],[488883.97075627604,5514423.110834124]]",8fe1cd6d82d7fc5aa985197edfb9e7d842fe31316527dd42dfcdb207a45ad25c,5cc501a1b7e26a0fa7a4ca993b533d04efa7b2f7eb850c9c845224974412eed5,10f67a2816ab27ffff27fff8f449f99882b3be54c4eb6fab13b71a4cd240698a,3037366208,"{""assignment"":{""0"":[0,""forward""],""2"":[2,""forward""],""3"":[3,""forward""],""4"":[1,""forward""]},""assignment_cost"":2071.566898085798,""deadhead_fraction_remaining_budget"":0.01381083730409597,""deadhead_per_drone"":{""0"":12.194891812791782,""2"":843.5357924124523,""3"":530.3136213309286,""4"":685.5225925296256},""deadhead_total"":2071.566898085798,""empty_sectors"":0,""generator"":""generate_pizza_zigzag_path(overlap=0.0, path_point_spacing_m=10.0, border_gap_m=0.0)"",""num_sectors"":4,""orientations_per_sector"":{""0"":""forward"",""2"":""forward"",""3"":""forward"",""4"":""forward""},""prefix_removed_total"":2678,""route_length_after_replan"":{""0"":1161061.395530905,""2"":1161303.1826265343,""3"":1170341.9047108302,""4"":1170341.9047108279},""search_inactive_uav_ids"":[],""suffix_removed_total"":0,""survivor_ids"":[0,2,3,4],""task_splits"":0}",0,0.0,matched_prior_exact,0,stationary,1,"{""fraction"":0.25,""k"":1,""stage"":""c7-timing""}",afb392704cd91dc121192dd93c7aa1904370ee07844253dff5b4afaa9642f3ae,0.8357194288298079,10586,10587,0.936601931149674,none,0.023014747794073642,True,revision_C_base@712b395,712b395,5ede81cb5815049fe381f461ce5502b4a13d3d3945ab77c4b78242c6d10572b8,c7-timing_20260911_041506_496602_705c3cf8,705c3cf8d1b3a80735499262310009dc0b3cd9c5e151de83f16ab60a82062b6e,none,none,none,evidence,revision_B_base,revision_B_base,0.5,0.8,10000.0,none,5,200000.0,xlarge,45.0,80.0,5.0,0.5,1.0
5,51,pizza_fixed_midflight,pizza_fixed,midflight_failure,[1],c4_frozen,1954673922,0.25,2006,50004.25010644212,2006.0,[],[],True,0,0.0,0,0.2675876797978358,8725.611357829952,7939.000525932664,1902.2185261156014,0.26795384512334985,0.10175993639362169,0.16582774340421413,0.18461405822673507,10.919610491150756,0.9084216418881975,9512,9513,0.2436520746032543,6813.676684934065,0.851603135224855,200003.44544044172,1.0000172272022085,budget_exhausted,5.000000000904733,True,True,True,"[[489004.152850358,5514363.110834124],[488944.06180331705,5514423.110834124],[488944.06180331705,5514333.110834124],[488974.1073268375,5514303.110834124],[488883.97075627604,5514423.110834124]]",8fe1cd6d82d7fc5aa985197edfb9e7d842fe31316527dd42dfcdb207a45ad25c,45382f7e9e104a0a51e5cee97761ed1bce5cc2622fb5a89b4b54f4c6ed55667b,10f67a2816ab27ffff27fff8f449f99882b3be54c4eb6fab13b71a4cd240698a,3037366208,null,0,0.0,matched_prior_exact,0,stationary,1,"{""fraction"":0.25,""k"":1,""stage"":""c7-timing""}",afb392704cd91dc121192dd93c7aa1904370ee07844253dff5b4afaa9642f3ae,0.8241816716567443,10586,10587,0.9527920254556336,none,0.011476990621010041,True,revision_C_base@712b395,712b395,5ede81cb5815049fe381f461ce5502b4a13d3d3945ab77c4b78242c6d10572b8,c7-timing_20260911_041506_496602_705c3cf8,705c3cf8d1b3a80735499262310009dc0b3cd9c5e151de83f16ab60a82062b6e,none,none,none,evidence,revision_B_base,revision_B_base,0.5,0.8,10000.0,none,5,200000.0,xlarge,45.0,80.0,5.0,0.5,1.0
5,51,random_uniform_n8_uncoordinated,random_uniform_n8_uncoordinated,midflight_failure,[1],c4_frozen,1954673922,0.25,2000,50000.0,2000.0,[],[],True,0,0.0,0,0.011460789823235333,10508.888585573379,9435.33500332076,1996.231666072669,0.011492885539891785,0.005081608251156913,0.0063791815720784205,0.0064117636431117245,405.53066666666666,0.9975340952431053,9500,9501,0.010047545146946404,7951.503650453905,0.9938137295905393,200000.0,1.0,budget_exhausted,5.000000000466379,True,True,True,"[[489004.152850358,5514363.110834124],[488944.06180331705,5514423.110834124],[488944.06180331705,5514333.110834124],[488974.1073268375,5514303.110834124],[488883.97075627604,5514423.110834124]]",8fe1cd6d82d7fc5aa985197edfb9e7d842fe31316527dd42dfcdb207a45ad25c,d234bc9dd57d53d83037ab91c55cc13cddd1fdf0e136a8635aebcad58e24ba1c,5f60ebeb38a5f5297cb91eac480ee7d99235063c07a10169d419de8d3fa89826,3037366208,null,9500,0.0,matched_prior_exact,0,stationary,1,"{""fraction"":0.25,""k"":1,""stage"":""c7-timing""}",afb392704cd91dc121192dd93c7aa1904370ee07844253dff5b4afaa9642f3ae,0.9926219500872182,10586,10587,1.026077976487221,none,1.0501603737056442e-05,True,revision_C_base@712b395,712b395,5ede81cb5815049fe381f461ce5502b4a13d3d3945ab77c4b78242c6d10572b8,c7-timing_20260911_041506_496602_705c3cf8,705c3cf8d1b3a80735499262310009dc0b3cd9c5e151de83f16ab60a82062b6e,none,none,none,evidence,revision_B_base,revision_B_base,0.5,0.8,10000.0,none,5,200000.0,xlarge,45.0,80.0,5.0,0.5,1.0
5,51,dynamic_evidence_3step,dynamic_3step,midflight_failure,[1],c4_frozen,1954673922,0.5,4256,100012.38981592718,4256.0,[],[],True,0,0.0,0,0.2862351661235306,8186.484532480778,7902.4061285977,3828.288623995455,0.28664866049787313,0.17892577911943616,0.10730938700409445,0.130693893773708,11.52861793028618,0.9132593337686249,9610,9611,0.2627690539383507,6735.11419733867,0.8417840516608762,200007.89577848872,1.0000394788924436,budget_exhausted,5.000000000420844,True,True,True,"[[489004.152850358,5514363.110834124],[488944.06180331705,5514423.110834124],[488944.06180331705,5514333.110834124],[488974.1073268375,5514303.110834124],[488883.97075627604,5514423.110834124]]",8fe1cd6d82d7fc5aa985197edfb9e7d842fe31316527dd42dfcdb207a45ad25c,a7299465a74da179bb2138d86e1ff1496fbf7e552f0cd859ec8176910c79b939,c8f183933e0c6ff5cfe49feef2d770a82b30a24d761833218de405b95c77c2bc,3037366208,null,4141,475.56119444742217,matched_prior_exact,0,stationary,1,"{""fraction"":0.5,""k"":1,""stage"":""c7-timing""}",e48f7e450930aa2cad23001d8a223a0347fc2e867d4f90039ce62228ac53c328,0.8179123321491436,10008,10009,0.9996002488325466,none,0.004152829058992169,True,revision_C_base@712b395,712b395,5ede81cb5815049fe381f461ce5502b4a13d3d3945ab77c4b78242c6d10572b8,c7-timing_20260911_041506_496602_705c3cf8,705c3cf8d1b3a80735499262310009dc0b3cd9c5e151de83f16ab60a82062b6e,none,none,none,evidence,revision_B_base,revision_B_base,0.5,0.8,10000.0,none,5,200000.0,xlarge,45.0,80.0,5.0,0.5,1.0
5,51,online_static_3step,online_static_3step,midflight_failure,[1],c4_frozen,1954673922,0.5,4325,100010.55286341014,4325.0,[],[],True,0,0.0,0,0.12168130796575438,8943.215039553812,8943.215039553812,3951.7299127232254,0.12188191516899374,0.12168130796575438,0.0,0.0,44.04626865671642,0.9772966012673241,10008,10009,0.12168130796575438,7179.551105949293,0.8973317217784393,200002.784954564,1.00001392477282,budget_exhausted,5.000000000114857,True,True,True,"[[489004.152850358,5514363.110834124],[488944.06180331705,5514423.110834124],[488944.06180331705,5514333.110834124],[488974.1073268375,5514303.110834124],[488883.97075627604,5514423.110834124]]",8fe1cd6d82d7fc5aa985197edfb9e7d842fe31316527dd42dfcdb207a45ad25c,ca9aef7cf923aa829ba53678c5de5512c7f42da84546f86851e0a98300dd7ac3,c931ee191025294294eacbc21623f80b6d0534085f61b9c999549ae04ac1531d,3037366208,null,4211,434.82682793872664,matched_prior_exact,0,stationary,1,"{""fraction"":0.5,""k"":1,""stage"":""c7-timing""}",e48f7e450930aa2cad23001d8a223a0347fc2e867d4f90039ce62228ac53c328,0.8935173383508654,10008,10009,1.0000000000000007,none,0.0,True,revision_C_base@712b395,712b395,5ede81cb5815049fe381f461ce5502b4a13d3d3945ab77c4b78242c6d10572b8,c7-timing_20260911_041506_496602_705c3cf8,705c3cf8d1b3a80735499262310009dc0b3cd9c5e151de83f16ab60a82062b6e,none,none,none,evidence,revision_B_base,revision_B_base,0.5,0.8,10000.0,none,5,200000.0,xlarge,45.0,80.0,5.0,0.5,1.0
5,51,pizza_replan_midflight,pizza_replan,midflight_failure,[1],c4_frozen,1954673922,0.5,4008,100001.3182258127,4008.0,[],[],True,0,0.0,0,0.23402471082204185,8367.414231975587,7605.268819243359,3621.1234844811884,0.23425220900777075,0.17597212439804616,0.05805258642399569,0.07044978470126168,14.419986875410144,0.9306518092810985,9013,9014,0.22047895541652857,6821.55677460122,0.8525880233222373,200007.24910085052,1.0000362455042526,budget_exhausted,5.000000000916862,True,True,True,"[[489004.152850358,5514363.110834124],[488944.06180331705,5514423.110834124],[488944.06180331705,5514333.110834124],[488974.1073268375,5514303.110834124],[488883.97075627604,5514423.110834124]]",8fe1cd6d82d7fc5aa985197edfb9e7d842fe31316527dd42dfcdb207a45ad25c,c19ed2608e66d4e5fb93a572d376843d896bc6267f78e42e169eb60782780d33,caee782fe0db4e637d99af007eb976ac25de610c1be425338fd56b9ab4b74031,3037366208,"{""assignment"":{""0"":[0,""forward""],""2"":[1,""forward""],""3"":[3,""forward""],""4"":[2,""forward""]},""assignment_cost"":2871.6615587724154,""deadhead_fraction_remaining_budget"":0.028716994142553576,""deadhead_per_drone"":{""0"":31.037127245536002,""2"":1783.1498958507857,""3"":1035.462878986261,""4"":22.011656689832254},""deadhead_total"":2871.6615587724154,""empty_sectors"":0,""generator"":""generate_pizza_zigzag_path(overlap=0.0, path_point_spacing_m=10.0, border_gap_m=0.0)"",""num_sectors"":4,""orientations_per_sector"":{""0"":""forward"",""2"":""forward"",""3"":""forward"",""4"":""forward""},""prefix_removed_total"":4969,""route_length_after_replan"":{""0"":1148846.3918423476,""2"":1170341.9047108279,""3"":1170341.9047108302,""4"":1149743.0208679256},""search_inactive_uav_ids"":[],""suffix_removed_total"":0,""survivor_ids"":[0,2,3,4],""task_splits"":0}",0,0.0,matched_prior_exact,0,stationary,1,"{""fraction"":0.5,""k"":1,""stage"":""c7-timing""}",e48f7e450930aa2cad23001d8a223a0347fc2e867d4f90039ce62228ac53c328,0.8359890330677976,10008,10009,0.8332852932514031,none,0.02328435203206336,True,revision_C_base@712b395,712b395,5ede81cb5815049fe381f461ce5502b4a13d3d3945ab77c4b78242c6d10572b8,c7-timing_20260911_041506_496602_705c3cf8,705c3cf8d1b3a80735499262310009dc0b3cd9c5e151de83f16ab60a82062b6e,none,none,none,evidence,revision_B_base,revision_B_base,0.5,0.8,10000.0,none,5,200000.0,xlarge,45.0,80.0,5.0,0.5,1.0
5,51,pizza_fixed_midflight,pizza_fixed,midflight_failure,[1],c4_frozen,1954673922,0.5,4008,100001.3182258127,4008.0,[],[],True,0,0.0,0,0.27533582118518296,8200.544926026772,7478.7794039269775,3621.1234844811884,0.27570665628292723,0.17597212439804616,0.0993636967871368,0.12058293138997445,10.950114025085519,0.908676750058574,9012,9013,0.2587591438894927,6736.801833650492,0.8419949798338323,200007.8214946017,1.0000391074730084,budget_exhausted,5.000000000888166,True,True,True,"[[489004.152850358,5514363.110834124],[488944.06180331705,5514423.110834124],[488944.06180331705,5514333.110834124],[488974.1073268375,5514303.110834124],[488883.97075627604,5514423.110834124]]",8fe1cd6d82d7fc5aa985197edfb9e7d842fe31316527dd42dfcdb207a45ad25c,9249911bf914dda781fc89f606bd95ac9401fd9ab6ff0c2462847452d19a7c21,caee782fe0db4e637d99af007eb976ac25de610c1be425338fd56b9ab4b74031,3037366208,null,0,0.0,matched_prior_exact,0,stationary,1,"{""fraction"":0.5,""k"":1,""stage"":""c7-timing""}",e48f7e450930aa2cad23001d8a223a0347fc2e867d4f90039ce62228ac53c328,0.8193171072061917,10008,10009,0.980380617469827,none,0.0066124261704574305,True,revision_C_base@712b395,712b395,5ede81cb5815049fe381f461ce5502b4a13d3d3945ab77c4b78242c6d10572b8,c7-timing_20260911_041506_496602_705c3cf8,705c3cf8d1b3a80735499262310009dc0b3cd9c5e151de83f16ab60a82062b6e,none,none,none,evidence,revision_B_base,revision_B_base,0.5,0.8,10000.0,none,5,200000.0,xlarge,45.0,80.0,5.0,0.5,1.0
5,51,random_uniform_n8_uncoordinated,random_uniform_n8_uncoordinated,midflight_failure,[1],c4_frozen,1954673922,0.5,4000,100000.0,4000.0,[],[],True,0,0.0,0,0.011231037709171908,9936.951973590867,8940.272859602206,3984.1087290990536,0.01126282687541171,0.006581316388699035,0.004649721320472873,0.004680525338591466,412.19783197831975,0.9975739804472028,9000,9001,0.010123587831934377,7950.832658318289,0.993729866056529,200000.0,1.0,budget_exhausted,5.000000000466379,True,True,True,"[[489004.152850358,5514363.110834124],[488944.06180331705,5514423.110834124],[488944.06180331705,5514333.110834124],[488974.1073268375,5514303.110834124],[488883.97075627604,5514423.110834124]]",8fe1cd6d82d7fc5aa985197edfb9e7d842fe31316527dd42dfcdb207a45ad25c,1504e2dd72a6931647ea9d6d2d665ab479f273e7924dcb03e9d21c327ba6f5a9,5a66a4706040cfb5b7db971cde7e5fbe49967d40f33f08bdb989015c961949f7,3037366208,null,9000,0.0,matched_prior_exact,0,stationary,1,"{""fraction"":0.5,""k"":1,""stage"":""c7-timing""}",e48f7e450930aa2cad23001d8a223a0347fc2e867d4f90039ce62228ac53c328,0.992801675850821,10008,10009,1.0055084007487394,none,0.000190227367339868,True,revision_C_base@712b395,712b395,5ede81cb5815049fe381f461ce5502b4a13d3d3945ab77c4b78242c6d10572b8,c7-timing_20260911_041506_496602_705c3cf8,705c3cf8d1b3a80735499262310009dc0b3cd9c5e151de83f16ab60a82062b6e,none,none,none,evidence,revision_B_base,revision_B_base,0.5,0.8,10000.0,none,5,200000.0,xlarge,45.0,80.0,5.0,0.5,1.0
5,51,dynamic_evidence_3step,dynamic_3step,midflight_failure,[1],c4_frozen,1954673922,0.75,6400,150011.73791797226,6400.0,[],[],True,0,0.0,0,0.2859918338419768,7709.751723132918,7501.975346780608,5522.615930809554,0.28641424043528535,0.2391124652454953,0.04687936859648151,0.06161142935743693,11.431717470122196,0.9125240802518442,9088,9089,0.26880118315153184,6716.339084007846,0.8394374558190034,200009.26954051593,1.0000463477025796,budget_exhausted,5.000000000420844,True,True,True,"[[489004.152850358,5514363.110834124],[488944.06180331705,5514423.110834124],[488944.06180331705,5514333.110834124],[488974.1073268375,5514303.110834124],[488883.97075627604,5514423.110834124]]",8fe1cd6d82d7fc5aa985197edfb9e7d842fe31316527dd42dfcdb207a45ad25c,7ce0d8496520051bdf05f4a581b892fd440c2c1e96250ab55f2971fe9517f3b8,9c8d61cdc8d327742d041de41a2a4c4f4a3ad9a592955512fe08039f926dad7f,3037366208,null,4073,482.0918297849712,matched_prior_exact,0,stationary,1,"{""fraction"":0.75,""k"":1,""stage"":""c7-timing""}",1afd6aad4615879250c18a49e0765e646d736ba5546c63af535ab9149ba3f9ac,0.8219351517199274,9379,9380,0.9987504755063537,none,0.008175648629775933,True,revision_C_base@712b395,712b395,5ede81cb5815049fe381f461ce5502b4a13d3d3945ab77c4b78242c6d10572b8,c7-timing_20260911_041506_496602_705c3cf8,705c3cf8d1b3a80735499262310009dc0b3cd9c5e151de83f16ab60a82062b6e,none,none,none,evidence,revision_B_base,revision_B_base,0.5,0.8,10000.0,none,5,200000.0,xlarge,45.0,80.0,5.0,0.5,1.0
5,51,online_static_3step,online_static_3step,midflight_failure,[1],c4_frozen,1954673922,0.75,6538,150016.0683812726,6538.0,[],[],True,0,0.0,0,0.12168130796575438,8390.75258226435,8390.75258226435,5895.449178194971,0.12188191516899374,0.12168130796575438,0.0,0.0,43.65273631840796,0.9770919286088761,9379,9380,0.12168130796575438,7179.551105949293,0.8973317217784393,200003.47375149478,1.0000173687574738,budget_exhausted,5.000000000114857,True,True,True,"[[489004.152850358,5514363.110834124],[488944.06180331705,5514423.110834124],[488944.06180331705,5514333.110834124],[488974.1073268375,5514303.110834124],[488883.97075627604,5514423.110834124]]",8fe1cd6d82d7fc5aa985197edfb9e7d842fe31316527dd42dfcdb207a45ad25c,0910e114564ce7daede81dd74e7692a1cee2a06f02ad4d7e68758653c9f4b545,aff6d763a5ccd0b152364e9884effa20ebce4c3a6efe0c075bcdd695ef47ecfd,3037366208,null,4763,497.5351347529795,matched_prior_exact,0,stationary,1,"{""fraction"":0.75,""k"":1,""stage"":""c7-timing""}",1afd6aad4615879250c18a49e0765e646d736ba5546c63af535ab9149ba3f9ac,0.8945365226294616,9379,9380,1.0000000000000007,none,0.0010191842785961525,True,revision_C_base@712b395,712b395,5ede81cb5815049fe381f461ce5502b4a13d3d3945ab77c4b78242c6d10572b8,c7-timing_20260911_041506_496602_705c3cf8,705c3cf8d1b3a80735499262310009dc0b3cd9c5e151de83f16ab60a82062b6e,none,none,none,evidence,revision_B_base,revision_B_base,0.5,0.8,10000.0,none,5,200000.0,xlarge,45.0,80.0,5.0,0.5,1.0
5,51,pizza_replan_midflight,pizza_replan,midflight_failure,[1],c4_frozen,1954673922,0.75,6010,150011.8357009281,6010.0,[],[],True,0,0.0,0,0.2547332642426396,7753.923319397894,7108.522326231901,5212.9752842443295,0.2550322429781768,0.23311404873896735,0.02161921550367224,0.028190913483448977,12.857190663431775,0.9222225114196848,8513,8514,0.2498710118325803,6724.984282386517,0.8405179705519957,200014.42610399006,1.0000721305199503,budget_exhausted,5.000000000869438,True,True,True,"[[489004.152850358,5514363.110834124],[488944.06180331705,5514423.110834124],[488944.06180331705,5514333.110834124],[488974.1073268375,5514303.110834124],[488883.97075627604,5514423.110834124]]",8fe1cd6d82d7fc5aa985197edfb9e7d842fe31316527dd42dfcdb207a45ad25c,ffdb7bb8dab9132b4c7c7d0e48830def431a6497576e654a316d1d3f4480ee3d,3437d8367e164385d6d669d46372754868a3d44d79021e09d5e257db4692b653,3037366208,"{""assignment"":{""0"":[0,""forward""],""2"":[2,""forward""],""3"":[3,""forward""],""4"":[1,""forward""]},""assignment_cost"":4504.4883286058985,""deadhead_fraction_remaining_budget"":0.0901110971320371,""deadhead_per_drone"":{""0"":1666.828633428341,""2"":10.16303323110745,""3"":1303.11198761926,""4"":1524.3846743271904},""deadhead_total"":4504.4883286058985,""empty_sectors"":0,""generator"":""generate_pizza_zigzag_path(overlap=0.0, path_point_spacing_m=10.0, border_gap_m=0.0)"",""num_sectors"":4,""orientations_per_sector"":{""0"":""forward"",""2"":""forward"",""3"":""forward"",""4"":""forward""},""prefix_removed_total"":7292,""route_length_after_replan"":{""0"":1137671.5143322912,""2"":1136987.2978402814,""3"":1170341.9047108302,""4"":1170341.9047108279},""search_inactive_uav_ids"":[],""suffix_removed_total"":0,""survivor_ids"":[0,2,3,4],""task_splits"":0}",0,0.0,matched_prior_exact,0,stationary,1,"{""fraction"":0.75,""k"":1,""stage"":""c7-timing""}",1afd6aad4615879250c18a49e0765e646d736ba5546c63af535ab9149ba3f9ac,0.8266442771213107,9379,9380,0.9070216647195304,none,0.013939596085576489,True,revision_C_base@712b395,712b395,5ede81cb5815049fe381f461ce5502b4a13d3d3945ab77c4b78242c6d10572b8,c7-timing_20260911_041506_496602_705c3cf8,705c3cf8d1b3a80735499262310009dc0b3cd9c5e151de83f16ab60a82062b6e,none,none,none,evidence,revision_B_base,revision_B_base,0.5,0.8,10000.0,none,5,200000.0,xlarge,45.0,80.0,5.0,0.5,1.0
5,51,pizza_fixed_midflight,pizza_fixed,midflight_failure,[1],c4_frozen,1954673922,0.75,6010,150011.8357009281,6010.0,[],[],True,0,0.0,0,0.278571758952922,7697.711567869502,7072.23328288163,5212.9752842443295,0.278959550723952,0.23311404873896735,0.04545771021395467,0.059275711256942525,10.96837069827217,0.9088287561107387,8512,8513,0.27062535403499516,6700.760735983485,0.8374904056972234,200019.3487862009,1.0000967439310045,budget_exhausted,5.000000000888166,True,True,True,"[[489004.152850358,5514363.110834124],[488944.06180331705,5514423.110834124],[488944.06180331705,5514333.110834124],[488974.1073268375,5514303.110834124],[488883.97075627604,5514423.110834124]]",8fe1cd6d82d7fc5aa985197edfb9e7d842fe31316527dd42dfcdb207a45ad25c,3c3c31b7c6d7234c0ed23837241d3072aa141ca0e83bdd94f668c32b0610b680,3437d8367e164385d6d669d46372754868a3d44d79021e09d5e257db4692b653,3037366208,null,0,0.0,matched_prior_exact,0,stationary,1,"{""fraction"":0.75,""k"":1,""stage"":""c7-timing""}",1afd6aad4615879250c18a49e0765e646d736ba5546c63af535ab9149ba3f9ac,0.820651553077772,9379,9380,0.9919027312767924,none,0.007946872042037811,True,revision_C_base@712b395,712b395,5ede81cb5815049fe381f461ce5502b4a13d3d3945ab77c4b78242c6d10572b8,c7-timing_20260911_041506_496602_705c3cf8,705c3cf8d1b3a80735499262310009dc0b3cd9c5e151de83f16ab60a82062b6e,none,none,none,evidence,revision_B_base,revision_B_base,0.5,0.8,10000.0,none,5,200000.0,xlarge,45.0,80.0,5.0,0.5,1.0
5,51,random_uniform_n8_uncoordinated,random_uniform_n8_uncoordinated,midflight_failure,[1],c4_frozen,1954673922,0.75,6000,150000.0,6000.0,[],[],True,0,0.0,0,0.010370891062649894,9315.139965355484,8445.255978599504,5969.1791412579805,0.010417203286620378,0.008424956437570177,0.001945934625079717,0.0019624683353148555,437.07471264367814,0.997712061642845,8500,8501,0.010218625858995066,7950.401580360201,0.9936759880465192,200000.0,1.0,budget_exhausted,5.000000000466379,True,True,True,"[[489004.152850358,5514363.110834124],[488944.06180331705,5514423.110834124],[488944.06180331705,5514333.110834124],[488974.1073268375,5514303.110834124],[488883.97075627604,5514423.110834124]]",8fe1cd6d82d7fc5aa985197edfb9e7d842fe31316527dd42dfcdb207a45ad25c,7653b50585ce1256ea3f32e089b60e3392d3d89383d2b4f534b40bd0dec549b2,b54d24aa056856b67af9a4bfd1bab663f2e25a12258e26810cb99d1b59d67b36,3037366208,null,8500,0.0,matched_prior_exact,0,stationary,1,"{""fraction"":0.75,""k"":1,""stage"":""c7-timing""}",1afd6aad4615879250c18a49e0765e646d736ba5546c63af535ab9149ba3f9ac,0.9930852841530367,9379,9380,0.9284999620496663,none,0.00047383566955550016,True,revision_C_base@712b395,712b395,5ede81cb5815049fe381f461ce5502b4a13d3d3945ab77c4b78242c6d10572b8,c7-timing_20260911_041506_496602_705c3cf8,705c3cf8d1b3a80735499262310009dc0b3cd9c5e151de83f16ab60a82062b6e,none,none,none,evidence,revision_B_base,revision_B_base,0.5,0.8,10000.0,none,5,200000.0,xlarge,45.0,80.0,5.0,0.5,1.0
